x1,x2,x3,x4,x5,y
0.699420193,1031.3058132305741,2.5386424896176907,4.846490121241659,4.84503201019648e-07,813775.7908098153
0.4303250823915005,8747.312048450112,9.295863559130579,8.688961072294042,4.845032010196472e-07,1175509.9621565393
0.6027689903229476,4511.976835,0.3090373829510063,2.181238995986059,4.845032010196473e-07,2855937.2419540477
0.8761728113144638,7727.021767,6.6754847791083165,11.266394814737142,4.845032010196476e-07,14365114.372157093
0.7757163122296333,3769.0659668296576,8.183937061368487,10.147341040680185,4.845032010196477e-07,3813265.800595001
0.5022484043240547,6150.182058103383,4.864060052209535,0.3137242046743631,4.845032010196474e-07,6373177.673491841
0.4001420218497515,2609.102265909314,5.883533485635184,6.820532276,4.845032010196471e-07,352233.03968444996
0.6691730458289386,9489.257053472102,2.3291171781206503,3.728350352263078,4.845032010196478e-07,6857764.245356761
0.6536008149385453,5374.651772901416,5.281032748450526,1.2513868191279471,4.845032010196472e-07,5236899.998398096
0.3451329070329666,6653.976348228753,1.6484968322394415,9.215598488440737,4.845032010196479e-07,507699.1212276203
0.5216764269024134,2104.351768270135,7.5081844752775515,3.925421134317294,4.845032010196476e-07,719945.9902434226
0.8257074508816005,7884.637647308409,4.266427000316792,6.64109054,4.845032010196473e-07,11663379.901347186
0.856774915,2768.722997047007,0.8737123251706362,7.770755648585037,4.845032010196474e-07,4795895.781125966
0.5526798041164875,9400.515841320157,7.318274562129751,5.80574256,4.845032010196477e-07,3072632.7604396143
0.44592693470418454,3857.807715423405,3.1765448452830314,11.094638574253768,4.845032010196478e-07,493812.5378932199
0.7543307556957006,5990.561863407493,9.855651148,2.3823332674335687,4.84503201019647e-07,7550880.407842441
0.7365074443072082,4133.801382035017,1.3790560321751981,7.1491974002961065,4.845032010196475e-07,3573984.028634243
0.46310028545558457,5697.534560225904,5.558392556071282,3.3067221166193486,4.845032010196473e-07,1534567.1141122493
0.5698554413020611,3044.1759303212166,3.919455165812746,9.820304447058588,4.845032010196472e-07,881195.1089851559
0.838949351,9106.947804801166,7.8643251017481095,0.7351414370443672,4.84503201019648e-07,20727108.820807364
0.8084292913228275,1809.131491,6.960975895973855,1.8534634442441167,4.845032010196478e-07,3104076.490838271
0.5393994689732791,8162.832871079445,1.2194105730401352,11.687087382180616,4.845032010196471e-07,1782816.8365861832
0.3628536626696587,5078.873596154153,9.577046287107281,5.174419146152213,4.845032010196474e-07,655052.8194416091
0.6363249084353447,6931.613672524691,3.444780001212843,8.266605313,4.845032010196476e-07,3171089.9077103445
0.6863138274103404,2324.873144738376,8.930592265226878,10.76706976016052,4.845032010196474e-07,1347384.5285170395
0.382284005,9756.470777094364,2.8764455135306344,2.8028651927784085,4.845032010196476e-07,1925101.4378864376
0.4843881011009217,3484.278946183622,6.387764187,8.098891366478055,4.845032010196479e-07,674603.8213207868
0.7928593468666078,6416.837882250547,0.5680792555799709,5.383226203648373,4.845032010196472e-07,8184344.037004793
0.8938621994107963,4781.374949961901,4.606176144767553,4.2542929516918955,4.84503201019647e-07,11027422.611535273
0.5854550405591727,7440.582505427301,8.472931314399466,6.219301707362756,4.845032010196478e-07,2846798.0774422847
0.4130134190618992,1300.1631945371628,1.9925591334737838,0.9245569631550461,4.845032010196477e-07,573612.4795520499
0.717107328,8460.332054,6.250010498171673,9.636855078712106,4.845032010196475e-07,6012951.962954879
0.711479601,4525.324538350105,7.781036155,8.500618105,4.845032010196479e-07,3236288.607559207
0.42057250916957856,7503.272938542068,4.148674788041972,5.034121108604595,4.845032010196471e-07,1278955.0118100084
0.5970370719581843,1254.9130208790302,5.007055771463551,11.827438304545359,4.845032010196474e-07,410645.1141556709
0.8836310479789973,8734.097382985055,1.765085454701446,1.6194835264608265,4.845032010196477e-07,21316862.60318496
0.7833838911354543,2490.697800181806,3.371184128213674,0.500840682,4.845032010196475e-07,5039393.689510577
0.4968540020287037,9678.536277264357,9.815959057977423,9.961067683398724,4.845032010196473e-07,1787766.7622379735
0.3900519158691168,3579.653705470264,0.6777573267854751,3.1661032415367663,4.845032010196472e-07,679456.1639398002
0.6810230948776007,6268.728144466877,7.3566889313515285,7.383622506,4.84503201019648e-07,3896234.8707010243
0.6260462592542172,1871.5478694066405,0.036195165,9.402477855,4.84503201019647e-07,764345.5390637708
0.3745163701474667,7907.057721167803,6.793246303677559,1.0652194324787707,4.845032010196478e-07,2756437.189223119
0.5468768816441298,5352.364736609161,2.812609856,6.078583494583144,4.845032010196477e-07,1654255.6834025085
0.8028480606526137,6886.638626456261,9.179265177,4.488640159890055,4.845032010196475e-07,9650681.576892931
0.8335780087113381,4055.592693388462,5.688903961989098,5.617162527190521,4.845032010196473e-07,6465915.747356977
0.5776709166169167,5863.6343432590365,2.368818878923543,7.958492561914027,4.845032010196476e-07,1921383.959914656
0.4755197567492724,2895.7921378314495,8.379882747459225,2.9431167774461207,4.845032010196479e-07,902763.7856515228
0.7271137327700854,9202.597825787961,4.825636221696623,10.533011944470926,4.845032010196471e-07,6782005.458
0.7443918839842082,3163.063277490437,6.426159484853037,3.494427651921287,4.845032010196477e-07,3454317.772331538
0.45779670633375646,8918.284466,0.37214332877378914,6.960917457267642,4.845032010196474e-07,1541323.6629453935
0.5599501526355743,4322.323099710047,8.890881103132852,0.17346051545813682,4.845032010196471e-07,6737214.038455251
0.8508539068698884,5578.780250623822,3.0711038680402565,10.381410960918293,4.845032010196478e-07,8936605.129451932
0.8206713803857566,5065.866986,2.1091668275147675,11.500785661842674,4.845032010196479e-07,6594480.837
0.5297035392373801,7156.119906,5.976014449605719,2.0405629034619777,4.845032010196472e-07,3352741.5388153517
0.35734074130654336,1584.4922196120024,4.488443004071713,8.829667180525139,4.845032010196473e-07,151191.79552309134
0.6438718320429326,8175.981101579964,8.745763922149315,4.612155017592013,4.845032010196475e-07,4828682.116363717
0.6633337151259184,3286.5604031831026,3.8810504068788143,2.6166233475226908,4.845032010196475e-07,2605671.761636009
0.407365874,6544.797466136515,8.060251716259867,10.953886013142764,4.845032010196477e-07,680640.3802942918
0.5141656737029553,2197.046598419547,1.4187768045570701,5.946370770614594,4.845032010196478e-07,572469.3903108648
0.7656967644393444,9954.047699458897,5.363743960846216,7.536321207238361,4.845032010196471e-07,10093622.610969804
0.8664902580529452,1533.1753166392446,9.460428834,6.407067073080689,4.845032010196472e-07,2907797.497075506
0.6148950804024935,8438.802524,3.7187664394909516,4.065729847094044,4.845032010196479e-07,4458772.748
0.4384328040480614,4803.046100772917,7.078718348964118,9.075256901318207,4.845032010196476e-07,668789.0159833641
0.6943365582823754,7207.4373457580805,0.946587427,1.4853574016690254,4.845032010196473e-07,7857542.458778106
0.694723734,3617.1739287674427,7.249652152774856,11.026585462521762,4.845032010196471e-07,2167550.7444588966
0.44319050744175914,6301.51271,0.8049380136691034,2.503076808853075,4.845032010196479e-07,1770205.001316052
0.6166662647575141,2457.7767103910446,9.943726493908093,7.606093410523608,4.845032010196477e-07,1065122.631559746
0.8726319696754219,9641.154187731445,3.2647722418420018,5.824042493663728,4.845032010196474e-07,19048098.92689025
0.7628187769651413,1151.8701864406466,1.5994752381807193,3.9451854053977877,4.845032010196473e-07,1341262.8324325853
0.5069086140394211,8626.177169382572,5.231859252245166,6.474963964670897,4.845032010196475e-07,2069726.6547993764
0.403650753,4633.107691071928,4.374112696818076,1.373594698254019,4.84503201019648e-07,1557188.2422020177
0.6552395222336054,7606.453370302916,7.616022222922184,9.146081039002166,4.845032010196472e-07,3776282.4891560366
0.6401905885338783,2933.236706070602,4.9326725532831635,7.080318577457219,4.845032010196478e-07,1464223.8179044004
0.34928042560815814,9235.439673,8.252701613585465,3.4275826053973284,4.84503201019647e-07,1390599.064
0.5268599671870471,4022.8879069909453,2.241051591989584,10.49788483501412,4.845032010196475e-07,860836.4438072717
0.8134487361460925,5826.052178,5.795315997357481,0.097833731,4.845032010196477e-07,17414839.28318498
0.852659507,5249.121826142073,9.344875244908035,1.9668114303518087,4.845032010196476e-07,10875462.735480674
0.5661262796819211,6778.934716247022,2.5878062265384942,11.615475700683891,4.845032010196473e-07,1762386.1925055112
0.4582177596539259,1979.388304054737,6.567808841891588,4.547185282763094,4.845032010196471e-07,458143.24882880156
0.7491834645718336,8010.162497870624,0.20120954358763993,8.947284465460106,4.845032010196479e-07,7043974.889305266
0.731870733,1692.412600852549,8.521570284904913,0.9516272002551704,4.845032010196474e-07,2463612.459107042
0.47590596280992037,8279.024170711637,4.654664256103337,9.475131521299481,4.845032010196476e-07,1369087.255992603
0.5838124634325504,4962.686856277287,6.142859998,4.366266189385206,4.845032010196478e-07,2177724.561179214
0.8353487612307072,7048.337122425437,1.8855593433305622,6.1483099149819465,4.845032010196471e-07,11162849.743519343
0.7955916372686624,4289.539439603686,2.9445327267004178,8.026435236,4.845032010196472e-07,5127461.926450864
0.5439997974783183,5541.260865516961,8.998528619226999,5.496663779048249,4.845032010196479e-07,1787451.1981462876
0.3664222753047943,3200.4461381584406,0.48038653371762485,10.60388186504133,4.845032010196475e-07,252411.50683672394
0.6223315036296845,8951.206260360777,6.300222175520846,2.8313997675850984,4.845032010196473e-07,5643418.044743882
0.6729634822160007,4910.749306902289,1.1707815108159556,4.967321844967082,4.845032010196477e-07,3295720.594897514
0.38637164242565636,7310.679485090077,6.912497543922626,8.620064919,4.845032010196475e-07,763957.3321718982
0.4896315225958825,1430.0697017461061,3.5519207422444596,1.5439025245420634,4.845032010196471e-07,652760.8657941859
0.7805407509207727,8330.961183644831,9.684036168969236,11.943957872195169,4.845032010196478e-07,8354889.053409778
0.889806539,2164.204382,5.490315251182765,10.075712028685958,4.845032010196479e-07,4448791.456161806
0.5988417684286833,9916.602829,1.3111294374596327,0.42704342572949827,4.845032010196472e-07,11811185.512476001
0.42536399170756345,3324.142334,7.9520080643258995,7.501194097781553,4.845032010196474e-07,489493.42478949815
0.7119002895057203,6577.502084895968,4.006987269220875,3.1010877238214016,4.845032010196476e-07,6266177.754286325
0.7243771365284921,2646.4358242228627,2.4369031121591105,2.6906478764675557,4.845032010196472e-07,2793284.4458679864
0.4159122994542122,9522.262616083026,5.756833760133945,10.838171275136993,4.84503201019648e-07,1022133.243494651
0.5935283405333758,3735.9238797798753,4.7379464797684925,5.262227149056271,4.845032010196476e-07,1601323.0567330113
0.8975645715743303,6112.986633554101,8.292347291625104,8.167065635360776,4.845032010196473e-07,13458955.149972565
0.7880803500115872,4408.605681732297,6.841872758,6.288619476,4.845032010196474e-07,5315920.487670473
0.4839885769784451,7619.464204646647,0.084667185,4.132241873368621,4.845032010196477e-07,2002403.7031752327
0.3761546414345503,1138.7263145297766,9.072127192791552,9.709100094,4.845032010196479e-07,137986.72426587256
0.6845639365166426,8850.820799,2.705626157818362,0.8112876231130213,4.845032010196471e-07,11195196.208106708
0.6301616676151753,3894.9239645153284,9.747865661444143,3.241475183162838,4.845032010196479e-07,2452320.312807687
0.3610698945820332,6023.766362,3.3032450177744033,7.267269119461998,4.845032010196471e-07,594729.2816801805
0.5345860566943884,2735.6555592268705,7.444387985574083,0.6611127653066069,4.845032010196473e-07,2219864.9404378263
0.8079953517764807,9363.261995,0.7653019459173084,9.93544892,4.845032010196476e-07,11556119.799209204
0.846988235,2000.9221928194165,4.1000391699625185,11.80328387898393,4.845032010196477e-07,3075542.1429168996
0.5735233980417251,7777.1547343581915,7.732554822620936,1.7782912723347546,4.845032010196474e-07,4714555.149351323
0.47033621646463875,5482.271210290492,1.872232751588337,8.385729055982083,4.84503201019647e-07,929633.1711
0.7393724475055934,6757.267789915204,5.1140486332597215,5.108028712524101,4.845032010196478e-07,6493200.133857793
0.7572295380383731,5186.431326,3.669759745103307,9.286745786303655,4.845032010196473e-07,4758345.765045313
0.45319637782871725,7034.985060803592,9.411269045273773,1.1392151963710786,4.845032010196475e-07,3213143.373
0.5563815400004387,1705.6230418384075,1.0542582234116271,6.709310592208057,4.84503201019648e-07,532988.1034687023
0.8648473116755486,8055.412738583982,7.186542388911359,3.804467773279175,4.845032010196472e-07,16135677.97495846
0.8253080915659667,3011.171272955835,7.991634671,5.683645788412541,4.845032010196471e-07,4582721.416461927
0.5168978618830443,9069.615084677935,3.812280267285183,7.840027634752914,4.845032010196478e-07,2094368.2237974931
0.34338371917605404,4170.997578,5.451813942,2.2690182338375595,4.845032010196476e-07,801860.9377092676
0.6474724213778973,5730.677351355553,1.5070000292081385,11.166837806515396,4.845032010196474e-07,2516180.8879075767
0.6673893757909537,1407.645403407514,6.025030307291076,8.806987098,4.845032010196476e-07,778122.3757644345
0.3939791461080313,8563.760858029127,2.1583359283171593,4.781197404898703,4.845032010196474e-07,1295173.2000256816
0.5018151010572911,4678.082670085132,8.638083813024684,11.381493594255298,4.845032010196472e-07,850063.6379
0.7709038032591344,7332.962162792683,4.380609800826758,2.107164541361853,4.845032010196479e-07,10263021.13340196
0.879840603,3451.074078679085,0.4407695375448093,0.23859781565144658,4.845032010196478e-07,10406989.273834167
0.6108074430376291,6379.721331,6.494938936741092,10.263583231037483,4.84503201019647e-07,2318652.278518614
0.43318938255310063,2362.1267564594746,2.9830245742117985,3.6620057015214114,4.845032010196475e-07,521602.0136410804
0.7066551542282105,9789.538047276437,8.802648715,6.939701712355018,4.845032010196477e-07,7187725.605931837
0.7037999784201384,5299.267567694187,0.5209476196113975,3.866821552142501,4.845032010196474e-07,4532993.185726834
0.4346953212469816,6869.9337197467685,6.262493200480939,6.582669064858928,4.845032010196477e-07,1097904.5943554763
0.6071476916968823,1889.458429068327,2.9043721625898034,1.2864605636056512,4.845032010196479e-07,1510482.7424497104
0.880544103,7958.888619206846,9.036619898,9.250847436208279,4.845032010196471e-07,15578804.265823213
0.7713461411744357,2842.682412825525,6.102462212356739,11.12965952324681,4.845032010196472e-07,2741263.2262189416
0.4978685534745455,9185.880262,1.9231440895544365,2.417543534245342,4.84503201019648e-07,3404468.681562511
0.3957707962393761,4073.507863096893,8.561567548620515,7.7121061295643445,4.845032010196475e-07,499166.8471
0.6647942766547204,5915.469750761986,4.616717205752619,5.7472795451153065,4.845032010196473e-07,3626815.2339299447
0.6492306438833475,1238.1995311006904,7.914205242791214,2.2394711760804054,4.845032010196477e-07,990095.4808103533
0.3407530561834574,8680.991631001234,4.0474696662267675,11.32518369239755,4.845032010196475e-07,573102.1925626848
0.517305201,4577.164019457996,5.528327915959992,4.811051877988502,4.84503201019647e-07,1353055.5856812273
0.8213286817073823,7521.192081272602,1.270894952355884,8.654076623301952,4.845032010196478e-07,10338402.865863346
0.8611547001451254,3562.9447251558304,3.589584102857858,6.785143969496712,4.845032010196479e-07,6461326.552573466
0.5570500429719687,6215.627003,9.643712304,3.6935074428655206,4.845032010196471e-07,2556695.109020213
0.4503056360781193,2542.5246246159077,1.1329083069600165,10.205626016259194,4.845032010196473e-07,345448.25073986023
0.7587020470201971,9696.442864,6.952573496526108,0.3725517632905394,4.845032010196476e-07,19428871.263270795
0.740877542,2249.4356306269765,4.336449317580089,8.134077223194764,4.845032010196471e-07,1941415.279206516
0.46748019680380826,9972.516460344195,7.656346068803222,5.418225467186421,4.845032010196478e-07,2111608.181638378
0.5742265897244215,3269.2978316918015,1.6373484234120697,10.708585148863495,4.845032010196476e-07,927028.9746742825
0.8433281760662794,6491.142699494958,5.191783281017096,2.7441911743301897,4.845032010196474e-07,12218429.938768493
0.8040495792031288,4855.422007,9.981529334067368,0.8661108541488648,4.845032010196473e-07,9447781.462423543
0.5350291696190834,7225.892947055399,3.2242898634606973,9.578234034413471,4.845032010196475e-07,1692389.164
0.3584750384837389,1515.9167852252722,7.211639506622219,4.2895201693382115,4.845032010196479e-07,232436.06471266632
0.6319535607844592,8385.151763446629,0.845172517,6.254351086411625,4.845032010196472e-07,4127467.278010796
0.6819341152906419,4340.783277526498,6.608206646014937,9.785483044451103,4.845032010196478e-07,2487155.411382074
0.3779137057065964,5631.160699762404,0.1636248159883544,0.6997777193970979,4.845032010196471e-07,2551955.239
0.4800094769150019,3109.4170939177275,9.304877999817021,7.208049279674888,4.845032010196475e-07,637049.7115
0.7884879992157221,8901.030478067696,2.6257532955138014,3.3650288669858126,4.845032010196477e-07,12240298.303619102
0.8982322974503041,1602.956403978169,2.200490487471223,5.233229664601385,4.845032010196476e-07,3707269.009
0.5898349519073964,8228.365590795875,5.833044953772799,8.324861947940663,4.845032010196474e-07,2853774.219550019
0.4173845674842596,5012.2076431289315,4.972833098769189,1.818603539345786,4.845032010196472e-07,1517883.2280165849
0.7214861538261176,7138.852792,8.214610315794125,11.651670690383762,4.845032010196479e-07,4954695.433904183
0.7158497671037913,2087.522373534739,5.411815505,6.020281746834517,4.845032010196473e-07,1694727.682556753
0.42495235480368143,7831.690715625882,1.5449482901571319,4.4297832778934385,4.845032010196476e-07,1457724.4922962112
0.6014082860946656,5426.598508842289,8.032033666883596,9.437846575072035,4.84503201019648e-07,1934164.751
0.8880098056793213,6671.728155,3.7746943477122112,1.1000358324684203,4.845032010196472e-07,17338763.329661798
0.7790041133016349,3840.9743141382933,1.0944175769239664,2.9785270373057573,4.845032010196471e-07,5168665.305280459
0.4924837704747915,5937.610891647637,7.1484522830937065,10.567878281306475,4.845032010196479e-07,1042249.1324073423
0.38567322388291364,2820.682893,3.629199832558632,5.558899460397661,4.845032010196477e-07,384831.7438422895
0.676651813,9418.280773796141,9.448996809715405,7.899688475402072,4.845032010196474e-07,5578336.867111461
0.6216664814203978,4459.021320566535,3.020894184,11.886107320375741,4.845032010196476e-07,1633725.0911213346
0.3701461385935545,7710.183789022267,8.762576319877057,1.6779731403756888,4.845032010196473e-07,2004518.6158880254
0.5424981896579266,1049.0662027150393,0.4031097342278809,8.465613839058205,4.845032010196471e-07,271632.6501756367
0.798476779,8799.267367459834,6.535259207,4.998940254505723,4.845032010196479e-07,11771589.680815596
0.8379481745511295,2556.159877218306,8.600067590950989,3.1310602944251147,4.845032010196478e-07,4601840.785934122
0.5820507622510196,9472.432235255837,4.420847880476155,7.348388856817037,4.84503201019647e-07,3294824.3346530576
0.47989097088575366,3786.822316236794,6.062836723,0.5594681579619646,4.845032010196474e-07,2764754.946
0.7314924904704094,6202.133370563388,2.1178499740147965,10.019507360467687,4.845032010196477e-07,4756756.879266798
0.7487716013193131,3502.588886767626,9.110143433489837,5.9812616515439005,4.845032010196472e-07,3427770.4891209668
0.4621670109033585,6469.342819415033,2.6653880967935546,7.571753019,4.84503201019648e-07,1105804.2120480023
0.5643287882953882,2271.368548,6.804066361003556,2.5578409017994996,4.845032010196475e-07,1147135.9593021714
0.855225266,9739.083784632385,0.1251531575312838,10.8956474,4.845032010196473e-07,15909377.885273768
0.8163012750446796,1318.4686256572604,4.700076851833613,9.016424340084194,4.845032010196474e-07,1757033.4265473564
0.5253236205875874,8512.832380831242,8.332419668307528,1.427077428707853,4.845032010196476e-07,4630706.751841583
0.3529695834964514,4727.883010171354,2.474562897,6.44190498,4.845032010196478e-07,480715.87539511337
0.6394929971545935,7423.2080690562725,5.716513471549377,4.1011231561191375,4.845032010196471e-07,4458181.618177274
0.6589636097848416,3096.6722844168544,1.832073379451409,0.13820513575337828,4.845032010196479e-07,6420041.645751543
0.4029859553277493,9125.249162316322,5.152138720452786,10.346343648377806,4.845032010196472e-07,929399.0025962411
0.5097945158928633,4116.422972641885,4.140599063882605,3.5528426955640313,4.845032010196474e-07,1349908.1549007231
0.7613179295510054,5644.038546830416,7.694827039554716,7.019523471379652,4.845032010196476e-07,5686444.002
0.8708699753880502,5131.382506340742,7.484386441263371,8.888135198317467,4.845032010196477e-07,9517018.679051168
0.6192653849720955,6949.927686713636,0.727353704,4.6707995339948685,4.845032010196475e-07,3556229.5544466577
0.4428114397078753,1791.748471558094,9.707466683971695,11.465580397648736,4.84503201019647e-07,255135.93875314182
0.6987079174071551,8109.332348,3.340830955971964,2.0055369518510995,4.845032010196478e-07,8237379.281915583
0.6903448911756278,2717.173923738301,9.536485219838097,10.415661283433437,4.845032010196475e-07,1626928.203134562
0.4388193412870169,9310.860088095069,3.482508920378983,0.016154191428795456,4.845032010196473e-07,31592229.109365147
0.6122863711416722,3948.5315242782235,7.001136478709058,7.091768352529034,4.845032010196472e-07,1679819.2117871826
0.8682618893682958,6040.981726720929,1.181319237999618,3.4395734895206984,4.84503201019648e-07,12475808.933211384
0.7671901444345713,5463.7941513210535,3.9598529326869176,4.558582262350246,4.845032010196479e-07,6284988.1024223305
0.5112872580438853,6704.870426096022,7.826740411398002,8.959236668627709,4.845032010196471e-07,1424687.5141146346
0.4080210328102112,2054.517162963748,1.3390587498350068,1.8845379419252277,4.845032010196474e-07,582292.7453288648
0.6596192145347596,7794.357475824654,5.596339662295767,11.533754621865228,4.845032010196477e-07,3666037.6195172085
0.6445619560033083,3683.530556038022,2.0303620108822362,7.687949560023844,4.845032010196473e-07,1816699.994
0.3536590696126223,6094.513581134379,6.2095280825411905,5.906089434968307,4.845032010196476e-07,670270.8062992254
0.5312302467226983,2663.642605766654,4.568163535864093,11.014771188674494,4.845032010196479e-07,584876.4256599701
0.8178284284472466,9575.861592777073,8.513165780878627,2.491450423505157,4.845032010196472e-07,16180680.172856448
0.8482806634157898,1086.320367641747,6.350100770723075,1.3618303612526506,4.84503201019647e-07,2340454.638553188
0.5617551135271788,8832.335157319903,0.6084031387101859,9.134496193,4.845032010196478e-07,2469901.4532658653
0.45383786603808407,4425.817006267607,8.968465413209051,4.0270943503826855,4.845032010196477e-07,1043503.4502272113
0.7448133842647076,7673.067757859826,2.8363695795517416,6.557049586931243,4.845032010196475e-07,7120838.816433366
0.7274994261562825,4694.740369915962,5.921196883,1.5558764131646603,4.84503201019648e-07,5841903.714024607
0.47152724578976635,7386.012124828994,2.2887932763658463,11.955379261877388,4.845032010196472e-07,1046625.3850393483
0.5794422402232886,1355.8016307651997,8.146063894761726,4.885625265575945,4.845032010196473e-07,579302.2741
0.8309689917415382,8545.837424,4.904135967563838,8.537813026653602,4.845032010196475e-07,12493525.438919358
0.7999704200029374,2378.788529895246,0.27123452416714283,7.419536020681262,4.845032010196476e-07,2961251.258492124
0.5483710366487503,9842.591982334852,6.715967213363387,3.018888805666938,4.845032010196474e-07,4205097.459267145
0.3708021125942469,3399.2172135040164,2.5766551171457395,10.087727278238162,4.845032010196471e-07,293069.97385258164
0.6267016611248255,6361.784704,9.255629111276008,0.43851493092253807,4.845032010196478e-07,8188894.737897914
0.6773422649502755,1758.6815869435668,3.1361470970334486,4.354656755,4.845032010196472e-07,1270599.0308456386
0.39074288159608844,8072.079021,9.893235857467166,6.1365240711905065,4.845032010196479e-07,1065620.905389412
0.49401136,5168.499308638275,0.9137096261354164,1.0336910477280616,4.845032010196476e-07,2884602.958632063
0.7849109084159136,6983.132705,7.280327474529856,9.557016145521775,4.845032010196474e-07,7550209.608024407
0.8854352317750456,4224.042929708958,7.548745523922146,10.685904351584613,4.845032010196475e-07,8387123.249000667
0.5944630514085294,5747.3305417224765,4.228698062526063,2.9132342762965706,4.845032010196477e-07,3127265.110223305
0.42099376849830156,2993.2432286441326,5.240872147090734,8.0147873,4.845032010196478e-07,407458.72437164496
0.7075205200165511,9017.766802571714,1.6865881486553698,5.484824961107224,4.84503201019647e-07,7104532.385966175
0.7200057638436557,3970.32718,4.528441497,0.5792331437021494,4.845032010196477e-07,6292843.741068868
0.41153365023434163,5807.686447165906,8.707815642575733,9.853380070040002,4.845032010196474e-07,663290.0434987582
0.5891580495238304,2950.602240860462,2.0687678872914983,3.253266029572114,4.845032010196471e-07,1495014.9590864333
0.8931848677992822,9288.922811858356,6.013600350554102,7.278873551357537,4.845032010196479e-07,20151904.326024655
0.7924592005461455,1926.8407700583339,8.850721693746745,8.397561441985891,4.84503201019648e-07,2261554.653595982
0.4883597504347563,7991.809859871864,3.1091939924824983,5.1196830812655385,4.845032010196472e-07,1938157.939065304
0.38053454443812373,5266.483388,6.466719341523946,11.72144293833524,4.845032010196473e-07,450247.5979610266
0.6889340262115002,6832.413781434298,0.3344155829567462,1.6962752177286893,4.845032010196475e-07,6982674.975034042
0.6345405181497337,2439.4195629283786,7.040848758278416,5.344474038742483,4.845032010196475e-07,1315210.3611880173
0.3654410680383444,9588.602043688297,0.9866597660146654,8.248767217,4.845032010196477e-07,878452.3578770269
0.5389659596979619,3670.648484490812,9.498088655723258,2.6792214841675013,4.845032010196478e-07,1607873.7901653065
0.8123654414713384,6318.869661539793,3.6784461136572064,10.82620238913223,4.84503201019647e-07,7894449.087962296
0.8426168624311687,4614.74647,1.4567930080061777,9.697635020604357,4.845032010196471e-07,7093580.012
0.5691447488218546,7553.897253237665,5.323505937070586,0.7992659416235983,4.845032010196479e-07,6311263.512902422
0.4659659254550934,1205.3578346967697,3.8432439721738922,6.370824827,4.845032010196476e-07,244400.1847
0.7349927437305451,8643.547314219177,8.100737726435996,4.213893518531695,4.845032010196473e-07,8535123.236
0.7528507605195046,1482.995175756514,0.6397411419609562,11.393126411540434,4.845032010196478e-07,1258258.743119063
0.4488251438736916,8347.769120708108,7.3969269737517465,2.1189723832719025,4.845032010196471e-07,2664378.7723786137
0.5520017141848803,4892.941710539162,3.408990581543185,8.724946588538588,4.845032010196474e-07,1328669.4437309892
0.8604771656543018,7258.6769592016935,9.775473066425882,4.699334823,4.845032010196477e-07,13804743.342457391
0.8296793912351133,3377.0804312080145,5.044925343524665,3.5799150766432284,4.845032010196475e-07,5686395.372345713
0.5212765716016293,6594.322611577809,1.7250130966436117,6.857797769987956,4.845032010196473e-07,1660697.572
0.3477539329975844,2146.3922429829836,7.743376314040274,0.2501776587869972,4.845032010196472e-07,1714092.098391333
0.6518521814793349,9864.595727063715,4.188995095251129,10.275352570656686,4.845032010196479e-07,4588312.8755854815
0.6717606754601002,4979.503376409411,8.420042138220742,6.697313276,4.84503201019647e-07,3035806.242367491
0.3983578558266163,7101.271179504693,4.787546078629792,3.793024430144578,4.845032010196478e-07,1274993.4355124843
0.5061853148788213,1640.401491895318,5.6483440866936006,9.368418893590569,4.845032010196477e-07,346100.13613702613
0.7752835633605719,8261.207991279662,2.406546606115997,1.2214451798889787,4.845032010196475e-07,13327097.992573328
0.8754618257284166,3217.2580817714334,2.772611382002942,2.3507443152740595,4.845032010196473e-07,7234664.350693152
0.6064362090826034,9004.135774448514,9.217213476,11.249106292324141,4.845032010196476e-07,3074756.4332016367
0.4288095567375422,4237.540920265019,0.076594124,5.671698587862775,4.845032010196479e-07,696331.5113378698
0.7022850082069636,5523.457309231162,6.755660421353766,7.828625652547926,4.845032010196472e-07,3821495.406943915
0.7014605040848256,4267.538980580866,8.674576283,1.7363776539545506,4.845032010196473e-07,4603458.217130231
0.4279937310516835,5510.537879541516,4.495240243329667,11.757337413635105,4.845032010196475e-07,612898.5144
0.6056114389747382,3248.8880651071668,5.978563494645991,5.151003779,4.84503201019648e-07,1506761.8561261776
0.8746457340568305,8990.651002153754,2.033692850976251,8.430528671192006,4.845032010196472e-07,17152116.983195134
0.7739120548963547,1661.5408193320036,3.1027263246364893,7.313121406063438,4.845032010196471e-07,1787504.7401304615
0.5048222178220749,8257.149574,8.844292206307873,3.2833061020169407,4.845032010196479e-07,2746712.8202075497
0.39698661543428904,5002.272347,0.33104227880015974,9.890555170839653,4.845032010196477e-07,493987.6857858541
0.6703978464752436,7096.645140089095,6.463307931458578,0.6180549544282258,4.845032010196474e-07,9326189.239340357
0.6510275188088417,2142.263552173972,1.0076933523062617,4.184036398967728,4.845032010196476e-07,1355320.8126156707
0.34693768173456196,9885.806401260197,7.061844164162875,6.336394018922001,4.845032010196473e-07,990855.2768679522
0.520452177,3372.3841179162264,3.70615952,0.7606270837783814,4.845032010196471e-07,2423677.2886597626
0.8288634080439807,6617.162928916514,9.525840168461203,9.660276966923847,4.845032010196479e-07,9367200.156379214
0.8591057489812375,4880.0936276093125,5.342179378214293,10.790490866713226,4.845032010196478e-07,8193796.214
0.5506389759480954,7288.604745641351,1.475428343241103,2.6389360950607803,4.84503201019647e-07,3330446.2453020937
0.44745346121490004,1469.5817502215505,8.11143448,8.215982941044494,4.845032010196475e-07,251559.4875710071
0.7514877562969924,8379.328830167651,3.8539789058165628,5.312970387917012,4.845032010196477e-07,8517275.284
0.734176494,1182.534683,7.407590388973245,10.311269870400428,4.845032010196472e-07,938565.0434470942
0.4651412638276816,8648.260794,0.650366377,0.2903030087891966,4.845032010196479e-07,8419846.39
0.5683287645876408,4593.587294220924,9.794027347450145,6.890787823637948,4.845032010196475e-07,1546093.8040634526
0.841792467,7558.077442459762,3.4275829684762287,3.611258688364178,4.845032010196473e-07,13514459.147344159
0.8110027042776347,3639.105941168964,1.7528361278027296,4.729397720349953,4.845032010196474e-07,5268939.139244348
0.5375945440679789,6332.300253212452,5.072710268775002,8.759217357020825,4.845032010196476e-07,1578273.5995136097
0.3640780627727509,2409.5432749018073,4.210071555346251,2.1578170184418557,4.845032010196478e-07,528625.0095297392
0.6331688344478608,9601.501625031233,7.764490954542533,11.430324426116421,4.845032010196471e-07,3841086.4952320913
0.6881182015687228,5279.985326342285,4.784206186985598,7.794171931184828,4.845032010196479e-07,3358788.109754522
0.379710041,6800.8009642362595,8.416740352485329,5.641818643854931,4.845032010196472e-07,889873.2056972535
0.487543658,1939.8116981610656,2.4001981728877873,11.211725324867293,4.845032010196474e-07,321259.3889779361
0.7916344293951989,7961.863297969103,5.6419574730582545,2.312082632984966,4.845032010196476e-07,12039052.10057929
0.891821772,2955.2454464137554,9.182066921,1.1811368770059198,4.845032010196477e-07,7750633.963052586
0.5877865421026945,9266.171007417142,2.7375030076736584,9.332684546727688,4.845032010196475e-07,3015362.7255515666
0.4101708202064038,3974.4370952248573,6.722378113,3.7614978655427693,4.845032010196471e-07,778012.8903749664
0.7186345224082471,5786.598618142307,0.04327371,6.664506175378337,4.845032010196478e-07,4589252.804006472
0.7088917687535287,2980.3077057003975,3.5102986135240646,11.571041298909114,4.845032010196474e-07,1914692.3565156455
0.42235660582780843,9047.748769633472,9.564313019,1.9234711502306163,4.845032010196477e-07,2714483.4124215515
0.5958345682173968,4210.574250668287,1.2024291106071323,8.993596099577845,4.845032010196479e-07,1460220.9566196161
0.8867983371764423,5778.976618312299,7.022208170909435,4.588733732374385,4.845032010196471e-07,12724861.970735524
0.7857356701791287,5164.422652684152,7.837360878317618,3.4710055850446224,4.845032010196472e-07,6973536.638875139
0.4948274432122708,7004.253793507814,3.97051158,7.124847157979384,4.84503201019648e-07,1495693.4541771947
0.39156737737357616,1754.0737865492702,5.614936817123556,0.056368025233969096,4.845032010196476e-07,3476775.315625259
0.6781580822914839,8094.866231,1.3576177987540141,10.451667334977538,4.845032010196473e-07,4399226.505769489
0.6280733354389668,3420.409648679197,6.174414940317162,6.524153734361753,4.845032010196477e-07,1642649.8185158363
0.3721651084721089,6357.637774199247,1.9952106882510707,3.9954793019779027,4.845032010196474e-07,959020.5262482269
0.5497424449771643,2401.6470862552524,8.479850134973415,9.098673094585537,4.84503201019647e-07,658348.8584523337
0.80133315,9837.913908064365,4.534885995867663,1.3214335745666177,4.845032010196478e-07,17396518.59454124
0.8317933946847916,1385.7133239507675,0.6051061208695173,2.4527001680806277,4.845032010196479e-07,2509945.744906329
0.5802582317590714,8532.973248,6.346765646973625,10.977301558749751,4.845032010196471e-07,2493722.095050901
0.47235191680490973,4726.316172629595,2.8299781980216503,5.876120917825028,4.845032010196473e-07,981912.5665105764
0.7283156857639552,7372.614793,8.962112212086096,7.653407176,4.845032010196476e-07,5985818.242883184
0.7461763811856509,4430.546579,2.282368556821719,0.47742522545158866,4.845032010196471e-07,8040757.169890756
0.4552095413953066,7650.260699912906,5.914733983546496,10.12499113083817,4.845032010196478e-07,1085732.5378241814
0.5631178423762322,1090.484463609755,4.900719789603726,3.0490173619147387,4.845032010196476e-07,514328.73483211803
0.8496520707011224,8811.159888282418,8.142685822710394,7.453872627,4.845032010196474e-07,14731054.156093776
0.8186444210261108,2677.091436460614,6.682761192,8.570868918327614,4.845032010196473e-07,3643746.2663493985
0.532054651,9544.337288476527,0.23799039668310434,4.917034536655992,4.845032010196475e-07,2976955.828
0.3544753281772137,3696.4118983596563,9.220558842855505,11.99136239964515,4.84503201019648e-07,288037.12335851544
0.6453866259753704,6064.619054086506,2.541623029132374,1.5960674225259572,4.845032010196472e-07,5233683.7875400875
0.6609820529073478,2022.9225847870111,9.911866424807346,5.453232737146318,4.845032010196478e-07,1265184.2542401697
0.40939228259027005,7807.877653,3.15481577,7.981914360793307,4.84503201019647e-07,954606.4018321059
0.5126503624022007,5433.829350396991,7.291067176067271,2.8728603140544147,4.845032010196475e-07,2009274.015850716
0.7685616602003575,6717.823115177453,0.9244111472656951,10.65010416669771,4.845032010196477e-07,6388190.949116213
0.8690779737383127,3925.7958130910993,4.249698236305267,9.519569340040908,4.845032010196476e-07,7134322.868681258
0.6131111339479685,6045.641025528312,7.569783878108487,0.9949637060798705,4.845032010196474e-07,5458319.911370163
0.43963515758514404,2696.070001460612,1.7143348934985696,6.102004511803388,4.845032010196472e-07,458512.5404
0.6911693859100343,9314.953910186887,5.268580786025153,4.324711151504889,4.845032010196479e-07,7219171.867
0.697345079,1787.0532982051373,1.5433629837790503,7.909349267436191,4.845032010196477e-07,1194945.3587532407
0.4414401899278164,8132.173805497587,5.410268305,5.5669136318378145,4.845032010196474e-07,1470142.2417005019
0.617902281,5127.252675592899,3.7664387565860524,10.580466319434345,4.845032010196471e-07,1918440.1234355865
0.8694984596222639,6971.137220971286,8.023739895,2.9953229470271614,4.845032010196478e-07,14765921.626094256
0.7605018451809884,4103.008407,7.110330562036485,1.1155510273575784,4.84503201019648e-07,6380494.6835893225
0.508969753,5675.597116351128,1.0563340362738818,9.451715328,4.845032010196472e-07,1137038.025014771
0.4021701390296221,3083.825341425836,9.418842240776867,4.436516734501347,4.845032010196473e-07,545547.2213
0.6581391150504351,9155.178089,3.5990071577113123,6.031223253700882,4.845032010196476e-07,5307281.794460443
0.6381300002336503,4759.511853568256,8.776367474051192,10.005455654626711,4.845032010196475e-07,2078536.1130235442
0.35159790813922887,7409.722156822681,3.0346471572890876,0.544135916,4.845032010196477e-07,3611723.5166360973
0.523960892,1348.4678259119391,6.550838321404532,7.337264397069812,4.845032010196478e-07,358579.1585351377
0.8149298677593471,8499.914091080427,0.4187269548401237,3.1245097906980663,4.84503201019647e-07,13565608.404241357
0.854409273,2294.1386587917805,4.446763753737324,4.99074313,4.845032010196471e-07,4187174.1990054576
0.5635043843090535,9734.458885155618,8.625945358303376,8.456135999904946,4.845032010196479e-07,2876354.7385544213
0.4613507523387671,3523.727074,2.140681019376032,1.660994277773425,4.845032010196476e-07,1350773.7788514646
0.747946931,6465.283263,6.085705949139782,11.87370223512873,4.845032010196473e-07,5273911.929078072
0.7301208161562682,3799.7921044006944,2.6883288409831003,4.1091144137829545,4.845032010196478e-07,3678247.636679011
0.4785279750078917,6172.185668721795,9.133045997272246,6.451542947450653,4.845032010196471e-07,1286591.7252111582
0.5806793539226056,2569.6629555895925,0.15111197909433396,1.4438504246529191,4.845032010196474e-07,1744602.582315647
0.8365854446589948,9440.820558,6.830063288475388,9.028989553768188,4.845032010196476e-07,14153839.98980227
0.7976523757725955,1053.1772579997778,8.347965370498597,10.909493240294978,4.845032010196475e-07,1220593.556141877
0.5416821981221438,8778.180678375065,4.715584448115901,2.5733332722447813,4.845032010196473e-07,3897583.879736598
0.3693214675784111,4463.663386180997,5.730185391105712,7.582671611644328,4.845032010196472e-07,463926.5634146442
0.6208502218127252,7687.430844642222,2.4882729968149215,5.987972283707932,4.84503201019648e-07,3617418.231787905
0.6752805642038584,2799.5248567312956,5.121874527184294,1.990227534286678,4.84503201019647e-07,2573771.842008617
0.38431038655340677,9422.462103,1.8018472920916975,11.45155161,4.845032010196478e-07,792582.3128311627
0.49111225366592415,3818.150022998452,7.656662444693969,4.664271854711696,4.845032010196477e-07,1009876.3945893028
0.777641008,5942.323231138289,4.102396289,8.877033652346581,4.845032010196475e-07,6239003.143
0.8871850439161062,5396.721080876887,0.7191314504807815,7.010068456670269,4.845032010196474e-07,11342050.868115954
0.6005922027677297,6684.626596048474,7.476202368558385,3.544668485019356,4.845032010196476e-07,3476820.516840505
0.42412785902619365,2055.9809701517224,3.3393648097133264,10.333961387574673,4.845032010196479e-07,247034.80991447784
0.7150339497625828,7845.122447237372,9.705962431804277,0.12124918692745268,4.845032010196472e-07,18818511.803846456
0.7223019784688951,5035.065193660557,6.277996028868483,5.753901604143903,4.845032010196475e-07,4269242.136438881
0.41820907056331635,7134.173711761832,0.5364885539077222,7.722936060186475,4.845032010196473e-07,925568.9542709673
0.5906510446220636,1624.149845,9.050334766251966,2.4329473315551877,4.845032010196472e-07,961606.1087407428
0.8990570686012507,8224.219666793942,2.9180488500408828,11.14341669996269,4.84503201019648e-07,17692094.46107739
0.7898510952293873,3140.9939024597406,1.9460514212315903,9.263323898091912,4.845032010196479e-07,3519771.510757114
0.4813809843361378,8887.634151615202,6.125407724,1.3031450757477432,4.845032010196471e-07,4209695.002396628
0.3792765357345343,4370.693964883685,4.642709365329706,6.5922182806488125,4.845032010196474e-07,516961.96066605975
0.6833053567260504,5618.295517750084,8.587521602,3.8747243260033426,4.845032010196477e-07,4340847.467498129
0.6327698110044003,1502.4491120129824,4.039290361416526,0.355684298,4.845032010196473e-07,2129174.0908258217
0.35929970011115075,8416.798845864832,7.905987757573836,10.193332507256418,4.845032010196476e-07,680812.2681
0.5358451538532973,4842.485478147864,1.2693859322937204,3.685421716123819,4.845032010196479e-07,1766846.216944994
0.8048739748448135,7255.873908288777,5.526857002,6.775777706587687,4.845032010196471e-07,9477816.073776357
0.8446909132599831,3264.6890254691243,9.613481449209154,8.643063739798963,4.84503201019647e-07,5196414.445605455
0.5755980053544045,6513.9289032667875,3.5593151416946203,4.804612771840766,4.845032010196478e-07,2612899.1606098996
0.4688432020694018,2245.3599805012345,6.9143754891529685,11.31124356280081,4.845032010196477e-07,347755.05781964376
0.7422492260485889,9993.638555,1.094748479994014,2.2242503316514193,4.845032010196475e-07,12060966.368515458
0.7595267096906901,2512.5608295202255,7.618257760258392,6.265203841477632,4.84503201019648e-07,2587155.8199355504
0.4511218873411417,9709.396559,4.298322828628123,4.2961651421431455,4.845032010196472e-07,2119755.942655997
0.557874438,3531.349141150713,5.161595374064521,9.592014035573229,4.845032010196473e-07,963325.6514
0.8619706833362579,6229.146174155176,1.6071986223682762,0.8815375652350486,4.845032010196475e-07,15023705.704680108
0.8227000983804464,4556.059091351926,3.222747430886142,2.7608985109161583,4.845032010196476e-07,7737862.636657899
0.51866794,7525.284897536039,9.979948795584031,10.721084524523468,4.845032010196474e-07,1539661.5322839685
0.3421247388422489,1215.4648257419467,0.8368739779694007,5.426151065,4.845032010196471e-07,130858.75771010738
0.6505936481058598,8685.651935636997,7.203379147601314,8.143649352760985,4.845032010196478e-07,4359387.652862049
0.6656187807768583,4077.6709532365203,0.18950735123548657,11.639354267604649,4.845032010196472e-07,1975586.8243557513
0.3965866219252348,5894.293476,6.634127287,1.8017132498789579,4.845032010196479e-07,1643305.848330403
0.49869332358241086,2847.412991337478,2.6486177533874287,8.315472771,4.845032010196476e-07,580020.6599159017
0.7721622328460217,9163.07421,9.327704277283512,5.225121113415807,4.845032010196473e-07,10505189.656262867
0.8819156111031772,1902.3407772183418,5.846793159645052,3.3585668470617382,4.845032010196475e-07,4238161.653302702
0.6085107887536287,7928.995097987354,2.214276873750612,7.197013571728021,4.845032010196477e-07,3238012.1876778426
0.43606656163930896,5312.715392559767,8.230232304301113,0.6845339611917735,4.845032010196478e-07,3012612.5535192345
0.705162807,6838.408409617841,4.988416981367395,9.771520090410485,4.84503201019647e-07,4498384.350106434
0.7058393379300834,2348.129615187645,5.768140841146001,0.8426969835255296,4.845032010196478e-07,3190611.2642987017
0.43236488781869414,9820.514040999115,2.448248299079947,9.742155896,4.845032010196471e-07,1220614.9602372842
0.6099913586676121,3438.741047,8.310410479490645,4.172432972062379,4.845032010196474e-07,1777855.5930700349
0.8790158404409887,6410.164169035852,4.755971487226897,6.324602525,4.845032010196477e-07,13008559.625007829
0.7695406989008189,4672.802775166929,0.11299084471166135,8.204329398628325,4.845032010196476e-07,4746140.008807406
0.5004435852915049,7355.2188985049725,6.8702345989737665,5.301137532917783,4.845032010196473e-07,1888028.7467358187
0.39261630773544315,1404.0316296741366,2.7260494163334372,10.87250779231079,4.845032010196472e-07,138763.07247483009
0.6660181260108948,8585.486449301243,9.092512345397845,2.7207765220478177,4.84503201019648e-07,6803119.5934149455
0.6466561628133058,4193.182966671884,3.2992614603396504,5.069301281543448,4.84503201019647e-07,2427565.0989333303
0.34255904920399194,5725.4677303135395,9.743843923602252,8.348282339833677,4.845032010196478e-07,495146.8391986999
0.5160818693041802,3032.8255174681544,0.7594446058478207,1.748345579635352,4.845032010196477e-07,1432166.3198935187
0.8244836875796319,9066.071584820747,7.438568751413376,11.768764408929274,4.845032010196474e-07,12052718.109234365
0.8634845828264952,1736.669309437275,7.696907638936304,9.902576070670039,4.845032010196473e-07,3046277.5351818358
0.555010133,8041.344250552356,4.064353880369105,0.6295204520132393,4.845032010196476e-07,7084935.788512015
0.45183338090777403,5216.944437474012,5.0814195269485944,7.231469023907557,4.845032010196479e-07,873393.7876772234
0.7558578626811505,7022.580682300031,1.8396418256843463,3.2011011315882203,4.845032010196472e-07,8270860.898465046
0.738547776,5485.7975440099835,9.378597065,11.199916522633284,4.845032010196476e-07,4294438.474844231
0.469519957,6735.596379265189,3.6370495845815167,2.3004504186939445,4.845032010196474e-07,2251889.283556062
0.5726989950984717,2006.0803154483438,7.150785580896773,7.876033596964553,4.845032010196471e-07,665695.2431796123
0.8461722435802221,7754.917846992612,1.0185395213058217,5.723859711550176,4.845032010196478e-07,13211184.973922206
0.8066239434480668,2748.0427715927362,3.8065420873351394,3.843401070917025,4.84503201019648e-07,4049960.892040116
0.5332233268022537,9332.731717266142,7.985858384927735,6.7465971799194815,4.845032010196472e-07,2558233.456052085
0.3596982202678919,3908.940954133868,1.5030498097874223,1.1693667557276786,4.845032010196473e-07,1206479.3170338653
0.6287986717373133,5992.668596096337,5.447901903,9.321105127921328,4.845032010196475e-07,2516903.408908072
0.6837394407391548,1108.2663107663393,2.178802135134116,6.902232171762734,4.845032010196475e-07,717868.2225114105
0.37533882409334185,8863.136664964259,6.045534620016814,3.6232553567644206,4.845032010196477e-07,1457649.6327045704
0.483163815,4377.578189596534,4.409043159762398,10.229040936538949,4.845032010196478e-07,735109.3782822713
0.7872642666846514,7633.409847505391,8.666478991553188,0.20862920917570593,4.84503201019647e-07,18764908.80560682
0.8961930547654628,3714.1811223700643,6.512882889988833,2.075549403624609,4.845032010196472e-07,9348391.118042316
0.592165235,6116.583241149783,0.45875167119968685,11.34859783101827,4.845032010196479e-07,1882706.305675085
0.4145410507172346,2624.127590097487,8.813922383683733,4.740800528880208,4.845032010196476e-07,479006.3714100094
0.7230142991989852,9527.491012588143,2.994260136802681,8.771164089,4.845032010196474e-07,7192411.100984142
0.7132631195336581,3355.134421028197,0.7991569599155337,9.180351896816864,4.84503201019648e-07,2355746.3589207153
0.426735233,6563.521036878228,7.243909204930068,1.4036575058102607,4.845032010196472e-07,2398642.7250129525
0.6002048644423486,2194.6311267092824,3.260864970723167,6.512162068579346,4.845032010196473e-07,898642.6125300295
0.891178046,9904.253704473376,9.939781042382121,3.9840299512352795,4.845032010196475e-07,22676830.259329386
0.7813568436354399,1452.3446764796972,5.199153859618121,5.864167754333466,4.845032010196477e-07,1719588.326444751
0.4904562937468291,8325.699528,1.5668080259608104,7.642010799599811,4.845032010196474e-07,1661033.607073272
0.38718746706843377,4932.456659153104,7.580298752921634,2.534420331241563,4.845032010196471e-07,1085056.6726566283
0.6737879852950573,7307.047472335398,4.3383511209087455,11.059575605504214,4.845032010196479e-07,3805287.145071242
0.6236945088952781,3195.2547561377287,8.270688515135086,8.911550029264763,4.845032010196471e-07,1343301.3864093947
0.36779395900666717,8973.409888334572,4.950621274425648,4.506877069212496,4.845032010196479e-07,1236779.1840991632
0.5453625346720219,4285.977700725198,5.806546792053618,11.582668510582298,4.845032010196476e-07,996352.2795417146
0.7969630528986456,5562.896871007979,2.252320492594503,1.9352849550824613,4.845032010196473e-07,8939272.28
0.836164745,4948.634461499751,2.608305771369487,0.067953876,4.845032010196475e-07,16211749.378082253
0.584636859,7079.399483278394,9.365336683830247,10.463431024318561,4.845032010196477e-07,2183908.8936997284
0.4767222130298615,1679.9921290948987,0.2296094900108874,3.3889210124406963,4.845032010196478e-07,472264.46367300407
0.7326953947544099,8309.521189,6.596246968721972,7.042937520667911,4.84503201019647e-07,7066183.309421373
0.7505551472306252,1957.7008001506329,4.683021328723059,2.8614397506974636,4.845032010196475e-07,2320419.427966283
0.4595807638764382,8013.672738336027,8.549889177117496,10.638129809079691,4.845032010196473e-07,1147147.8475974584
0.5674976963549853,5226.901032030582,1.9059492638316005,5.535485500441864,4.845032010196472e-07,1884946.982833971
0.8540222448855639,6784.108932130039,6.163288024,8.063610426522791,4.845032010196479e-07,11506898.383132285
0.8142731307446958,3992.3393903300166,9.009878574042581,6.184204479614273,4.845032010196478e-07,5618268.134690527
0.5276759503781796,5838.421151041985,2.955844575607218,4.406368536278605,4.845032010196471e-07,1883682.4532674057
0.3501050882786513,2902.157179,6.318242415084504,9.508098839838057,4.845032010196474e-07,247855.5438502509
0.6410068397969009,9249.474902,0.4984449536884204,0.9829478088673205,4.845032010196477e-07,9302501.685461663
0.6566107626259328,4645.405317656696,6.876817022223958,3.060802424047142,4.845032010196473e-07,3384952.2996939453
0.40501358225941664,7575.975127518177,1.1351390950260682,7.465482486030087,4.845032010196476e-07,930943.5706996102
0.5082801225036383,1165.8340683206916,9.651440475170501,0.39553986423648896,4.845032010196479e-07,1127786.9090663109
0.7641818740218879,8595.167916,3.5192868680385874,10.042927663028241,4.845032010196472e-07,8070164.253089555
0.8734567397832871,2461.3572247326374,1.3071029317229985,11.909526975275949,4.845032010196471e-07,4464364.088850213
0.6174823564291001,9619.395337067544,5.486326925853268,1.514045494310558,4.845032010196478e-07,7510620.853946418
0.44401501156389717,3622.4184185266495,4.001172802954913,8.582706776,4.845032010196477e-07,530935.0737479669
0.6955395600944758,6279.220568947494,7.946155492151157,4.928683076454327,4.845032010196475e-07,4802351.003417565
0.6929653178900481,4824.699339456856,4.172116161179729,7.396121971393004,4.845032010196472e-07,3208558.5223069256
0.4370699750632048,7203.892840072513,7.804515633652919,3.1828104887902735,4.84503201019648e-07,1746361.722746956
0.6135235719382763,1555.3617114201188,1.7903910746844485,9.970639902297407,4.845032010196475e-07,581936.2398490692
0.8651271609961988,8433.593908324838,5.032323211039417,0.5087661906983704,4.845032010196473e-07,22166183.06848047
0.7648719943314791,2227.560716,9.832148425959051,1.6261284099332989,4.845032010196474e-07,3243998.818269987
0.5133495820313693,9941.644326783717,3.3874116766024382,11.838291148943826,4.845032010196477e-07,1840050.3493064935
0.4065413698554039,3317.6056649535894,7.369869757749141,5.049547730358317,4.845032010196479e-07,546981.2278729398
0.6625178894400597,6530.727972276509,0.6909000472743064,8.514398195706308,4.845032010196471e-07,3449012.3256302774
0.642500149,1572.160193696618,6.762481481460855,10.52197615,4.845032010196479e-07,707009.8157273468
0.35597773708403113,8206.424945034087,0.005392162,2.9366548468545077,4.845032010196471e-07,1375002.1407553244
0.5283321225643158,5051.868839,9.141753784103319,7.944529518540948,4.845032010196473e-07,1267502.8137274645
0.8193086421489717,7187.094894237816,2.7751365689449012,5.601918858317658,4.845032010196476e-07,10560066.775656722
0.8500295122712851,4318.708320148289,2.3599529600208626,4.471749959755689,4.845032010196477e-07,7807665.928577095
0.5591341694444418,5600.504836067557,5.679999937177636,6.0662669824715705,4.845032010196475e-07,1866433.822
0.4569720436632634,3157.7843884006143,4.824661168596708,1.0571109706256538,4.84503201019647e-07,1525594.895885078
0.7435756327211858,8940.542208,8.378945874766446,9.393088588789105,4.845032010196478e-07,7530542.074987987
0.7257507275044919,2864.765651524067,0.3712875102916733,4.628839440401643,4.845032010196473e-07,2617597.345984832
0.4741480730473996,9216.544474475086,6.425265485963785,8.842143731741235,4.845032010196475e-07,1568310.6865266724
0.576308179,4025.131683796644,3.0622713616499677,2.0484655879903584,4.845032010196479e-07,2324283.527514411
0.8322065930813551,5875.9492030367255,8.882086702651344,11.51033496696502,4.845032010196472e-07,8247384.727822741
0.8020320764183999,5330.055496655405,5.938460108023137,10.392240980872884,4.845032010196471e-07,6298996.133015471
0.5460524860024453,6891.8660171329975,2.0715743800234048,0.18008248515427114,4.845032010196478e-07,10227940.624931054
0.37370011992752555,1849.806118,8.714889401104301,6.974674723315984,4.845032010196476e-07,233690.18434645145
0.6252215976268054,7910.6553345918655,4.457606663433835,3.5098313598986715,4.845032010196474e-07,4665161.084301858
0.6796602648496628,3584.8108222708106,8.073313382538036,1.4789183848537506,4.845032010196476e-07,3698809.729305605
0.38868067443370824,6246.490251272917,3.894150179065764,9.064243928482757,4.845032010196474e-07,633552.6754040169
0.49549090601503853,2494.2251397296786,5.379899990813807,4.050509091997519,4.845032010196472e-07,724564.1799361545
0.7820123837143184,9656.865872442722,1.4348946541175247,6.393126854151487,4.845032010196479e-07,11166872.397776317
0.8828149552643301,1268.9310163259506,3.7441149332774804,7.524027608903125,4.845032010196478e-07,2585065.3928277045
0.5962123008072377,8703.000622801483,9.485815507975406,5.9295033949241045,4.845032010196471e-07,3603557.589152751
0.41975668452680115,4537.710745,0.9701384240491316,10.944519660901278,4.845032010196475e-07,488228.7236412292
0.7106550981849433,7472.741655,7.102231240523048,2.608537710113451,4.845032010196477e-07,7444606.776600136
0.7179318241029978,1296.6025955975056,9.258275879533961,3.7438428120408207,4.845032010196471e-07,1234493.3855992863
0.41382923640310765,8481.969199,2.501092915929854,6.834378025755286,4.845032010196479e-07,1159997.0911242007
0.5862798023223877,4776.1824280023575,6.644643670575694,0.3204349261708558,4.845032010196477e-07,6170378.864965499
0.894678283,7462.7849934622645,0.2781580940112472,10.158259544437751,4.845032010196474e-07,15762156.090712396
0.7942308636754751,3471.857334,4.863161285425537,11.276032692994923,4.845032010196473e-07,3846405.5975032137
0.4857512065023184,6447.333760559559,8.183076474991626,2.1892303429823365,4.845032010196476e-07,2401476.095109838
0.38365525379776955,2310.821889899671,2.320327545533888,8.701526196645572,4.84503201019648e-07,237030.09187410428
0.6876766647398472,9787.534277886152,5.874705747,4.8632632065191865,4.845032010196472e-07,7179443.019411818
0.6371495794504882,5109.299200586975,1.673878738538362,2.374158967556432,4.845032010196478e-07,3684039.4850320024
0.36366992227733136,6919.263407588005,5.306376474,11.085183648876846,4.84503201019647e-07,540492.2976757496
0.5402238719165325,1840.124717913568,4.289944659770467,5.788786522131413,4.845032010196474e-07,573235.4627150411
0.8092452828586103,8148.852963000536,7.531740240640008,7.758373477114365,4.845032010196477e-07,10644438.442428641
0.840320759,3065.8844225108624,7.3313791022114465,6.627061837706715,4.845032010196476e-07,4952953.398828831
0.5712181711941958,9103.316931985319,0.8867787593435497,3.9101116274204104,4.845032010196473e-07,3878247.781351131
0.46447195976972583,4156.075216829777,9.87176423,9.204497031802312,4.845032010196471e-07,682801.4228578942
0.7378704401850701,5692.271764390171,3.1926961073558777,1.2448590505123138,4.845032010196479e-07,7840618.828
0.7551470142602921,3871.770457364619,5.574624872354791,8.280473976712674,4.845032010196474e-07,3615822.0065579456
0.4467516046762467,5959.551470354199,1.3952501680515705,5.189934430373833,4.845032010196476e-07,1141520.6000994795
0.5534957966953516,2781.0217635706067,7.877463054342196,11.698028799714521,4.845032010196478e-07,692927.7305830738
0.8575993189960718,9370.038738,3.9326312243156134,1.860196990184486,4.845032010196471e-07,19991438.082593936
0.8270701797306539,2109.597397968173,1.2428852841919287,0.7431556978169829,4.845032010196472e-07,4589804.1294687465
0.523047834,7862.346646375954,6.984412501216867,9.829965149760246,4.84503201019648e-07,1705842.8005181188
0.3464959039539099,5378.231147304177,3.4700522086834535,3.323518115673214,4.845032010196475e-07,808858.9176855283
0.6549724902957679,6632.216357626021,9.602356674985028,7.161785349091515,4.845032010196473e-07,3584966.667816059
0.6699888621270658,2586.8826117366552,2.867536720824428,9.627377328891306,4.845032010196477e-07,1381639.5901752128
0.400966517,9494.432409,8.921721578429453,0.9163597495015711,4.845032010196475e-07,4005849.856250338
0.5030644886940718,3747.377322986722,0.567147151,6.206896711448207,4.84503201019647e-07,891484.4453
0.7765410750359297,6153.691158629954,6.386793902,4.237313999757171,4.845032010196478e-07,7573980.5788884545
0.8775359156727791,4480.896168388426,8.44213308,5.367893872307613,4.845032010196479e-07,9209088.175420208
0.6041405060887337,7741.055856,4.575416090445594,8.084839749969541,4.845032010196472e-07,2952751.1652500327
0.4316879207640887,1000.7584365084767,6.212532442905009,2.7963145997188983,4.845032010196474e-07,274741.70019563823
0.7007914430648089,8759.682161733508,1.955042972298339,10.755945389745756,4.845032010196476e-07,5435955.186323386
0.7000234171003104,4499.823377467692,5.013045299552382,9.467956717666238,4.845032010196477e-07,2901238.900549129
0.43093471489846713,7721.597300842404,1.7712300511170178,1.133639209298417,4.845032010196475e-07,3208864.410513659
0.6041754378378392,1019.0150933340192,7.784735007263721,6.047476100223139,4.84503201019647e-07,462638.5069807382
0.8775856675207616,8742.024978622794,4.152218795867637,4.454593459554016,4.845032010196478e-07,18360359.86238672
0.7773988560587168,2605.738205835223,0.671622005,5.572137939343229,4.845032010196479e-07,3026036.2398566976
0.503933084,9475.043860264122,7.350708603809588,7.916408709362149,4.845032010196471e-07,2032272.8018237252
0.4004744648933411,3765.5645105987787,3.367630919841118,3.0005586667545137,4.845032010196473e-07,788092.3988173818
0.6695076251029969,6136.1061269417405,9.812250930274837,10.587514349138365,4.845032010196476e-07,3178384.1391436756
0.6539674449712038,2089.8631121963263,2.794421408778988,8.449774044,4.845032010196474e-07,1060502.1548982798
0.345501673,7881.547440774739,9.160926652909257,4.986193484,4.845032010196477e-07,927949.2653679108
0.5233931514620781,5360.300378873944,0.025166009328328076,11.867328866505995,4.845032010196479e-07,1047980.6967824461
0.827426312,6650.748745538294,6.782367448524573,1.6564560435712339,4.845032010196471e-07,12629377.696880633
0.8582155369967224,3852.1083230152726,8.398230546979233,0.5253731175977737,4.845032010196472e-07,9863768.223858027
0.554126835,5978.682795539498,4.843833869781346,9.988516734801232,4.84503201019648e-07,1551640.565995986
0.4465643350780011,2763.1610007956624,5.699773616595194,3.105735535454005,4.845032010196475e-07,721931.9518568419
0.7549745647609234,9388.499511405826,2.3798387594632806,7.320336934132501,4.845032010196473e-07,8990496.141126856
0.7372521860897542,3049.600798636675,8.901822313409298,2.5796837047580627,4.845032010196478e-07,3483375.1417023316
0.46384289100766185,9119.101933203638,3.0821952297519895,10.914008315056563,4.84503201019647e-07,1293843.4078558476
0.5714034046977758,4139.088854193687,6.444588375832886,5.9943112593330445,4.845032010196475e-07,1493268.149381415
0.840495178,5709.825950674713,0.39042199381999676,7.587198143294081,4.845032010196477e-07,9004222.430585917
0.8102522975206377,5093.087191693485,4.477342441813089,6.470385519694537,4.845032010196476e-07,6926071.0457443325
0.541216066,6934.978403151035,8.734813436827622,4.126110417,4.845032010196474e-07,2496827.204032137
0.3633265743404627,1823.2078244909644,2.090897437513806,9.047820713790134,4.845032010196472e-07,163890.02967134546
0.6367914114147426,8166.334997862577,5.9575947591727605,1.4608578401431442,4.845032010196479e-07,7018988.3057880765
0.6868209198117257,3487.36875,1.415152115012519,3.5284386192727832,4.845032010196471e-07,2812066.197101104
0.38278468877077104,6431.325867772102,5.359964277473279,6.992014846391975,4.845032010196478e-07,742470.9028460324
0.48624529428780083,2328.100345097482,3.874834068547003,0.10503073340281843,4.845032010196477e-07,3918016.7113782396
0.7947101313620806,9770.821500569582,8.054190297258087,10.31589636507444,4.845032010196474e-07,11040061.310211549
0.8954443393647671,1312.0418600738049,7.082488831790164,11.446247524190694,4.845032010196473e-07,2763983.2472720724
0.5870350442826748,8466.030776,0.9502028410807253,1.983111008917913,4.845032010196475e-07,5182257.318980632
0.41379233531653886,4793.390878,9.466499527828768,8.871741027841344,4.84503201019648e-07,597365.3991121806
0.717884108,7446.143831126392,3.7249919783696535,4.657143872454762,4.845032010196472e-07,6517155.055116922
0.7097799623757601,1251.8232837319374,0.29794140234123917,1.3205497526936234,4.845032010196476e-07,1509040.9058528247
0.41887073405086994,8719.609196297824,6.664538949933835,9.281843555821105,4.845032010196473e-07,1046362.684933166
0.5967217072844506,4522.097539156675,2.5203681454760956,3.8921404598373917,4.845032010196472e-07,2212374.6701273886
0.8833135470747948,7488.922148011625,9.277438989055343,6.610726481489837,4.845032010196479e-07,15507003.391795224
0.7827977644652129,3567.775241099298,5.8944891858417545,7.727951508397236,4.845032010196478e-07,3993302.8926605484
0.4962614666670561,6263.029355555773,2.340222955264151,5.760020375,4.84503201019647e-07,1494279.971664752
0.38862838789820675,2478.6819396540523,8.202351835,11.148443560395389,4.845032010196474e-07,250480.64040120508
0.6795931582152844,9672.97475,4.882324525,2.4390546904411163,4.845032010196477e-07,8459963.189
0.6245885547250509,5346.939801238477,7.511969075541944,4.797819339651614,4.845032010196473e-07,2812947.267090378
0.3730522569268942,6874.484699219465,4.2700566067527985,8.637350806063042,4.845032010196475e-07,655500.1852491695
0.5462565805017948,1866.260196082294,5.287088952567429,2.217445487240329,4.84503201019648e-07,921646.7349086117
0.8022213508188725,7894.7663977742195,1.6547079556863755,11.305542041286825,4.845032010196472e-07,9166228.751774674
0.833228463,2881.578341126442,3.1729251098791136,10.175510379718617,4.845032010196471e-07,4151857.965251675
0.577319235,9199.233162216842,9.851876344761811,0.3389542377367616,4.845032010196479e-07,11323612.130282285
0.4737859308719635,4041.5162928402424,0.8674914051899687,6.7579441221617165,4.845032010196477e-07,780687.3720150877
0.7253777706623078,5860.132418,7.312208487,3.668703112481162,4.845032010196474e-07,5716274.566586951
0.7425517931580544,4336.8116887286305,3.913305652505718,10.727912528375164,4.845032010196479e-07,3508053.6251229923
0.45596302419900897,5581.870658323169,7.858330656767824,2.7666229685395956,4.845032010196472e-07,1606396.7439257386
0.5594943422824145,3177.4144703522325,1.3755172392344102,8.150465899724514,4.845032010196474e-07,926061.9105170014
0.8504045052081348,8921.512136235833,5.5546989182988185,5.431886980002746,4.845032010196476e-07,15700506.073061202
0.8199437211453915,1590.1914108544588,9.583030935553834,4.313930186,4.845032010196477e-07,2480577.8604610325
0.5289780162274837,8187.860236503184,3.4509196434877816,6.281854128120467,4.845032010196475e-07,2250864.414685722
0.35577567867934706,5071.428915,6.964679404778407,0.8992911971081049,4.84503201019647e-07,1842304.9369991308
0.642308906,7168.136437423527,1.2229591625146568,9.608675734438002,4.845032010196478e-07,3212420.3612729283
0.6617344780266285,2209.2001233249903,6.406107330583037,7.179574323119596,4.845032010196472e-07,1252237.8306428785
0.40576877310872084,9959.471964277327,0.5862723220158369,3.3400356654450296,4.84503201019648e-07,1973915.548584077
0.5134038379043341,3298.8513242453337,8.941466799475252,9.754092254023998,4.845032010196475e-07,702115.1499646592
0.7649370648711921,6550.084468908608,2.8874703482110053,0.6659913673531265,4.845032010196473e-07,11673656.386011204
0.8660002607107162,4806.410362012684,1.9743562705041842,1.7967548851110042,4.845032010196474e-07,10703855.371717954
0.6144114917516709,7221.650471910834,6.231657483766788,11.633315270384774,4.845032010196476e-07,2553840.324932813
0.43655853249132637,1536.6768399253488,4.595161181119272,5.220174205536023,4.845032010196478e-07,295077.3829955525
0.6924686954170466,8452.878253534436,8.462066576684824,8.309422317147256,4.845032010196471e-07,5413023.517041318
0.69645702,2445.622783154249,4.736839146,3.266006904374808,4.845032010196473e-07,2133441.225438013
0.4449259292334319,9635.729252360761,8.291085112551228,7.2947188855241984,4.845032010196476e-07,1539708.2222843887
0.6170152740180492,3604.8826053738594,2.4283218049108983,0.6007443445641547,4.845032010196479e-07,3992991.0732984613
0.8729831151664258,6296.225036494434,5.748407521212474,9.872164062522351,4.845032010196471e-07,11665018.445982937
0.7634396184235812,4629.743027500808,9.073380171318538,11.752439102614298,4.84503201019647e-07,4192364.0011131773
0.5075358641892672,7592.239573597908,2.7067242170153185,1.7303643621504308,4.845032010196478e-07,3473916.205
0.405108994,1148.3682608231902,6.850308272426017,8.425618903283029,4.845032010196477e-07,159363.57765894578
0.6567041715979577,8612.100768834352,0.093257692,5.145001944294199,4.845032010196474e-07,5217266.3133512335
0.641614648,4008.3997203037143,7.457694016,2.645624003279954,4.845032010196476e-07,2861043.8265197463
0.3507108942419291,5822.962440550327,0.7787582765454427,10.796086707925424,4.845032010196473e-07,412060.0579000496
0.5274466216564179,2918.8859155401587,9.763777048,5.319669753024354,4.845032010196472e-07,893565.5740000185
0.8140417993068696,9232.212674,3.319006327518262,8.221567325368524,4.84503201019648e-07,12261698.560353527
0.852974339,1973.689515143633,1.8587672204133123,6.354099053936079,4.845032010196479e-07,3445166.146214031
0.5664432486146689,7998.284033499658,5.100733328018338,4.2006609355285764,4.845032010196471e-07,3238583.027
0.45991687074303633,5243.560299277306,4.084287135263906,9.677993414159864,4.845032010196474e-07,784025.2966847555
0.7508847118914128,6766.918855719268,7.716652636487038,0.7772402081172913,4.845032010196477e-07,11061938.407339336
0.7337455366551877,4968.111121095717,1.0384347075410187,8.752449675,4.845032010196472e-07,4003036.8338322234
0.47777435764670373,7060.490647,7.170568647,4.723744795694947,4.845032010196479e-07,1703568.5724152497
0.5843029885739088,1697.699603624642,3.6562131969667973,11.423568156231195,4.845032010196476e-07,509740.9496118917
0.8358328776806594,8291.315091773868,9.397872649,2.152152681564912,4.845032010196474e-07,15657728.564543504
0.7963529410958291,3214.6592643111944,5.467796959229745,0.27260949766263365,4.845032010196475e-07,7661933.755405809
0.5447589650750161,8954.570521600544,1.5228327456256374,10.294679905502125,4.845032010196477e-07,2143364.278
0.36802098460495475,4303.615169599652,8.005021866940893,3.593576634125784,4.845032010196478e-07,707578.3042444141
0.6239280766993762,5544.762388803065,3.8258175403764474,6.874186401851476,4.84503201019647e-07,2528499.2299877666
0.674528005,1433.1601094454527,8.646590882661751,9.350063518257812,4.84503201019648e-07,819653.8576017257
0.387934029,8345.449772663414,4.389271789793857,1.199596480987966,4.845032010196472e-07,2839982.274479907
0.49035864569246773,4913.976976647973,6.026364377277904,6.681873690020293,4.845032010196473e-07,1069554.7539984807
0.7812657377868891,7325.030677951872,2.159515004475601,3.7799689264129848,4.845032010196475e-07,9463669.742
0.8902628894150257,3336.021469,2.974371860289946,5.646705430988222,4.845032010196476e-07,7315543.432844279
0.5992917104065418,6583.201276138425,8.794150846093894,7.800150651326403,4.845032010196474e-07,2493820.2336392305
0.42720461867749693,2176.2209134176373,0.4395812608394772,2.316958007896319,4.845032010196471e-07,593085.3708295748
0.7137345077842474,9922.164759,6.493595591709019,11.217715457230806,4.845032010196478e-07,6611999.357876146
0.7237392000108958,3732.833673246205,9.959704854610376,7.108488631155342,4.845032010196475e-07,3028402.195048386
0.41526795424520974,6098.497977480292,3.280600376610644,3.452811923800036,4.845032010196477e-07,1255464.5697602131
0.5920871782302857,2643.2082215324044,7.263044228571468,10.435297395931556,4.845032010196478e-07,868705.3857631866
0.896117001,9507.911222055554,0.8184802409010008,0.038185776211321354,4.84503201019647e-07,35509252.68799707
0.7863641615957022,1126.8472466617823,4.358274766,1.918141363421455,4.845032010196471e-07,1738436.0795787575
0.48227025233209136,8845.121406950057,7.600033991187812,11.56386472,4.845032010196479e-07,1383470.092641958
0.37578855171799663,4396.5893518179655,1.585942881980911,4.583392488677054,4.845032010196476e-07,621617.1018462954
0.6841957105696201,7613.902208395302,5.218476972982288,8.986430977350102,4.845032010196473e-07,4519886.797062448
0.6298297523707153,2730.2310932427645,2.2323846861310304,10.983780607674271,4.845032010196477e-07,1085514.733
0.3607358431071043,9351.108537055552,5.786804010828957,2.4573553384747355,4.845032010196474e-07,1821553.4047991408
0.5329040448367596,3889.636895,4.9314986920095985,7.659897682005539,4.845032010196471e-07,1010167.9389075119
0.8063112036883832,6011.475642211735,8.251372758483514,5.880764631330967,4.845032010196479e-07,8148126.214604843
0.8455812598019838,5468.058017082512,6.576311031886378,4.014347624303773,4.84503201019648e-07,9820179.442909159
0.5721100140362978,6753.903729841113,0.2098665784141049,6.541209746710956,4.845032010196472e-07,2318476.756875096
0.46973246067762375,1986.8462616577744,9.346213971042074,1.3403133091144264,4.845032010196473e-07,914966.7168241338
0.7387622830271722,7773.653278127313,2.5889898843457924,9.115717694712803,4.845032010196475e-07,6392083.6239748765
0.75645115,1720.1110273599625,6.144127093820833,4.910612571174279,4.845032010196471e-07,1848448.8982753064
0.4524201256036759,8058.502543,1.886671594,8.566293521821498,4.845032010196478e-07,1211917.5811986262
0.5547999320179224,5200.782049447298,8.529991308941506,1.5896568692661823,4.845032010196477e-07,3063002.0029662577
0.86326784,7038.212261162698,4.6632403484666725,11.986775590917096,4.845032010196475e-07,11951059.706383973
0.8234503705799581,4176.696299575269,0.47928415361605586,10.106088236849756,4.845032010196474e-07,5658051.029041708
0.5150465495884419,5742.556016892195,6.298964876089245,0.46035768921487036,4.845032010196476e-07,5143655.339589264
0.34287609480321407,3016.732598654926,2.935946837803349,7.4349811900872735,4.845032010196479e-07,270663.34215481224
0.6469712056964636,9081.631012260914,8.990097724158316,3.0319383687898513,4.845032010196472e-07,6314559.988158833
0.6669159279763699,4690.236798487604,3.5384597927182915,1.0112651494611056,4.845032010196478e-07,5174895.056
0.3935121069848538,7338.387031108141,9.670725519875065,9.537683227397501,4.845032010196471e-07,764691.5418259283
0.499991555,1419.9367938563228,1.1550245219767092,4.341001137997955,4.845032010196474e-07,400508.54545079253
0.7690866654366255,8569.048330187798,6.896590478146449,6.120129856048152,4.845032010196476e-07,9307654.073384982
0.8782931759953501,2365.4914870858192,7.965328584452161,7.987278719265014,4.845032010196475e-07,4660008.987162202
0.609262152,9803.751642815769,4.020458015280776,5.460420840149745,4.845032010196473e-07,4482674.061365446
0.43244518108665947,3454.5762054622173,5.506212520425208,10.655457112947479,4.845032010196472e-07,427990.2305897617
0.705913089,6393.797664903104,1.326876555,2.880059829,4.845032010196479e-07,6032448.199652289
0.7044031949341298,1884.0336948633194,8.043063083212823,11.855718873664737,4.845032010196471e-07,1188756.3439559492
0.43530494645237927,7946.734893135726,3.7855735381077977,1.6446711154375226,4.845032010196479e-07,2734731.6725687003
0.6085541298240424,5293.9802296459675,5.430003617610783,8.531837377315387,4.845032010196476e-07,2038522.8506857494
0.8819569494575263,6857.642731629312,1.5632865538876504,5.068078978974372,4.845032010196473e-07,14522389.637459598
0.7730286902189256,4059.293865226209,3.6183305131951347,3.187757508335635,4.845032010196474e-07,5227676.972258812
0.49955323874950414,5912.104886,9.437977189919911,7.402172313835472,4.845032010196477e-07,1297375.8982697974
0.3961032507568598,2828.6056770011783,1.0760695166597143,0.5137246224656701,4.845032010196478e-07,1645122.1266802524
0.6651288674026727,9182.378001511097,7.130254299766385,9.976678832517937,4.84503201019647e-07,4694145.194681324
0.6495972791314126,4574.074618,0.39941114231478425,6.059450502507389,4.84503201019648e-07,2517355.435917443
0.3411218276619911,7506.704229861498,6.531715534118005,4.466013978244737,4.845032010196472e-07,916638.2840314249
0.5190219373255969,1234.9727330729365,3.0149043201906607,9.386260696602985,4.845032010196473e-07,274994.7055958799
0.8230475539714099,8666.641041636467,8.756431462717243,1.051386401,4.845032010196476e-07,17488472.918533932
0.8625953148305416,2530.645824968815,6.066390266986565,2.9189011479821056,4.845032010196477e-07,5202528.238087015
0.5584970663487911,9690.743739716709,2.1215583624616263,10.505314515326171,4.845032010196474e-07,2503871.831
0.45094302706420425,3550.9286634624004,8.606202651577071,5.584153702557087,4.845032010196471e-07,700517.4039493465
0.7593458466976881,6210.065274499357,4.426827872775496,7.927879344,4.845032010196479e-07,5995079.634939134
0.741622291,3281.4511554315686,6.810282364092768,0.18688744123093784,4.845032010196474e-07,7446506.782813561
0.46822280965745455,6496.566763147712,0.1312143157888204,10.39794239072129,4.845032010196476e-07,962799.1190014345
0.5757745625078678,2261.7262164130807,9.113768383778632,3.516624859087169,4.845032010196479e-07,1065200.4198512977
0.8448740126192571,9977.803127840161,2.669168115409091,6.98038759,4.845032010196472e-07,16365346.630212046
0.8058725801855326,1519.2812476307154,2.468491942,8.859977204501629,4.84503201019647e-07,1898819.9761988295
0.5368457619100809,8399.365090765059,5.710287597428077,4.645558155709877,4.845032010196478e-07,2781927.3015314834
0.35894793868064884,4858.923865482211,4.696306704250165,11.528157027503475,4.845032010196477e-07,364583.66137119365
0.6324200522899628,7239.969012327492,8.328804514552466,2.065195715520531,4.845032010196475e-07,5392830.405847573
0.6824412024766207,3123.905347660184,4.122169837660157,5.912087194090709,4.845032010196475e-07,2101386.235102037
0.378414384,8904.120550490916,7.676548113764264,7.505519475061447,4.845032010196473e-07,962615.7203561233
0.48186665862798694,4355.134269222617,1.8211324299192055,2.591132921501994,4.845032010196472e-07,1448105.4930770788
0.790338772,5634.3881683424115,5.141047693983652,10.926000114837661,4.84503201019648e-07,6122789.286220209
0.899814445,5017.907169647515,9.725735813228413,9.059217135049403,4.845032010196478e-07,11088820.851993598
0.5914149629324675,7150.732262060046,3.359250311162323,1.4728109589684755,4.845032010196471e-07,5049400.8475576425
0.4181634931266308,1608.5185343399644,7.495487338764594,6.388111517606303,4.845032010196474e-07,263627.8776379544
0.722262943,8240.382323041558,0.7383044496588409,4.044390209224075,4.845032010196476e-07,7669160.403476208
0.7141501334309579,5412.110053934157,2.898315623230301,2.2054486848413943,4.84503201019647e-07,5745004.592129689
0.4232505849003792,6668.638149276376,9.030408514202572,11.294097827160732,4.845032010196478e-07,752169.4095445086
0.601092933,2073.1713147833943,0.5171632800912485,4.879493005266413,4.845032010196477e-07,946168.2650382457
0.8876923162490131,7828.463448211551,6.258863929287531,8.719579873923212,4.845032010196475e-07,16113150.239986049
0.7784179793298245,2814.9832990020514,8.567788207856939,6.839670762,4.845032010196473e-07,3165448.4989274284
0.491891228,9406.401505,4.622782945659012,3.750970682632178,4.845032010196476e-07,2724421.836892264
0.384249687,3835.4119826108217,6.106082283003256,10.163563692830502,4.845032010196479e-07,369927.0922809253
0.6752218668907881,5925.594226457179,1.9269191540293396,0.32755138454027477,4.845032010196471e-07,9689247.273121787
0.6202087695896625,1036.9130801409483,5.546601924858988,3.903772718794644,4.845032010196479e-07,590458.2135961277
0.36868201807141304,8793.843236751854,1.2893192616868763,6.6225352390576155,4.845032010196471e-07,944266.5720459133
0.5418778791278601,4446.730801835656,7.9253014841452245,1.238508729664609,4.845032010196474e-07,2776580.8593034307
0.7978500594943763,7704.896920360625,4.058415830643848,9.199981845,4.845032010196477e-07,9078333.501877416
0.8375986343622208,3783.457920886576,1.114493273,11.066352421855553,4.845032010196475e-07,5518056.699782146
0.5816990858316422,6187.919842079282,6.934308688174003,2.3571516190655526,4.845032010196473e-07,3462524.3720475114
0.4781571564823389,2552.658219821751,3.578628737893887,7.739530793204904,4.845032010196472e-07,483558.60177018715
0.72975654,9458.356103,9.632606788064352,5.771790630528703,4.84503201019648e-07,8348561.438060098
0.746931505,2274.4581513106823,1.6264741499079391,9.836338630048559,4.845032010196475e-07,1931246.8276448448
0.46033332355320455,9753.571568988264,5.180758781579324,0.7476938203535974,4.845032010196477e-07,5697345.524931268
0.5638729664683342,3505.815751850605,4.318105838964694,7.168147372491657,4.845032010196478e-07,1119454.744268068
0.8547758528590204,6483.693207614124,7.638152741623112,3.3280676950979977,4.845032010196471e-07,12562504.586126644
0.8155736231058837,4739.761876873672,7.222654805513099,5.208708573952317,4.845032010196472e-07,6925299.256774332
0.5245981048792601,7428.906992077827,0.8560375158563257,8.297401551315561,4.845032010196479e-07,1738118.763874837
0.35140453025698665,1330.4848885163665,9.999731936292722,1.8789597215410323,4.845032010196476e-07,332966.71133800666
0.6379300801455975,8518.394042,3.2426425426229835,11.714967786539345,4.845032010196474e-07,3466276.953082051
0.6573643799871207,4121.847505681217,9.308417053502053,8.068586836,4.845032010196476e-07,2181712.4846440325
0.40138886176049715,5656.19234,2.629447268528864,5.349817214,4.845032010196474e-07,837559.3289442171
0.5090326894819737,3101.9595554098487,6.614355824079365,10.739703888446092,4.845032010196471e-07,608463.6844751349
0.7605582393705845,9137.540351599455,0.1696190002243966,2.7782265294436366,4.845032010196478e-07,11394515.115910575
0.8703799728304149,1805.9624023735523,4.969129925207236,0.9111240967735649,4.845032010196479e-07,4485585.204942347
0.6187817911058665,8112.697414122522,8.211061987063847,9.620329232187942,4.845032010196472e-07,3172301.9837815836
0.44093715667724614,5145.4590409994125,2.1945055782804266,4.232089803917333,4.845032010196473e-07,1073699.736457755
0.6968400430679322,6953.430014662445,5.826904976255261,6.199837157856673,4.845032010196475e-07,4988268.994924977
0.6920781694352627,3943.1073935702443,2.052856165,5.284847435,4.845032010196478e-07,2886944.3882140703
0.4405547557771206,6028.828604146838,5.997838780065999,8.186204166049137,4.84503201019647e-07,885904.8244371504
0.6126353710144758,2711.8870550766587,4.5151357275582855,2.7044750116672365,4.845032010196475e-07,1668989.9491352332
0.8686130254715683,9298.569569,8.694359647190199,10.854393971953542,4.845032010196477e-07,16559326.970487712
0.7678109911084176,2040.303634479642,6.482471115478315,9.736803061617538,4.845032010196476e-07,1991157.1863874537
0.5119145134091377,7790.993080474436,0.3503174338480458,0.835497357,4.845032010196473e-07,5162783.581819648
0.4094792849570513,5449.718018993735,8.86418756,6.319238233,4.845032010196471e-07,791864.2291
0.661083875,6701.368768699467,3.122509558468126,4.165244802059606,4.845032010196479e-07,4478182.742134919
0.6459860211610795,2660.5526003986597,9.506669627728872,0.6359310722723603,4.845032010196471e-07,3207190.540725718
0.35508954346179966,9561.373138,3.6868720918344335,9.907162812398747,4.845032010196479e-07,744892.0176255016
0.5318169126659632,3680.3032886236906,7.041956353264862,3.2075232087355103,4.845032010196477e-07,1426703.7294609617
0.8184215030819179,6080.162522383034,0.9879222803311423,7.236044308748096,4.845032010196474e-07,8482164.648335528
0.8485954888164997,4413.937737233937,3.8348081974629316,8.367173709934578,4.845032010196473e-07,7205922.590613192
0.5620720751583577,7667.368164286017,8.092146883398295,5.086380341667682,4.845032010196475e-07,2804326.089249769
0.4555369677394629,1074.3037024512887,1.455540365,11.787667191252112,4.84503201019648e-07,143511.58386829428
0.7465146221965552,8826.772825792432,5.322408138617874,1.7654132275376468,4.845032010196472e-07,11535323.842771778
0.7293742369860412,1367.9554238915443,3.407656772300601,6.740106785772368,4.845032010196477e-07,1162170.168873004
0.4733956479281187,8551.261957,9.774294326,3.838757246,4.845032010196475e-07,2248831.964234153
0.5799327747523785,4707.031559199095,0.6312337370812894,9.314626145996153,4.845032010196471e-07,1458727.5584966731
0.8314531175792218,7391.299395821989,7.388264724040405,1.164711518334225,4.845032010196478e-07,15158065.760593696
0.8007317186146976,3402.582279406488,7.744564925988206,2.2815705724805593,4.845032010196479e-07,5399698.572702533
0.5491301990300417,6375.998634845018,4.190338701027446,11.182872034171597,4.845032010196472e-07,1522882.0225443805
0.3724008104205132,2382.2908578440547,5.053577796702274,5.704991322224959,4.845032010196473e-07,306907.9483468802
0.6282982227206231,9856.668516993523,1.7335106304911896,7.858977651614696,4.845032010196476e-07,4368195.714977427
0.6789067820459604,5182.9870929941535,5.661890895574354,11.364967703064904,4.845032010196474e-07,2772153.372623332
0.3923052624613047,6986.222308129072,2.419943338,2.0937317196466028,4.845032010196477e-07,1726082.348631824
0.4947384715080262,1773.0319751426578,8.435865318848752,8.787522503733635,4.845032010196478e-07,370835.10633032105
0.7856358838081361,8075.305886566639,4.803519559689798,4.758994301790372,4.845032010196471e-07,10167867.411823722
0.8858915897458792,2998.9421516656876,0.063207263,3.628596667461097,4.845032010196472e-07,6742242.993757075
0.5949130006879568,9029.645669274032,6.742123409006745,6.909397226991132,4.845032010196479e-07,3479593.4497613525
0.4228344048559666,4229.6045906841755,2.756628104409203,0.21395910765044393,4.845032010196475e-07,4370138.563777561
0.7093547476828099,5759.346804581583,9.201380423922092,10.236217403989285,4.845032010196473e-07,3852803.8916718126
0.7193678325414659,2936.114389449358,7.002310600726866,7.624643173292279,4.845032010196479e-07,2275235.254
0.4108893102407456,9285.83341,1.1826484283441678,5.845696805128828,4.845032010196472e-07,1361557.7787595117
0.5877168986946345,3955.976590514183,9.545151790454053,11.042196566974745,4.845032010196473e-07,1233362.4679567446
0.8917373082786799,5804.459649138153,3.4910206461632627,2.5159607942588624,4.845032010196476e-07,14004191.062483398
0.7907430048286915,5260.784263722599,1.3377203589435667,1.3987822425644845,4.845032010196477e-07,8791058.059
0.4866414184868336,6820.534981787205,5.5951562652327125,9.174361652787775,4.845032010196474e-07,1229748.1865919796
0.3801684453338385,1921.2790420278907,3.951350481947884,3.979143231101334,4.84503201019647e-07,316977.95491143235
0.6885657908767462,7979.793798178434,7.818083041328937,6.5061832814384255,4.845032010196478e-07,5384445.674829971
0.6342085956037045,3658.4947584196925,4.5547717208117255,10.470187361203134,4.845032010196472e-07,1526740.9264386897
0.3651070092618466,6313.4449273347855,8.499623888889328,0.073618146,4.84503201019648e-07,10491587.388168408
0.5372839384526015,2427.128574810922,2.014383314937353,7.0497053144406525,4.845032010196476e-07,667042.9506507595
0.8106812839955092,9583.314705640078,6.193699687028304,3.394573825430125,4.845032010196473e-07,14751049.059988732
0.8412098923325539,1201.9929699599743,8.981998104651458,4.524559056451544,4.845032010196474e-07,2087545.645070549
0.5677313700318337,8629.333316348493,2.8497521195588633,8.928151518050582,4.845032010196477e-07,2535679.9172593565
0.4653621811419726,4611.244209110737,6.365938441281208,1.9529783545434476,4.845032010196478e-07,1664665.5280703648
0.734382591,7539.820517413318,0.6243910352019594,11.599258587146178,4.845032010196471e-07,5656444.162953573
0.752072367,4896.031782962382,8.161820548358373,4.399669283,4.845032010196476e-07,5249382.481628294
0.4480488864332438,7273.165213,4.920042772595771,6.1786199836246665,4.845032010196474e-07,1288310.1947287468
0.5504200947284699,1486.2226443365216,5.9346580937681725,0.9762599676474929,4.845032010196472e-07,1078545.2261444442
0.8588976824283601,8362.120112404227,2.3021042607026176,9.502502931626514,4.845032010196479e-07,14258523.25190217
0.8278216775506735,2158.271713,2.5607575871590527,10.620413250178098,4.845032010196478e-07,2985264.639318219
0.5194252666085959,9870.295253582299,9.239881658,2.844826738,4.84503201019647e-07,3772883.4976112167
0.347246318,3389.097163453698,0.25791433928348123,8.045905324509368,4.845032010196475e-07,283155.7642741188
0.6513509751856328,6599.884741939604,6.702496728,5.518861030880362,4.845032010196477e-07,3811856.2730180523
0.6712872349470854,1645.8255555480719,0.9052882668562234,1.5313560371752828,4.845032010196473e-07,1611669.926455816
0.39789082400500775,8273.361315019429,7.271751121422277,11.927918150592596,4.845032010196475e-07,763087.6297279585
0.5043617777526379,4984.790043905377,3.1348802618123592,4.945982162430882,4.84503201019648e-07,1345921.9085578418
0.7734664349257947,7113.561765290797,9.892123941576108,8.601109408149496,4.845032010196472e-07,7349043.105977659
0.8739143932610751,4251.754247583449,5.249457775243559,7.470392320938409,4.845032010196471e-07,8208751.470584119
0.6048909128457308,5526.821771636605,1.6950187084814534,3.066804191963747,4.845032010196478e-07,3093280.693688801
0.4280653437972069,3231.334147043526,7.549848239266314,10.047826085714624,4.845032010196476e-07,412855.04472446296
0.7015429314970971,9007.637633010745,4.229955622701906,0.4015530443750322,4.845032010196474e-07,14934994.224702155
0.7029059325903655,3236.597412265837,1.2012455831719562,6.4938011099677535,4.84503201019647e-07,2365563.6969771893
0.4294370233267546,8985.364267602563,7.020869649645873,3.962187192942947,4.845032010196478e-07,1846193.5343866653
0.6062536458671093,4255.385723896325,3.5016411130828784,9.164906727410854,4.845032010196477e-07,1568674.6166045298
0.8752858047187329,5505.113882943988,9.555810437780805,1.3906079426873477,4.845032010196474e-07,13211983.446202729
0.7742824233323337,4998.770555481315,5.616266137840227,2.5094330256432293,4.845032010196473e-07,6839970.7597394865
0.5051861775666475,7082.569141872227,1.3587920511439442,11.031095110336318,4.845032010196476e-07,1285285.2802869598
0.39870707839727404,1658.176289871335,7.845872734474019,5.830387298231944,4.845032010196479e-07,259623.37348489108
0.6721119007468224,8242.936179973185,3.979178281001747,7.610614470560104,4.845032010196471e-07,4795767.679501539
0.6527138010412454,3358.0331932753325,8.493232507359236,11.610177090903743,4.845032010196479e-07,1531422.9393791528
0.34861755527555943,6613.935527391732,4.548418519688771,1.9596890760399401,4.845032010196471e-07,1410099.5653128831
0.520788358,2127.7752313762903,6.190402669187636,8.941997267901897,4.845032010196474e-07,493377.282
0.8291931807994843,9882.716261781752,2.0110481911879035,4.540051516229287,4.845032010196477e-07,15909511.718053114
0.8597137793153524,1464.0195528045297,2.816436473653652,3.4113469107076524,4.845032010196476e-07,2901544.658557141
0.5512448700517416,8367.312030866742,8.948720564655028,7.062270438792184,4.845032010196473e-07,2496751.7927737674
0.44886471524834637,4874.394168145955,0.5892778929779307,0.081609493,4.845032010196472e-07,8676550.248450235
0.752896874,7276.725342,6.330787118650043,10.479825239460915,4.84503201019648e-07,6314721.844785165
0.7357538269460202,4598.874699324369,4.884972504175269,5.501882078945637,4.845032010196475e-07,4252438.702169366
0.46672500595450406,7570.368497632444,8.126788460345008,8.033500328594819,4.845032010196477e-07,1308318.518672414
0.5691028743237257,1187.9593506455421,2.268898239,2.836629524370655,4.845032010196478e-07,582646.4985
0.8425729852169752,8660.414452664554,5.901413966284134,10.6109355,4.84503201019647e-07,13129881.210788822
0.8115060582756997,2423.6199436709285,9.236465480266139,9.491378561,4.845032010196472e-07,3109225.380597908
0.5381000342965127,9605.003819,2.557379515107721,0.9697093745879829,4.845032010196479e-07,6550737.986549152
0.3659315175563097,3653.320006094873,6.696072008503601,6.1645683671161535,4.845032010196476e-07,430681.21530226053
0.6350244254618884,6335.665185004473,0.251451439,4.3843369514960795,4.845032010196474e-07,3611172.723021445
0.6899374693632127,1943.038429133594,7.299497866265477,0.40828659031540154,4.845032010196476e-07,3112268.0183019876
0.3815314453840256,7976.213820278645,0.932996906,10.058767503248527,4.845032010196474e-07,711438.1734131996
0.4880128309875727,5283.074795268476,9.913124115355313,3.0823194761853663,4.845032010196471e-07,1686333.0688648715
0.7921057388931514,6815.288882702589,3.1559186159987003,7.484260984566062,4.845032010196478e-07,8090515.064
0.8925617070496084,3986.4532239735126,1.7057584100188687,8.613697356944904,4.84503201019648e-07,8460596.063101286
0.5885328860580922,5792.160413227975,5.260159296373837,4.962778161484748,4.845032010196472e-07,2466377.993941173
0.41171397708356383,2967.124179005623,4.2485861900420865,11.937578853294253,4.845032010196473e-07,304225.32673414965
0.7201840879768133,9271.870064549148,7.568516912515276,1.5393702979478985,4.845032010196475e-07,11199528.584272224
0.7085384849458933,4207.347318530083,5.994465475909412,4.150001133186742,4.845032010196471e-07,3632551.899331261
0.4220097307115793,5764.626163057983,2.049444755302742,6.305275190006942,4.845032010196479e-07,866312.7063644506
0.5940970039367677,2977.218169718981,8.687891979344188,0.829035426,4.845032010196476e-07,2704903.9687655247
0.8850671815872193,9033.261052332819,4.508706240119413,9.725767264,4.845032010196473e-07,18064317.053961877
0.7842731591314078,1742.0575907453895,0.315280578,10.845004705935716,4.845032010196475e-07,1821286.4907478706
0.49336706839501865,8089.3046371638775,6.447396079163068,2.69636655,4.845032010196477e-07,2796575.845506872
0.3909422697126866,5152.543718926609,3.089270198878832,8.173887653937562,4.845032010196478e-07,562503.8999346544
0.677535111,6998.554803431034,8.830986306483858,5.267957234624773,4.84503201019647e-07,4750556.407981757
0.6274824022501708,2396.3598823174834,3.6975688450699673,1.7733387365099043,4.84503201019648e-07,1849459.150681153
0.37157631151378157,9825.622785836458,9.517404561371542,11.797239410150796,4.845032010196472e-07,783297.4535337738
0.5483141104876995,3414.985049,1.0065957214748487,5.1030875889211895,4.845032010196473e-07,1147789.840124821
0.7999069516360761,6345.483914017677,7.060591688499787,8.379673174927012,4.845032010196475e-07,7724687.9859641045
0.8300900173932315,4712.239570915699,8.119860290227457,7.249824399240315,4.845032010196477e-07,7059266.420382994
0.5785612631589174,7369.112397544086,3.862559710200876,3.222949830489233,4.845032010196474e-07,3549957.600355667
0.4720328137278557,1371.4994601905346,5.343441724909471,9.918015656797214,4.845032010196471e-07,235138.55812611777
0.7280029913783075,8529.608248732984,1.4765357706062496,0.6425759557448327,4.845032010196479e-07,13482520.093142595
0.7456901222467422,1104.835589416325,9.795370785605162,7.845037432685494,4.845032010196474e-07,1014904.1348680968
0.4547211462259293,8814.387222751975,3.428771413,5.689770567128435,4.845032010196476e-07,1682966.859772474
0.5612473092228174,4445.034966804087,7.416087755199523,11.171859061336145,4.845032010196479e-07,1162565.2313039908
0.8477794013172388,7653.350638225675,0.6590186623316259,2.275131555665284,4.845032010196472e-07,15139460.801927194
0.8170499904453755,3701.9741628319025,4.208892982051708,1.1566258809249848,4.845032010196471e-07,7169959.334238211
0.5304538114368916,6076.635652221739,7.763157312921249,9.305259793754667,4.845032010196478e-07,1423290.7891888325
0.35371829889714723,2682.7910970896482,1.744174045712687,3.8218898700550197,4.845032010196477e-07,382679.6910748779
0.6446231880038977,9556.216624565423,5.064203031516635,6.727813187437132,4.845032010196475e-07,4941852.203982015
0.6602592001855374,5446.119802072644,2.386661030168645,10.245766709111631,4.845032010196475e-07,2671217.6146518327
0.4086630211770535,6723.109916783869,5.628570481774398,0.22186179217882457,4.845032010196473e-07,6589865.024
0.5110901062935591,2035.0757744163275,4.768373004953378,6.921873778207227,4.845032010196472e-07,498181.67067762243
0.7669949954003097,7813.301851041615,8.400756944519468,3.6452810902707276,4.845032010196479e-07,9464804.499
0.8672416213154794,2699.571725912392,6.7357749757785355,4.774398009767756,4.845032010196478e-07,5322916.011
0.6112726452946664,9329.03011,0.056820649,8.801279769781976,4.845032010196471e-07,3571408.8046313585
0.4391830856353045,3929.1601413860917,9.198040532277897,2.100353689342737,4.845032010196474e-07,1229539.0865649858
0.6907151777297259,6059.854486957192,2.7533263186737895,11.375797723019495,4.845032010196476e-07,3475245.8076629043
0.6976647182554008,5114.961553364992,9.056400674,0.29602490927092734,4.845032010196479e-07,9191694.194
0.44175342,6965.850017033517,2.9242696768986063,10.130756502728909,4.845032010196471e-07,901644.4628810663
0.6196061982214451,1774.8994380235672,6.2817712609646845,3.7106624690815804,4.845032010196473e-07,1014950.3641356073
0.8711959685385229,8126.749205,0.5401087921755389,6.8039363257307555,4.845032010196476e-07,15604974.018158866
0.7619296435266734,3080.322946421802,4.636497813517228,8.682198817133903,4.845032010196477e-07,2963082.461010722
0.5103954152017832,9141.101486980915,8.581464895308018,4.840831412309781,4.845032010196475e-07,2587453.8124239794
0.40276053190231326,4099.643408320844,1.9424219824168831,11.259644016465172,4.84503201019647e-07,395347.13741904695
0.6587273716926576,5661.383252590895,6.1216232172995815,2.1755688301660117,4.845032010196478e-07,4671617.016734308
0.6387545800954104,1334.1173706576228,1.251121254313737,5.810635176366195,4.845032010196472e-07,705079.5623949177
0.35222035177052025,8496.687158942223,5.508442097892986,7.776728897113353,4.84503201019648e-07,768537.4947264494
0.5254228708148003,4745.024136267602,4.028184975389392,2.3872144266217945,4.845032010196475e-07,2025744.1454978792
0.8163897106051445,7406.632620841265,7.895032522981987,11.100623279670254,4.845032010196473e-07,9457411.049617238
0.8561473654955627,3518.1654803454876,6.932799668111839,9.232971988357603,4.845032010196474e-07,5936673.197961326
0.5652360676974059,6453.267067,1.1130223585208878,1.2698522520530968,4.845032010196477e-07,4342153.526080879
0.461704568,2288.439669,9.624427483254113,6.658452628133818,4.845032010196479e-07,453239.7456086026
0.7482943384349348,9722.579951398075,3.5704112526765095,3.943897979464382,4.845032010196471e-07,10460403.505654784
0.7305723603069783,2574.949757196009,5.172460242151283,11.682183420881628,4.845032010196476e-07,1898767.4420573334
0.47898165538907056,9453.111009672284,1.6182137908870353,1.8474561600480228,4.845032010196473e-07,3684418.5406701895
0.5825151743739844,3805.216302163899,7.636610309048557,8.261689939564095,4.845032010196472e-07,1286737.2668155904
0.8384234013408423,6184.338858351111,4.3165253004813575,5.168423274178058,4.845032010196479e-07,10258727.856705086
0.7992131596803667,4477.7395855635405,0.8258496089037508,3.289428926585242,4.845032010196478e-07,6533977.946787495
0.5432493907213212,7690.932569094002,7.192505004469306,7.130789229478687,4.845032010196471e-07,2178996.848300558
0.3700448522716761,1067.3907194286585,3.204554234078154,0.7178367901220918,4.845032010196475e-07,476071.7318
0.6215800151973963,8781.545006670058,9.961605447340757,9.801907733129337,4.845032010196477e-07,3472289.6264279005
0.6760381296277047,3821.377357468009,2.6450692570358516,6.2370123479887845,4.845032010196473e-07,2429151.129301286
0.38507436066865924,5956.674356944859,9.324000936,4.270911525310948,4.845032010196475e-07,953667.5782403187
0.49270722456276417,2802.6147950440645,0.1833672060966492,9.654577176226303,4.845032010196479e-07,502038.3530199196
0.7792423874884844,9436.950490809977,6.628142210358755,0.9411640798859299,4.845032010196472e-07,16396261.419236274
0.8890550409257412,2067.9975682869554,8.233926444937476,2.809547138055786,4.845032010196471e-07,4877103.151935809
0.6024643360078336,7850.684711709619,4.991956202673727,10.772671206984668,4.845032010196478e-07,2648775.6697288216
0.4246135776489973,5408.600416965783,5.8527875115023935,5.389919561,4.845032010196477e-07,918225.0702234517
0.7155218046158554,6690.326256677508,2.220426219,8.104481401080266,4.845032010196474e-07,4936481.898901511
0.7208912647515535,1620.9224434569478,3.755418969169259,9.942159362463281,4.845032010196478e-07,1177607.8645551205
0.41680049307644373,8209.868742153049,8.012870408365503,0.4837789297662676,4.84503201019647e-07,5293837.812329294
0.5900435504317284,5031.975054182112,1.525164832830429,7.364725597687065,4.845032010196474e-07,1828809.1130283098
0.8984517106413843,7119.685391,5.391920076960698,3.149030077354982,4.845032010196477e-07,17349507.607726667
0.7895143734663725,4358.677165582776,9.429721598793753,5.027704927399754,4.845032010196476e-07,5560774.867214102
0.4810506712645293,5612.733320333064,3.610036741661839,8.496037281760946,4.845032010196473e-07,1013986.0497348967
0.3775897173583508,3129.1144993156195,7.128668993388303,1.6130788021441549,4.845032010196472e-07,874780.8196503919
0.6816249470412732,8881.934692151845,1.074522316190414,11.822846024204045,4.845032010196479e-07,4741177.735901962
0.6310488160699607,4837.198743596673,6.554546579479241,7.963862391998991,4.845032010196471e-07,2189441.7793312366
0.35758511386811737,7243.583255447447,0.42228036808315667,5.624344801250845,4.845032010196478e-07,807974.5374055885
0.5354742576181889,1497.025115415454,8.782347335978411,10.538370317667722,4.845032010196477e-07,368686.12240849604
0.8045094873011113,8404.645589,3.040782087543048,2.9503105083946135,4.845032010196474e-07,12874883.595982533
0.8440492383390665,2231.283982284367,2.137137477165088,1.0815150469169021,4.845032010196473e-07,4872426.958
0.5749584666639567,9990.136763080955,6.0820074875988075,9.420597213776782,4.845032010196476e-07,3007897.2614694117
0.4673983013629914,3250.475631095469,4.440619027,4.504924362106249,4.84503201019648e-07,765774.0339670383
0.7408064615726472,6510.564373806119,8.619955625344067,6.096714265774936,4.845032010196472e-07,6035892.558206426
0.7579830208420755,3545.6996634602547,0.14488623534515502,2.035227109,4.845032010196477e-07,4707167.149878204
0.4495717898011208,6232.372905127704,6.823992464056239,11.493614733004943,4.845032010196475e-07,807312.0474784537
0.5571339745074511,2527.048747986555,2.684713817600161,4.606807810952887,4.84503201019647e-07,939810.3974
0.861223812,9712.486027739942,9.12927598,8.822507663909345,4.845032010196478e-07,16989921.33804656
0.8222314570844174,1221.0266208276153,5.736246418991127,6.944564580721781,4.845032010196479e-07,1769633.5807421834
0.5181971620023251,8697.668064385653,2.4944888695320113,3.4762279830686746,4.845032010196472e-07,2982190.289
0.34030599884688856,4561.758148483932,8.351745258742012,10.365046627484261,4.845032010196474e-07,345002.9282006168
0.6487727718800307,7537.163630127907,4.719209268032574,0.15527230349369348,4.845032010196476e-07,14740494.488737138
0.6637658663094044,2859.704047,7.675081967505627,4.084604132,4.845032010196474e-07,1972984.309438787
0.3947315712273121,9168.361615389585,4.1206655854927385,6.424117479817942,4.845032010196476e-07,1173807.9669452314
0.4981905057281256,4089.824612252414,5.132825441,1.5042431438248605,4.845032010196478e-07,1940365.530976891
0.7716572787612677,5899.718143045902,1.8129483572142198,9.092295851167291,4.845032010196471e-07,5933529.099118862
0.8811409610509873,5316.217586398125,3.3210857163015755,10.960359456455334,4.845032010196472e-07,10230482.406049643
0.6077297300100327,6852.485078386962,9.687533038,2.621284480858594,4.84503201019648e-07,4163073.6582559673
0.434488692,1905.7057090103626,0.7080402563903481,7.542806063,4.845032010196475e-07,277919.4064924328
0.7035785291343928,7943.209162913263,7.465261251404883,5.951020491728559,4.845032010196473e-07,5995682.286231728
0.7072847591340543,3433.453507721424,3.244876906610094,8.977064714441076,4.845032010196476e-07,2347996.1550608114
0.4338081727921963,6397.872711531818,9.923943278701044,4.575306761935353,4.845032010196473e-07,1261147.3951020027
0.6106335561722518,2342.704813927412,0.7857748482739554,11.551571210790426,4.845032010196471e-07,806604.2039512595
0.8796559017151595,9808.359979651868,7.230377016351559,1.9012738983985038,4.845032010196479e-07,23081852.884632144
0.7699110725522043,1389.9553632363677,7.596126720068977,0.022964931782335045,4.845032010196478e-07,5049691.195345513
0.5008075502514839,8581.984389573336,4.354329313989729,10.421357266334816,4.84503201019647e-07,1570110.4866116615
0.3943367821723223,4658.589112572372,5.212695919228718,3.446372818,4.845032010196475e-07,876456.1005062386
0.6677321917563677,7351.854100823402,1.5801999341361224,7.097475747652352,4.845032010196477e-07,4258833.5096469205
0.6483424502611161,3029.5983841642737,5.815203957252205,9.129474871428684,4.845032010196473e-07,1453854.0204551816
0.34423892796039585,9051.720928400755,2.2608228129614143,1.3557171064242721,4.845032010196475e-07,2383306.2130314345
0.5164180622249842,4190.0930954143405,8.271872303314506,6.552039677333086,4.84503201019648e-07,1077567.5940760362
0.8248134718090296,5710.979677736759,4.951960131,4.0209696833323685,4.845032010196472e-07,9179759.115036806
0.8640926058590412,5204.928442835808,0.2210973731102422,5.888667405191809,4.845032010196471e-07,9777391.835199935
0.5556160195171833,7017.019289545715,6.587579932491296,7.6694468977954235,4.845032010196479e-07,2067083.9595471546
0.45324462555348877,1724.7907109558582,2.6069767858954145,2.4740398506168275,4.845032010196477e-07,520926.1316844953
0.7572669710963965,8035.645595751703,9.364162692,10.996257069557906,4.845032010196474e-07,7090596.158815715
0.7401251172274352,2018.371102400124,1.904691834027879,3.0238298176042733,4.845032010196479e-07,2231962.524
0.47110370628535747,7760.204983875155,6.162185513791629,7.425592013401911,4.845032010196472e-07,1423314.7395834303
0.5734731142222882,5497.950934804976,4.674590303282254,0.4434673997480422,4.845032010196473e-07,5981757.159784239
0.846952771,6741.020778,8.541303157848306,10.093771814070642,4.845032010196476e-07,10595378.324869607
0.8071272922307253,3912.4423433095217,6.319354796590284,11.972812636876478,4.845032010196477e-07,4650589.062534838
0.5337288118153811,6006.7444602027535,0.4997121800258756,1.574413111060858,4.845032010196475e-07,3214098.9183013053
0.36155166357755664,2751.4068987220526,9.018454796778038,8.555257813874633,4.84503201019647e-07,278258.8319784349
0.6306542512774468,9346.944977529347,2.9642657300159336,4.904150551250204,4.845032010196478e-07,5003003.141180436
0.6855587033182383,4391.929517,9.664911053609103,2.895486540365964,4.845032010196472e-07,3769508.486103982
0.377160223,7636.637383140624,3.5326072205435484,10.669237114107236,4.84503201019648e-07,651063.7490417007
0.48363297700881963,1122.7550338953733,6.892563972409815,5.467065812954679,4.845032010196475e-07,282530.7173876798
0.7877355647087098,8866.226938553154,1.1510361966472118,7.9981314743310215,4.845032010196473e-07,10104393.108722908
0.8969329973310234,2629.689653404057,3.987862321,6.129701985614374,4.845032010196474e-07,5941251.033
0.5929115863889456,9539.50741,7.932694710246288,4.348926736302674,4.845032010196476e-07,4384331.766408604
0.4160842169821263,3719.8804477229714,1.2911960335681214,9.550182603057474,4.845032010196478e-07,425533.08076592267
0.7245638741552831,6128.462241962552,5.470570104635321,1.0279724860470743,4.845032010196471e-07,8428101.949947258
0.7129098409414292,2180.2798667922616,8.311508371066301,5.138451440567151,4.845032010196477e-07,1829713.7007086985
0.4263883632421494,9901.025967672467,4.757224298132584,8.414494443535805,4.845032010196475e-07,1299818.9703793572
0.5984673116356135,3340.645899064839,5.7767311813198035,1.7150321201421321,4.84503201019647e-07,2301748.4130185395
0.8894469020515681,6560.430696234107,2.456683645425364,11.738387396773323,4.845032010196478e-07,13201998.21922106
0.7798943252861501,4926.894797,2.724787404880859,9.859758977275341,4.845032010196479e-07,5122675.783
0.48899591162800793,7295.031008310616,9.091405178776942,0.583765482,4.845032010196471e-07,5360597.0008706385
0.3865623500198126,1446.6454181820154,0.10456477341149004,7.285241046370938,4.845032010196473e-07,161696.2884990759
0.6731650044769049,8313.820325769484,6.861653459346854,3.2578097800537944,4.845032010196476e-07,6426344.853677865
0.623103568,4273.686846718192,0.7461291702343151,0.7940361178386957,4.845032010196474e-07,4347175.411
0.3672051547467709,5557.6099352911115,7.425103089866229,9.690581452287734,4.845032010196477e-07,494652.1685674043
0.5439341907948256,3183.101164,3.283359144,4.208675107,4.845032010196478e-07,1149186.8603416248
0.7955368452519179,8967.985556460917,9.728091758531518,6.363759845970199,4.845032010196471e-07,11246056.012695773
0.8344613733887674,1676.4905387535691,5.094875987948851,8.232508832,4.845032010196472e-07,2529207.0469142827
0.5829398956894876,8295.445391908288,1.852947986252606,5.326403209632263,4.84503201019648e-07,3306919.5610288084
0.4764031214267016,4945.270267315209,7.712669079052285,10.80995546088554,4.845032010196475e-07,786618.6229
0.7323827118426562,7065.186424180865,4.080265397422016,2.661139198169112,4.845032010196473e-07,7769318.858778381
0.7500688830763103,5230.128098279238,7.166618427686394,6.863084855880588,4.845032010196478e-07,4963250.426195206
0.45909236349165444,6798.459789715707,1.0345226685274391,3.587048954842612,4.84503201019647e-07,1696540.6131866975
0.5656271517276764,1960.7904702425003,9.392134468622505,10.28065111343749,4.845032010196475e-07,569488.1593553318
0.8521495640277863,8028.160857968032,3.650436911107972,0.25730008009821176,4.845032010196477e-07,22336995.79151245
0.8126787074655295,2914.1729725524783,1.487075937611051,2.1351967327389865,4.845032010196476e-07,4941153.658578395
0.5260751184076071,9255.036361515522,5.4320782571239405,11.411185895428062,4.845032010196474e-07,1896509.6590621944
0.3493480683863163,4004.217921756208,3.7931455602617934,4.715570585150272,4.845032010196472e-07,494123.2583165668
0.6402434112131596,5844.120007008314,7.972311706419104,8.742994660204277,4.845032010196479e-07,2701079.068845193
0.6558879172056914,1171.1216745898128,4.400545458293521,11.23028067,4.845032010196471e-07,556093.5798201984
0.404284328,8607.459172606468,8.657826445252635,2.333731003841385,4.845032010196478e-07,2129056.2990685226
0.5067198757827283,4650.830320082605,2.177458957723342,7.809788618916645,4.845032010196476e-07,1014758.1414295259
0.7626152186095716,7588.129121810198,6.044346510932781,5.654696688652039,4.845032010196474e-07,8093417.4939874895
0.8716203821450472,3636.4948861300945,8.822584205029532,3.7866795585770157,4.845032010196473e-07,7564267.439491194
0.6156438625603915,6282.722561620176,3.002767038818449,6.692792283110321,4.845032010196475e-07,2754657.2774860235
0.44356292814016346,2475.5709543824196,6.514061798525975,1.2150888514332474,4.84503201019648e-07,1063770.5644795583
0.6950853404402734,9622.759933583438,0.4600855735652149,9.363909357441589,4.845032010196472e-07,6004550.563599459
0.6932849498093129,1550.0747757032514,6.655749317347073,2.3986579037550837,4.845032010196474e-07,1473302.8602763778
0.4373831982910633,8421.303054317832,0.2891136638456956,11.11262046173215,4.845032010196477e-07,994898.9402725514
0.6152274801582098,4819.275007583201,9.276540222271345,5.728405326846987,4.845032010196478e-07,2263193.9052945096
0.8668246605247261,7191.739248111844,2.519507559099235,7.695055655827746,4.84503201019647e-07,13246622.159419104
0.7662997978925705,3303.529867902398,2.3093818467315286,6.576184097658842,4.845032010196471e-07,3471987.5492353337
0.5147752493619919,6527.226381935179,5.863609896901996,3.8621719426941126,4.845032010196479e-07,2106130.305935156
0.4071317742019892,2213.3476566523314,4.844736845722423,9.244373925896362,4.845032010196476e-07,261866.54039457717
0.6631061575561763,9938.280132599175,8.164802261222153,1.281799497269094,4.845032010196473e-07,9981730.919081515
0.6431247344613076,5048.641102388501,4.286169688418508,3.6988545825053003,4.845032010196477e-07,3207254.437840986
0.35660018593072895,7172.7436343207955,7.528120337614791,6.792303553111851,4.845032010196474e-07,736151.0964754365
0.5297941131144762,1569.069853052497,1.6678124957680702,0.3778874460421503,4.845032010196471e-07,1609961.0901417807
0.8207684964686632,8191.936423070729,5.300155386740342,10.212797056762502,4.845032010196479e-07,10904930.937208258
0.8517675970494747,3145.767924375832,9.875394004215487,11.341548092830926,4.84503201019648e-07,5022580.7092203405
0.5608658455312252,8934.980345889926,3.196480875,2.257659321045503,4.845032010196472e-07,4596991.026764098
0.45732585005462173,4306.829118169844,7.3375903932796795,8.670429611513391,4.845032010196473e-07,688666.5023541137
0.7439230304211379,5594.8055777698755,0.8928351310817525,4.829251435175538,4.845032010196476e-07,5581928.622264158
0.726202279,4037.422940135002,7.883602864238434,9.57287555,4.84503201019647e-07,3056216.2058628215
0.47460176073014737,5881.236809305847,3.9386160403834656,0.8589172348659486,4.845032010196478e-07,3364858.7346523283
0.5781440092623235,2876.9196458160877,5.578173629450612,6.248981189327314,4.845032010196477e-07,1063196.086578825
0.8340445591509342,9221.969476900995,1.3989538444774225,4.282337962277233,4.845032010196475e-07,15389842.476142498
0.8035928551107645,1853.308110497892,3.464057596081868,5.401941376635805,4.845032010196474e-07,2517580.5723633775
0.5476196733862162,7924.731802195311,9.596206994056702,8.115946340337395,4.845032010196476e-07,2181627.4739376595
0.3744234931468964,5333.4200931712985,1.239191478798166,2.7278956268914043,4.845032010196479e-07,1029166.1585391328
0.6259513795375824,6906.079747,6.9808735406547795,10.690465722894295,4.845032010196472e-07,2712504.8241474954
0.6804178250581027,2508.575997315347,0.5487942667491734,8.343758923653514,4.845032010196478e-07,1486129.546
0.3894446433335543,9660.092938691378,6.368591169407592,5.250302761783823,4.845032010196471e-07,1364389.390143746
0.4970858654379845,3599.2989419028163,2.8566721134819093,11.670579122984782,4.845032010196474e-07,612744.9189457411
0.7836137518286705,6249.579921364784,8.910706745153293,1.8356651796400547,4.845032010196476e-07,9573045.313
0.88468496,4543.272204697132,6.230725378968754,0.7061823767144233,4.845032010196475e-07,12263661.750064082
0.5980844413489104,7484.757448546588,1.9733859852990137,9.790075391791762,4.845032010196473e-07,2542646.4573043375
0.4202424125373364,1274.6298722922802,8.453157783978618,3.3714449365250765,4.845032010196472e-07,304479.9018079667
0.7111429624259473,8714.879154227674,4.586290494321846,7.212630214793608,4.84503201019648e-07,6484069.396
0.7165211156010629,4761.831771582365,1.7844108775146306,10.550156295457855,4.845032010196473e-07,3281160.1803793884
0.4124206641316414,7459.557860158384,5.0261880200412135,2.961919808909297,4.845032010196476e-07,1659132.6990453778
0.5856723196059466,1282.1145430207253,4.168408163849265,7.8819779017753895,4.845032010196479e-07,456174.84550431115
0.8940729362517597,8478.879327885807,7.800962555652485,5.542280819779262,4.845032010196471e-07,19036731.009993497
0.7938941346108914,2305.2604971453547,7.376014223792591,4.4230898087285455,4.84503201019647e-07,3099309.421278853
0.4854208861291409,9775.518283247948,0.6968894449910149,6.014691823897883,4.845032010196478e-07,2136398.1012803717
0.3819684260338545,3466.1586796864867,9.835692303412594,1.0933538201916964,4.845032010196477e-07,1251669.3390919159
0.6859962456673384,6435.455162078142,3.3911103988876565,9.432245195247233,4.845032010196475e-07,3800575.152773903
0.6354285772144794,1827.833260409534,9.159951599809341,7.353304163338616,4.845032010196475e-07,898179.2045
0.361955329,8143.565424,2.793484536086209,3.1370562333986163,4.845032010196473e-07,1359088.5362610111
0.5398529662936926,5097.145139239728,6.773501529621893,10.024411210101098,4.845032010196472e-07,1221784.315025133
0.8088807859271765,6913.838606327772,0.016261984516866505,0.565475554,4.84503201019648e-07,14824224.469921274
0.8396790891885758,4152.573157,4.806322476500646,1.6952778542973101,4.845032010196479e-07,8295007.8182215355
0.5705786377191544,5678.195497952402,8.360757259607315,11.904503967305645,4.845032010196471e-07,1526437.9769356411
0.46302707053720954,3062.5196248292923,2.349073937246576,5.016233556205407,4.845032010196474e-07,659307.0422385146
0.7364276871830225,9089.103269390762,5.668970613971354,8.484021898210049,4.845032010196477e-07,7517287.340252842
0.7536033201962711,2784.2492992058396,3.051320708706975,1.4221961578540505,4.845032010196472e-07,3964130.5596884303
0.4452015019208193,9384.390065446496,8.870985972771422,9.010439746333287,4.845032010196479e-07,1343001.7444263892
0.5527553221583367,3874.8607309535146,0.35286765223741534,4.096230473043397,4.845032010196476e-07,1468532.981170397
0.8568524357676506,5974.040193483233,6.406995928341524,6.435931798331439,4.845032010196474e-07,10646190.38399536
0.8266015457361937,5390.247544273734,8.725980930437334,7.554391042524949,4.845032010196475e-07,7853618.1374777835
0.5225770639628172,6637.778420932591,4.468548041331583,5.962784694731235,4.845032010196477e-07,1810725.0871357438
0.34467717334628106,2121.476398780942,5.956738940690645,10.87827396819368,4.845032010196478e-07,168558.6776351544
0.6531516234576702,7868.045971728861,2.0900034386245534,2.539375401875004,4.845032010196471e-07,5977055.430294476
0.6681359549611807,3752.6644598692656,5.383515274940991,4.688487484175711,4.845032010196479e-07,2515763.434879307
0.39911147318780427,6165.981945581734,1.4386650065714492,8.904731081491336,4.845032010196472e-07,661299.9809802446
0.5025616802275181,2592.307010665536,8.079538791044616,2.023236358920112,4.845032010196473e-07,1101676.4691843055
0.7760361303389073,9506.585800088942,3.9002207427406685,11.482164823934436,4.845032010196475e-07,9323976.364261286
0.8767612604051829,1014.8343006148934,0.9663588710483164,10.353094379650429,4.845032010196476e-07,1913704.6540471907
0.6033594421297312,8763.183550909162,7.098606681,0.14387536857277156,4.845032010196474e-07,16051809.280830238
0.4301100397109986,4495.109428651631,3.738053644647822,7.026285614874213,4.845032010196471e-07,673938.2909289785
0.6992071533203126,7744.4199826568365,9.479599300015717,3.5585015161614866,4.845032010196478e-07,6659046.249982602