x1,x2,x3,x4,x5,y
0.3508747915178538,5046.244012191892,0.7361541756903753,4.961281541259959,8.897240600542608e-07,732700.3475129032
0.713816564,6931.545058265328,8.137297952651977,6.557001269236207,8.897240600542605e-07,8340062.746685433
0.8855595973134041,3105.6536193937063,2.865475165084936,2.960375440483913,8.897240600542601e-07,12231017.304303132
0.5313854822516442,8885.307310149074,5.461194906,10.337398208361119,8.897240600542608e-07,2732630.423932776
0.6192078913748265,1327.4605637416244,9.053502920562401,10.597614411218093,8.897240600542606e-07,787787.5809245964
0.7987667866051198,8417.912079952657,1.4598100982764735,0.030625235,8.897240600542603e-07,49760078.769567676
0.6249040763825179,3307.576256804168,7.353862221628428,8.500475497,8.897240600542603e-07,2088042.847203405
0.4365785919874907,6415.801133029163,4.956184141120874,4.095331263653934,8.897240600542609e-07,1761654.3382105902
0.4507859035581351,2389.097709208727,6.294784959614278,0.9688750540651381,8.897240600542605e-07,1583338.0106490236
0.68287791,9865.546863526106,3.8967993498956788,11.53293358954601,8.897240600542608e-07,8122497.474834299
0.7933229099214077,4917.745262384415,9.791271159732714,3.156847036220133,8.897240600542607e-07,11421696.763232205
0.5524621777236463,7358.860097825527,2.197275576130487,7.564921910399571,8.8972406005426e-07,2974206.7052387428
0.5018661880493165,4296.550155617297,3.2900243068197743,7.492140889316797,8.897240600542603e-07,1275662.4584227381
0.8472727125883104,5725.677856244147,5.885436518186704,5.899345012800768,8.897240600542606e-07,16375591.341896934
0.7345734579116107,1745.9039287641644,0.6140331936096773,9.402390085663646,8.89724060054261e-07,2169942.6470759185
0.39793245442211633,8263.118026,8.014874209,2.0224434663262216,8.897240600542604e-07,2771584.000163328
0.3825947316735983,2090.841129422188,4.152467955617235,8.795479569397866,8.897240600542607e-07,288653.09745179414
0.7542861952632667,7913.788355886936,6.595310385,4.2212956956122065,8.897240600542601e-07,13693476.822988264
0.8625938962399959,4092.168603092432,1.9461741479597985,11.103755264598876,8.897240600542605e-07,11808662.45143415
0.4821700231730938,5934.451844543219,9.504468201327137,0.6955604120623321,8.897240600542609e-07,5269605.469067546
0.5678004491329194,4559.692864306271,6.225926399785094,2.2665195937268434,8.897240600542609e-07,3451242.609
0.7736096531152725,7712.515902705491,3.6631642660163344,9.860899116313085,8.897240600542604e-07,12343693.816762833
0.6675572795420885,2606.7307153716683,7.689918594350107,4.852517360076308,8.897240600542601e-07,2615822.2606324367
0.47048155315220364,9652.310484088957,0.24605163091234863,6.244052985431626,8.897240600542606e-07,2529735.369982838
0.42125766910612583,3656.9764520972967,8.504898121018893,9.300038032224402,8.8972406005426e-07,625039.1960963581
0.6445999846607446,6070.797665044665,1.061338687,1.7027292982302606,8.897240600542607e-07,7546482.187019763
0.8141053166985512,1118.753345683217,5.087826050269418,6.804691095696762,8.897240600542608e-07,2550202.014
0.5994943425059319,8622.222537,2.5253666778169572,5.416084681749344,8.897240600542605e-07,5393119.0940343235
0.5467069245874883,2751.789423637092,1.7462315878532826,3.658056224072352,8.897240600542604e-07,1493887.6591432914
0.8658631403744221,9243.563841097057,9.304833170431666,8.235165378637612,8.89724060054261e-07,28422612.72359302
0.6984785490483046,5259.276828728616,4.6554298943262555,1.2589428155403584,8.897240600542607e-07,9404496.869
0.37058778755366806,6714.1199400648475,7.098575085,11.664212387297303,8.897240600542603e-07,692435.2274707298
0.3650492209941149,3116.7815178632736,9.883090205815622,6.107014030572027,8.897240600542609e-07,506309.22439067496
0.7018339110165834,9142.245717346668,2.4856054714526983,4.521540333917365,8.897240600542603e-07,11329354.125678945
0.8801575982570649,5105.428580194712,6.505074344868772,10.004500054121017,8.897240600542603e-07,16869305.090744227
0.5346042495965958,7166.794117540121,3.910577252674848,2.5908888987172394,8.897240600542606e-07,4253154.386267351
0.5853470300137997,3476.632689125836,0.3170873958654702,0.4586073871329427,8.897240600542608e-07,5523638.018608879
0.8260608713328839,6549.967390485108,7.911998731876724,11.05925779410638,8.897240600542601e-07,14706836.926094752
0.6499946435540915,1509.966597892344,3.265341912,4.453058839533478,8.897240600542605e-07,1398265.598570264
0.41804625652730465,8494.683289,5.666684436,8.845029706237838,8.897240600542608e-07,1353119.3255817397
0.47383742623031144,4678.38498,3.0843106105532496,11.99481209547259,8.897240600542604e-07,911167.8046730779
0.662018156,7294.997824,5.4859558961065495,1.3970908999070526,8.89724060054261e-07,10604664.259108558
0.7615075017511845,2136.270524933934,0.8389558251984418,7.909709813250228,8.897240600542606e-07,3317897.903440047
0.5820943625271321,9859.096670523286,8.43417469,3.5148097351379692,8.897240600542603e-07,6674772.138556685
0.4941260972619057,1664.4720463082194,7.340167831505649,5.4594730227347466,8.8972406005426e-07,595744.6506079944
0.8484460350871086,8076.483468525112,4.745973500628025,7.042021438609809,8.897240600542607e-07,22638986.479813524
0.7510752979665996,4167.044571600854,8.765099048373289,1.652824713,8.897240600542608e-07,8955408.779
0.38798883773386483,5560.749947093427,1.367921843221411,9.069361148700118,8.897240600542605e-07,702904.0845492512
0.4033273761719466,3817.6434207707644,5.219301744274795,3.7595829907339064,8.897240600542606e-07,929868.1436604171
0.7313617741316558,5905.754337087274,2.775241434692405,8.367429524604232,8.897240600542601e-07,7415566.028204614
0.8331251372396946,1873.1788452714682,8.676731734590605,0.35093831025995315,8.897240600542604e-07,7858561.584338756
0.5138220138847829,7872.173396870494,1.1147738707298414,10.745958366729319,8.897240600542609e-07,2086070.2116343589
0.5667563727498055,2490.134066902101,4.396939868264832,10.300616739885882,8.897240600542609e-07,992813.2152216544
0.7812205061316491,9500.840826891363,6.956042326198892,2.716484677940607,8.897240600542605e-07,21232102.69674537
0.6773396066576243,4465.352046303451,1.681892545252107,6.613517372747883,8.897240600542601e-07,4230538.752910185
0.4541409943252802,7512.423093430698,9.124536227069795,5.185391930546611,8.897240600542607e-07,2035380.1561444271
0.4333674318343401,1165.028978139162,2.1265496870866047,2.1529166416078804,8.897240600542603e-07,458219.77545691986
0.630298454,8844.013344496489,9.568890607587994,9.739979344280437,8.897240600542606e-07,5433334.846310237
0.8107231235504151,3681.013286113739,4.294931654178538,5.749182940702886,8.89724060054261e-07,8409435.681
0.6050597590208053,6341.194324195385,6.853726582901553,7.174377742176875,8.897240600542604e-07,3709726.9709737375
0.5192835937440395,5463.480860926211,7.636562155174092,7.806971687246114,8.897240600542604e-07,1801994.1739863812
0.8998532395064831,6813.138463534415,0.07430153,3.196201301915571,8.897240600542608e-07,28835904.928268798
0.7171721740812064,2899.147857911885,5.9759824339374905,11.306273272149264,8.897240600542607e-07,3074837.565147071
0.34533593915402894,9355.482784099877,3.531614595144056,0.9141770671401173,8.8972406005426e-07,3965083.847751122
0.34196191072463994,1440.4504289850593,5.840901997322217,9.609351914,8.897240600542603e-07,173249.1703
0.7227956479787827,8564.179174,3.402944742009975,2.1898776459973304,8.897240600542609e-07,14716683.641338052
0.894490653,3406.6218538209796,8.047198151677847,7.304279145039618,8.897240600542606e-07,12845690.392782615
0.5223881901055575,6619.998577050865,0.4937845041966066,5.712959576779976,8.897240600542603e-07,2508316.1113475496
0.6106901808828116,5174.927080050111,3.772936596265994,3.3495170108973977,8.897240600542601e-07,4193376.2740883795
0.8073549749702216,7097.281636670232,6.330818324148655,7.747333838539198,8.897240600542608e-07,14982492.391556423
0.6334057150781155,3186.809016391635,2.308946822897531,0.7601351522468031,8.897240600542609e-07,5041075.814056703
0.42800644204020505,9072.232266888022,9.747928612554446,11.366648582657799,8.897240600542605e-07,1369185.0720634232
0.45969878330826763,4096.429669298232,1.503119270191528,8.310709631415085,8.89724060054261e-07,870826.1406060363
0.6738988251984119,5631.344364024699,8.941798298532143,3.9099693096429107,8.897240600542604e-07,6236796.779966536
0.7843918555229903,1593.3626117184758,4.920193688,10.80340428716503,8.897240600542603e-07,2714959.9829700002
0.5614594709128142,8147.613321430981,7.477767886310817,0.19981435088440777,8.897240600542606e-07,17026580.109891012
0.5103838995844125,2206.867691129446,8.257513266801833,2.7505091456603257,8.897240600542607e-07,1168690.8589901894
0.8386845252662898,9788.48559,0.7037968580042944,10.172914411891252,8.8972406005426e-07,24249740.65801437
0.7260718181729318,4749.511010944843,5.348317381525413,5.152093669,8.897240600542605e-07,6593701.009706592
0.40650460332632066,7223.885640501976,2.9100525970021263,6.740482238940895,8.897240600542608e-07,1234710.3966654155
0.3911839558184147,4395.853546448052,9.262711204308085,1.4545343190338462,8.897240600542601e-07,1772692.1974766941
0.7457674510776997,7581.935574300587,1.8566822535656393,11.843691352065653,8.897240600542606e-07,9578421.663732728
0.8540227799862623,2420.1065683737397,7.133387868215331,3.458092343,8.897240600542609e-07,7826142.793342429
0.49067062608897694,9570.854277350008,4.532787721751259,8.060092916190625,8.897240600542604e-07,2531998.2250841283
0.5767806378751994,1942.695014178753,0.9398694163244218,7.008719960832968,8.897240600542605e-07,951050.6506
0.7646956739574671,7802.677512168884,8.538442644496449,5.5864403902366755,8.897240600542609e-07,13460209.777261028
0.6585610857605935,3887.6542560756207,2.6395076940618454,9.103388832388445,8.897240600542607e-07,2940088.0624362756
0.47941150397062304,5835.723150521517,5.0420709483502435,1.5251198832131923,8.897240600542601e-07,3402104.869573039
0.4126684439182282,2828.550691716373,3.7089622789882126,4.651438520811498,8.897240600542606e-07,642283.1299886982
0.6531187278032303,9426.093864254653,6.111828295,6.070793167958036,8.897240600542603e-07,7903447.087679251
0.8226764339953662,5392.354830168188,0.21247373217158022,2.460264684576541,8.897240600542604e-07,15395558.960995898
0.5909937406331301,6884.250647388399,7.811354489554652,10.04145855720155,8.89724060054261e-07,3220489.222947102
0.5377267368882895,3751.628188416362,6.717995468338021,10.905213377904147,8.897240600542608e-07,1207479.9689306584
0.8747771205753088,6270.599907264113,4.117698083190248,0.5189859136100858,8.897240600542604e-07,28885733.785183072
0.7074747417867184,1236.1384127289057,9.393984160351566,8.998347916528582,8.897240600542601e-07,1355196.9785031364
0.3616578356921673,8772.883491590619,1.9882627388201655,4.393417774857953,8.897240600542607e-07,1472708.2851462497
0.37375490099191666,3378.1904550269246,4.779560935158283,1.856773714432493,8.897240600542605e-07,1070077.2453165983
0.6931944343447686,6345.207353122532,7.218741472090596,9.239659505747259,8.897240600542608e-07,6035302.654817898
0.8714337769895792,1398.5692942515016,1.3221333660390229,5.262766471458598,8.897240600542608e-07,4725743.8399641095
0.5432618341594935,8346.782864071429,8.879206689354964,6.864332160372287,8.897240600542601e-07,3369760.3812653436
0.5942086225003005,3035.0560173392296,5.596430401,8.105267191743478,8.897240600542601e-07,1595184.1644288343
0.8172697567194701,8955.918759,3.042212483903393,3.694277086686343,8.897240600542606e-07,23066079.186820477
0.6411490227282048,4975.1175455749035,8.311480071,11.7948366,8.897240600542609e-07,3090888.1784292846
0.4268213661015034,7002.657610923052,0.8737161618359387,1.2219843124598264,8.897240600542603e-07,3558696.2774665114
0.46513174518942835,1815.4194606468081,7.877195484186523,4.2545971733890475,8.897240600542608e-07,623702.9666
0.6706576316058637,8193.622845225036,0.4397391042299569,8.668512201895938,8.897240600542605e-07,6789562.851940724
0.7702313240617514,4366.560353897512,5.708815938,0.6615327283740043,8.8972406005426e-07,12706277.946920717
0.5734367790073157,5655.647373758256,3.154900782218203,11.231460093902424,8.897240600542607e-07,2223518.422130296
0.48526450581848624,4848.246393725276,2.371454919,9.803455697,8.897240600542606e-07,1122357.062804141
0.8572371507436038,7428.373014554381,9.928835771945305,2.417640337,8.897240600542603e-07,25694664.54156453
0.759920918,2319.069841876626,4.032036987353117,6.3007703773118555,8.897240600542604e-07,3782583.61
0.3792137271165848,9935.560749843717,6.471520285601728,4.702134257135913,8.89724060054261e-07,1805449.173
0.3945351611077786,2677.328317426145,0.11028244768921286,11.49890912182629,8.897240600542601e-07,302215.3275988675
0.7402244691550732,9581.699035130441,7.512646954702214,1.096577382059768,8.897240600542607e-07,21618184.19270817
0.8418991442769768,4630.819330923259,3.4882958874395116,7.598220172207802,8.897240600542609e-07,12296842.565357413
0.5049774935096503,7641.403350047767,6.087677520178259,3.029882170027122,8.897240600542605e-07,3597775.4261495173
0.5581158644706011,4021.5544048696756,9.681777668,5.956064905989915,8.897240600542604e-07,1933865.9187783229
0.789927224,6005.045624449849,2.0819817909589036,7.341754570407793,8.897240600542609e-07,11418678.72967676
0.6859961533546448,2019.7323989123106,6.733520804541186,1.9649975458905102,8.897240600542606e-07,2993474.6631503636
0.44541820466518406,7984.917571768165,4.327298507654109,9.553514045039192,8.897240600542601e-07,1445598.648961663
0.44215964585542683,5328.775697387755,6.923708847986535,6.40368556,8.897240600542607e-07,1205895.1908684706
0.6214357575774193,6644.607023335993,4.517179021888413,5.020919389966875,8.8972406005426e-07,4911239.702528246
0.8019491175562143,2821.817290969193,9.169061212144792,10.491440123254433,8.897240600542605e-07,5452956.969768241
0.6139042804390192,9173.549954779446,1.5689625742724165,2.9000001299753784,8.897240600542608e-07,7964952.645649707
0.5279241030663252,1049.2378138005733,2.663579723714851,0.16125266511924566,8.897240600542609e-07,2207821.164243754
0.8911465226858855,8691.717717796564,5.262653827242554,10.560653406828642,8.897240600542604e-07,30753255.018765457
0.7085156263411045,3586.9662538170815,1.2386461601490155,3.9654298607911915,8.897240600542603e-07,4808637.855
0.3540587277710438,6140.828147530556,8.640707905845716,8.536698861028999,8.897240600542607e-07,704349.3240186071
0.35565864443778994,2164.240944199264,2.5991355359973385,3.141389941,8.897240600542603e-07,451377.8260856234
0.7101242548227311,9813.553507439792,5.004445079034195,7.534091926831752,8.897240600542606e-07,11040962.192599757
0.8884313935786488,4724.159902893007,0.9775000535352156,1.020375318536535,8.897240600542609e-07,21278770.461885504
0.5252345085889101,7266.795679,8.57881957,11.621758184693753,8.897240600542603e-07,2061604.4979222424
0.6122361358255148,4211.591964587569,7.1711233804859225,9.442000378193333,8.897240600542605e-07,2340360.420723483
0.8002719940990211,5533.775297924876,4.573269560019487,2.0291202526539562,8.897240600542609e-07,14560022.60991015
0.6242191146314144,1691.197769716382,9.222215062355623,7.417951095318422,8.897240600542607e-07,1155363.4558679133
0.4449177353084088,8032.1849677711725,1.8189324376108125,5.833209947180003,8.897240600542601e-07,1875586.032323645
0.44818908229470256,5132.163037545979,9.432072459584102,2.964677233994007,8.897240600542606e-07,1834495.6191502798
0.6887580521404744,7122.486916,2.0284870735229923,10.380481210993603,8.897240600542603e-07,6304890.74
0.7882628803700209,3161.320478655398,6.677775901529938,4.897887374218553,8.897240600542604e-07,6508547.362
0.5564262532442809,9115.279534,4.079614551852457,6.479704670896753,8.89724060054261e-07,4056447.456696626
0.5022751108556986,1555.7499527931213,0.17243536398839207,8.472027295622974,8.897240600542608e-07,428504.98642234487
0.8392054734379053,8466.472677886486,7.773452119592578,4.076394668994471,8.897240600542605e-07,24416555.33365496
0.7418203178048135,3504.594374448061,3.7468503452660515,10.683691318519413,8.8972406005426e-07,4441416.689601465
0.3961565443873406,6504.432927817106,6.151852359091864,0.085239093,8.897240600542607e-07,13842665.278367754
0.37644328966736795,3708.8361838832498,2.2711969510689376,6.799843101184815,8.897240600542604e-07,529877.4940721786
0.7571585913002492,6295.7943910732865,9.707432451977395,5.373913785880432,8.897240600542609e-07,10478670.184597256
0.8589011209458113,1210.6778370216489,3.813418453158811,9.362880638316273,8.897240600542606e-07,3503078.008616617
0.4869544779509306,8815.941554494202,6.368553892293014,1.780943363280967,8.897240600542601e-07,4917336.808019951
0.5761389926820994,2943.8266791403294,8.087575133510866,1.2864789102599026,8.897240600542601e-07,2976649.916221944
0.7729251597076655,9328.380998,0.5314151600319893,11.683695182958617,8.897240600542607e-07,14276940.691248985
0.6690618851780892,5490.350887179375,5.803276109,3.5710618500597775,8.897240600542609e-07,6071881.030466628
0.4635102638602257,6768.691368401051,3.3625725280717016,8.181103081507608,8.897240600542605e-07,1493788.2711113456
0.4252212762832642,1900.0404393300414,5.388341427399777,11.120129826599731,8.89724060054261e-07,310799.57072076394
0.639540555,7827.734767459333,2.947940607406199,0.7258388346806168,8.897240600542604e-07,12900740.789939273
0.8199849922209979,3862.3309759423137,8.219610952713527,8.744891411690041,8.897240600542603e-07,8692140.816018505
0.596898123,5878.643850795925,0.6637585084456951,4.131924899462611,8.897240600542606e-07,4027105.204860641
0.5449304147809744,4510.992171242833,4.882110174925998,4.813458628496155,8.897240600542607e-07,2156903.4239514535
0.8731104686111213,7484.3600038439035,7.437548375376501,6.236458732392639,8.897240600542601e-07,25011546.707052838
0.690410708,2517.9653968662024,1.5433435490205885,2.341255588727072,8.897240600542604e-07,3576290.2932576668
0.37099717661738396,9455.432428047061,8.979886579,9.926122075170278,8.897240600542608e-07,1065480.8118166183
0.3588955739140511,4875.912801362574,6.771413601464593,7.9372439426556225,8.897240600542601e-07,599533.2207180959
0.7047041019797327,7383.109086193144,4.367327302798629,3.5342944961134344,8.897240600542608e-07,10024058.92402034
0.8764668945223093,2364.050512202084,9.641744104475714,11.907819686774165,8.897240600542608e-07,7484208.5832340475
0.5393907759338618,9908.177566714585,2.0440842261407526,1.3430266374628992,8.897240600542605e-07,8125233.875510926
0.5936877744644881,1719.6292020380497,3.448081125775352,1.6479747526906432,8.897240600542603e-07,1700253.8940244685
0.8253785788267851,8306.976225227118,6.049598793984392,9.027192218145355,8.897240600542609e-07,19210641.457940336
0.6514971818029881,4253.472998738289,0.14837547756731512,5.522317594140768,8.897240600542606e-07,3630522.513718203
0.41107289984822276,5751.1715069413185,7.552876020050609,7.120233538346365,8.897240600542601e-07,1020592.2403713582
0.47780310496687894,3062.5851964578032,1.198154749,9.965439357226714,8.897240600542607e-07,666986.1197442844
0.6569607977569103,8910.792260430753,8.602962820536456,2.583296610992402,8.8972406005426e-07,10262306.822598785
0.7673849721997976,5019.960853271186,2.7013200411293656,6.181751990886405,8.897240600542605e-07,8585279.411823623
0.5794959380477667,6975.411723,5.3031404706547045,4.586761327460408,8.897240600542608e-07,4160928.724866923
0.49234752006828786,3282.537491992116,9.206696654499508,4.469431436220184,8.89724060054261e-07,1236794.087401947
0.8556912959367038,6458.423370495439,1.609344305375591,8.875310094170272,8.897240600542604e-07,18341378.347618807
0.7430096578598023,1285.619368776679,6.883341420567596,0.40802119473926723,8.897240600542603e-07,3810305.368472078
0.38840042769908906,8442.169768735766,4.4795578832179315,10.969885032642633,8.897240600542606e-07,973460.1166381872
0.4081134341657162,1076.7776546999812,8.351709154976533,5.788789838599041,8.897240600542605e-07,263551.42114845256
0.7276716701686383,8646.619047038257,0.9118092475878076,7.181057923138142,8.897240600542609e-07,11024795.669401366
0.835994862,3631.7989,5.558351619224996,2.0787302422430365,8.897240600542607e-07,11483079.550640672
0.5076689686626197,6113.554432056844,3.0019977036146446,9.673840884,8.897240600542601e-07,1652030.862655777
0.5597824162989855,5233.129238709807,1.2842357825962827,11.29081278222613,8.897240600542601e-07,1858740.3633830626
0.782723513,6757.846711203456,8.839173070441932,0.8833504782058299,8.897240600542606e-07,19442501.652760666
0.6766567122936249,2708.8608611375093,4.819589786176571,7.858475346351042,8.897240600542609e-07,2442569.3891476644
0.46248220503330234,9268.913188949227,7.256634288,3.285022502429783,8.897240600542604e-07,3315303.57
0.4307685390114785,4049.2316083982587,3.9944159045564014,0.32248671414330604,8.897240600542608e-07,4473001.197100811
0.6361765238642694,5959.809658117592,6.431152876807378,10.727025166703388,8.897240600542605e-07,3677881.807554677
0.8056652990728617,2064.7022733464837,2.4118366318969056,3.8456632926687595,8.8972406005426e-07,4940039.194130784
0.6090260396152736,7957.506426610053,9.966471158426256,8.422039988050237,8.897240600542607e-07,4497643.478593428
0.5196945839375258,2581.544429063797,5.749302525829524,6.6178157716244455,8.897240600542607e-07,937698.5407
0.8917880677431822,9695.075951516628,3.1926410810081287,5.228478327812627,8.897240600542603e-07,37165526.49554821
0.7244168330729008,4517.725605517626,7.839450417501853,10.237225967478008,8.897240600542604e-07,5162820.029
0.34355782821774483,7736.903946846724,0.3992477487968281,2.639184684967622,8.897240600542609e-07,1616527.400801575
0.3470213405042887,4324.070734903216,7.7276684103049345,10.856916832327842,8.897240600542608e-07,426827.9231747466
0.7188320408016444,5680.559923872352,0.28654777286481115,0.28626075957901775,8.897240600542601e-07,16890613.345958527
0.8970868721604348,1790.7558027654886,6.185444561516867,8.291410681959242,8.897240600542605e-07,6786331.465053223
0.5165085145831109,8235.863538458943,3.625428753745742,3.8826152744796127,8.897240600542608e-07,3648109.434554536
0.6034428526461124,2293.436179868877,1.9057972220005468,5.074427569005638,8.897240600542609e-07,1516678.1021681277
0.8091314847767354,9978.771480731666,9.466837564116345,6.678189384816214,8.897240600542603e-07,21925881.48
0.6329963260143996,4804.803936742246,4.1900938249332835,2.7924979819729923,8.897240600542603e-07,4723607.918297299
0.4360742830485106,7454.2384361848235,6.635682542774827,10.177578560197725,8.897240600542606e-07,1246659.7655959716
0.4568263872712851,1355.1183715462685,4.615405829827302,7.238506434215233,8.8972406005426e-07,335847.94654593983
0.6800502672046423,8372.656717896461,7.060687018457801,5.637675616461784,8.897240600542607e-07,8517712.356533052
0.7796074007451534,3352.5654934346676,1.7841339578153566,9.617130013,8.897240600542608e-07,5620811.075
0.5651522462069989,6388.409350067377,9.344871538614854,2.2291184371337294,8.897240600542605e-07,4807709.119588095
0.5110683929920197,4950.445187278092,5.125909581607209,0.8500539137143642,8.897240600542604e-07,4464402.763030174
0.8303459817171097,7044.907038100064,2.5655862446250395,11.417786492332816,8.89724060054261e-07,16174706.07348577
0.7330431074649096,2992.5748640671372,8.464673786316068,3.319056528722867,8.897240600542606e-07,4902322.905182339
0.404999998,8980.822877027094,1.0232503875596448,7.730775430332869,8.897240600542603e-07,1383442.4775144518
0.38530381403863434,2779.4751934707165,7.394234435566702,2.5265832390729335,8.897240600542609e-07,802830.4420062737
0.7483642723411322,9198.319274932146,4.993810029061512,10.115830768086017,8.897240600542605e-07,12328103.763536127
0.8500587044656278,5304.238103330135,9.015872264727019,4.644212339846417,8.897240600542601e-07,16017058.100103509
0.4957306556403637,6686.717361211777,1.4194331164434553,6.030634552780539,8.897240600542607e-07,2098312.257787757
0.5848478770256043,3561.2011635676026,2.827739596940577,8.909340904494748,8.897240600542606e-07,1670431.3551043593
0.7642867511510849,6184.166015125811,5.420713048770093,4.341734021510929,8.897240600542601e-07,11281645.40589753
0.6603369957953692,1005.6510539725423,0.7766503362674266,10.936591684119776,8.897240600542604e-07,724038.1709920089
0.47216464407742026,8717.731733806431,8.175047824,0.534992404,8.897240600542609e-07,8479442.122
0.4163607529550791,4587.241272,0.5759449130017311,3.4036619740538296,8.897240600542605e-07,1224621.117193012
0.6483348748832942,7667.408632,7.974649930425921,7.974198425775394,8.897240600542608e-07,5693026.053806902
0.8288274076581001,2651.554761454463,3.330243818,1.4729215190559626,8.897240600542607e-07,8559637.508693414
0.5881219443678857,9625.045334920287,5.923520030899906,11.871591230900957,8.8972406005426e-07,4092567.4590743245
0.5362215293943883,1995.2032705768943,9.831309509291314,9.180503013841808,8.897240600542603e-07,732532.9919
0.8817488761246206,8027.0194774493575,2.2351778902187944,1.5883305613789709,8.897240600542607e-07,33284863.118252445
0.6991355984658003,3979.203606955707,6.256896949210205,6.966185280848294,8.89724060054261e-07,4295064.524371173
0.3623427974432707,6029.823678545654,3.8567753040213137,5.582687991363928,8.897240600542604e-07,893974.6147890838
0.36787683077156547,1621.6994039714336,1.6416634799037129,0.5725280389841646,8.897240600542606e-07,1022245.0055517904
0.6957933271676302,8101.697314530611,9.086443197191693,11.179774017911404,8.897240600542603e-07,7401922.904693872
0.8674674963951112,4141.564600169659,4.4350185944586995,4.285973156960681,8.897240600542603e-07,14032847.14264517
0.5483196586370469,5603.788614273071,6.996257087863051,8.684521014466881,8.897240600542609e-07,2111898.8822629997
0.6022737942636014,4793.675937689841,8.714629299408756,6.3670912544522436,8.897240600542608e-07,2912215.3310502227
0.8168587665259839,7197.299928404391,1.1548074337691068,4.776504145376384,8.897240600542605e-07,17636744.549284533
0.6429271336644888,2234.2516453936696,5.179272949130275,9.796227193577215,8.897240600542601e-07,1509381.1920455694
0.419576707,9743.522454984486,2.737348637768999,2.377484044600278,8.897240600542608e-07,3270825.742953711
0.46882184915244585,3433.997342,6.013603572607972,5.339882975555956,8.897240600542603e-07,1012692.6953837344
0.6658715736120939,6575.043873861432,3.5719820225629957,6.927540516,8.897240600542606e-07,5709772.689558913
0.7763843692839146,1484.6240561455488,7.596180424070917,1.8142367118038238,8.89724060054261e-07,3568534.0164454253
0.5705670543015003,8537.584728,0.036666088,9.235909429518506,8.897240600542604e-07,3542506.102551811
0.48376149922609335,3231.935247,4.254445010766387,11.740408554878085,8.897240600542605e-07,696400.4105922319
0.8642111071944238,9044.685251,6.815986265487038,1.1360874994006007,8.897240600542608e-07,35966464.53979593
0.7515797070413828,5203.272338025272,2.164294772395864,8.123652069121599,8.897240600542607e-07,7521910.479051203
0.3798966214805842,7051.357197575271,9.609382019,3.7221792881656435,8.8972406005426e-07,1520643.4052357124
0.3995925193279982,5420.834852382541,3.2274490965930744,10.413777775485068,8.897240600542609e-07,695983.3649565985
0.7362587904185057,6838.187118992209,5.626655585359782,2.8377035238873214,8.897240600542604e-07,11801807.80751588
0.8444975687563421,2873.815977945924,0.35712101477850233,6.445670645,8.897240600542601e-07,7954342.771060681
0.49910002306103707,9398.412050679326,7.949896315319465,5.025587290236726,8.897240600542606e-07,3342359.506095697
0.550870604,1280.1762027665973,6.545289125157521,4.018946158,8.897240600542607e-07,723594.5878084037
0.7917058011889458,8746.429207734764,3.948656034742482,8.623141517760232,8.897240600542601e-07,16276609.757025959
0.6855845633894206,3778.8635483011603,9.844997120063752,0.14194996370002627,8.897240600542605e-07,12563780.495610325
0.4534838447719813,6225.7810747250915,2.445376387479715,10.53330312362872,8.897240600542609e-07,1120472.2643651569
0.4392894548922778,2447.3506286740303,8.805590403806418,7.6881426856387405,8.897240600542604e-07,536769.0058335527
0.6275894046574831,9526.026710867882,1.405666909906082,3.081016327738762,8.89724060054261e-07,8721375.527583499
0.7971625912189484,4439.882871,7.302427532715724,11.468444887688383,8.897240600542606e-07,8118080.576655778
0.6175949841737748,7555.489722639322,4.705486913089641,1.080022725816816,8.897240600542603e-07,9782633.564249652
0.528606396,3932.9280080273747,0.8013204387174919,1.8992285870295018,8.8972406005426e-07,2604084.2677320396
0.8828057782351972,5808.032904751599,8.393792977942153,9.478226332757622,8.897240600542607e-07,19668946.02
0.7154889830201865,1971.166335977614,3.1246780193476007,5.963839253270998,8.897240600542608e-07,2467169.7051092614
0.3525561895221472,7756.622718,5.5235769789032645,7.380999113507569,8.897240600542604e-07,917347.9308422278
0.3519023929536343,1963.0566770210862,9.078762817179785,2.3641153300926088,8.897240600542601e-07,531097.6438693026
0.7149807171523572,7777.900950051844,1.678837982309051,9.763103365,8.897240600542607e-07,8375526.748002307
0.8845362850278617,3938.8409378007054,7.028664049390704,4.742280812431127,8.897240600542609e-07,14621099.805608694
0.530225551,5788.9514015987515,4.431724472741597,6.354089517695829,8.897240600542605e-07,2219754.513852165
0.6159929067641496,4415.016915649176,1.1532190263969824,8.720527825336903,8.897240600542603e-07,2545807.012382402
0.7954149831086398,7558.36371,8.745692907,4.296367413168773,8.897240600542609e-07,16650895.20460441
0.6281147384643555,2470.019854605198,2.7734086447777226,11.189804155007005,8.897240600542606e-07,1422068.816606956
0.43992613971233374,9525.349453091621,5.172306561356411,0.6096314951498062,8.897240600542603e-07,7605281.822441571
0.4519502070546151,3810.3046705946326,3.5786050474168736,3.735910111805424,8.897240600542607e-07,1204641.589701788
0.6839053949713707,6216.297588311136,5.977810493206606,8.157145601,8.8972406005426e-07,5772082.179824454
0.7921628621965647,1246.538351289928,0.005335553,1.1699458645749838,8.897240600542605e-07,3519077.1017588004
0.5514390156418085,8758.109423331916,7.598112194363028,11.753043447881938,8.897240600542608e-07,2926354.008543444
0.4985145347565413,2888.500804081559,6.818937173280865,9.199535864228382,8.89724060054261e-07,793817.1849202992
0.8440576111525298,9370.524318888783,4.222305125842802,1.803477398492396,8.897240600542604e-07,31556240.598761957
0.737920889,5403.953297063708,9.571940439885482,6.917879991857335,8.897240600542603e-07,7491070.917331162
0.4011432667076588,6868.271579965949,2.1723183663310484,5.303141717854887,8.897240600542606e-07,1302835.2085545394
0.3814305272698403,5199.571694247425,5.6624092551311485,10.518814224721863,8.897240600542605e-07,610366.7493009664
0.7532586094737054,7077.045517973602,3.2207890460565687,0.1091680546849966,8.897240600542609e-07,29739590.286175113
0.8637537781149149,3233.4380885586143,7.948003954657354,8.588531866585836,8.897240600542607e-07,9769532.899
0.48319335319101814,9021.194732747972,0.38848857525177305,4.007017527353018,8.897240600542601e-07,3220352.9873571214
0.5711522703617812,1464.1714077442884,3.9807590429801496,5.061249233139678,8.897240600542601e-07,817769.7627
0.776824589,8544.873094186187,6.542298956730404,6.457188033182174,8.897240600542606e-07,15374161.672936356
0.6642097474634647,3452.2521886974573,2.437389670230448,2.846657785484567,8.897240600542609e-07,3997099.6653480306
0.46727084,6569.953309372067,9.882477959706447,10.45127031918615,8.897240600542604e-07,1357385.910693139
0.42023023352026945,2261.3127203658223,1.3685292841866612,7.395119828674942,8.897240600542608e-07,402787.7014210739
0.643435663,9729.659994132817,8.813310044451617,5.996257534502074,8.897240600542604e-07,7729829.668907594
0.8151285298913717,4764.417060650885,4.708744158120827,9.513207026310265,8.897240600542601e-07,10193044.937694026
0.6006543745845556,7213.360191322863,7.269981310554781,1.9115179867390544,8.897240600542607e-07,6913201.223549852
0.5499220103770495,4151.873670518398,8.362768780388869,1.044721462726593,8.897240600542606e-07,4056623.074187152
0.8692148447781802,5571.526199579239,0.8029458717722446,11.457298630820587,8.897240600542603e-07,16756574.004386378
0.6952677190303803,1609.192531555891,5.530503957047128,3.071698527690023,8.897240600542604e-07,2188214.7072119634
0.3672404056787491,8136.157531291246,3.0885809866562486,7.650281868865713,8.89724060054261e-07,1007890.5160060271
0.3640217687189579,3962.8692222759128,0.30281056828796865,10.213267124174163,8.897240600542601e-07,392680.7457560981
0.7006695730984212,6059.3566773459315,7.701516926682555,2.804034487698227,8.897240600542606e-07,8638344.459260257
0.881180795,2009.3409260734916,3.6039692324195056,6.687162763560191,8.897240600542609e-07,7016855.328186621
0.535764265,7999.683207832277,6.197244402588346,5.111946733780205,8.897240600542604e-07,3507371.492113951
0.5885620991140604,2617.3697393387556,9.479449139268137,3.8681987348664553,8.897240600542605e-07,1818412.359512429
0.8294125590473413,9637.277012690902,1.8833161792252213,8.258693628311157,8.897240600542608e-07,23222376.239671823
0.6467837968468666,4619.229564443231,6.608128106123768,0.25171596377156674,8.897240600542608e-07,11397328.719289534
0.4146988579630852,7657.373683527112,4.208007503911853,10.84506056105718,8.897240600542601e-07,1057281.0844942175
0.4726732385158539,1028.867450542748,7.043040267086589,7.695455050095916,8.897240600542606e-07,297689.6603258908
0.6609905868768693,8716.503013856709,4.642616903558374,3.3078836507815867,8.897240600542603e-07,9415273.704150598
0.7626674003154039,3535.788038,9.367695944310166,11.408442071210594,8.897240600542604e-07,5122502.552
0.5831177092343569,6187.591464,1.7712554550562054,0.8121739797946066,8.89724060054261e-07,7698944.726782667
0.49747793518006805,5309.603862464428,2.554053480157629,2.2431742969341575,8.897240600542608e-07,2772909.0848124744
0.8516609873622656,6668.187320232391,5.147025889,9.649475935352966,8.897240600542605e-07,18220866.36
0.7477277825772763,2771.912705153227,1.0497450851052998,5.672583950720727,8.8972406005426e-07,4275641.109192252
0.3847781412303448,9219.046045094728,8.448143914288842,7.250730979,8.897240600542607e-07,1356047.7076110637
0.404491663,2980.6194538250566,4.966561929647812,0.5710701443813742,8.897240600542604e-07,2177826.9164700354
0.732389242,9014.735923148692,7.411841777307913,10.947052225014195,8.897240600542609e-07,10628263.212947117
0.8319650728255511,4960.202795,1.4323486448852345,4.351830443292856,8.897240600542606e-07,13539733.938944241
0.5127988351136447,7013.1917940452695,8.993087268661707,8.946515290634707,8.897240600542601e-07,2077125.3813923087
0.5634047027677298,3322.755154,5.399557480733843,6.017291030026972,8.897240600542601e-07,1623509.7378662701
0.778005388,6405.0167836248875,2.8392354847220704,4.611109057301655,8.897240600542607e-07,12497747.738691926
0.6806870208680631,1382.730908691883,8.191616957141086,10.081627981606871,8.897240600542609e-07,1221872.6318640632
0.45735178992152214,8358.247086405754,0.7501925154076889,2.513606694070622,8.897240600542605e-07,3308666.106598291
0.4343950499594212,4823.6102452501655,8.000840674681589,5.546248141387477,8.897240600542609e-07,1139479.0611247146
0.6314626236259937,7448.600701056421,0.5597189942644909,6.955355037562549,8.897240600542604e-07,5160852.701539876
0.8096998279541732,2272.4320692941546,5.911680929195136,1.578599107367918,8.897240600542603e-07,6606067.086055249
0.6038998448103667,9986.607017926872,3.351666462394409,9.143695471454413,8.897240600542607e-07,5222758.921131845
0.5160686258226633,1791.707182303071,2.2576959586767478,11.885301508074626,8.897240600542607e-07,474288.70582820446
0.8965014526993038,8212.920190766454,9.818737344,1.5063898587040603,8.8972406005426e-07,36891119.09632335
0.7203828528523446,4320.921553298831,3.838824599360116,8.008031599195675,8.897240600542605e-07,5119424.058532032
0.34868350356817246,5705.701073631644,6.2844119762312625,3.4162763205915687,8.897240600542608e-07,1084608.9298343207
0.3431262152642012,4549.1812117397785,4.346220326314681,7.082328055342659,8.897240600542606e-07,530323.4376755281
0.7238231336325407,7727.436017245054,6.782956255588681,5.512952269222588,8.897240600542601e-07,10374899.967330916
0.8933306039869786,2547.8910207748413,2.06062328,9.015996292429044,8.897240600542603e-07,9309310.318778202
0.5213650269806386,9706.741683,9.615259147590026,1.6126323966681957,8.897240600542609e-07,6752036.653070573
0.6073385265469551,2079.4058749452233,6.022378389334307,1.3552749442402274,8.897240600542608e-07,2382778.151056083
0.8041398724913598,7929.638543,3.4657179874898865,11.942750711478293,8.897240600542605e-07,15042545.617108995
0.636753147,4032.330204732716,7.5657453408874575,3.566665252475068,8.897240600542601e-07,3731850.103396605
0.4312172553688288,5989.875343628228,0.1255413312120363,7.951319991592317,8.897240600542608e-07,1070388.46
0.46072638578712943,2700.765686109662,8.625453753,11.007425101213157,8.897240600542603e-07,556046.6350169437
0.6750629795342684,9290.206978097558,1.185552504609339,0.41702012256719173,8.897240600542606e-07,21221201.004772354
0.7833685421943666,5239.026611670852,5.285236532336102,8.886868575681001,8.89724060054261e-07,9179634.100329716
0.5602995389699936,6738.750724121928,2.728883659702726,4.505143047971651,8.897240600542604e-07,3598936.8852020856
0.5071689139306546,3606.9517200812697,1.6354858993412926,4.5748823657445605,8.897240600542605e-07,1397883.540105923
0.8353327207267285,6116.448267363012,9.190424528157338,6.147183432644233,8.897240600542608e-07,16131873.006588917
0.7292824812978507,1099.4270322844386,4.467748301486485,2.5505593682080505,8.897240600542607e-07,1899800.1228736492
0.40985215209424497,8645.923013798892,6.90479176,9.950997983,8.8972406005426e-07,1231525.4082313746
0.39015652127563955,1312.6659598201513,0.9243722311872989,3.2482401517964896,8.897240600542609e-07,317171.30877515324
0.7446031308919192,8428.291751,8.329181345858611,7.848765153465792,8.897240600542604e-07,11768630.904489372
0.8550459921360016,3253.2941717654467,2.9744733456745744,0.8725436400249601,8.897240600542601e-07,12879864.631252348
0.4918306571245194,6474.498117342591,5.576292434229516,11.254394550705328,8.897240600542606e-07,1479200.9306630378
0.5799957226216794,5030.251148156822,8.855408171101473,9.686431110799312,8.897240600542607e-07,2242961.1176651246
0.768047377,6943.129460327327,1.2580547790005803,2.1125410825479776,8.897240600542601e-07,15274698.905275334
0.6553502567857504,3050.098172388971,7.235220973917284,7.214501785691827,8.897240600542605e-07,2480225.6576190684
0.47606412313878543,8945.271252654493,4.831438777538017,5.802479569306597,8.897240600542609e-07,2557706.1237108605
0.4115042405575514,4249.757871031761,6.419647248365917,2.6763378099817783,8.897240600542604e-07,1316440.8139216402
0.6520911430567504,5776.844270527363,4.015562290670351,10.247297197505832,8.89724060054261e-07,4017932.820817832
0.8238363148272039,1721.1476005613804,9.992919089629314,5.238917250251397,8.897240600542607e-07,4378421.675
0.5920170696079732,8283.500191,2.3952581683173775,6.653870107363909,8.897240600542603e-07,4551677.860763376
0.541078557,2343.5790883377194,3.175043479926884,8.409085776163264,8.8972406005426e-07,857069.4085056615
0.877992055,9915.446084924042,5.776559807165526,3.811484625954181,8.897240600542607e-07,36276807.37897193
0.704127211,4894.187496043742,0.4220426345188171,10.693942430624737,8.897240600542608e-07,4762765.898040027
0.358447124,7378.037297166884,7.826544219979086,0.3091676684841514,8.897240600542605e-07,6608069.693462989
0.3725907143205405,2541.1662366241217,5.036575223297812,5.845865386649966,8.897240600542608e-07,416109.49562250916
0.692166866,9454.189224168658,2.5961754462812094,7.4518339375872165,8.897240600542601e-07,9483063.199974922
0.8725936745107175,4485.593529418111,8.570786086863839,2.062636117171496,8.897240600542605e-07,17212652.140894026
0.54428518,7487.801009789109,1.0149323016256093,9.455755322,8.897240600542609e-07,2586234.2962640394
0.5975604593753815,3867.676886729896,4.6090723800808195,11.584995308537037,8.897240600542609e-07,1787835.382454887
0.8204847079515458,5860.095034353435,7.164509537554347,1.010691389394924,8.897240600542603e-07,19423375.52060799
0.6378015083819628,1892.496726475656,1.8170105569753796,7.523311352394521,8.897240600542603e-07,1338992.164366327
0.42361067064106467,7848.481385968626,9.253554928065277,3.1049911838863045,8.897240600542606e-07,2364164.1376450052
0.46410429395735264,5474.000945687294,1.9974142844174056,0.072212879,8.8972406005426e-07,14517126.21651172
0.6694932947307826,6798.209883272648,9.433651126,10.649447439108044,8.897240600542607e-07,5284376.495944281
0.7712545195221902,2957.978818565607,4.086571609,4.043246720219031,8.897240600542608e-07,5725613.332
0.5745967933535576,9301.060285419226,6.641706004864537,8.458636247999966,8.897240600542605e-07,4163553.2363327933
0.4884795738756657,1176.4729665592313,7.736286799109542,6.516831532167271,8.897240600542604e-07,395217.7751364483
0.8605888374149799,8828.154456801713,0.18012548466026784,4.907939129769802,8.89724060054261e-07,28130461.496043116
0.7567100720852614,3740.8432522788644,6.155155811727979,10.390900658955797,8.897240600542606e-07,5297662.669435461
0.37586632959544664,6285.779290832579,3.7144532733950766,3.0007053059898317,8.897240600542603e-07,1468976.733383471
0.39556278027594094,3523.4162397682667,9.705816908579319,8.193372292080895,8.897240600542609e-07,566069.1930443427
0.7413886401802302,6498.809676617384,2.3022304795412345,3.6060177091881633,8.897240600542605e-07,10830259.091213783
0.8408758476376534,1534.7313582897186,6.404660665644333,11.716090773744508,8.897240600542601e-07,3805756.344395557
0.5038175782561303,8474.292658269405,3.8065006569372493,1.300575862992555,8.897240600542607e-07,5981429.158862595
0.5549008955061436,3162.2917065396905,0.5236856297301129,1.7431045222934336,8.897240600542606e-07,2485208.6992298835
0.7865754361450673,9092.354961670935,8.124703428311273,9.353585886042564,8.897240600542601e-07,16094000.202038359
0.6892068331688643,5128.995080478489,3.3950090095726773,5.362788432808593,8.897240600542604e-07,5601787.561477556
0.4487657701224089,7147.608217783272,5.800009682428092,6.764567387,8.897240600542609e-07,1608120.0137530172
0.44332393370568757,1679.2579162865877,2.9509401067523284,9.914218279030173,8.897240600542604e-07,309643.8776718415
0.6224632265418768,8066.112498,5.356248308818788,2.3066661266889423,8.897240600542608e-07,8031001.489861095
0.8007890520989895,4221.3350888341665,0.6262868507253007,6.203700586,8.897240600542607e-07,8904057.787356347
0.6128811006247998,5502.0444970577955,8.227607411,4.798992420034483,8.8972406005426e-07,3960628.516706916
0.5245724320411682,4694.369412027299,7.444199094993994,4.169394395388663,8.897240600542603e-07,2145486.7033231403
0.8879314035177233,7283.421888016164,4.846346615497954,8.753823697501794,8.897240600542606e-07,25742030.216610584
0.7118630415946245,2191.8347058817744,8.948509836744517,0.7373306741751731,8.89724060054261e-07,4904439.339145115
0.357269524,9799.124027602375,1.5452261690227314,11.155770865706726,8.897240600542604e-07,883819.1157625874
0.3544986134022475,3581.600494682789,7.197432958930731,1.189612841438502,8.897240600542609e-07,1380355.5713663562
0.7091010426729918,6159.358188509941,4.790904473803007,11.780761267160997,8.897240600542603e-07,6058188.466639845
0.8895957137644293,1056.800302118063,8.895928171,3.682032353207469,8.897240600542603e-07,4184788.0991395023
0.5262619431316853,8670.990947633982,1.295828490302898,8.070332593740895,8.897240600542606e-07,2862645.6799223665
0.6155835166573524,2798.6008943989873,3.014812184349634,6.875524512790143,8.897240600542608e-07,1778849.7867911605
0.803482823,9174.778674729168,5.613884947,5.298112400779501,8.897240600542601e-07,20328424.64745768
0.6208674112707377,5354.188823141158,0.8867844864046202,9.277565703410655,8.897240600542605e-07,3111219.115556665
0.4417026505619288,6641.181574203074,8.288847275078297,1.8661383246909828,8.897240600542608e-07,2912367.6786309145
0.4471657533198595,2053.917421028018,0.46210482355114074,4.734870785260573,8.897240600542604e-07,545228.4394780144
0.6875981713086368,7972.685894,7.864470373541118,6.315212466008961,8.89724060054261e-07,8211664.679277985
0.7892904651165009,3989.5661119371653,3.137103022680618,2.4295228721480813,8.897240600542606e-07,9543377.298133342
0.5575904566049577,6015.080573037267,5.736483314448968,9.838020682,8.897240600542603e-07,2267461.6402357924
0.5054858230054379,4647.153715603054,9.954873720074072,11.219898039093241,8.8972406005426e-07,1209253.1290773652
0.8425530044734479,7611.870351247489,2.355076800541021,0.6258246899209917,8.897240600542607e-07,30036409.884656418
0.7386053832620383,2663.190661929548,6.459833384037019,8.630972847985104,8.897240600542608e-07,3512473.869
0.39280472420156004,9609.035304747522,4.053612428120338,4.245597530901432,8.897240600542605e-07,1989006.2605291733
0.3774664527922869,2318.1184623390436,7.525411326,9.52006518,8.897240600542606e-07,320087.1359270361
0.7583186400681734,9958.504097536206,0.087953605,1.9513128178007901,8.897240600542601e-07,21208874.150992382
0.8578736352920533,4851.395575329661,6.059970883387142,7.329166487613692,8.897240600542604e-07,14388481.789536666
0.4857901734113694,7403.231864795089,3.5060567702911793,5.922251921705901,8.897240600542609e-07,2219293.269103256
0.5729281793534756,4347.754045389593,2.098396935518831,3.040686864228919,8.897240600542609e-07,2959831.2671685177
0.769577728,5661.285108886659,9.655779129016214,7.634640547707677,8.897240600542605e-07,9391259.501122816
0.672276988,1836.4235712215304,4.305686041204259,1.1333647353108973,8.897240600542601e-07,3020016.8389258166
0.46686191819608214,8185.7873080298305,6.745168296475896,11.508614312093705,8.897240600542607e-07,1564603.7640116885
0.4263812082260847,5004.927884787321,4.5057984575610615,8.569776594489813,8.897240600542603e-07,864688.0672807706
0.6405638682097197,6986.0501773655415,6.944977951516398,3.978753909068182,8.897240600542606e-07,6314369.286421477
0.8188208378851414,3007.443480193615,1.5953044756911694,10.573609762694687,8.89724060054261e-07,6464668.434833483
0.5958705206215382,8970.328390598297,9.152379139977507,0.19542918785475197,8.897240600542604e-07,20876223.622148383
0.5415828660130502,1410.5247044935822,5.2451600209949545,2.8895590635575354,8.897240600542605e-07,858868.213
0.8698998054862024,8312.869817949831,2.690943146582693,10.455387931494043,8.897240600542608e-07,25428477.51292378
0.6937625125795603,3368.432846851647,8.663379962404258,4.983771267570555,8.897240600542607e-07,3910319.3021449847
0.374212162,6376.922597177327,1.2256147122662513,6.393609327608719,8.8972406005426e-07,911397.1064265625
0.3600554891675711,1221.4535865932703,3.4351999503877013,11.377434159712866,8.897240600542608e-07,136422.44453112516
0.7057273986190558,8800.771223381162,5.838064625022002,0.796528907,8.897240600542605e-07,18609971.524716005
0.8753027234971524,3768.509743735194,0.4856449908204377,7.784094570716843,8.897240600542601e-07,12409431.63701902
0.5383631567656995,6240.515446290374,8.084526791180483,3.3592030840180813,8.897240600542608e-07,3388750.5671424936
0.5903402090072633,5360.913707874715,6.3667249390436345,5.679445856241509,8.897240600542606e-07,3143302.6430533305
0.8221678990125657,6893.734133802354,3.766428894866258,7.290522057656199,8.897240600542603e-07,16198586.689815799
0.6548489696532489,2862.1885431930423,9.745883902755565,2.177217203909531,8.897240600542603e-07,3500456.5798613946
0.41428786881268026,9414.413649,2.340161438247189,9.575474074520171,8.897240600542609e-07,1369038.1911655192
0.4788262847810984,3912.5202111899853,8.910926897,6.730067793596536,8.897240600542605e-07,1105636.425973035
0.6581208632141352,5832.849163562059,1.5048969033863395,5.116060594124719,8.897240600542608e-07,5332989.019662857
0.7663575032353402,1920.0257882475853,7.484542664314621,10.135785406641663,8.897240600542607e-07,2946247.7923900774
0.57833165,7803.354769945145,4.883943858820945,2.7404595340881497,8.8972406005426e-07,5725516.514272888
0.48913672342896464,2428.2162273302674,0.6668115814216435,0.2329644436389208,8.897240600542603e-07,3814620.9344542995
0.8523438806831838,9549.576045013964,8.265385852570645,10.816793190808967,8.897240600542606e-07,25782486.690337382
0.7462247770279646,4389.940616674721,2.913156896909699,3.922990520875901,8.89724060054261e-07,7372472.774611445
0.39175209872424605,7601.0170774534345,5.31571881,8.344958513,8.897240600542604e-07,1062296.8842168788
0.40709008850157263,4739.201940596104,1.854941497056745,1.5362459509447217,8.897240600542607e-07,1930729.511679025
0.7265117726475001,7256.148055195808,9.293621866367758,9.138663832,8.897240600542601e-07,8651577.927107621
0.8370224300026894,2219.3745635449886,4.569000673883595,5.624275657925755,8.897240600542605e-07,6008320.517738507
0.5088331553339959,9754.025373607874,7.126573829578237,7.018018286405131,8.897240600542609e-07,3120719.4760948634
0.5629931117594242,1566.301536746323,8.530609468357637,8.027700898703188,8.897240600542609e-07,718764.4123351558
0.786071027,8161.4757822826505,0.9768917185897008,3.443991817226633,8.897240600542604e-07,17781107.081921306
0.6734417610615493,4125.688546337187,5.074630110017956,11.831421426832677,8.897240600542601e-07,3179507.501963425
0.4591303681582213,5615.284101106226,2.636366368471645,1.4195791745651514,8.897240600542606e-07,3069967.963944255
0.4296085246652365,3207.2616647928953,6.114626257263125,4.381926650023088,8.8972406005426e-07,843046.7296855228
0.6351533284038307,9064.943900331855,3.676670044927858,8.962706162761897,8.897240600542607e-07,5884315.7786934255
0.8068296359479428,5156.672233715653,7.774065259682016,0.48151284438557923,8.897240600542608e-07,18534822.70987878
0.6100534908473492,7102.372201159596,0.22065027123037728,10.89628466539085,8.897240600542605e-07,3599557.1443649177
0.523041981,3410.322497598827,4.124168907904067,10.074220277080313,8.897240600542604e-07,1019255.0247995534
0.8949989134073257,6594.310256652534,6.6820495928097525,2.474727319739759,8.89724060054261e-07,27907328.23347868
0.7210651464015245,1438.947587274015,1.9570850001564248,6.082696249,8.897240600542606e-07,1852515.084773455
0.3403427601605654,8587.669692002237,9.396068130783737,4.686028697509318,8.897240600542603e-07,1281763.492346551
0.3459980104863644,2933.3527283743024,2.4777237410107626,8.835003142,8.897240600542605e-07,301440.5161517245
0.7176721589267254,9343.269881792367,9.920065704489128,4.415951810069382,8.897240600542609e-07,12863700.168135514
0.898114458,5431.473792530596,3.943166530302726,11.023250268576668,8.897240600542608e-07,20078617.169913787
0.5176727189868688,6823.153563775122,6.501960118055345,0.4482138455845416,8.897240600542601e-07,8581541.147508308
0.606653566,3697.3632276058197,7.910230243355037,2.625112946322188,8.897240600542603e-07,3256462.540801173
0.8124790168553592,6311.675809323788,0.34796857520099733,10.01750107621774,8.897240600542606e-07,13104118.796170289
0.6297813904285432,1150.8768387138844,5.702943558866159,4.534905475126579,8.897240600542609e-07,962377.7668194328
0.4327224618196488,8871.334057301283,3.258577061043121,6.1401414328813555,8.897240600542603e-07,1877296.7551851699
0.4556663551926613,4460.006135515869,5.492453819597141,9.079025246035307,8.897240600542608e-07,910593.6725931953
0.6790270540118217,7530.9719098731875,3.0483948509851473,1.6895623969193547,8.897240600542605e-07,11164249.152711056
0.7807717219740153,2497.6777797564864,8.402950148165226,7.078394289240241,8.8972406005426e-07,4553868.140518846
0.5661796817928553,9480.094208,0.8409912413274869,5.470233050705865,8.897240600542607e-07,4800065.941680804
0.5144157748669387,1849.9780055135489,4.748820650837385,3.480952084623277,8.897240600542606e-07,882136.7019551771
0.833556812,7873.416600748897,7.307921767801047,7.897074205586686,8.897240600542603e-07,19676305.481089473
0.7296914030611515,3843.0420625954866,1.3306031306246295,1.383356502968818,8.897240600542604e-07,7751126.779553157
0.40178491190075877,5902.313331142068,8.773247855419292,11.961322137368843,8.89724060054261e-07,750954.5193
0.3864637449383736,4196.835062466562,2.8111966038905085,5.176439812928438,8.897240600542601e-07,751596.6449242169
0.7493875846266747,5544.123738072813,5.2128408464668325,6.576022685067728,8.897240600542607e-07,8345980.12
0.8488945511728525,1636.878284625709,1.1126990449707954,2.6808177324198184,8.897240600542609e-07,5324106.712411355
0.4947030542045832,8090.912948362529,8.707919251,10.289104353925213,8.897240600542605e-07,1982108.1989321471
0.5815003293007612,2148.2103783637285,6.9883252665894116,10.780573020521551,8.897240600542604e-07,949454.2571574863
0.7610760890692473,9825.169140473008,4.394131978688762,0.362861938,8.897240600542609e-07,31719970.135915145
0.6636887992918492,4668.641855940223,9.116350543337875,8.381916279532016,8.897240600542606e-07,3795820.1825216003
0.475379629,7326.728625223041,1.7191719972155988,3.792367043728009,8.897240600542601e-07,2582987.2197907027
0.41738391503691674,1508.9953700080514,9.531878232,0.9234970111679286,8.897240600542607e-07,932664.7113439855
0.6494949226081372,8517.607861198485,2.134392157,11.34413194494322,8.897240600542601e-07,5592576.932332009
0.8277999230474234,3479.8006461933255,6.856877686400899,3.231497562387958,8.897240600542604e-07,9778748.084070032
0.5869576408714057,6524.8460890725255,4.262381637,7.818122946731746,8.897240600542608e-07,3266517.367264071
0.5330107171088457,5086.606714874506,0.043380941,7.139402051242068,8.89724060054261e-07,1852463.303732361
0.8784014452248812,7172.417368739843,7.638293618013152,5.736888538375497,8.897240600542604e-07,25043933.645315174
0.7023506999015809,3137.8001123666763,3.5384188558720053,9.725856485,8.897240600542603e-07,3124409.184402505
0.36569445073604584,9134.425736963749,5.9397603371320296,2.1205005043558773,8.897240600542606e-07,2511879.1359176305
0.36890000954270363,5284.124008379877,8.153685998435131,4.129873915482312,8.897240600542603e-07,1016899.4973695638
0.6969533915817738,6711.226105,0.7101255212314427,8.512333912355825,8.897240600542609e-07,6662854.756165153
0.866440028,2729.1400460526347,5.439629242804833,0.045046777,8.897240600542606e-07,16711323.27705128
0.5471553718298674,9244.259874336421,2.8771712113227697,10.630326462248341,8.897240600542601e-07,3099138.968578115
0.5990629986673595,1126.8485207110643,1.472525282016024,10.328419826999307,8.897240600542601e-07,551453.9659206623
0.8135113523155452,8600.928748,9.031127907571383,2.922861278327182,8.897240600542608e-07,22668064.76552842
0.6461422517895699,3651.0790791362524,4.928506987053901,6.521314849238842,8.897240600542608e-07,2875365.4010112737
0.42292837709188463,6089.893652126193,7.371650836492889,4.949742891555652,8.897240600542605e-07,1411567.6496592509
0.46998176336288455,2592.0271137729287,3.879354097951204,1.9875329880882056,8.89724060054261e-07,1269762.6360398766
0.6668948692083358,9680.178368,6.322195186073892,9.390167685300112,8.897240600542604e-07,7657284.594557943
0.7752201993018389,4576.594267971814,2.219917516728863,5.885294155618176,8.897240600542603e-07,8314451.747190554
0.5695394361764193,7682.450217194855,9.778212613073178,7.459789964761585,8.897240600542606e-07,3541263.3146849256
0.48041393481194977,4060.7129968702793,5.8740836858721455,7.574261328903958,8.897240600542607e-07,1068223.4196167267
0.8610004284232855,5943.919774144888,3.3113228930737826,3.194731972757727,8.8972406005426e-07,20168560.60705002
0.7549314938485623,2124.4945377111435,8.041169940317982,11.568256113762036,8.897240600542605e-07,2924179.1481521535
0.3831115894019604,7902.122624218464,0.5973019339032472,0.9800457880273462,8.897240600542608e-07,3756338.8948261635
0.39843250393867496,1766.375352628529,6.567937183933333,6.278252198612317,8.897240600542601e-07,344892.87699132797
0.7352355939149857,8255.849507637322,4.1699526171917105,4.8654974783770735,8.897240600542606e-07,12274380.062070139
0.8456619066745044,4278.275460936129,9.517489722304045,9.874243353726342,8.897240600542609e-07,11214586.51
0.5001274753361941,5730.749645270407,1.9234927977314218,2.2996221616119144,8.897240600542604e-07,2991181.704912526
0.5542180021852255,4921.460390090942,3.6419049403956163,0.6854632756207139,8.897240600542605e-07,5854165.459872254
0.7949166478961707,7333.187334239483,6.237316108785571,11.066581593118608,8.897240600542609e-07,13264537.168679213
0.682232876,2387.579310685396,0.26274362998548895,4.185221528066322,8.897240600542607e-07,2693547.862944586
0.4502687756717205,9889.022897928953,7.6635859866011895,8.785015455204993,8.897240600542601e-07,1950756.247649295
0.4382661081850529,3297.285961918533,1.0873280806178227,11.630375640578569,8.897240600542607e-07,506223.60626999446
0.6264295060932636,6448.0833960697055,8.488473198549823,1.2463320423010738,8.897240600542603e-07,8268121.297557451
0.7981901603192092,1339.9475878104568,2.5137098922124133,8.221455816123635,8.897240600542604e-07,2639510.653697472
0.6187591718882323,8383.433087728918,5.109428589813412,3.6245871697645633,8.89724060054261e-07,6893644.986585201
0.531817092,3078.607028350234,9.327171157740057,5.4258154211007055,8.897240600542608e-07,1333279.1159107415
0.8861532936245204,8899.185328,1.7334769944837316,6.841499352743849,8.897240600542605e-07,31946591.97532881
0.7122740307450295,5075.487332418561,7.080823495553807,1.739172721505165,8.8972406005426e-07,8844406.240019998
0.3492043516039849,6915.470311418176,4.683146458023228,9.310864702211694,8.897240600542607e-07,692690.0269305562
0.34978866852819923,3098.3286490663886,6.515621011855082,11.929989580539987,8.897240600542606e-07,302522.81893776427
0.7127130506187678,8875.064901076257,3.9202083534980194,1.368127194289118,8.897240600542603e-07,16550143.920111887
0.8866628435254098,5055.6970639154315,9.894819273,7.961885710293427,8.897240600542604e-07,17934247.84889383
0.5324718722701073,6939.659419469535,2.4939778108140453,3.556008414663374,8.89724060054261e-07,3506143.2783101657
0.618106514,3317.0461896806955,3.276498702033423,5.500191495614126,8.897240600542608e-07,2328358.2848386248
0.7976827998459339,6423.932912,5.674484758742154,7.095180662721395,8.897240600542605e-07,12955685.179227844
0.6259883301705123,1320.1186787337065,0.3269854987943545,1.6231977580394596,8.8972406005426e-07,1522562.0408806303
0.43767970196902756,8407.652219757438,7.920981529386715,9.005339097287505,8.897240600542607e-07,1521094.138614282
0.4496845265477896,4910.489225,0.8302400670433417,6.160036040022969,8.897240600542603e-07,1143890.0368558622
0.6817939236015083,7348.548755981028,8.423933336319402,4.562121592,8.897240600542606e-07,8094600.528808938
0.7944071637094021,2398.6191572621465,3.0768535393616183,9.940340788047761,8.897240600542609e-07,4425499.967958204
0.553563288,9873.592828400433,5.474532066859306,2.5611247295793143,8.897240600542603e-07,6521008.107388696
0.5007800650596619,1755.4427944123745,8.756993673868477,0.42987237261608247,8.897240600542605e-07,2166550.1028769976
0.846169199,8271.180871874094,1.3558494499167426,10.99466397027485,8.897240600542608e-07,21317120.172557343
0.7356767041236163,4289.276666939259,7.330880056353287,4.494486210159957,8.897240600542608e-07,6560491.621496926
0.39901884444057945,5715.349599719048,4.735159868785181,8.897434294,8.897240600542601e-07,811365.4468952479
0.38369794450700284,4084.8294170573354,8.684493783424609,2.100420621689409,8.89724060054261e-07,1284332.8488712446
0.7553726186603309,5924.193610437214,1.1258926478363573,9.698460452547296,8.897240600542604e-07,8401086.384443978
0.8615077398717403,2100.3094697371125,5.228322554570624,5.813868196308612,8.897240600542603e-07,6597056.549576199
0.4810665433108807,7921.917469240725,2.7851778111513705,7.203204277800396,8.897240600542606e-07,2079622.5274457545
0.5688847362995149,2616.182141005993,1.6914856332894415,7.836644335277379,8.897240600542607e-07,1164368.068822121
0.7747107297182083,9660.422146320343,9.135044620526022,3.2602691362146285,8.8972406005426e-07,20003379.687472496
0.6664559359103441,4552.370559424162,4.405350481,11.26578353503719,8.897240600542604e-07,3390060.516830773
0.4693975330144167,7702.275086194277,6.9678094066185885,0.861246489,8.897240600542608e-07,5775756.446504718
0.4223419562727213,1111.4825559780002,4.282897534403951,3.8235136103723195,8.897240600542604e-07,318741.3835
0.6457010612636804,8611.895906738937,6.845659221182578,8.396964958,8.897240600542609e-07,6158630.632405845
0.8130039730668068,3666.513725183904,2.1156980424579235,0.29787051792256536,8.897240600542606e-07,14735747.171993682
0.5984103223681451,6078.857845626771,9.559564559,10.70533141,8.897240600542601e-07,2932097.043497623
0.5478101374208928,5268.796650692821,5.9657790926219905,10.259326539253816,8.897240600542601e-07,1834660.8953969681
0.8669495637714864,6722.163205966353,3.522937110519037,2.6642173491232097,8.897240600542607e-07,24170833.88705619
0.6973923926800489,2744.5360515266657,7.625100052396768,6.642572599472478,8.897240600542609e-07,2993220.8922547693
0.3694843076914549,9233.254092,0.066806446,5.250305877253413,8.897240600542605e-07,1435346.0323484656
0.3661335081607104,5097.5781651213765,2.856187203686684,0.9986620476469398,8.897240600542607e-07,2241930.6370433783
0.7029349876195192,7157.055695541203,5.450381385567598,11.597115769395606,8.8972406005426e-07,6775878.821766687
0.8790562546253204,3126.760014332831,0.7280486894380301,3.116288691777736,8.897240600542605e-07,11790716.161348686
0.533520229,9149.856091476977,8.125225745593198,7.511922725392505,8.897240600542608e-07,3324253.9193021692
0.5864502428472043,1519.9281796813011,7.346405336682685,7.4398049531690775,8.89724060054261e-07,819439.6398328637
0.8271472947299481,8502.276211977005,4.9447602001260975,5.857986205,8.897240600542604e-07,21431639.953288868
0.6489084871858359,3468.799155205488,9.044787274154835,9.467052472159267,8.897240600542603e-07,2473220.8868902614
0.41694277666509155,6540.246386,1.4495685579292477,2.051247132839635,8.897240600542606e-07,2355504.8293042667
0.474940639,2128.488506190479,9.801169374409131,4.920059947958216,8.897240600542601e-07,723128.5408093076
0.6631045793741942,9849.289852194488,2.2062581873945892,6.504802547749132,8.897240600542608e-07,8561267.756857002
0.7604213453829289,4688.432409,6.305941935752519,2.9893163216579706,8.897240600542608e-07,9149259.549
0.5809908826649189,7302.539265714586,3.904599561,10.402197809517384,8.897240600542605e-07,3118921.802238723
0.4952103844285012,4177.074549719691,0.6257621494960041,10.661567899966613,8.897240600542603e-07,979746.4095577506
0.8495471116900444,5568.274473771453,8.023246734862216,0.060183537,8.897240600542609e-07,31924862.435359363
0.7499739543348551,1656.7074451595545,3.300570787560195,8.447247621,8.897240600542606e-07,2362781.129947533
0.386904818,8066.693531349301,5.895067730757408,4.054544228110462,8.897240600542603e-07,1679128.3112517898
0.40222599916160107,1865.3437187895179,1.9347122314283625,9.340733635993674,8.897240600542608e-07,265858.1669803916
0.730277787,7862.449727021158,9.496973005602136,1.755865653,8.897240600542605e-07,14952525.713115567
0.8342093910276891,3827.6077015325427,4.142264726049267,6.775224224990233,8.8972406005426e-07,9856064.147
0.5149231238663197,5913.348886184394,6.586632713839412,5.352222714107484,8.897240600542607e-07,2253758.858222139
0.5656702497601509,4475.333208218217,7.679066763475538,3.593165101809427,8.897240600542607e-07,2762267.402914096
0.7801169928908349,7520.035060122609,0.23672569397743792,8.206133065689356,8.897240600542603e-07,13077669.05574287
0.6784428528696299,2482.2820257395506,6.213892168262974,1.3112330581340939,8.897240600542604e-07,4011031.3710616496
0.4552273843437434,9491.099705919623,3.655097090543248,11.705525412373245,8.89724060054261e-07,1632637.771350019
0.4322813088446856,3673.2470924034715,5.096236551413313,8.766584471110255,8.897240600542605e-07,664331.7648660165
0.6291949404031039,6331.401721574366,2.5371339444825427,4.1565417880099265,8.897240600542609e-07,5246035.439290497
0.8118263697624207,1175.0616552308202,8.514491023,11.145205504335463,8.897240600542607e-07,2427018.6166471723
0.6061461490392686,8851.539497,1.0718471919959411,0.747987869,8.897240600542601e-07,12536981.74300255
0.5181822167336941,2909.1979525983334,4.664450816369616,2.3194272576272486,8.897240600542601e-07,1689109.5304216174
0.8987692527472975,9363.025818020105,7.108511274948717,9.901366028981283,8.897240600542606e-07,35150539.00850161
0.7182564278692007,5455.697216,1.7539938229331746,4.788426701333374,8.897240600542609e-07,7343361.224080417
0.3464370491355658,6803.328946232796,9.315951836,6.2143574236240235,8.897240600542604e-07,898655.7012782524
0.34086080074310304,3399.282382801175,1.3137608590563759,4.307664921060204,8.8972406005426e-07,516670.2658354426
0.7217113941907883,6609.740594401956,8.867477714844048,8.709139198334887,8.897240600542607e-07,7737471.181834775
0.8955746395140887,1449.9190207570791,4.7699297412121675,0.5976021534018219,8.897240600542608e-07,7146011.841323251
0.523489567,8572.308002,7.208194972725586,11.201924615865574,8.897240600542605e-07,2423219.1132045747
0.6096037908643485,3196.2601905688643,8.302497441114857,9.774400515127928,8.897240600542604e-07,1743237.4151944085
0.806251729,9080.344214104116,0.8638179657841102,2.3527263457607477,8.89724060054261e-07,23921909.133712776
0.6345092283189298,5167.6050601527095,5.588630172,6.3420605332776905,8.897240600542606e-07,3812110.676452588
0.4290925650298596,7087.040568701923,3.0310555263897405,4.754401631,8.897240600542603e-07,1697243.6838045223
0.4586123932898045,1586.092073470354,5.720239860661328,1.7920884141605349,8.897240600542608e-07,800077.1739087608
0.6727955789864064,8137.286406010389,3.1623576857885345,9.210833015,8.897240600542601e-07,6723449.64
0.7854953687638044,4105.966657400131,7.8874370059091605,5.315262536043301,8.897240600542605e-07,8164953.133
0.5625455939024687,5639.404796,0.4484547692621127,6.905851007439196,8.897240600542608e-07,2521687.561878125
0.5092827896028758,4759.031117893755,4.042850526073017,8.145756973521785,8.897240600542609e-07,1425392.4784453334
0.8376002714782954,7231.928654946387,6.480808228375391,3.7472076196968556,8.897240600542604e-07,20941767.228574302
0.7271558049321175,2199.6140675619245,2.383527145101689,11.765163908740506,8.897240600542601e-07,2457090.4004885387
0.4076059803366661,9778.176126,9.936941239573061,1.1579165228269994,8.897240600542606e-07,4760673.035776549
0.39226797595620155,2412.781849503517,3.478359678601846,6.467844870993868,8.897240600542605e-07,406732.78958035534
0.7468687947094441,9560.611583292484,6.0786566167594875,5.050683514438569,8.897240600542608e-07,15119748.40353838
0.8529217033833265,4405.306313186884,0.099163764,10.43841806913726,8.897240600542607e-07,11985958.739408866
0.48958633892238146,7590.050186961889,7.504884738246911,2.8594189164228734,8.8972406005426e-07,3393055.3546455614
0.5778841177374126,3897.124473936856,6.721753557,0.11982524982653558,8.897240600542603e-07,10535829.71454441
0.7657818303257228,5843.854677863419,4.318887987885625,10.50824886,8.897240600542607e-07,8747315.438076887
0.6574746623635292,1935.3528777137399,9.671269180935807,3.994164919974282,8.897240600542609e-07,1978797.2847459526
0.4783082911372185,7792.417936958373,2.072388870542869,8.601292640194297,8.897240600542604e-07,1829336.757478643
0.4137719237804413,5385.098507627845,9.178387167704292,11.446733269449323,8.897240600542609e-07,765199.7383300489
0.654204884,6873.939557000995,1.5798143865223975,1.0553786578681321,8.897240600542605e-07,10577977.863025326
0.821590011,2838.0723912268877,6.931776042,7.663042642474174,8.897240600542601e-07,6613077.423711478
0.5898905277997256,9434.139544144273,4.529213234785945,3.058845920311287,8.897240600542607e-07,7038716.412781891
0.5388107570260764,1245.6770269200206,1.2461413372494279,5.985691815800965,8.897240600542606e-07,519769.48302364186
0.8758784642070532,8780.946622602642,8.652169841001742,7.405776666486636,8.897240600542601e-07,29236518.820588224
0.7063736651837826,3744.3549847230315,2.672257376,1.9242791176773608,8.897240600542604e-07,6134986.754065593
0.36057354852557183,6260.271399281919,5.272857075,9.500354776261375,8.897240600542609e-07,673371.7973409436
0.3748583808541298,1390.7344192266464,8.059270563607104,8.269259347012266,8.897240600542603e-07,230604.19103976185
0.6942805907130242,8337.058909237385,0.5018898600768298,3.8575418970547615,8.897240600542606e-07,10353186.12809042
0.870347354,3388.154450803995,5.851715648,10.832299430118873,8.89724060054261e-07,10369743.649816688
0.5421586213260889,6352.802153676748,3.4122324985377492,0.2645682138204575,8.897240600542604e-07,11063019.825333087
0.5952926426380873,4985.098992474377,2.319188158,2.814599849069491,8.897240600542605e-07,3962782.432392329
0.8183711003512144,7010.269326157868,9.756644389334134,10.202609929032624,8.897240600542608e-07,15152475.49663436
0.640047946,3027.203724719584,3.784360406888649,5.099185960171744,8.897240600542607e-07,2502145.3821394327
0.425737079,8946.177923120558,6.338275413964876,6.700015370938927,8.8972406005426e-07,1750035.3685434808
0.4662157653272152,4358.793875202537,4.912393346650527,9.638818740211427,8.897240600542606e-07,919198.1370998578
0.6717589752376081,5645.855022594333,7.466611115043052,2.2537396583054212,8.897240600542603e-07,7376863.409637371
0.7691302474588156,1825.4523891955614,1.4941364540569484,7.263583585936576,8.897240600542603e-07,3044505.872238874
0.5723524918407202,8201.148713,8.931900214227849,5.6598231771122665,8.897240600542609e-07,4309741.992920545
0.4863679856806994,2329.1196851059794,5.338686299,3.297226812969893,8.897240600542609e-07,974899.8083437562
0.8583233071118594,9943.104068748653,2.8995059113912287,7.706020768797025,8.897240600542605e-07,29323956.650864072
0.7588344943523407,4840.463033877313,8.249140946065076,0.8250262298434973,8.897240600542601e-07,12759516.528489927
0.37811051428318027,7418.563245795667,0.6920677717458457,11.395680940272287,8.897240600542607e-07,755862.9275371453
0.3934487710893154,4622.968630865216,7.142065334215761,4.622497684303671,8.897240600542604e-07,953686.3663914552
0.7391212229430676,7631.665179505944,4.542991081691348,6.005993522135541,8.89724060054261e-07,11002202.347396309
0.8430026575177909,2687.3070653527975,9.270206269660964,2.5014862332120535,8.897240600542606e-07,8585923.027564311
0.5060636164993049,9589.309124276042,1.8681443749675528,10.093657323354854,8.897240600542603e-07,2490021.311
0.5570147544890642,2029.6937292441726,2.6475750744054096,10.958441209346056,8.897240600542601e-07,732583.1508726978
0.7888429702073336,7992.510779760778,5.054105049500243,0.5597729938197881,8.897240600542607e-07,25972531.859092522
0.6870801401138307,4013.721155934036,0.9491954836314545,8.934394472446293,8.897240600542608e-07,3679678.845110385
0.4465195816755295,5995.324368588626,8.549294271,4.363859427710995,8.897240600542604e-07,1713127.1377363342
0.441058536,2814.0355236828327,0.20196535733994098,1.4950927081424743,8.897240600542609e-07,1363813.8027045156
0.6203515037894249,9163.742851,7.801761382892729,11.896690492406487,8.897240600542604e-07,4874252.411086628
0.8030331043154002,5338.822841644287,3.6971952171931046,3.4283053050097076,8.897240600542601e-07,12852237.325294668
0.6150056574493648,6652.148716151714,6.103417663076893,7.995910781,8.897240600542606e-07,3970580.9314359105
0.5268377130478621,3596.996516920626,9.382865364620463,6.944057529671118,8.897240600542607e-07,1344866.6745714303
0.8900432764738799,6148.352422751486,1.9805007086107507,5.557636768389493,8.897240600542601e-07,23159801.83889968
0.7096191395819188,1041.4729611948133,6.708059073254467,9.155724813202395,8.897240600542605e-07,1144061.8717607523
0.35514485076069835,8681.928065605462,4.108677291519009,1.5664786465093494,8.897240600542609e-07,2728829.009425567
0.35676215767860414,4714.198572561145,9.633333435710519,10.02953006063588,8.897240600542605e-07,524014.95056840754
0.7112103778123856,7259.202471002936,2.0323171270964666,2.6129921281337736,8.897240600542608e-07,11146805.646123655
0.8873450035601855,2172.074193134904,6.761820532051847,6.128844282319769,8.897240600542607e-07,7980065.306904471
0.5241312623769045,9823.274763301015,4.356818965216168,4.546294459458441,8.8972406005426e-07,4220253.4680698775
0.6133201225847007,1699.048469774425,0.13935472314525396,4.427981151817367,8.897240600542603e-07,1247787.4224910217
0.8013733711093665,8041.923138312995,7.542939662216232,8.822882681582122,8.897240600542606e-07,15911422.976278914
0.6231180046498777,4201.613216660917,3.440319058,0.4369163376931101,8.89724060054261e-07,7833909.4032881595
0.44383348152041435,5526.165208779275,6.038479961004109,11.034638895578682,8.897240600542604e-07,939273.3089642655
0.44927306905388836,3151.290215551853,2.7127821252821014,7.884953744728118,8.897240600542608e-07,656484.1418251225
0.6898594291508198,9107.755259,5.310635498758406,3.4929814263712613,8.897240600542605e-07,11396385.907206558
0.7871617703884841,5139.927890151739,1.208358146031387,11.97271076437086,8.897240600542601e-07,8648377.422161084
0.5553419994562865,7132.276568561792,8.611640323786064,1.3720589950773865,8.897240600542608e-07,6297584.749008008
0.5033786240965128,3512.3761417344213,6.894193083820865,1.677441578730941,8.897240600542606e-07,2220322.165110781
0.8402915964275599,6514.240031130612,4.488883987774142,9.091054230453446,8.897240600542601e-07,16632528.232338026
0.7407339277863503,1545.7028085365891,9.218730718400328,5.481622035037726,8.897240600542603e-07,2355184.884268052
0.39505329817533497,8458.930985070765,1.617411648469977,7.067097138678655,8.897240600542609e-07,1295461.9606363222
0.37535686627030374,1200.6963901221752,5.548453572169878,0.3757145455852151,8.8972406005426e-07,1039400.9497984991
0.7560553784668447,8808.329839259386,2.993014924729243,10.76781224691309,8.897240600542607e-07,12241333.088941347
0.8600046008080244,3716.6884765028954,8.340552346,3.7817098485864697,8.897240600542608e-07,12274169.403549263
0.48804063431918626,6305.535227060318,0.9040088693499566,8.392481640903279,8.897240600542605e-07,1591297.4800006081
0.5750379160791637,5498.185762,4.807860662668944,6.5888749351166185,8.897240600542604e-07,2747695.1885981597
0.771840873,6778.415323235095,7.248261929652655,5.163678681990132,8.897240600542609e-07,12443137.134880006
0.670145905,2933.862683363259,1.2736891342345624,10.27844751611352,8.897240600542607e-07,2298149.9775616927
0.4646116074919701,9320.786197669804,8.829542025492527,2.691383451120928,8.897240600542603e-07,3757943.054890187
0.42412019968032844,3852.2811327129602,2.4211244256738573,5.724127407,8.897240600542607e-07,812486.2497739849
0.6384562677145005,5871.100531890988,9.977284846142865,7.152254301290959,8.897240600542601e-07,4277633.2946992535
0.8210690123587847,1907.8237991780043,4.002521223187447,2.131066223056987,8.897240600542605e-07,5558322.4992745165
0.5979994667321444,7837.544536218047,6.443225251487457,9.715199647322297,8.897240600542609e-07,3874123.713
0.5438439913839103,2525.7318755611777,7.846907470068895,11.331371171334759,8.897240600542609e-07,856596.7787963335
0.8720072557777168,9465.224779210985,0.4106715221703053,0.9363496185466648,8.897240600542604e-07,39986306.31776008
0.6915141879022122,4500.959243,5.758018339858391,7.828688308,8.897240600542601e-07,4457707.640172677
0.3720833329856396,7476.834136,3.2028824537340554,3.220840367246419,8.897240600542606e-07,1629604.5616301696
0.3577944973111153,2354.580294340849,0.989534304,2.935622051935643,8.897240600542604e-07,503010.2111260952
0.7036198148131372,9900.046039372683,8.586886801802553,10.31556721962057,8.89724060054261e-07,9754689.659840789
0.8775509146600962,4883.254937827587,2.6099873109981417,4.939177530184388,8.897240600542606e-07,17262815.530339975
0.5404921195656062,7393.368661403656,5.013770997344517,6.531972044380382,8.897240600542603e-07,2979039.7423914964
0.5926013510674238,4260.797717608511,9.232418273,8.525095043294131,8.8972406005426e-07,2182516.7600988625
0.8242753659933806,5761.414200998843,1.8276100526079535,4.1170216654334215,8.897240600542607e-07,15165582.810163943
0.6526006616652013,1710.1764352992177,7.182585352891126,10.61976074354723,8.897240600542608e-07,1220444.7291498517
0.41215905621647836,8298.861612565815,4.580764774369077,0.055703615,8.897240600542605e-07,22861744.31
0.4767166815698147,5010.422239080071,6.670013722323813,3.1818797227088362,8.897240600542609e-07,1991264.6910384058
0.6558575849235058,6967.348592355847,4.068495905118064,7.587022459842265,8.897240600542603e-07,5503344.155992861
0.7684884520620108,3069.8584001511335,9.423051518916152,0.9907026258390397,8.897240600542603e-07,8108305.162460992
0.5805820944160224,8921.120768412948,2.018550827436149,11.557690395060927,8.897240600542606e-07,3617084.947683921
0.49124644346535207,1292.8756913170218,3.737257387600839,9.377315077921375,8.897240600542608e-07,341767.4694547147
0.8546070087701083,8452.480859,6.1413438352635135,2.0002937616966663,8.897240600542601e-07,29606152.16051821
0.7440936779975892,3273.0157924816012,0.1640248814690858,7.470447159903124,8.897240600542605e-07,4593752.160217565
0.38950177133083347,6450.377690605819,7.761684908800759,5.874728794246912,8.897240600542609e-07,1118184.933364024
0.40919742092490197,3622.3477255553007,3.822134080941789,11.078702411307022,8.897240600542603e-07,490923.9102696598
0.7287730471789837,6105.442484840751,6.378795376766473,0.673434291,8.897240600542606e-07,14917638.631375743
0.8348937519639732,1084.0996745973825,2.278653891888447,8.773626470873133,8.89724060054261e-07,2692668.4736821684
0.5065847148746252,8656.860115006566,9.718856412,4.196518678627908,8.897240600542604e-07,3530379.0499900654
0.5608859295397998,2716.200332157314,5.811381614258513,4.877617939235642,8.897240600542604e-07,1439932.353675742
0.7838096357136966,9279.171171598136,3.374644791004248,6.266222856864333,8.897240600542608e-07,17546661.662302595
0.6755703222751618,5223.6606469377875,8.096863039,2.2882335346098985,8.897240600542607e-07,6937008.391693726
0.46137895882129676,6749.717882834375,0.5422286615027115,9.885540861617773,8.897240600542601e-07,1307926.366720006
0.43187205225229264,2055.1821663975716,8.209064416,6.829470010995864,8.897240600542606e-07,464741.6799993455
0.6372626468539239,7949.463412165642,0.6541272772504018,5.437935881959274,8.897240600542601e-07,6250373.969138214
0.8045789090543987,4056.4852319657803,5.376612490138039,9.322162210103125,8.897240600542604e-07,8120991.338313157
0.6079227934032679,5970.119122415781,2.939568138,1.7277840945031495,8.897240600542609e-07,6154342.329
0.5207785706967116,4524.996143765748,1.5321866287561132,1.2343030578829348,8.897240600542609e-07,3541702.390995439
0.8928894447535278,7747.230862267315,8.972086387148128,11.642496458766981,8.897240600542605e-07,27471986.258227497
0.723315723,2572.0074409618974,4.872211941624992,3.6358843203261495,8.897240600542601e-07,3876307.522127123
0.34247357442975046,9687.015519477427,7.428565708238632,8.210066831791773,8.897240600542607e-07,1013077.612
0.3481055942922831,1780.7746408507228,4.445527136911639,5.287547039408237,8.89724060054261e-07,277446.2363529477
0.7199331507831812,8228.251571767032,7.0058500269036745,6.886181707931683,8.897240600542604e-07,10135512.382103948
0.8959854951500894,4331.922776065767,1.6534307093201206,1.8788990982994438,8.897240600542603e-07,18957635.828746345
0.5154245278239251,5690.301044844091,9.094853661086411,9.264713096031919,8.897240600542606e-07,1699499.593968953
0.6045460988581182,4812.639063224196,5.190391577240081,11.770195548459888,8.897240600542607e-07,2314372.8496177634
0.8102178747951985,7463.962106,2.745110835599713,1.2002696792501957,8.8972406005426e-07,22831868.002524782
0.631910203,2283.4718991070986,8.724565526871011,8.083093724679202,8.897240600542605e-07,1560949.1065431978
0.4349707698076964,9971.176931634545,1.1638283930616453,3.669180103158578,8.897240600542608e-07,2832533.2368671857
0.4579296334832907,3342.515398748219,7.587502790449188,0.6364815277326852,8.897240600542603e-07,2839015.848410505
0.6811366572231055,6380.866316147149,0.026462895,11.209332320392132,8.897240600542609e-07,5220889.880879143
0.778521278,1362.9020163789392,6.006108339633793,4.232745280852541,8.897240600542606e-07,2748593.2405435992
0.5640487329661846,8382.466235,3.560520068782382,8.643733979,8.897240600542603e-07,3453218.3749865335
0.512152647,3000.341057777405,2.15622756,6.325869661,8.897240600542601e-07,1029905.3492829246
0.8314470916986466,8990.615479648113,9.59734775,4.724305423889309,8.897240600542608e-07,24163162.603028607
0.7319417304545641,4940.412510186434,4.245119111080655,9.825168074751273,8.897240600542608e-07,5977842.852047584
0.4039160109311343,7037.380885332823,6.805134471861646,2.4422836457565427,8.897240600542605e-07,2179266.440585067
0.38420247040688993,5294.276521541178,0.36492118814587593,7.623251563375816,8.897240600542606e-07,717947.0184659336
0.7472802522033454,6679.124438203871,7.961053254208529,3.051984014790505,8.897240600542603e-07,12043874.53109124
0.8511429916322233,2787.308727391064,3.2364317451063545,11.52073513028212,8.897240600542604e-07,7397677.798099049
0.4968317322432995,9208.040279336274,5.636553837285378,1.1213357508927584,8.89724060054261e-07,6784876.494
0.5837617206573487,1013.5014690458775,9.854628369883635,1.9399241907987743,8.897240600542608e-07,946166.2489288134
0.7631832712888718,8727.470156,2.4559229054693135,9.531362687759101,8.897240600542604e-07,13108098.36859247
0.6614402086287737,3551.2226670980453,6.553661613515579,5.934372383,8.8972406005426e-07,3189256.299008952
0.4732510674744845,6176.5556409955025,3.960384953379631,7.317137145865709,8.897240600542607e-07,1544175.3724982718
0.4152745965868235,2641.524783335626,7.290355288407766,10.466685439385474,8.897240600542601e-07,418771.82070868224
0.6472313950210811,9617.520808242261,4.697381389588118,2.8781704365555196,8.897240600542606e-07,10088976.829402264
0.8299306204915047,4595.005872659385,8.794776920960285,6.381579985860735,8.897240600542609e-07,11647696.959951485
0.5892083677649498,7677.198569,1.3963789857570081,4.9958917284291235,8.897240600542604e-07,4653879.695062709
0.5351201857626439,3986.9856256991625,3.1144365162495524,3.990051059629768,8.897240600542605e-07,1951127.122924212
0.8806648559868338,6039.630496874452,5.514861369744875,8.558387610157952,8.897240600542609e-07,20391792.996388957
0.7002198856323958,1985.1558413356543,0.7898964604735375,0.1834002034366131,8.897240600542607e-07,6339934.270201318
0.3634438740462065,8019.478036090732,8.386336055747233,10.585730580883101,8.897240600542601e-07,836269.5976951917
0.36679067440330987,4132.113174535334,6.176118475585246,7.279224907094613,8.897240600542608e-07,562988.7658387682
0.694689847,5595.676952041686,3.6145770718678834,5.690834840573371,8.897240600542605e-07,6207383.606246123
0.8685707092285158,1629.0217088535428,7.719601085835137,9.587503059,8.8972406005426e-07,5026210.286726798
0.5494060820341111,8111.938131041825,0.2745136903394014,2.165096385721117,8.897240600542607e-07,5618820.926321638
0.601172451,2241.5908314287663,4.182598778204993,0.7852313987817615,8.897240600542606e-07,3074719.4552137204
0.815774746,9753.780689,6.624220477,11.388822786714881,8.897240600542603e-07,20261185.400214907
0.6440114208310843,4784.207597374916,1.8971197,3.3712324257660655,8.897240600542604e-07,4658565.731196196
0.4206777837127448,7189.170815050602,9.456634185551666,7.771974109858275,8.89724060054261e-07,1288352.602397886
0.46772050552070144,1475.1042341813445,1.794070297025144,10.828181817810982,8.897240600542605e-07,297013.2984
0.6647875534743071,8529.541461728513,9.353892311661504,0.22166693574748936,8.897240600542608e-07,23193635.9
0.7774686564505101,3441.2507144734263,4.626524644182996,8.332838052585721,8.897240600542608e-07,5886775.391732834
0.5716681309044361,6585.353623144329,7.068449104540982,3.9350198626238853,8.897240600542601e-07,4016688.145891021
0.48267534285783775,5210.543127730489,8.476440903984942,5.127449578456581,8.897240600542603e-07,1694662.769659145
0.8631076273322107,7061.683828011155,1.0316610377002506,6.718770643,8.897240600542606e-07,21894298.32806012
0.7526829198747874,3222.3979737609625,5.136417937814259,2.7283387158997354,8.897240600542609e-07,6164006.819770557
0.3809830448776484,9036.625070497394,2.575179295413196,10.147814391059802,8.897240600542603e-07,1022135.756781458
0.4006957655400038,2864.3460450693965,9.004448472728953,3.4333346220850944,8.897240600542607e-07,763602.9047
0.7373451804369688,9390.280271880329,1.4119760825010017,8.038266260074451,8.8972406005426e-07,12377802.216373118
0.8434114457666875,5428.176737390459,7.3839930442161865,1.4324317819438874,8.897240600542605e-07,18907753.074753862
0.4979965098202229,6848.446979187429,4.985094233657234,11.818660653224216,8.897240600542608e-07,1584814.3446124194
0.5519548574090004,3786.188518628478,0.7658366671754048,9.128006993923336,8.89724060054261e-07,1400184.2180171981
0.7928069111704827,6236.023483797908,8.165760012,1.546811669645831,8.897240600542604e-07,16705510.34555435
0.6844831863790751,1270.7231510430574,2.8156672408850865,7.030870536454022,8.897240600542603e-07,1251327.2251473565
0.4523998580127955,8738.314846530557,5.412607711514458,5.611514526987448,8.897240600542607e-07,2208174.5425736136
0.44037370868027215,4430.344005,3.3386161943646147,2.4852930384408682,8.897240600542601e-07,1634343.9605559786
0.628690515,7547.426876612008,5.935249135782943,10.063563439268618,8.897240600542607e-07,4517100.827854387
0.796061214,2454.6241173520684,0.5855759765757248,4.673267566571012,8.897240600542609e-07,5324315.640766028
0.616510997,9536.354967392981,7.985196560163051,6.095548499,8.897240600542605e-07,6365574.036580197
0.5297096417844296,1978.422373533249,6.265879709471018,8.973271524,8.897240600542604e-07,679841.1191
0.8838921682536602,7766.934059560299,3.8666733697010205,4.371269454881549,8.897240600542609e-07,28952463.913371332
0.7144028600305319,3923.406559973955,9.839109868904576,10.883523891782389,8.897240600542606e-07,4138710.7843046733
0.351452676,5799.986939877272,2.246334717360325,0.4943654517643154,8.897240600542601e-07,3742424.545715081
0.35300373658537865,3948.2553489506245,3.611769573408179,7.7593628006242215,8.897240600542604e-07,460456.11283258855
0.7160647372901441,5797.095786780119,6.208401174,3.3373962150420993,8.89724060054261e-07,8555978.092790192
0.8834519978612663,1955.7703137397766,0.3117933844225481,11.355351409763097,8.897240600542606e-07,6503563.5479457835
0.5291244747489692,7767.628483474255,7.711415011,0.7715241589117795,8.897240600542603e-07,7910426.823026613
0.6170790631324053,2462.716610170901,6.617759188322351,2.201906965412199,8.8972406005426e-07,2458962.4173083147
0.7965184629708529,9515.059568919241,4.218554189522751,9.597231475645676,8.897240600542607e-07,17890698.33412745
0.627011526,4424.448241479695,9.487821460004897,5.7016620465554295,8.897240600542608e-07,3271549.736813152
0.4388397163152695,7566.525546,1.895045265,7.315667794374749,8.897240600542605e-07,1502112.680596809
0.4530363634228707,1256.0211587697268,9.355623532380909,10.160793973365799,8.897240600542609e-07,296904.03752060625
0.6850088748335839,8766.185412183404,1.763150099175982,2.7625384650751945,8.897240600542603e-07,11462659.979040043
0.7910596493631602,3803.0872400850058,7.032226616619155,6.751870888276025,8.897240600542601e-07,7445480.998169101
0.5503525922447443,6205.9561889618635,4.633329147,5.140796138513833,8.897240600542606e-07,2961203.582565614
0.4996158783882857,5396.718448959291,1.0395037496285513,3.897848513787612,8.897240600542608e-07,2155150.829511342
0.8451416312903166,6857.913299463689,8.439428137509152,8.322738593500107,8.897240600542601e-07,18357595.40406961
0.7368366016447545,2898.001062683761,2.542629669534974,0.21120335754938424,8.897240600542605e-07,9900740.927203406
0.40004219,9378.617222420871,5.139568799193949,10.79210711427033,8.897240600542608e-07,1179505.0029876726
0.3803462734818459,3242.867788299918,1.4428570197168737,5.599293019948527,8.897240600542603e-07,528759.6172108327
0.7521574994921685,9029.353870078921,9.002680375323632,6.995959164891392,8.897240600542607e-07,13627821.099243492
0.8648551551252603,5192.271115258336,4.978328991442919,1.5144627104047685,8.897240600542609e-07,19925654.43
0.48427733995020394,7066.757226362824,7.420252408823931,9.113954171426593,8.897240600542604e-07,1716635.105523823
0.5700490241497755,3444.968524388969,8.202735752872192,11.856543624447658,8.897240600542605e-07,1339337.0484757277
0.7757381986826659,6559.682468883693,0.7579545456171036,1.4417731657624244,8.897240600542608e-07,16367889.323612057
0.6652958704531193,1473.5842263326049,5.409493875817397,8.049436100712047,8.897240600542607e-07,1244027.803235773
0.46837435320019727,8553.014813922346,2.8482562763933092,3.468658039625734,8.8972406005426e-07,3042861.213939871
0.4191269873082638,4773.915693163872,5.903003463194707,0.50622476,8.897240600542606e-07,3933345.055136687
0.6423492734134197,7221.450396,3.3414631024543198,10.918065650286152,8.897240600542601e-07,4586463.221683879
0.8162146528810263,2254.0805377066135,7.993345609328711,4.403983471225947,8.897240600542604e-07,5623148.8993741805
0.6017578878253699,9719.303306,0.5482568728625775,8.987691101050004,8.897240600542609e-07,5025989.161130137
0.5488377565890551,1601.9778000190854,3.830757219016552,6.058032372016459,8.897240600542609e-07,723219.3957700429
0.8681137347966432,8125.817758031189,6.272377875081264,4.664291151,8.897240600542605e-07,27323355.98321381
0.6963690960407258,4161.3548854365945,2.248369891369715,10.052023896239698,8.897240600542601e-07,3924961.9318222096
0.3683243924379349,5579.599522985518,9.807885717765428,2.4496075117681175,8.897240600542607e-07,1470788.769329886
0.36291852250695233,2019.358029589057,7.017240127020516,3.7070378826279193,8.897240600542605e-07,431670.2429952251
0.699583183,8007.263524457812,4.424267569171265,8.092414562031626,8.897240600542608e-07,8236679.439179502
0.8822669177502394,3954.980166628957,9.068521295457147,1.211418973421678,8.897240600542607e-07,17000326.07019905
0.5368677782267333,6049.648279324174,1.670122317276895,11.805493774246424,8.8972406005426e-07,1801271.9399289067
0.5874778453260661,4611.357423476875,2.7625951060578227,9.252420659,8.897240600542603e-07,2160606.8831004193
0.8283114490658046,7647.682736627758,5.163018618582749,1.8439214420504868,8.897240600542606e-07,23677215.27425549
0.6478851738572121,2627.3699617013335,1.1411468007136136,6.853766464004293,8.89724060054261e-07,2039617.8278048153
0.415782845,9644.839911721647,8.737587438964285,5.273423286937177,8.897240600542604e-07,2048285.949623133
0.47158898472785954,3545.874074101448,0.013708059834316375,2.404788064751774,8.897240600542609e-07,1548057.8320816527
0.6598894768953324,6195.102848112583,7.6098411688739445,9.816216850457712,8.897240600542605e-07,4631212.489277583
0.7637687773257494,1021.0467912256718,3.588236241362989,4.712791072614491,8.897240600542601e-07,1836964.7548874004
0.5842016959935428,8706.726219505072,5.988356992571616,6.290204680943861,8.897240600542608e-07,4685179.328254801
0.49637468896806247,2764.109496958554,9.580923069774173,8.655659572184085,8.897240600542606e-07,794273.0115911539
0.8505745973438026,9209.286165423691,2.182216562382877,4.267357969330623,8.897240600542603e-07,28189317.062331475
0.7488139055669308,5319.672481156886,6.826737402522006,11.242117266710848,8.897240600542603e-07,6989602.798889547
0.385881654,6675.681822933257,4.233462083356455,0.6509673893358559,8.897240600542609e-07,4152174.3007659325
0.40557781934738163,4970.205683261156,7.938677999097854,7.353875366263091,8.8972406005426e-07,849259.1763689166
0.7334927219152452,7020.756285637617,0.37763676300179216,5.9440359439048915,8.897240600542607e-07,9773394.668536961
0.8308618599921466,2972.7456867694855,5.654342061033473,9.542125038374214,8.897240600542608e-07,7084201.682802416
0.5117124117165804,9005.042277276516,3.208754833159037,1.9762947187852116,8.897240600542604e-07,5377619.881069559
0.5645060463994742,1374.8402604833245,2.429894493130036,1.1086978205852211,8.897240600542604e-07,1394671.3194740468
0.7790894081443549,8348.536022938788,9.871016024550423,11.486879802411423,8.89724060054261e-07,13444634.628877038
0.6796027337014676,3332.7749567106366,3.972081390733831,3.0184935206919907,8.897240600542606e-07,4132945.196771511
0.45625071331858635,6412.598726339638,6.532095708537848,7.609517702432349,8.897240600542603e-07,1429805.6142230358
0.43549639359116554,2282.503353431821,4.718680366958492,10.548624087413772,8.897240600542607e-07,393729.7435495229
0.6325466437637807,9994.103113,7.279002213973553,0.17337310364469888,8.897240600542601e-07,26944348.24
0.8086155407875777,4815.805410966277,1.379647968170233,8.547996391253546,8.897240600542605e-07,10044185.890324924
0.602798768,7438.838122412562,8.821072261,3.9540412114560604,8.897240600542609e-07,5424073.769
0.5171547821909189,4313.099301420152,5.542271205088125,5.008890427881852,8.897240600542609e-07,1724344.2650974009
0.8976049325615167,5695.921613834798,3.0969915064247324,6.4158063561096785,8.897240600542604e-07,22171994.79544292
0.7192796400189401,1801.7959175631404,8.373277266968042,2.911297303,8.897240600542601e-07,2852265.678617348
0.3475970801711083,8220.433200709522,0.8125387921882794,10.480051116589458,8.897240600542606e-07,719345.8061
0.3442126386612654,2557.321005500853,8.560887872,0.020059895971789955,8.897240600542608e-07,10952112.256288048
0.7249263464659452,9714.900569058955,1.0059496903615073,10.608271584026516,8.897240600542605e-07,10930985.21479808
0.8922271241247655,4541.880381293595,5.025418247159571,4.10809206,8.8972406005426e-07,17930474.90656851
0.5202788706123829,7717.148010618985,2.588375235664658,8.487622867394238,8.897240600542607e-07,2402801.097819289
0.6084396031498909,4025.046791881323,1.805281601089053,6.546435572868213,8.897240600542606e-07,2474531.933546142
0.8052241596579552,5979.604218155146,9.245182402458042,4.971938356738537,8.897240600542603e-07,13588150.286763938
0.6356691268831491,2088.818408548832,4.598525899340399,10.35015936163254,8.897240600542604e-07,1317669.508
0.4301159117370844,7937.780514359474,7.154878324983642,2.9475231681019065,8.89724060054261e-07,2531526.891824476
0.4618274623900652,5248.524992726743,4.095859570105561,5.910001828279346,8.897240600542605e-07,1372419.9244757884
0.6761472667008639,6746.841213665903,6.652519524959848,7.481575192948803,8.897240600542608e-07,6123653.735933515
0.7822845220565797,2693.533788435161,2.0055197706697507,2.0095911939442157,8.897240600542608e-07,6464484.0008735815
0.5591981953382492,9279.850038699806,9.445723333355039,9.415151238935069,8.897240600542601e-07,3607685.027
0.5082553373277188,1092.2120157629251,6.162612696673722,11.543590762354434,8.897240600542603e-07,314046.5049948059
0.836435934,8635.583492,3.725877214389853,0.9583097150269896,8.897240600542606e-07,31009781.86575801
0.7281790014356375,3616.433186456561,7.745002445517109,7.552069281,8.897240600542609e-07,4609786.747418875
0.4087659957259894,6124.521305784583,0.1903670250074938,3.1696078321617094,8.897240600542603e-07,1629312.2505112381
0.38905300803482534,3262.7083314582705,6.396250164500438,9.849510109648108,8.897240600542607e-07,439175.8497116569
0.7435170079022646,6482.6427875086665,3.794733390271664,2.277816766621545,8.8972406005426e-07,12310817.91011666
0.8561323821544649,1305.3798815235496,9.696224006787874,6.256173781286925,8.897240600542605e-07,3952293.698047343
0.492933903,8418.019033037126,2.2917219743374737,4.840488397991285,8.897240600542608e-07,2904426.3517200216
0.5789117358624936,3042.794642969966,3.3859880875293165,4.209907046277076,8.89724060054261e-07,1882211.306829173
0.7669460003077985,8934.981619939208,5.790073492215016,8.806777099622414,8.897240600542604e-07,14040806.18203207
0.6564513667672873,5039.682725444436,0.5159233946502209,0.7076808505877853,8.897240600542603e-07,8980495.687
0.4771483769267798,6951.291012,8.113584762952291,11.091725945184008,8.897240600542606e-07,1467577.1282745793
0.4104202537983656,1730.630693025887,0.6377487672567368,8.246462908862158,8.897240600542601e-07,269256.4268760395
0.6509897660464049,8291.575928218663,8.235102606347763,3.646667574737221,8.897240600542607e-07,8206720.0235367315
0.8249374248087407,4242.540189065039,2.961143336320296,11.652183067882433,8.897240600542609e-07,9355074.232
0.5931013233959676,5766.503156162798,5.364925979689696,1.2710632540658118,8.897240600542605e-07,6267518.269
0.5399750438332558,4886.9528993964195,8.959361667619087,1.714026471124962,8.897240600542604e-07,3649057.403329039
0.8769059321284296,7367.678731679916,1.5545521059576421,9.288649025559426,8.897240600542609e-07,23994252.394605074
0.705213601,2353.0790619552135,7.456233326516115,5.404055719664321,8.897240600542606e-07,2867076.0644361232
0.35955036975443366,9923.539239913225,4.854413790971042,6.816811891552061,8.897240600542601e-07,1267726.243526116
0.37150672756135467,4495.596165768802,2.069339038,11.047960621211677,8.89724060054261e-07,459821.33824076754
0.6910654892772436,7495.365786366165,9.625500501691365,0.4699963937979192,8.897240600542604e-07,17534259.476230122
0.8736947844922542,2533.2927545532584,4.3536773975063126,8.857058668,8.897240600542603e-07,8137842.072601547
0.5453694336116315,9444.495326839387,6.794380084835925,4.440938043678179,8.897240600542606e-07,4668674.243438228
0.5964569461345672,1884.6057932823896,7.573850715,4.510242803692818,8.897240600542607e-07,1294524.862154187
0.8193985849618912,7838.7705739587545,0.1376137245167047,6.118402679907158,8.8972406005426e-07,18649706.924109604
0.638887898,3877.696940675378,6.031666164,2.602918218132108,8.897240600542605e-07,4055003.210382278
0.4247139168530703,5867.676692083478,3.476531619332731,9.992379615595564,8.897240600542608e-07,907831.0153916773
0.4630007807165385,2968.050387687981,5.274689865349792,7.053410088,8.897240600542603e-07,734991.8062
0.668407172,9308.556129224598,2.719252558879554,5.448175493,8.897240600542609e-07,8878115.608932782
0.7723409095406533,5466.1958599463105,8.613724685334601,9.057240710174664,8.897240600542606e-07,8878231.086034236
0.5757000395655633,6788.447589613497,1.1771801652479916,1.664854031931609,8.897240600542603e-07,6037133.029084179
0.4873955871164799,3733.0212518572807,4.456591511594132,1.408479906572029,8.897240600542601e-07,2363111.2213692185
0.8594874604046345,6275.999546051025,6.896991437607445,11.983514922577887,8.897240600542608e-07,17554112.012463048
0.7578111820667983,1186.5614168345928,1.6255877964124084,3.5026889392826703,8.897240600542608e-07,2196737.8652348365
0.376950583,8835.667718201876,9.181441730647348,7.921738775335252,8.897240600542605e-07,1185222.157217425
0.39666385687887673,1544.7487467899919,2.986507465449162,2.7058275051321834,8.897240600542606e-07,445464.5480151753
0.7424729273468257,8481.872723437846,5.584359795948491,10.31118207892403,8.897240600542603e-07,10873876.051168704
0.8397918274998666,3515.5269326642156,0.9352238758159802,5.198244560258463,8.897240600542604e-07,9775206.950335326
0.5027162346243859,6489.101563580334,8.338507394541056,6.600756576806306,8.89724060054261e-07,2085613.674938278
0.5559873189032078,5121.123190969229,7.245424315232785,8.356772709125654,8.897240600542608e-07,2068101.9692035299
0.7876786489784718,7137.916986,4.840116262163036,3.7701486871019005,8.897240600542605e-07,15418643.834155036
0.6881033533066512,3172.2916439175606,8.866870273878797,10.758810639111324,8.8972406005426e-07,2818129.284
0.44767961375415327,9099.918112158775,1.2655498629780486,0.33817715698853135,8.897240600542607e-07,10303996.950973967
0.4444103571027518,4231.4208736643195,9.985157040795311,3.2067669982835647,8.897240600542601e-07,1438737.9357529392
0.6235664393752813,5509.556165896356,2.3841393912108617,7.796314871767536,8.897240600542606e-07,3490247.082775068
0.7996855722367764,1671.4375419542193,6.410626438070089,0.9014159138686956,8.897240600542609e-07,5178093.499227744
0.6117949442565442,8056.335452012718,4.005625914211386,11.319125544531271,8.897240600542604e-07,4098320.477306556
0.525673509,2184.0312127023935,0.4124495464814827,9.750544683318585,8.897240600542605e-07,657512.8251106573
0.8890156906843185,9789.364399388433,7.8160358265228576,2.1422594687994567,8.897240600542609e-07,40740020.08
0.7107790214568377,4704.438282176852,3.166632867035456,7.161616946235299,8.897240600542607e-07,5398587.785329587
0.35616818077862267,7290.916105732322,5.764792727,5.762035570414737,8.897240600542601e-07,1030962.7034014665
0.35341459326446056,1064.6721916273236,0.4757086516106501,6.665428231544793,8.897240600542607e-07,132499.0717369221
0.7079996990412474,8680.682179518044,8.075506018133835,5.0872798413876446,8.8972406005426e-07,10821816.315171754
0.89069679,3571.6005573049188,3.4240811360320076,10.18814425656572,8.897240600542605e-07,12652492.183700768
0.5273462302982808,6151.795038022101,5.830302538938821,2.7818411664944143,8.897240600542608e-07,3414183.9362469013
0.6144800367951393,5344.171434640884,9.734116785086691,0.2734999636374414,8.89724060054261e-07,11572249.50413369
0.8023966667056084,6633.601509034634,2.331750788106583,10.869769462039693,8.897240600542604e-07,12661269.506343283
0.621953835,2806.4902015030384,6.356216582836584,3.893180613517761,8.897240600542603e-07,2319782.147808789
0.44280586339533334,9184.486787766218,3.7568358440781013,8.280753509150818,8.897240600542606e-07,1757555.4208765614
0.4460622734576464,3997.369605116546,7.493868750246242,11.430639122044667,8.897240600542601e-07,700636.3099691003
0.6865120149403812,6024.840201251209,4.894795540698804,0.8372931177727878,8.897240600542608e-07,11562079.547754472
0.7903768885135651,2043.8485508784652,8.918994221575558,7.720118257524446,8.897240600542609e-07,3903400.4747562152
0.5586936694383622,7965.191676281393,1.5169309859117492,3.329621867761016,8.897240600542605e-07,4799294.681076457
0.504401803,2653.104877099395,2.9206519436379894,5.650527889,8.897240600542603e-07,924787.7336930973
0.8414516608417035,9601.523635908961,5.327180875755847,7.225745280943811,8.897240600542609e-07,25615312.39572168
0.7397064598649741,4654.974089935422,0.6754891032958403,2.218461621655151,8.897240600542606e-07,8710487.546908485
0.3938890113681555,7621.647397056222,8.275589231135324,9.627695709783584,8.897240600542603e-07,1016635.3525764814
0.37856756277382375,4859.286508522928,4.5606282972730705,4.329613582985475,8.897240600542608e-07,935700.3925
0.7594028938561679,7412.942677,7.114844724695199,8.921370223909616,8.897240600542604e-07,11057126.742357798
0.8567896485328674,2308.098408393562,1.8453104334827513,0.5463810528721661,8.8972406005426e-07,9843504.264147501
0.4846887964010239,9950.922439806163,9.283075236630626,10.92529415389523,8.897240600542607e-07,2205920.944557232
0.5740145693719387,1826.4209348708391,5.065647349757143,10.103709972230718,8.897240600542606e-07,783175.8972367661
0.7706809739768505,8178.222531452775,2.626468302791938,2.538612201157957,8.897240600542603e-07,17497159.98
0.6711734744161368,4355.627527460456,8.522809108744376,6.042023559445515,8.897240600542604e-07,4133011.841010654
0.46577579520642765,5670.979006,0.965734891,4.632915166951716,8.89724060054261e-07,1698611.4590793012
0.4274675982445479,3015.2654806151986,7.785489051680082,1.6003595234639942,8.897240600542605e-07,1373503.8111466223
0.6416671144217253,8980.108135,0.22810730517283084,9.168382218,8.897240600542609e-07,6014187.577273975
0.8177173246443272,4994.839435,6.124867649,5.571390818469227,8.897240600542607e-07,11990927.533902412
0.5947843976318836,6978.536915965378,3.6853858403321356,6.977574287513271,8.897240600542601e-07,3840219.0824206294
0.542683976,3358.361277729273,1.9678986692484468,7.986227745190263,8.897240600542601e-07,1250634.4555913766
0.8709840592741966,6369.426753371954,9.405355943185278,3.3915415355283764,8.897240600542606e-07,22724779.10969368
0.6926785258203745,1418.3297902345657,4.136241263959557,11.860293700676412,8.897240600542609e-07,1262951.988385152
0.37311078526079655,8322.632111608982,6.690154930065387,1.4843101683910938,8.897240600542604e-07,2969434.5742740543
0.36114187918603424,3775.813273154199,8.904605805,4.764474825961515,8.897240600542606e-07,664235.8930961816
0.7068306448310615,6250.805079005659,1.3060316826216876,6.379211692977696,8.897240600542603e-07,7214529.605193863
0.8741992102563383,1212.022009305656,7.204928192,2.388781574824825,8.897240600542604e-07,4622988.372283185
0.5372770337760449,8792.609672062099,4.802366428,9.784838544242083,8.89724060054261e-07,2879512.501165647
0.5914413189888001,2852.7743835002184,0.8948516991268843,11.16774505582638,8.897240600542608e-07,1265760.081776269
0.8232521528005601,9406.268978491426,8.300881543849595,0.5846488348394633,8.897240600542605e-07,34751396.92711215
0.653764983,5368.199786171317,3.024138084035367,8.695818187361583,8.8972406005426e-07,3990533.8470305293
0.4131864918023348,6904.006851837039,5.624736740532332,4.274584150295705,8.897240600542607e-07,1621976.8378582592
0.47992739476263524,1927.2603848949075,3.1265944802276793,1.1482082952558994,8.897240600542601e-07,1313625.5080897324
0.6592051170021296,7813.713335432112,5.7268903754083444,11.728379592793063,8.897240600542606e-07,5449917.511297842
0.7652735164761544,3903.020237572491,0.4503375941347331,3.710790281500667,8.897240600542609e-07,7413366.383482781
0.5772302731871606,5824.756008572876,7.85605991,8.134949242016301,8.897240600542603e-07,2722816.273105099
0.49022311344742775,4380.457524210215,6.448714755927213,6.939660954419524,8.897240600542605e-07,1278784.1686349772
0.8534471268951893,7592.941340059042,4.0458502302896235,5.327853656141087,8.897240600542608e-07,22898702.794780582
0.7451212637871505,2435.4339092969894,9.944937492611817,9.224520780183374,8.897240600542608e-07,3322154.3508849684
0.3906659757345915,9559.917159378529,2.3460558412484827,1.8255342420283704,8.897240600542601e-07,3232755.5187920677
0.40598660863935954,2226.657976396382,6.072043127695099,8.610289245378226,8.89724060054261e-07,369227.88805108407
0.7254256162792445,9764.296499080956,3.5141622937927024,4.031707311188802,8.897240600542604e-07,14391248.911996566
0.8381088533997536,4729.789406992495,7.536224808827043,10.54395994,8.897240600542603e-07,11640323.641694441
0.5099363681674004,7248.006084002554,0.097241529,0.13138426733203232,8.897240600542607e-07,15910807.069554165
0.5619090916216374,4116.2585616111755,4.3159275443023075,2.8248508941754698,8.897240600542607e-07,2738622.8075361596
0.7849696834385396,5607.125215232372,6.753883905634285,10.426538571426645,8.8972406005426e-07,9602664.506581057
0.6745428376644851,1573.6023671925068,2.1098209137627855,5.036244463,8.897240600542605e-07,1609918.2627431382
0.46021465532481676,8171.763789,9.663236051211134,6.435105305565521,8.897240600542608e-07,2048348.3034788256
0.4285245045274496,5163.887250237167,1.5875043023237958,9.490987128699198,8.897240600542604e-07,831240.4856425766
0.6340519847720862,7112.711722962558,9.141222201088443,1.8863759573176504,8.897240600542609e-07,8129982.355604037
0.8079307125508786,3197.780198417604,4.496815809047781,7.370433774,8.897240600542606e-07,6849978.07
0.6111377780139446,9056.870861910284,6.935079699590803,5.974496426079422,8.897240600542601e-07,5887647.440751178
0.5219385015964508,1429.4492062181234,8.653748712584376,3.0937774810101835,8.897240600542601e-07,785630.2003161144
0.8939127570390701,8579.579202458262,1.2150681942766532,7.675290413256734,8.897240600542607e-07,31990195.56918617
0.7221515697985887,3417.554395273328,5.236787532636896,1.0694570294488221,8.897240600542609e-07,7160488.279365761
0.34144597299396995,6604.667196050286,2.6792142279455438,11.479101703166961,8.897240600542605e-07,539339.0879220767
0.34489479765295983,5439.364440739155,5.447391422010959,2.040417782878503,8.897240600542603e-07,1395781.2102868296
0.7165857355296612,6832.864627242088,2.888289858057164,9.430611728858203,8.897240600542606e-07,7520717.856
0.8992006143182516,2923.3329258859158,8.162706939103082,5.821180627765134,8.89724060054261e-07,11632655.637258813
0.518776199,9335.687939077616,0.7200617673182861,7.430071533843875,8.897240600542604e-07,3049149.3047142006
0.6055692786723376,1140.873950906098,4.938099944719114,7.545389099726453,8.897240600542605e-07,682804.3227158629
0.8113779402524234,8863.769565708935,7.382159360321239,3.1300009342655537,8.897240600542608e-07,22779285.677761465
0.6308827340602876,3705.236994661391,1.4809357645353303,11.60972922260873,8.897240600542607e-07,2125855.005833426
0.43380648195743565,6321.369455195963,9.042895118363202,1.0324961143918336,8.8972406005426e-07,3709387.445
0.4545820680260659,2505.500031635165,2.207883266582154,4.065005662329495,8.897240600542606e-07,767456.0914165223
0.6779259774088859,9489.873668178916,9.770145381726325,8.483324468517676,8.897240600542601e-07,8372736.854364274
0.7818730656057598,4449.917400255799,3.8685023229504005,0.097359889,8.897240600542604e-07,20481617.05429851
0.5672637019306421,7523.4588999301195,6.3128692677635705,10.671662356434389,8.897240600542609e-07,2914459.9589372794
0.5133125620335341,3832.9707784578204,8.030966729374603,10.369092561658471,8.897240600542608e-07,1085988.6363005927
0.8324703883379698,5894.817236,0.5886243189061061,2.9759747642185537,8.897240600542605e-07,17194668.664276384
0.7307775594294073,1857.7828397974372,5.862621713466943,6.491825109422207,8.897240600542601e-07,2518640.9509883304
0.4028883917629719,7883.179179392755,3.303827678724192,4.885858054803684,8.897240600542608e-07,1592209.733840329
0.38754986792802815,1644.7504255920649,9.528036258918233,11.694351998437195,8.897240600542604e-07,248268.40761324833
0.7504910978674889,8100.603895261884,1.9331240289267153,1.2759132138919085,8.897240600542609e-07,18427422.986729424
0.847791305,4186.834840103984,6.579666121195071,8.168250809125603,8.897240600542607e-07,11445559.843713965
0.49361666418612005,5536.5608390420675,4.178325086925179,3.583823003331199,8.897240600542603e-07,2251206.743180065
0.5826017063111067,4658.624752424657,0.27390055,5.3845709586888555,8.8972406005426e-07,2625818.247036937
0.762160076,7319.148308597505,7.671386178593152,6.789277762146667,8.897240600542607e-07,11866424.36051763
0.6626045455038547,2156.0994340106845,3.6518031736966226,1.7680907335691154,8.897240600542608e-07,2916864.130419795
0.4742785187065602,9834.877538494766,6.246298775923439,9.375641434,8.897240600542605e-07,2177938.150427124
0.4184852920472622,3487.6038543879986,2.504994264429435,6.225893393,8.897240600542609e-07,680469.1224384016
0.650578909,6534.605968743563,5.0991871053399525,4.824115801304579,8.897240600542604e-07,5846817.271308888
0.8267156692594291,1498.9267513155937,1.0798711397983134,9.938882871111854,8.897240600542601e-07,3439920.7291573407
0.5858565308898688,8510.113358,8.477049238930457,2.328402959,8.897240600542606e-07,6977478.702098891
0.5340968400985003,3127.714076079428,7.072717990676873,0.715273138,8.897240600542607e-07,3393775.419508098
0.8795049584656955,9126.914353109896,4.671074195090682,11.130786642078311,8.897240600542601e-07,29610895.85150327
0.7012474536895752,5094.427374191582,9.317883252215571,4.144686052734032,8.897240600542605e-07,6506475.671854326
0.3646080607175827,7182.194163091481,1.7226634930130094,8.732039139308036,8.897240600542609e-07,798318.3637202703
0.3700013865530491,2736.423710361123,3.931704446,9.037757915,8.8972406005426e-07,334348.3057733076
0.6980373783409596,9254.530714824796,6.4944650899516425,1.637317937212065,8.897240600542607e-07,15250080.833973762
0.8653557746857405,5274.71119,2.4675203438214957,7.107472385074943,8.897240600542608e-07,16474888.667504158
0.5460542618483305,6703.084385022521,9.911388201239518,5.535169866522774,8.897240600542605e-07,3050947.5728359492
0.600149122,3641.6493793949485,5.692091895612888,3.5448598351515828,8.897240600542604e-07,2739805.9972537374
0.8146148655563594,6081.734514795244,3.2492509564869105,7.92658677,8.89724060054261e-07,13396042.338964503
0.6450390055775643,1134.1490997001529,7.8981961794542155,1.3302658415213227,8.897240600542606e-07,1590240.230167552
0.4218419870734215,8611.217039637268,0.33990123210661116,11.920672316486016,8.897240600542603e-07,1147366.4852898717
0.4710678863525391,4583.808999508619,8.411360817,8.864652921361849,8.897240600542607e-07,1065154.3929462377
0.6679983824491502,7692.789990454912,0.8527583403717727,4.479996775258332,8.897240600542601e-07,7799395.363305929
0.7741169530898333,2582.5458988547325,5.502046889009886,10.982737662354484,8.897240600542605e-07,4073618.772510956
0.5684530461579562,9672.105044,3.0589031885676086,0.39526039879769087,8.897240600542609e-07,15401536.376901224
0.48151531182229523,2114.995905198157,1.3396238850466906,2.5726397955138234,8.897240600542609e-07,949764.9013731867
0.8620844151824714,7894.032419659197,8.783184213,9.976005053594708,8.897240600542603e-07,23059695.532847553
0.7538472400605679,4067.945179529488,4.756582718295977,4.599613599842414,8.897240600542603e-07,6882378.1842928585
0.38201047942042354,5954.276462085545,7.319040601,6.168990837614984,8.897240600542606e-07,961787.5255692849
0.3973482167720795,4285.578705370426,1.1034112511938436,0.894739128,8.897240600542604e-07,2296290.6308282684
0.7341345173120499,5741.039529442787,8.697105563446879,11.279515252001584,8.897240600542608e-07,6821576.867
0.8467632503062488,1756.9440267980099,2.803091285259463,3.272902064,8.897240600542607e-07,5485140.961507551
0.5012114954739809,8247.687671333551,5.200768471786753,7.870504665765911,8.897240600542601e-07,2372288.536412584
0.553114789,2378.164899535477,9.108893490770832,7.192446929803118,8.897240600542603e-07,1048317.8021353284
0.7938302244991065,9880.878512747586,1.7077482238421215,5.777492665704339,8.897240600542606e-07,20237191.423164558
0.6833190320432186,4928.746753372252,6.9796094525605445,9.661720088170842,8.89724060054261e-07,4337988.432761456
0.4513722555339337,7343.459800817072,4.3838906059628355,2.090759204,8.897240600542604e-07,3142193.059
0.4371628953516484,1347.182435914874,6.866775733456016,5.217181154917926,8.897240600542609e-07,369203.41658954154
0.6253430826961994,8393.791368231177,4.271364416069352,6.629204778289422,8.897240600542605e-07,5718740.069392911
0.7992763166874648,3287.785703316331,9.543035040745512,2.6512136470526455,8.897240600542601e-07,8191640.330221213
0.6198626517504454,6439.990492537618,2.142192535133101,10.225105171622708,8.897240600542607e-07,3590115.5033130627
0.5307328049093485,5066.004524938762,3.5501479793796316,10.71572763647884,8.897240600542606e-07,1528959.6799229383
0.8850522170215847,6907.394322566688,5.948132695117966,0.3338753634784371,8.897240600542601e-07,34833328.70900863
0.7133753743767739,3085.824458859861,0.053927589,8.434069307465107,8.897240600542604e-07,3423626.915
0.35028837174177174,8909.526727162302,7.647924662962557,3.8335428541433063,8.897240600542609e-07,1573492.7155558106