x1,x2,x3,x4,log_x3,b21,b43,s21,s43
0.61643696,5410.0522,0.42383432,10.165322,-0.8584126,-0.1693331,0.169509,5.499002,4.810949
0.6053645,6275.507,0.038418677,10.017399,-3.2592115,0.24275734,-0.6292395,4.550429,2.5366957
0.61074924,6002.0977,1.3805506,10.082264,0.32248244,-1.8975415,-1.0571963,3.781868,3.4890308
0.63823956,4654.792,0.0670664,10.147166,-2.7020721,-1.2753989,0.029746253,4.4258947,3.4713366
0.6149851,5540.8022,1.0723135,10.189867,0.06981847,1.6752342,0.55254877,6.4427037,3.4927263
0.61460686,5483.198,1.3900511,10.180101,0.32934055,1.647146,0.57470965,6.6351533,3.4247258
0.6155064,5502.496,0.07196807,10.219004,-2.6315327,0.4548635,-0.27187967,6.6274104,3.7990136
0.59435743,6873.1553,0.19477274,9.89891,-1.6359218,1.1821741,0.13723499,5.7159634,4.4223757
0.61520106,5947.3345,0.12572642,10.023866,-2.073647,0.3162022,0.6141732,4.853572,4.1038275
0.6112684,5774.125,0.1481799,10.160051,-1.9093282,0.5177856,1.2147573,4.9602294,3.5661948
0.6276255,5149.3125,0.24545313,10.153954,-1.4046493,1.1478281,0.91274357,4.460891,3.948861
0.6172751,5714.603,0.103917845,10.067412,-2.2641547,-0.4537727,-1.1873289,6.08131,3.9967756
0.6248906,5396.5205,0.8998443,10.107605,-0.105533525,-0.3603388,-1.3190145,5.8290815,3.8051424
0.63681865,4420.755,0.42640144,10.252582,-0.852374,-0.47610703,-1.0255382,5.526799,3.128822
0.60163194,6246.87,4.346083,9.95696,1.469275,-0.29944244,0.5616968,4.589193,3.6684012
0.5925947,6446.3066,9.938404,9.905846,2.2964065,-0.24041338,-0.071745224,4.808065,3.5324717
0.5912894,6945.172,0.053379506,10.024601,-2.9303284,1.6619263,1.0289512,4.4877877,3.3839042
0.6052557,6209.0234,0.03679316,10.079415,-3.3024433,2.0615287,1.4371982,5.1781354,3.113545
0.60988474,5655.8145,5.802842,10.123318,1.7583479,2.2514772,0.067063056,6.10244,3.4931865
0.62706125,4941.6333,0.6988967,10.182113,-0.35825235,0.83902586,0.60193557,5.5780697,2.989131
0.6273614,5131.3623,0.64738107,10.20456,-0.43482018,0.89856726,0.6019384,5.5482807,2.9032993
0.6107132,6047.0977,0.038570046,10.153859,-3.2552793,-0.2782165,-0.36131567,5.7685595,4.2687507
0.6138938,5820.6943,0.3839479,10.096956,-0.9572484,0.145184,0.29487434,5.0555334,4.1447954
0.61947334,5669.3354,0.26158413,10.076971,-1.3409994,-0.40443733,-0.41987565,5.123802,3.82689
0.6061555,6240.0483,0.86060375,10.079633,-0.1501211,-0.31948367,-0.60525244,5.343857,3.9799337
0.6137622,5809.321,0.22898953,10.085194,-1.474079,-0.33798155,1.7720795,5.1855173,4.5686374
0.6295828,5132.5205,0.1044499,10.156485,-2.2590477,1.2390809,-0.4511712,4.959365,3.789225
0.6302273,5112.9683,0.9762342,10.144481,-0.024052754,-0.8815354,0.19559966,4.74336,2.8502498
0.6132947,5916.4834,0.0153421955,10.101111,-4.1771483,-0.6631923,0.8118814,4.5564394,3.841464
0.5981014,6639.496,0.106687665,9.967792,-2.2378497,-0.46684715,0.4404087,5.7136583,4.236212
0.58160144,7399.5195,0.33449414,9.82203,-1.0951359,-0.47420725,3.406284,4.452819,3.7263608
0.64042014,4260.1553,0.54114467,10.309391,-0.6140686,-0.4256764,-1.6880794,6.3605833,3.703106
0.5806513,7157.285,3.765514,9.8639765,1.3258843,0.8881904,0.8018622,4.204119,3.696816
0.57989746,7305.6772,6.431076,9.88401,1.8611419,-1.2456856,0.89095765,4.580103,4.4731197
0.57329506,7434.314,4.377763,9.819994,1.4765378,-0.64256746,0.7201084,4.5721617,4.5132675
0.5941138,6628.7627,2.9798412,9.866449,1.0918701,-1.1670285,0.24470703,4.8573856,4.4683867
0.59905875,6427.657,3.5425365,9.900793,1.264843,-1.2506701,-0.42343348,4.5463295,4.7802987
0.62537885,5205.6357,2.107596,10.194697,0.74554795,-0.0735856,-0.8115547,4.8515425,3.5674403
0.6329375,4773.5034,0.90805125,10.150092,-0.09645447,-0.6953923,1.2079552,5.7320004,5.2170115
0.63252914,4738.3193,0.8169576,10.241587,-0.20216808,0.70487994,-0.65195876,4.4449415,3.2372208
0.6353127,4479.1665,2.4584763,10.274334,0.89954174,0.9983346,-0.43790013,5.078646,3.0841024
0.6344732,4568.4756,2.8409884,10.273027,1.044152,1.020551,-0.37989435,5.1226406,3.143924
0.614089,6012.6636,0.07844029,10.019244,-2.5454175,-0.9630481,2.2970278,5.954359,2.5213404
0.60266566,6469.8496,0.031881817,9.931859,-3.4457195,-0.5966013,2.6309385,5.295046,2.6619382
0.60645455,5897.423,1.0027279,10.131884,0.0027241206,1.0815736,1.2983778,6.00609,3.8987813
0.6310938,4792.4985,0.10806725,10.199747,-2.2250016,1.4247215,0.68994844,5.681126,4.64576
0.62185955,5528.814,1.1034242,10.113029,0.09841826,-2.0800958,-0.19991532,4.7027645,3.4024353
0.6245183,5357.032,0.5940641,10.17613,-0.520768,0.040534228,-1.155707,6.278743,3.585944
0.6042014,6355.2373,0.16632134,10.012335,-1.7938336,0.6049935,0.7494739,4.6029186,3.8368912
0.60012865,6421.9736,1.1669569,10.080097,0.15439944,0.21477568,-1.0700985,5.3703413,4.671537
0.630853,5024.754,0.09488583,10.145054,-2.3550808,-0.9522449,-2.5461414,4.9760303,3.6769483
0.6166997,5907.266,0.03422805,10.052789,-3.3747098,1.2581944,1.5288421,5.4891777,4.115662
0.6032842,6376.9346,1.254383,9.970406,0.22664382,-1.2253298,-0.11053621,5.498513,3.0043938
0.6128083,6129.763,1.0186745,9.999321,0.018502215,-0.59335506,-0.1935782,5.477924,3.2497177
0.5901985,6936.758,0.08944948,9.93938,-2.4140813,1.1388813,-1.1673187,5.4398117,4.3047605
0.60638666,6001.4897,0.8919333,10.053288,-0.114363864,-0.77371424,1.602594,5.7339334,4.0081086
0.59906477,6584.189,2.9432197,9.900261,1.0795041,-0.9517078,0.47091493,5.497876,3.3898127
0.5953583,6442.4634,6.5106697,9.880442,1.8734423,-1.0977719,-0.42288023,5.4427223,3.4925802
0.591763,6751.999,4.180598,9.873207,1.4304543,-0.91459876,-0.32381564,4.7659645,4.072276
0.632484,4522.082,0.37263733,10.300738,-0.9871496,0.3781751,-0.2667824,5.212325,3.7773623
0.6241207,5259.7246,0.14979066,10.212815,-1.8985165,0.90861964,-0.8306893,4.7450337,3.4023528
0.60178757,6073.706,7.7714405,10.019602,2.0504556,1.0241716,0.039235808,5.7355404,4.1480184
0.6149099,5939.0986,2.7513223,9.966121,1.0120816,-0.6365024,-0.033008955,6.3252687,3.7870617
0.6005723,5953.9526,9.174836,9.910273,2.2164645,-1.3738766,1.1601361,6.1677437,3.875733
0.61963755,5821.985,1.0929165,9.937008,0.088849835,-1.0840384,0.5304663,5.3161354,4.057377
0.6149344,5458.9434,0.030611118,10.202162,-3.486392,1.7319747,-0.38888383,5.376912,3.8526886
0.62890315,5287.1567,3.0500314,10.074175,1.1151519,-0.23927599,0.0706831,5.112946,4.583275
0.63348913,4956.4434,1.8497089,10.0887165,0.61502826,-0.14957386,0.71218777,4.9483914,4.5382648
0.6298979,4969.956,1.1106784,10.102262,0.10497103,-0.25359976,0.5595611,5.0043006,4.7643247
0.6039315,6157.3477,0.104021184,10.109881,-2.2631607,0.4160749,-0.3745797,5.51223,3.5204256
0.6100794,5765.2236,0.07894824,10.146017,-2.5389628,-0.16741706,0.48981008,5.34404,3.323296
0.61010456,6036.5327,0.017051274,10.138237,-4.0715303,0.31440917,-0.34042892,5.4864492,2.9179287
0.6029328,6528.8467,0.030439638,10.003174,-3.4920096,0.13975672,-0.2564775,5.5215025,2.6098444
0.6030636,6408.834,0.019726908,10.031169,-3.9257717,0.5012031,-0.56598806,5.5330734,2.7868986
0.6226555,5236.214,18.24865,9.9825945,2.9040911,0.14901789,0.06956768,5.019351,5.5890875
0.6225431,5384.9424,0.2855554,10.19321,-1.2533193,-1.2108799,-0.35882434,6.145941,4.415987
0.62917507,5049.685,0.25644043,10.193358,-1.3608589,0.69996375,-1.3921033,4.35927,3.482548
0.61438584,5917.957,0.08112479,10.029345,-2.5117667,-0.25225964,1.0671579,6.037132,4.1361375
0.6123473,5619.593,1.1196718,10.172926,0.113035634,-1.0659565,1.25709,6.022661,3.6605594
0.62582326,5328.2153,0.1855182,10.073111,-1.6846023,-0.19145139,0.3667898,5.1425633,3.93259
0.6171632,5441.5044,0.3189627,10.207618,-1.1426811,-0.007268298,0.46504542,5.5822954,4.40577
0.6261287,5322.001,0.39698994,10.100255,-0.92384434,0.17323692,-0.386567,5.1301107,3.5922515
0.6284003,4835.9224,0.37067166,10.255087,-0.9924386,-0.11334167,0.28213537,5.0278378,2.890539
0.6349301,4722.221,0.18189052,10.191556,-1.7043504,0.5500112,0.80737084,5.108504,3.5561917
0.6272532,5017.95,0.24962188,10.224773,-1.387808,-0.37832963,0.11459273,4.6448903,3.4828756
0.6208586,5441.9365,0.087451056,10.138885,-2.436676,-0.20064299,0.7299337,4.0823255,4.0630736
0.627653,5111.3086,0.22042614,10.18535,-1.5121926,-0.14482361,0.60979694,4.275273,3.7354379
0.62207973,5641.2,0.44517362,10.0004425,-0.8092909,-0.35305235,0.8142575,4.5413465,3.1145198
0.6193026,5680.4707,0.08099903,10.11301,-2.513318,2.4072251,-1.057906,6.3824573,4.1791463
0.62329185,5655.341,0.4990326,9.988365,-0.69508386,-2.803748,1.5715861,5.167337,4.100078
0.6399237,4355.546,0.15257028,10.2278,-1.8801299,-0.17629763,0.21126561,4.939799,4.0456147
0.62317777,5434.245,0.1545064,10.136158,-1.8675197,0.545132,0.582777,4.3249183,3.7782085
0.6323674,4797.5576,0.36953843,10.257794,-0.9955005,-0.4997196,0.42546287,4.181932,4.829044
0.6159642,5854.5415,0.12714928,10.094144,-2.0623934,-0.21406637,-0.5335247,5.0789995,3.804193
0.6090809,5980.9863,0.08765754,10.12006,-2.4343176,0.24587025,-0.78187996,5.2171283,3.7018719
0.60505694,6244.666,1.7740754,10.115127,0.5732794,1.3275145,-0.6790557,4.5304656,3.4142303
0.62586516,5236.0127,0.12362441,10.209257,-2.0905073,-0.6803636,0.44943458,5.977776,4.990783
0.63154733,5189.2515,0.12947905,10.103183,-2.0442362,0.27394098,-0.20393975,5.368638,3.7540033
0.62896466,5221.7764,0.08197864,10.123086,-2.5012965,0.08045725,0.030191908,5.540247,3.6998024
0.6214382,5336.038,0.44591692,10.161491,-0.8076226,0.23965043,0.09237891,5.793284,3.8697233
0.6102077,5971.703,1.6908536,10.10788,0.52523345,0.10199307,-0.18345341,5.472294,3.8723843
0.6441757,4360.985,0.061460372,10.203138,-2.7893627,-0.25863507,-0.11875389,4.6753483,3.904443
0.6393601,4928.4424,0.0027685594,10.128848,-5.889428,-2.2445264,-0.80002093,5.698623,3.7178981
0.636458,4983.6704,0.016214544,10.107096,-4.1218467,-1.9498913,-0.562805,5.8543663,3.7913067
0.6295152,5032.764,2.3519273,10.185039,0.85523516,-0.6579287,1.7788954,4.908693,4.2633557
0.64114,4743.3193,0.199206,10.073733,-1.6134158,-1.0290215,0.3466936,4.745272,4.530091
0.656827,3959.6323,4.772901,10.167942,1.5629543,-1.4919808,0.55158895,4.892848,4.9568496
0.6547322,4059.9773,4.000915,10.149957,1.3865231,-1.2524775,0.3211242,5.125348,5.030019
0.6562792,4099.952,4.0645156,10.160783,1.4022945,-1.3199611,0.40323085,5.1025095,5.0228786
0.6157927,5768.956,1.8907804,9.974953,0.63698965,-0.83959186,1.9467188,4.875767,5.5089884
0.6184319,5468.0815,2.4890954,10.007205,0.91191936,-1.0270898,1.5178552,4.931884,5.2233596
0.6217027,5475.4385,0.087511204,10.201728,-2.4359884,1.1226001,-1.6199194,5.593662,2.9426274
0.6177435,5586.833,1.925925,10.028503,0.65540636,-0.61506367,1.4885979,4.9285154,5.501711
0.6263488,5308.9736,0.06973858,10.087018,-2.6630015,1.2770551,2.0177655,5.046777,5.4012127
0.62394196,5106.001,3.0689964,10.286087,1.1213506,0.4992883,-1.3506701,5.2380385,5.2895465
0.6230098,5126.786,0.020028621,10.223487,-3.910593,0.88354504,-1.7997706,5.0498085,4.614954
0.614434,5587.3594,0.021257376,10.193951,-3.8510513,0.27042392,-1.5828946,4.5809655,4.437377
0.59847534,6637.5264,0.09491826,9.959142,-2.3547392,-0.4101481,0.5054932,6.3020406,3.040596
0.60427403,6499.433,0.26880652,10.031555,-1.3137634,-0.4896541,0.48923016,6.3390613,3.123965
0.6085227,6325.246,0.4984092,10.0183935,-0.6963338,-0.5330109,0.6243459,6.2450767,3.231856
0.638927,4476.2285,0.30073863,10.184396,-1.2015138,0.1789594,-0.15599982,4.4168534,4.443056
0.6013049,6601.675,0.11865912,10.016862,-2.1315005,0.13138194,0.08252866,6.626505,3.370952
0.62523127,5057.899,2.1341798,10.20915,0.7580824,2.2164936,1.071625,3.8197958,4.271134
0.62899595,5330.9287,0.03440908,10.104659,-3.3694348,-2.0511527,0.007094338,5.1092324,3.9102943
0.6080251,5415.1084,37.75506,9.952223,3.6311195,2.2435553,-0.28993702,5.5671043,3.4601822
0.61770004,5228.4834,35.490555,10.073461,3.5692666,0.98413247,-0.07744847,4.772889,4.139579
0.617898,5226.6484,22.832687,10.014874,3.1281931,1.1658316,0.20611042,4.749803,4.2636113
0.62039924,5252.7666,14.225935,10.033885,2.6550667,1.212999,0.18653561,4.7095933,4.2272
0.61209315,5963.544,0.005041587,10.0849285,-5.2900343,-1.573443,1.1284662,5.8972454,3.0408354
0.62255436,5492.4443,0.035990883,10.073071,-3.3244896,-1.2808691,0.59515816,4.454965,3.4832041
0.59946597,6602.4385,0.0392832,9.99332,-3.2369583,-1.3572186,2.079952,4.257197,2.986679
0.6192251,5648.0503,0.025312115,10.0499,-3.6764722,-0.65649974,0.5334128,4.807094,5.1440153
0.6252216,5508.5312,0.016217243,10.02542,-4.1216803,0.26504204,0.30345464,5.5279636,4.299564
0.6329338,5067.638,0.013200238,10.059137,-4.3275204,0.535923,0.6419069,6.0854125,4.1011596
0.6388892,4179.7754,0.014178127,10.2906,-4.256055,0.93239516,2.1326125,5.781863,4.35468
0.6200507,5555.3975,0.068977855,10.091627,-2.6739697,-0.52624965,0.9166959,5.906245,3.7366126
0.6181696,5606.446,1.166176,10.121529,0.15373,0.42252892,-1.004637,4.6066356,3.699845
0.62217253,5656.627,0.35339373,10.094544,-1.0401725,-0.2596739,-0.08377016,4.9117503,3.7898734
0.6189419,5501.426,0.15822008,10.091482,-1.8437682,-0.17519985,-0.008405723,4.9738493,3.833581
0.6234611,5110.206,0.06105146,10.207502,-2.7960382,-0.097279765,1.1402757,5.1153784,3.6966224
0.5971799,6484.747,3.4302442,10.056193,1.2326314,-0.12415913,-0.6514863,5.351636,3.6330981
0.61400265,5888.2812,0.3431415,10.068389,-1.0696124,0.39686233,-0.2538111,5.5454803,4.123038
0.61938477,5085.356,0.21394655,10.28913,-1.542029,1.4282465,0.14266315,7.172738,4.038243
0.6173623,5552.819,0.10103023,10.179251,-2.2923355,1.7591177,-0.12674032,7.760572,3.8264995
0.63473976,4886.939,0.2651603,10.091132,-1.3274207,2.1645446,0.83636403,6.4240813,3.986916
0.59928435,6648.8022,0.6382644,10.079075,-0.44900268,-0.96484697,-2.1296031,5.4284167,3.7735887
0.60190594,6294.5425,0.7329794,10.016617,-0.3106377,0.8004545,-0.11647739,4.878481,4.049324
0.6054552,6211.346,0.32556745,10.066532,-1.1221856,1.6852748,-1.0549438,5.4564033,3.8124356
0.6015474,6711.9014,0.020304315,9.991557,-3.8969219,-1.6573589,0.8959069,6.4319596,4.1388993
0.62137216,5429.8613,1.3972219,10.175053,0.33448595,0.5344172,-1.5959946,5.0880585,4.731785
0.62533706,5210.024,0.060272686,10.145692,-2.8088763,0.8566438,0.22596373,5.330251,4.929283
0.62999964,4946.568,0.11242674,10.198071,-2.1854534,1.0053647,0.4985266,5.164174,4.845151
0.63548243,4651.279,0.34465668,10.227702,-1.0652065,1.2027043,0.33737102,5.314647,4.9559636
0.5984549,6700.8257,0.7534927,9.977979,-0.28303596,0.06649503,-0.17798503,5.4305935,3.2596745
0.61881816,5566.8857,0.275552,10.158958,-1.2889789,-1.0713724,-0.8061767,5.1223826,3.7548528
0.6008747,6510.5854,0.9651006,10.019977,-0.035522956,0.24337393,0.1154605,4.6931515,5.3999047
0.6058202,6388.745,1.37857,9.99094,0.32104668,0.9582532,0.596615,5.3417635,5.1471086
0.6165552,5816.561,0.049518403,10.090684,-3.005411,-0.3616487,-0.65222794,5.525843,3.3620884
0.61994046,5617.572,0.04019436,10.130277,-3.2140286,-0.21894091,-0.7287506,5.3418493,3.1942244
0.6264166,5076.362,13.773478,9.929728,2.6227448,-0.51232916,0.47174576,5.254906,4.8389764
0.5769274,6884.6704,14.1679735,9.689777,2.650984,0.484672,-0.10792196,5.0844626,3.0942101
0.59759355,6226.5786,9.25518,9.863887,2.2251835,0.43005562,-0.5759325,4.8454475,2.6798115
0.60606503,6147.6455,5.0554776,9.925761,1.6204723,-0.35245952,1.2422528,5.5770655,5.534233
0.610251,5799.7207,7.225518,9.969574,1.9776189,0.23883405,0.98408943,5.0703506,5.4946575
0.6259019,5222.1772,0.10034795,10.232926,-2.2991116,-1.0069469,-1.1470208,5.0946894,3.207212
0.6298211,4953.8384,1.4819185,10.202058,0.39333752,0.05623336,-1.0105697,5.934547,2.9739294
0.6209361,5453.8057,3.0326974,10.130224,1.1094525,0.45367426,-0.46327633,5.5720673,3.5298884
0.6251354,5172.424,1.571515,10.176433,0.4520401,0.17414872,-0.23483364,5.1886287,3.4790833
0.6178844,5281.414,18.441696,9.842023,2.9146142,1.0545418,-0.6034226,5.2874994,3.227468
0.6283679,4938.1567,16.647633,9.913064,2.812268,1.339706,-0.07980613,4.8873734,3.2092395
0.6000471,6393.7407,3.2040544,9.953561,1.164417,-0.38577303,-0.29530233,5.223362,4.1486783
0.6309314,4669.3994,0.0044626454,10.275044,-5.4120135,1.0898962,-0.17344914,5.186402,3.4238315
0.61661774,5816.538,0.20492256,10.1092,-1.5851232,1.6015666,1.6668895,5.4170775,3.8656075
0.6153638,5810.843,0.1853256,10.101704,-1.685641,1.4893543,1.6407471,5.469722,3.8310513
0.61997443,5381.8926,0.97784966,10.156132,-0.022399351,1.5088232,1.7652402,5.276882,3.9320045
0.62328464,5394.3696,1.4994617,10.116271,0.4051062,-0.21851347,-0.26510286,6.2596807,3.79502
0.631624,5079.859,1.9108238,10.038305,0.6475345,-0.18806495,1.6995634,6.0273643,4.075653
0.61812,5480.9453,0.023299478,10.223874,-3.7593243,0.38953823,-1.8358986,4.4369946,3.682787
0.6251217,5376.1787,0.073635764,10.163765,-2.6086245,0.30376112,-1.3598068,4.718968,3.765883
0.6123683,6032.674,0.19189267,10.132865,-1.6508191,0.0017145043,0.37393725,4.7483683,4.702691
0.5970368,6901.2383,0.10839548,10.010957,-2.221969,0.30701882,0.10240607,5.05796,3.7680886
0.6018835,6306.358,0.16080365,10.098644,-1.8275713,0.64497197,-0.06904194,4.5434613,3.192978
0.6595048,3851.731,1.2375407,10.191722,0.21312615,0.91839373,-0.53388435,6.0421095,3.9406967
0.63860184,4651.803,8.684539,10.09966,2.1615443,-0.12287532,0.16715857,4.6135783,4.866878
0.62790656,4757.3447,0.1518632,10.229878,-1.8847752,1.3697872,1.4938166,5.219811,4.3385086
0.6255323,5338.6143,0.64894825,10.147686,-0.4324023,-0.71494526,-1.486957,5.0144653,2.8608413
0.6272835,5328.5654,0.66793764,10.152966,-0.40356052,-0.6853404,-1.4190172,5.065935,2.8588986
0.6301737,5161.826,0.22053519,10.1688385,-1.511698,-1.488165,-1.0618477,5.413124,2.9013212
0.633039,4901.8076,0.3107493,10.182982,-1.1687689,-1.445793,-0.544387,5.4345236,2.7227182
0.6127598,5716.3135,0.92147964,10.149868,-0.081774615,1.3613788,0.57926327,4.9144754,5.2961707
0.6227322,5549.8853,1.3478521,10.086982,0.2985123,-1.560506,-2.3224041,5.790408,3.3750026
0.6216702,5316.174,0.25064605,10.206953,-1.3837135,-0.89449894,-0.3191545,4.69682,3.254642
0.64497113,4639.4233,0.5768395,10.134857,-0.5501912,-0.20197666,0.026836704,7.2057567,2.7828536
0.6265207,5078.485,0.044075165,10.212995,-3.1218588,-0.10610933,1.7617555,6.514734,2.9429326
0.6095959,5861.832,8.032339,9.957803,2.0834758,0.12829848,-1.236752,4.581358,5.210472
0.61794406,5580.9424,0.088587254,10.165816,-2.4237673,-0.008754533,0.8046773,5.2026024,2.6798155
0.60726434,6134.641,0.09209287,10.045225,-2.3849578,-0.34470847,0.8979727,5.050929,2.714771
0.62140197,5459.622,0.022447694,10.130902,-3.7965674,0.47352102,-0.004769986,5.0821323,2.5717912
0.6202577,5439.9385,0.02257878,10.146616,-3.7907448,0.41534114,-0.2893792,5.0478983,2.8096478
0.6102019,6088.0664,0.06303686,10.137215,-2.7640357,0.6659515,-1.3481057,4.696444,3.0283804
0.60839933,6109.6553,0.0746953,10.129505,-2.5943382,0.6416639,-1.4074035,4.7207723,3.0288837
0.6323734,4680.718,0.41366073,10.302464,-0.88270915,1.3671814,-2.498449,4.6977863,3.7563055
0.6285432,4880.0547,1.7471671,10.287005,0.5579957,1.1701822,-1.6722584,4.490147,4.043296
0.6114911,5942.8794,1.6765456,9.902665,0.5167355,-1.1114875,0.82299984,5.5444617,4.3691435
0.61568487,5835.87,1.6577119,9.920044,0.50543827,-1.1170055,0.8577194,5.438097,4.541653
0.63253164,4996.8574,7.4299254,10.034558,2.0055158,-1.0137098,0.27180052,4.5123134,3.721813
0.61754966,5482.3467,0.12176401,10.223764,-2.1056705,1.2141073,0.5741489,5.697466,3.8175592
0.6145226,5614.753,0.70311046,10.196309,-0.3522413,0.885805,0.06561701,5.8411083,3.7541733
0.6170301,5414.25,0.077624254,10.23458,-2.5558753,2.132309,-0.6916658,6.48813,2.9170973
0.63057023,5015.528,3.1166296,10.241239,1.1367521,1.0008527,-1.0805123,5.120596,4.794271
0.6281605,5061.8384,9.218215,10.186741,2.2211814,0.60781753,-1.2544497,4.7908363,4.849114
0.6356623,4682.363,0.0026447952,10.200013,-5.9351616,0.42290387,0.71847594,4.5919685,3.4267228
0.63032055,4904.338,0.0010956393,10.229774,-6.816417,0.3611043,-0.0625368,4.504777,3.4780326
0.63205624,4960.6396,0.017832061,10.184333,-4.0267572,-0.5208012,-0.09733451,5.3935685,3.6094573
0.63101393,4874.1616,0.018541556,10.186159,-3.9877408,-0.39636555,0.36626506,5.318171,3.6700368
0.5884349,7075.264,0.7274355,9.984059,-0.31822988,-0.15208457,-0.48328382,5.654763,3.5104399
0.593749,6946.335,0.62680596,9.998445,-0.46711826,0.6081476,-0.0111130355,5.921112,3.0545661
0.61273587,5881.8413,0.068753004,10.098479,-2.677235,-0.19781101,0.3983798,5.398276,2.8582022
0.63975865,4714.179,1.4399755,10.077417,0.36462605,-0.11950643,0.72510004,5.106944,5.922617
0.6531874,4034.3313,0.8788827,10.200968,-0.12910382,0.4419281,-0.19054131,4.672884,7.0520525
0.64723825,4569.2393,19.418558,10.039399,2.9662292,0.704387,-0.6619101,7.548756,4.136884
0.63293403,4879.855,21.566908,10.00804,3.07116,0.72675633,-0.13168462,7.7590885,3.9241128
0.6369216,5053.434,2.9840016,10.034782,1.0932652,0.7278722,-0.8551363,7.525252,4.235863
0.6555201,4034.5383,3.7380748,10.148541,1.3185707,0.07898365,-0.27543724,6.2299747,3.6276674
0.66883814,3610.6707,0.08968273,10.116993,-2.411477,0.46410698,0.38841113,4.6367016,4.24536
0.6268917,5244.236,1.8508997,10.121856,0.6156719,-1.1662501,-0.34109455,5.871159,4.103437
0.6179019,5479.941,3.8926818,10.1821,1.3590983,-0.8701018,-0.5139622,6.146324,3.320233
0.6387994,4633.281,0.06451241,10.161529,-2.7408977,0.3019071,0.21252804,4.891915,4.405529
0.63419944,4611.7954,2.991356,10.2556925,1.0957267,-0.29714996,-0.5848777,4.9925504,3.2569323
0.63424397,4665.3916,3.8416243,10.27113,1.3458953,-0.28171447,-0.5060473,4.900564,3.2227814
0.61835396,5708.2227,0.31204045,10.084121,-1.1646224,-0.6034878,-0.21416637,6.107774,3.987805
0.61605823,5851.9253,0.07254252,10.166103,-2.6235824,-1.4965538,-1.5914035,5.4239483,4.5594406
0.6251893,5109.05,0.07438048,10.223265,-2.5985618,-0.71875507,-1.1922942,5.860201,4.7393665
0.6131393,6067.169,0.47039926,10.087554,-0.75417346,0.13244495,-0.87313783,5.272474,3.9644845
0.6127346,6027.167,0.42946184,10.084236,-0.8452224,0.096003935,-0.81820935,5.264599,3.9598699
0.61929435,5488.2476,1.2015634,10.118923,0.18362348,-0.6808601,1.0675232,5.521248,4.1113987
0.6166587,5512.707,3.0392916,10.098958,1.1116245,0.8307983,0.84467024,4.7635846,5.1897163
0.61709535,5616.688,4.5778904,10.068687,1.5212383,1.3609618,-0.9593869,4.9207215,5.1429014
0.59788096,6932.8228,0.03474554,9.9892845,-3.359704,-0.9196715,0.9194417,5.490503,3.7393897
0.5804272,7865.698,0.035978597,9.847429,-3.324831,-0.6600593,1.8661056,5.494076,3.4576738
0.5759759,7768.401,0.032767735,9.818835,-3.4183109,-0.7852697,1.8683225,5.4627714,3.47553
0.60528433,6112.6963,0.09576036,10.018133,-2.3459065,-1.13484,2.7733824,4.3296766,3.174916
0.6347825,4819.9385,0.08421655,10.199828,-2.4743638,-0.2682378,-2.3288438,6.0128174,5.2978935
0.6119884,5676.2354,0.77640396,10.227306,-0.2530823,0.071646966,-0.86683846,4.389424,5.801672
0.637954,4652.995,0.27542797,10.202497,-1.2894292,1.122063,-0.23944628,5.4579077,4.3706
0.6507236,4426.5566,0.9376075,10.069407,-0.0644238,-1.3559377,0.60044193,5.293752,3.7115865
0.65164876,4051.3657,1.9111038,10.207092,0.647681,-0.57309866,0.041412592,5.788664,3.656075
0.6180456,5650.703,0.056360036,10.134927,-2.875995,-0.21434869,-0.113220245,5.1850643,4.6854467
0.61065286,6054.782,0.02677245,10.109365,-3.6203818,0.6798808,-1.5360371,6.6281385,3.5893312
0.6310395,4691.329,0.22821873,10.228965,-1.4774507,0.37139636,1.9649005,4.8027005,3.989274
0.6354527,4929.3877,0.37633666,10.159745,-0.97727114,2.1596072,0.54634225,5.8561687,3.8412714
0.59937865,6502.478,0.13365798,10.080602,-2.0124712,-0.5801745,-1.4056094,6.1571975,5.196952
0.60368,6246.3667,2.7784889,9.929772,1.0219072,0.5938414,1.7989635,4.3872504,3.0203319
0.6012687,6521.829,1.508985,9.892694,0.41143727,-0.52406466,2.4409308,6.061445,2.8912969
0.59680295,6509.973,2.611132,9.849848,0.9597838,-0.764085,2.4197218,6.214649,2.802755
0.60587597,6078.3604,3.6602187,9.939298,1.2975229,-0.3786955,-1.3057985,4.178828,5.440795
0.612646,5827.758,4.873373,9.998862,1.5837864,-1.0140933,0.029708853,4.118739,4.6149163
0.632719,4432.7144,0.09583424,10.287994,-2.3451352,0.5762729,-1.2005291,5.62708,4.150321
0.6058129,6339.093,0.7188917,10.026996,-0.33004457,0.7723478,1.1024358,5.998132,4.760811
0.5915918,6800.547,2.1104183,9.978656,0.7468862,1.4787005,1.1882479,6.359703,4.6744184
0.60665387,6201.968,0.786741,10.0996,-0.23985618,0.97559446,-0.3219743,5.3594866,3.6550648
0.6146416,5707.1924,0.20132247,10.075053,-1.6028473,-0.7674087,1.4402641,4.506928,4.9480686
0.6243781,5344.6143,0.374174,10.184052,-0.9830344,0.78480667,0.07240213,4.578371,3.6524482
0.6455901,4135.936,0.32039234,10.255081,-1.138209,0.617959,-1.2041799,4.9316597,3.684894
0.60345984,6238.4727,0.05548639,10.065814,-2.8916175,-1.1810493,1.3724169,5.9287295,3.8450615
0.61803734,5762.384,0.10093051,9.99633,-2.293323,-0.97130877,-0.14116928,5.8295183,4.5869446
0.62200314,5654.4497,0.21974799,10.0635395,-1.5152739,-1.3202385,0.35309508,5.712808,4.5875387
0.595055,6772.4805,0.9030139,9.950308,-0.10201736,-3.1018987,1.3344226,5.815262,4.3013425
0.61789465,5780.9395,0.00943056,10.061194,-4.6638,0.98200035,0.45931664,5.838629,3.4755018
0.62614685,4896.581,0.018401938,10.234844,-3.9952993,0.46380508,0.134248,5.8094625,2.7759638
0.6306267,4801.826,0.018898282,10.204771,-3.9686842,0.9480233,0.9420346,6.1366477,2.9055786
0.61685103,5667.7705,0.036974877,10.121484,-3.2975166,0.2805991,-0.5020123,5.025384,4.429066
0.6270496,5096.139,1.1550199,10.177573,0.1441176,0.9263194,0.75822306,5.944665,2.9176793
0.6272473,5036.341,1.3977479,10.184117,0.3348623,0.8740879,0.8067574,6.0191383,2.886624
0.6167761,5440.954,3.3833604,10.183009,1.2188694,2.973609,-1.5602003,5.7492647,3.053391
0.6352343,4687.1235,2.2732253,10.234621,0.8211997,1.4406115,-2.4199536,6.2974977,3.23728
0.6437443,4269.331,0.70845103,10.231621,-0.3446743,1.3133773,-1.7618436,5.7201805,3.5147624
0.6447047,4285.1523,0.32389146,10.252853,-1.1273469,0.83264226,-1.0955341,5.890403,3.3305466
0.63976777,4649.9424,3.9655159,10.152057,1.377636,0.09028055,-0.6826733,5.2069926,3.506742
0.62456065,5330.8784,0.027256748,10.181005,-3.6024542,0.05311567,-1.463116,4.8392634,3.1418324
0.61569905,5677.4893,0.16031063,10.15211,-1.830642,-0.97263634,-0.7283668,5.804343,3.2961605
0.62090063,5525.1084,0.16953678,10.096958,-1.7746854,0.11318509,0.77282095,5.5651026,2.813622
0.5785187,7411.298,2.7411823,9.88522,1.0083894,-0.27747652,1.6911458,5.258295,3.588853
0.576318,7755.249,0.5388544,9.926894,-0.61830986,-0.038086116,1.4461136,5.335648,4.4829054
0.651958,4208.7065,4.9448175,10.156118,1.59834,-0.24090345,-1.2130479,5.1770477,3.881481
0.64009047,4771.149,20.387693,9.963287,3.0149314,-0.74453866,-0.16883214,5.3855753,3.523031
0.6506084,4176.2607,0.19513202,10.049979,-1.634079,0.6356062,1.7147725,5.162731,4.5940924
0.67095435,3653.8281,0.2667608,9.990505,-1.3214029,0.41289186,0.3781739,4.3065324,2.9879212
0.66880774,3877.5981,1.6968411,9.97683,0.52876836,-0.9889537,0.80995256,4.6812706,2.6227896
0.6630937,3891.691,0.059105285,10.096153,-2.828435,1.255225,-0.47003788,5.725567,5.1546783
0.57792836,7363.056,3.2109408,10.001294,1.166564,-0.31230557,-0.3986722,5.401513,4.4152265
0.6034637,6436.901,0.949695,9.899689,-0.051614422,-0.041275524,-0.84207916,6.3909616,4.423346
0.62346894,5008.5044,0.19017747,10.225883,-1.6597975,1.556279,1.2652681,4.7193227,3.284324
0.6306813,4924.7,0.752481,10.167355,-0.28437954,-0.4879168,-1.4007958,5.745775,3.3754327
0.6157517,5812.837,0.096459724,10.097381,-2.3386297,0.59614074,1.2063451,4.81711,4.269814
0.6171676,5394.8403,0.062113278,10.201394,-2.7787955,0.5849668,1.7235487,4.641847,5.145616
0.6245162,5444.536,2.037354,10.101599,0.7116519,-2.8470025,0.23127626,5.875302,2.64482
0.6235448,5213.534,0.028384913,10.21972,-3.5618975,1.9063724,-0.76393163,6.172168,3.7999675
0.62825334,4888.361,2.772793,10.209165,1.0198551,0.81133765,1.4038905,5.88797,3.594496
0.61795104,5686.973,0.13604786,10.098332,-1.9947486,-0.28460157,-0.10695427,5.956571,5.1864676
0.6062696,6248.073,0.09788432,10.172984,-2.323969,0.7569387,0.32382357,4.8523216,5.5356297
0.6249292,5326.9785,5.547011,10.125519,1.7132592,1.067682,-0.8658964,5.726596,4.456786
0.62589926,5011.414,0.040370047,10.184109,-3.2096672,0.9043644,1.3810039,5.1462984,2.929678
0.6483258,4395.858,2.1534066,10.155461,0.76705104,-0.7445899,-0.09596551,4.8738585,4.1343675
0.61788845,5550.531,0.09712536,10.170379,-2.3317528,0.43353227,0.0199145,5.7890983,3.7227652
0.6105624,5864.9404,0.045310106,10.199078,-3.0942252,-0.43920314,0.25142258,5.8578167,3.4799788
0.5991961,6045.5483,12.554978,9.875724,2.5301173,0.11785744,-0.78275126,4.462816,3.5945873
0.6167334,5530.502,9.258675,9.904083,2.225561,-0.87663686,-1.3057377,4.6954136,3.7347133
0.6071484,6050.7485,2.4670453,9.998239,0.9030212,-0.21298517,1.3367807,4.393174,3.0799441
0.58230406,7722.846,0.07252343,9.996982,-2.6238456,0.96060884,-1.2601736,6.142372,4.682411
0.61733127,5844.0854,0.041637786,10.068345,-3.1787472,0.1266207,1.692008,4.6067276,3.5564868
0.6049038,6086.6167,0.18701881,10.0953455,-1.6765461,-1.3886075,0.6403381,4.8829575,3.4424205
0.63547546,5169.3853,0.8831402,10.051107,-0.12427133,0.33507922,-0.7969522,6.626276,4.2561574
0.6361804,5118.7183,0.59360564,10.083911,-0.5215401,-0.16739234,-0.790169,6.4616766,4.204179
0.62951696,4646.024,0.71053076,10.3101635,-0.34174308,-0.0049530864,0.2453282,6.6863146,5.062414
0.5962118,6849.936,0.024597844,9.951983,-3.7050965,1.2230209,-0.0029599285,5.555185,3.1797032
0.59150356,7004.163,0.033985496,9.959075,-3.3818214,2.0729504,0.311489,5.588354,3.1435957
0.6039068,6325.9907,0.24449186,10.05021,-1.4085733,-1.051454,0.17666914,5.9658704,4.310272
0.57099015,7777.6143,1.6403384,9.802172,0.49490258,-1.4216617,2.010445,4.8351984,3.9325926
0.5914284,7103.8726,2.4923964,9.917271,0.91324466,-1.7786127,2.4281805,5.0588174,4.4386
0.62859005,4856.0225,7.545553,10.292357,2.0209584,2.8558722,-1.7340022,5.868655,4.317748
0.6428076,4472.2334,0.009968492,10.203215,-4.608326,-0.25535095,-0.41293713,5.0263653,4.478447
0.63381076,4810.148,0.03782204,10.215349,-3.2748632,-0.13322096,-0.08439829,4.430591,5.159416
0.6100976,5882.0195,6.653815,9.985676,1.8951904,-0.54069614,0.07233742,5.7294292,3.7196474
0.6046977,6245.1377,0.09463862,10.082979,-2.3576896,-0.11969251,-0.03344139,4.6222715,3.1089268
0.60720927,6166.7983,0.058369156,10.127169,-2.8409677,-0.28271458,0.10307915,4.5995274,2.9551125
0.60989046,6049.7783,0.03550469,10.090746,-3.3380904,-0.48256895,0.23666184,4.5099535,2.9564347
0.6223547,5212.615,10.903193,10.063258,2.3890557,1.5992409,0.21951489,5.8969173,3.8481963
0.6298443,4978.5283,2.4609761,10.113532,0.90055805,0.9139291,0.7798898,5.905966,3.6936932
0.6415739,4479.0015,0.70223737,10.141777,-0.3534838,0.9314549,1.4397995,5.440974,3.8779554
0.64170706,4699.1133,0.35121498,10.091087,-1.0463568,-1.31464,-0.23024145,4.5722837,4.115302
0.63651454,4923.6274,0.03882689,10.095956,-3.2486422,-0.500724,1.0769231,6.3369646,3.1710744
0.62772536,5113.5537,0.25936294,10.155492,-1.3495269,0.93959904,-0.6684433,5.3574753,3.6752143
0.628839,5113.075,0.2426144,10.166198,-1.4162819,0.9189965,-0.65546906,5.3986163,3.6574373
0.6337935,4710.765,0.07157975,10.210033,-2.636943,-0.6157179,1.0542604,4.778927,3.4908614
0.61316264,6010.5596,1.3944919,10.105031,0.33253017,0.0030228293,-0.76937646,5.784031,4.6930017
0.6229558,5525.845,4.1306834,10.0133705,1.4184428,0.9119769,-0.6527299,5.926656,4.4319983
0.612246,5446.785,15.036154,9.965372,2.7104576,0.6530351,-0.49970365,5.408494,4.2855597
0.61612713,5290.5,22.131586,9.917678,3.0970058,-0.5688846,-0.25962472,4.8605165,2.7315865
0.6309501,5238.6733,6.6335306,9.994519,1.8921372,-1.6957848,-0.4530299,5.3572655,3.222385
0.6331966,4896.4277,12.953455,9.950214,2.5613625,-1.3357233,1.042695,5.1617117,2.9494405
0.58526385,6623.471,10.981993,9.863762,2.396257,1.7516063,-0.864945,5.2625494,5.47385
0.5904019,6557.5093,10.366529,9.811541,2.3385823,-0.5082176,-2.0581093,5.2953634,4.162621
0.61243457,5722.5557,0.019048983,10.118961,-3.9607415,0.9811935,2.038213,5.1948843,2.9891472
0.59934324,6607.0024,0.96988916,9.961794,-0.030573454,-0.8284673,-0.428994,5.059505,3.5415041
0.6204731,5507.9844,0.27788863,10.177102,-1.2805349,-0.6344003,-0.33932373,5.093992,4.6107745
0.62886107,4841.7764,0.6171506,10.274157,-0.48264223,0.22455978,-0.46206865,6.7604957,3.995203
0.62885517,4817.26,0.44542503,10.234703,-0.8087263,0.18393819,-0.39508927,6.7946143,4.349802
0.6081749,6181.74,0.10446101,10.116053,-2.2589414,0.33647048,-0.5611452,5.3993926,3.5727487
0.6255273,5144.622,1.7957962,10.18638,0.5854485,0.4809839,-0.13280252,5.3881884,3.6611059
0.6334255,4909.3594,1.270268,10.147919,0.23922792,-0.8034423,-0.16063593,5.6811256,4.5616417
0.67764735,3585.2065,0.12590231,9.893324,-2.072249,-0.0023800784,0.90916836,5.048007,3.7643812
0.6432719,4662.4214,7.253103,10.064144,1.9814293,-1.8318864,-1.3027942,5.291953,4.061628
0.64306116,4535.881,6.745781,10.156171,1.9089173,0.057046987,-1.0601088,5.386034,3.9819777
0.62981045,5033.9272,0.08909057,10.168599,-2.4181018,-0.5265152,0.5679406,4.7590375,4.3008823
0.60791886,6203.2886,1.2125132,10.063333,0.19269529,0.71310323,-0.7474703,5.666208,3.503465
0.5981019,6688.883,0.9038586,10.029384,-0.10108237,-0.052288953,-0.7376972,5.4273853,4.479238
0.6053625,6286.935,1.0393653,10.084683,0.038610242,-0.45180583,-1.147942,5.437504,4.7717876
0.6337371,4782.885,0.13513029,10.171748,-2.0015159,0.48970923,1.0511799,5.01012,3.0821812
0.61962557,5524.114,0.7868309,10.144475,-0.23974189,-0.08492871,-0.96851856,5.252938,4.8497143
0.6134184,5641.874,0.41041228,10.114041,-0.89059305,0.43044528,1.5223924,5.1345577,3.934154
0.62350345,5178.956,2.7700503,10.191936,1.0188655,0.7751095,-1.4204481,4.8637133,3.5448244
0.6149473,5844.5166,0.0067618545,9.971599,-4.996458,-0.65350103,1.6824716,5.549113,4.3090925
0.6054347,6044.2725,2.1450186,10.07416,0.7631482,-0.43771374,1.1513426,5.5387154,3.6245136
0.6104853,6043.1577,0.35978693,10.039605,-1.0222433,0.16036928,1.0024346,5.474868,3.7417645
0.6041601,6118.5864,0.63679755,10.094031,-0.45130348,-0.51747745,0.84023803,5.2724466,3.4538574
0.66730046,3813.6597,0.118039,10.114787,-2.1367402,-0.73545647,-0.7884722,4.805152,4.5917625
0.66400087,3728.7573,0.2504862,10.091121,-1.3843515,1.0102597,-0.4022191,4.9634576,3.5691464
0.6646334,3701.5327,0.6946511,10.092443,-0.36434558,0.013252841,0.6644442,4.8532443,4.644592
0.6685251,3772.5532,1.2651584,10.033813,0.23519737,1.1727834,0.9324561,5.5396876,4.240276
0.66833544,3508.5757,0.7809292,10.069103,-0.24727081,0.8284043,0.8150753,5.1539073,4.394686
0.65451694,4047.0742,1.2450765,10.058727,0.21919702,0.80196834,1.6264012,5.2042437,4.758331
0.6038803,6299.997,0.074588574,10.140083,-2.595768,-0.17621037,-2.1412325,5.5972214,2.9534478
0.59851617,6703.439,0.16856833,10.006906,-1.7804141,0.19078957,-1.2481805,4.9623985,3.7236404
0.6071294,6177.2437,0.9811838,10.002599,-0.018995456,-0.644714,0.25817946,5.770738,5.079601
0.61834085,5452.4717,0.048398547,10.196343,-3.0282855,0.058776237,0.1872644,4.7732024,3.5007384
0.6225184,5297.9824,0.054606058,10.214861,-2.9076104,0.023857813,0.12748575,4.9235063,3.523065
0.63174564,4750.292,0.68036807,10.225281,-0.38512132,1.9643462,-0.009731935,5.538713,3.5919752
0.62173176,5601.8164,0.7751689,10.042925,-0.25467435,-1.4971604,0.75117123,4.5284204,4.3783655
0.618801,5468.7354,0.030155798,10.196951,-3.501378,-1.2998313,-1.3672798,5.810749,3.5619678
0.6436804,4496.949,8.828154,10.070481,2.1779459,2.9041061,1.515252,4.810284,3.9334357
0.6190963,5374.394,0.20873344,10.222769,-1.5666972,-0.12058933,-0.17890297,5.8169003,4.62467
0.62441885,5161.5566,0.11060689,10.187827,-2.201773,0.6287298,0.12367729,4.913981,4.039996
0.61037165,6069.1533,0.019852346,10.086299,-3.919433,0.7258321,-0.27235663,4.919967,4.0284195
0.5896608,7110.3906,0.015978217,10.005106,-4.136529,0.20756419,0.010631319,4.938537,4.1044264
0.631939,5029.374,0.6962788,10.119115,-0.36200514,-1.0321665,0.5173413,6.0978355,3.9655032
0.6459118,4377.6562,0.43470156,10.179197,-0.83309555,-0.7666995,-0.3120528,5.3654766,4.404907
0.6477734,4220.492,0.020339016,10.170271,-3.8952143,0.5286448,0.7123785,4.746504,3.8409357
0.6549022,3987.65,0.70649654,10.168933,-0.347437,0.08421674,0.24673878,5.5531626,3.3995981
0.65604603,3992.3606,0.19380711,10.162065,-1.6408919,-0.4726952,-0.04689436,5.1739526,4.9904695
0.62597567,5061.7666,0.121040314,10.176549,-2.1116316,-1.1999412,0.039022785,5.3570766,3.6076634
0.61961854,5623.055,0.54142845,10.080047,-0.61354434,-1.0563588,0.023986591,4.9428773,4.0411325
0.5929887,6936.825,1.1569083,9.892749,0.14575118,-1.7318664,0.5664511,5.2449627,4.0282865
0.59235084,7007.1353,0.5158909,9.961882,-0.66186,-1.1255037,0.9629172,5.2496862,4.1882234
0.5923803,6876.715,0.7549119,9.880754,-0.28115422,-1.4748392,1.6393441,5.123352,3.689904
0.6449155,4360.6963,1.0240871,10.208326,0.023801506,-0.55787843,-0.9506817,4.7312837,4.528656
0.6476119,4198.987,1.0885372,10.239733,0.084834784,-0.5879718,-0.81871414,4.6453094,4.69618
0.63497555,5022.8564,0.13431354,10.189127,-2.0075784,0.6230458,-1.5264074,4.9237947,3.8711967
0.6167372,5370.9233,1.6564622,10.2712965,0.50468415,0.8486583,-0.6166589,5.308744,4.3113465
0.62976635,5061.3125,0.04542753,10.214961,-3.091637,0.57152826,-0.73941636,5.484689,3.8483517
0.6152599,5773.3906,0.23822758,10.1089525,-1.4345288,-0.6683012,0.34807876,4.930413,3.7171988
0.6079494,6303.6357,0.15645367,9.988934,-1.8549954,-0.8769134,0.22525865,4.6633987,3.2352674
0.61101687,6061.2646,0.12122812,10.116794,-2.1100812,-0.4191234,0.17507672,4.3156404,3.5760512
0.6187184,5560.3623,0.23787573,10.118171,-1.4360069,0.44032535,0.54775435,5.216589,2.897212
0.6333291,4840.333,0.72771454,10.210994,-0.3178464,0.11823715,0.39338797,6.0796494,3.741134
0.6038577,6361.379,0.46986797,10.067931,-0.7553035,0.3894068,0.21068358,5.53515,3.7021606
0.624968,5214.928,0.9403851,10.178963,-0.061465833,0.044073056,0.5923945,6.0742292,3.5887623
0.61235714,5977.7334,0.066337146,10.119778,-2.7130053,-0.102848075,-0.3072677,4.385276,3.4758534
0.6162261,5473.108,2.1643653,10.141082,0.77212715,1.4373779,0.484107,4.0587564,3.703883
0.6186854,5467.741,2.9118013,10.138914,1.068772,1.5282707,0.61952037,4.393692,3.9598033
0.6222261,5307.856,0.047459096,10.200326,-3.047887,-0.27698374,-0.10612041,5.234717,4.3334637
0.6203021,5638.6523,3.967464,10.017318,1.3781271,0.08739913,-0.09791805,5.3476844,3.609122
0.6030599,6104.059,4.9056983,9.98448,1.5903975,0.33755928,0.6843164,6.397057,3.8027449
0.6499331,4419.155,3.8346326,10.121503,1.3440737,-0.74151325,-0.40538463,4.1878686,4.3778744
0.6543652,4225.945,1.6856189,10.145841,0.52213275,-1.8144258,-0.082895875,5.0844507,4.351109
0.63661784,4903.95,2.7733316,10.123689,1.0200493,-1.5156077,1.0249156,4.7756767,4.475518
0.62637246,5366.1143,0.023153804,10.155131,-3.7655962,-1.2626455,-1.1605058,6.143781,4.032149
0.59957427,6335.1147,0.17964405,10.087864,-1.7167779,2.4412074,0.99344975,4.384991,4.0195494
0.6072035,6416.7803,0.75633883,10.083458,-0.27926582,-1.7669792,-2.1348088,6.057787,3.868159
0.6175192,5790.5767,0.43238097,10.0920315,-0.8384482,-1.4582003,-3.398189,5.319709,4.382028
0.6004347,6451.8687,1.5873464,10.045545,0.4620637,-0.6854885,0.54523027,5.8746896,3.7215295
0.6298631,5208.8354,0.019737285,10.11274,-3.9252458,-0.4777457,-0.6268466,5.7090855,4.679079
0.6062538,6177.802,0.0057834648,10.105305,-5.1527524,-0.13902594,0.1988528,4.8766108,5.0681324
0.6490597,4431.0845,2.7914352,10.073278,1.0265559,-0.3222864,-0.40780967,5.6699543,3.096745
0.665816,4201.7964,23.372498,10.070137,3.15156,-1.4047114,-0.96955204,5.3770595,3.3027158
0.5994061,6389.184,0.0031592427,10.054743,-5.757423,2.007124,0.82950985,5.0934286,4.357933
0.55817604,8521.298,11.0653925,9.815927,2.4038224,-1.1934632,-1.0278963,5.4659395,3.2405992
0.5714006,8229.122,0.052104063,9.944463,-2.9545124,-0.51433617,-0.3880562,6.1474004,3.2907696
0.5952106,6756.897,1.0601342,9.932752,0.058395505,-1.8223076,1.4079891,5.313095,3.7389827
0.6295081,4697.085,0.6413436,10.289134,-0.44419,1.659669,-1.0989124,5.106304,3.9154618
0.587989,7229.4478,0.122976325,9.953231,-2.0957634,-0.9662037,0.16871569,5.2055106,2.9459558
0.58524305,7045.2197,2.4329283,9.980729,0.8890956,0.9030123,1.6749884,5.6797476,3.3309488
0.62327516,5345.7656,0.0077887243,10.157449,-4.855078,0.9195604,0.59296197,5.0785494,3.6137216
0.59892094,6471.5884,3.9468062,9.9763365,1.3729067,-1.4219114,-1.0005555,5.178051,3.2352972
0.6115105,6271.0933,0.4500228,9.997692,-0.7984571,-1.8729495,-1.1106818,5.935056,2.9912028
0.62451327,5364.509,0.14669873,10.151735,-1.9193742,-0.8987935,-0.82089466,6.2570963,2.9190676
0.62650645,5093.2935,0.35201398,10.200252,-1.0440844,0.077845216,-1.5776294,5.018882,4.071971
0.62943244,5104.6655,0.3052475,10.182998,-1.1866324,0.21188551,-1.428677,5.0037317,4.0156226
0.61977977,5669.8643,0.3449489,10.041487,-1.0643591,-0.3414748,1.398496,4.832379,4.165035
0.62258255,5502.165,0.51025254,10.083345,-0.6728495,-0.9419954,1.8494053,4.227362,3.5735972
0.62214804,5343.1074,6.0950675,10.079919,1.8074799,-0.9408009,0.8962452,5.320407,2.998304
0.62915784,4959.917,0.027245468,10.185508,-3.602868,-0.7106004,-1.2597954,5.95461,4.0884304
0.61901355,5667.8945,0.094124064,10.096509,-2.3631415,-1.4311975,0.88217604,4.676268,4.382764
0.61681324,5769.6294,0.114069074,10.113585,-2.1709511,-0.85284925,1.1682199,4.538948,4.380646
0.63349795,4976.378,0.7768107,10.166609,-0.25255856,-0.03564971,0.072343975,6.9778695,2.707368
0.5970729,6726.8154,0.011165986,10.020046,-4.494883,0.562257,1.2415743,5.0224977,4.150304
0.59910005,6546.0186,0.010326903,10.026206,-4.573003,0.5611837,0.98996097,4.847997,4.169873
0.59643567,6466.4946,7.2039165,9.908671,1.9746249,0.03174283,-0.092480876,5.446619,4.673553
0.6282315,5047.012,6.660734,10.044056,1.8962297,0.39240614,0.49817672,4.644991,5.283274
0.6369673,4731.75,2.3698092,10.173201,0.8628095,-0.6754163,0.17570807,5.331554,4.5534616
0.6406908,4429.1006,0.64349824,10.226044,-0.44083595,-1.9874684,-0.9522473,5.1228404,4.6619916
0.6397294,4716.4463,0.44736767,10.227539,-0.8043745,-1.1636118,-0.8825918,4.8810163,4.58599
0.6282055,5098.0127,1.5201163,10.0874405,0.41878685,-1.4682928,-0.29638383,4.731344,4.8907976
0.6281473,5143.036,0.64026576,10.090071,-0.44587195,-1.0015687,-0.7598142,4.496862,4.9477153
0.6197149,5122.8765,3.3293304,10.210012,1.2027712,1.0618143,-0.44028834,5.269359,3.8515744
0.61587673,5841.04,0.015995322,10.104607,-4.135459,0.16516317,0.71368057,5.3531804,4.008275
0.6182689,5693.9385,0.016204055,10.068137,-4.1224937,0.43869102,1.0406486,5.5101347,3.942651
0.6108245,5952.3545,4.675615,10.020305,1.5423607,0.230478,-1.3917587,5.5003924,4.389587
0.6060824,5937.1704,8.070178,9.783619,2.0881755,-0.053973157,1.5145046,4.7955036,3.2579308
0.5780938,7493.8076,3.1853652,9.931116,1.158567,0.55870026,-0.48356065,5.2373056,4.441892
0.63853145,4428.7124,0.055450696,10.241454,-2.892261,-0.069245346,0.4548861,5.123006,3.110568
0.62275887,5234.336,9.392611,10.061386,2.2399232,0.7522137,1.0066239,6.158946,4.0828543
0.6303587,5006.134,2.496222,10.136648,0.9147784,0.6502555,-0.102174796,5.841345,4.8354945
0.62988156,4973.546,1.7023196,10.178891,0.53199184,0.80470467,0.5871753,5.300145,5.0708647
0.6398105,4648.559,0.0038735806,10.17441,-5.553576,-1.715683,0.086299814,5.2391324,3.597507
0.63072425,5124.9595,0.009990925,10.128402,-4.606078,-1.3745184,0.13513397,4.6925745,3.0847561
0.64046913,4345.3877,0.033363782,10.235317,-3.4002843,0.09811175,-2.2699814,5.3010597,4.0290875
0.6466693,4385.505,0.012775254,10.219922,-4.360245,0.099802636,-1.2417374,6.2225814,4.274729
0.62819386,4995.953,1.5558412,10.145674,0.4420164,-1.060919,0.82401055,4.5924087,3.4334774
0.62713367,5111.618,0.25015938,10.176609,-1.3856571,0.6358686,0.06686693,4.37152,3.4645538
0.6123055,5887.1143,0.26577803,10.076943,-1.3250937,0.6044221,0.18864575,5.5857954,3.5942223
0.61564744,5708.9097,0.6916541,10.053752,-0.3686693,0.8588134,0.26273054,5.54061,3.704295
0.61311954,6091.8623,0.43438274,10.069732,-0.8338293,1.1056145,0.41552702,5.474976,3.7612753
0.60688174,6014.0527,0.12188074,10.09713,-2.1047122,0.18947385,0.50572187,5.5078087,3.2199912
0.6357985,4723.5317,0.3602438,10.229084,-1.0209743,-0.0790745,-1.834563,4.5880594,4.018573
0.6174375,5554.0864,0.5598894,10.091378,-0.5800161,0.58430105,1.5847267,5.7757015,3.777325
0.6244056,5271.671,0.16194364,10.201197,-1.8205069,0.29688993,-1.6926084,4.6925545,3.9283345
0.6296848,4998.821,4.2791667,10.1521225,1.4537582,-0.36076137,0.34281173,5.1361756,4.1235614
0.60941046,6114.262,0.018323207,10.056236,-3.9995868,-0.037770644,0.1145655,5.2022552,3.9000695
0.6252975,5139.5303,1.4887975,10.1615925,0.39796877,0.018563095,0.9518103,5.6111383,3.6074953
0.61834586,5601.231,0.04623156,10.128291,-3.0740926,1.6625315,-0.5285095,5.2770753,3.8007898
0.6173649,5511.145,0.0051795766,10.129515,-5.263032,-0.7433467,0.32367912,6.437505,4.0781975
0.6269813,5203.8823,9.738163,10.115849,2.2760525,-0.4031759,-0.11667989,5.0725164,3.6892157
0.6028782,6610.051,0.026236616,10.045453,-3.6405993,0.7329097,0.2110564,5.592931,4.560938
0.62134796,5534.4434,3.4466095,10.02618,1.237391,-2.4293022,1.7155892,4.572891,4.33507
0.64520216,4367.696,0.029464819,10.2440815,-3.5245583,1.8090154,-1.5106612,5.966428,3.2816172
0.63851595,4603.173,0.021947227,10.220214,-3.8191144,0.79658943,-2.012255,5.967181,3.1395638
0.61018825,5352.651,4.1725564,10.2727995,1.4285289,1.7227442,-0.86601144,5.548658,4.1789494
0.6228343,4945.083,0.892206,10.278105,-0.1140582,1.7491874,-1.1395293,5.934947,4.160463
0.6108869,5869.179,0.14636296,10.149749,-1.9216657,0.013190819,-0.61313015,6.0478125,3.7944167
0.60784245,6133.52,0.36460364,10.06886,-1.0089444,0.1607729,0.42596677,5.7035847,3.8606377
0.6083135,5938.9736,0.20933007,10.13502,-1.563843,-0.28951862,0.7710167,6.531996,3.5201607
0.624672,5290.768,0.05051663,10.139944,-2.9854527,0.8394731,0.43336642,5.2137365,3.8392332
0.6339539,4690.4336,0.34391588,10.22248,-1.0673581,1.1795231,0.6814923,5.779297,3.9850686
0.6215683,5378.4824,0.3678937,10.145524,-0.9999612,-0.376258,1.2357495,4.3087955,4.02991
0.6136198,5995.303,0.26365176,10.118933,-1.3331262,0.705642,-1.33208,4.5848155,4.019979
0.6100522,5845.3257,0.86892825,10.202705,-0.14049473,0.8510927,-2.443529,6.3195095,3.7775908
0.61906433,5407.3545,6.625803,10.178144,1.8909715,0.1348894,-1.1264689,5.34266,3.7706418
0.62899834,5085.1304,1.1523587,10.224192,0.14181086,0.8096172,-1.0742905,5.7625084,3.2994845
0.5944505,6790.4014,0.28571066,10.022514,-1.2527757,0.8625167,0.5902883,4.6387486,4.1850233
0.579643,7669.289,1.2678014,9.940213,0.23728426,1.008508,-0.15108907,4.825126,4.3010387
0.57951665,7780.742,0.7701993,9.990364,-0.26110592,0.37257904,-1.2225457,5.5058126,4.3629017
0.59967166,6613.919,1.0313617,9.965752,0.030880015,0.34414372,1.6053673,4.2844706,3.3068976
0.59977794,6363.274,1.7762122,10.076572,0.57448316,1.9069065,-0.91355205,5.2355494,3.93443
0.60306484,6423.045,0.08672166,10.053917,-2.4450517,0.101292536,0.75132525,5.8187532,3.29431
0.5988285,6376.091,1.2686559,10.0624,0.237958,-0.698847,0.7342741,5.961114,3.33382
0.5978538,6536.798,2.060963,10.057541,0.7231733,-0.67204875,0.8584101,5.9031982,3.3597157
0.5838337,7327.0757,0.011857956,9.839508,-4.4347563,-0.73345363,1.1012133,5.097395,4.266587
0.6105889,5856.4453,0.17166796,10.141863,-1.7621931,-0.63212335,0.20973924,6.1628613,4.2385345
0.5971622,6817.4937,0.8985244,9.864301,-0.10700141,-2.0770664,-0.14313981,6.6609464,3.9484994
0.6120631,5725.332,3.01923,10.050341,1.1050018,-0.88731784,1.4016452,5.0346055,2.6847405
0.663437,3786.6333,0.2089463,10.168574,-1.565678,0.61291313,0.7056529,6.3940496,5.337255
0.6189291,5368.923,2.0474122,10.233483,0.7165766,-1.068217,-1.1363952,5.210223,3.9004972
0.6345386,4376.2,0.031396065,10.252362,-3.4610727,1.0053794,1.2933555,5.306779,4.282679
0.61401737,5683.464,0.019546585,10.113428,-3.9349546,-0.13160999,0.74091005,6.6482935,3.9425828
0.62157357,5699.3564,0.65188444,10.081019,-0.427888,-0.010209204,-1.3298111,5.9938955,3.7978573
0.62417686,5402.2007,1.3995253,10.071443,0.3361331,-0.022115435,-1.8517662,6.009454,3.805879
0.6288028,5122.4062,1.2516829,10.1770525,0.22448893,0.068050236,-1.391325,6.2163515,4.036491
0.6072299,6027.262,0.34972262,10.132856,-1.050615,0.35693425,-0.2733376,5.6935387,3.4761684
0.6176358,5395.609,4.3258867,10.124125,1.4646171,1.8507382,0.25752118,5.4996095,3.5980363
0.63309765,4955.21,0.27695572,10.176942,-1.2838976,-1.581809,0.26582298,4.108617,3.9536183
0.6142843,5614.187,0.39707732,10.169318,-0.9236242,0.92656875,0.29154554,6.429958,3.2015886
0.62031907,5662.738,0.43653852,10.111957,-0.8288787,0.58055824,0.12403931,6.3301086,3.9210205
0.61867464,5735.471,0.26150116,10.08777,-1.3413166,-0.3930606,-0.6331651,4.4024234,3.51288
0.6163062,5807.41,1.8275019,10.042122,0.60295,-0.04977646,-1.6562047,4.470207,3.6526558
0.6316129,4545.3594,0.49376646,10.258092,-0.70569265,0.94462115,0.9939718,6.03844,3.098127
0.6321013,5063.1143,0.20648195,10.100342,-1.5775423,1.3089349,0.84666,5.6878614,2.9890223
0.62864625,4690.999,0.06876725,10.283736,-2.6770277,0.50972986,1.2988443,5.22291,3.1493146
0.62609595,5079.8193,0.14527209,10.215225,-1.9291468,0.8318534,1.0487214,5.039673,3.248067
0.62210846,5276.795,0.32067043,10.17519,-1.1373414,0.68326026,0.6055707,5.3299723,3.3491783
0.6332749,4999.8,1.3686512,10.165758,0.3138257,-1.5595756,-0.5419997,4.818551,4.1130104
0.6216587,5181.3193,0.17483309,10.249275,-1.7439235,0.32658285,1.7498935,5.2265863,4.0777545
0.6112793,5773.5757,0.30554488,10.119227,-1.1856586,0.52858067,1.0954466,5.39426,3.76182
0.6069912,6408.8447,0.10538664,10.016992,-2.2501194,-1.5541991,0.36589447,5.7963953,4.401422
0.64038193,4290.212,5.6511636,10.276692,1.7318615,-0.28356534,-0.118492275,7.0947475,3.4163043
0.606431,6198.659,0.04653111,10.060898,-3.067634,1.0231258,-0.37879103,5.6937675,3.1731298
0.60918987,6009.274,0.66045666,10.12878,-0.4148238,0.20510234,0.56469005,5.2399693,3.418767
0.6476487,4215.546,0.034953736,10.176829,-3.35373,-0.38149458,-0.7412301,5.3628807,4.07714
0.6485447,4120.1333,0.03776501,10.1407175,-3.2763722,0.098105825,-0.4806632,5.301388,3.849064
0.6547551,4001.002,0.035668705,10.18716,-3.3334816,-0.029696036,-0.23465937,4.9293575,3.839574
0.6402049,4514.7407,2.5418136,10.170501,0.93287784,-0.80454457,0.26898807,5.5001345,2.90865
0.6391038,4817.4253,1.2963712,10.158032,0.25956902,-0.7712222,-0.5019141,4.4424443,4.8276796
0.6418141,4395.4604,0.433237,10.24241,-0.83647037,-0.5247497,-1.2304692,4.7108016,4.679612
0.6350229,4486.5986,0.34825936,10.266562,-1.0548078,1.18592,-0.14085057,5.8338733,2.4950745
0.57997227,7592.199,0.35450727,9.998444,-1.0370264,-0.9181099,0.45157403,4.6597443,5.9365754
0.60789603,5998.6436,0.6049624,9.980876,-0.5025889,1.0379105,0.06784168,4.2458215,4.0271864
0.6112536,6070.7686,0.9261383,10.039125,-0.07673175,0.97102386,0.06996175,4.40371,3.9684875
0.6293407,4884.624,0.02800872,10.197592,-3.5752394,-0.5142746,-0.62004083,5.8561726,3.7294102
0.6399606,4708.7417,14.197122,9.915888,2.6530392,0.27777484,1.1532679,4.8246317,4.0500717
0.64396566,4431.3286,23.446434,9.885185,3.1547184,0.26183283,0.99353456,4.7871776,4.551867
0.65593517,4180.6436,4.7590647,9.993791,1.5600512,-0.019523827,1.8744059,4.382875,4.1949034
0.65765154,4156.3857,0.17380902,10.143139,-1.7497982,-0.2719591,-1.1419585,6.6002717,3.3905396
0.65508825,3951.6558,0.32531124,10.160132,-1.1229728,-0.2714673,-0.80470484,6.6179595,3.2279892
0.59875333,6564.628,0.28969836,10.002216,-1.2389151,0.48734665,0.48461363,4.1103587,4.740498
0.6190448,5733.4023,0.03454437,10.089099,-3.3655107,-1.4711628,1.1059885,4.66359,3.8442724
0.61163735,5903.08,0.024609318,10.096805,-3.7046301,0.5078916,0.34199205,4.9692345,3.3347912
0.6195445,5414.5557,0.045650393,10.175757,-3.086743,1.4964883,0.40182495,4.6783423,4.771832
0.5898628,6944.8447,0.37758476,9.92363,-0.9739602,1.531471,1.4445738,5.1380124,3.9800885
0.5931715,6934.544,0.19530529,9.913679,-1.6331913,1.264494,1.4733974,5.197662,3.9874027
0.5938778,6774.086,0.29035062,9.926558,-1.2366661,1.4029446,1.3022724,5.3038335,3.9418976
0.60392064,5965.802,1.7493745,10.116358,0.5592583,0.99362767,1.6588258,5.2451544,4.1517415
0.6206657,5434.6562,0.10437047,10.128103,-2.2598085,1.7571882,-0.11989251,6.0534835,4.3291306
0.61322165,5623.8555,3.3113332,10.11018,1.1973509,-0.59419453,1.4910828,6.100973,3.6088176
0.6212691,5511.965,0.12232956,10.097377,-2.1010365,0.7013137,0.10410904,4.933306,3.1227195
0.6142385,5907.847,0.025242645,10.070062,-3.6792204,0.67102695,0.12555896,4.782285,3.086302
0.61665356,5634.6523,2.592309,10.160253,0.95254904,-0.7617889,-0.03122274,5.2024236,4.267027
0.61018264,6135.7,0.0636373,10.079869,-2.7545555,1.0280722,-0.028791737,5.3284087,3.1498466
0.6067533,6013.206,6.0437803,10.033187,1.7990297,-1.1540353,-0.47390282,6.4750094,3.9148755
0.64233774,4233.4775,0.0032442233,10.2383175,-5.7308793,0.724621,-0.32222554,4.1098585,4.1717477
0.60951704,5808.6235,0.73555726,10.193894,-0.30712688,0.47222862,-0.36470053,6.3318963,3.8751063
0.61814976,5788.4663,0.044816952,10.133476,-3.1051688,-0.08062291,-1.8067021,6.416066,4.3265896
0.60914475,6003.1934,2.1127136,10.143878,0.74797314,-0.3959663,-1.8694013,4.6279263,2.6306748
0.6092359,5678.841,12.268986,9.986689,2.5070746,0.22545466,0.17791966,4.4368153,4.1348166
0.5942559,6347.2725,8.254861,9.73436,2.1108022,0.15000242,0.19263431,4.4235187,3.4527957
0.5797526,6574.706,19.837528,9.593841,2.9875755,-0.7464439,1.0476078,4.9315977,3.5211525
0.5976297,6356.515,6.5122833,9.749867,1.8736901,-1.4235685,0.37514806,4.4961324,3.0403411
0.59696424,6282.241,7.611968,9.623554,2.0297217,-0.45475844,0.19421193,6.100005,4.3861017
0.5902987,6656.8657,7.966106,9.784898,2.0751958,-0.43853384,-0.16577718,6.8498116,3.7743309
0.5733336,7956.2954,1.0646343,9.936431,0.06263137,-0.28695768,1.7959123,6.281228,4.7856336
0.5841201,7675.8945,0.07168056,9.91362,-2.6355357,-0.1743084,-0.39750746,6.078313,4.582563
0.61500067,5771.9834,0.036202464,10.144131,-3.318628,-0.075267024,-0.37885582,5.114901,3.598809
0.6367416,4807.3096,0.069614075,10.129351,-2.6647885,-0.9631793,1.5714183,5.297971,4.3507595
0.6016668,6472.6475,0.78485763,10.068921,-0.24225296,-0.25399292,-0.7940825,6.504945,3.2166953
0.58031994,7847.0835,0.02372396,9.93452,-3.7412698,-0.6151961,-1.0864111,5.468272,3.58307
0.61208117,5800.9478,1.1897508,10.096761,0.17374387,0.830791,1.4930161,5.3635406,3.2872362
0.6128496,5632.958,0.3956933,10.17749,-0.92711586,0.9810117,1.6492134,5.4160514,3.1670742
0.6265776,5204.9443,0.3650339,10.149542,-1.007765,0.1277059,-1.5675572,5.160926,4.9037476
0.6412604,4563.973,0.19341551,10.188169,-1.6429145,-0.47768325,0.82114923,5.7393956,4.4258914
0.6340326,4707.8936,0.060235307,10.17675,-2.8094966,-0.583619,1.6056346,5.9123707,4.6311984
0.6344833,4797.2393,0.32292837,10.13425,-1.1303247,-0.061614174,-0.012774418,5.988983,4.909895
0.6348219,4425.276,0.22334753,10.232114,-1.4990263,0.6452776,0.16829723,4.455627,3.5258846
0.62936306,4869.3574,0.17190951,10.268246,-1.760787,1.4896586,-0.36883143,4.9960146,3.9862626
0.6371863,4395.537,0.2126907,10.244213,-1.5479163,1.5538032,-0.35863653,4.903803,3.9846253
0.6475328,4089.5535,0.31591684,10.208925,-1.1522763,0.6616484,-0.43386653,5.0704255,4.469056
0.6111603,5957.867,0.42066777,10.11096,-0.8659119,-2.115594,0.7207696,5.230239,3.2093406
0.60824484,6317.8057,0.8821794,9.952209,-0.12535988,-1.7731014,-0.49761328,5.1300564,2.8527486
0.6009098,6515.5425,0.41177863,9.992095,-0.8872694,-0.27041262,0.292823,5.5429716,3.4777944
0.60641,6243.4307,0.4638334,10.059797,-0.76822984,-0.07482773,0.46663016,5.479144,3.4441667
0.5983897,6521.387,0.64609903,10.094015,-0.43680248,-0.002658445,-0.3333448,5.914335,4.212737
0.63034695,4968.311,0.10848804,10.200184,-2.2211154,-0.1830232,-0.81811464,4.702973,4.183605
0.6289255,5005.04,0.070738226,10.1877365,-2.6487691,0.12383777,0.66788286,4.316062,4.3310075
0.62505704,5491.022,2.7228322,10.031433,1.0016726,-1.0047064,-1.5685027,6.0038123,4.013751
0.6091658,5878.291,0.3818476,10.196797,-0.96273375,-0.8813476,-0.6575157,6.6130953,4.087707
0.65538347,3916.2778,0.18857187,10.14902,-1.6682761,0.76222885,1.1512651,4.2319913,3.584565
0.634216,4758.6235,0.012816122,10.276214,-4.3570514,-0.6290157,-4.1102867,6.071392,3.492592
0.6003705,6631.1143,0.10273589,10.040373,-2.2755938,-0.26398876,-2.1099916,5.771434,2.513831
0.59969705,6679.211,0.13953191,10.00047,-1.9694619,-0.3671162,-1.8589514,5.9195166,2.5476153
0.59066993,6983.3047,0.13701628,9.922317,-1.9876555,0.5631067,1.5334396,5.2745013,3.3909855
0.5916599,7130.2485,0.1518612,9.877759,-1.8847883,1.0506309,0.86315924,5.690255,3.2897718
0.5819913,7363.7837,0.3279005,10.00614,-1.1150451,0.049829565,1.4101564,5.077072,3.505677
0.649482,4058.0298,0.31500858,10.254838,-1.1551554,-0.29717472,-1.2418789,5.4378824,4.236183
0.6251127,5158.77,0.053525157,10.201342,-2.9276035,0.37139475,-0.09935388,5.3660975,3.7702265
0.62217593,5547.037,0.1981022,10.157807,-1.6189722,-0.22366573,0.20557256,5.2486506,3.7296581
0.6585207,3945.5676,8.307248,10.032527,2.1171284,1.8346823,-1.2677068,4.823031,5.009666
0.6405447,4742.1753,0.08704397,10.090752,-2.4413419,-1.4600767,-0.17491117,5.1567745,4.722586
0.6246477,5077.9326,3.3004842,10.214574,1.1940691,0.020640934,-1.4306421,5.163827,3.95494
0.6302628,5228.417,0.3857388,10.1521015,-0.9525949,-0.6621308,-1.3166287,5.325503,4.772294
0.6360704,4791.5103,0.08471382,10.167414,-2.4684765,-0.055647206,0.83915824,5.7576046,4.7277265
0.60710293,6061.485,3.7249722,10.126772,1.3150594,-0.5520012,-2.0260339,5.497604,3.332861
0.6165224,5713.487,4.4611344,10.093914,1.495403,-0.21551664,-1.684007,5.450822,3.1302788
0.6244621,5374.5283,5.0210876,10.1325655,1.6136466,-0.448222,-1.506143,5.216571,3.2142923
0.6333585,5098.2,1.4735665,10.15471,0.3876857,-0.91244316,-1.4527934,4.878588,3.2652497
0.63315225,4934.3247,0.46077964,10.137875,-0.77483535,-3.011365,0.20614475,4.7945533,3.492515
0.664176,3628.5688,0.3727684,10.195554,-0.9867979,2.154768,0.31461534,6.228465,4.0227523
0.6480363,4276.636,0.0048038736,10.182133,-5.3383327,0.717355,-1.3341277,6.7609386,2.9822564
0.64801115,4089.6992,0.013876926,10.184587,-4.277528,-0.10277828,-0.19521436,5.663767,3.6781378
0.64404786,4295.382,0.31420398,10.221038,-1.1577129,0.3847127,0.18338686,4.3078866,3.8765295
0.64222664,4535.6416,0.9352511,10.196549,-0.066940226,0.5680475,0.2957899,3.748783,3.8891418
0.6402567,4632.6904,0.34180945,10.174111,-1.0735018,-0.13253486,-0.22549318,3.9087253,4.663313
0.63639104,4667.539,0.26320148,10.169146,-1.3348355,-0.18663694,-0.1679742,3.9291856,4.67823
0.646283,4593.116,4.5309834,10.086895,1.510939,-0.3776943,-0.47137997,6.42984,3.4534185
0.60101146,5873.2334,15.637669,9.887021,2.7496827,0.7356356,0.0230532,5.3483763,4.7205334
0.6010934,6241.8,5.638172,9.921501,1.7295599,-0.17451638,-0.40281057,5.778409,4.018542
0.6099575,6009.8247,0.60995966,10.095058,-0.49436247,-0.6014383,1.0176435,5.2300057,3.5702026
0.6305493,4667.195,0.09821775,10.2420025,-2.3205683,1.039791,-1.0913424,5.116845,4.3933268
0.60031563,6534.819,0.19393535,10.07019,-1.6402304,0.54027474,-0.45622328,5.6287127,3.1990201
0.6222205,5360.819,0.8006519,10.090785,-0.22232904,0.111756586,0.4303708,5.8345194,5.354821
0.6322721,4904.036,0.9692901,10.184344,-0.031191362,-0.4713677,0.76232135,5.9575453,5.872941
0.61473614,5843.885,0.86258173,10.007771,-0.14782536,0.34051272,0.56204176,4.926986,5.047995
0.61383677,5840.477,1.8178998,10.010412,0.5976819,0.27173474,0.6633658,5.0188684,5.3046246
0.5986277,6496.37,0.024830287,10.046797,-3.695691,-0.95677847,1.0507834,5.2393847,4.7554264
0.6039613,6268.3447,0.85648227,10.142549,-0.15492162,1.1470047,-0.34277228,5.4840617,3.1287608
0.6013067,6183.829,0.50869256,10.108451,-0.6759115,1.0147752,-0.61403036,5.4563155,3.0786417
0.615816,5642.8755,0.34645113,10.204705,-1.0600135,1.1853116,-0.53371274,5.6605043,3.1902242
0.6256098,5424.2715,0.0868569,10.1525955,-2.4434934,0.41857097,0.2251263,5.514473,4.1255836
0.61332035,5782.3047,0.09849171,10.189196,-2.3177829,-0.11526218,-1.828643,5.0264473,4.3232102
0.64266425,4299.2153,0.17730692,10.263369,-1.7298731,0.31246886,-1.7491102,5.4329267,2.9351892
0.65123236,4008.6685,0.2533792,10.207488,-1.3728681,1.0997516,-2.500227,5.118802,3.5229506
0.604984,6416.9707,0.30939507,10.011608,-1.1731362,-1.5220557,1.722663,5.376134,4.371919
0.60442585,6371.7393,2.2311606,10.013874,0.80252194,-0.23706259,-0.69556546,5.3776517,4.8103423
0.6315715,4831.178,0.05277232,10.22965,-2.9417684,0.18378273,0.31413794,4.9510007,4.0344963
0.62735176,4992.198,0.103626,10.198815,-2.266967,0.7216401,0.51620656,4.6869173,3.3568041
0.6144515,5810.743,2.0444145,10.060827,0.71511143,-0.5936656,-0.3611984,5.7751455,4.165178
0.6178162,5684.2627,0.5854107,10.093851,-0.5354416,0.5512842,-0.18790147,5.2571645,3.2042456
0.62621087,5217.114,0.087491095,10.144063,-2.4362183,0.43716243,0.25944397,5.494777,5.325761
0.62689924,5172.6743,0.17997104,10.159883,-1.7149594,0.62324995,0.21385059,5.802661,5.3712244
0.62208724,5286.1455,1.0200596,10.198972,0.019861007,0.60283947,0.27794427,6.4920087,4.3836994
0.604958,6254.843,0.05577919,10.053426,-2.8863544,-1.0032176,1.4303455,4.1139374,3.6905246
0.60697734,6156.9365,0.09256582,10.016157,-2.3798354,-0.54689413,1.6026103,4.3915777,3.7617352
0.61534977,5895.109,0.11260965,9.99299,-2.1838279,-0.18623054,1.2394464,4.785358,3.571383
0.61381364,5880.996,1.0166477,10.136917,0.016510695,-0.290749,-2.902471,5.154764,3.687498
0.59692985,6192.7686,9.604936,9.938512,2.2622771,1.2459328,-1.2954847,5.5755234,3.5965145
0.61020005,5568.925,8.030405,9.942421,2.083235,2.074523,2.9194999,4.3915553,3.8172262
0.63063335,4704.2915,0.11023789,10.279192,-2.2051146,-0.97636294,-1.9969802,6.763377,3.595085
0.5804198,6676.2905,12.292506,9.716004,2.5089898,0.17529729,1.3968253,4.0942707,3.83686
0.59234226,6212.5303,12.0557995,9.790658,2.4895458,0.51206505,1.6371917,4.0470576,4.223808
0.6294572,5073.4946,0.031473216,10.199949,-3.4586184,-0.16362143,-2.3271666,6.794169,3.447666
0.61402345,5730.7607,1.3760438,10.033152,0.31921256,0.21540712,2.1994207,4.3129387,3.814447
0.626762,5160.657,0.40509006,10.111782,-0.9036459,-0.12644252,1.9256991,3.9732084,3.5657864
0.64353687,4576.7666,0.31041017,10.211787,-1.1698607,-3.0385277,-1.2819636,5.027677,5.483177
0.61214566,6045.2153,0.68768674,10.070771,-0.37442183,-1.0753247,-1.0707976,5.6022725,4.2055407
0.6295471,4893.197,0.033138163,10.229201,-3.4070697,-0.15253861,-0.63839453,6.055546,4.2812853
0.6289959,4807.8936,0.0075054234,10.274844,-4.8921294,-0.3358843,-0.48904195,6.2436495,3.94973
0.5951313,6655.1743,1.9554422,9.938904,0.6706163,0.85678726,0.42564496,4.713707,5.3420167
0.6049591,6212.593,2.3585103,10.036223,0.8580302,1.1129493,0.19325641,5.0435925,5.269702
0.60938394,6258.0186,0.073843606,10.031252,-2.6058059,-0.84778833,-0.09390811,5.2961936,2.8069153
0.6242614,5279.032,0.13497254,10.156785,-2.0026839,0.79523605,-1.1460453,5.156746,5.062483
0.6214168,5715.6377,0.89978504,9.924284,-0.10559939,-1.4144466,0.84402424,5.317541,3.3737464
0.61952186,5339.5903,0.057624873,10.154874,-2.853801,1.4764174,-0.67025924,5.117533,4.532811
0.6222424,5398.613,0.114679866,10.143927,-2.1656108,1.371456,-0.74398935,5.2598042,4.3605204
0.62270266,4978.2056,0.24546786,10.304965,-1.4045893,0.69158304,0.14411354,5.271268,4.113878
0.6235177,5722.6294,0.106038176,10.0429125,-2.243956,0.03532754,-0.043592412,5.7779455,3.4959292
0.62323755,5297.041,0.70334256,10.071896,-0.35191128,0.78443515,-0.04160417,5.0330706,4.5814824
0.6231056,5103.856,2.4648862,10.149594,0.9021457,1.226339,0.26256904,4.637149,4.351186
0.62527096,5356.252,0.16594778,10.129826,-1.7960821,-0.57159925,-0.025811521,6.1569414,3.6245327
0.6099199,6028.721,0.13075246,10.112114,-2.0344493,0.7794153,-0.024262985,4.6709948,3.9052134
0.60239434,6492.606,0.11564417,10.060775,-2.1572373,0.8786247,-0.7235354,5.1465774,4.078871
0.6328797,4673.7144,0.36585855,10.18496,-1.0055084,-0.2926198,0.83838177,4.647752,3.9021611
0.6356507,4729.656,0.32332635,10.200476,-1.129093,-0.29607767,0.8490833,4.7383,3.9513862
0.603117,6251.072,1.6946039,10.037601,0.527449,0.2845699,-1.1297221,4.9108067,4.5127616
0.63634515,4703.4697,0.037352704,10.141391,-3.28735,0.5779037,0.7060982,5.873128,3.302811
0.6145861,5929.5,0.13255234,10.172385,-2.0207777,-0.047053833,-0.7968731,5.086358,5.65921
0.60129845,6651.341,1.8244756,9.976641,0.6012926,0.056268588,0.7674045,5.1768365,2.97616
0.6188431,5537.6216,0.01822772,10.13259,-4.004812,-0.7244941,0.9121899,4.0459957,3.5633557
0.6332911,4663.251,1.5722522,10.214188,0.4525091,1.4680436,0.7369309,6.272319,4.496098
0.6369405,4395.1304,0.088165775,10.247896,-2.4285364,1.2853583,0.67513007,5.3878145,4.4734674
0.61796016,5692.7583,0.9036781,10.109782,-0.101282045,-1.1839423,-0.7924517,5.088166,3.2707338
0.62538546,5335.995,0.5454445,10.157838,-0.60615426,-1.6800394,-1.011479,4.77265,3.4007397
0.6126181,5862.1416,1.0235866,10.138105,0.023312729,1.3579502,-1.3227648,4.7860436,3.9831314
0.60925794,6102.8506,0.08872107,10.093904,-2.422258,-0.5599907,0.6409447,5.399975,3.061678
0.62408805,5298.661,2.1753607,10.114266,0.7771945,-0.48613217,-0.13854602,6.219454,5.087393
0.59817046,6216.942,4.8392577,9.975791,1.5767614,2.0192382,1.464706,4.4543214,3.0017834
0.6268976,4893.852,14.421038,9.940283,2.668688,0.50447583,2.050183,5.146041,3.3391085
0.6303374,5008.4263,16.540598,9.884501,2.8058178,0.88512105,1.2704959,5.3647637,3.3326766
0.6437193,4596.4062,4.555857,10.109617,1.5164137,-0.45146063,0.84249866,4.925261,3.0594866
0.6499014,4246.1084,6.3008204,10.157263,1.8406799,-1.0049422,-0.8123634,4.598822,3.469118
0.64360774,4566.689,0.2648574,10.113697,-1.3285637,-2.279344,0.5185056,5.403947,3.7565186
0.64564997,4323.64,0.33782333,10.202161,-1.0852323,0.15883417,-1.253728,5.641157,4.0683846
0.65520775,3987.3188,0.4070651,10.1853695,-0.8987822,-0.5010026,-1.7004656,5.4304047,3.581271
0.65305865,4034.2747,0.07865702,10.176177,-2.5426583,-0.7598555,-0.6859451,5.185538,3.172008
0.6485167,4378.056,0.018415939,10.128358,-3.9945388,-1.3501058,0.4081704,4.3898993,3.576776
0.6585593,3983.709,0.032678314,10.131944,-3.4210436,-0.9116947,0.97328204,4.3645134,3.9041173
0.6720071,3488.0938,0.06195114,10.088033,-2.7814093,-0.18929556,-0.07819276,4.558792,4.104782
0.67284036,3512.0981,0.052967437,10.098799,-2.938078,-0.19324489,0.022189768,4.5535874,4.175708
0.6313368,4636.8916,2.7323506,10.279258,1.0051622,-0.06653481,-0.8143826,6.018491,4.3359275
0.60716105,6247.145,0.03598663,10.093903,-3.3246078,1.2268368,-1.1179428,4.802462,3.981991
0.602052,6285.273,2.6987567,10.132552,0.9927912,0.9971576,-2.4214096,5.353991,2.8788996
0.59473664,6824.327,0.14046656,10.017395,-1.9627858,2.1351335,-0.04980699,3.8231196,3.3837073
0.61677086,5640.5005,0.22342907,10.170209,-1.4986613,0.7200309,0.09496835,4.2265625,4.3200507
0.6130215,5952.163,0.3528041,10.071837,-1.0418423,-1.0069847,-0.85441303,5.136056,3.1916034
0.5896131,6752.237,5.418129,9.970299,1.6897506,0.8509626,-0.29263178,4.591174,3.4861052
0.58467543,7001.0093,3.8990853,9.9265375,1.360742,1.2194098,-0.3836255,4.389782,3.6137407
0.58810276,7374.6094,0.22146931,10.027337,-1.5074712,-5.2806474e-05,-1.9652762,5.189061,4.564199
0.584431,7403.5664,0.2535607,10.025919,-1.3721521,-0.4571076,-2.0141327,5.005143,5.1402674
0.6195104,5765.339,0.56340045,10.035023,-0.5737646,0.31808615,2.1812863,4.9611273,2.5869682
0.6214799,5425.104,0.43103492,9.997848,-0.8415662,0.0038297253,2.5061998,4.861457,3.0348399
0.61859244,5580.4834,0.19732597,10.133275,-1.6228982,0.8409158,-1.7648048,5.731514,5.3825254
0.6192747,5602.177,0.17312011,10.128663,-1.7537696,0.83016485,-1.7730676,5.6477222,5.345147
0.6211539,4953.8843,0.8857571,10.336075,-0.121312566,2.095551,-0.97726554,5.580909,4.9031086
0.62878877,4896.617,0.054225374,10.220635,-2.9146063,2.4298723,-1.9840894,5.8001914,3.682993
0.64349025,3995.3013,0.014497128,10.301286,-4.2338047,1.6935256,-1.401207,5.6669683,3.5247457
0.59394,6757.074,0.026906492,10.083708,-3.6153877,1.0989804,0.8293318,4.253374,3.7628386
0.60258317,6396.893,0.009117594,10.08591,-4.6975493,1.3040271,0.85572696,4.5688105,3.9330807
0.6324578,4917.037,0.58678824,10.215089,-0.53309125,-0.49493802,0.037086908,5.291423,4.105199
0.5967094,6585.453,1.7033339,9.938301,0.5325874,-0.37145784,0.12044493,5.6603947,3.5248475
0.5920548,6797.5947,5.0991864,9.883277,1.629081,-0.49277243,0.029544367,5.725767,3.4821694
0.6201651,5569.247,0.15602015,10.159771,-1.8577701,0.024513591,0.48873726,4.8582077,4.7629933
0.61143297,5939.56,0.33692244,10.080766,-1.0879025,0.3623466,0.32495615,4.937805,4.1168237
0.60733247,5986.201,2.030586,10.1224985,0.7083244,0.14794192,0.62164336,6.261939,3.782849
0.6104955,6132.9297,0.04850526,10.072992,-3.026083,-0.24315469,0.39266565,4.489375,3.931397
0.62776375,5333.4194,0.09195909,10.161583,-2.3864114,-0.7098818,0.3385287,5.4203434,4.349519
0.6221967,5205.4604,1.3089327,10.153805,0.26921204,0.7623867,-0.3903862,5.372003,3.5141428
0.61804223,5514.025,1.6989914,10.110282,0.5300348,0.443571,-0.63299334,5.1559725,3.6918654
0.613215,5981.714,1.2727318,10.079478,0.24116556,0.60173064,-0.2922863,4.5320635,3.6656494
0.607937,6157.505,0.15317747,10.093124,-1.8761581,0.8108694,-0.24921627,4.5917125,3.6493397
0.6426623,4540.939,0.8852382,10.190571,-0.12189857,-0.5117027,0.12975411,6.257458,3.9010487
0.6277197,5149.3613,0.406434,10.0812,-0.90033376,-0.26957676,1.1202118,5.150566,4.109022
0.6344651,4724.5244,0.091685094,10.239139,-2.3893955,-0.3991032,-0.5164447,5.638437,4.286524
0.6317899,4917.757,0.03018239,10.224763,-3.5004966,0.8610031,-0.39495048,5.4274197,4.374178
0.61805445,5489.616,1.041887,10.143055,0.04103353,0.8590206,1.8025237,5.4556417,3.8161728
0.618247,5603.558,1.0958209,10.1407175,0.09150371,0.7579631,1.8612379,5.5286784,3.8040557
0.6163082,5396.173,3.7189138,10.105111,1.3134316,0.30010664,1.8314905,5.0717893,3.6804671
0.6318881,4911.514,2.642547,10.153527,0.97174317,0.04694255,2.8030248,4.848738,3.9246135
0.64280283,4340.628,0.13142088,10.132849,-2.0293503,1.4097302,1.3279119,4.6386423,4.9801774
0.61006546,6047.97,0.81465346,10.086555,-0.20499249,-1.4645702,-1.3969479,5.564536,2.699608
0.60915196,6024.202,3.6189833,10.085925,1.2861931,-0.7418681,-1.8560436,5.7074146,2.6181421
0.61389315,5883.893,1.1573136,10.084845,0.14610144,0.32720533,-0.7148905,5.274392,2.7826433
0.6096167,6059.7573,0.5694425,10.0918665,-0.5630975,-0.070928834,-1.0358492,5.5795536,3.0773232
0.589712,7023.587,0.32537663,9.999531,-1.1227719,1.06617,0.5742773,5.191615,4.8959436
0.6352052,4478.4175,0.130542,10.279782,-2.0360603,0.46557036,-0.101038426,5.409608,3.16566
0.61957365,5478.9062,2.5734236,10.080816,0.94523716,0.12455422,0.55585676,5.30509,3.3885417
0.6210825,5402.528,2.4717555,10.069576,0.9049286,-0.47022453,0.96376103,5.1171255,4.2663794
0.6272127,5262.7466,1.0256311,10.055278,0.025308158,-1.3993356,2.5754576,6.447902,5.0041037
0.6289764,5299.3916,0.02087576,9.977062,-3.8691666,-0.6343965,1.7180443,4.7459855,4.285004
0.63067335,5279.764,0.011946264,10.000791,-4.4273367,-0.65386075,1.8090672,5.019609,4.0148516
0.6274668,5311.452,0.9289979,10.01505,-0.07364882,-1.0259438,2.2523143,4.856765,3.9749746
0.6162274,5516.7046,0.12939471,10.234407,-2.0448878,1.6311299,-1.9236128,5.8108134,3.7286313
0.6293824,4849.989,1.6974554,10.253389,0.5291303,0.74624753,-0.9751522,5.0864964,3.0899951
0.6217829,5410.794,0.050519787,10.07303,-2.9853902,-0.08835814,1.178251,5.4182386,4.2410984
0.6068371,6032.965,5.3186693,10.071414,1.6712232,-0.7459425,-0.29786426,5.2827578,3.4330995
0.6073031,6066.048,0.015057846,10.117886,-4.195856,0.85583895,-0.32518902,4.936182,3.63074
0.6016017,6260.1055,2.5139298,10.054248,0.92184716,0.8730382,0.72753453,5.4495063,4.1719656
0.6234147,5485.801,0.053713232,10.174009,-2.9240959,0.42427787,-3.0083623,5.209718,4.5581403
0.61939234,5329.0864,0.0075953617,10.210896,-4.8802176,-0.89214927,0.13359073,5.224921,4.257467
0.6115846,5559.1816,0.0099169,10.180966,-4.613515,-0.9297901,0.2972642,5.058255,4.004012
0.6234131,5331.9185,0.08776246,10.092761,-2.4331214,0.3260442,-1.4401703,5.7385144,4.305423
0.619509,5846.32,0.008552877,10.092861,-4.7614875,0.2560987,0.28920498,5.7306805,4.099572
0.6246011,5590.091,0.0012424731,10.148114,-6.6906514,-0.13030355,-0.20829414,5.399906,4.2693934
0.6237773,5516.2363,0.0004536602,10.083651,-7.698162,-0.024274465,-0.42270902,5.10309,4.0726676
0.63135475,4598.667,0.10988482,10.288735,-2.2083225,-0.3816784,1.2929506,6.041913,4.467472
0.6127037,5822.858,0.44857454,10.124139,-0.8016804,0.13417628,0.41452104,6.2672386,4.3042717
0.608042,5968.94,0.09999773,10.15514,-2.3026078,-0.23008765,0.6575738,6.5489206,4.4149384
0.6061935,6052.6406,0.68019485,10.143285,-0.38537595,-0.4381252,0.18129608,6.161118,4.323911
0.6224265,5522.4946,0.3339345,10.101385,-1.0968105,-0.9407933,-0.5351083,5.9487877,4.2843604
0.61813694,5653.89,1.3771656,10.016555,0.3200274,0.33102867,0.9852365,4.709174,3.5342786
0.6219666,5041.5996,7.992767,10.137067,2.078537,2.4912202,2.2008545,5.788924,4.0685973
0.6454341,4307.447,0.028239615,10.199162,-3.5670295,-0.5254918,-0.9140942,4.8730364,3.3062196
0.6420817,4386.054,0.10268251,10.186389,-2.2761135,-0.6112857,-0.79605496,5.033828,3.186633
0.63548064,4884.952,0.8675583,10.155501,-0.14207256,-0.03477879,0.49278775,4.7900686,4.8357263
0.6328681,5128.726,0.48246795,10.093669,-0.72884077,-0.19230273,0.16662529,5.5909386,4.5977454
0.6282763,5103.747,1.0608119,10.217052,0.059034545,-1.6145487,-0.17309849,4.548658,4.574088
0.6068032,6393.077,0.15235758,10.023259,-1.881525,0.04198326,-0.9835371,5.53555,3.440042
0.63311505,4734.856,0.55251,10.26298,-0.5932837,-1.1652089,0.026252931,5.0273075,3.1989312
0.6443174,4546.682,1.8239541,10.084103,0.60100675,-0.023537122,-0.040123355,4.980794,3.8250701
0.6500457,4359.1567,0.8349866,10.141329,-0.18033957,-0.0706885,0.17945442,4.964219,3.8678176
0.63996625,4636.121,0.019678116,10.115584,-3.9282482,-0.17766342,1.364596,5.153068,3.5708957
0.6385678,4659.048,0.0016906805,10.174317,-6.382624,0.3674935,0.7546613,4.5807385,2.9797685
0.57945424,6738.3345,16.186026,9.877083,2.7841482,0.41500622,-1.7507473,5.322494,4.104157
0.61286306,5949.4688,0.13495019,10.05324,-2.0028496,-1.9174647,1.4076291,5.9556627,3.0930285
0.6060151,6427.6187,0.05029649,10.0038185,-2.98982,-0.31758636,0.9857909,4.8379993,2.596342
0.62089,5594.468,0.0832181,10.115775,-2.4862905,-0.8859382,1.2114402,4.1200147,2.3637674
0.6152227,5841.788,0.12231439,10.079946,-2.1011605,0.049357273,1.1042587,4.60845,2.7513971
0.6209185,5489.456,0.084450215,10.142286,-2.4715931,0.50252265,1.064214,4.6941357,2.734284
0.61585534,5706.0244,1.4328539,10.172367,0.3596682,1.3061897,-1.2698936,5.642259,5.165221
0.6173599,5691.084,0.09942791,10.171575,-2.3083224,-1.1354887,-2.1560793,4.9702477,3.7450383
0.6233852,5268.216,0.59647274,10.220024,-0.5167217,-0.2469677,-2.83067,4.9296136,3.8993561
0.6304099,5000.4307,0.13223228,10.219636,-2.0231953,-0.4263995,-0.79459774,4.415065,4.2243605
0.6205698,5372.8794,1.4790502,10.153806,0.39140007,0.38810924,-0.5360015,5.1784196,3.595628
0.61593604,5666.698,0.17076588,10.198433,-1.7674618,-0.02577452,-0.5747617,5.007492,4.425954
0.63774294,4699.075,0.16100127,10.187141,-1.826343,0.70354426,0.48456633,4.7462277,3.615582
0.61856675,5684.6416,0.18782714,10.156666,-1.6722332,-1.8140862,-0.09939066,5.409467,4.167892
0.6176785,5528.1147,0.16426334,10.172022,-1.8062844,-1.8591361,0.09635289,5.460825,4.253658
0.6176629,5891.4614,0.05605673,10.033937,-2.881391,-0.9753584,-0.626116,5.927678,3.0704455
0.6128615,6173.772,0.04083602,10.061811,-3.1981907,-0.13406876,-0.8020837,5.9936295,2.9908147
0.58892304,7123.5103,1.627886,9.980376,0.4872823,1.0830922,0.022245161,4.835136,3.7460442
0.6044166,6174.1226,2.2358766,10.031274,0.8046334,-0.20468716,1.1758329,6.3761964,3.9238386
0.6346572,4660.132,0.02315401,10.196878,-3.7655873,0.8389476,0.84598744,5.0616145,3.2910395
0.6406966,4687.7524,0.016373914,10.131637,-4.112066,0.74620706,0.599914,5.4250593,3.3387344
0.635548,4831.5264,0.05756768,10.102292,-2.854794,1.5588223,0.7498867,5.676038,3.5508893
0.6406026,4751.276,0.054908324,10.105993,-2.9020903,1.6727293,0.8278419,5.76363,3.6206157
0.6341568,4809.1216,0.11978841,10.200342,-2.1220284,0.981226,0.6122698,5.765303,3.7368166
0.61084676,5632.102,0.2690793,10.197868,-1.3127491,1.1387081,1.0028459,6.13906,3.5011837
0.61302006,5542.406,0.33467498,10.201006,-1.0945954,0.8124097,0.9085712,6.3757677,3.585785
0.5910402,5973.628,22.928911,9.639676,3.1323986,0.5363264,0.9936069,4.2532234,3.516689
0.5908621,6647.8164,7.0200896,9.858795,1.948776,0.026408833,-0.8792906,5.150965,2.9520984
0.628189,5032.3325,0.43651015,10.20785,-0.82894367,-0.9323561,0.20140249,4.4762597,3.69692
0.63027525,4934.452,0.31240472,10.242329,-1.1634557,-0.3477741,-1.6976779,5.1712832,4.241014
0.6297871,5403.129,0.10967928,10.111511,-2.2101948,-1.6983299,-2.2038615,5.684371,3.2465062
0.603872,6152.328,0.5100318,10.0658045,-0.6732822,1.9775885,1.8654954,4.81953,4.1744723
0.5978835,6834.9087,0.032048274,9.910145,-3.440512,-0.8298461,-0.6032828,5.2369766,4.3657236
0.61087555,5843.7544,0.3765814,10.140972,-0.97662103,-0.54037875,0.035196535,5.059098,3.3089876
0.6082461,6022.0347,0.15906078,10.151667,-1.8384689,1.7360551,0.20287572,5.2821856,3.4320493
0.6447805,4404.9673,0.001662964,10.217486,-6.3991537,0.065603636,-1.4190223,6.04478,4.0501904
0.61002904,5940.0957,0.1371181,10.190533,-1.9869127,1.0286808,-1.0901737,5.528899,3.1074896
0.6165056,5543.3823,0.2735142,10.20323,-1.2964017,1.2569549,-0.90711343,6.1700315,3.7103732
0.63022596,4995.4053,0.6230345,10.219313,-0.4731534,2.5361192,-1.1725279,5.2740974,3.5896358
0.622435,4951.4707,0.61826634,10.269598,-0.48083597,2.4294567,-0.7483581,6.049745,3.705906
0.6123738,5939.555,0.17991456,10.072446,-1.7152731,-0.5360036,-0.21376379,4.416588,4.495281
0.58481807,7263.671,0.6171781,9.982131,-0.4825977,1.443565,-0.03047727,5.0464,5.025257
0.6183537,5737.8447,0.053471357,10.063932,-2.9286091,-1.2038037,0.41560018,5.286233,3.164803
0.6171771,5913.2803,0.040514126,10.0346155,-3.2061045,-2.0868256,0.4114352,5.117326,3.068397
0.6105427,6271.3643,0.41044635,9.964288,-0.89051,-1.7264365,0.012197158,4.90693,3.344335
0.6248221,5338.936,1.4267404,10.133851,0.35539243,-1.0009001,0.7043952,5.0564666,2.9356794
0.6262757,5117.3486,0.1157318,10.146861,-2.1564798,0.810073,1.9366502,5.054141,3.4911082
0.62688035,5061.7905,0.219048,10.177902,-1.5184644,0.3664022,0.25721562,4.4399257,2.9994416
0.6138235,5988.4062,0.14552422,9.971474,-1.9274127,-0.50762236,0.3832411,5.7735667,3.917797
0.592645,6813.785,0.15651664,10.053529,-1.8545929,0.4729869,1.3871274,5.299331,3.6256838
0.60288334,6129.6323,7.399724,9.889322,2.0014427,0.46616945,1.5858114,5.1878576,3.966471
0.6175399,5347.0283,12.647238,9.8563795,2.5374389,-1.6199608,0.25116327,5.1787214,3.1432025
0.63192207,4963.5757,10.538181,9.76799,2.355005,-1.163041,1.3988758,5.9543,4.189854
0.6245559,4882.54,21.505093,9.7122135,3.0682898,-1.0840775,1.3696628,6.081977,4.252868
0.6352488,4846.6855,5.9909396,9.5988245,1.7902483,-1.4216623,1.3082929,4.663945,4.1889853
0.5822654,6607.029,18.841213,9.692352,2.9360466,1.0371596,-0.5734702,5.578679,4.4597263
0.61260533,5773.529,3.7315657,9.661905,1.3168279,1.0932155,0.55271727,4.55523,4.6286426
0.60768324,5497.8877,20.24671,9.597748,3.0079923,0.6559406,0.24873005,4.850188,4.8280153
0.6029781,5568.921,14.104524,9.332014,2.6464956,-0.086478226,1.1452844,5.450802,3.235851
0.6253431,5262.063,5.105527,9.570096,1.6303236,-1.6710087,2.2027056,5.420767,3.7253275
0.6145336,5142.894,13.445503,9.108098,2.5986447,-0.24326666,-0.72082514,5.25378,4.3780327
0.62302876,4999.3813,5.7420025,9.205512,1.747808,-0.051725868,0.21946162,6.0261335,4.2113276
0.6243838,5075.773,9.164051,9.221313,2.2152884,-0.5411683,-0.14532036,4.8914037,4.0261965
0.6635909,3848.5964,7.352913,9.61698,1.9950966,0.8072792,0.5656579,4.9121876,3.7954652
0.5625673,7521.457,19.672901,9.638793,2.979242,-1.5071104,0.22668234,5.3125024,4.1940413
0.5663221,7014.307,22.179598,9.596316,3.0991728,-0.15332292,0.26736528,4.805154,4.729049
0.6106242,5944.057,1.5914447,10.150293,0.46464226,-0.002607983,-1.3293093,6.2688346,3.7693233
0.5848888,7226.807,0.10058804,9.9697695,-2.296722,1.2549754,0.8733328,4.905155,3.3692305
0.63791144,4384.468,5.5570836,10.243097,1.7150735,1.4935607,0.227739,5.160868,5.390656
0.60833466,6049.6846,0.087226644,10.118921,-2.4392455,-1.8097278,0.34610724,5.347984,3.2385323
0.5992193,5635.248,25.747395,9.70552,3.2483335,1.4071307,-0.58285254,4.9646873,4.68726
0.6007676,5797.003,16.731056,9.77513,2.8172667,0.37986505,0.31478634,5.652541,3.4034553
0.5961708,5979.89,16.559332,9.599401,2.8069499,-1.5807405,-0.38469848,5.056545,4.2744465
0.64379656,4485.1377,7.831571,10.107697,2.0581632,1.292743,1.0023452,5.3655987,3.771777
0.6085217,6233.571,1.7769746,10.005511,0.57491225,-1.6400051,-0.48647243,4.5266657,4.0067196
0.6169378,5773.102,0.046064258,10.10555,-3.077718,1.6316562,2.049452,5.615595,3.8781028
0.62612104,5449.169,0.74849,10.12721,-0.28969747,-1.3174034,0.009088563,5.940125,4.004216
0.62911344,4953.509,0.30402786,10.13985,-1.1906359,-0.26895425,1.7452363,5.828827,4.089702
0.6187803,5475.7485,0.44936898,10.187032,-0.79991096,-0.23169075,-1.559128,4.9147468,4.3310204
0.6089108,5882.086,0.32045925,10.162717,-1.1380001,-0.30881554,-0.909405,4.8764706,4.3671484
0.6127277,5839.038,0.16480254,10.171819,-1.8030072,-0.5213363,-0.39673954,4.714033,4.292245
0.6168455,5527.674,0.64564186,10.109894,-0.4375103,0.51874775,0.4896671,6.2235756,4.070209
0.60457206,6193.784,1.0819917,10.028527,0.0788035,-0.551277,0.66574055,4.576001,3.6396947
0.603075,6066.7163,7.5509434,9.947989,2.0216725,0.88493866,-0.10327074,5.308876,3.3999102
0.6283127,5056.8696,0.0045369137,10.211109,-5.3955083,0.65294147,0.11336432,5.9693623,4.2776866
0.612766,5686.9463,8.851119,9.95033,2.180544,-0.7125962,-0.001884725,4.552181,3.5961213
0.60186714,6460.6567,0.0077954717,10.023517,-4.8542123,0.82249784,-0.5719552,6.042833,3.9296625
0.59185344,6828.1147,0.8464569,10.070996,-0.16669604,0.0981856,0.3944406,5.2208633,3.7967296
0.62019914,5688.163,0.04826384,10.083332,-3.0310726,0.014971206,-1.402524,4.9862413,3.6697896
0.6302056,5187.8735,1.1929487,9.967209,0.17642818,-0.39286575,1.1158738,5.6408653,4.2716656
0.614522,5789.801,0.43790174,9.930791,-0.8257607,-0.5975067,1.9322543,4.8485594,5.0099716
0.61578256,5886.144,0.47632968,9.948482,-0.74164504,-0.23966698,1.8646754,4.8459826,5.120898
0.6142585,5838.468,0.21962233,9.941819,-1.5158459,-0.7756809,1.6831762,5.0939665,5.152985
0.58676684,6566.611,10.607485,9.852394,2.3615599,0.35030407,-1.1453418,5.58681,3.3415527
0.5851556,6740.3296,8.045775,9.769119,2.0851471,0.83329016,-0.74358594,6.089712,3.2002373
0.63468826,4874.9165,18.279612,9.960161,2.9057863,-1.2616442,1.0828705,4.5100145,4.6858716
0.58997065,6096.7627,22.286434,9.67653,3.1039782,0.9127806,-0.19168228,6.259015,3.0426154
0.5919172,6367.155,12.150352,9.690241,2.497358,0.029301455,0.5998506,6.091255,3.3319945
0.6275142,5119.8022,0.18287984,10.153027,-1.698926,-1.2819775,0.577392,3.8769417,3.4256127
0.6328176,4823.2383,0.31380874,10.173583,-1.1589715,-0.7855924,0.3329688,5.3392634,3.852574
0.6311383,4913.7534,0.9564139,10.164966,-0.04456451,-0.81257,0.67805576,5.4307775,3.9267688
0.6209071,5323.7017,1.343896,10.099033,0.2955729,-0.8314715,0.5143443,5.379751,3.608247
0.62888825,4901.766,0.81448036,10.203189,-0.20520498,1.2361242,0.5399862,4.528765,3.2268667
0.60653585,6108.894,1.9798009,10.05345,0.68299633,0.13781132,-0.103468485,4.148172,3.4801536
0.6229078,5252.296,0.33316004,10.201012,-1.0991323,0.6340614,-0.62742895,5.8020754,3.111843
0.61677,5545.7837,1.752548,10.183271,0.56107074,0.24535526,-1.2565174,5.8728075,3.491783
0.60773516,5984.423,0.89277154,10.158155,-0.11342455,-0.011025827,-2.1742792,5.6136236,3.6934266
0.6147011,5446.1006,3.8597035,10.253733,1.3505903,0.06627967,-2.243002,5.830943,3.5445156
0.61978215,5466.653,0.015584558,10.152484,-4.1614747,1.117032,0.62604254,5.3105564,5.0081315
0.62358296,4929.5835,2.4737394,10.253119,0.9057309,1.8250698,1.2127697,5.200905,4.061128
0.64631516,4498.2856,16.43509,10.000849,2.7994187,0.029131135,-1.9429624,6.13453,2.8133764
0.6507137,4433.703,9.573632,10.012397,2.2590127,0.1873102,-2.1516402,6.0005693,2.8886714
0.63430566,4683.3555,1.4906414,10.241786,0.3992065,-0.2870078,-0.41114816,5.4521127,3.3271217
0.60793,6193.841,0.052965518,10.061495,-2.9381142,0.55027276,-1.0513986,5.211522,3.2950487
0.61582357,5625.9736,0.16396983,10.214327,-1.8080728,0.5813478,-0.2399321,5.5440063,3.2519238
0.6119188,5634.1816,0.17751071,10.179726,-1.7287244,0.49944034,-0.3844086,5.6009216,3.1729887
0.6236744,5131.0547,0.057675987,10.209197,-2.8529143,2.8525364,0.8160539,5.612198,3.2906044
0.63900626,4459.4062,0.27268118,10.206735,-1.2994521,1.0276033,0.78243446,5.773607,4.10236
0.6444627,4362.552,0.05954805,10.163041,-2.8209717,1.0596082,-0.8161336,5.4310336,4.9328637
0.6599618,3751.0125,0.14816172,10.205728,-1.9094509,0.27459124,-1.4598745,5.527002,4.1576667
0.6545627,4046.9531,0.106654964,10.17013,-2.2381563,0.28533888,-1.1383876,5.663029,4.279845
0.61230415,5733.33,2.6056426,10.117422,0.95767933,-1.1740178,-0.463434,5.0339518,3.1469703
0.63988125,4548.4375,0.21571699,10.198425,-1.533788,0.05269568,0.09865441,4.873701,3.6053603
0.6237984,5026.3516,11.669352,9.604329,2.456966,-0.7395037,0.21661422,6.7348576,4.1260605
0.60182345,5649.7993,26.077053,9.416218,3.2610557,-1.2507477,-0.5483506,4.1123285,3.838944
0.6006776,5818.628,21.233236,9.440789,3.0555677,-0.040045444,-1.5366385,4.223403,3.1342177
0.6063453,5608.956,18.593544,9.439494,2.9228144,-0.40597805,-1.505371,3.860243,3.1559045
0.626131,4958.6836,9.432343,9.604873,2.2441444,-0.038085036,1.1150682,4.0613403,3.3021524
0.6300845,4640.743,35.406006,9.60552,3.5668814,-0.45450094,0.36694983,4.342197,3.2696326
0.6391663,4762.6533,6.8105316,9.693817,1.9184701,-0.45916444,0.7244938,4.8984632,3.274034
0.6269855,4800.0215,31.664959,9.589711,3.4552107,-0.67945164,1.1610935,5.2069693,3.1519659
0.62515336,5175.9136,12.2500515,9.897253,2.50553,-0.7914759,-0.5990693,4.848481,3.6060536
0.62734246,5068.1235,0.0039706226,10.204933,-5.5288324,0.77415204,0.44386315,5.760464,3.991824
0.6216681,5517.0728,1.744271,10.17207,0.5563367,-0.5151003,-1.8155707,5.403409,4.4552917
0.6430647,4537.974,0.031048177,10.211728,-3.4722152,-2.3103182,-1.1194348,5.072206,4.1389713
0.6285168,5369.4243,0.06962678,10.086046,-2.664606,-1.6924354,-1.3422728,5.3904214,4.258337
0.62683165,5274.8804,0.035376925,10.164329,-3.3416955,-1.4923186,-0.840423,5.3435383,3.9860425
0.61800957,5800.146,0.12087385,10.129579,-2.1130078,-2.1379106,-0.91971123,5.388605,3.805885
0.62503594,5206.6006,2.3083816,10.12893,0.83654666,-1.1125584,-0.63416076,4.9721804,3.2769117
0.62900746,5092.669,5.5512757,10.088915,1.7140278,-1.3059347,-0.915139,5.5766,3.9161055
0.61713463,5883.307,0.6845176,10.06686,-0.37904084,-0.5506312,-1.2063074,5.486335,3.7004962
0.61464924,5716.633,2.3294852,10.11736,0.84564734,-0.58401674,0.0999007,5.058758,3.082
0.62158334,5513.414,0.3205877,10.139993,-1.1375995,-0.17325386,0.1832339,5.501443,3.3927028
0.6082709,6014.912,0.11127213,10.091963,-2.1957765,0.24928021,0.16468939,5.049543,3.307908
0.63828045,4430.5674,0.003289237,10.2506275,-5.7170997,1.2712346,0.789516,4.5016384,4.154433
0.6473066,4266.788,0.006950954,10.16796,-4.9688764,0.44038665,1.1588469,5.0928817,3.9293547
0.64435714,4459.9204,0.010287992,10.155502,-4.576778,-0.12868749,1.0504153,4.430055,4.4872994
0.5975075,6703.35,1.9070716,9.950518,0.64556885,0.00406496,-1.6669619,6.2470403,3.0346868
0.609287,5786.2295,4.0380144,10.072841,1.3957531,-0.37113845,0.6830124,5.6941237,3.0169287
0.61567783,5645.819,2.596152,10.0566025,0.9540304,-0.16489124,0.103263356,5.6446342,3.1713626
0.63238096,4834.818,10.026861,9.938818,2.3052676,-0.37246525,1.0939231,4.850687,4.63686
0.6211661,5305.755,5.553009,9.808567,1.71434,-0.55079615,0.6400253,5.9581327,5.469759
0.5965179,5851.4463,32.191204,9.665256,3.4716933,-0.045210462,-0.0031055103,4.872593,5.5288205
0.6183926,5120.019,17.819067,9.452852,2.880269,0.16239215,1.256816,6.2459188,3.2930338
0.61704266,5366.7617,6.318154,9.459128,1.8434271,-0.029436454,1.2068967,6.378525,3.2879655
0.6210072,4882.464,21.469963,9.487735,3.066655,-0.22188425,0.8885739,5.1436644,3.507182
0.5918814,6091.0747,18.00094,9.826772,2.890424,-0.7481538,-0.5154252,5.435217,4.4076324
0.6064226,5613.691,16.700068,9.651894,2.8154128,0.6184942,1.1043434,5.009248,3.7930417
0.61077386,5418.247,21.302486,9.7268715,3.0588238,-0.46250436,0.53244483,4.951425,3.3907523
0.63109934,4862.967,0.0077867336,10.212117,-4.855334,0.15604477,-1.0358104,5.188566,3.6811845
0.6141455,5892.608,0.6492262,10.0619335,-0.4319741,0.87229025,1.8464702,4.772762,3.8713107
0.59364355,6424.11,4.6096716,10.014798,1.5281566,1.8352858,2.5246127,5.0165806,4.235842
0.6012012,6302.5737,1.6664826,10.046181,0.5107152,1.8944513,2.7806587,4.7501884,3.956411
0.5989026,6554.397,0.53652567,10.000481,-0.6226409,1.5065594,2.3270037,4.9660754,4.172292
0.6177564,5619.251,0.3286373,10.148639,-1.1128006,-1.4426758,-2.3227813,5.4378047,3.5343664
0.6104999,6062.8315,0.92162216,10.169885,-0.081619926,-1.3911834,-2.3150363,6.0656075,3.7963462
0.62785697,4980.0474,0.7919332,10.174852,-0.23327821,2.451406,-0.098907225,5.295221,3.4711087
0.61274236,6089.3545,0.15986685,10.090938,-1.833414,-0.05438349,-0.6797423,5.2943125,4.1784954
0.6377528,4879.574,0.08843596,10.1785345,-2.4254766,-0.24579722,-0.9770589,4.8508525,4.1674995
0.62216115,5156.28,0.049458887,10.259789,-3.0066135,0.19701487,-1.2816557,6.1749296,3.1038735
0.587854,7096.6367,1.931766,9.957827,0.6584346,0.9729949,0.17301041,4.263905,3.5738523
0.5865096,7138.0303,1.9631822,9.965083,0.67456675,0.543199,0.16665922,3.7045302,3.430808
0.5828254,7337.8374,1.3790386,9.93833,0.32138655,0.6898461,0.045944467,3.8509316,3.2839398
0.64408386,4502.6807,6.008802,10.128896,1.7932254,-0.65871984,0.55729014,5.508704,4.527473
0.6258046,5127.9546,0.11911703,10.199428,-2.1276488,0.3361295,1.5183969,4.527198,3.3990884
0.6247922,5220.4116,0.016316824,10.102495,-4.1155586,0.41739193,1.7386138,4.9174395,3.4698844
0.60507727,6340.8076,0.008161996,10.033213,-4.8082666,-0.76938367,2.3356097,5.140162,3.8014836
0.65216935,4242.154,9.44887,10.129554,2.2458951,0.55249095,-1.1198454,6.0777802,3.2429879
0.5790259,7645.47,0.005047512,9.931621,-5.28886,1.5916488,0.5475648,5.08184,4.4746904
0.5786738,7695.954,0.023233594,9.923718,-3.762156,1.3625534,0.38420668,4.6858087,4.5387697
0.59116614,6732.1655,3.8744671,10.023947,1.3544081,0.8938987,0.24844453,5.121607,4.040425
0.6019911,6596.462,0.037128523,9.962103,-3.2933698,-1.3615067,0.8568439,5.8918467,2.7394729
0.61099166,5936.4507,0.11642087,10.112283,-2.1505435,0.69868827,0.88107836,5.7524843,2.9077022
0.6330303,4768.0938,0.096580535,10.23864,-2.337378,-0.69759285,-1.2485425,6.4645557,3.536954
0.60655534,5959.521,0.3861485,10.141953,-0.9515332,-0.030103298,0.8787361,4.1154013,4.0761003
0.6501498,4070.0208,0.013727464,10.223884,-4.288357,0.8315589,1.1156603,6.2806897,3.3484955
0.6082351,5828.436,1.0357083,10.139983,0.035085592,1.3695222,0.6949673,4.789426,4.188259
0.6104144,5851.1753,0.41743174,10.134502,-0.8736342,2.0005856,0.17987968,4.7830305,4.083145
0.6297953,5095.511,0.15252383,10.221392,-1.8804344,-0.19693892,-1.0542372,5.0033245,3.9769459
0.65044725,4233.163,0.40605828,10.173693,-0.9012586,-0.90164423,0.06351309,4.3015304,3.868883
0.63763124,4814.9336,0.7638378,10.124694,-0.26939982,-1.1985705,0.41826093,5.0922103,3.5226693
0.6388812,4680.9365,3.1257806,10.10822,1.1396841,-1.4004567,0.44577405,4.9290915,3.5278618
0.6347072,5052.842,0.015958525,10.0826435,-4.137762,-2.8135564,1.2423602,5.882003,4.434691
0.63455945,5047.9375,0.0144041395,10.050429,-4.2402396,-3.106026,1.4112058,5.9802046,4.386771
0.6245541,5252.779,0.00450651,10.154252,-5.402232,-2.85502,1.040843,5.2527695,4.7550755
0.6148577,6003.0654,1.1272352,9.910617,0.119767934,-0.56713,0.088418484,5.6834536,2.9297323
0.62005264,5699.9873,2.2647514,9.975465,0.817465,-0.33220214,-0.027300758,6.4357576,3.0231209
0.6005234,6096.9355,10.221113,9.974117,2.3244555,-0.23233156,-0.63674796,7.713256,3.0893266
0.6041707,6410.9,2.7014446,9.984169,0.9937867,-0.21280937,-0.39498204,7.2291803,3.2462907
0.6185929,5518.153,6.7165036,10.103098,1.9045677,1.5573603,-0.6585964,5.2632256,4.0523796
0.61442214,5421.9414,14.052362,9.949094,2.6427906,0.453503,-0.0028148459,5.621886,3.360216
0.63391614,4772.1685,0.20952147,10.200901,-1.562929,0.1870507,-0.33935666,4.506518,3.585424
0.6367693,4938.907,0.13155057,10.145099,-2.028364,0.11617339,-0.77763593,4.47599,3.3013313
0.6494712,3968.9531,0.11754537,10.231245,-2.140931,-0.58238417,-0.07894414,6.563448,3.7760193
0.59535944,6357.97,6.373921,10.031711,1.8522148,1.9885726,1.3104534,4.964329,4.453619
0.618045,5573.1143,0.0025424187,10.171992,-5.9746394,0.23244391,-1.0539763,5.972556,3.548768
0.57689154,7541.7607,2.4834304,9.973561,0.90964085,2.146293,0.3136712,4.4986777,3.7913578
0.60915935,6111.657,0.20239642,10.069514,-1.597527,-0.10475785,0.80530965,5.718732,3.932903
0.5994943,6448.462,2.0257914,10.027034,0.70596045,1.492774,-0.17811961,5.88978,2.9260259
0.64813596,4235.9326,0.013421865,10.17882,-4.31087,-0.5860363,-0.43438673,4.861732,4.3187814
0.6304692,4830.089,2.1789265,10.213403,0.77883226,-0.3866635,-0.79299027,5.4620047,4.0061436
0.66547924,3816.7808,0.3777993,10.092977,-0.9733922,-0.49892733,0.09832959,5.0077996,3.8432083
0.658775,4047.7883,0.5982086,9.997171,-0.51381576,-1.2512558,1.7402936,4.718855,3.7879918
0.65554214,4013.6987,0.37563032,10.141184,-0.9791498,-1.8382459,0.7870758,4.15556,4.041065
0.63604057,4819.8643,1.484262,10.098979,0.39491767,-1.0702443,1.0269711,4.342454,5.125605
0.6098208,5826.792,4.6797156,10.06769,1.5432373,0.55280674,-1.147322,6.507353,2.8582835
0.61370045,5803.064,0.09655747,10.100468,-2.337617,-0.5454388,1.275928,5.459225,4.6856914
0.6148939,5806.837,0.0882572,10.121488,-2.4275,0.22461297,0.009797368,6.5819454,4.0410576
0.61251646,5772.655,0.104418725,10.144136,-2.2593462,-0.1623659,0.13993761,6.9800625,3.944516
0.63833314,4590.9307,1.2072992,10.224229,0.18838578,0.31334877,-1.1816789,4.379803,3.2740757
0.60892785,5911.295,0.2989114,10.1104,-1.2076081,0.63791907,1.3437673,5.715081,4.194601
0.61655915,5639.816,1.8659192,10.155021,0.62375385,-0.1237984,-1.804523,6.3183136,3.965497
0.63871694,4575.966,4.195898,10.191441,1.4341074,1.1862657,-0.43057266,4.8688087,4.471523
0.612507,5695.289,0.026003387,10.191624,-3.6495285,0.67163754,-0.14413875,4.8301506,3.9756408
0.6121567,5823.823,0.28160694,10.178869,-1.267243,0.8850968,-0.6919696,4.525234,3.7441933
0.650701,4138.7,0.3889473,10.160384,-0.94431144,-0.2101088,0.53987044,5.9339285,4.286994
0.65218925,4328.116,0.30925864,10.115189,-1.1735773,0.10536053,0.2368564,6.3778877,4.2698565
0.61331934,5952.038,0.2796595,10.164131,-1.2741824,0.4419981,-0.32871976,4.4384193,4.989968
0.60900164,6420.715,0.17614852,10.046655,-1.7364278,-0.6661992,-1.7489102,5.584264,3.8631089
0.6081497,6402.435,0.13094804,10.087851,-2.0329547,-1.0168253,-1.8472588,5.248249,3.7234683
0.6100566,5816.252,0.10347459,10.138498,-2.2684293,-0.8070215,-0.32662198,5.157105,4.0804253
0.63066226,4896.767,0.058845554,10.231998,-2.832839,1.1275866,-1.3690813,4.8713875,5.95639
0.6348977,4638.996,0.18615553,10.278618,-1.6811727,0.72974575,-1.0020843,5.5008116,5.0655403
0.60584474,6089.6973,0.5077232,10.087835,-0.6778189,1.329293,-0.13564247,5.741847,3.546144
0.5998149,6628.5664,0.023128575,10.059466,-3.7666864,-0.6044672,-1.8640835,5.670061,3.0329642
0.5903658,7281.685,0.016864445,10.043929,-4.0825477,-1.2508383,-2.2575529,5.86543,3.3201485
0.64849067,4456.3086,5.8751698,10.150355,1.7707349,-1.6389582,0.5091836,5.5783515,4.642285
0.66040885,4044.1921,3.4064825,9.853881,1.2256802,-1.0501693,1.8362682,5.503858,4.7484007
0.6321199,5076.2354,10.380956,9.904333,2.339973,-1.50649,-1.2354591,5.6551905,3.1822124
0.6063171,5651.1377,6.5444317,9.145874,1.8786145,0.13505062,1.8557304,5.030712,4.4891286
0.6144515,5446.9478,7.354067,9.507627,1.9952534,0.29386845,1.9530694,4.8841553,3.5791676
0.6011816,5744.1045,15.875657,9.391665,2.764787,0.12824556,1.1910298,4.8156333,3.8236341
0.61515504,5114.97,31.197237,9.501267,3.4403296,0.9422726,-0.50708026,4.6760044,4.0984974
0.6078606,5735.874,5.1631813,9.383422,1.6415529,0.42657253,-0.04732301,5.6644773,4.7310715
0.6184883,5137.822,13.04254,9.672607,2.5682163,-1.2010586,0.36682957,5.618862,3.2254295
0.6099571,5806.38,1.9479411,10.086841,0.66677296,0.2704932,0.37374085,4.8889685,4.778556
0.6062012,6455.9717,0.05871218,10.043567,-2.835108,0.9349529,-0.34376743,4.969865,4.8890915
0.5957018,6712.5522,0.22933355,9.956215,-1.4725778,1.9348274,-0.44768927,5.1252975,4.554773
0.63013333,4933.29,0.025225174,10.207488,-3.6799128,-0.6124079,1.0331726,5.6366363,4.7320747
0.6246959,5229.298,0.06909454,10.12536,-2.6722796,-0.84130824,2.7561548,5.540551,3.977694
0.6175303,5636.528,2.7335777,10.017219,1.0056113,-1.4999112,1.7237023,4.663172,3.9043043
0.6165909,5763.6895,2.0681162,10.032056,0.7266381,-1.4440978,1.9241616,4.628606,3.8384895
0.60902387,6000.2275,2.831655,9.93485,1.0408614,-1.3348311,2.2739563,4.506568,4.001991
0.6171548,5641.503,5.026516,9.937569,1.6147271,-1.7148091,1.2126945,4.427204,4.2342796
0.6187875,5514.474,3.1924622,10.012445,1.1607925,-1.9185302,1.0544584,4.190528,4.440059
0.6142725,5730.07,0.029269606,10.174583,-3.5312057,2.2009118,0.7591419,6.3618274,3.074129
0.6319278,5099.779,0.34107083,10.16716,-1.0756651,-1.4144104,-0.10703573,5.3144007,3.494777
0.62711304,5221.769,0.34623563,10.143042,-1.0606357,-1.1871598,-0.18805748,5.4518642,3.509318
0.62830824,4958.175,0.16491434,10.207807,-1.8023291,1.3256625,-0.12697141,4.5591745,3.9423854
0.6157149,5598.942,0.12856747,10.166984,-2.0513015,0.88635397,0.4943888,5.237588,3.7396388
0.61127716,5981.364,0.06954397,10.0131855,-2.665796,-1.3254038,1.3856167,4.1609216,4.399126
0.60708654,6300.175,0.036148507,10.069448,-3.3201196,-0.55410373,0.4306008,5.6010675,4.5920506
0.58963734,7067.782,0.56583977,10.060135,-0.5694443,1.0862757,-0.5944759,4.9132357,3.8051624
0.589081,7001.534,1.0944437,9.995813,0.09024618,1.1708933,-0.37064534,5.117978,3.828356
0.5821356,7308.1016,0.3679729,10.022726,-0.9997459,0.41259116,-0.015423639,4.868018,3.8660111
0.59879816,6661.2705,1.9492763,10.039705,0.6674582,0.94356716,-0.9321769,4.9120035,4.0836353
0.6142434,5876.738,0.11791023,10.123478,-2.1378317,-0.877633,0.8117569,6.300035,3.9053102
0.5966178,6952.6787,0.07678833,9.876177,-2.5667026,-2.423512,0.26373202,4.876913,4.021039
0.615381,5673.322,1.8523699,10.138814,0.61646587,0.14897709,-0.5138059,5.495167,2.9789977
0.58817214,7174.2275,0.06758087,9.9473295,-2.6944304,0.37317672,1.1059563,4.643047,2.7234075
0.5948228,6878.5186,0.025961146,10.015145,-3.6511543,-0.2977369,-0.57405037,5.0369616,3.6495485
0.5985858,6426.015,1.5419157,10.106665,0.4330256,1.0632778,-0.25857717,6.1001143,3.4337072
0.60865897,6302.171,0.30942333,9.966172,-1.1730449,-1.5245874,-0.033294473,5.775223,3.9311056
0.61325586,5788.263,0.29126534,10.171116,-1.2335206,-1.0773922,-0.7297408,5.656372,4.130619
0.6053848,6205.548,3.1351647,9.952998,1.1426817,-0.22604144,-0.03293277,5.6438427,4.105983
0.60498375,6076.6274,0.7874745,10.0288105,-0.23892428,0.12226976,1.184112,5.7875013,3.4209514
0.6140305,5526.137,0.019789055,10.1492405,-3.9226263,0.21230298,0.98271734,5.381031,3.0474024
0.6300489,4892.2915,1.8369777,10.188402,0.6081217,-0.72604215,-1.161461,5.7301884,3.584735
0.6564151,3905.6653,0.042687237,10.159697,-3.1538553,1.1778514,-1.7603279,5.082951,3.9022193
0.6082486,5876.08,0.056759484,10.195311,-2.8689325,1.1621679,0.4279133,5.5755234,3.9161596
0.6570642,3990.9663,4.75831,10.185463,1.5598925,0.5029639,0.277247,4.6249394,4.0429244
0.6384687,4682.9937,1.5985743,10.100333,0.4691122,0.8772566,1.0872415,4.8668923,3.2064002
0.62824804,5000.509,0.2233811,10.200119,-1.498876,0.4285669,-1.2040273,6.016067,4.3143015
0.6334776,4854.724,1.1237799,10.136942,0.11669789,0.4534024,0.945572,5.249422,3.1488333
0.6118841,5741.139,0.21737394,10.183898,-1.5261362,0.5569968,-0.8211455,5.6295137,3.8948555
0.65061474,4181.247,1.2505852,10.153719,0.22361158,-0.5001467,1.175531,4.873449,3.7143795
0.6066415,6188.3784,0.274177,10.102992,-1.2939813,-1.6912987,-1.0777954,5.4040785,3.963941
0.65259576,4053.2437,0.43081218,10.10682,-0.84208304,1.4002099,0.3789955,5.463438,3.993955
0.60123265,6567.1123,0.43113762,9.983805,-0.84132797,-0.94618714,1.1073152,4.5528574,3.8344193
0.6004727,6521.6797,0.52470064,10.005543,-0.64492744,0.0861991,1.1797098,5.032727,3.4762974
0.61915547,5352.456,1.9593148,10.162317,0.67259485,0.70046574,1.6858816,4.622739,3.6393156
0.6376818,4640.2534,0.2923308,10.125178,-1.2298692,0.55516046,1.346613,5.3536243,3.183115
0.6206474,4832.1797,0.7298099,10.275156,-0.3149712,1.3772458,-0.33389947,5.097637,3.7263815
0.6319248,4828.0015,0.48964882,10.136943,-0.71406686,1.1560675,-0.6175101,5.385845,4.8241515
0.62554944,5467.989,1.0296335,10.093357,0.029202936,0.06948646,0.016550204,5.2137933,5.2142797
0.6225647,5315.052,0.038960636,10.135506,-3.2452035,-0.009720424,-0.10829961,4.6225905,3.9889293
0.60870713,5858.2686,1.6786549,10.123364,0.5179928,-0.21194038,-1.053002,5.3036003,5.0104556
0.6106325,6233.784,0.092172205,10.038881,-2.3840966,-0.577669,0.5286881,6.333668,3.7078528
0.6404782,4372.4365,0.13615008,10.246941,-1.9939975,0.9283057,0.018785115,5.468214,3.2181706
0.6387371,4612.127,0.13908786,10.198374,-1.9726495,0.17786576,-0.6013326,4.9672976,3.5046675
0.6189222,5480.4136,0.21238226,10.201151,-1.5493675,-0.35263246,0.21392341,5.051893,3.4287102
0.6303158,5183.282,0.07019515,10.101092,-2.656476,0.043997552,0.4744023,4.54612,3.413494
0.6248162,5180.2,0.013489466,10.226497,-4.305846,1.0393012,-0.25078192,4.5487814,3.2838635
0.6243389,5103.8813,0.018420136,10.197646,-3.9943109,1.1049877,-0.70649666,4.4131885,3.3971217
0.6074933,6369.4004,0.3260876,10.037714,-1.1205893,-0.64487135,0.5248603,4.9512935,3.5628958
0.60529375,6398.793,0.4208722,10.057319,-0.86542606,-1.5494304,1.4586427,4.300437,3.2005572
0.60665035,6055.0884,0.275354,10.194891,-1.2896978,1.8255169,-1.1976591,6.513346,4.310113
0.6036421,6169.1426,1.5962957,10.15408,0.46768576,1.1844503,-1.07632,5.936935,4.353735
0.6320211,5026.481,0.5075877,10.187205,-0.67808586,0.4182816,-0.6338315,5.189516,4.6138496
0.62381834,5080.6055,0.25368327,10.287162,-1.3716688,0.59707034,-1.2865664,5.1187973,4.419679
0.6301915,4827.081,0.213795,10.229792,-1.5427376,1.2437334,-0.3407113,5.4174147,3.8565934
0.611572,5623.305,0.206949,10.212461,-1.5752829,1.4984951,-0.3516213,5.330946,3.7973547
0.60932136,5796.444,0.1367447,10.15657,-1.9896396,1.1266531,-0.29619154,5.6132917,3.932377
0.63833725,4720.2554,5.4734373,10.177363,1.6999068,0.001775393,-0.4448211,5.671886,3.6249933
0.6456423,4463.9854,14.328349,10.063806,2.66224,-0.21879938,0.4763334,4.7319536,3.6250398
0.61792576,5505.2627,0.023346249,10.183856,-3.757319,0.07458294,-0.34125975,5.7152624,4.39153
0.64372134,4316.328,0.8694335,10.25207,-0.13991338,0.40054467,-1.3129343,5.3540106,4.570941
0.6403841,4594.7275,0.06936975,10.201784,-2.6683044,0.68620455,-0.5883553,5.6838226,3.9746158
0.62445545,4887.3843,1.7084234,10.218319,0.5355709,2.076424,1.2166078,4.952212,4.897907
0.61532855,5410.2295,0.40321004,10.185433,-0.90829766,1.8707646,0.75519574,5.6332097,4.6753116
0.63238907,4653.4795,1.2017837,10.234527,0.18380684,1.9626522,0.23078172,5.788927,4.6349072
0.6442063,4129.044,0.26886335,10.251639,-1.313552,1.7086074,-0.4841118,5.530871,4.5295153
0.6281811,4716.8545,0.257287,10.197278,-1.3575631,1.6410009,2.1521204,5.0585127,3.2528331
0.6259803,4955.886,0.09910774,10.188079,-2.3115478,1.7159659,2.8446028,4.744303,3.6733055
0.6134059,5927.3896,1.4726335,10.120712,0.3870523,-0.041769467,-3.0446913,5.0395293,5.0567956
0.627968,5084.3926,0.061208706,10.084962,-2.7934659,-1.147165,2.8452394,5.866484,3.7654393
0.6419143,4561.677,1.6796227,10.199158,0.5185692,0.61471754,-1.755051,4.35063,4.2138815
0.6554624,4003.991,3.5092726,10.22575,1.2554088,0.23989253,-1.6827912,4.5087743,4.2512007
0.6072882,5838.4263,8.328618,9.727821,2.1196976,-1.012428,2.1677623,6.1050925,3.5526812
0.61351377,5908.5024,2.4538043,9.809822,0.8976396,-0.62397593,2.399939,5.27316,3.9823594
0.620968,5732.921,0.05415377,10.138276,-2.9159276,-0.85745335,-1.7477152,5.3753695,3.4502115
0.59108156,6969.224,0.010833086,9.967632,-4.5251503,1.2154676,1.4209571,4.7956467,3.871295
0.57878053,7659.3135,0.0103829745,9.923861,-4.567588,1.2159222,1.1669239,4.7523265,4.328845
0.59743685,6669.7695,0.9484526,10.010736,-0.052923452,-0.38021344,0.6600668,5.135558,5.585267
0.5995213,6649.0977,0.49974388,9.939102,-0.69365954,-0.31605002,0.37296876,3.9607008,4.836812
0.63053083,4723.765,0.45648074,10.216496,-0.7842088,-0.47288758,0.61972487,6.8818965,3.493543
0.6152783,5845.44,3.0763593,10.0315485,1.1237469,0.99965787,0.11844877,4.8376274,4.9133596
0.6131798,5769.1553,5.047882,10.09613,1.6189687,0.10387143,0.59069604,4.9128413,5.821286
0.59979504,6712.822,0.022961512,10.0502205,-3.7739358,-1.3333144,-0.067661785,5.7066174,2.9967084
0.64968544,3997.1504,0.69025,10.230167,-0.37070146,-0.29576513,-1.17688,5.8120947,4.5298405
0.6309817,5122.6655,0.5958887,10.121495,-0.51770145,0.37917253,-0.38989612,5.3372016,4.8145657
0.62698054,5018.664,0.3149393,10.212707,-1.1553754,0.6393331,-0.26268995,4.962088,4.946624
0.6258543,4992.6978,2.140863,10.177337,0.761209,1.2793014,-0.49182057,5.0081177,5.345154
0.6074465,6178.378,0.09781065,10.097575,-2.3247218,0.3439315,0.6186618,5.6560783,2.8064919
0.6255739,5141.4136,0.02965666,10.134285,-3.5180686,0.7209425,1.303642,5.345564,3.3815637
0.62234414,5355.9756,0.24993688,10.207909,-1.3865469,-0.8305578,-0.38583294,6.1184053,4.4895625
0.6171416,5701.6797,0.0944452,10.082428,-2.3597355,0.17593578,0.50746447,5.5555744,3.55202
0.64536154,4165.3945,0.02843901,10.255935,-3.5599935,-0.88092995,-0.45091897,5.0412674,4.0751495
0.6297522,5305.908,0.17564073,10.071346,-1.7393147,-1.2678206,0.8108558,5.948656,2.5712929
0.6221342,5346.2812,1.3808734,10.150305,0.3227162,0.5219611,-0.5200596,4.84853,6.2283425
0.61113375,5996.9873,1.0547434,10.066265,0.053297527,0.15803616,-0.17648302,4.728973,4.1438665
0.61345196,5686.305,2.9385915,10.111396,1.0779303,0.020023292,0.16485032,4.3094335,4.394788
0.58481795,6440.505,14.416706,9.691338,2.6683877,-1.5726846,0.3022018,6.6076293,3.7912526
0.6122781,5831.7266,0.32851723,10.161784,-1.113166,2.328164,1.2109168,6.6854362,3.7545478
0.6000375,6390.9214,0.5462111,10.075952,-0.6047497,-0.8884928,-0.15148003,4.2198777,3.531794
0.6017105,6502.699,0.62602514,10.101143,-0.46836475,-0.65156037,-0.32902142,4.266437,3.510863
0.6189524,5802.759,0.27263972,10.077682,-1.299604,-0.1866915,-0.4874041,4.4409018,3.4678278
0.62068087,5532.9863,0.05197577,10.136379,-2.9569776,0.101764575,0.5050182,4.816824,3.308535
0.6158521,5789.913,0.02485174,10.084436,-3.6948276,0.31089988,0.64530957,4.847937,3.7141647
0.61313504,5735.879,0.026498701,10.070866,-3.6306596,0.3220717,0.6686465,4.8575726,3.7355318
0.6016554,6437.594,0.0052656606,10.091564,-5.2465487,0.87247926,-0.1350898,4.818587,3.978243
0.6269947,5055.2095,8.312583,10.137317,2.1177704,0.2422479,-0.057936903,5.7680073,3.5984159
0.5990706,6655.574,0.012478697,10.052916,-4.3837323,-0.29477003,-0.8016923,4.557512,3.9291878
0.6071252,6238.2227,0.023979826,10.085167,-3.7305424,-0.6068026,-1.0247515,4.389428,3.5220575
0.5989043,6570.2725,1.319747,10.000346,0.27744004,-0.32465634,0.17472297,5.236573,4.181202
0.59053606,6832.853,3.3850126,9.918811,1.2193576,0.52332467,0.8357371,5.164282,3.5511992
0.58919716,6745.328,5.5912657,9.895969,1.7212057,1.0404593,0.8632717,5.3258915,3.2380698
0.6009799,6450.495,1.5355687,9.95351,0.4289008,-0.5758954,-0.44480175,6.0154114,4.0751605
0.6063425,6193.218,4.404646,9.940905,1.4826598,-0.06215399,0.05738874,5.801919,3.7847428
0.61154014,5547.8584,15.023519,9.9368,2.709617,0.2794249,-0.8317478,4.955768,3.679434
0.6163194,5507.7544,7.250604,9.897559,1.9810848,-0.5662719,1.246071,5.40986,3.2638798
0.62365603,5137.5586,0.018932784,10.27352,-3.9668603,1.2929144,0.016603353,5.4760113,3.9023778
0.6146087,5460.605,0.046448417,10.168137,-3.069413,1.4620943,0.21450196,5.293885,3.9963667
0.630515,4845.9194,0.5912796,10.141842,-0.5254662,-0.26214522,0.85296595,5.8164177,3.898877
0.60335237,6551.352,0.15420227,10.047052,-1.8694901,0.5778665,-1.4125422,4.6124053,3.7884893
0.62025404,5445.8516,0.06098934,10.12176,-2.7970562,-0.8309224,1.3179916,5.713466,4.478341
0.6147564,5844.46,0.2779489,10.068409,-1.280318,-0.13751692,0.50723934,4.8787656,4.2703853
0.6304137,5047.791,0.03759558,10.1644535,-3.2808688,-0.38874665,0.29393637,5.3827114,3.972374
0.63726693,4541.7993,0.043133512,10.241305,-3.143455,0.40410444,-0.8052494,5.0819297,3.5679471
0.58550936,7193.061,1.3527153,9.931649,0.30211383,-0.33849195,-0.32896352,4.9416265,3.713476
0.57681084,7622.1123,3.5206697,9.903526,1.2586513,-0.25493804,0.25464007,6.0990267,3.009643
0.5857627,7323.595,0.25484982,9.960521,-1.3670808,-1.386481,0.42788053,5.4139466,3.7382972
0.5788164,7571.426,1.3401415,9.971783,0.29277518,0.31808352,-0.5206368,5.3965187,3.2595794
0.5910622,7000.8486,0.47772053,9.953141,-0.73872936,0.27121812,0.16629101,5.4782124,3.330493
0.5817424,7629.7954,0.49441406,9.849764,-0.70438194,0.13260776,0.5792309,5.8881183,3.2000594
0.646097,4067.7488,0.28051504,10.267749,-1.2711279,-0.28350282,-0.37907907,5.025562,4.372464
0.57779694,7539.439,1.3429672,9.9817295,0.2948815,1.086705,0.040601056,6.5112476,3.3253467
0.5632099,7963.81,9.783388,9.792479,2.280686,1.2807559,-0.33275267,5.2474575,3.1480553
0.59295166,6853.1885,0.81038713,10.019433,-0.21024323,0.87153655,-0.37297216,5.462325,3.2833817
0.59630585,6774.7915,0.06502735,10.00792,-2.7329473,-0.8944216,0.44690266,6.3191137,3.6739922
0.6073454,5809.012,9.856877,9.956718,2.2881694,1.7785001,-0.1409151,4.926796,3.5914361
0.59132123,6476.264,7.4841332,9.912905,2.0127852,1.0772705,0.18789275,4.9842463,4.113174
0.5990275,6416.1943,2.7587428,9.965325,1.014775,0.9914856,0.2578207,5.233728,4.027852
0.64824665,4285.161,0.03087547,10.190662,-3.4777932,-0.928228,-1.1903297,5.200305,3.5102265
0.64958155,4222.9326,0.05134714,10.1444025,-2.969146,-0.45671463,1.0888175,4.7892313,2.7960155
0.6577507,4000.9211,0.048837464,10.117107,-3.0192575,0.2082882,0.5129695,4.4279532,2.5802374
0.6568183,3937.9155,0.0665533,10.103631,-2.709752,-0.03356831,0.8833224,4.3408914,2.6190295
0.65070194,4155.896,0.07719674,10.182127,-2.561398,-0.15623523,0.1953647,4.6159196,3.2549882
0.6347761,4839.494,4.4071994,10.172124,1.4832394,0.47453037,0.4168069,6.0238028,4.3180356
0.6019607,6451.796,0.0051610614,10.054628,-5.266613,-0.37421674,-0.42271197,4.52632,3.2525322
0.6232009,5425.7036,3.08293,10.047916,1.1258805,1.0628115,0.23795167,5.9954185,4.485049
0.6228975,4891.284,0.10311898,10.318962,-2.2718718,1.4710698,-0.61242294,4.9829235,4.2882886
0.61891544,5559.8115,2.1284304,10.043606,0.75538474,0.390041,0.43689504,4.4448967,3.2569401
0.6077262,6314.8716,0.644842,10.046822,-0.43874988,-0.31404585,0.09142181,6.6893735,4.060456
0.6330656,4731.882,0.011560577,10.237437,-4.4601545,0.06674149,-0.5001248,4.392957,3.3827434
0.6423302,4616.545,0.05414068,10.190834,-2.9161694,-1.04344,-1.0036265,4.552334,3.9752717
0.622008,5196.8345,10.223682,10.16335,2.3247068,0.89337325,0.34087235,5.2522364,4.434754
0.62152463,5385.9688,0.0263197,10.170669,-3.6374376,1.4368514,0.89210284,5.4578123,3.374681
0.6041056,6114.0503,0.6507929,10.060931,-0.42956382,0.8354018,1.2333591,5.472724,4.8585806
0.5946671,6921.5376,0.0842427,9.951821,-2.4740534,-1.3637624,0.108181395,5.340437,4.0437346
0.6214757,5433.2686,5.770562,9.957065,1.7527695,1.2159071,0.3459558,5.4069023,4.2971134
0.6150037,5602.5493,8.3814535,9.951897,2.1260214,-0.634142,1.4938931,5.883523,3.9677217
0.62095267,4949.936,0.026985673,10.3333645,-3.6124492,2.2305112,-2.173803,4.996955,3.97112
0.62156,5290.007,0.05948143,10.226762,-2.822091,1.9353839,-1.549747,5.3626895,3.420251
0.6115499,5874.6714,0.8590407,10.129839,-0.151939,0.7403471,0.7838689,5.567213,3.9893036
0.6223071,5021.368,0.24999797,10.274794,-1.3863025,1.4949701,-1.5654978,4.9632187,3.2546191
0.6145737,5796.5312,0.9644425,10.062228,-0.03620505,0.46778548,0.38914615,4.6858654,3.3974364
0.61911595,5747.581,1.0222372,10.077767,0.021993568,-0.2248771,-1.4189563,5.86422,3.7203677
0.6337588,4722.7446,0.88099635,10.226912,-0.12670177,0.15748505,1.3772535,5.5825353,4.085572
0.63748085,4397.596,2.146592,10.247373,0.76388144,-0.25020385,0.91803133,5.7136517,3.8364909
0.6343103,5045.526,0.7188662,10.110416,-0.33007994,0.6735234,-1.1063464,5.230446,3.2956474
0.63328385,4540.551,0.82917136,10.280979,-0.18732844,0.5348332,0.58920294,6.2283344,3.7768369
0.6034037,6371.516,1.3925726,10.067799,0.3311529,0.68549055,-0.38196462,4.9746547,4.225437
0.6039032,6270.628,0.900571,10.016304,-0.104726285,0.15331368,0.14128175,5.473749,4.1930394
0.6214317,5324.788,1.1440052,10.111041,0.13453542,-0.6887817,0.5685688,4.6251497,3.4743497
0.5969536,6934.547,0.05781467,10.020513,-2.8505127,0.087291755,0.27479014,4.9095106,4.687356
0.61005163,5919.018,0.0059746276,10.115476,-5.1202335,0.6945142,-0.5631291,4.211961,4.238747
0.62621194,5397.9043,4.1906343,10.121054,1.4328521,-0.8970438,-1.5484471,6.3031564,4.4362316
0.61465967,5698.883,0.06597472,10.167178,-2.7184837,-0.18886432,0.32946315,4.7454176,3.707733
0.61777997,5593.4,0.9620465,10.111501,-0.03869247,-0.13756837,-0.30481887,4.9679813,4.537182
0.61647713,5716.406,4.1757207,9.924361,1.429287,-1.2295146,-0.18716502,5.2227917,3.078194
0.641469,4668.014,6.482313,10.145238,1.8690774,-0.6437144,1.4513596,5.082523,3.4279861
0.62299037,5285.285,0.9241502,10.1117,-0.07888063,0.41550326,0.20696193,5.986169,3.7616196
0.6234005,5243.9736,1.0288403,10.1179,0.028432216,-0.004195376,0.5055433,5.9162536,3.8810146
0.6261033,5301.9062,0.20920676,10.1520815,-1.5644323,-0.1193827,0.5620029,5.7372894,3.9765728
0.6214123,5539.554,0.13187692,10.154313,-2.0258863,-0.22249073,-0.1698725,6.2968855,4.0062447
0.60059345,6539.0947,0.21332966,10.038693,-1.5449166,-0.14521523,-0.4398588,5.1645837,3.6746569
0.586664,6838.907,7.607331,9.831953,2.0291123,1.5112314,-0.47078198,5.0036554,4.4602027
0.6041323,6360.9175,2.8799062,9.950736,1.0577577,-1.3180313,1.3452626,5.7007732,4.3935905
0.6519011,4293.587,0.49216837,10.058102,-0.7089344,0.019082088,-0.5708716,5.0946302,3.2144206
0.60421723,6303.071,0.21541204,10.100946,-1.5352026,-0.66134304,-0.72555244,5.793642,4.302215
0.6124057,6066.209,0.01280953,10.081127,-4.357566,0.28220257,-0.38180688,4.400896,5.1668344
0.6299187,5134.073,1.8229673,10.099538,0.60046554,-1.3466418,0.36224663,5.812585,3.049066
0.634055,5081.621,1.1081108,10.096936,0.10265652,-1.4241645,0.6691041,5.794867,2.9276462
0.63487315,5000.0054,1.0852545,10.132258,0.08181455,-0.11167911,0.38645783,6.0302196,3.5168526
0.63029337,5326.0806,0.7796627,10.061153,-0.24889386,-0.18875252,0.86467475,5.5514927,3.446085
0.62901914,5313.2,0.7657127,10.051412,-0.26694825,-0.23865715,0.85322255,5.544426,3.4500728
0.61855197,5370.8896,9.682916,10.00988,2.270363,-0.15530442,0.11741989,6.2183056,2.8319669
0.61198306,5814.4995,2.9222207,9.951993,1.0723438,0.862832,2.6192517,5.506671,3.2424586
0.60917294,5531.5205,11.63383,9.926101,2.4539173,0.20059201,2.5628657,5.80317,3.4287605
0.6042976,6479.8916,0.13697976,9.982205,-1.9879221,-1.4123285,-0.2643168,5.7082024,4.1462455
0.6380314,4561.7563,0.59763956,10.230978,-0.51476747,1.7344227,-1.162228,4.8022017,3.5769608
0.60546947,6321.6616,0.032700792,10.0144,-3.420356,-1.4358382,1.3205147,5.474879,4.3420687
0.63733,4600.0425,0.1372496,10.219719,-1.985954,-0.6425792,0.20649856,4.0172467,4.3651185
0.61858374,5563.5786,0.0936183,10.154651,-2.3685293,-0.3241754,0.95653766,5.647997,3.465363
0.62292856,5247.5815,0.08907683,10.193386,-2.418256,-0.5391617,0.6702152,4.7290344,3.3399491
0.6294821,5146.0127,0.17600417,10.172788,-1.7372476,-1.1009986,-1.1961093,4.5970654,3.068287
0.62457675,5251.853,7.2210135,10.111618,1.9769953,-0.5554776,-1.359406,4.4291677,3.5091977
0.6261854,5182.4146,1.6002884,10.180562,0.47018382,-0.6442717,-0.72472906,4.444192,3.2196538
0.6377379,4629.7163,0.43814522,10.224929,-0.8252049,-0.16412131,-0.6218838,4.6405377,3.417326
0.63213295,5060.7373,3.7491732,10.119592,1.3215353,-1.5182766,-0.23477244,5.754451,3.614726
0.6335299,4985.3735,2.2771595,10.112869,0.8229288,-0.8928266,0.3190976,5.4263277,3.679302
0.6175757,5598.4062,3.8425825,10.015685,1.3461447,0.3455833,1.1522008,5.646133,3.7686265
0.62611234,5186.6016,1.33337,10.145346,0.28770956,-0.8928491,0.54648757,5.2070312,4.415769
0.6184038,5593.7944,0.19092545,10.16557,-1.6558722,0.4946132,-0.43488273,6.4118905,4.020652
0.6162063,5832.816,0.2711841,10.108925,-1.3049574,0.37669885,-0.51330334,6.717093,3.8017719
0.6221719,5479.829,0.5905056,10.131033,-0.5267762,-0.66700774,-0.7371824,3.758535,3.4226308
0.630471,5048.4214,0.08325225,10.168011,-2.4858801,0.60625494,0.5459193,7.5985155,4.1330905
0.6227985,5174.998,2.1357024,10.181666,0.7587956,1.5311325,2.0345743,4.2815423,3.4385421
0.62563545,5206.1816,1.4293625,10.097023,0.35722852,1.1139077,0.7054838,4.5063214,3.281374
0.62877154,5078.5674,1.463701,10.131465,0.38096812,0.6153448,0.5315067,4.6951222,3.2511022
0.61163396,5723.29,0.25627783,10.138791,-1.3614931,-1.6932471,0.64338887,5.1226745,2.9649968
0.621526,5623.16,0.015508063,10.111735,-4.166395,0.28495455,-0.7208404,5.5134196,3.4534972
0.61261654,5685.3076,2.2286325,10.122535,0.8013882,1.0387832,0.7394637,4.8541574,3.246297
0.6141889,6024.528,0.009265164,10.118165,-4.6814938,0.31052178,-1.1052501,5.792736,4.4439406
0.5952877,6652.2607,0.9862211,10.010043,-0.013874733,-0.6255373,-0.20665428,4.6937356,3.8542094
0.6395437,4616.0747,0.013769933,10.23997,-4.285268,-0.24840151,0.038262144,4.28003,3.8931983
0.6156255,5812.203,1.6207507,10.087701,0.48288944,0.21067125,1.3790165,4.6225405,3.5484955
0.62381405,5404.4053,4.575034,10.066603,1.5206141,0.21448739,0.22990201,4.77681,5.218059
0.6213944,5551.5034,0.0044265785,10.075238,-5.4201283,-0.5338478,0.33748603,5.89104,3.342757
0.6179098,5706.6597,0.010037076,10.093913,-4.6014695,-1.0761495,0.534986,5.9926434,4.1951785
0.6405069,4449.9497,0.43629575,10.200635,-0.82943493,-0.52953935,1.9060571,4.059301,3.899101
0.6568012,3946.8665,2.2321172,10.174974,0.8029505,0.71714807,-1.038575,6.481673,3.942243
0.6581209,3841.0566,1.6870054,10.185515,0.522955,0.66970086,-1.0011127,6.346702,3.9796865
0.60180265,6101.3325,1.6594148,10.08036,0.50646496,-0.3357686,0.68119127,4.360847,4.0103483
0.6004094,6380.2837,0.010531613,9.931485,-4.553374,-0.047830235,0.11485592,5.826786,3.7586913
0.6236063,5331.5537,0.040099256,10.217698,-3.2163975,-0.9142467,0.37386099,4.263918,4.40676
0.6018561,6231.8135,4.1588993,9.958368,1.4252504,0.2741923,0.20200276,5.737013,5.386902
0.6191931,5580.2197,0.034292478,10.158161,-3.3728292,-1.4931059,0.9902564,5.602912,2.789106
0.6175095,5478.565,0.010322536,10.184332,-4.573426,0.5633431,-0.19053468,5.516926,3.6383712
0.61525476,5470.2363,0.015064977,10.239112,-4.1953826,0.7532317,0.38630605,5.8891907,3.4168367
0.65039444,4099.3413,1.8165251,10.179338,0.5969254,-0.894774,0.848201,4.549174,3.893988
0.63512206,4922.298,0.91221297,10.149851,-0.09188183,-0.11419572,-1.2107435,6.2960043,5.773092
0.63673854,4685.3584,2.4855757,10.207881,0.91050434,-1.3234229,-0.55684185,5.868739,4.7417793
0.63917106,4830.988,0.41780883,10.153996,-0.8727313,0.033022232,-0.19338281,5.2049384,4.391247
0.6276102,5015.329,0.27581525,10.196106,-1.2880241,-0.231477,0.025736695,5.0935535,4.8038106
0.6229141,5257.6816,0.057147034,10.207704,-2.8621278,-0.5294255,-0.6804038,5.8079624,4.190976
0.6115572,5916.9717,2.5035338,9.999468,0.9177033,-0.02804732,1.0849339,5.4266763,3.0265083
0.61496097,5927.8604,2.7951205,10.019468,1.0278752,-0.056874584,1.1104133,5.451288,3.0408611
0.6358032,4620.836,0.7579979,10.2259245,-0.2770747,1.0935014,0.571378,5.6869235,3.5114658
0.6183517,5672.9727,1.5291998,10.086392,0.42474467,-0.13103536,-0.3433974,5.110916,5.0310345
0.6124748,6017.531,1.3252354,10.030666,0.28159007,0.45194298,0.66361916,5.176847,4.2198935
0.58142984,7546.7095,0.08503859,9.887274,-2.4646502,-1.2309722,0.9515334,4.496973,3.5827334
0.59215087,6961.204,0.057836108,9.961857,-2.850142,-1.3437262,1.3371518,4.651867,3.8043447
0.6493448,4040.3027,0.35222057,10.298799,-1.0434977,1.757855,-1.2190675,4.991165,4.5166984
0.6120825,6165.843,0.19487771,10.103226,-1.635383,-1.2697914,0.4999577,5.116831,5.0708027
0.58053577,7916.825,0.31990382,9.96089,-1.1397349,0.36381987,-1.1415178,6.6209626,3.9701424
0.59093004,6990.4307,1.2969487,9.935635,0.26001436,1.0498505,0.21994932,4.225216,4.384498
0.5930264,6798.086,1.5249298,9.929498,0.42194834,0.96641105,0.22084196,4.348472,4.345914
0.57436055,7841.2344,0.14395049,9.939846,-1.9382858,0.83960414,-0.03223885,6.885442,2.8621278
0.61219484,6096.332,3.0518525,10.01528,1.1157488,-0.6423531,0.14333591,4.066023,5.13083
0.6475154,4353.876,5.606439,10.032372,1.7239158,-1.6055912,0.22546487,4.548755,4.4085693
0.65365314,4087.2832,1.9760858,10.072818,0.681118,-1.816744,1.0261874,5.048462,3.535374
0.66101813,3934.552,1.2777221,10.060385,0.2450789,-1.7984612,1.2656701,4.779612,3.7066607
0.64266324,4650.3906,10.605472,9.998122,2.36137,-1.1623749,0.16337281,5.362226,3.4944417
0.6205505,5547.8965,7.8859468,9.86776,2.0650823,-1.0680673,-1.0380867,5.778191,3.756264
0.61906224,5331.6772,23.069374,9.866372,3.138506,-1.452261,-1.6065978,6.2241163,3.7503319
0.6057651,6280.2085,3.3397284,9.771857,1.2058895,-1.3939308,-0.6593821,6.116488,3.5055163
0.6007182,6012.915,12.316767,9.8311825,2.5109615,-1.5657707,-1.0643339,5.5020843,3.6029418
0.5818907,6775.2563,13.794013,9.781054,2.6242347,-1.0949533,-1.5679457,4.6713133,3.6126919
0.5808638,7105.5337,6.9114428,9.782406,1.9331784,-2.7766974,-0.93923193,4.929634,3.7128348
0.6107974,6306.497,0.3160316,10.01575,-1.151913,-2.5182104,0.6860319,4.81931,3.4588737
0.610264,6227.436,0.09046869,10.036718,-2.4027514,-2.0840034,-0.1214322,4.8432727,3.6037786
0.65279555,4216.3564,1.0646371,10.106207,0.06263397,-2.7527218,0.11189715,4.88109,3.4060419
0.59836143,6509.378,0.111818835,10.031056,-2.1908753,2.2401376,-0.31811273,5.66158,4.218871
0.6187303,5912.392,0.763747,10.017619,-0.26951873,-1.8402177,-0.4048064,4.621016,3.878273
0.5677265,8048.6914,0.04778387,9.9506645,-3.0410671,1.5192496,2.4203923,5.8483977,4.7332273
0.5880377,7179.333,2.0174625,9.853342,0.7018405,1.0834191,1.5635014,6.1871634,4.29961
0.59336996,6505.466,1.6866539,9.999275,0.52274656,-0.15610857,1.3586389,5.077681,3.8928418
0.59572804,6588.0947,0.91319495,10.069829,-0.090805866,-0.30561444,-0.6716611,5.4651074,3.9045398
0.60995865,6267.615,1.1352129,9.910344,0.12682018,-1.8000153,0.67605716,5.6458898,2.7411282
0.61586046,5582.402,1.1735992,10.170194,0.16007529,0.3179883,0.7616444,6.890009,3.8131466
0.60780233,6008.6616,0.936666,10.065,-0.0654285,-0.046555396,0.7821957,5.372987,3.9406831
0.6132611,5956.4995,1.1891805,9.995906,0.17326438,1.2261049,0.44998077,5.9770346,3.4444158
0.5990708,6589.3154,0.09482021,10.069362,-2.3557727,-1.5781443,-0.610077,4.5533366,3.719377
0.5927576,7170.91,0.16072774,9.934823,-1.8280435,-1.114028,-2.4789836,4.769552,3.6381435
0.6331485,5042.413,1.0382818,10.041549,0.03756722,1.8592876,1.9721347,6.0891023,3.9197993
0.6353796,4572.8027,0.5420499,10.214888,-0.61239725,1.6191754,1.9339097,5.553225,4.087665
0.5992148,6613.3486,2.6700296,10.002163,0.9820896,-2.3867867,-1.6239645,4.8857408,3.5726333
0.60325557,6572.7803,2.3456576,9.968877,0.8525658,-1.8908014,-1.4052982,5.200991,3.5753381
0.61743206,5782.2646,0.60256547,10.150769,-0.50655895,-1.064654,-1.3044354,5.2471147,3.400778
0.616646,5617.1685,0.24816017,10.182585,-1.3936809,-1.016134,-1.0310446,5.10924,3.6695638
0.6177314,5659.518,2.0619888,10.05925,0.723671,0.9636594,1.1822689,6.0711,3.9989383
0.61077315,6161.919,1.1131495,10.024564,0.10719341,-1.0028564,-0.88472563,4.556101,3.6826866
0.60768354,6269.5605,2.9304779,9.999061,1.0751655,-0.7818414,-0.3684008,4.4585032,4.0799704
0.6060529,6091.062,2.1399605,9.990956,0.7607874,-0.3316584,0.10385323,4.2256308,4.1164474
0.604809,6224.8135,1.1134869,9.98417,0.10749643,-0.2903113,-0.0581924,4.331945,3.9650154
0.63456374,4671.93,0.05295308,10.23164,-2.938349,0.953256,-0.93195313,6.3201795,3.558799
0.6267228,4956.3076,0.14461197,10.211324,-1.9337012,0.97457343,1.0139748,4.3868628,4.7340665
0.64987063,4291.5034,0.016713541,10.1968775,-4.091536,-1.3138348,-1.8171865,6.4358106,3.2152703
0.6413374,4591.016,0.059446838,10.1682825,-2.8226728,-1.0738426,-1.5953172,6.629943,3.1560721
0.64208233,4365.2334,0.5551478,10.216965,-0.5885208,-0.39613056,0.18853587,4.6533556,4.9383745
0.6411928,4434.2925,0.6038089,10.231294,-0.5044976,-0.29716322,0.43760812,4.293909,5.193566
0.6423996,4603.573,0.25096592,10.145278,-1.3824381,0.044303,0.72082245,5.4576855,5.2088485
0.64648086,4230.633,0.11676178,10.20934,-2.1476195,-0.12419223,0.7865722,5.7501783,4.5789547
0.62562215,5425.575,0.36285883,10.076839,-1.0137414,-0.3127865,1.0954401,5.6210585,4.2738867
0.63438284,4848.8457,0.6789893,10.1985855,-0.38714987,-0.51884574,-0.85584897,5.189662,4.2989206
0.6086381,6068.5366,0.16036226,10.129656,-1.8303199,0.9271818,0.67682207,5.263951,3.5044863
0.64980745,4235.62,1.0097402,10.139563,0.0096931495,-0.5659663,-0.8130693,5.372677,3.6713738
0.6490591,4199.578,1.2665405,10.17261,0.23628914,-0.80626905,-0.86588734,5.3636365,3.8734148
0.6480131,4208.793,0.12584461,10.193676,-2.0727074,0.6276184,0.57211494,6.6930184,5.501927
0.6446354,4313.0977,0.5676283,10.193366,-0.5662885,0.94455487,0.4954356,6.314739,5.6993704
0.64016354,4554.2075,0.0030338839,10.175168,-5.7979116,0.24647854,-0.14956206,5.324959,3.4827747
0.6415198,4257.4336,0.0045423815,10.247356,-5.394304,0.5226724,-0.16403693,5.1633577,3.3314643
0.632637,4939.5366,0.0041601113,10.1635685,-5.4822135,0.038845863,0.19065323,5.3979554,3.203482
0.5956949,5972.618,16.69822,9.867541,2.8153021,0.38162166,-0.68285626,5.2017026,5.124782
0.60638976,5898.9116,10.166854,9.737364,2.3191328,-1.0214146,0.5641678,4.633345,4.2349143
0.58667445,6744.6025,10.734196,9.693011,2.3734345,-1.1751645,-0.50867283,5.203719,3.8861887
0.60927564,5479.6426,16.743025,9.894004,2.8179817,1.1311368,0.77787995,5.01866,3.599879
0.62687105,5251.5024,5.3116584,9.981339,1.6699041,1.4153014,0.58374316,4.9689193,3.9285154
0.63118875,4865.2344,16.738762,10.080361,2.817727,1.7347437,1.2343826,4.164434,4.254424
0.6159932,5437.1846,0.0054755434,10.215207,-5.2074637,0.72895163,0.15529622,5.7948465,4.0750284
0.6185842,5700.8926,1.1749418,10.074047,0.16121857,0.29442748,0.9713658,5.0942135,3.7577763
0.6167046,5413.4424,8.397688,10.10527,2.1279564,0.39757818,-0.7430666,5.507254,3.4803529
0.6052067,5901.241,3.2818515,10.142868,1.1884078,1.0344551,0.07805552,6.6694384,3.8779979
0.6151453,5879.6367,0.04985425,10.060694,-2.9986515,-0.14813533,0.42173427,4.4273043,4.16986
0.60985494,5760.025,7.2989016,10.064755,1.9877238,-0.91819507,0.4003903,4.9954615,4.0198293
0.6417714,4443.5825,0.0040923078,10.228486,-5.4986463,-1.2151486,-1.7982205,5.150506,4.678211
0.6290995,5109.5215,0.030177828,10.190582,-3.5006478,-1.0952439,-1.2486883,4.909025,4.306579
0.622625,5245.1934,0.1474541,10.186576,-1.9142383,-0.7114642,-0.05114166,5.27873,4.2353096
0.6247137,5161.956,0.12388996,10.202673,-2.0883615,0.30262944,-0.21426757,5.565632,5.090938
0.6464546,4397.4233,0.016320994,10.136103,-4.115303,-0.8290317,0.8619147,4.876079,3.8231857
0.63734496,4618.542,0.3132072,10.211321,-1.1608903,0.3117515,-0.06796693,5.449974,4.560418
0.6282089,5206.719,1.1152959,10.107886,0.10911977,-0.40606424,0.0036962063,5.323633,3.9690974
0.62491107,5375.788,0.1442004,10.151333,-1.9365513,-0.5443611,-0.5011247,5.0513277,4.666764
0.628729,5196.563,0.14027525,10.162084,-1.9641486,-0.68877625,-0.41483602,5.3886366,4.258705
0.6241059,5292.0264,1.2809299,10.106803,0.2475863,0.48159936,0.48005003,5.436033,3.9742908
0.6132417,5758.93,1.5013114,10.130302,0.406339,0.96241486,0.8612572,6.379983,4.534781
0.6236125,5296.5083,0.84088457,10.117176,-0.17330088,-0.19989167,1.9285245,5.171422,3.54119
0.61722517,5634.4976,0.01742183,10.130211,-4.050031,-0.04595224,1.362283,5.809741,3.848174
0.6127528,5822.0786,0.63959587,10.120982,-0.44691873,-0.8132653,-1.4414814,4.738189,3.5221853
0.61220646,6035.9673,1.4776043,10.052443,0.39042205,-1.133166,-1.6252818,4.9140687,3.680686
0.59169793,6935.468,1.2052488,9.974537,0.1866861,-0.27365234,0.89945537,3.607011,4.0856113
0.62867,4972.343,0.09957489,10.247981,-2.3068452,-0.49160576,-1.3474131,5.512179,3.9928482
0.6230957,5342.852,0.36253712,10.196083,-1.0146284,-0.38476497,-1.2242042,5.2420893,3.984114
0.60252655,6388.948,1.2377614,9.989057,0.2133044,0.5009306,1.3573825,4.944895,5.106165
0.6394567,4457.6396,0.07176307,10.244045,-2.6343853,0.6615991,-1.2832204,5.151452,3.1687362
0.59880906,6318.3213,4.183135,10.013894,1.431061,1.1787564,-1.1690803,4.752161,4.187628
0.6147868,5709.3823,3.4371958,10.036805,1.234656,-0.9054094,1.1621543,5.583273,5.5383196
0.62098217,5428.7554,0.13541959,10.094411,-1.9993773,-0.7319136,0.88117754,5.6496196,4.9360704
0.617515,5816.909,0.74820024,10.063145,-0.29008463,0.56638956,-0.9473212,5.169726,3.2963748
0.6144475,5332.4604,0.78064096,10.272002,-0.24763995,1.1681437,-0.24463515,4.8000555,2.8469734
0.6104363,6221.1494,0.48163953,10.077085,-0.7305593,1.1991693,-2.3068452,4.385536,3.2746675
0.6443942,4373.189,0.12915824,10.138514,-2.046717,-0.36126444,1.3987533,6.439501,5.034004
0.6532947,4095.632,1.2090259,10.213696,0.18981493,0.6628569,-1.1732304,4.700145,2.9527757
0.64149207,4529.591,1.4305164,10.100862,0.35803548,0.1977021,0.26570064,4.6557193,3.9861557
0.6229594,5201.2583,16.594013,10.109445,2.809042,-0.12624586,-0.51122415,4.5616736,3.6038814
0.62590474,5366.254,0.46248165,10.089847,-0.7711484,-0.5621232,-1.0393851,5.272705,3.1631851
0.61236775,5830.924,0.27302158,10.11056,-1.2982044,-1.2204436,0.024807245,5.369769,3.3870747
0.62273777,5304.3843,1.0491326,10.17799,0.04796371,0.7097853,0.1886553,5.218284,3.4912355
0.63197184,4907.1064,0.38607714,10.165414,-0.9517181,1.4938922,0.6933781,5.019764,3.4110398
0.6122141,5591.8604,0.7967452,10.23817,-0.22722037,1.5442735,-0.8935596,4.669084,3.965565
0.6176165,5728.6553,1.0797186,10.089845,0.076700404,0.14226845,-2.0455203,5.1486316,3.567524
0.6207026,5256.827,0.30723077,10.261557,-1.1801561,-0.06326718,-0.98234034,5.092486,3.3361025
0.6276628,4952.111,0.6546591,10.207975,-0.42364067,0.4916531,-1.3046483,5.2528224,3.8215566
0.6337024,4881.6665,0.59575105,10.250772,-0.51793236,0.43077642,-1.3795223,5.294627,3.8260434
0.5895578,7355.534,0.08205786,9.923966,-2.5003307,-0.7638501,0.32293904,5.050158,3.8479457
0.6090156,6175.9736,1.5994042,10.076959,0.46963122,1.4459786,-0.5945702,4.931056,5.0241146
0.5805025,7515.358,0.36915463,9.910347,-0.9965397,-0.70908976,0.3371562,5.055999,4.1341705
0.5651322,8695.954,0.022043593,9.930919,-3.8147333,-0.8923235,-1.1429251,5.4251375,3.2304347
0.5982653,6758.13,0.10096644,9.994287,-2.292967,-2.2756188,-0.21762326,5.487096,3.9845827
0.5921554,6750.5166,0.7051985,9.885253,-0.3492759,0.12606291,0.8964125,3.4887319,6.314353
0.5908692,6973.242,0.59679055,9.992076,-0.51618904,0.88205343,1.0745083,4.559964,5.212405
0.60589945,6489.68,0.05892576,9.953103,-2.831477,-1.6389681,-0.5050733,5.6681795,3.5878673
0.6125345,5874.447,0.6160746,10.107285,-0.48438716,-1.5743222,-0.04144051,5.9044695,3.2098284
0.59226227,7040.728,0.2107201,10.062935,-1.5572245,0.10201026,-2.1168427,3.8414288,3.1452417
0.59250957,7029.936,1.1485661,10.020231,0.13851428,1.078337,-2.3616378,4.1377335,3.168656
0.60898936,6205.0806,0.6389833,10.07355,-0.44787696,0.51984334,-1.723987,4.7379475,3.0936294
0.59651303,6604.168,0.63657457,10.053102,-0.45165375,0.5819072,-0.2619894,4.9584155,3.4777246
0.5912703,7014.0625,0.043630876,9.953939,-3.1319902,0.2549443,0.7535445,4.964957,4.1379156
0.58497626,7185.431,3.860372,9.951855,1.3507636,-0.010879246,0.34021652,5.438844,3.8120153
0.615082,5913.687,0.20330471,10.047236,-1.5930494,0.2826112,0.21720743,4.778167,3.5761037
0.63196504,4961.14,0.017672945,10.195234,-4.0357203,0.058875345,-0.31409824,4.978573,3.7153382
0.6226373,4847.696,0.004122764,10.315041,-5.4912314,-0.12675111,-0.10203552,4.8205,5.0494456
0.60158986,6457.38,3.0224922,10.040405,1.1060817,-0.88393146,-1.1164864,6.776979,3.1574414
0.62085265,5554.973,0.022208037,10.132406,-3.807301,-0.23060133,0.50439703,4.9429874,3.4875484
0.6174094,5779.7197,0.11935483,10.094036,-2.1256545,-0.76263624,1.225011,4.6858597,2.9528751
0.6169567,5699.3584,0.08404243,10.129061,-2.4764335,-0.83478874,1.0470682,4.745555,2.9819393
0.6453135,4274.1567,1.8772135,10.203637,0.6297885,0.3679451,-0.87630916,6.134408,4.924545
0.64794475,4224.783,1.0327733,10.168194,0.032247666,0.38536906,-1.5356005,6.384906,5.493303
0.6521673,4092.3972,0.5734881,10.194512,-0.55601805,0.43236032,1.267642,6.237153,5.6208577
0.63254523,4762.7153,0.6466466,10.137915,-0.43595532,0.7374823,2.4353948,5.323526,5.383279
0.61693144,5524.282,0.04134559,10.220328,-3.1857896,-1.0258135,-1.8769563,5.395238,3.3425493
0.6248717,4955.5454,14.22504,9.820513,2.6550038,0.5819042,1.7205764,5.425382,3.8640885
0.62915206,5063.5825,7.3164487,10.061254,1.9901251,0.17800385,0.18326892,5.305046,3.3528736
0.62402093,5338.417,1.254323,10.132048,0.226596,1.4749064,0.9327221,5.226378,2.9288435
0.63572025,4457.7104,0.8817452,10.246813,-0.12585214,0.8708241,0.43193817,5.6574993,2.617636
0.60943973,6222.128,0.040837757,10.053417,-3.1981483,-2.0802407,-0.7043657,5.4450483,4.921029
0.59746456,6572.7827,3.3925722,9.978223,1.2215884,-0.3836341,-0.7080855,5.5190887,3.4858625
0.5970046,6509.714,0.34438545,10.115003,-1.0659938,1.3792067,-0.079809055,5.8601856,3.0604868
0.60308146,6231.65,0.31507927,10.073016,-1.1549311,0.5330702,0.47899032,5.559455,3.2306569
0.597725,6678.327,0.15162459,10.013372,-1.8863477,0.04313117,0.37642595,5.3352995,3.038871
0.599128,6522.5854,0.9878593,10.008828,-0.012214978,0.1753881,1.1188885,5.273773,3.0488477
0.6470185,4212.5312,0.031039724,10.219357,-3.4724874,-1.3563365,-0.2120569,6.026355,4.331538
0.60753405,6242.8276,0.11171946,10.080706,-2.1917644,-0.86093783,-0.669292,4.9832597,3.3983834
0.6060802,6397.0034,0.037203215,10.019218,-3.2913601,-0.5287453,-0.025472393,5.0876884,4.42065
0.6014898,6463.376,0.004645248,10.084872,-5.3719106,0.49743226,0.7687921,5.4322667,4.664691
0.6020934,6342.9834,0.0128855985,10.070867,-4.351645,0.7738331,0.33250168,5.388378,4.70151
0.60276836,6422.391,0.020616485,10.075091,-3.8816643,0.3804902,0.036715012,5.3124228,4.866962
0.60467017,6288.4243,0.024442904,10.0563,-3.7114153,0.50972307,0.6575654,5.0698605,3.3620775
0.60467017,6288.4243,0.024442904,10.0563,-3.7114153,0.50972307,0.6575654,5.0698605,3.3620775
0.6083525,5975.4746,3.871372,10.054337,1.353609,0.256281,-0.47554985,5.2579384,4.470938
0.60334164,5800.859,15.527999,9.993207,2.7426448,0.9424807,-1.0328679,4.9399676,4.408868
0.60678005,6314.3066,0.50628716,10.061589,-0.68065125,-0.12153456,0.17721424,4.518751,4.029133
0.61189544,5789.596,0.15208319,10.159205,-1.8833276,0.7575957,-1.1223689,4.88053,5.1050334
0.6087665,5966.4893,0.12249609,10.051892,-2.0996761,1.515663,0.74009013,5.7968063,4.0725603
0.63086617,4926.6187,0.63303894,10.190055,-0.45722333,-1.0424956,0.45454222,5.3286047,3.7526512
0.6366,4779.871,0.040011395,10.166046,-3.218591,-0.80759007,0.09945133,5.877393,3.6437776
0.6460242,4506.5303,0.1641348,10.120989,-1.8070673,0.16548982,0.29800278,5.883281,4.239514
0.65425324,4070.0435,0.17488113,10.104298,-1.7436488,0.47041968,0.087423846,5.9082127,4.5408607
0.661667,3727.6128,0.91677034,10.150698,-0.08689825,-0.319939,-0.21486174,5.897023,4.277903
0.6398284,4546.2773,1.2829578,10.085416,0.24916822,0.26088277,1.4565873,5.7184696,3.9844387
0.63823336,4577.3555,7.1249633,10.170145,1.9636046,-0.33209816,1.2881973,5.0041866,3.8606482
0.61958057,5080.593,17.98217,9.80042,2.8893807,0.8388942,1.2530274,5.388121,4.8847837
0.6265333,5194.993,8.110989,9.827158,2.0932198,0.47811505,1.0663236,5.062778,4.9417763
0.5950523,5973.552,19.223938,9.813982,2.9561563,0.14114305,1.2010856,6.107002,3.6943238
0.60493726,6303.0913,0.72735006,9.9718895,-0.3183474,-0.88748294,0.13486624,4.7331295,4.9146986
0.6061732,6203.896,1.089786,10.053011,0.08598144,-1.2879264,0.26139364,4.4767323,4.3772535
0.6158217,5803.217,0.052891858,10.095246,-2.9395058,0.286048,0.40044865,6.1121836,3.425547
0.6068139,6273.1123,0.06481444,10.046913,-2.7362268,0.0071061966,0.6401974,5.5957427,3.2229476
0.6366568,4801.8125,0.9813643,10.167707,-0.018811526,0.4998247,-1.0026253,5.07788,4.3316483
0.63383955,4883.309,0.95808405,10.15572,-0.042819776,0.7096924,-0.9663669,5.049584,4.3320174
0.64574,4168.895,1.8932279,10.246405,0.63828325,1.1992664,-1.3828286,4.875819,4.2031446
0.64418936,4319.552,0.124958165,10.23025,-2.0797763,1.7113214,-2.5042846,4.4226785,5.059676
0.6568774,4039.793,1.5382049,10.050645,0.43061614,-0.85641897,2.26527,5.12061,3.479189
0.6545433,4242.417,0.7337676,10.065961,-0.30956283,-0.86541027,2.073913,5.0782022,3.5814238
0.63924646,4523.676,0.5931951,10.272471,-0.522232,-0.06753373,-2.631269,4.957586,3.424771
0.61912394,5620.9443,1.0814028,10.187221,0.07825907,-0.57208663,-2.710517,5.105028,3.2498028
0.620415,5440.9688,0.18362647,10.136486,-1.6948516,0.43135908,0.72837746,4.3576493,3.3504655
0.6210375,5521.0596,0.27188736,10.1322,-1.3023674,0.38534737,0.47045678,3.8956513,3.5655713
0.6012107,6415.261,0.034544937,10.08666,-3.3654943,-0.7457104,-0.07857295,6.7512093,4.2298455
0.6011168,6456.9272,0.85384,10.116635,-0.15801144,0.55540806,-1.3313527,4.521536,3.7160952
0.601458,6319.247,1.5958619,10.046133,0.46741402,2.081446,0.22914205,4.8994255,4.3371654
0.6308571,5087.15,0.06627871,10.159014,-2.7138865,-1.433489,-0.2835865,5.489125,3.6537306
0.62064046,5521.7646,3.169243,10.081344,1.1534928,0.6341696,-0.42899546,4.7592764,4.2190223
0.6171677,5491.3994,1.7516326,10.159341,0.56054825,0.2986393,-1.233723,5.173605,4.8007274
0.612262,5652.6616,3.7040212,10.163009,1.309419,-0.10740462,-0.0024906925,4.8160014,4.383599
0.6155634,5665.539,0.01676162,10.148787,-4.0886636,-0.89383394,0.6093883,5.717643,2.820753
0.61916256,5240.6807,4.115018,10.202496,1.4146432,1.401573,-0.5078951,4.7171006,4.8124127
0.6270975,5165.9863,2.0918047,10.064585,0.7380272,1.819709,0.989666,5.1544046,4.8335357
0.6236166,5380.358,0.023574771,10.211831,-3.7475781,-2.2421196,-1.0415955,5.6061144,3.8894672
0.62155396,5430.5635,0.045828734,10.14274,-3.082844,-0.96457994,-0.86182916,4.761147,3.6254237
0.6050371,6170.9043,0.43687555,10.063429,-0.8281069,0.63167965,0.31183115,5.396928,3.2421768
0.6100792,6172.238,0.10278646,10.06963,-2.2751017,-0.6113487,-0.17718303,6.314434,3.0543616
0.59049296,6991.147,0.0016193951,10.075415,-6.4257026,-0.04987696,0.038098425,5.966856,3.7287006
0.5918509,7036.9834,0.017896015,9.965487,-4.023177,-0.9181273,1.0624228,5.7101917,4.0911045
0.6058309,6163.9834,1.7547791,10.114579,0.562343,1.9072411,-1.5445029,5.5360627,3.1816146
0.596999,6419.6406,4.7785435,10.076432,1.5641358,1.9751722,-1.5002605,5.2977805,3.7336023
0.5793494,7673.2217,1.214792,9.973024,0.19457285,-0.87275267,0.087798946,4.6145034,3.83423
0.6096879,5918.152,0.021784555,10.141331,-3.826554,0.78446114,-0.83336353,5.6915283,3.1668174
0.62982583,5123.72,0.22365825,10.198334,-1.4976361,-0.7327059,-0.7824243,4.1990557,4.759031
0.6137216,5630.2324,0.1219774,10.11232,-2.1039195,1.4293343,1.4079932,6.597425,3.7083979
0.61051965,5568.8916,0.21109793,10.180049,-1.5554332,-0.30600804,2.5595357,6.0458584,3.4121032
0.6366174,5023.997,0.47747505,10.036829,-0.7392434,-0.5756865,0.8998168,5.563796,3.5406308
0.6464865,4320.239,0.281768,10.172635,-1.2666713,0.4838595,-0.93471956,5.65196,3.4815838
0.64049643,4574.8916,0.6479029,10.13336,-0.4340144,-0.7967338,0.96109855,4.291838,3.3796527
0.6076705,5966.695,0.2207364,10.188406,-1.510786,0.33438474,-0.39544013,6.306978,4.2372627
0.63116914,4663.6216,1.0435774,10.249848,0.04265462,1.7073798,0.9358845,6.119055,3.711472
0.62599564,4980.419,0.79937327,10.219077,-0.22392729,1.6683493,0.81383824,6.2067537,3.5098717
0.61954504,5286.514,0.58088046,10.226813,-0.54321027,1.1788496,0.34678662,6.0537887,3.492539
0.61669445,5755.775,0.015365859,10.106412,-4.175607,-0.24451725,0.8297814,4.801896,3.2512214
0.60093164,6082.794,6.0461707,9.977422,1.7994251,0.62539285,0.8442097,6.1547112,3.8029375
0.6061266,6136.499,0.97927636,9.960037,-0.020941379,0.1014259,1.7709719,5.45271,2.867989
0.5977961,6542.6333,1.2543411,10.028337,0.22661039,0.76948106,2.1577442,5.0318737,2.9834344
0.6250033,5358.069,0.37455398,10.090094,-0.98201936,-1.3530141,1.1381187,5.4773464,3.449975
0.6409521,4683.5273,0.13167496,10.175236,-2.0274189,-1.9641345,1.1581147,5.376255,4.154469
0.6390698,4925.0757,1.241057,10.109628,0.21596348,-1.5506432,-1.2234875,5.627469,4.6186833
0.6293239,5016.978,10.4065,10.164324,2.3424306,-0.32265702,-1.2021458,4.9052095,3.8262033
0.63555586,4878.7983,10.202602,10.00088,2.3226428,0.7064034,-2.0765445,5.872438,4.149737
0.62120163,5160.5947,16.117384,10.112607,2.7798984,1.9269066,1.072794,6.048557,4.9547033
0.62427795,5181.7266,1.9266248,10.076434,0.65576965,1.7356668,1.8103824,6.1134305,4.7186313
0.6356699,4798.1455,7.055346,9.957926,1.9537857,0.040646993,2.5223265,6.275887,4.727477
0.59712577,5776.956,23.861038,9.727131,3.172247,-0.26428688,-1.9642118,4.3210893,3.1034498
0.5987465,5893.282,24.543892,9.733873,3.200463,-0.20305012,-1.9757408,4.311799,3.0955925
0.59434825,6119.0947,20.11311,9.798843,3.0013719,0.04408412,-2.1689684,5.4249105,3.8339667
0.5961125,6204.6772,14.36439,9.778362,2.6647522,-0.10430453,-2.3235953,5.4538264,3.734671
0.61477476,5379.0225,16.84171,9.945974,2.8238585,0.74927086,0.85476285,5.849146,2.9886532
0.60015285,6401.244,2.172579,9.987169,0.77591497,-0.61910886,0.38281253,3.8948007,4.792494
0.59179395,6669.8623,2.9248338,9.912639,1.0732377,0.038396142,0.5452265,4.031637,4.3195076
0.59768337,6730.138,2.9366503,9.959826,1.0772696,-0.21596701,0.5174608,4.442259,4.5129433
0.5961693,5960.983,11.737729,9.768162,2.4628084,0.663828,0.17532149,4.5084167,4.5433474
0.6076522,5530.617,13.938812,9.870248,2.6346772,0.8238384,0.29679048,5.2198076,3.6729314
0.6252461,5254.0127,10.80417,9.940438,2.3799322,-0.3430283,-0.77511597,5.476735,3.4612908
0.6178558,5291.833,15.3817425,9.777572,2.7331812,0.6987372,0.14417863,5.6714654,3.3860276
0.6073111,5815.27,10.485378,9.741744,2.3499818,-0.8148425,0.3427681,4.8926773,4.638873
0.5990156,5721.6475,28.471245,9.562844,3.3488946,0.49488854,0.0807833,5.448021,3.1204276
0.587972,6333.703,22.67305,9.516623,3.121177,-0.3181176,-1.240815,6.1644964,3.0552642
0.5882128,6300.416,18.924887,9.524748,2.9404778,-0.24079192,-1.2759088,6.062711,3.112297
0.58950835,6267.7607,27.55286,9.528012,3.3161063,-0.5937371,-0.7932962,5.799277,3.5310347
0.61331296,5487.754,22.802254,9.861378,3.1268594,-0.8061053,-1.1635797,4.646913,4.175912
0.61726713,5285.7324,38.63695,9.934176,3.6542091,0.084025286,-1.3209628,5.0953584,4.0950675
0.6026373,6383.6797,4.94975,9.889159,1.5993371,-0.37523398,-1.0644615,5.9244432,3.9048781
0.6033549,6320.6113,1.1054637,9.971784,0.10026489,0.066481605,0.3746654,4.21378,4.5521274
0.59736574,6460.959,0.21562572,10.111482,-1.5342112,1.2389178,0.5349938,6.005394,3.8482957
0.61511916,5526.379,0.096661,10.193227,-2.3365452,0.36266842,0.16600765,6.470899,4.452389
0.60949576,6072.5195,0.29776818,10.119687,-1.2114401,-0.52983814,-1.2423694,6.8516607,4.6566305
0.61936474,5570.2217,1.1879363,10.069478,0.17221762,0.56089765,-0.016486604,7.261306,3.9157674
0.62251997,5385.4697,0.19913432,10.151401,-1.6137757,1.0206211,0.13697675,3.7557807,3.720357
0.6314483,4828.87,1.1506308,10.224504,0.14031035,0.8502151,0.6909616,4.250622,3.838621
0.61276835,5706.587,1.7691845,10.106468,0.5705187,0.47333553,0.91948295,5.012479,3.7380602
0.6177348,5769.223,1.3114858,10.114319,0.2711607,0.42478675,0.56894743,5.057433,3.9053833
0.60069865,6341.0366,0.12761424,10.148958,-2.0587432,2.5480654,-1.1108643,4.901917,3.4006686
0.6260977,5167.9414,0.18519616,10.217842,-1.6863397,0.042362846,-1.2186608,4.8671722,4.1593394
0.6186519,5565.9883,0.7776709,10.181922,-0.25145185,0.43073216,-1.8467702,4.626082,3.9425151
0.6187132,5629.3003,0.025574015,10.113881,-3.6661785,0.36691397,1.9002881,5.298055,3.4896798
0.6168093,5553.35,0.1674634,10.121298,-1.7869904,0.4189809,1.6389351,4.758815,3.4311957
0.62450284,5310.8076,0.29457074,10.134336,-1.222236,-0.010142463,1.4107524,4.4207826,3.5158458
0.6273343,5346.833,0.29976478,10.122917,-1.2047572,-0.19317746,1.9077016,4.2679243,3.6420288
0.6258816,5326.1553,0.21607581,10.089526,-1.532126,-0.13155669,1.3974953,4.741554,3.6072915
0.62151444,5476.587,0.47491997,10.164777,-0.74460894,0.9156867,-1.3554884,5.0999575,3.8908195
0.59926516,6588.724,0.99825746,9.996876,-0.0017440323,0.28789687,-0.86860514,4.9432755,3.6625657
0.61266494,5867.6436,1.4977846,10.096574,0.40398714,1.2784525,0.21131025,5.819123,4.517408
0.61772525,5559.867,4.3503237,10.064579,1.4702502,-1.203815,-0.014178464,5.020205,2.9451888
0.6266258,5183.8486,0.078352794,10.20954,-2.5465336,0.015364925,-0.036115427,4.68014,3.5035272
0.6113098,6050.025,2.0079117,9.97469,0.6970953,0.5260973,0.37841076,5.9555283,4.4492517
0.59852064,6435.966,1.4127493,10.114042,0.34553766,0.05590589,-1.8314193,5.4955063,3.872665
0.62020046,5482.61,0.16791633,10.084683,-1.7842895,0.74340624,1.5057626,4.8379364,3.8503194
0.6279092,4815.122,0.61849666,10.222875,-0.4804635,0.64675957,1.2336584,4.2819395,3.9426308
0.6171131,5792.341,0.19340806,10.072346,-1.642953,0.5640668,-1.1757067,4.4825644,3.6531696
0.6047267,6205.8735,0.09637003,10.145013,-2.33956,1.2793435,-0.30698568,4.4434485,4.609081
0.63814074,4417.559,0.25045973,10.2545,-1.3844571,0.78800416,0.14995444,5.914609,3.1096282
0.6207995,5387.2354,4.5170064,10.138018,1.5078495,0.657383,-1.0502998,4.400764,3.9713058
0.6174854,5506.1987,0.017450383,10.189303,-4.0483937,0.5759661,-0.31559312,6.01297,3.9593005
0.603901,6464.903,0.28143033,10.050287,-1.2678703,0.17451866,-1.0846692,5.230548,3.3515909
0.6044297,6250.0713,1.0435848,10.121294,0.04266178,1.2906545,-1.2804996,7.315035,4.3637843
0.63819396,4717.663,0.01658678,10.122535,-4.099149,-0.34809092,0.7232236,4.2388945,3.732851
0.6386916,4629.1606,0.13887194,10.195561,-1.9742031,0.9724452,0.24591608,5.1792703,4.7039366
0.6445101,4239.3296,0.123073846,10.227958,-2.0949707,1.7606155,0.32702577,5.292699,4.1268487
0.6313209,4739.692,0.058947004,10.233371,-2.8311164,1.4295133,0.32629833,4.6977205,4.648904
0.6351627,4609.2603,0.0037179952,10.237552,-5.5945706,0.91073227,0.017757136,4.1513696,4.140307
0.62967587,4921.75,0.005488169,10.225758,-5.2051606,0.89071226,-0.13022767,4.4650483,4.4372964
0.6216414,5333.2446,1.9229438,10.1454525,0.65385723,0.22615334,0.6311811,5.3724494,3.341493
0.6301409,5010.919,3.1323745,10.179438,1.1417913,1.7654486,-0.14809768,5.1255374,3.4035866
0.62229407,5498.011,0.025411734,10.072328,-3.6725442,-1.1242054,-0.37229127,5.71602,4.9439816
0.628389,4905.6636,2.7682128,10.234528,1.018202,0.5877123,-0.37800807,3.8707006,3.475101
0.60768914,6139.69,0.018736146,10.120828,-3.9773006,2.1198325,-1.3481513,5.7109184,3.415927
0.6296596,4444.998,0.027525254,10.358435,-3.5926514,1.2235298,-1.0442188,5.6022043,4.4987044
0.6238051,5344.249,0.2524903,10.175845,-1.3763824,-0.41758746,-0.61685884,5.430103,4.2152286
0.6324658,4935.763,1.1154362,10.177035,0.10924558,0.25976422,0.5432547,4.7024193,3.5203793
0.591393,6935.6553,0.7157146,9.977292,-0.33447382,0.03177292,-0.17966546,5.7268534,3.992583
0.58674634,7294.246,0.71261597,10.001905,-0.33881262,0.46201402,-0.6557857,5.9033575,4.266291
0.58633757,7137.8564,0.3807199,10.032019,-0.9656914,0.67761207,-0.034011517,5.9709196,4.93648
0.5992697,6596.3867,0.4005957,10.021793,-0.9148026,0.10157182,0.31757024,6.536983,5.809081
0.6309998,5017.1567,1.5664624,10.141902,0.44881982,-0.41328704,-0.23662028,5.1300707,4.020616
0.6317423,4993.4556,1.9569407,10.127756,0.67138237,-0.4080354,-0.2909823,5.08954,3.88615
0.615426,5605.4155,0.14400682,10.147718,-1.9378946,0.46120632,0.49896392,5.288218,3.6971626
0.6073591,5980.054,0.102955446,10.141112,-2.273459,0.20815879,0.7105469,5.348688,3.8247333
0.62580544,5171.449,0.3269934,10.148755,-1.1178153,1.0233673,-0.23613012,5.1302767,3.307385
0.62443876,5352.178,0.53339756,10.137583,-0.62848824,0.87632966,-0.050145295,5.118539,3.3199878
0.6192073,5578.4126,0.2968014,10.113947,-1.2146921,0.19803904,-0.30145156,5.4412436,3.0732524
0.63085175,5026.0566,0.10323469,10.160988,-2.2707503,0.5270478,0.85548145,5.1234555,3.3943594
0.61410105,5593.653,1.4814765,10.208538,0.3930393,-0.1629713,-1.317081,6.5391145,3.8525255
0.62748617,5361.981,0.087052025,10.143104,-2.4412494,-0.7781878,-0.58953905,6.0547566,4.762082
0.64636564,4099.428,0.08739184,10.275412,-2.4373534,1.1550161,-1.1735897,5.7170606,3.3681972
0.63005245,5045.1475,1.2880241,10.161019,0.2531093,0.10476689,-0.013946779,5.191621,3.1466036
0.6019839,6337.8604,0.30374748,10.1047945,-1.1915586,0.34826303,-0.40902203,5.0743833,4.1448708
0.6024854,6453.875,0.22824723,10.071054,-1.4773259,-0.77670175,-0.4637056,5.295891,3.864241
0.59870034,6631.103,0.07246437,10.061999,-2.6246603,-1.184966,-0.26316303,5.4847016,3.303576
0.62959003,5241.223,0.040866762,10.154932,-3.1974382,0.25718895,0.23810385,5.4488916,3.492702
0.6266706,4978.3403,0.044853542,10.190525,-3.1043527,1.4904509,1.8373735,6.2611756,3.6626203
0.6240519,5370.1494,0.16667604,10.142178,-1.7917032,-1.7063129,-0.5876291,4.149094,4.0871515
0.6324792,4783.841,3.2250001,10.21352,1.170933,-0.4269119,1.0916648,4.3774133,3.0572352
0.6203388,5560.9517,2.2147307,10.158053,0.79513085,0.58698684,-1.3722293,4.838246,4.0607944
0.6321901,4927.651,10.048576,9.751687,2.307431,-1.366538,0.89619726,5.1041603,3.6798315
0.64206403,4468.853,17.258776,9.632384,2.8483207,-0.6673881,1.5017635,6.0762854,3.3380578
0.6390464,4349.973,20.832733,9.592854,3.0365255,-0.56605077,1.3685186,5.913656,3.066371
0.64685935,4343.6934,6.046546,9.570684,1.7994872,-0.49560857,0.9650519,5.925523,3.2466671
0.5948503,6191.66,34.27592,9.322621,3.5344431,-0.9716619,0.7295285,6.12157,4.493123
0.59057975,6261.423,24.810003,9.318562,3.211247,-1.1667064,0.69087195,6.1641846,4.3388615
0.63815403,4798.615,12.901806,9.876171,2.5573673,0.07764329,-0.39592817,4.843545,3.386189
0.63879824,4732.5737,11.410706,9.902841,2.434552,0.51016825,-0.5995893,4.917075,3.5532813
0.5930665,6987.962,0.052661832,10.009937,-2.9438643,1.5582323,-1.3614466,5.222212,3.498217
0.604916,6304.4575,0.043434363,10.097385,-3.1365044,1.1439149,-1.3139181,5.3365717,3.8143458
0.6225458,5157.6963,1.02112,10.232437,0.020900032,1.0996898,0.20877965,4.9383774,3.0701756
0.6238599,5156.7686,1.7861501,10.212344,0.5800625,0.74854404,-0.09677434,4.7385054,3.239681
0.6324277,4816.6514,1.219782,10.228964,0.19867219,1.1504687,-2.0918596,4.8938255,3.552528
0.63495886,4886.6094,0.06508572,10.133552,-2.7320502,-2.5239813,1.0671453,5.429205,4.12419
0.6335523,4842.6055,0.2729884,10.205228,-1.2983259,-2.7649283,1.0147219,5.49889,4.407331
0.6208987,5604.126,0.018831762,10.021771,-3.9722104,-0.9256383,0.33609557,3.6290333,3.7874665
0.619135,5247.461,2.2584555,10.18393,0.8146812,1.5932924,-0.102634124,7.179205,3.5798538
0.61964554,5291.19,2.4294956,10.234796,0.8876837,0.97202736,0.23037563,6.9264135,3.754585
0.6291856,5215.7026,2.93716,10.118018,1.0774431,-1.9156023,0.54277897,4.183943,4.0174837
0.65268123,4287.3516,0.29073355,10.079293,-1.2353481,0.46475193,2.3473942,6.399849,3.9099243
0.65529317,3974.4702,0.13636355,10.156474,-1.9924308,0.38003728,-0.3929884,5.8955383,4.436374
0.66052115,3707.3723,1.1194844,10.180041,0.112868294,0.83441406,-0.23611955,6.0090485,4.4158993
0.61339104,5663.8833,0.13470016,10.206339,-2.004704,-0.65395397,0.10658655,4.707302,3.5377686
0.61285365,5832.173,0.34810168,10.1502285,-1.0552607,-0.6721436,-0.40906337,4.915674,3.5988219
0.60106945,6366.1436,0.7026906,9.963244,-0.35283855,0.043167476,0.3084145,5.293544,3.7548609
0.60368395,6590.5547,1.053511,9.987893,0.052128382,-0.06881517,0.3286434,5.398213,3.652696
0.5950037,6582.9233,2.8852034,10.032028,1.0595953,0.005895003,0.38948765,6.579348,3.5910916
0.60378426,6507.716,0.1606046,10.000341,-1.8288099,0.068992235,-0.5992009,4.9155545,4.543827
0.61995083,5210.735,0.3478825,10.223643,-1.0558904,-0.07563014,-1.4799575,5.268194,2.9538066
0.61864966,5405.866,0.38191152,10.20105,-0.9625663,0.048332043,-1.2914759,5.553147,3.0991569
0.6365277,4674.9077,0.5304703,10.170531,-0.63399124,-0.028762868,0.09266919,5.737423,3.9054425
0.63397694,4635.8467,0.38423926,10.250113,-0.95648986,1.3009914,-0.5127202,5.09531,3.5820022
0.6275031,5233.0464,5.788649,9.98275,1.755899,-0.7764833,-0.96800965,6.597452,4.608091
0.61959803,5390.8467,0.108459204,10.209676,-2.2213812,0.9432606,1.2541656,4.4346275,3.551449
0.62706524,5290.2285,0.26118016,10.168136,-1.3425448,0.14699864,-0.8686148,5.042653,2.71791
0.59964436,6491.772,1.1430669,9.990676,0.13371487,-0.22870746,1.0537401,5.419303,3.8679428
0.6126549,5804.969,0.31918287,10.127362,-1.141991,-0.39885473,0.96824527,4.619334,3.5431979
0.6229659,5483.262,0.7545055,10.090341,-0.2816927,-0.5916976,1.2176502,4.834235,4.3583746
0.61399645,5639.3115,0.19429183,10.185351,-1.638394,1.3693116,-1.102732,5.86693,3.2169156
0.6188851,5629.376,0.54560393,10.178797,-0.60586196,-1.0058349,-1.6914319,5.487353,3.646137
0.6014466,6253.769,1.9513327,10.024068,0.6685126,2.07965,0.81880045,5.3271112,3.9311042
0.6049352,6259.648,1.087526,10.010581,0.083905324,-2.0217893,0.01421732,5.007015,5.310891
0.5910514,6971.038,0.23001082,10.015639,-1.4696289,2.2375128,0.6610405,5.4227834,3.4287474
0.6000266,6323.796,1.2210858,10.005442,0.19974048,0.56821907,1.1747152,4.907464,3.6660109
0.60473037,6423.249,0.8117334,10.012385,-0.2085833,0.5237155,0.99164027,5.0142026,3.6916542
0.61744416,5528.239,1.1979512,10.111545,0.18061273,-0.078946784,0.43904418,4.7527514,4.432129
0.6354403,4947.9663,4.4107847,10.139008,1.4840527,-0.35308403,0.14809293,5.2649627,3.9715672
0.62578154,5146.8247,0.057094127,10.182128,-2.863054,0.8879974,-0.12530635,4.2986856,4.75223
0.63097394,5092.4893,1.6760187,10.140593,0.5164212,-1.4653692,0.57952964,5.7552986,3.0133638
0.6287858,5192.982,1.5855103,10.124817,0.4609063,-1.4220283,0.6269048,5.770787,3.0251093
0.63425153,4785.9976,2.488026,10.17554,0.9114896,-1.7674252,0.13139969,5.948989,2.9956684
0.6283167,5189.4404,1.8197343,10.156371,0.5986905,-1.1057539,-0.8755603,5.9824634,3.3351514
0.6402967,4353.1123,2.52165,10.244428,0.92491347,0.33004346,0.20587663,5.993805,3.0362725
0.6342404,4809.8223,3.8751135,10.19221,1.3545749,1.2085716,-1.2417194,4.9615765,3.0756617
0.6177448,5506.346,0.11836565,10.21926,-2.1339767,-1.2069104,-0.56359863,5.4405756,3.8408413
0.6205596,5380.7017,0.01300395,10.166019,-4.342502,-0.28367168,-0.21642172,4.50646,3.7765362
0.5763241,7299.712,4.9801188,9.91183,1.6054537,0.40577972,0.75572723,5.7393517,3.9535499
0.5818843,7217.154,2.4497411,9.937247,0.8959823,-0.007958703,0.961386,5.8438196,4.2498016
0.63169664,4723.639,0.097276434,10.281327,-2.3301985,-0.3504772,-0.58323735,4.5587254,3.326359
0.6324639,4976.8125,0.15970036,10.147847,-1.834456,1.9108814,0.5843316,4.6913033,3.903939
0.61929524,5463.706,1.1724936,10.124852,0.15913272,-1.5692315,1.2518836,6.009456,3.671616
0.61630553,5705.355,0.024133958,10.08379,-3.7241354,-0.72580606,-1.5569061,6.2305555,3.7410192
0.614434,5723.9683,0.081213154,10.14373,-2.510678,-1.4706012,-0.037323218,5.4477696,3.855087
0.6322384,4689.0986,0.07626491,10.224229,-2.5735424,-0.59533024,0.03306773,5.9173527,3.8670592
0.64661777,4206.8657,1.1559759,10.207432,0.14494492,0.7399543,-0.14888054,4.366317,4.269513
0.6416248,4465.9937,2.725461,10.141022,1.0026376,0.020046163,-0.75219,5.240979,6.0377164
0.6448403,4312.4155,0.024936689,10.164834,-3.691415,-0.5390623,-0.5428699,4.638016,3.9667087
0.6486123,4219.0605,0.028247435,10.205854,-3.5667527,-0.3483499,-0.19485569,4.7244897,3.9817166
0.631804,4823.175,2.8695538,10.163154,1.0541565,0.087948896,0.24303503,5.863233,3.7032168
0.62533575,5252.411,0.021808408,10.140805,-3.8254597,0.3810203,0.47867554,5.180501,4.1426578
0.62512606,5273.7827,0.046867132,10.144497,-3.0604386,0.32574123,0.47692737,5.0855803,4.164966
0.61547697,5767.973,0.20223764,10.078083,-1.5983119,0.30747616,0.74099183,4.9505897,4.538674
0.638942,4485.9336,0.29251438,10.221749,-1.2292415,-0.6930157,0.72598696,6.1267176,4.0977945
0.5928895,6890.2524,0.2394887,9.989282,-1.429249,1.8563339,-0.03907771,4.823752,3.3687382
0.59805524,6679.914,0.39230764,10.031221,-0.93570894,1.2740564,-0.12634085,4.6446714,3.3704352
0.57085943,8192.944,2.8781295,9.922085,1.0571406,-0.7057134,-1.8930918,5.109062,5.409313
0.59154,7120.423,0.075391494,10.036065,-2.5850608,1.0779208,-0.68901193,4.348888,3.9285555
0.5922693,6929.964,0.044282474,10.01733,-3.1171663,0.87053794,-1.3592385,3.9249485,3.8240016
0.62631565,5363.259,0.2036226,10.158348,-1.591487,-0.21166322,0.27395123,6.2918625,3.923876
0.59791774,6480.4893,5.5398865,9.755718,1.711974,-0.07289875,1.2618082,4.885534,3.9032521
0.59872824,6108.6655,10.5938015,9.815509,2.360269,-0.72207105,1.6674666,4.9620805,3.9595625
0.5990981,6010.1855,9.846849,9.785568,2.2871516,-0.07973451,1.1870589,5.3031273,3.9855816
0.6050838,5564.493,23.962711,9.710483,3.176499,0.28078392,0.020942973,5.147044,3.5950754
0.6139727,5589.9326,12.602459,9.870374,2.533892,-0.9506228,0.36174765,5.5169854,3.8270602
0.6363091,4844.88,4.5774336,10.06718,1.5211385,-0.70457274,0.06094119,5.471968,4.5071526
0.6420309,4599.7344,1.9177411,10.141234,0.65114796,-0.4618353,1.1082865,4.8022656,4.328471
0.64084893,4484.241,2.3699088,10.136023,0.8628515,-0.52390426,1.2861388,4.7207,4.3616076
0.6162996,5552.7803,0.041122515,10.219192,-3.1911995,0.47035927,-1.4933773,5.743908,3.4927855
0.6086474,6077.9233,0.19498272,10.116668,-1.6348443,1.6975309,-0.63348585,4.819108,3.1668522
0.61121786,5976.802,0.3851196,10.124084,-0.9542014,2.581387,-0.30018878,4.492811,4.0546374
0.6031115,6229.153,1.039649,10.107014,0.038883217,0.46907777,0.5901351,4.5871887,4.6399417
0.6006043,6478.6846,0.41827574,10.097977,-0.8716144,-0.7140453,-0.25388068,5.8607626,3.1106446
0.6030982,6454.1646,0.13601963,10.093857,-1.994956,-1.0403997,-0.3617658,5.6890635,3.1943724
0.58935654,7215.4165,0.115481526,9.971616,-2.1586447,-1.4751878,-0.7790796,5.8468127,3.241535
0.61153173,5984.1685,0.5618294,10.118857,-0.57655704,0.80070966,-0.94531,6.419715,3.0861917
0.58875227,7208.742,1.1154814,9.893621,0.109285995,-0.75415915,1.095723,4.157711,5.18939
0.61497283,5901.837,0.31111303,9.9608345,-1.167599,-2.1422896,1.3512399,3.6127982,4.05577
0.60897017,6054.0815,0.40218908,10.135105,-0.91083294,2.655158,-1.4089242,7.5418735,3.419312
0.6003761,6361.743,0.7720252,10.036641,-0.258738,0.7245852,0.76510686,5.628181,2.8997188
0.5940047,7165.6484,0.034315128,10.006483,-3.372169,2.4488015,-1.2605124,4.861196,4.815562
0.59251094,6909.569,0.12059326,10.08043,-2.115332,2.2468154,-0.50818497,4.8798413,4.62803
0.616825,5851.462,0.2912417,10.119492,-1.2336018,-0.15256405,-1.2874296,5.350145,3.765011
0.62833697,5041.4785,0.6848989,10.195777,-0.37848404,0.29576102,-1.4779714,4.528227,3.2459168
0.63503265,4767.29,2.870772,10.229522,1.0545809,0.51480806,-2.0459836,4.5841093,4.1662483
0.61905265,5435.5303,0.06979592,10.112717,-2.6621797,-0.42554805,2.0551286,5.9839497,3.4754314
0.64808965,4159.9717,0.05198551,10.260266,-2.9567902,0.14012696,-0.9549215,5.037165,3.928978
0.6191504,5406.075,1.5564705,10.074989,0.44242078,-0.9791767,2.194395,5.2026796,4.878647
0.6160915,5894.0254,0.050623093,10.091463,-2.9833474,0.23846345,0.1753823,4.735961,3.529197
0.6325612,4839.7026,2.646093,10.209143,0.9730842,-0.3204466,-0.56700313,5.6399117,3.9291818
0.6482298,4086.791,0.6435057,10.244835,-0.44082442,0.06921473,-1.3631914,5.3415356,3.7432475
0.6444354,4366.7944,1.1255805,10.238464,0.118298955,-0.11920394,-1.5946155,5.772112,4.044046
0.615782,5832.894,2.616715,9.9491625,0.96191967,-1.2475911,0.12377768,6.0658092,3.4584475
0.62204,5302.323,0.79672104,10.167031,-0.2272507,1.0612326,0.014133575,4.246777,4.0771003
0.60841864,6211.8975,0.11809386,10.029125,-2.1362755,-0.45055807,-0.19443923,5.8653507,4.079236
0.6207973,5409.887,0.13472171,10.172598,-2.004544,-0.6443388,-0.39525074,5.178619,4.770276
0.5995885,6660.587,0.20918508,9.969226,-1.5645359,0.6904916,0.10633732,5.24298,3.673617
0.6239425,5410.2246,0.016113881,10.16215,-4.128074,-0.5202071,-0.722667,5.131367,4.8751106
0.60071284,6494.6597,0.04158976,10.024372,-3.1799014,-0.00037824025,0.517676,5.3703775,4.7421236
0.6215353,5303.5312,0.42508316,10.195614,-0.8554704,0.5671598,0.5579769,4.3092723,3.6422303
0.62351096,5498.8726,0.19621962,10.1449175,-1.6285207,-0.56551373,-0.8968175,4.486032,3.9098334
0.6210486,5500.9253,0.11859299,10.168069,-2.132058,-0.122767515,-0.62040764,4.7576294,4.151867
0.62393445,5240.302,0.1101737,10.217593,-2.205697,0.12273671,-0.39233524,5.0613165,4.3653054
0.6343771,4746.0635,0.22647136,10.1825905,-1.4851367,0.34607694,-0.02939643,5.123828,3.829033
0.6205209,5335.8677,0.3225731,10.200277,-1.1314255,1.4629725,1.1414374,3.9041443,4.4241805
0.6165596,5748.014,1.011849,10.082965,0.011779425,0.26310077,0.7073522,5.64995,3.300122
0.6206289,5395.1816,2.065003,10.1179495,0.7251317,-0.40063116,-0.11345799,5.117087,3.4908247
0.6026769,6448.8545,0.35464326,10.009345,-1.0366429,-1.1671481,-0.7818604,5.4279294,5.2501307
0.6331729,5042.505,0.011579042,10.1436615,-4.4585586,-0.7780479,1.8832964,5.0956745,3.2499008
0.64744496,4406.3125,0.09458773,10.179716,-2.3582275,-1.6664838,1.0038658,5.5021744,3.379961
0.6249801,5450.6167,0.20955803,10.138719,-1.5627546,-0.65620255,-0.065117545,5.3619103,4.1075497
0.6361593,4814.999,0.14976153,10.119091,-1.8987111,-1.0573825,-0.3872078,4.751555,4.0552015
0.65368104,4048.8462,0.023845386,10.233567,-3.7361646,-1.0076978,-1.3697803,6.1714106,4.56718
0.6096553,5974.4453,1.6413383,9.9995775,0.495512,2.307565,1.6956695,4.588918,3.658643
0.59476066,6021.5317,12.39751,9.830747,2.5174956,0.9186019,2.129727,4.4467397,2.992608
0.62531656,5032.4683,0.0065551177,10.229878,-5.027509,-0.09595755,0.9380369,4.696902,4.65732
0.61679846,5732.856,0.13666375,10.132695,-1.9902318,-0.17441519,-1.1888039,6.4168777,4.427677
0.63482326,4784.87,1.0381252,10.162966,0.03741639,0.9024297,1.0232846,4.4923196,3.3631277
0.6508517,4069.9785,1.0117787,10.216042,0.011709868,-0.17482692,-0.8829283,6.157794,3.0174546
0.6404686,4652.4883,0.22140911,10.1944,-1.5077431,-0.038186044,-1.5670879,4.3543005,4.536939
0.59946865,6578.8975,0.23489681,10.028429,-1.448609,0.54030734,1.4042015,6.230899,3.2554626
0.5901594,7069.8853,0.10714648,9.927516,-2.2335584,0.7932145,0.678311,5.9792657,3.1470919
0.6369625,4661.7295,0.61945057,10.217785,-0.4789224,-0.45567703,-0.4203156,4.5207825,5.0208726
0.6356953,4688.772,0.7193831,10.223492,-0.32936117,-0.41126615,-0.36268336,4.5077767,5.015044
0.61596334,5577.1616,0.22684333,10.138346,-1.4834957,-0.70359254,0.6892518,5.7318826,2.9445205
0.616371,5653.233,0.34623176,10.175976,-1.0606469,-0.7345497,0.6728227,5.5757966,2.9062757
0.6105078,5871.2085,1.7734087,10.042522,0.57290345,2.1291394,0.6584027,5.2286577,4.79554
0.57199025,6687.194,29.217407,9.6893425,3.3747647,0.30953565,0.83802783,5.300209,4.272183
0.5688885,7128.672,19.946957,9.641186,2.9930766,0.12536813,0.7476207,5.163111,3.9179158
0.570969,6944.121,18.100784,9.71964,2.8959553,-0.3714346,1.2506584,5.373401,4.453309
0.576975,7399.5967,3.1875591,9.731355,1.1592555,0.14218527,0.67052794,5.9811897,5.134877
0.60969996,5751.1245,10.246105,10.0312605,2.3268976,0.50061405,0.3546478,5.483533,4.1959357
0.62673885,4929.75,0.014638962,10.2977915,-4.2240686,0.0739579,-1.6454667,5.2922435,4.4228735
0.6235792,4998.7266,0.002778457,10.268979,-5.8858595,1.6077205,-2.7631407,5.528988,4.994965
0.6236614,5130.736,0.0036756573,10.221767,-5.6060233,0.99917775,-1.3761489,5.7397275,4.9695845
0.63652384,4895.823,9.429831,10.098656,2.2438781,-1.0170804,1.3648615,5.1009727,4.2835217
0.6330874,4914.833,0.3237214,10.203979,-1.127872,1.9427431,0.061353665,5.0479183,4.068014
0.6347272,4616.3643,1.6844662,10.20622,0.52144873,1.1027979,1.2508256,5.0709405,3.3849564
0.6322496,4880.7803,0.41315612,10.167267,-0.8839297,1.1503829,0.45392826,4.7510605,3.55064
0.63686305,4411.0967,0.49645445,10.26073,-0.70026356,0.5001952,-0.29210168,5.2466826,3.9819412
0.6311534,5033.572,0.013847987,10.098076,-4.2796154,0.30053413,1.3782253,5.35798,4.7190967
0.6092434,5981.2173,2.5492961,10.086084,0.9358173,-0.9012789,0.5219511,4.922134,3.9244146
0.60912466,5984.657,1.69469,10.116542,0.52749985,-0.97307736,0.7155692,4.9992576,3.9043941
0.621567,4879.62,0.07040717,10.280686,-2.6534603,0.06907486,-0.24293979,5.8142157,4.5896125
0.6088544,6184.8657,0.0040234444,10.117843,-5.515617,0.61819965,0.3400997,5.356058,4.628811
0.64141214,4804.6934,0.8386021,10.100839,-0.17601891,-0.1287464,-0.5346997,5.0795746,3.455319
0.6377127,4498.7295,1.7610244,10.236131,0.5658957,-0.57958,-1.7452693,5.42456,3.446539
0.5822185,7494.255,0.041076448,9.926452,-3.1923203,0.9716333,1.1313876,5.1405015,4.828395
0.6171145,5533.7705,0.030473374,10.16184,-3.490902,0.5998636,-0.04131834,3.951815,2.833369
0.6154068,5658.117,0.27145606,10.100041,-1.303955,0.5488829,-0.068819225,4.0961933,2.8305655
0.6030756,6286.4014,1.6140416,10.146791,0.47874132,0.44726393,-0.059215866,4.471959,3.404037
0.6007489,6065.1943,1.2795684,10.145311,0.24652287,0.64109594,0.21289565,4.165481,3.198071
0.61950856,5898.7944,0.019481683,10.044983,-3.9382806,-0.8285871,-0.077817164,6.4353757,5.7009783
0.60472083,6365.0103,0.051668618,10.160938,-2.9629047,1.1984334,-0.1771673,5.2991657,4.5675364
0.61326915,5767.7876,10.615637,10.00496,2.362328,1.2090466,-0.75965875,5.595261,5.340866
0.59467447,6812.5327,3.4005742,9.856462,1.2239443,-1.0056581,0.557273,5.1359572,4.6635976
0.5960027,6044.877,13.979279,9.811019,2.637576,-0.46879756,-0.6532474,4.8621426,4.0069427
0.6444919,4445.117,10.413613,10.079384,2.343114,0.27467632,-0.29847273,5.679594,4.181194
0.6627321,3971.233,3.8602302,10.0571165,1.3507268,0.5430764,1.4036856,4.725122,3.4174664
0.662025,3857.65,0.34312135,10.126181,-1.0696712,0.58891684,1.1235331,5.351045,3.6464088
0.6542456,3960.0242,0.21291426,10.151534,-1.5468657,1.476181,1.4064732,4.8188195,3.8460255
0.6295532,5029.0137,0.12922274,10.225471,-2.0462177,-1.5509119,-1.2511448,5.555716,4.011315
0.62852407,5077.1396,0.9624033,10.170282,-0.038321666,1.2097615,-0.5158866,5.5041428,3.9805706
0.6442511,4410.754,16.12052,10.2330675,2.780093,1.2867604,-0.7340874,5.6300592,4.096539
0.5939828,6695.8047,0.20292592,10.073804,-1.5949143,1.7299857,0.063030496,4.7954254,4.6444182
0.63073534,5043.6064,2.3365598,10.107747,0.84867966,-2.0976245,0.23700199,5.482021,3.654566
0.61637557,5501.76,0.009109355,10.149329,-4.6984534,1.0666556,0.38210735,5.2028856,4.520152
0.6368777,4433.161,0.0060615013,10.26983,-5.105798,0.45584688,0.44743416,4.795527,3.511828
0.5873096,7220.975,0.65432495,9.869922,-0.4241512,-0.4874685,-0.21954003,5.7594004,4.2543907
0.5893761,6948.1924,1.6432204,9.953062,0.49665803,0.49063405,-0.16340888,5.4736285,3.498214
0.6415126,4378.878,0.15280867,10.258042,-1.8785686,-0.19295406,-0.65474415,4.8717875,4.101683
0.6431122,4510.46,0.21846484,10.154943,-1.5211302,-0.20639923,-1.1582445,4.644095,4.7069173
0.64914584,4137.638,0.012418371,10.172182,-4.3885784,1.4027506,-0.07198258,6.176397,3.4778924
0.65304565,3818.8274,0.016440995,10.232629,-4.1079774,1.266679,-0.34979317,6.3131685,3.7833898
0.6450209,4471.798,0.95979273,10.16201,-0.041037895,-1.904139,1.5694823,4.4403176,4.068267
0.64515364,4442.0034,0.22408004,10.092857,-1.495752,-0.7439946,0.78532606,5.6304064,4.6699076
0.6481535,4404.0557,7.221563,10.090786,1.9770714,0.3472822,-0.95504105,5.0461807,4.055995
0.62362236,5344.9844,0.1757638,10.198092,-1.7386142,-0.6221971,0.0056621046,6.9204946,4.2188725
0.6064036,6346.1045,0.2632219,10.016438,-1.3347579,-0.8690576,-0.7557201,6.3765407,3.6887524
0.6183828,5777.8896,0.32005548,10.069481,-1.1392609,-0.91937137,-0.63717073,6.7351747,3.960696
0.5499636,8196.74,19.041698,9.729813,2.9466312,1.0803152,0.7881344,4.1067114,4.4312863
0.5659894,7720.146,9.147167,9.876063,2.2134442,0.8497751,-0.3541704,4.5433874,4.5088553
0.6340806,4865.5903,0.013067975,10.153752,-4.3375907,-0.9470913,1.520865,5.5770082,3.6430094
0.6184698,5511.9233,0.21781018,10.1229725,-1.5241313,0.42066225,1.6439826,6.0158763,3.916371
0.61315155,5520.7974,8.607245,10.104089,2.1526043,1.3350421,0.5117123,5.9553604,3.9252348
0.6119721,5778.222,0.9765405,10.087844,-0.023739042,1.177127,0.5985234,5.998067,4.266446
0.6125992,5860.9526,1.1819853,10.0465355,0.16719541,-1.31368,0.42281693,4.323214,3.8177595
0.62590784,5070.969,0.8406663,10.194681,-0.1735605,-0.0062843617,-1.0789151,6.4170427,4.7036867
0.61927664,5363.9683,1.1253297,10.219341,0.118076086,-1.6371771,-0.829202,6.1026955,4.178005
0.6318766,4954.825,0.0738966,10.204166,-2.6050885,1.6181496,-1.2769512,4.364034,3.7779276
0.5863906,7176.1797,3.3352795,9.798156,1.2045565,-0.802532,0.96286446,6.462784,4.075948
0.60506904,6029.3496,6.5198274,9.97906,1.8748479,0.5905152,-0.29432887,4.9420996,4.1171136
0.6039058,6114.6445,5.5968456,9.945344,1.7222031,0.43907157,-0.2896718,4.7556276,3.7423587
0.5960462,6454.382,5.4537764,10.001128,1.6963083,0.21390814,1.0540199,4.388593,4.331328
0.6166096,5754.86,0.0406047,10.118399,-3.2038715,0.15503165,0.26048052,5.2410135,4.790843
0.5862012,7282.995,0.14559428,10.010082,-1.9269314,0.41039854,-1.3419046,4.4217396,3.4162006
0.5899957,7106.612,0.068549454,9.902344,-2.6801999,0.64935267,-0.8856431,5.1765265,4.393321
0.600438,6611.7686,0.16563042,10.000107,-1.7979964,0.103720486,-0.69126457,4.450946,4.8031178
0.61425817,5731.198,0.4261935,10.13195,-0.8528618,0.38692227,0.44609204,4.1466923,3.8740501
0.61343026,5937.0244,0.66342133,10.031445,-0.410345,-0.27833685,0.33084023,4.374101,3.332375
0.6332894,4280.301,0.08772056,10.336873,-2.433599,0.7765573,-0.8081421,5.5711365,4.1444225
0.6302264,4837.3877,0.07928054,10.251051,-2.5347626,0.60322535,-1.3078574,6.012721,4.2530246
0.6042598,6277.2114,0.100200325,10.045962,-2.3005838,-0.1294078,1.2698171,4.5237412,3.850116
0.5971262,6654.7686,0.27373323,10.078157,-1.2956012,1.367279,-1.6846197,5.225144,3.1127012
0.5967826,6706.535,0.11868421,10.1085,-2.131289,0.6538427,-0.5843698,4.517541,3.9349942
0.6259297,5456.3877,0.24785346,10.024185,-1.3949176,-1.9730886,1.435138,6.308977,3.5716805
0.6231189,5270.52,0.022048425,10.177022,-3.8145142,0.5083311,0.1599907,4.9511757,4.897641
0.64566404,4314.6025,0.12127371,10.189035,-2.1097052,-0.19561343,-0.7310763,4.0175886,6.512409
0.64679736,4332.5864,0.5192212,10.194427,-0.6554253,-0.32605174,0.4663683,4.5207233,6.239735
0.6177498,5623.753,0.15633424,10.106599,-1.855759,-0.20343629,0.3914303,5.151588,4.027193
0.60258305,6405.3477,0.5324155,10.012455,-0.63033104,-0.81680095,-0.03157672,4.8183537,4.6088996
0.61109376,6110.925,0.53658444,10.080796,-0.6225313,-0.8345634,-0.10904392,5.8296432,3.9817865
0.59733224,6447.2646,0.9426174,10.103641,-0.05909481,-0.3891573,0.23922503,5.7701406,3.8205285
0.6167037,5832.672,0.20825744,10.063001,-1.5689803,0.8199925,-1.3704472,5.349789,5.1979775
0.602082,6260.1973,0.9731517,10.126098,-0.02721534,-0.67333186,-0.81182754,6.3100653,2.824514
0.62311256,5163.817,0.15069361,10.223206,-1.8925066,0.57446665,1.6134546,4.2770476,5.2188535
0.6205909,5277.124,0.5180207,10.1785,-0.6577401,1.0466253,1.0681626,5.055023,4.795437
0.6174419,5747.5024,0.73667866,10.16824,-0.30560347,-1.2378385,-0.16688523,5.6422195,4.506087
0.6104026,6145.1123,1.3888329,10.107332,0.32846376,-0.05127338,-0.10737998,5.988553,5.439809
0.60534585,6211.528,0.0048918035,10.059825,-5.3201942,0.47168767,0.5525584,5.3338566,3.8480763
0.62559813,5353.5146,0.47281402,10.076777,-0.7490531,-2.18198,1.6074146,5.3302956,3.7341974
0.62100524,5418.676,0.56825584,10.05072,-0.5651835,-2.12513,2.0393841,5.277317,3.5858564
0.6200383,5383.951,0.074425496,10.160721,-2.5979567,0.65378517,-0.064424954,5.264736,4.5567102
0.6181729,5181.826,0.07153853,10.266408,-2.6375191,1.0699688,0.16419159,7.2965255,3.972651
0.63411504,4964.2017,0.05895014,10.08914,-2.8310633,-0.8400277,0.012639831,4.168245,3.8901267
0.63451886,4859.0176,0.050347827,10.1414175,-2.9887998,-0.052426882,-0.26460665,3.9878747,3.8046725
0.6398128,4542.0015,0.34422618,10.2136545,-1.0664563,-0.8588608,0.9149197,5.0886097,3.3037376
0.63823295,4646.869,0.3449,10.201507,-1.0645007,-0.7259208,0.7823261,5.1595855,3.3923748
0.6388278,4676.884,0.59458685,10.161623,-0.5198885,-0.2115204,0.61509305,5.47433,3.665267
0.6132906,5609.7036,0.22178797,10.176734,-1.5060334,0.35961658,-0.52553016,5.1908665,4.1137867
0.61334467,5746.0586,0.11658142,10.158513,-2.1491654,-0.85036397,-0.5089496,5.3343678,3.6250463
0.6349989,4589.682,0.4880033,10.226835,-0.7174331,0.65595275,0.7695983,5.0938616,3.920341
0.6231648,5486.6597,2.2683473,10.09829,0.81905144,-1.6279403,-0.36491168,4.5109515,2.7904224
0.62476593,5358.5166,2.534397,10.13267,0.9299557,-1.9283267,-0.053052593,4.3837876,2.918347
0.63788974,4538.4155,0.113400675,10.210258,-2.176828,-0.95404917,-0.06088203,4.841764,3.0692368
0.6256619,5485.036,0.1632886,10.067804,-1.8122362,-0.1571233,-0.72120374,4.703263,3.6858132
0.6189221,5682.078,0.13249448,10.0964575,-2.0212142,0.06380066,-0.40297925,4.2028737,4.2730184
0.6156093,5677.9585,0.603824,10.175639,-0.50447243,-0.41745588,-0.88782555,4.3372936,3.527991
0.6169155,5523.1646,0.6990665,10.160347,-0.35800937,-0.16955023,-0.8425804,4.4702344,3.48594
0.6174202,5595.9014,0.1542056,10.161358,-1.8694685,0.5293127,-0.9250694,4.324855,3.8058987
0.6230099,5157.7905,0.028889125,10.262639,-3.54429,0.20447361,-0.88066834,4.425214,3.5121765
0.5951373,6774.964,0.019594846,9.956619,-3.9324887,0.64344925,0.22956686,5.3274236,4.7611327
0.59398484,6900.3584,0.01603248,9.928303,-4.1331387,0.27111742,0.24856468,5.623079,5.234974
0.640977,4541.7314,0.10673983,10.143706,-2.237361,-1.3341417,2.3982348,5.497436,3.9749813
0.6732929,3461.2273,0.15398777,10.082616,-1.8708822,1.3555218,-0.050088674,4.8968964,4.9389663
0.6669478,3662.2747,0.08092493,10.039781,-2.5142334,1.0476394,0.016959976,5.421409,5.2187653
0.67466056,3643.884,0.25093448,10.066525,-1.3825634,0.41565883,0.019744892,5.3459105,6.020495
0.6573074,4185.2803,0.03457089,10.005697,-3.3647432,-0.8429351,0.7249174,6.4802403,3.4785056
0.6416542,4784.4414,31.606852,10.016863,3.453374,0.34953976,0.6417097,4.268179,4.3358107
0.63750875,4395.5527,0.23728873,10.233875,-1.4384776,0.27163988,0.63893414,4.9654016,4.2586884
0.5949033,7021.7646,0.11703653,9.901827,-2.1452692,-1.0860914,0.9949326,5.9176197,4.3019695
0.5915327,7045.0107,1.22729,9.96824,0.20480852,1.5032634,-0.77935225,4.6204085,3.2897668
0.600268,6623.4287,0.35078755,10.010308,-1.0475745,0.31521675,-1.0276704,4.5930266,3.4230914
0.61096036,5878.3276,0.72808534,10.070459,-0.317337,-0.51595265,2.276855,5.6814594,4.789486
0.60265976,6521.3853,0.13855262,10.016593,-1.976505,-0.3029233,-1.869026,4.8752933,4.2581763
0.63122195,4670.249,0.40497178,10.213887,-0.90393794,-0.013624302,2.3030648,5.8979735,3.5812516
0.62324053,5312.52,1.4134128,10.147358,0.3460072,-0.4355952,0.6024117,6.0616903,3.565648
0.6186045,5524.999,0.24631493,10.157495,-1.4011444,-0.2842146,-0.15651886,5.9494276,4.352057
0.6422445,4472.007,0.70702106,10.1797285,-0.34669486,0.19868177,0.033756427,4.314404,3.5641115
0.62830615,4978.1006,0.23814726,10.221275,-1.4348661,0.28627852,0.6217248,6.2658815,4.122584
0.60819936,6160.585,0.32361233,10.072098,-1.128209,-0.22165963,0.013612207,4.1000986,3.3205383
0.6066072,6254.6636,0.20692356,10.093569,-1.5754058,-0.5647075,0.015622636,4.4470115,3.2767973
0.61581755,5745.503,0.10728291,10.175834,-2.232286,-0.16274068,-0.36190993,4.59332,3.523125
0.6032647,6452.801,0.33803722,10.036944,-1.0845993,-0.54702395,1.0918373,6.1540823,4.192626
0.60402,6155.4673,4.195158,10.016981,1.433931,-0.67110634,0.8684882,7.0961323,4.1171236
0.6088655,6236.167,0.00225452,10.041156,-6.094818,-0.57396835,0.49810994,4.394928,4.2102876
0.6032338,6572.4243,0.0053241495,9.969481,-5.2355022,-2.3740811,0.4777368,3.6846495,3.4952695
0.6073477,6222.7197,0.789233,10.103205,-0.23669368,0.6168957,-0.7446294,6.402218,4.85376
0.6159851,5567.116,0.49624705,10.1714735,-0.7006814,0.26642108,1.2273837,6.5751286,4.054302
0.61760604,5440.2837,0.47705612,10.174701,-0.7401211,-0.014013445,1.1932902,6.7218013,4.26216
0.6160921,5229.1064,0.8875969,10.226611,-0.11923755,0.7428346,1.9804325,6.838731,3.7912896
0.6104704,5717.197,0.724571,10.17541,-0.32217547,1.8910711,1.3873608,6.25955,3.7043157
0.6180378,5118.8433,0.40508103,10.231583,-0.90366817,1.5527229,2.0982776,6.402787,2.8330991
0.6175109,5154.8706,0.50140053,10.226266,-0.69035006,1.3440564,2.158259,6.115465,2.8285549
0.62898594,5077.4736,0.04182819,10.143738,-3.1741848,0.88626856,0.13269262,6.2918377,3.5484464
0.6301527,4971.866,0.024305973,10.184591,-3.7170331,1.2042181,0.3523637,6.54739,3.5360699
0.6272537,5174.0254,2.1490324,10.133059,0.7650176,-0.8353787,-0.3541546,3.9817266,3.8452897
0.64609796,4544.7764,1.64096,10.083845,0.49528146,-2.3224885,-0.4591621,4.6138706,3.292791
0.65632385,4201.6704,1.2948079,10.080661,0.25836238,-2.7360182,-0.2825431,4.093534,3.727448
0.6469512,4391.8613,0.36224815,10.159657,-1.0154258,-0.9508096,0.62998873,4.742425,5.9630704
0.6307355,5104.2686,0.95163345,10.135826,-0.049575333,-0.8042434,0.45959815,5.7268796,2.7841601
0.63408345,5114.1885,0.59377766,10.07241,-0.52125037,-0.82693607,0.3690059,5.6472464,2.770913
0.617475,5630.7393,6.9134083,9.999519,1.9334627,-0.96228445,0.141871,5.2664976,2.8804417
0.60345644,5775.008,12.546172,9.817811,2.5294156,0.20988326,0.94040185,5.924099,4.222223
0.5978023,6135.525,14.087713,9.763467,2.645303,-0.6492774,-1.0200135,4.9517016,4.437942
0.620408,5295.7607,0.13198581,10.194037,-2.025061,0.7637884,1.3596395,5.3702774,3.3224351
0.6063231,6262.7944,0.61789274,10.083398,-0.4814404,-0.94517404,-1.0250841,4.994784,4.4148602
0.64117354,4574.7866,0.10555378,10.144572,-2.2485347,1.9851143,2.09179,5.2281876,4.21766
0.6336246,4826.9375,0.110979706,10.223279,-2.198408,-1.2567793,-0.35935533,5.3728023,4.3687444
0.6343818,4786.7,0.11121921,10.23113,-2.196252,-1.4094248,0.08241637,5.5404243,4.23332
0.57759047,7593.0806,2.449484,9.88783,0.8958774,1.1736335,0.05561535,4.7997975,3.8231578
0.6450485,4411.5396,0.0497614,10.142809,-3.0005157,1.8983974,-0.055717755,6.362169,3.6255114
0.63606673,4493.2646,0.515156,10.275773,-0.6632856,-0.35529572,-1.6266977,6.1512737,4.5741053
0.6443725,4607.665,1.3127178,10.086438,0.2720996,-0.0022897085,0.6588779,5.684782,2.7775073
0.6594956,3887.2583,0.08126173,10.079246,-2.51008,-0.18255487,0.27346966,4.9061584,5.5728765
0.6252866,5048.6133,0.9729859,10.239557,-0.027385652,1.1296457,-0.5133322,4.9722123,3.5517962
0.6287148,4499.7026,1.1144207,10.3053875,0.10833462,3.0255096,-1.261221,5.897891,3.5176954
0.62269443,4835.8003,1.5660481,10.305125,0.44855532,3.1272655,-1.5726343,5.996361,3.351763
0.62206954,4903.917,0.75462025,10.310015,-0.2815406,3.0136034,-1.9457502,5.9429736,3.457418
0.6296475,5378.641,0.14478227,9.992054,-1.9325242,-2.4017231,2.1061168,4.438608,4.181839
0.6492836,4380.2856,0.118737,10.158384,-2.1308444,-1.3132921,0.33137485,5.396964,3.767477
0.6059762,6069.7217,1.0918403,10.1860485,0.087864585,1.8011929,-1.4731269,5.0972476,3.9057586
0.62503946,5511.1025,0.09647428,10.129752,-2.3384788,-1.9016054,-1.2149087,5.7673645,3.8867683
0.6124435,5871.5303,0.1986441,10.085245,-1.6162405,0.25566098,1.2045135,5.942263,3.58256
0.6094501,5852.8604,1.1083868,10.157059,0.1029056,0.7387216,0.5262929,5.3429217,3.6846652
0.6307948,4946.2046,0.45109537,10.123357,-0.7960765,0.35468778,1.9170328,5.761735,3.9258642
0.6384514,4374.685,0.39227366,10.195592,-0.93579555,0.38465455,2.3451204,5.36117,4.0478225
0.6266761,5324.116,0.115034,10.090003,-2.1625276,-0.065868616,1.84893,5.7678127,4.2306585
0.6148073,5794.1675,0.75660515,10.127557,-0.27891377,0.05135445,-2.1700494,4.7112746,3.3821359
0.6278801,5055.2334,1.762944,10.168619,0.56698513,1.3731922,-0.9090006,5.033671,3.5456848
0.6043947,6170.9814,0.25349426,10.174254,-1.3724141,-0.110073924,-1.4127904,4.4437456,3.8350172
0.6134915,5883.741,0.13073076,10.156476,-2.0346153,0.101642944,-1.1101394,4.7722883,3.5087078
0.5682133,7693.8657,6.0988784,9.850097,1.8081049,1.9977698,0.7862899,4.41199,4.5650544
0.55939597,7970.54,7.823278,9.852543,2.0571036,2.3678486,1.0877563,4.5940347,4.6452985
0.5967592,6576.2695,2.9920077,9.88267,1.0959446,0.24823219,0.16042532,4.8915467,3.906106
0.59379625,6510.0493,4.8032055,9.958539,1.5692835,0.8824645,-0.060694296,4.9530582,3.8256736
0.5786739,7327.675,5.257173,9.847914,1.6595935,0.8977585,-0.46071467,4.9757547,3.7002513
0.56935024,7422.8,8.058908,9.850652,2.0867782,0.746962,-0.40873316,5.027625,3.8939683
0.60832846,6292.4326,0.08795289,10.072597,-2.430954,-1.0662462,0.2586903,4.5733566,4.3761034
0.6213168,4985.957,0.37109655,10.289583,-0.991293,0.51357186,0.18914384,6.6434326,3.6884918
0.6210815,5302.762,0.3378147,10.187122,-1.0852578,0.80776274,1.1375588,6.5694013,2.821857
0.6156068,5395.963,0.8659958,10.180308,-0.1438752,0.9959037,1.0674963,6.723333,2.8001382
0.64474976,4310.997,0.24486141,10.158213,-1.4070629,-0.82496685,-1.4891589,4.5206995,6.209373
0.6357965,4887.55,7.5800233,10.126073,2.0255163,0.7559374,0.51149243,5.2598567,3.8079422
0.62160146,5356.3857,5.296465,10.0329485,1.6670396,-0.5904989,0.0020906455,4.464126,4.603133
0.61815953,5505.81,10.056466,9.985861,2.3082159,0.015705213,0.046372976,5.749957,4.831581
0.6219902,4999.7695,0.38122073,10.272758,-0.96437675,0.51519644,0.04251896,5.062135,3.6476738
0.6298463,5082.06,0.42856213,10.183708,-0.84731954,-0.44089735,-0.6876322,5.5632668,3.8151891
0.6213794,5423.8315,0.39587647,10.126615,-0.926653,-0.07328571,-0.9506853,5.6805735,3.7760427
0.62040365,5441.2725,0.3977696,10.143805,-0.92188233,0.8528841,0.5396597,5.4855843,3.5456252
0.6352067,4819.4805,0.09246045,10.109178,-2.3809743,-0.5610209,1.7431552,5.060437,4.684176
0.61434156,5751.132,0.18631446,10.114511,-1.6803194,-0.19059157,1.0495533,4.747182,3.5964382
0.5692893,7199.6523,14.616069,9.681953,2.6821215,0.43497443,-0.19589403,6.0783877,4.2007356
0.6529236,4078.3286,1.6552064,10.184867,0.50392574,-0.34670132,0.49100924,4.3378797,3.4808397
0.64634424,4274.3867,1.3755531,10.19697,0.3188559,-0.7308508,0.013058194,4.249484,3.3489895
0.61883676,5598.12,2.5028014,10.052443,0.91741073,-0.6682155,0.9048512,4.60248,4.7193727
0.6533212,3992.6594,0.3225205,10.219799,-1.1315886,-0.37892744,-0.19604239,5.3784666,4.2723904
0.61819625,5586.097,0.40848556,10.122456,-0.8952987,-0.06879314,0.38700137,5.182913,3.4094863
0.6174952,5718.0127,0.086899236,10.123153,-2.443006,-0.24904616,0.9368088,5.4037156,3.4479964
0.6161618,5589.1196,0.13947435,10.150974,-1.9698746,0.047748424,0.55803126,5.2396417,3.415567
0.6264317,5089.882,1.1438613,10.2090645,0.13440968,0.038313564,-0.61996794,4.598259,4.4264903
0.62420917,5154.6045,0.169129,10.179109,-1.7770935,-0.550538,-0.16308452,5.3218474,4.371521
0.6126345,5776.765,3.6119568,9.961769,1.2842497,0.58510065,0.47851112,4.9309306,4.1925564
0.6183361,5314.93,14.419999,9.983041,2.668616,0.42172104,0.38874573,4.8965793,4.8440924
0.62105566,5481.2847,3.9393625,10.0541935,1.3710189,0.61673737,0.29299733,5.5961003,4.384459
0.62025136,5523.1367,0.015277982,10.155572,-4.1813426,0.13950196,-0.8453887,5.165949,3.41041
0.6228244,5401.6704,4.0682807,10.081488,1.4032205,-0.028199062,1.46649,5.191701,4.729573
0.6306244,5136.175,0.018684333,10.20149,-3.9800699,0.28197867,-2.1082957,5.579563,3.276859
0.60975975,6084.467,0.92453015,10.002827,-0.07846962,0.5519159,1.4983078,5.0636463,4.5582495
0.5916171,6958.7944,0.3465217,10.02174,-1.0598098,0.1750884,0.50825036,5.4544516,3.9902124
0.5956178,6503.3174,2.8754554,10.018508,1.0562111,-0.28576803,0.71297073,5.954114,3.9878197
0.6132512,5976.2104,1.1961644,10.039403,0.17912012,0.35649773,0.4109981,6.511391,3.8895295
0.61825997,5563.291,0.414978,10.166406,-0.8795298,0.73943645,-0.16695297,4.7910433,4.2358446
0.6241076,5205.45,0.14126852,10.1561165,-1.9570928,-0.18603459,0.8582662,5.3341455,3.2925053
0.61543006,5719.729,0.33698472,10.108185,-1.0877177,-1.2779578,0.81031257,5.946622,3.3169956
0.61472654,5917.367,0.16935223,10.132162,-1.7757745,-0.8211825,0.33128652,4.8786745,4.6063166
0.6215463,5393.4814,0.18325946,10.129845,-1.6968523,0.00846723,0.03565687,4.977642,4.7067094
0.6357501,4541.622,0.018996596,10.190719,-3.9634955,0.22827594,1.2457196,5.1475186,4.8190002
0.6337335,4677.293,0.044625744,10.190874,-3.1094444,0.11347528,0.68322974,5.1322904,4.4582167
0.6236043,5566.4565,0.24747233,10.068675,-1.3964565,-2.310341,0.5743994,5.3022346,3.6051311
0.60689294,6120.9463,0.31549823,10.114501,-1.1536022,1.8185997,-1.8328488,4.8155856,3.8985634
0.59806335,6644.4424,0.38454938,9.987094,-0.95568305,-2.0033467,0.35965315,4.9202895,3.9052231
0.61270803,5456.13,0.85491824,10.212396,-0.15674947,1.5989347,-0.48967457,5.639956,4.0498433
0.60596514,6190.089,0.26030895,10.081482,-1.3458861,0.8387189,-1.3526618,4.667974,3.6293259
0.5869638,7195.4375,0.076138966,9.979343,-2.575195,-0.19753161,1.562602,5.2234106,4.3086734
0.6281784,5160.2305,5.433944,10.123228,1.6926652,0.58832294,-1.2843992,4.9550905,3.8293507
0.6237126,5219.9585,2.383284,10.167375,0.86847943,0.67470866,-0.4841511,5.8703976,4.5783925
0.61649966,5816.795,0.026558585,10.116296,-3.6284022,-0.18787158,0.003372376,4.6112795,3.0891418
0.6267865,4935.1885,1.3799841,10.211717,0.322072,0.073407546,0.04033282,6.2658653,5.57897
0.6160836,5710.6484,0.092459194,10.144828,-2.380988,0.9189872,0.06640808,5.2660904,4.437685
0.6098875,6047.2734,2.2549038,10.048334,0.81310725,-0.62755394,0.17640975,4.4213133,3.723656
0.6153706,5787.253,0.13803506,10.101228,-1.9802476,-0.6883038,-0.3395467,4.374175,3.528748
0.6184565,5334.921,0.026568953,10.183967,-3.628012,1.1568464,0.56311905,5.4131336,4.112656
0.59866196,6385.1753,1.9225191,9.956632,0.65363634,-1.1705803,-0.059380684,4.95819,4.008138
0.5875134,6560.2085,8.478624,9.917008,2.1375482,0.70512927,-0.5574308,4.764614,4.442979
0.5907688,6691.241,8.658745,9.862302,2.1585698,-1.8086549,-0.44659367,4.0603967,4.3625526
0.6148272,5990.65,1.9272494,10.061057,0.65609384,0.8852158,-1.7815495,8.419638,3.710662
0.6281143,5240.6904,0.055892594,10.104926,-2.8843234,-0.19024968,2.0199888,3.5578697,3.7951956
0.62580484,5284.814,0.03386246,10.10078,-3.3854482,-0.14522068,1.9036436,3.5269907,3.9796548
0.59782064,6540.4487,1.1295277,10.083668,0.12179956,0.7965857,-1.1703751,7.4545217,3.695635
0.60980725,6037.7505,1.0316715,10.066329,0.031180361,-0.63671225,1.3031416,5.7336473,4.6391244
0.6156979,5758.84,0.07972879,10.109838,-2.5291245,-0.33025768,-1.1348338,4.9404254,3.3987598
0.6133344,5942.5273,2.6093972,10.007579,0.95911926,0.8824627,0.7845613,5.5373964,4.446805
0.62512004,5255.8037,7.2237096,10.106574,1.9773686,0.7658924,1.2528287,5.9349904,4.599802
0.62723494,5239.0415,5.7785215,10.079968,1.7541479,1.2258303,1.5120721,5.6769233,4.8287706
0.6214759,5383.6045,1.721568,10.119899,0.5432355,0.6739987,0.7503134,6.1740627,4.74483
0.60113156,6358.5,0.9404657,10.065096,-0.061380133,0.080440864,-0.6580279,6.5465193,3.2719553
0.63027644,4840.5864,0.24741098,10.272316,-1.3967044,-0.33453774,0.20077103,4.3850675,4.7631803
0.617716,5595.46,0.09429155,10.136666,-2.3613636,1.8543867,0.5775824,3.850235,3.9064837
0.6285585,5080.9604,0.0428748,10.226941,-3.149471,-0.8628743,-2.8087816,6.1682606,4.346588
0.63057846,5008.346,0.2816277,10.238172,-1.2671692,-0.37389144,-3.0914614,5.166397,3.4539187
0.6222929,5244.3857,0.18818247,10.14446,-1.6703432,1.0012051,2.6534097,5.481432,4.1190658
0.5945096,7078.771,0.029304365,9.994561,-3.5300188,-1.3580309,-1.6592278,6.244364,3.5793383
0.61095446,5926.8877,0.0024648136,10.105625,-6.005639,-2.758904,-0.33662447,7.6100173,3.4663224
0.61322427,5783.6514,0.0018139972,10.132263,-6.3122225,-2.4685502,-0.15209717,7.1571302,3.6202562
0.62488246,5374.952,0.0017438653,10.126504,-6.351651,0.30683255,-1.4521062,4.499188,5.1132975
0.62416273,5354.8687,2.7285523,10.076031,1.0037712,0.51365113,0.6046746,6.280289,2.7095017
0.645229,4515.8613,2.6740034,10.150857,0.9835767,0.016919801,0.58658695,5.940265,3.6628525
0.6226312,5270.9834,0.0029968498,10.212192,-5.8101935,-0.21970177,-1.0587882,4.4738503,3.764829
0.6144775,5979.66,0.09444511,10.088668,-2.3597364,0.038899116,-1.3980993,4.7907376,3.5033617
0.59654284,6378.9395,4.995315,9.937623,1.6085005,0.41214752,1.1773598,5.7265964,4.0366526
0.5713455,7015.661,17.595163,9.611373,2.867624,-1.1601063,1.0148661,4.9673786,2.8270612
0.5911907,6439.9937,8.774139,9.964785,2.1718087,1.8909225,-0.5630917,4.743972,3.9078255
0.605368,6106.2393,3.754265,10.001135,1.3228925,1.3575151,-0.27730924,4.6510735,3.7763762
0.60732454,6028.396,2.4005544,10.164944,0.8756997,1.0801582,-1.7782665,4.6134872,3.742589
0.6080155,6181.495,1.2570425,10.081335,0.22876176,1.6299251,-1.4548293,4.93472,3.4445796
0.5710117,8160.1523,1.2720699,9.889719,0.24064544,-0.55724376,-0.49976552,4.456283,3.6289282
0.61768234,5651.872,0.694857,10.074878,-0.3640492,0.054711,1.8595164,5.0293193,3.0876067
0.6209613,5462.3633,0.30836663,10.127255,-1.1764659,-0.6341192,0.37612864,5.944047,4.645333
0.63004905,4874.8896,2.3963032,10.226815,0.87392724,-0.18073556,0.15190248,5.567377,4.0506887
0.6000669,6439.036,0.04725569,10.088889,-3.0521822,0.34555173,-0.82538646,5.1976,3.7849584
0.6037383,6289.628,2.1234872,10.064692,0.7530596,1.3855215,-0.45409065,4.986934,4.2626204
0.60840714,6021.542,0.73933125,10.110419,-0.30200922,0.55938476,-0.32003805,4.605427,4.418913
0.63314414,4860.0312,2.5396318,10.1736,0.9320191,-0.3743043,-0.39347312,6.0088778,2.7387176
0.6158751,5695.087,1.4827645,10.137176,0.3939082,-0.53578484,-1.1526649,5.9944644,3.681446
0.62157583,5350.0044,0.24654667,10.195526,-1.400204,0.25972545,-1.0047734,5.044604,3.1408956
0.6029713,6421.2607,0.7371905,10.023987,-0.304909,-0.08161805,0.36319655,5.0489736,4.5105896
0.5888014,7105.1313,0.74791825,9.959394,-0.2904616,0.5030186,0.13677526,4.9211054,4.445217
0.6094949,5953.951,2.2253594,10.024463,0.7999184,1.4589145,0.39192164,4.684347,3.9632196
0.6361606,4861.248,0.08848863,10.142617,-2.4248812,-1.575082,-0.16530547,5.1650405,3.5347152
0.58370626,7288.9165,0.2122299,9.941206,-1.5500852,1.7792193,0.91472137,5.236709,4.0923667
0.6181175,5666.5312,0.8083767,10.13211,-0.21272705,0.96634626,-0.7665661,4.574879,3.6497636
0.62943053,5117.3984,0.03446325,10.160131,-3.3678617,-0.49705055,0.49887493,5.8818493,3.8409128
0.6276253,5021.4004,0.07284449,10.208169,-2.6194284,1.7780457,0.662358,5.0234427,3.2840805
0.6228092,5146.2827,0.04285388,10.219116,-3.149959,1.4758804,0.4735847,5.0639815,3.1278763
0.5947324,6633.829,3.1882231,9.980522,1.1594638,-1.2272847,-0.21923643,5.2995977,5.148889
0.6446822,4163.5884,0.063981675,10.232735,-2.7491586,1.2281836,0.7100328,5.3853526,3.3699913
0.64104825,4578.579,0.05787818,10.141052,-2.8494148,0.14693974,0.9999893,5.0497513,4.650144
0.62665075,5246.905,0.06639268,10.158078,-2.7121685,-1.2998925,1.2614707,4.2538486,5.3836255
0.6284543,5069.914,0.064652,10.1932955,-2.7387362,-0.5613948,1.351129,4.4284844,5.4986277
0.6270893,5079.185,13.95892,10.079611,2.6361187,0.70137274,-1.1178843,6.1786737,2.820828
0.6434235,4290.623,0.69822234,10.24128,-0.3592177,-0.15513046,-0.21223514,6.147131,3.9606748
0.63129145,5046.745,0.029763123,10.170057,-3.5144851,0.22888839,-0.8821623,4.9139657,3.4641743
0.6136177,5813.763,0.022920454,10.094894,-3.7757256,0.6366212,0.506443,5.261325,4.282431
0.63634753,4805.6997,2.7894976,10.122084,1.0258615,-0.8588043,-0.28454596,5.887315,3.2406707
0.6325111,4752.482,0.026118489,10.191865,-3.6451118,0.28104994,1.765182,5.827429,4.686634
0.6343222,4999.9517,2.237838,10.120076,0.8055103,-1.5472596,-1.1302478,5.9212704,3.4160042
0.61107254,5684.0366,0.04253359,10.182112,-3.1574612,1.1823375,1.2100707,4.576429,4.4223948
0.6169574,5559.605,0.12430892,10.156596,-2.0849855,0.7631806,1.6996375,4.861174,3.4695387
0.6184103,5638.9966,1.9120442,10.1305485,0.6481729,-0.97531575,-1.2972565,5.5307975,4.141205
0.64212644,4482.0654,1.0965348,10.188036,0.092155054,-0.94049937,-0.4472111,4.841514,3.7332568
0.59886336,6683.282,0.05374855,9.981719,-2.9234385,0.7543516,0.885501,5.5941253,3.7463765
0.63413566,4878.343,6.251483,10.137638,1.8328187,-2.1460764,0.7191481,5.2564244,3.1023188
0.6326952,4891.574,5.1838408,10.124096,1.6455462,-1.9716535,0.7411191,5.2775006,3.110546
0.6236359,5377.452,0.0024987045,10.085828,-5.991983,-0.6448092,1.2140285,4.998408,4.412255
0.61525077,5857.2134,0.022428108,10.151113,-3.7974403,0.2834112,-0.19039914,5.137418,4.4165826
0.60819215,6146.565,0.05227336,10.080779,-2.9512684,0.03132624,-0.62959135,4.500183,6.2265472
0.6409596,4332.0024,2.299197,10.231022,0.8325599,-0.23113912,-0.36957958,5.1668086,3.343031
0.6426078,4510.074,0.34726185,10.205595,-1.0576762,1.0611845,0.15650077,4.9591064,3.2575948
0.63791114,4536.101,2.0059328,10.21322,0.6961092,0.23557717,-1.4842165,4.1719265,4.201678
0.6226993,5327.501,3.6351748,10.105293,1.2906572,-0.025072638,0.2224042,6.660039,4.0031743
0.61773694,5556.2812,0.59467745,10.151641,-0.5197361,0.25577477,0.31898227,6.5206046,4.370221
0.6061398,6121.566,2.433291,10.024704,0.8892447,0.82203424,1.518196,4.4766226,3.491982
0.6131078,5905.7075,0.70234036,10.075153,-0.3533372,-1.2950562,0.8157538,5.9183373,3.2511482
0.61224633,5843.518,0.8617141,10.106077,-0.14883174,-0.48434147,2.1606112,5.61289,4.568863
0.6310601,4812.6807,0.2481009,10.200988,-1.3939197,1.1155188,-0.7723701,4.927872,3.8691423
0.61456734,5521.826,0.15021358,10.193328,-1.8956971,0.8152121,-0.40205958,4.8312526,4.003937
0.6149476,5884.055,0.18513635,10.126802,-1.6866627,0.8452582,-1.5417244,4.3904157,3.2660444
0.618187,5723.823,0.22559112,10.133833,-1.4890311,0.95511585,-1.039824,4.290917,3.4490333
0.6145441,5563.576,0.3165904,10.186417,-1.1501465,-0.38433146,-0.29109,4.8868523,3.5266294
0.6107776,6018.121,0.11847469,10.106257,-2.133056,-0.42754012,0.21339542,4.3633113,3.9322422
0.60647696,6307.073,0.0029106305,10.131172,-5.8393855,-0.14070903,-0.6116494,4.203531,3.8956816
0.602481,6169.7197,4.8854146,10.065246,1.5862541,0.2501483,-0.18168817,6.418608,3.564499
0.6099117,5867.798,5.0127335,9.944492,1.6119814,2.3121302,0.2427895,5.9462094,3.4562669
0.6116132,5857.7856,4.883381,9.957035,1.5858378,2.2624443,0.20172472,6.0453143,3.3801737
0.6078368,5983.2993,5.491317,9.832228,1.703168,1.2320812,0.903564,6.094242,3.4669447
0.6099355,5726.49,2.4613266,10.1415,0.9007005,0.39824748,1.6382874,4.837191,4.238138
0.640211,4470.835,1.6416442,10.237489,0.4956983,0.27217543,-1.0650425,6.1580124,4.085877
0.6359352,4455.823,0.6645121,10.262897,-0.40870222,0.13988464,0.364496,5.8094387,4.386613
0.6201987,5543.0166,4.3479385,10.00477,1.4697019,0.2682612,-0.32074478,5.39847,4.0328755
0.59756577,6655.444,0.21714377,10.017999,-1.5271956,0.59816355,0.78098214,4.474647,3.3601086
0.6310651,4794.0386,3.6179917,10.178263,1.2859191,0.5307655,-0.88388515,5.5218534,4.3541894
0.62470645,5343.8145,0.032719452,10.035082,-3.4197855,-0.6792047,0.13028029,5.355438,4.6051617
0.62422925,5422.5156,0.39082763,10.013275,-0.93948865,-2.1157453,0.38508373,4.54176,4.792327
0.6096603,5944.481,0.0903073,10.212275,-2.404537,1.6291643,-1.443389,4.4323344,2.783503
0.61041075,5882.519,0.11736111,10.216093,-2.1424997,1.5565134,-1.5205439,4.369626,3.0047426
0.6289196,5211.4834,0.038418807,10.136811,-3.2592082,-0.9339175,0.05217806,4.523813,4.9063554
0.6152531,5739.583,0.015189955,10.122079,-4.187121,0.18248004,1.2271603,4.391856,4.433707
0.6191221,5475.573,0.058879025,10.145655,-2.8322704,0.32395372,0.06534525,5.15819,3.4105945
0.5902671,7108.634,0.31248835,9.966377,-1.1631881,-0.19989768,0.34265882,4.9021254,4.1382375
0.6250192,5209.4756,8.010773,9.874894,2.0807872,-0.3369508,0.604925,5.4473963,3.3112392
0.6159044,5392.718,25.588717,9.84889,3.2421515,-1.4719057,-1.1534166,5.4443254,3.3115497
0.61499316,5363.937,33.311256,9.857058,3.5058954,-1.4527962,-1.1586124,5.565997,3.3297384
0.6285074,4942.0815,12.521784,10.048456,2.5274699,0.8352586,1.026236,6.411154,3.8513482
0.63380295,4847.2544,7.7893267,10.1120405,2.0527544,0.6617061,1.0832772,6.399164,3.9984682
0.64346045,4451.363,3.9222093,10.170473,1.3666551,-0.4309303,-0.10007268,7.0403156,5.0196867
0.6457962,4426.3726,11.003628,10.184949,2.398225,-0.15096301,-0.074221954,7.2596188,5.104552
0.5968435,6676.8774,0.5508552,9.994822,-0.5962833,0.13311833,-0.13675633,4.98813,3.6368053
0.6063791,6170.288,0.1117987,10.020978,-2.1910553,1.6267384,0.25266892,5.0048966,4.0995
0.6355363,4967.7915,0.6612948,10.140205,-0.4135555,-0.80715704,-0.70292187,5.6862354,3.591053
0.6281056,5318.7417,0.7222289,10.097959,-0.3254132,-0.9311691,-0.75313485,5.544842,3.801604
0.61531,5767.3623,0.20806201,10.11668,-1.5699191,1.7239718,0.14893915,5.023267,3.8748624
0.61226845,5641.3354,1.4325593,10.1972065,0.3594626,0.28195894,-0.26850247,5.457981,3.969273
0.6139186,6044.391,0.5695256,10.016659,-0.5629515,1.1177549,0.3070322,5.6909275,3.0595894
0.6236771,5227.2363,0.28726426,10.162664,-1.2473527,-1.3564956,1.2952142,6.230121,3.2404716
0.62365496,5294.828,1.1014913,10.124034,0.09666506,1.1304458,0.85091233,4.678918,4.2540526
0.621114,5501.6304,0.032747127,10.145824,-3.41894,-0.34821427,-1.0831863,5.8991823,3.4573214
0.63263726,4831.3584,7.7890387,10.209152,2.0527174,-0.30965382,0.28590432,5.5653067,5.513208
0.60107636,6577.1924,0.10964817,10.008312,-2.2104785,0.16001177,-0.9025445,5.2010055,3.520463
0.58426374,6998.2627,5.6850452,10.001264,1.7378391,0.8645032,-0.42277828,4.112889,2.7381105
0.6308475,4780.9365,0.0008935754,10.295246,-7.02028,-0.95126384,-0.8543052,6.147256,6.0105557
0.614583,5785.716,0.01180873,10.153963,-4.438916,-0.4482133,1.0847951,5.5984716,3.6686692
0.608251,6175.9897,0.040992644,10.120566,-3.1943626,0.3336127,0.0053348076,5.25649,3.8667302
0.622443,5517.6475,6.993237,10.017342,1.9449435,-0.83118296,-0.33670542,5.7866154,4.4119782
0.61790556,5397.7676,0.018431053,10.161093,-3.9937184,0.58282554,1.1325125,4.619896,3.5066233
0.6200528,5660.6885,1.3248155,10.046005,0.28127322,-1.8477805,-1.3545028,6.287237,3.9951184
0.6103226,5754.7476,0.061858363,10.129078,-2.782908,1.7275159,1.3051933,4.359781,3.6719518
0.62329596,5364.1694,0.39198276,10.170141,-0.9365374,-0.14517438,0.86161107,4.230769,3.9063709
0.62994885,4659.788,0.37804267,10.268594,-0.9727482,-0.046862952,0.35656,4.175832,4.1695476
0.63697386,4789.3706,0.14836857,10.197509,-1.9080558,0.9833664,-1.0679249,4.477091,3.1174793
0.63596123,4729.602,0.5151938,10.220521,-0.6632121,0.3531865,-1.0933872,4.5676346,3.1550307
0.6418433,4255.1187,0.31750607,10.26642,-1.1472583,1.0911176,-1.8222514,5.0763526,3.2432742
0.609228,5915.4814,0.75236034,10.18822,-0.2845399,0.2958039,0.15845637,5.3135653,5.1812863
0.6076225,6129.342,0.03500125,10.117459,-3.3523715,-0.8706138,-0.31233734,4.92436,2.8981104
0.6134854,5757.7114,2.1120088,10.170524,0.74763954,0.51993847,0.75743926,5.676346,5.162985
0.6344928,4726.512,0.068499,10.2478,-2.680936,0.82544947,1.3042866,5.889269,4.99396
0.6155872,5965.705,0.2712143,10.026348,-1.3048459,0.58951885,0.2894026,4.633475,4.290867
0.61205244,5779.216,0.033685416,10.179444,-3.3906903,1.4882472,0.86513984,4.6357837,4.9237604
0.57826376,6870.757,14.808335,9.819221,2.6951902,-1.0878018,-1.699988,5.8435764,3.8316584
0.5747578,6810.54,13.899221,9.799868,2.6318328,-1.1920991,-1.8168478,5.8870363,3.8388026
0.58148795,7507.661,3.3960001,9.844615,1.2225983,-0.49138662,-1.3608681,4.9353514,3.9597466
0.5845029,7336.704,0.20540743,9.9311695,-1.5827599,0.55209327,1.732694,6.0948763,3.215503
0.5804784,7587.59,0.27483788,9.8364525,-1.2915739,0.9961975,1.8191096,5.854183,3.2961948
0.63292456,4533.0083,2.3856626,10.248294,0.8694769,0.49980286,1.8601853,6.148848,3.601615
0.67715037,3580.9636,0.016277673,9.906766,-4.117961,0.2224402,-0.7242291,4.284068,3.3903356
0.6409434,4662.6035,0.8482348,10.016937,-0.16459782,0.78970844,2.28638,5.209017,4.970125
0.64941263,4374.49,1.5759038,10.115229,0.45482895,-2.5845606,0.27021873,4.641813,4.565515
0.63506794,4696.8877,0.024358062,10.178832,-3.7148924,1.6651454,0.5782946,6.486349,3.2486777
0.6148505,5731.1855,1.6600025,10.124261,0.50681907,-1.0011698,-1.5347618,4.656353,4.384453
0.6147892,5842.319,1.5117105,10.127493,0.41324183,-0.9658544,-1.72968,4.6503367,4.3957467
0.59665895,6633.495,0.91115755,10.0787325,-0.09303947,-0.9068659,-1.3893052,4.7980366,4.021775
0.6068996,6129.965,0.356521,10.068086,-1.031362,-0.09442688,-0.5590991,5.119418,4.3481865
0.59648836,6768.526,0.2888825,10.051899,-1.2417352,-0.29613817,0.10026769,4.8001165,3.9376993
0.5860239,7283.728,0.042962596,9.936644,-3.1474254,0.22731204,1.444281,4.4158225,4.0991206
0.58402824,7251.59,0.019225035,9.915969,-3.951542,0.30678505,1.4557558,4.4197545,3.966018
0.5913909,7050.2373,1.9779915,9.968108,0.68208194,-0.11818446,-1.4039321,6.060445,3.7728908
0.58912885,7004.411,1.8291667,9.924601,0.6038605,0.7466326,1.2060368,4.9382315,3.7937214
0.60927093,5972.982,0.31431666,10.14689,-1.1573544,1.0561409,-0.073760234,5.017825,3.5484214
0.60518795,6144.9507,3.3465104,9.99832,1.2079182,-0.5805214,0.5177089,4.90547,3.4843647
0.6065932,6183.0674,1.3121115,10.027204,0.27163765,-0.22113693,-0.09149334,4.690369,3.0905883
0.6045907,6450.0654,0.27187136,10.029758,-1.3024262,0.3016633,1.4329417,4.8623605,5.384887
0.5972505,6816.285,0.17475708,9.999035,-1.7443584,1.6085333,1.5720725,5.0135922,4.0539923
0.58646333,7338.673,2.2026522,9.920376,0.7896622,-0.6432101,-1.6966726,5.2290316,3.7240329
0.6493019,4322.3584,0.02288196,10.088804,-3.7774065,1.8515154,1.0453949,5.3745627,3.9409947
0.6526003,4009.7805,0.012880137,10.147595,-4.352069,1.601905,1.7721792,5.681554,4.146804
0.64476323,4337.301,0.018402204,10.145001,-3.9952848,1.2891201,1.3686078,5.874893,3.6432004
0.6453302,4449.342,0.007316393,10.059262,-4.917638,-1.272351,2.1697483,4.997492,4.1865664
0.6430615,4630.5474,0.012249317,10.008425,-4.402285,-1.1881216,1.5908731,5.243696,4.0810432
0.65825653,3964.649,0.68375564,10.109251,-0.38015473,-1.2469649,1.3479787,5.5536613,4.0385613
0.6581638,4080.275,0.55823314,10.033064,-0.5829786,-0.9972197,0.41735646,6.2202845,4.224201
0.6315562,4898.0396,0.2885256,10.142537,-1.2429714,0.50281304,1.1607202,6.2945623,3.9459705
0.63304895,4688.7725,0.33087724,10.18806,-1.1060078,-0.8850647,1.5270399,6.380758,3.1997023
0.64777076,4168.561,1.4629421,10.195534,0.38044956,1.6724396,0.5660803,5.498026,2.898343
0.6454822,4167.8687,0.48897368,10.225102,-0.71544665,1.5199409,0.77790827,5.7932024,2.7023034
0.6390003,4704.5264,0.6546198,10.166938,-0.4237006,0.82725453,0.67498535,5.570581,2.6940913
0.63815546,4626.886,0.62318414,10.167164,-0.4729132,0.79162896,0.8072269,5.6047106,2.7474551
0.6064472,6345.173,0.17182808,10.023826,-1.7612609,-0.16626728,-0.5074465,4.8643403,5.6270833
0.60682833,6373.917,0.10193822,10.041846,-2.2833884,0.0061833537,-0.978451,5.0490437,5.650707
0.6275358,5050.6787,0.007517207,10.183427,-4.8905606,1.1730638,-1.5230966,5.0688267,5.1304045
0.6184684,5186.944,1.6785216,10.256148,0.5179134,0.9464727,-1.1636976,4.649737,4.0146785
0.6325904,4728.874,0.44704485,10.20375,-0.8050964,1.1366637,-0.16725485,5.1353965,3.3447027
0.60508007,6255.8457,0.1259344,10.105426,-2.071994,-0.44449508,-0.27834323,5.5022554,4.3890696
0.62533265,5159.4834,1.0773083,10.16186,0.07446562,0.5634844,-0.4184402,5.201013,3.091925
0.61590767,5770.577,0.07038729,10.134363,-2.6537426,0.96267575,-0.2672898,5.559515,4.8149686
0.6035116,6304.353,0.41881102,10.121572,-0.8703355,1.5705823,-0.44639248,5.584639,4.170039
0.60371214,6323.0254,2.2921793,10.06045,0.82950306,0.99877256,-0.967154,4.9464293,3.54529
0.61583734,5570.0356,1.0081099,10.207544,0.008077263,0.4212464,-1.3051277,5.0129285,4.444689
0.6302445,4856.6064,1.3204974,10.232857,0.2780085,-0.3445115,-0.29064918,5.6984344,4.7928524
0.65222955,4150.6025,0.24312912,10.134312,-1.4141626,0.6277322,0.27113226,5.0304856,3.4854188
0.62726885,5261.798,3.3805907,10.086556,1.2180505,-0.80843484,0.24590956,5.0717955,4.024206
0.6350224,4677.141,0.16144635,10.216432,-1.8235824,-0.24758995,-0.7260579,4.93218,4.1544676
0.6118514,6062.3936,1.5182129,10.051397,0.41753393,0.34856194,0.32017526,4.745714,4.458477
0.6043095,6155.833,1.3515539,10.015332,0.301255,0.21115537,0.8451641,4.207871,4.5142093
0.6406033,4369.842,0.05192162,10.26124,-2.95802,-0.67239267,-0.55021954,6.7657537,3.491842
0.63519615,4810.3716,0.5251072,10.188432,-0.6441528,0.5822473,-0.7515843,3.9842384,4.0927677
0.6119792,5515.419,0.35225812,10.218038,-1.0433911,0.011955735,0.17689236,7.107154,3.8373156
0.6170082,5427.79,0.07014528,10.18731,-2.6571867,0.28625116,0.562968,6.9487104,3.8052344
0.62098926,5378.2573,0.13707855,10.166758,-1.9872011,0.93548197,0.47796854,4.382696,3.5660036
0.62482876,5136.384,0.14628372,10.1916065,-1.9222072,0.50617397,0.545356,4.7094707,3.7638319
0.6271589,5102.2427,4.071219,10.19322,1.4039425,0.04211145,-1.7111986,5.922241,4.922837
0.6199223,5619.6304,1.5742968,10.12858,0.45380872,-0.7006864,-1.6394337,5.245575,4.9840565
0.61534995,5810.243,1.5606322,10.027068,0.44509104,-1.7106043,0.29085398,5.662984,3.5987108
0.6363603,4613.824,0.34976894,10.241477,-1.0504825,1.6168218,-0.3390603,4.7558675,3.9940035
0.62078893,5393.2803,0.17717966,10.203439,-1.730591,0.8558426,0.52601314,4.7733006,3.3323135
0.6292763,4997.642,0.50209194,10.159515,-0.68897206,0.83044046,-0.16896747,5.510331,4.5732713
0.60277796,6394.8926,0.35092652,10.01232,-1.0471784,0.07015455,-0.24791309,4.829433,4.08112
0.59735435,6738.255,0.09896666,10.010821,-2.3129723,0.10708941,-0.21052325,4.9815784,3.8071733
0.60543025,6374.3833,0.42005783,10.031534,-0.8673629,-0.33250874,0.24448948,5.4003606,3.5869458
0.62051487,5235.6206,1.2406383,10.232205,0.215626,1.5519776,-0.6430677,4.584032,4.2883687
0.6317112,4991.233,0.15318224,10.183955,-1.876127,-0.4721097,-0.60831326,4.161002,4.4959135
0.60263604,6553.038,0.6682791,9.997068,-0.40304935,1.0874206,0.23211457,6.847507,3.302673
0.6169358,5612.514,0.23120765,10.086914,-1.464439,0.8839403,0.6695303,5.589016,3.6336367
0.6250582,5165.406,0.17249726,10.2154045,-1.7573739,-0.4652361,0.5836586,5.263078,3.0264213
0.6177563,5640.449,1.3070984,10.014426,0.2678097,0.526392,-0.8868031,6.050502,5.921518
0.63368255,4923.069,0.30096033,10.124713,-1.2007768,-2.747097,-0.6727001,5.5531282,4.978504
0.6422837,4778.5723,0.43215764,10.167686,-0.8389649,-2.8739989,-0.8645446,5.5866313,4.8337264
0.6409887,4841.1875,0.207236,10.152296,-1.573897,-2.3640525,-1.0977008,5.4919176,4.4937873
0.61587495,5593.8027,0.26866838,10.156789,-1.3142774,2.2802646,1.6138339,5.0077066,3.5080278
0.6032256,6590.505,0.3155166,9.978294,-1.1535441,-2.008838,-1.2521943,5.343087,4.062197
0.6001409,6614.7227,0.21410498,10.033616,-1.5412889,-2.3546827,-1.2364182,5.5087333,4.021569
0.59396446,6954.7695,0.19605476,10.028428,-1.6293613,0.038494255,-1.4432838,6.6870556,4.2348294
0.6090288,6206.999,0.09658027,10.003721,-2.337381,-0.40842485,-0.062498767,6.245083,3.8812792
0.6080379,6338.751,0.102827586,10.006343,-2.2747016,0.4590951,-0.4612398,6.104809,3.8061981
0.5990577,6669.6924,0.10757197,10.021627,-2.2295952,0.5453593,-1.0174661,6.1666026,3.7364826
0.63998145,4579.417,0.58679307,10.172568,-0.5330831,-2.3639665,0.84234226,5.509814,3.6899214
0.6367186,4774.95,0.619489,10.149892,-0.47886032,-1.5706005,0.20922373,4.990159,3.7136822
0.6364382,4820.415,0.52293164,10.142811,-0.6483046,-1.6340665,0.16861576,5.0611,3.6574225
0.6094313,5975.6465,1.3979598,10.118949,0.3350139,0.81614596,0.46890563,5.1167545,2.8728209
0.57671404,7781.0547,0.0225289,9.9637375,-3.7929564,-0.61092895,-0.38198325,4.974791,5.1273
0.63056445,4783.6196,3.2121644,10.245275,1.166945,0.41185668,0.5187392,5.570715,3.289809
0.6183706,5602.33,0.1162343,10.112007,-2.1521473,0.053439688,0.53962237,4.8538322,3.2820344
0.62583375,4928.6,0.14772868,10.263351,-1.912378,1.0238844,0.09266336,5.923313,3.961199
0.61290973,5460.101,0.14935063,10.239589,-1.9014585,1.982967,-0.35296237,6.227704,4.6629896
0.6150432,5249.5273,0.2374197,10.309756,-1.4379258,1.372519,-0.46166006,6.318409,5.330527
0.63215727,5213.421,0.04777232,10.065369,-3.0413089,-2.4098449,0.55554175,4.69327,2.7432199
0.6137923,5445.9053,2.8283854,10.205716,1.039706,2.1613066,-0.54565024,5.632537,4.824677
0.6197472,5672.3154,0.052606568,10.118409,-2.9449143,-1.1210512,-0.32974997,4.900092,2.7711244
0.6258878,5276.8066,3.167703,10.105367,1.1530067,1.823315,0.9747638,5.598789,5.8967676
0.6330049,4934.427,1.2648933,10.121515,0.23498778,-1.034945,0.7661289,4.592961,3.3848486
0.63892424,4352.522,2.7033777,10.249241,0.994502,0.65324223,0.12038515,5.0638905,4.010517
0.6074658,5976.581,0.14227962,10.130669,-1.949961,1.9204351,0.4237864,5.0367384,4.7788835
0.6094613,6028.7793,0.18576084,10.103438,-1.6832952,2.2064815,-0.40566325,5.036711,3.736462
0.6099156,6032.241,0.2734611,10.107593,-1.2965959,0.4356779,-0.51579434,5.642903,4.4548464
0.61920357,5450.493,0.18391585,10.177354,-1.693277,-0.46841022,0.4814979,4.9373474,3.3067446
0.6197989,5447.895,0.3297619,10.144312,-1.1093844,1.50673,0.5339519,5.988758,4.457187
0.6176009,5100.4033,0.5080935,10.294955,-0.67708987,1.5127326,0.42469382,5.543863,3.692011
0.61984205,4912.182,0.096229285,10.288295,-2.3410215,2.5963302,0.49807128,5.508874,4.3364453
0.62259835,5241.7334,0.40971577,10.1966305,-0.8922916,1.6636415,0.9564956,5.55442,3.9478672
0.6307261,4771.65,1.6330427,10.249516,0.490445,1.5033194,0.21908315,5.1464777,2.938274
0.62887377,4908.675,0.4879968,10.206607,-0.71744645,0.42415833,0.3817815,5.2041645,3.528473
0.6335519,4583.798,1.3502591,10.270411,0.30029652,0.44946542,-0.22771679,5.960849,3.5310457
0.60822034,6350.835,0.021164544,10.08851,-3.855428,-0.48546064,-0.5831977,4.142008,4.112321
0.6189891,5831.2783,0.08499365,10.130761,-2.4651787,-0.7222087,0.019813055,5.874096,4.4557786
0.63099843,4368.155,0.032298,10.3815975,-3.43275,0.49894843,0.26584515,7.0478964,4.396895
0.60070246,6159.806,0.06990555,10.178321,-2.6606102,0.33056736,-0.37116665,6.6271143,3.9393916
0.5937425,7072.218,0.12692636,9.962605,-2.0641482,1.3666258,-1.1694819,5.500081,4.0722175
0.58924454,7166.6885,0.024040964,10.051181,-3.727996,-1.1377808,-0.43331894,5.7265553,3.1136441
0.59720254,6785.7095,0.014566185,10.033052,-4.2290525,-0.64063776,-0.46666166,5.40252,2.1617546
0.59271574,6967.081,0.031227313,9.976308,-3.4664621,-0.6073507,-0.4170572,6.0645895,2.8789601
0.6067914,6138.769,0.059853993,10.105508,-2.8158472,1.1871892,0.6622825,5.0348215,3.7291582
0.5659701,7603.753,8.209618,9.871107,2.1053064,0.6806704,-0.70328903,5.7107844,2.9417667
0.5658267,7977.7744,6.029665,9.804183,1.7966914,-0.113454506,-0.6640093,5.4359117,3.2607727
0.65542734,3776.812,0.96060324,10.268945,-0.040193807,-0.4410701,-1.2719812,5.400555,4.5389967
0.59294236,7021.1494,0.08788099,10.011451,-2.4317718,-0.8734592,-0.79282016,4.670637,3.4001145
0.6078516,6242.45,0.010319485,10.034823,-4.5737214,0.64220893,-0.6147806,4.547036,4.4664774
0.5889015,7144.303,0.013358807,10.010248,-4.3155794,-1.2994593,0.60067946,5.153139,3.6440501
0.5930171,6896.568,0.052158363,10.030196,-2.9534707,-0.75381386,1.1910318,5.5347786,3.552451
0.59561366,6823.5923,0.38328272,9.980851,-0.9589824,0.757802,-0.42196277,5.524249,4.489465
0.62711805,5608.381,0.34127602,10.076326,-1.0750637,-0.8080658,-0.7381547,4.781182,3.6338394
0.63124937,5217.217,5.4962506,10.098431,1.7040662,-1.1130947,-1.5739828,4.8623667,3.7224674
0.6079594,6064.0557,0.17064422,10.0970955,-1.7681744,0.64692354,-0.10790085,6.153557,3.8482585
0.6296572,4710.9355,0.13798645,10.241084,-1.9805998,0.7304776,0.54427016,4.9733405,3.7701087
0.6126093,5933.876,0.14024581,10.098269,-1.9643586,-0.42769083,0.18892804,6.812151,4.16296
0.6120244,6037.0703,0.29502684,10.09143,-1.2206889,-0.13382816,-1.2279086,8.097295,3.4066136
0.5929184,6828.678,0.35247266,10.011495,-1.0427822,1.3169924,1.6430639,6.009817,2.4400089
0.583369,7264.249,0.050121717,9.965685,-2.993301,1.1252902,1.0203307,5.3810453,4.185742
0.65179724,4023.571,1.5434854,10.202653,0.43404314,0.32852837,-0.6186539,5.1051445,4.0254545
0.6395332,4486.6797,0.38346216,10.16089,-0.95851433,0.7249876,-0.2178193,4.783696,4.4387903
0.6295849,5055.1167,0.14868633,10.211093,-1.9059163,0.661043,0.08740603,5.19406,4.967866
0.6354245,4450.448,0.045508772,10.227096,-3.0898502,1.627985,0.06312665,6.2285814,3.4941893
0.6186606,5342.4194,3.0513363,10.133939,1.1155796,0.20531912,1.3528064,4.710896,4.109485
0.6185369,5824.376,0.12281628,10.055257,-2.0970657,0.43996543,0.12951285,5.101761,4.207248
0.61380225,5613.062,0.35091996,10.206696,-1.0471971,0.5300051,1.1700603,4.6336007,4.102239
0.6089325,5757.1733,0.42835706,10.192826,-0.84779817,0.92959255,1.0341806,4.927741,3.889553
0.6111416,6066.8613,0.014159702,10.042956,-4.257355,1.498203,-0.13279273,5.50842,3.5352976
0.6182731,5597.263,0.34362388,10.152781,-1.0682076,-0.24486281,-0.9336641,5.308665,3.916831
0.6300849,5098.9067,0.079096496,10.115266,-2.5370867,-0.14443664,-0.8330724,4.688577,3.6415968
0.6087825,6377.503,0.044333108,10.011074,-3.1160235,-0.85661316,-0.3978059,5.3615494,4.240125
0.61596495,5504.7256,0.5833779,10.1609535,-0.5389201,1.5288721,0.80753475,4.827579,3.536502
0.6272098,5273.3726,0.23132592,10.1650095,-1.4639276,-0.94964457,-0.7483844,5.0565176,3.9231193
0.6275823,4931.6357,0.2534319,10.246901,-1.3726602,0.6391754,-0.047481727,5.84896,3.944073
0.6356662,4558.333,0.8862013,10.228197,-0.12081116,2.4263256,-0.22361635,4.944311,3.2974792
0.6538234,3900.309,0.035030548,10.184064,-3.3515348,2.0318239,0.9715791,5.3482857,3.2872322
0.62530804,5326.615,1.6737952,10.195301,0.5150936,-2.3523185,-0.67398053,5.5777445,5.1353493
0.61531097,5878.3774,0.9795761,10.063226,-0.020635366,-1.0647907,-0.4392,4.7902446,4.879184
0.62194026,5299.4395,0.43217668,10.200079,-0.8389208,0.35133007,-0.2200233,5.345748,2.8488832
0.6133658,5860.587,0.46470028,10.050428,-0.7663626,0.9277679,1.3697585,5.8364353,4.9766855
0.60445344,6288.693,1.2550025,9.981409,0.22713761,-1.5452693,0.79593575,6.1956215,5.295385
0.6156497,5528.69,0.2342272,10.215917,-1.4514637,1.7430952,-1.8128958,4.7506957,3.0912862
0.62198263,5486.4136,0.4816851,10.095468,-0.7304647,-1.4415942,1.9327656,5.790991,4.9116488
0.616439,5692.5635,0.0022477147,10.115032,-6.0978413,1.205192,0.897395,4.6579657,4.0539885
0.61911607,5627.066,0.0036463123,10.1084585,-5.614039,1.246085,0.7507755,4.9105787,3.4445648
0.6143091,5689.0625,0.037488487,10.201027,-3.2837214,-0.53319633,0.006576896,4.429769,3.4088764
0.60703385,6191.0986,0.1310486,10.04503,-2.032187,0.5149269,0.07634888,4.8696547,3.4115863
0.6232441,5423.589,0.3073809,10.16339,-1.1796676,-0.89122653,0.7589618,4.032034,4.514311
0.6176354,5559.5854,0.24676667,10.143656,-1.399312,-1.363447,0.55218077,4.0457025,4.53747
0.6251968,5147.748,12.902212,9.964477,2.5573988,0.24485593,1.300382,6.61282,3.9214413
0.61490166,5588.836,9.318729,9.8723955,2.2320263,0.4210657,1.1895299,6.228697,4.422181
0.59494174,6155.3945,12.740802,9.6264305,2.5448096,0.21477568,-0.100694425,4.634956,3.3995252
0.60868865,5771.523,8.156842,9.699941,2.0988572,-0.15957017,-0.46291807,4.741441,5.17369
0.5717981,7094.2617,11.206825,9.74757,2.416523,0.57617164,-0.6934195,7.119985,3.3399096
0.57334167,7279.5557,14.654028,9.734621,2.6847153,0.6285061,-0.5777233,6.9799585,3.290378
0.5701482,7165.05,17.095535,9.753239,2.8388174,0.109195136,-0.32372427,6.958826,3.088245
0.628777,5154.975,5.8658423,10.109241,1.7691461,-1.4882952,-2.0504625,5.397195,3.8619812
0.62135094,5565.038,1.4783847,10.094977,0.39095014,-1.5724615,-1.3776853,5.216823,3.9874408
0.646454,4478.8774,0.0033787743,10.175846,-5.6902423,-0.38890758,1.5199746,4.967173,4.5524373
0.6325869,4898.1104,0.34725758,10.096792,-1.0576885,-0.92828965,1.2084372,5.0016837,5.2091703
0.61142504,5938.8755,0.16684505,10.15047,-1.7906897,1.5035857,-1.5467507,5.240011,3.0058143
0.6146416,5756.0537,0.7369448,10.1282425,-0.30524227,-0.81795496,-0.84937227,4.6956816,3.1865919
0.6118834,5779.8115,1.0650073,10.100548,0.062981665,-1.2498268,0.35350838,4.886063,2.734476
0.60766387,5899.2188,0.016278611,10.189851,-4.117903,1.0272522,-0.6701224,5.011834,5.3625546
0.61486834,5873.384,0.9002781,10.052354,-0.105051585,-1.4389479,1.3576437,5.1048245,3.6112368
0.6197592,5259.3174,0.1294114,10.250133,-2.0447588,1.2761421,-1.2658601,5.6814575,4.3651223
0.6216271,5233.5635,0.025831038,10.237471,-3.6561785,1.2865804,-1.4162301,5.3812675,3.4211946
0.62018496,5258.975,0.021180006,10.231612,-3.8546977,1.3156136,-1.6048276,5.404769,3.254787
0.6199897,5481.3086,0.014268696,10.184564,-4.249687,1.8262863,-0.42238873,4.8073144,3.2337937
0.6171823,5406.5967,3.41072,10.235616,1.2269235,0.1657507,-1.7562839,4.803805,4.4398866
0.63614976,4816.795,0.031293742,10.115814,-3.464337,-0.13743863,1.0178094,5.186729,4.6592655
0.6266558,5077.122,0.6221166,10.203077,-0.47462773,-0.86065966,0.19800866,6.005377,3.4584744
0.6236814,5366.9575,0.30797783,10.18706,-1.1777275,-1.2734488,0.21888325,5.9456205,3.2371354
0.6152941,5588.766,0.2145998,10.14687,-1.5389804,-0.3669965,0.044901073,5.6665363,3.2263985
0.61633533,5253.5684,0.31576684,10.232831,-1.1527512,0.7630389,0.58754575,5.818328,3.8058028
0.6072678,6201.0654,0.8771712,10.043074,-0.13105308,-1.1460736,0.37205243,4.419984,3.8044307
0.59498453,6735.647,0.9467946,9.9538765,-0.05467309,0.7607315,0.8489187,4.984024,4.1447906
0.5929892,6925.8843,1.0929904,9.984947,0.088917434,-0.467304,1.6199645,4.9017315,3.889368
0.6672007,3792.5864,4.078243,10.163889,1.4056662,-0.5685186,-0.88910097,5.756689,4.062114
0.594427,6731.2944,1.432425,10.015333,0.35936883,0.893502,2.111803,5.469732,3.8280325
0.63269687,4748.4736,0.07056523,10.289336,-2.6512177,-1.1942978,-2.1261582,5.017804,3.8876445
0.6523379,4226.6025,0.060003787,10.138388,-2.8133476,0.48288393,-0.030082716,5.829385,3.1460545
0.5947784,6843.807,0.27884057,9.983868,-1.2771151,-0.23994443,-0.36312926,4.630183,4.277264
0.63399667,4660.6597,0.1280028,10.215514,-2.0557032,-1.4703466,-0.24783482,4.8290725,3.9872103
0.6005689,6728.672,0.22648011,10.014521,-1.4850981,1.3821317,-0.38480073,5.422384,3.589451
0.59986794,6450.9155,0.67865604,10.094124,-0.38764083,0.72069293,-0.15600662,5.7428207,4.2245183
0.60932285,6199.163,0.09515996,9.944409,-2.352196,-0.8629016,1.943328,4.6203012,2.673943
0.618953,5380.998,7.570563,10.103454,2.0242674,-1.059041,0.21929128,6.884267,4.153305
0.58609116,6039.5796,43.043617,9.728207,3.762214,1.3471397,1.1683707,4.174019,4.391505
0.58571494,6766.6562,10.728764,9.623756,2.3729284,-1.3685434,-0.9883278,6.62436,3.8051946
0.57528424,6841.743,16.895908,9.542446,2.8270714,-1.2464218,0.48734596,6.571693,4.200063
0.58459437,6145.0107,32.1439,9.485447,3.4702227,0.20565559,1.2316922,6.734623,4.224638
0.6074482,5906.9453,5.9570303,9.60967,1.7845721,-0.9742717,1.4414009,5.9527063,4.8127685
0.60247,5899.4824,10.4577265,9.725907,2.347341,-0.78930324,1.5359741,6.6958923,5.1476393
0.6150445,5467.981,13.000254,9.797592,2.5649688,-0.9354631,0.14570834,6.982772,4.027737
0.6168314,5397.9185,12.083937,9.845789,2.491877,0.19131643,-0.017402416,5.391277,3.8220422
0.605452,5731.2812,19.339657,9.83022,2.9621577,0.79086715,-2.1997283,6.047395,3.641626
0.60472655,5564.967,29.297703,9.835008,3.377509,0.74816155,-2.431655,6.0083256,3.6759236
0.6021757,6361.1475,2.7561035,9.942319,1.0138179,-1.4124926,0.9657104,5.3038282,3.925923
0.5737057,7281.496,10.64053,9.7324915,2.3646703,0.111629955,-0.34059566,4.866578,3.917611
0.59325975,6778.974,1.3410671,9.9691725,0.29346567,0.91757417,0.16238803,4.671776,3.963596
0.6269455,5093.9326,14.967271,9.976243,2.7058659,-0.8883013,0.01677205,5.6010246,4.002255
0.63431907,4856.4478,12.692241,9.949121,2.5409908,0.02461176,0.4568546,4.914388,3.4338722
0.6228297,5439.9688,3.089065,10.140007,1.1278685,-1.4136412,-0.32952264,5.1766105,5.014041
0.6162981,5779.5586,1.4940909,10.159441,0.40151793,-0.61965495,-0.08132046,5.050903,4.4394293
0.6250925,5620.246,0.114743344,10.063999,-2.1650574,-0.7163022,-0.4203199,6.332919,4.125982
0.6049701,6010.224,2.48327,10.064864,0.9095762,-0.0010727523,1.9520867,4.6346893,3.6085825
0.60350674,6124.888,3.4203992,10.006961,1.2297573,0.39008686,1.1350781,4.540451,3.928769
0.616109,5902.489,0.41948235,10.053591,-0.8687338,-0.5052574,0.7745397,5.126604,4.1337013
0.6112067,5849.3267,1.1949852,10.116387,0.17813379,0.36437723,0.19786888,5.245655,3.581852
0.62325805,5406.381,1.2145522,10.162108,0.19437544,0.46454647,-0.82082295,5.8612747,3.5789645
0.616833,5671.221,0.09587207,10.083759,-2.3447406,0.25577357,0.6081074,4.6676807,4.0965633
0.60086626,6225.804,6.8099914,9.984937,1.9183909,0.5386658,-0.459848,5.8397684,3.4888391
0.6070337,6174.857,3.040132,10.006794,1.1119009,0.6202336,-0.81883216,5.2830443,3.7376182
0.58686984,6503.2446,15.500043,9.89768,2.7408428,0.46440816,-2.5521152,5.3399,4.293621
0.5960513,6746.801,0.21521914,10.065915,-1.5360985,0.06676271,0.14265303,4.9343214,4.3422995
0.60745424,6339.8745,0.36413655,10.004675,-1.0102264,-1.3116527,0.06420371,4.9277487,3.9231741
0.6052488,6282.464,0.71701896,9.9982815,-0.33265296,-1.0472568,0.6003903,4.827766,4.0427904
0.62221515,5327.69,0.073452756,10.116285,-2.6111128,-0.38962832,0.7464036,6.389071,3.9076238
0.621131,5353.531,4.081221,10.2062,1.4063963,0.56348073,-1.9314865,5.6839623,3.817101
0.621485,5444.1094,1.2763005,10.189751,0.24396573,0.5850015,-1.7554032,5.6586065,3.8270228
0.620437,5571.151,0.30219516,10.091154,-1.1966822,0.2526113,1.3307071,4.3896265,3.3980265
0.62137157,5261.333,0.37516347,10.201339,-0.9803934,1.9951677,-0.36727887,5.709781,4.046647
0.6135768,5748.6626,1.2192507,10.117801,0.19823648,-1.1280411,-0.1857732,5.4676685,4.5837812
0.64295995,4335.3784,1.3285763,10.221718,0.28410792,-0.23648438,0.024339149,6.278635,3.8408442
0.6207261,5351.9497,0.54965085,10.178969,-0.598472,0.72081244,-0.30713883,5.8791094,4.1900268
0.6149973,5736.1226,0.17528951,10.11371,-1.7413163,-0.38674328,-0.561479,5.85811,4.536185
0.6228369,5508.034,0.13934103,10.141934,-1.9708309,-0.8650008,0.21004452,5.2827168,4.0625052
0.62812656,4886.6484,0.4341555,10.191007,-0.83435255,-0.021573937,0.98858625,5.5822687,4.6771283
0.6096607,6095.089,0.25840232,10.126489,-1.3532375,0.20008102,-1.2831862,4.8981,3.3520656
0.63421214,4897.5225,0.40723172,10.162604,-0.89837295,0.16503145,0.28863713,5.257209,3.6434524
0.6235607,5433.733,0.18866293,10.018608,-1.6677933,-0.50717705,1.7524825,4.5914125,3.7068517
0.61354876,6022.577,0.3034493,10.147317,-1.1925408,1.504627,-2.3302443,6.08469,4.214531
0.61329675,5843.993,0.34452492,10.022901,-1.0655888,-0.90314376,2.1635036,4.896388,3.4206808
0.6150744,5887.645,0.3323146,10.104308,-1.1016731,-0.9065153,1.2956877,4.774394,3.4507012
0.6055019,6361.772,0.33641255,10.016577,-1.0894171,-0.070082515,-0.4356954,3.873021,4.122041
0.6010717,6571.1904,0.4205282,10.015504,-0.8662437,-0.25897998,-0.31366134,4.0739803,3.9163113
0.6064769,6251.4707,0.17460972,10.052189,-1.745202,0.13947129,0.6763699,4.4393907,3.5235286
0.6119972,6056.2295,0.55772394,10.042747,-0.5838912,-0.16109417,-0.35091668,4.8718624,3.1725373
0.6163473,5935.877,0.5062522,10.083636,-0.6807202,-0.6134871,-0.63956565,5.1673956,3.375606
0.62718564,5234.3887,2.0835826,10.119664,0.73408884,-1.3895546,-0.21326795,4.910731,2.8554487
0.6382294,4398.1,0.78750837,10.267225,-0.23888132,1.5126619,-1.247655,6.0656033,4.450118
0.6278683,4978.0312,0.47699413,10.240763,-0.7402511,1.2757304,-1.3579727,6.005741,3.8281138
0.6239398,5497.3076,0.4332645,10.095175,-0.8364069,-1.0981452,1.2541647,4.5814333,4.010096
0.5997822,6640.218,0.01451195,10.036012,-4.232783,1.0141226,-0.80095136,6.141986,3.515452
0.61657286,5794.4937,3.795107,10.054072,1.3337126,-0.4813404,0.18289793,5.1239257,4.2893972
0.6104077,5954.9385,0.051878843,10.086393,-2.9588442,0.07551774,-0.7963171,4.460232,4.0979548
0.62178785,5628.6904,0.025799155,10.144755,-3.6574135,0.31901887,-0.3265192,4.740171,4.0249896
0.61102384,5829.284,1.2988774,10.049464,0.2615003,-0.29784417,0.99847585,5.1013203,5.083096
0.61062324,5929.5005,0.14523612,10.173541,-1.9293945,1.2817146,-0.7333863,5.232772,2.8040311
0.61176,6054.2305,0.52420855,10.079392,-0.6458657,-0.7977107,0.32401946,4.856893,5.8459177
0.65371317,4073.4663,1.7762487,10.183246,0.57450366,0.3928759,-0.5448815,6.2741623,3.401246
0.6450055,4512.3687,0.07976241,10.157692,-2.528703,0.5498435,-0.23161416,6.657566,3.3056371
0.6020372,6365.038,0.47210053,10.063978,-0.7505633,-1.8099296,1.0045848,5.33176,4.0888586
0.600216,6407.822,1.4897852,10.032244,0.39863196,-0.34411708,0.8767403,5.428902,3.8672462
0.6119565,5878.835,0.038997483,10.170472,-3.2442582,0.60186785,-1.2123353,5.1271586,3.7397583
0.6129715,5937.606,0.05259878,10.115933,-2.9450624,0.90402913,-1.0375724,5.265585,3.8689673
0.6114923,6091.6367,0.46254557,10.042487,-0.77101016,0.7523362,-0.5484223,7.3484154,3.6704352
0.6129375,5494.2173,0.15974964,10.210326,-1.8341475,0.45716536,1.4174731,5.291415,3.2583945
0.6219127,5180.141,0.43576655,10.191478,-0.8306486,1.5946581,1.2274514,5.0159903,2.7668738
0.63396543,4499.0557,0.106257945,10.265363,-2.2418857,1.0761424,0.5831236,4.3088093,3.1154895
0.6301655,4707.764,0.14341076,10.25831,-1.9420424,1.0514458,0.06539606,4.4512954,3.0035057
0.6156645,5678.0576,1.0616236,10.193683,0.059799448,-0.16563194,-1.6833045,5.7942915,3.8642926
0.6123224,5949.082,1.2292196,10.123745,0.20637949,0.17805398,-1.1220104,5.3105717,3.8850298
0.6053902,6110.1045,0.46363428,10.158468,-0.76865923,-0.14406985,-1.3250757,4.9810896,2.7947392
0.61059767,5945.013,0.10989349,10.111423,-2.2082436,1.2671032,0.2401042,4.921633,3.3167295
0.6279367,4905.6104,0.11456285,10.272822,-2.1666317,0.42927215,-1.4792764,4.782659,3.6128426
0.6061342,6266.716,1.8813977,9.934263,0.632015,0.2845005,1.5314598,5.5586333,3.8291516
0.5943272,6772.4385,4.6681914,9.85563,1.5407717,-1.1184909,-0.33730936,5.120124,4.5748057
0.6293726,4624.748,0.030389117,10.2794075,-3.4936707,1.2386013,0.26964876,5.1201878,3.0014482
0.65662766,4017.3633,0.4064783,10.112459,-0.9002248,-0.71296006,1.2461171,5.869896,3.7236156
0.6260737,5219.8555,0.18844405,10.186451,-1.6689541,-0.76774526,-0.91703963,4.1804338,4.524065
0.6265662,5190.9526,0.10237289,10.174929,-2.2791333,-0.6933475,-0.44632992,4.2110047,4.551962
0.60608053,6373.8716,0.09583089,10.056457,-2.3451703,-0.20124024,-0.13639252,5.6278963,3.6681297
0.6051593,6180.2007,0.6588118,10.0869,-0.41731736,-1.3882978,-0.6913691,6.0764904,3.9808187
0.6146899,5688.86,1.2881327,10.117299,0.2531936,2.0162396,-1.0931408,5.672187,4.3232384
0.6202647,5626.5186,0.02928566,10.093236,-3.5306573,-0.6756139,0.6901665,5.297097,4.24161
0.6172117,5540.099,0.6112541,10.182585,-0.4922425,1.2204581,0.43903396,5.4580007,3.3515081
0.6071363,6324.323,0.10507658,10.039499,-2.2530658,-0.9638627,-0.68745494,5.1007643,4.37551
0.6074552,6198.916,0.06990617,10.034662,-2.6606014,0.83727825,1.6486515,5.349545,3.2282324
0.6030318,6257.857,1.4020239,10.087713,0.33791685,0.42386854,0.40651384,6.8123617,4.607838
0.6346353,4653.956,0.12955992,10.237705,-2.0436118,0.123918265,-0.84101444,4.8069377,3.3126628
0.6281306,5009.641,1.5862019,10.179596,0.46134242,-0.16757268,0.463725,5.6309376,4.425231
0.6309576,5031.6846,0.005069657,10.173761,-5.284482,-1.2843927,-0.8517658,5.102809,4.4071603
0.6317005,5046.001,0.0049343826,10.166752,-5.3115277,-1.2588329,-0.892201,5.114659,4.3946
0.6315307,4941.96,13.020915,10.077025,2.566557,1.178654,1.2188144,4.9252815,3.6590211
0.6140958,5167.8677,29.307735,9.910877,3.3778515,0.60245925,1.4929788,4.6350975,3.4478395
0.6162744,5567.8438,7.4773006,9.985937,2.0118718,0.37964138,0.7596962,4.766118,3.5993607
0.62435913,5250.2773,5.5197253,9.99377,1.7083281,-0.46049324,0.77604175,5.2659354,4.0910525
0.6253228,5082.0986,32.569073,10.00469,3.4833632,-0.32439423,0.3259389,5.3576603,3.4394927
0.6219853,5124.8257,29.0722,9.992862,3.3697824,-0.19829436,0.26320323,5.3023515,3.562436
0.5840629,6168.652,28.20303,9.456152,3.3394294,0.2381954,0.8966429,4.4025064,3.9218988
0.58702964,6306.7627,25.159384,9.469712,3.225231,0.2304882,0.82400304,4.4270477,3.9334037
0.5881392,6171.452,24.19331,9.472935,3.1860762,0.41827607,0.39801976,4.701151,3.7589664
0.60483545,6033.6533,9.58414,9.765242,2.2601097,-1.5469745,0.0064639463,5.0318613,3.608999
0.6038853,6021.1685,7.138041,9.751976,1.9654384,-1.504776,0.0007869891,4.982213,3.576085
0.6021147,5741.356,18.405266,9.734751,2.9126368,-0.41075873,0.059314393,4.817785,3.6784754
0.586993,6142.037,24.652695,9.718764,3.2048862,-0.2736205,0.6543015,4.5023828,3.4006221
0.5813577,6498.368,22.858696,9.534815,3.1293316,-0.9508075,-0.82965255,4.8869843,3.8326206
0.6286156,4779.4487,15.961716,9.657765,2.770193,0.63755894,0.43351293,6.488614,4.489636
0.65916014,3875.1528,11.088421,9.73048,2.4059014,1.126315,1.8574842,4.4925404,4.6912904
0.6048091,5633.0776,14.44279,9.226641,2.6701953,-0.46635342,0.8068334,5.1798515,4.937691
0.6165314,5301.98,40.570786,9.837546,3.7030482,-0.092703514,0.5642141,5.3217344,3.218246
0.60997736,5382.3037,23.248407,9.825343,3.1462367,-0.15989423,0.7282308,5.2452197,3.1237946
0.5951724,5863.5913,44.220158,9.724794,3.7891808,0.4461943,-0.44538748,5.342081,3.9956503
0.60190946,6153.5903,6.548624,9.708381,1.8792549,0.40854964,0.37272966,5.884465,4.631788
0.5736989,6859.8193,15.058799,9.533854,2.7119625,0.0781542,1.5380232,5.1647825,4.272563
0.6021892,6431.0376,1.1747988,10.052407,0.16109692,-0.5929657,-1.4819129,5.1864223,2.8590262
0.6057514,6244.929,1.2678626,10.07849,0.23733243,-0.5803285,-1.5210383,4.964567,2.8521638
0.61039484,6140.463,1.4646809,10.046015,0.3816374,-0.7583415,-1.7399023,4.745086,2.8442664
0.6291572,5074.848,0.025029348,10.217604,-3.6877062,-2.254204,-1.6342636,4.5657234,4.157343
0.62053597,5490.783,0.015638059,10.107322,-4.1580477,-0.91485685,-0.48689863,4.4105673,3.8825274
0.62863624,4864.9946,0.04046429,10.232036,-3.2073355,-1.1401293,0.26184338,4.7428517,3.784468
0.59624606,6222.971,8.679428,9.97385,2.1609557,0.9204173,-0.18228467,5.7156334,3.8123703
0.60897434,5944.075,3.7806225,10.013357,1.3298887,-0.27031,0.2839427,5.302896,3.9057205
0.60896057,5851.5396,6.882827,10.027838,1.9290295,-0.41194612,0.48030722,5.229124,4.005694
0.6087623,5941.2144,4.183524,10.067752,1.431154,-0.5324267,0.42871892,5.118631,4.094611
0.6061032,6134.7246,2.9517665,10.016126,1.0824038,-0.18238984,0.60951054,5.0539055,3.7966862
0.6229015,5138.59,0.09042513,10.219435,-2.403233,0.3401618,-0.26220092,5.0534353,3.4840298
0.6376619,4381.827,0.3066333,10.264951,-1.1821027,1.0710646,-2.1220398,5.6932473,4.9808335
0.6299485,4922.79,0.22007875,10.214173,-1.5137699,1.3803399,0.10640243,5.6073103,3.7893643
0.601426,6650.991,0.21467784,9.967847,-1.5386168,-0.4940856,0.110332735,4.8991303,4.3048463
0.6068481,6125.735,1.2815051,9.98619,0.24803525,-0.35426986,1.7273259,5.6106386,3.4543672
0.6126585,5981.4053,0.68044215,10.047855,-0.38501248,-0.2946793,1.2911782,4.8970704,3.9140112
0.6270891,5087.708,0.2549133,10.228546,-1.3668318,0.49187604,-1.6444886,5.58475,4.0192394
0.6196751,4900.5273,0.8425919,10.337865,-0.17127255,1.1720061,-1.32513,6.10441,4.2212625
0.60916084,6054.629,0.34948507,10.084404,-1.0512944,2.8071213,0.338922,6.249897,3.6707613
0.630668,4594.7983,0.5468523,10.302314,-0.60357654,-0.8144437,-0.7736113,5.695587,3.7322428
0.6318245,4730.8604,0.26963562,10.291333,-1.3106838,-0.5479575,-1.3446143,5.9642763,3.7332547
0.6285926,4711.8467,0.29728305,10.26237,-1.2130705,-0.40240398,-1.361685,5.9551764,3.734224
0.59407693,6634.702,2.1686788,9.942546,0.77411807,0.01993728,1.8745936,4.5430183,4.231622
0.6021154,6391.522,1.5696867,10.039291,0.45087603,0.06356903,0.7196861,4.8395233,3.7623515
0.61763567,5649.001,1.1877553,10.087141,0.17206524,0.70080125,1.0510877,4.0806217,3.9123743
0.61355793,5975.0996,0.6829804,10.067422,-0.38128906,-0.39352992,0.97818047,4.2458425,4.1374307
0.61503637,5764.9204,0.46750203,9.996307,-0.7603516,-0.8404627,1.5899454,4.137898,3.8978188
0.60862786,6361.8804,0.6146382,10.0476465,-0.4867215,-1.5311235,-0.19075069,4.400508,4.3734803
0.5938158,6978.651,0.66211915,9.997175,-0.4123098,0.7395393,-1.159755,5.8205843,3.420016
0.6000447,6573.505,0.86832887,10.039897,-0.14118473,0.7788083,-0.84011734,5.38,4.167735
0.59144384,7014.947,1.5667192,9.95716,0.44898376,-2.0119567,-1.4189179,5.0085244,4.47448
0.5937034,6827.379,2.1825733,9.985177,0.7805046,1.3713908,-0.23030172,4.39954,4.2091804
0.6030395,5993.626,9.71114,9.777622,2.2732737,-1.3349402,0.2694881,5.895318,3.5616965
0.6018489,5996.9395,12.01171,9.774042,2.485882,-1.3341895,0.28236446,5.959114,3.5946577
0.6077517,6037.073,2.9506664,10.031106,1.082031,1.5149219,1.3695952,4.4317765,3.4612727
0.61596537,5815.3237,0.11165033,10.13084,-2.1923833,-1.0748813,-1.4165353,4.3587995,4.363031
0.6154164,5922.828,0.22137985,10.10388,-1.5078753,-1.2284886,-0.6952165,4.719416,4.5534854
0.5728371,7363.757,7.7130976,9.868724,2.0429199,1.7373827,-1.0031294,4.796497,3.1257703
0.56802195,7664.5024,10.056244,9.85559,2.3081937,1.9172919,0.4492448,4.8590183,3.5444288
0.5842073,7135.63,2.7313457,9.922686,1.0047944,1.5150135,1.090431,4.7617445,3.7472281
0.57837856,6839.1587,12.382013,9.823087,2.516245,0.6254529,0.48722684,4.7102804,4.02388
0.63711864,4456.209,0.10825826,10.256502,-2.2232356,-1.1297171,0.6019888,5.658428,3.6105516
0.5721959,7318.052,8.083124,9.925064,2.0897784,0.45704916,-0.19940999,4.9088492,4.2587266
0.597936,6488.907,0.0331497,10.112557,-3.4067216,0.76057905,-0.48615247,5.42917,4.2011533
0.58440495,7352.7,0.01049218,9.884178,-4.557125,0.071387455,-1.7405509,5.6575375,4.1130433
0.6056279,5929.7617,1.1024873,10.104884,0.09756879,0.19996196,1.6242028,6.4325476,3.4078777
0.5724269,7075.704,16.022083,9.80494,2.773968,0.55604494,-1.331133,4.72844,4.5932183
0.61831844,5685.031,0.6892521,10.109381,-0.3721482,-0.32575002,0.25995955,6.04872,3.3252156
0.624766,5292.8135,0.47185448,10.131595,-0.7510846,-0.9710946,-0.025731612,4.265589,3.798607
0.6279583,5243.8745,0.2747105,10.121165,-1.2920375,-0.8946535,-0.04592505,4.2386513,3.7618477
0.63849163,4695.7324,0.41765034,10.18346,-0.8731107,-1.6669427,-1.7979759,3.9416473,3.43516
0.606064,6001.5537,0.38336548,10.112503,-0.95876646,1.8476311,1.1797775,6.462027,3.9764707
0.62993866,5246.4087,0.70055026,10.121063,-0.35588914,-1.7294049,-1.2061342,4.3226414,3.686017
0.5999248,6364.979,1.3062007,10.022087,0.26712272,1.7914215,1.7390935,5.2978177,4.1228967
0.60578865,6161.6206,1.115081,10.051629,0.108927034,2.7751324,1.7910911,4.658706,4.394992
0.61403525,5763.489,2.9211884,10.044839,1.0719905,1.2082225,1.3550146,5.224669,3.992703
0.6114682,5874.184,0.060705665,10.176668,-2.8017182,-0.8137231,-1.0165763,5.26436,4.3559766
0.61533993,5798.1064,0.026791671,10.088185,-3.6196642,0.98360264,-0.46465144,5.902828,4.6163344
0.6199237,5472.505,0.046876833,10.144335,-3.0602317,0.9601458,-0.4024915,6.1720686,4.4637156
0.61816275,5769.4175,2.3197699,10.047136,0.84146804,-0.28178313,-0.11290131,4.305276,3.6019318
0.5875685,6984.8296,0.035483263,10.068497,-3.338694,0.5434875,-0.57473314,6.6815615,3.3802643
0.6154512,5649.8213,2.2772825,10.094848,0.82298285,-0.79310393,1.0834311,4.339733,3.8264968
0.6241056,5323.9717,5.645691,10.021549,1.7308925,0.13314117,0.29076543,4.3254952,3.7125583
0.6381016,4434.6953,0.52805024,10.2122965,-0.6385638,1.7835704,2.1397026,5.985752,3.9547694
0.6274322,4958.9556,0.1674189,10.20902,-1.7872562,0.7638734,1.1166354,5.7769814,4.4101324
0.63638043,4464.7803,0.031319406,10.270085,-3.4635174,0.8782511,1.9127073,5.0155663,5.1469846
0.57927644,7448.9673,2.1082234,9.866282,0.7458457,0.65461946,1.3269413,5.5553217,4.030538
0.5890374,6852.638,0.65734756,10.007518,-0.41954243,0.063408375,1.9309937,4.7587857,4.2614794
0.5935165,6147.5215,12.930507,9.883172,2.5595894,1.2681121,-0.6919108,5.9653816,4.7703032
0.6352521,4743.1025,0.061208107,10.106775,-2.7934756,-0.96565694,0.93059045,4.7614274,3.5100918
0.6414964,4401.056,0.041647796,10.2240505,-3.1785069,0.4387852,1.5114303,4.5586977,3.4335911
0.63571084,4906.038,0.043004222,10.14627,-3.146457,-0.51581705,1.4849155,4.1121407,3.5069754
0.6368416,4886.8354,0.049977675,10.160787,-2.9961789,-0.19012032,1.5270303,4.476075,3.4575617
0.6263413,5068.327,0.036115643,10.141829,-3.3210292,-1.4423492,1.1973664,3.8946311,3.9698067
0.60467595,5983.8,6.3975096,9.973317,1.8559088,-0.63800037,-0.26593336,4.848403,3.136147
0.60795397,5933.167,8.122005,9.895233,2.094577,-0.5697017,-0.11116542,5.040253,3.0605683
0.62451166,5300.6826,11.3631115,9.88501,2.4303722,-1.1524662,0.8338338,5.067717,3.0476031
0.6328532,5028.657,5.0176363,9.985863,1.612959,-0.4145664,1.5841639,5.530551,3.1869776
0.62452435,5426.933,0.75893486,10.034804,-0.2758393,-0.1811236,1.8773254,5.335843,3.4868584
0.6186249,5500.167,0.38237217,10.172357,-0.9613609,0.39886627,-2.4668407,5.1812425,3.552536
0.60929537,5749.1924,0.7357382,10.268613,-0.30688092,-0.21241364,-2.8223784,5.2154207,3.6564102
0.6156142,5569.0317,0.1874558,10.248984,-1.6742122,0.6887208,-2.5428956,5.516583,3.6163397
0.63563347,4776.7173,1.4443702,10.17566,0.36767337,-0.5836739,-0.18141282,5.2472873,4.319014
0.62751234,5226.1455,0.41328877,10.15556,-0.88360876,-1.3816092,-0.51831114,4.9371166,3.948923
0.62751853,5346.517,0.34877226,10.12296,-1.0533361,0.6680491,-2.1894083,5.530445,3.5195012
0.644072,4219.4653,0.32497054,10.249022,-1.1240207,-0.76164144,-0.29425487,7.984181,3.325782
0.62930554,4935.2915,0.0185156,10.196237,-3.9891417,0.50431406,0.5177771,6.3903413,3.0472245
0.6374111,4885.368,3.639595,10.122487,1.2918724,-1.3753227,-0.47317883,4.3125787,5.256546
0.6040318,6243.0146,2.3530636,9.9469795,0.85571814,-0.5263401,0.8379288,5.187952,3.525018
0.6314291,4932.7754,0.086900435,10.244897,-2.4429922,-0.87872154,-0.5808567,5.3698096,4.2495666
0.6115179,5938.4663,1.5861584,10.057583,0.46131498,-0.1301872,0.6705229,5.4203815,3.4427717
0.59826875,6602.6104,0.06260604,10.071964,-2.7708936,0.22206442,-0.09880271,5.303487,4.572187
0.61795664,5511.7085,0.10490629,10.196539,-2.2546878,0.099081516,-0.65937996,4.728956,5.0058928
0.6054178,6213.941,0.124373816,9.965054,-2.0844636,-0.39591637,1.7042065,5.606467,3.285067
0.6077841,6154.7725,0.46250835,9.933086,-0.7710907,-0.66100436,2.069987,5.640726,3.6560364
0.6169041,5406.505,0.6227909,10.2635565,-0.4735445,-0.4810734,-0.90986776,4.3551936,3.8941164
0.62200856,5358.4033,0.12576446,10.097329,-2.0733445,0.52351964,2.066796,5.403539,3.7911403
0.6380373,4487.419,0.5436424,10.250681,-0.60946363,-0.13244471,-0.60095483,4.915721,2.8973708
0.6396575,4314.339,3.1008346,10.27752,1.1316713,-0.3804878,-0.49812508,4.8183517,3.1506894
0.6300032,5421.144,0.8629794,10.07045,-0.14736445,-0.4972222,-1.4432498,4.822426,3.2791083
0.6330726,4938.7373,2.1630852,10.140939,0.7715356,-0.74066967,-0.079315215,4.37966,3.973195
0.61002827,5946.875,0.32165,10.153061,-1.1342913,1.8336953,0.10369588,5.6745605,4.014573
0.63171095,5100.9336,0.47413737,10.146009,-0.7462582,-1.2728374,-0.7495,4.647937,3.877286
0.6347648,4711.407,2.6111293,10.215571,0.95978284,0.46734074,-0.5499619,4.457141,3.620792
0.64673597,4318.841,1.809158,10.2214155,0.59286153,1.8849254,-0.7660546,4.1725583,3.817887
0.6293909,4987.7607,0.035460744,10.184009,-3.339329,-2.3773909,0.14063329,5.780094,3.3119292
0.6299801,5152.9595,1.8522232,10.083588,0.6163866,-1.1541263,-0.20457627,5.2417088,3.6105065
0.642485,4425.929,6.4267125,10.23226,1.8604631,-1.0570005,-0.06506648,5.855873,4.0283055
0.61107826,5937.204,0.01689545,10.130955,-4.080711,0.11314332,0.856369,5.17385,3.659737
0.60722387,6246.3506,0.05106157,10.026665,-2.974723,1.1722759,0.689543,5.6963882,3.8121963
0.6122151,5739.63,0.1390253,10.147137,-1.9730994,2.268583,0.4919451,6.4723525,3.9451866
0.6199204,5182.907,0.035366476,10.22103,-3.341991,0.43693477,1.3997273,6.8024344,4.197027
0.624283,5296.878,0.32843915,10.025311,-1.1134037,0.18191779,1.877802,5.482117,3.921146
0.600988,6513.625,0.40975815,10.0419035,-0.89218813,0.5587501,-1.588,5.1973524,3.9189386
0.6299872,4968.4585,0.10070725,10.102324,-2.2955375,-0.06226494,1.2012794,5.3944483,4.2930794
0.62069446,5721.244,0.034091566,10.072555,-3.3787053,0.1263518,1.2728194,4.962786,3.9162207
0.6059701,6135.1245,4.9639363,9.99944,1.6021991,-0.05939241,-1.2906797,5.943221,4.1815586
0.60553193,6181.6577,0.31196636,10.08568,-1.1648599,0.47269663,0.972741,4.1240664,4.551354
0.6450378,4416.562,0.08968521,10.18444,-2.4114494,-0.058303505,-1.0188571,7.1073294,3.447576
0.64540374,4248.3037,1.0498456,10.168133,0.04864304,0.9944789,1.4058139,4.824498,4.0878305
0.6152724,5694.37,1.5997692,10.069274,0.4698594,-2.2870796,0.73469156,6.222364,4.0044084
0.6099317,5988.9224,2.4644065,9.996584,0.90195096,-1.6797795,0.3659964,5.8655434,4.1045804
0.6087799,6113.2236,2.6144423,9.976009,0.9610508,-1.5241379,0.6633012,5.9413567,4.3205543
0.60120785,6346.5835,1.3373457,10.059011,0.29068682,0.15514237,-1.0140878,4.5496874,3.6772866
0.61171657,5890.2476,0.4308594,10.137382,-0.8419735,-0.76773757,-2.0823247,5.390639,3.7549136
0.62564355,4945.225,0.80879265,10.216756,-0.21221271,1.5900222,0.9780141,5.567587,3.9627905
0.61531246,5735.7573,0.15660909,10.146244,-1.8540025,-0.2109996,-0.8439963,4.5848427,2.865815
0.63702625,4690.9595,1.4537053,10.158967,0.37411574,0.65013784,-0.27815768,5.0807424,6.173766
0.6419747,4525.6504,0.8235268,10.157116,-0.19415917,0.80266505,-0.019608535,4.8815928,5.608329
0.6509558,4051.7688,0.95718956,10.175626,-0.04375382,1.1039773,0.16866767,4.5940394,4.9122105
0.6522825,3979.1902,0.8750199,10.1817665,-0.13350861,0.8668194,0.28042868,4.5746365,4.54953
0.6469903,4256.2573,0.7073046,10.13952,-0.34629393,0.38057613,0.54457206,4.086273,3.5680974
0.65307885,4204.5776,3.3786244,10.131098,1.2174686,-0.1016645,-0.18667051,4.2039557,3.987381
0.65289235,4174.1416,3.4725046,10.1275425,1.2448761,0.09215423,-0.42879966,4.159653,4.047843
0.6583295,4089.1394,5.599619,10.075557,1.7226986,0.10091562,0.7557738,5.236726,2.8718867
0.63439584,4867.8413,0.9527776,10.147685,-0.048373725,-0.5922394,-0.2299091,5.1782126,5.110379
0.6410508,4585.255,0.6153291,10.167019,-0.4855981,0.09339465,0.17686221,6.044574,2.9516635
0.65095985,4276.85,0.0074664224,10.160377,-4.8973393,-2.1649854,-0.23581171,4.310752,5.053151
0.6413853,4498.364,0.004298828,10.134524,-5.449413,-1.3958292,-0.4020322,4.189049,4.979985
0.6542121,4059.9055,0.044211205,10.193742,-3.118777,0.011658828,0.13452311,4.986193,4.2761054
0.5890947,7080.992,1.2529833,9.987691,0.22552732,1.1328475,-0.018959047,6.117444,3.9683735
0.6023785,6431.001,0.09554863,10.042738,-2.34812,-0.35864255,0.44047537,5.063882,3.8309999
0.5961132,6120.3525,12.967903,9.876196,2.5624774,1.136784,-0.49546102,5.2125235,3.5784369
0.6017153,6536.9805,0.17501618,10.02853,-1.7428769,-0.9939491,1.3420535,4.681873,3.689018
0.6050732,6254.673,0.11221425,10.019069,-2.1873453,0.093472674,-0.15423116,4.867193,4.145761
0.6261043,5056.327,0.4428919,10.235828,-0.8144296,0.9786924,-0.65278405,6.1186414,3.2961166
0.62342334,5253.429,0.36531097,10.2229185,-1.0070063,0.91363347,-0.2258638,5.6918755,4.793759
0.5885779,7033.3735,2.727853,9.838024,1.0035149,-2.2606542,0.53966814,4.99305,3.3224397
0.58856505,6927.1274,4.1093616,9.838285,1.4132677,-2.4125865,0.8859555,5.087065,3.5169444
0.6094334,6148.2754,1.1906294,9.951531,0.17448205,-1.9046588,0.58533293,4.6671176,3.4096518
0.6041563,6276.1704,2.2240086,9.920931,0.7993113,-1.9115864,0.6020191,4.7995157,3.7373013
0.61214143,6036.308,1.5972073,10.020927,0.4682567,-1.526959,-0.17051491,5.456479,3.9822643
0.5887371,6870.4634,5.048763,9.888775,1.6191432,-0.90175134,0.40741602,7.046595,3.4988394
0.59384763,6732.7744,3.1126323,9.884488,1.1354687,-1.1521366,1.0239851,6.958556,3.8429303
0.5939725,6165.4175,10.555774,9.845962,2.356673,0.1751167,0.25593814,4.678376,3.7983706
0.59967554,6232.428,9.813373,9.889842,2.283746,0.24713396,0.2891685,4.740501,3.794218
0.62151825,4983.452,20.080055,9.626963,2.999727,-0.5050338,0.28735393,5.70991,3.9429708
0.62752545,5054.376,14.220102,9.700889,2.6546566,-2.0392942,-0.35689983,5.406775,3.1935775
0.64039075,4593.575,24.710598,9.806346,3.2072322,-1.3948096,-0.29427677,5.8565536,3.228619
0.6400582,4654.5913,25.024158,9.804968,3.2198417,-1.3288257,-0.4519252,5.867367,3.3356805
0.6407875,4768.8,8.193535,9.882567,2.1033454,-1.86463,0.5934919,5.3858285,3.4080272
0.6383063,4877.8545,6.9163,9.828387,1.9338809,-1.7864132,0.7007847,5.6345115,3.5683246
0.632262,4915.272,21.289879,9.891769,3.0582318,-0.76435673,0.6020838,6.1099577,3.384908
0.6759301,3644.1362,6.603838,9.957954,1.887651,-0.67636544,0.4092166,4.113382,4.6559367
0.6725855,3698.112,0.47599,9.881162,-0.74235845,-0.38887128,2.4988558,5.5604672,4.0747814
0.6534518,4090.513,1.3674788,10.223542,0.31296882,0.73046297,-2.2051413,4.8711014,3.5464597
0.60634255,5758.331,9.050843,10.116614,2.202858,0.87559074,-1.1243522,5.242829,3.6690936
0.6065641,6221.302,3.1730895,9.903727,1.1547058,0.22737342,-0.8085524,4.651038,3.7009757
0.60410166,5699.9165,21.529188,9.869202,3.0694096,-0.13088645,-0.7602117,4.605159,3.3314433
0.58032125,7469.3696,4.146844,9.819415,1.4223475,-1.4019518,-1.4529054,4.856029,2.7811778
0.5771197,7323.947,7.6831098,9.911877,2.0390244,-1.3894361,-1.4503754,5.055399,3.0565815
0.59432566,6892.5195,0.5674676,9.98029,-0.5665717,0.15733884,-1.4854295,4.9391713,3.3514595
0.60964197,6155.8164,0.6344538,10.041236,-0.4549908,-1.7401403,0.034522112,4.6763163,3.7460594
0.62675005,5415.501,0.17614317,10.116657,-1.7364582,-2.2988017,-1.0150532,4.9220114,3.732926
0.6258708,5288.3037,2.1447768,10.115583,0.76303554,-1.764861,-0.8416918,4.604616,3.258108
0.59962934,6410.5674,0.095885165,10.071184,-2.344604,2.2609673,0.20043793,5.6260185,4.0198393
0.6162331,5728.8857,1.926643,10.023994,0.6557791,-1.3431641,0.7884586,4.7990685,3.262102
0.6312612,4914.6587,0.10990206,10.204013,-2.2081656,0.7605303,-0.112541795,6.1549454,4.443221
0.6370017,4677.3916,4.677493,10.191587,1.5427623,-0.25397328,-0.34966362,4.736951,4.5240955
0.60862947,6278.6294,0.39976984,10.060948,-0.9168663,0.081415676,-1.5265824,4.6485324,3.5913925
0.6073248,5935.1636,0.04231379,10.172464,-3.1626422,1.9477224,0.17744699,5.2305927,4.805929
0.6207461,5640.1606,4.3991776,9.987057,1.4814177,-1.6994685,-0.3950023,5.056889,2.9942992
0.59665406,6280.255,7.7210627,9.86104,2.043952,0.8953207,1.4492694,5.1029816,5.371087
0.5968509,6439.2007,2.802084,9.867273,1.0303634,0.81252635,1.156317,5.1661625,5.258891
0.59391385,6486.884,3.6052184,9.807276,1.2823824,1.2825985,0.84088314,4.8905206,5.195747
0.5990239,6535.3164,2.9727077,9.825785,1.0894732,1.2243471,1.148853,4.766376,4.972229
0.60419774,6308.919,0.54554975,10.12051,-0.60596126,-0.96959573,-0.100331776,6.980387,3.218716
0.59211725,6453.994,3.1523638,9.994163,1.1481526,1.1764575,1.4709057,6.79216,4.126124
0.6058825,6256.831,0.0510577,10.010554,-2.974799,0.5791813,0.18688495,5.228484,4.163717
0.59521204,6655.284,0.5148773,10.026527,-0.66382664,0.54411674,2.5419478,4.8011603,4.218004
0.6133257,6038.627,0.5913414,10.048485,-0.52536184,0.095247895,0.3745665,5.4187813,6.3982515
0.61018825,5866.581,0.0817884,10.15128,-2.50362,-0.10212947,-0.9313457,4.4530206,4.13998
0.59046715,6568.982,9.434376,9.874588,2.24436,-0.9420154,-0.7770017,5.680588,3.930813
0.58279514,6426.9277,18.972685,9.808414,2.9430003,-0.59040594,-0.75168186,5.6507215,3.8306751
0.58322954,6440.804,20.933722,9.80477,3.0413613,-0.65806866,-0.77696,5.7099733,3.7993283
0.6072419,6122.2964,0.6778466,10.109986,-0.38883427,-0.31032068,-0.10043499,4.7985015,3.502442
0.6031202,6452.8833,0.4046159,9.997957,-0.90481704,0.34452772,0.69264966,5.232053,4.9343743
0.6246594,5037.993,0.824938,10.221822,-0.19244704,0.022481527,0.5384177,6.078767,3.0669723
0.6287292,5130.2275,0.621133,10.135226,-0.47621,0.6458067,0.032073617,6.096654,2.6175256
0.6324459,4918.091,0.7682648,10.087513,-0.26362082,-0.5187633,-0.44824424,3.9556365,4.8398952
0.6170143,5316.911,4.5338163,10.125475,1.511564,0.72871643,1.1646811,6.28539,3.7708607
0.62908286,5438.2725,1.7248487,10.029049,0.5451394,0.43994412,0.47577804,6.957929,3.9333692
0.6296824,5213.542,0.08529486,10.010536,-2.461641,0.5669522,1.0211239,6.4791536,4.30449
0.6513002,3918.3816,0.029081753,10.241911,-3.5376444,-0.123391844,0.67062116,5.3403864,4.1213665
0.61930174,5673.417,0.13664313,10.082686,-1.9903827,0.53880244,0.3617685,4.760189,3.3895307
0.5868868,7270.333,0.29032087,9.929589,-1.2367685,0.24457863,-0.10821685,4.647587,4.2529945
0.58306503,6679.0327,6.745989,9.915162,1.9089481,0.98093224,0.76134676,5.165193,4.5341635
0.61742115,5449.8057,0.019704072,10.154338,-3.92693,-1.8263867,0.20303828,5.8505225,3.6844826
0.6237896,5497.5005,0.017937751,10.1025715,-4.020848,-1.1278174,0.44490406,4.809203,3.7316902
0.633814,4749.7266,0.039849155,10.22436,-3.222654,-1.4566958,0.6692728,4.773988,3.3235333
0.6186488,5763.536,0.0079538375,10.028581,-4.8341007,-1.9698087,0.96344024,4.289863,3.6401272
0.61732304,5783.7124,0.044254843,10.080149,-3.1177905,-1.8480045,0.17786042,4.7513237,3.7418597
0.61919224,5726.3105,0.021221368,10.064222,-3.8527467,-2.0606785,-0.37715656,5.029241,3.4744205
0.61467296,6031.6694,0.09365687,10.036095,-2.3681176,-1.9937669,-0.30018935,4.97408,3.2223275
0.5963407,6797.3447,0.110538475,10.005449,-2.2023916,-0.13491535,-0.5062742,4.8510065,3.3923805
0.6122912,5955.6724,0.05776793,10.133934,-2.8513215,0.36973238,-1.8317294,5.112572,2.8913531
0.618697,5575.3984,0.040041044,10.165309,-3.2178502,0.7730551,-1.0592532,4.9957957,3.4710603
0.6172233,5466.3545,0.0048683565,10.233997,-5.324999,1.145542,-1.8209765,4.014224,2.8898087
0.6126515,5939.6147,0.14463907,10.124296,-1.9335138,0.508924,-1.0438894,3.8518953,2.9558916
0.61485153,5829.175,0.18449461,10.11533,-1.690135,-0.33617136,0.16142038,4.5030546,3.7489846
0.6332096,4858.392,0.24461678,10.206897,-1.4080625,0.2534691,-0.76319784,5.42822,4.170946
0.5927825,6506.173,4.892194,9.985618,1.5876409,1.4010673,1.9029338,4.9951687,3.5964227
0.6038271,6587.923,0.06768321,9.984553,-2.692917,-1.9116911,0.7876872,5.461773,4.8613663
0.5928883,6811.538,0.0022367344,10.010917,-6.1027384,-0.010546156,0.6269062,4.9860735,5.070508
0.63657415,4809.1924,3.2830908,10.158181,1.1887853,0.47976416,-0.7722072,5.45292,3.1060648
0.6413952,4286.9526,2.4864151,10.249946,0.910842,-0.18685651,-1.0319276,6.0797753,3.5257084
0.63211435,4858.066,0.61247224,10.1755705,-0.49025166,0.7502548,-0.6675947,5.3771377,3.34607
0.62287545,5282.015,0.28573585,10.135518,-1.2526876,0.55413944,0.3903695,4.835246,3.6963725
0.63210446,5005.1865,1.2074151,10.173869,0.18848178,-1.2688998,-0.13182081,5.826236,3.9387548
0.65195584,4020.1167,0.19224395,10.230943,-1.6489902,0.8107275,-1.6407337,5.213912,4.933323
0.64675605,4272.768,0.06622412,10.1636095,-2.7147105,1.0737643,-1.9975818,5.387038,4.945888
0.6335918,4565.009,0.122235246,10.241098,-2.1018078,0.42145604,0.23370837,4.904112,3.687882
0.6300897,5191.6064,0.14564113,10.143948,-1.9266096,-0.53271407,0.14964421,5.7177706,4.072033
0.6266607,5272.3154,0.07166109,10.176414,-2.6358073,-1.0844154,0.34914848,5.492692,4.1584187
0.6246736,5463.0024,0.08008811,10.084078,-2.524628,-0.4759958,-0.10801831,5.8217907,3.9170327
0.5948039,6655.2646,0.52351135,9.962994,-0.6471966,-1.2204305,2.4660811,5.2155,4.0763187
0.59357,6795.8506,0.15071866,9.915163,-1.8923404,-1.3045778,2.3487568,5.1161203,3.7741423
0.5991491,6597.0312,0.38548782,9.894725,-0.9532457,-1.9444778,0.73971206,4.96522,4.532898
0.59601843,6709.7485,0.39935082,9.851213,-0.917915,-1.3744507,0.53007835,5.134625,4.662436
0.62864524,5072.922,0.9544216,10.161219,-0.046649795,1.9032128,-0.43259275,5.3219705,2.8958097
0.62062556,5478.4014,0.8079127,10.115335,-0.21330124,2.0366597,-0.5450584,5.06202,2.6029992
0.6107509,5722.7104,1.3657157,10.216412,0.31167862,-0.23405235,-1.2348297,7.067718,4.442853
0.6097123,5905.2793,0.8169193,10.187478,-0.20221496,-0.11300313,-1.5119861,7.087912,4.4354544
0.62693095,5119.4336,0.07438087,10.228105,-2.5985565,0.58757746,-0.95536375,6.5139027,3.9968302
0.62390727,5005.378,2.6271768,10.21628,0.96590984,0.6307018,0.9161787,5.67188,3.9608848
0.638699,4462.361,1.5533721,10.232402,0.44042814,1.2830113,-0.7664895,5.1665688,4.5783486
0.61619055,5653.5244,0.5978302,10.119864,-0.5144485,-0.5685382,0.73789483,5.3755693,4.3899503
0.6003849,6481.8916,0.35533684,9.983393,-1.0346891,-0.29499313,0.06982159,4.591368,3.960342
0.60993886,6095.6143,1.3833978,10.131105,0.32454267,0.5540428,-0.33081877,4.855652,4.1752424
0.6280319,5022.215,0.19278477,10.12138,-1.6461809,0.051954016,1.3724034,5.4579782,4.1421413
0.59368736,6734.2314,2.0339642,9.947021,0.7099866,-1.1742433,-1.2434342,4.727477,4.582407
0.6106877,5983.3853,0.039710995,10.110308,-3.2261271,1.38295,1.5976924,5.947253,3.370582
0.61466336,5944.823,0.054033622,10.06879,-2.9181488,0.06565479,0.9318816,4.8829865,3.5265996
0.63106394,5056.499,2.9630172,10.181775,1.0862081,0.39099333,-0.75178206,6.237941,5.1801987
0.6318382,4843.8735,0.070800655,10.185297,-2.647887,0.017016223,-0.47090608,4.115554,3.0964038
0.63901514,4577.079,0.5298259,10.210027,-0.6352068,0.92461324,-1.821276,5.4327116,4.1950245
0.6089399,6065.3354,0.12197362,10.067712,-2.1039505,0.1325079,2.02739,4.6255016,4.050805
0.59454477,6497.146,1.3037223,10.033221,0.26522344,2.2937407,1.4820923,4.435074,3.3595347
0.59611005,6524.9526,1.7282376,9.884376,0.54710215,0.118105985,2.393239,4.751712,4.298702
0.61577153,5658.9424,0.22370733,10.152356,-1.4974166,0.4345053,-1.6023079,6.0725713,3.6524346
0.62782466,5159.891,0.48153237,10.138385,-0.73078185,0.37127167,1.469717,4.4885993,3.8803165
0.643606,4584.0283,0.09851167,10.165187,-2.3175802,0.09072369,-0.24756208,4.7994328,3.425954
0.6035479,6367.2437,1.960723,10.055775,0.6733133,0.2838973,-0.38184714,5.73971,4.482345
0.59885275,6618.233,0.11448498,10.086453,-2.1673117,2.3586252,-0.024843799,4.625465,3.0362403
0.6280184,4382.259,0.021434559,10.2963085,-3.8427508,1.829279,0.78696865,6.52654,3.5035348
0.6197536,5953.423,0.18670607,10.093913,-1.6782198,-0.73471844,-1.6741977,6.0471597,3.5633843
0.6136157,5720.21,3.7479918,10.1305895,1.3212202,0.60405296,-1.508195,4.792433,4.086166
0.6253884,5266.4478,0.02585044,10.115824,-3.6554277,-0.27622318,1.1303531,5.4818993,3.5651793
0.64661306,4438.5586,2.44492,10.146031,0.8940124,0.21380553,-0.78846514,5.2065926,4.044186
0.63961196,4559.1177,1.0492548,10.19038,0.048080184,0.29238868,0.2684445,4.9989448,3.7764127
0.5973211,6697.093,0.07431824,9.998156,-2.5993989,0.26607126,-0.26386687,5.2977905,3.780017
0.60057163,6681.796,0.12835754,10.011484,-2.0529356,-0.082681775,0.2877519,4.8811984,3.5342252
0.62844175,4859.414,0.08841516,10.258817,-2.4257119,0.833287,1.2176964,5.6765904,4.387921
0.6007102,6475.673,2.6494093,9.989411,0.9743367,-0.753662,-1.1999056,4.7638664,3.5223045
0.6193613,5705.944,0.3315323,10.061581,-1.10403,-1.0767835,1.8494601,5.442251,3.2069376
0.63132024,4958.6006,3.9419754,10.183114,1.3716819,0.09093749,-0.6775163,4.4904904,4.83643
0.61719346,5761.4272,0.34747759,10.063923,-1.0570551,-0.34750527,-0.616357,5.345188,4.564653
0.61313885,5806.0693,2.255863,10.075306,0.8135326,-0.17205061,-0.34091634,5.054035,3.8621457
0.60504043,6036.7153,0.12588023,10.091084,-2.0724244,-0.18364982,-0.5457268,6.199417,4.202489
0.5999105,6504.784,0.9056201,10.016787,-0.0991354,0.637669,0.9960654,4.701581,3.9574301
0.60667217,6270.1885,0.12751175,10.085757,-2.0595467,-0.3263999,-1.340617,5.654057,3.5994203
0.57914734,7879.995,0.1565972,9.936737,-1.8540784,2.0464976,-1.5304555,7.332413,4.212662
0.5971284,6693.1514,0.80119926,10.012964,-0.22164562,-0.3502452,0.5914271,6.5563374,3.5972023
0.5972572,6750.31,1.0887905,9.980645,0.08506751,-0.28975698,-0.862433,7.331742,3.9854255
0.62474066,5141.0645,0.40887585,10.1888685,-0.89434373,-0.67020714,1.9028624,3.9185543,3.9872754
0.641665,4687.318,0.09633874,10.107269,-2.3398848,-0.80397075,0.04961686,4.8248687,3.836429
0.61710584,5409.9053,1.0219489,10.218263,0.021711528,-0.7574155,0.16479485,4.376734,4.4256177
0.6442937,4305.329,0.013421629,10.193943,-4.310888,0.25188306,0.118650325,5.5761766,3.4140668
0.6466463,4284.337,0.028838193,10.210352,-3.5460546,1.0895468,-0.32356834,5.742697,3.9532883
0.6148225,5545.4355,1.460916,10.159688,0.3790637,-0.056685936,0.71495444,5.7335024,4.111797
0.62012255,5259.7036,2.2199717,10.209831,0.7974944,0.32005176,-0.0610546,5.5081377,3.9850686
0.6050522,6039.5547,1.9573922,10.087231,0.6716131,0.3371578,-0.34580037,5.338296,3.6788611
0.60740817,6069.4395,2.6531236,10.061983,0.9757377,-1.4522369,-1.1485288,5.4337945,3.295486
0.6161477,5567.411,0.046834853,10.185999,-3.0611277,1.2827635,1.0862535,4.9078345,4.319854
0.6317375,4974.6343,3.2146213,10.088446,1.1677096,-0.8470286,1.3943943,7.3139973,3.3600538
0.5962103,6844.405,0.34219128,9.997089,-1.0723854,-0.531314,-0.004265614,5.9136076,3.5620124
0.6035427,6387.35,0.43196076,9.958228,-0.83942056,-0.8550916,1.5282321,4.223687,3.806474
0.6353148,4999.122,0.091851905,10.159111,-2.3875778,-1.3561271,-1.2586964,5.6559777,4.189977
0.6284461,4918.335,2.0813537,10.196043,0.7330185,1.361279,0.23227298,5.1840024,3.3509276
0.622919,5355.147,0.07737459,10.184773,-2.5590968,-0.6088829,0.13578981,6.005387,4.200385
0.6238546,5211.411,0.2550912,10.207707,-1.3661342,-0.5675615,-0.36967805,5.759388,3.8658175
0.61877227,5572.5317,3.8704302,9.980825,1.3533657,-1.291387,0.48627064,4.540721,4.211749
0.5978551,6592.953,2.296265,9.941801,0.83128387,0.014161978,-0.17180951,5.155929,3.5284586
0.63506645,4619.2236,0.029893836,10.258006,-3.510103,0.4791643,-0.07204014,5.2337403,4.0770817
0.6370035,4562.39,0.01356406,10.222348,-4.3003316,0.9068291,-1.1715106,5.0927963,4.51397
0.63907695,4489.0615,2.9617658,10.191974,1.0857856,1.5039835,-0.30485082,5.050635,3.1813443
0.64113665,4546.1123,2.7016587,10.19985,0.99386597,1.4592854,-0.6575312,5.090045,3.0272756
0.63749427,4661.7783,4.9180956,10.198593,1.5929214,1.7634492,-0.9705665,5.096341,3.1583562
0.6166612,5415.242,0.06274264,10.260965,-2.768714,0.13806354,-1.0770324,5.5989447,4.5322933
0.6031114,5974.4883,12.572967,9.863052,2.531549,-2.013146,-0.57548755,4.4303617,4.25396
0.6105371,6012.767,0.48904464,9.978628,-0.7153015,-1.4002516,0.44717225,4.5844207,3.541564
0.6169037,5504.1846,0.49145362,10.155984,-0.7103877,1.7488029,-0.23788515,5.8599033,4.344125
0.60835814,6079.868,0.060634688,10.148985,-2.8028882,0.38629007,0.53635126,5.2924223,5.0135374
0.60751396,6080.6455,0.082967944,10.153797,-2.489301,0.9528802,0.7177192,5.382345,5.937211
0.61141384,5959.45,0.257735,10.108011,-1.3558233,0.642105,1.0984424,5.566497,4.5457454
0.6154151,5597.8257,0.035031598,10.161428,-3.3515048,0.09207664,0.19389805,4.630838,4.372411
0.61702484,5455.388,2.9374993,10.133424,1.0775586,-0.49744177,0.25041726,5.8917494,3.4271364
0.61448026,5948.168,1.7034752,9.961694,0.53267044,-0.96378696,0.15222578,5.514657,3.3828156
0.6116423,5885.7295,1.8375576,9.922,0.60843724,-1.1644473,0.117363386,5.56192,3.4054103
0.61120975,5886.606,0.36507565,10.19843,-1.0076507,-1.0213096,-2.094988,5.7570057,4.035478
0.6130474,6045.54,0.08177695,10.0198765,-2.5037599,-0.16893771,-0.06551076,5.087779,3.7462902
0.61939734,5558.684,0.021037314,10.099191,-3.8614576,-1.38282,0.79403836,5.5996532,4.1418204
0.590583,6481.039,8.297316,9.900758,2.115932,-0.033593003,-0.12933858,4.6784315,3.3716025
0.5976482,6794.0205,0.976576,9.992721,-0.02370274,0.49289224,0.26075295,4.460725,3.3967354
0.61577153,5775.461,0.81704426,10.162984,-0.202062,0.48443726,-1.8557321,5.5629497,4.220646
0.6138966,5939.9844,0.3200289,10.069144,-1.139344,-0.215962,2.0164073,4.867264,3.576207
0.6284201,5094.046,2.0017388,10.096314,0.6940162,1.2058166,0.62596303,6.0135994,3.195674
0.6114497,5426.2446,15.886066,9.985979,2.7654424,1.3785914,1.273242,6.000003,3.190337
0.61854804,5554.7764,2.104468,10.07536,0.7440628,1.1291226,0.68568116,5.203475,3.7272155
0.6219376,5147.13,0.64535224,10.192201,-0.43795902,-0.2019804,2.411804,5.033533,3.051401
0.6382067,4875.1025,0.0841381,10.070677,-2.4752958,-0.112175316,0.8494044,5.313321,3.6962588
0.60120857,6342.281,5.222186,9.977852,1.6529161,0.42167655,-0.8948454,5.3110323,4.4602995
0.6116307,6040.348,0.067856856,10.103031,-2.6903548,-0.10761767,0.16207474,5.0535536,4.0560603
0.5930543,6899.944,0.051335756,10.096976,-2.9693677,0.72439075,-0.5493633,5.392064,3.7293634
0.58975637,7214.5127,0.01655778,10.002734,-4.100899,-0.14535089,-0.41096887,5.1016173,3.419598
0.5750611,7899.603,0.77458954,9.941341,-0.25542206,-0.04509746,-0.74410725,5.7388477,3.3120682
0.63324195,4855.095,0.030008232,10.144538,-3.5062835,-0.65336806,0.48841307,4.5246344,4.061331
0.6093892,5841.491,6.793702,10.00696,1.9159961,1.0431061,-0.46258962,5.825643,3.4736311
0.61235166,5696.917,8.307959,10.007759,2.117214,1.246425,-0.40516457,5.9419875,3.4460688
0.61507744,5685.401,0.06278866,10.151867,-2.7679808,0.015497063,1.0363995,4.5045156,4.0141516
0.5940989,6738.9463,2.978384,9.944,1.0913808,-0.47246915,-0.105572075,6.6061993,3.4753714
0.6291218,4969.8022,0.20341295,10.216789,-1.5925171,1.1247815,0.56863457,4.113514,3.675183
0.63713074,4511.9517,0.9147603,10.217642,-0.089093246,2.3917124,0.9252781,4.071969,4.173463
0.62408006,4889.849,2.755355,10.22782,1.0135462,1.6612619,0.99812275,4.729231,4.566645
0.6155324,5702.22,0.40045714,10.085362,-0.9151485,0.40462744,1.2054806,4.976562,4.635178
0.62522197,5415.1216,0.36077,10.123014,-1.0195147,0.69455916,1.5040591,5.468572,4.4392495
0.62257737,5170.9326,0.08611726,10.218174,-2.4520454,-0.08890976,-1.0515622,6.322235,3.22138
0.6393011,4550.396,0.18901384,10.188297,-1.665935,0.5668425,-0.6493818,6.700718,3.47585
0.62605715,5012.659,2.5256681,10.183589,0.9265057,0.7401957,0.13170037,4.7148995,3.5537689
0.59975535,6519.4746,0.96845627,10.049515,-0.03205194,1.7028621,0.79629374,4.4541044,4.637726
0.60037684,6678.697,0.0956891,10.025441,-2.3466508,-1.9131253,-1.9031172,5.797006,3.7210295
0.6165554,5701.821,0.7912026,10.187653,-0.2342012,1.2949011,-0.99532366,5.6079464,3.6924987
0.6350221,5023.1045,0.09898775,10.094685,-2.3127592,-1.0727652,-0.21178898,5.0995317,4.3204827
0.63495165,5049.1943,0.040892318,10.164176,-3.196813,-1.8570638,-0.45661125,5.7000914,3.0247483
0.62921053,5294.5933,0.03613237,10.105988,-3.3205662,-1.3396884,-0.06881367,5.41164,3.1978035
0.6378086,4543.3,4.5094957,10.24873,1.5061853,-0.22697152,0.3236609,5.4175696,4.524468
0.6109301,5834.787,0.0046363985,10.188087,-5.3738174,-0.34997347,-0.38702112,5.107895,3.408939
0.6271587,5195.6475,3.0104427,9.99682,1.1020871,0.77330226,0.8216928,5.188425,4.218398
0.61975515,5212.6196,0.8481011,10.240645,-0.16475548,-0.6044872,-0.19264266,5.50824,3.6573353
0.6340563,4842.044,0.17677912,10.186718,-1.7328542,0.8736578,-0.40947878,5.734514,3.543031
0.6107278,5806.12,0.38309777,10.088279,-0.959465,1.4579496,2.161985,4.956831,3.2525625
0.6132616,5796.7725,9.262699,9.966792,2.2259955,-1.8112847,-2.4704788,5.6975784,3.1866326
0.5799049,7066.142,5.005788,9.8816,1.6105949,1.6792889,1.9470755,4.7824364,4.272346
0.5774312,6785.6006,19.75393,9.786889,2.9833524,-0.14200279,-0.49515197,5.357321,4.3612394
0.579138,7475.211,3.4323437,9.872427,1.2332433,-0.5568743,-1.8805073,5.0585375,3.6503406
0.58286625,7505.4414,2.074296,9.895478,0.72962177,-1.7980376,-1.7182716,4.6839128,3.2738585
0.5791427,7705.664,0.9366405,9.9635725,-0.06545576,-0.8020043,0.21405192,5.8079386,3.2350993
0.6154292,5711.3076,1.8932928,10.129923,0.6383175,0.8171344,-1.9761511,6.621191,3.8594937
0.5836218,7403.4,0.03518508,9.9564495,-3.3471332,-0.23398167,0.5694035,4.0893836,4.256044
0.58883333,7025.1265,0.12458159,9.946698,-2.0827944,0.34459865,2.2537005,5.6190395,4.0103683
0.59252805,7007.4663,0.25952756,9.95511,-1.3488923,0.6303727,1.6219789,5.168689,4.0404067
0.60994077,6126.0806,0.2652442,10.082249,-1.3271044,-0.24215744,0.4270656,5.275097,3.4616928
0.6057267,6172.252,0.35420567,10.09406,-1.0378776,0.42324385,0.65504694,5.3086085,3.337944
0.6321747,5025.038,0.10477499,10.162101,-2.2559402,-0.6782136,-0.85187995,5.395773,3.371392
0.61896455,5812.5312,0.8124332,10.019408,-0.2077216,0.3347936,0.8136291,5.1745768,4.1743264
0.6143765,5761.8164,0.9422558,10.014035,-0.059478525,0.445416,1.1031743,5.1712437,4.3751006
0.6161783,5798.335,0.8813369,10.023336,-0.12631531,0.43903658,1.0994186,5.1584873,4.445406
0.60380155,5632.7476,20.975777,9.893085,3.0433683,1.9287815,1.0994925,5.7228675,4.267028
0.6111399,5368.9785,26.259912,9.90246,3.2680435,2.1234014,1.3007685,5.877944,4.4801316
0.60945064,5569.8545,13.4509735,9.734579,2.5990515,-0.80430603,0.37507758,3.9095669,4.765007
0.61795664,5455.4097,10.5436125,9.905441,2.3555202,0.506635,1.2123258,6.096704,4.212765
0.6130966,5684.212,6.4272275,9.962721,1.8605433,-0.18887594,-1.019374,4.3846903,4.1735277
0.5970031,6513.7573,3.88135,9.968041,1.356183,-0.25525215,-0.17978951,4.7848883,3.7798228
0.62508076,4874.3105,0.06936846,10.235843,-2.668323,-0.32479164,0.4535262,5.368099,3.8823812
0.64169353,4534.106,2.3173149,10.109499,0.8404091,0.22769412,0.216822,5.0988026,3.902905
0.61793965,5715.482,0.061989807,10.103591,-2.7807853,0.16506729,0.7762497,5.392029,3.3300326
0.61755323,5410.826,0.0011902316,10.178482,-6.7336073,1.1240249,1.3464553,4.674976,3.5330908
0.6172087,5555.5933,1.225994,10.168931,0.20375194,0.22840564,-0.22214782,6.233494,4.325321
0.6146809,5737.8755,0.10071467,10.140635,-2.2954638,1.4783512,-0.21564665,4.830229,3.3895266
0.5968207,6706.0806,1.6761782,9.966869,0.5165163,-0.26062325,0.3628108,6.0516496,4.678053
0.62477773,5261.112,0.07979655,10.191431,-2.528275,1.2675152,-0.398196,5.1038146,2.960819
0.6262718,4885.974,0.08373724,10.267904,-2.4800715,1.8127662,1.13696,5.117891,3.5404518
0.6273012,4866.5815,0.058506183,10.247043,-2.8386228,1.5558652,1.1762418,4.898128,3.4967732
0.63426954,4928.519,9.368322,10.130243,2.237334,-0.66338855,-1.2003144,5.390003,3.8373866
0.64943045,4198.6953,0.03411682,10.158315,-3.3779647,0.5560331,0.90840805,4.896895,3.6223931
0.61229926,5793.112,2.4733365,10.102374,0.905568,-0.64072734,-0.20084329,5.103118,4.000115
0.5905397,6999.325,0.25219008,9.974575,-1.3775722,-0.105348736,1.1938894,5.878045,3.8435006
0.5715224,8007.9346,0.6003628,9.9471855,-0.5102211,1.1656405,1.1451826,4.3806577,4.520343
0.56720495,8171.3306,1.0824991,9.980704,0.07927239,0.6654681,-0.10333787,5.171009,4.269374
0.56755567,8262.056,0.81253695,9.967064,-0.20759392,0.68881273,0.06606087,5.117645,4.26866
0.60335606,6517.3467,0.055462424,9.981541,-2.8920496,-0.83310276,0.181921,5.831336,3.5746078
0.62594086,5229.0283,0.039895296,10.164091,-3.2214968,-0.07418455,-0.25882244,5.1830072,3.718934
0.62489116,5423.411,0.047371596,10.1678915,-3.0497324,0.20318486,-0.33217233,5.2519875,3.6631036
0.6247786,5208.5366,0.29401267,10.174372,-1.2241324,-0.36388904,1.1801353,5.111772,4.7356534
0.61247146,5844.233,0.90062344,10.115904,-0.10466802,0.61463374,-0.9850333,5.7033005,4.0123267
0.62780654,5204.63,0.028636608,10.16165,-3.5530694,-0.42017087,0.41706598,4.805738,3.2762876
0.61203146,5605.639,1.7414391,10.178981,0.5547118,0.32615682,-0.78925365,5.807456,4.7227035
0.603755,5977.675,1.3062842,10.138627,0.2671866,0.3684351,-0.66394955,5.660349,4.4781947
0.6065614,6049.5103,1.1775284,10.172768,0.16341765,0.37517896,-0.42681822,5.5356174,4.411722
0.6055701,5979.291,3.5487168,10.12038,1.2665861,0.40960434,0.035124123,5.4679756,4.3895116
0.61639494,5723.4443,0.89712316,9.987635,-0.108562134,0.082220435,-0.17784745,5.910795,5.3336363
0.59490705,6716.875,0.3954618,9.99699,-0.9277011,-0.364656,1.1915525,4.6949654,2.7175326
0.63489676,4723.2783,0.5506964,10.20474,-0.5965716,0.56676793,-1.2517519,6.3479514,5.8999496
0.6105989,5744.032,0.2712922,10.17868,-1.3045588,-0.12376134,0.027188342,6.263789,4.0477405
0.6273802,5161.698,2.1848416,10.137595,0.7815433,-0.80998594,0.0900974,4.3713818,3.493699
0.6349159,4800.234,0.33606696,10.118565,-1.0904448,-0.99454373,-0.27846947,5.492792,3.8231933
0.6311262,5180.238,3.3785949,10.083642,1.2174599,-1.5157238,-0.2323253,5.502825,4.0794463
0.6155254,5745.2695,0.55835867,10.104929,-0.5827538,-0.28679577,0.09060085,4.982683,3.01643
0.6107927,5836.1895,1.6831262,10.12375,0.5206529,1.5055057,0.25925437,4.8904557,3.9788203
0.6504319,4292.1997,0.77058595,10.164659,-0.26060405,-2.1646361,-1.2393293,5.157052,3.3944106
0.6381872,4508.4224,0.08801888,10.196814,-2.430204,0.80784136,2.2703032,6.135637,3.4909372
0.6583282,4143.2124,3.4805636,10.138301,1.2471943,-0.82744277,-1.8155481,4.426126,4.155393
0.66263956,3788.1855,1.1582481,10.189373,0.14690857,-0.9390195,-1.4050763,3.8808975,4.1006656
0.65473557,4323.8823,0.16461207,10.0631075,-1.8041637,-1.339099,0.05852706,5.1174726,3.6965227
0.64180577,4283.2676,1.7217889,10.234677,0.5433638,1.1050804,0.43471092,5.446911,4.060146
0.62748724,4972.628,1.7880354,10.168113,0.58111745,-1.3131917,0.13808939,4.476515,3.7462614
0.6237383,5433.622,2.9442654,10.121971,1.0798594,-1.5338796,-0.36914876,4.1836147,3.7393608
0.6505388,4290.075,0.049925987,10.172928,-2.9972136,0.07555682,-1.4318933,5.282128,4.387077
0.6331514,4782.375,6.1091337,10.1327915,1.809785,-0.10614227,1.3787359,4.788663,3.2762895
0.5960305,5951.708,20.645311,9.8570595,3.0274882,0.17752782,-0.8057445,5.7418194,4.6264696
0.5960855,6659.301,3.7283468,9.864354,1.3159649,-0.55738854,-1.4419962,5.644678,3.6341343
0.55268234,7649.9634,23.855766,9.738263,3.172026,0.6210215,-0.99954593,5.657811,4.236201
0.5533915,7629.8115,22.770374,9.7398405,3.1254604,0.5021487,-1.0627263,5.7111197,4.231198
0.5804405,7166.3115,6.3858676,9.869869,1.8540874,0.21215354,-1.9864233,5.6233726,3.728783
0.610389,6100.1685,0.23640198,10.048074,-1.4422216,-2.3159373,0.52278346,4.7873173,4.0552487
0.58552563,7442.0186,0.1327226,9.9402685,-2.019494,-0.32240286,0.7204603,4.9020224,3.8733857
0.57693285,7789.6914,0.08367611,9.99045,-2.4808018,1.1401216,1.2921838,4.144818,3.9884787
0.6194602,5506.9062,0.9047469,10.077351,-0.10010004,-1.4810504,-0.8026463,7.2278624,3.6418092
0.6141895,5517.6904,0.25888562,10.047931,-1.3513689,0.9492516,0.90636176,5.524786,5.181501
0.6065401,6303.868,0.32697356,10.095305,-1.1178759,1.0105819,0.66659623,4.420428,4.652981
0.6156623,5415.615,0.07026415,10.1722765,-2.6554935,0.5997803,1.3322953,4.229279,4.0192113
0.61499226,5719.3296,0.1060625,10.175483,-2.2437267,0.25074938,1.3916909,4.2957234,3.921797
0.64706415,4194.026,1.2069244,10.179442,0.18807536,0.4089998,-0.43876284,5.6404285,3.3165326
0.64568025,4335.0127,0.31685418,10.195788,-1.1493136,-0.5661772,-1.9344901,5.02602,3.3762505
0.61682886,5534.187,0.3459243,10.149954,-1.0615354,-0.8295515,1.9259791,4.289104,4.445317
0.6192141,5452.3076,0.101617396,10.161119,-2.2865405,-0.5362222,1.8174264,4.2166395,4.3340855
0.61372113,5927.5186,0.05619006,10.057074,-2.8790154,-0.7202069,-0.313498,4.667766,3.844715
0.6176614,5633.9707,0.07175037,10.133024,-2.6345623,-0.09899843,-0.8940883,5.6366396,3.3457975
0.63612974,4735.1064,1.7259799,10.108081,0.54579496,0.56607425,0.53506523,4.307472,3.3163595
0.6430175,4702.354,1.0506853,10.103945,0.049442653,-3.1801178,0.8008386,5.6528945,3.87054
0.64160216,4543.4106,0.28437296,10.177589,-1.2574687,0.2933342,0.37689635,5.2720337,3.9778106
0.60580975,6419.7466,0.529947,9.946917,-0.6349783,-0.13504787,0.2350696,5.3671536,4.324242
0.5999415,5789.284,17.144913,9.895647,2.8417015,-0.1279249,1.1131537,5.1188,5.32782
0.6028281,6119.325,7.5266676,9.886217,2.0184524,0.122710235,0.895678,4.9472733,5.232484
0.58499146,6388.128,16.68681,9.622913,2.8146186,0.022948258,1.0731372,7.4275627,3.9688244
0.5827369,6317.061,22.505714,9.710707,3.1137693,-0.1362932,-1.2008326,4.197436,3.2566652
0.5966126,5856.948,21.871384,9.608515,3.085179,0.6699134,-0.7950039,6.086193,4.1279163
0.61941075,5216.922,12.808511,9.713064,2.5501099,-1.1827487,1.4313415,5.0767183,3.948925
0.5885655,5932.3936,39.990093,9.755179,3.6886318,-0.43955833,-0.16130796,4.81845,4.350569
0.58880806,5917.327,46.498745,9.822896,3.8394253,-0.3172604,0.5378357,4.561167,4.1102815
0.60498834,6472.06,1.568096,9.8766985,0.44986218,-0.22420357,-0.6272939,5.118886,3.8119268
0.6152748,5819.427,0.0061632628,10.060118,-5.089149,0.33668366,2.0332158,5.3496737,4.420926
0.62838507,5055.416,3.340684,10.148073,1.2061756,0.03425908,-1.9765418,4.7462916,4.0692143
0.5993344,6628.9883,0.25139794,10.003218,-1.3807182,-0.64855605,0.74863124,7.75514,3.124476
0.63458127,4794.8574,0.3133542,10.1952095,-1.1604211,0.3727618,0.56763583,6.0512867,3.65291
0.63839924,4766.899,0.22984688,10.215373,-1.4703419,-1.0953152,-0.36487415,4.7279167,4.9675326
0.60974985,5949.7617,0.79666513,10.109954,-0.22732083,0.91477495,0.7658,5.884,3.1588175
0.6141016,5893.9463,0.16385499,10.12985,-1.8087735,0.9754817,0.0902272,5.7320347,3.9538577
0.61691463,5727.0356,0.58447963,10.060777,-0.5370333,0.96671647,0.68456304,4.8343287,3.0799096
0.60346735,6493.6777,0.42473567,9.96021,-0.85628825,-0.2324572,-0.043798916,5.562668,4.396078
0.60200775,6498.6123,0.47694114,9.951285,-0.74036217,-0.32726964,0.04407057,5.606309,4.4351587
0.6298442,5121.4106,0.3434662,10.17464,-1.0686666,0.270602,-0.4066588,4.6207223,3.192275
0.63282037,4848.3193,3.1615348,10.148695,1.1510576,-0.40834114,1.4149688,6.0283875,4.6325536
0.6269822,5118.1045,0.03096905,10.198119,-3.474767,0.18566862,-1.0246642,4.5815525,3.1165304
0.60663825,6178.758,0.5605382,10.023924,-0.57885796,-0.6871389,1.183279,6.927446,4.4903574
0.6279928,4585.1436,0.023777312,10.312665,-3.7390234,1.0615325,-1.5342666,4.8711605,5.2799907
0.6641575,3848.0945,11.181193,10.149907,2.4142332,-0.7584347,-1.0202512,4.9133573,4.522126
0.65405464,4250.8154,0.027955221,10.063405,-3.5771513,-0.3732222,1.5940335,6.0645456,3.3674252
0.64910287,4353.78,0.056033667,10.123651,-2.8818026,-0.523381,1.6002631,6.2105255,3.0058634
0.64551115,4524.3193,7.8128138,10.125907,2.0557652,0.42840248,-1.4636371,4.375988,4.922477
0.642352,4706.1343,25.284939,10.100956,3.2302089,0.5605128,-0.9802319,4.322567,4.854667
0.6182269,5498.37,0.053125784,10.1482315,-2.935093,-0.39114922,0.98729825,6.199234,2.9423141
0.6177563,5622.0425,0.05831092,10.135384,-2.841966,-0.09651189,1.0009164,6.0194197,2.9561644
0.6119022,5962.4243,0.049491007,10.07105,-3.0059643,0.22410835,0.28308845,6.2673035,3.0745375
0.59035075,7023.0303,0.017088512,10.019247,-4.069349,-0.37677592,-0.5079405,5.8337774,3.5085309
0.61683065,5906.3457,0.16381192,10.090225,-1.8090364,-0.67280793,-0.8925598,5.876956,3.4499445
0.6015008,6388.485,0.1923089,10.070781,-1.6486523,0.02162608,0.6317274,6.476016,4.8485403
0.60164654,6465.2983,0.7728942,9.9933405,-0.25761312,0.16475168,0.044152763,4.1611867,3.640574
0.58086145,7215.7993,4.8448997,9.942445,1.5779265,-0.008757012,-0.73935086,4.6424613,3.6364143
0.61108536,5975.2793,0.15066005,10.113307,-1.8927293,-0.3915092,0.20850436,6.612592,3.7501254
0.5980727,6697.1455,0.11510069,10.056723,-2.161948,0.8097077,-0.21698928,6.8603983,3.1740286
0.5914476,7050.4077,0.18368384,10.025105,-1.6945393,1.050252,-0.6542901,6.8612385,3.5801215
0.598842,6532.6436,0.2362191,10.10313,-1.4429955,-0.32335106,-0.4496269,6.487277,3.7398672
0.6293868,5078.0513,1.0727803,10.146449,0.0702536,1.1753885,-0.2763659,5.848105,3.9573424
0.6422647,4313.371,0.006366096,10.257153,-5.056769,-0.15836509,-1.7755682,5.7209063,3.2629163
0.5733151,6614.1475,23.963837,9.720138,3.1765459,0.7750576,1.2417375,4.8140364,4.432126
0.59855986,6615.047,0.15218085,10.083643,-1.8826857,-0.514533,-0.07574078,5.412339,3.3496447
0.6417282,4244.161,0.336867,10.224376,-1.088067,-0.16972604,0.91299164,4.771766,4.14061
0.6100893,6014.1475,0.008824994,10.096853,-4.7301674,-0.07308877,0.19581708,4.756666,3.5369048
0.60458374,6391.966,0.021025836,10.108276,-3.8620033,0.80209714,-0.80706155,5.7564783,3.8338964
0.57127553,7782.883,6.338314,9.927166,1.8466128,-0.18847503,-1.0465257,4.9729433,4.059687
0.5900416,7172.8804,0.29986393,9.978769,-1.2044264,1.5814426,-1.0247676,4.98431,4.7167587
0.6123139,6127.647,0.4354525,9.982314,-0.8313696,-0.71722317,1.1244178,5.460451,3.156386
0.5942997,6868.083,0.02578366,10.052253,-3.6580143,1.0479052,-0.87373114,5.4452252,3.8354347
0.6279167,5149.1475,0.6342558,10.148189,-0.45530292,-0.6072137,0.6652178,4.635393,3.4244213
0.62605345,5145.435,0.80390173,10.129757,-0.21827824,-0.44858134,0.62550807,4.6966386,3.5062509
0.60264325,6501.3125,0.47264814,10.031413,-0.7494041,1.5308375,0.75436234,5.3723893,4.4822364
0.6318923,5057.5967,0.21975547,10.186369,-1.5152398,-0.80737114,-1.2646695,4.8680053,3.2722013
0.6491597,4219.727,0.039643794,10.166639,-3.2278209,0.22058398,0.60807264,4.372913,3.9752645
0.64401793,4393.319,0.5220709,10.120129,-0.6499519,0.016229408,1.1858244,4.853628,3.78394
0.63670224,4616.694,0.41631973,10.15055,-0.87630177,-0.4221339,1.0854313,5.7546654,4.992226
0.6434051,4480.6484,0.32992136,10.16632,-1.1089009,-0.09087296,2.0103269,5.124695,4.7509484
0.6111821,5905.291,2.0624495,10.116623,0.72389436,0.79114664,0.031265166,4.2306085,3.5492334
0.61101204,5825.9404,4.7389884,10.100312,1.5558237,-0.28281596,-0.4344397,4.1033106,3.661624
0.6075397,5752.7397,0.17142104,10.218756,-1.7636325,-0.1603272,0.117152266,6.9955373,4.30756
0.64923894,4042.0972,0.006742694,10.187773,-4.9992957,1.4326775,1.4803666,4.0703588,3.5355048
