x1,x2,x3,x4,log_x3,b21,s21
0.61149037,6369.126,0.0931307,10.600452,-2.3737514,-0.96690357,4.044572
0.6349858,4731.001,0.73854566,10.385028,-0.30307236,-1.6723154,7.8425283
0.630927,5203.9854,0.5113521,10.45227,-0.6706968,-1.4334584,6.188964
0.59921205,6371.122,1.2210789,10.150568,0.19973484,0.80890864,4.4816713
0.59559107,6840.418,2.5134182,10.022891,0.9216436,0.93126816,4.2644053
0.5937286,6759.8423,3.5849953,9.996897,1.2767571,0.73248285,4.385824
0.607461,6007.444,0.11576348,9.889818,-2.1562061,-0.4647455,6.811565
0.5968432,6155.219,3.098629,9.778708,1.1309597,0.99881935,4.503127
0.6011685,6296.0166,4.2548857,9.729773,1.4480679,0.7758869,4.721509
0.6213456,4368.531,0.049402237,10.574152,-3.0077596,-1.073434,5.8549004
0.6432398,4338.2593,2.438803,9.818967,0.8915073,0.0013440743,4.674777
0.6391298,4557.984,0.8628879,10.110162,-0.14747049,-0.1814856,6.1324105
0.6650914,3932.8562,1.7171876,10.226825,0.54068786,1.0478286,5.8439302
0.66826403,3805.6177,7.781319,10.147598,2.0517259,0.6113945,6.6280107
0.67311645,3594.3542,0.2587307,10.1622925,-1.3519675,-0.32976595,4.7131405
0.65447843,4107.0312,2.6342826,10.259503,0.96861094,-0.9346566,5.8581886
0.6518514,4081.1636,0.06194188,10.185821,-2.7815588,1.1546543,4.761814
0.63152814,4500.15,0.0326953,10.485257,-3.420524,-0.37752664,5.493772
0.6367331,4689.659,0.07382635,10.22589,-2.6060395,1.2445892,4.0606613
0.6153296,5443.025,1.5188395,10.663047,0.41794655,-1.4717938,6.6135106
0.6213157,5324.349,0.14132215,10.334588,-1.9567132,1.07785,5.6992183
0.6185348,5282.26,0.13719277,10.387015,-1.9863683,0.30114597,6.0645556
0.6154139,5661.228,0.27948076,10.215527,-1.2748219,-0.2195805,5.1301007
0.6128648,6028.743,0.3011654,10.290806,-1.2000957,0.18451294,5.136121
0.6146127,5280.9756,0.039463535,10.613335,-3.2323782,-1.6633909,5.0669136
0.6123242,5533.461,2.5518508,10.640123,0.93681896,0.87007016,5.7965603
0.6054055,5633.1167,4.2393265,10.738854,1.4444044,0.9561887,6.369684
0.6065471,4914.049,0.6947869,10.775988,-0.36415005,0.23875742,5.37258
0.62256795,5213.9873,1.3459861,10.33597,0.29712698,0.5945318,5.269495
0.62709045,5172.484,0.11961127,10.328524,-2.1235082,-0.62506086,5.071218
0.63040745,4687.65,0.5041135,10.511607,-0.6849538,0.5628859,5.470924
0.6221153,5298.1143,0.3827386,10.1430235,-0.960403,-0.99716824,6.9304867
0.6181458,5022.849,0.020327866,10.443853,-3.8957627,1.2526237,6.06027
0.59406817,6627.457,7.413441,9.884307,2.0032947,-1.1902353,4.418982
0.5902314,7049.6587,2.4110591,9.91799,0.88006616,-1.6495155,4.417435
0.5895622,6669.4336,0.019006852,9.870183,-3.9629557,1.9417306,5.4157405
0.5941867,6550.0024,0.36796674,10.045937,-0.9997627,1.092931,4.49978
0.61441207,5990.5527,7.557537,10.127843,2.0225453,-0.27157834,5.9052143
0.5837788,6858.378,0.028198682,9.812138,-3.56848,0.93772274,5.1402135
0.6317046,4649.1406,6.1306615,10.448038,1.8133026,-0.7258686,5.451542
0.61395764,5433.8804,0.04747614,10.522156,-3.047528,1.2712984,4.9266367
0.6187152,5858.827,3.0369864,10.101529,1.1108657,-0.7364013,5.590119
0.62768126,5454.6147,1.1857111,10.491158,0.17034271,-1.7216219,5.7548914
0.61009955,5455.265,0.29711208,10.263317,-1.2136458,2.164587,6.405813
0.6024457,6270.699,5.288768,10.196757,1.6655853,0.6710528,5.3802037
0.60890996,5877.3584,2.7807918,10.057182,1.0227357,-0.15387061,5.0530686
0.5961892,6996.9775,0.31833547,10.144989,-1.1446495,0.80316705,5.8100834
0.6287738,5036.9404,0.44213587,9.990306,-0.816138,-0.6002973,4.880533
0.62714696,4989.875,0.09089796,9.7272415,-2.3980176,0.9632403,4.9151025
0.6253362,5420.493,1.8787713,10.047305,0.63061804,-0.10293023,5.1948824
0.5537003,7792.9507,35.526337,9.829852,3.5702744,0.4315019,5.374468
0.5525149,7734.6743,29.243437,9.777642,3.3756552,0.5630061,5.4098606
0.5599601,7766.62,4.3278317,9.655835,1.4650667,0.6445844,6.3054256
0.55864334,8116.585,5.7004776,9.810546,1.7405499,0.30663073,5.985899
0.56679255,8342.712,8.420522,10.008393,2.1306717,0.67844635,5.9889517
0.56650513,8256.509,12.520417,10.080639,2.5273607,0.7975774,5.88172
0.5651493,7268.165,28.28221,9.601787,3.342233,-1.7399223,5.7690687
0.6127827,5800.772,0.099948965,9.806297,-2.3030956,-0.19989572,5.4075747
0.6405166,3932.83,5.769156,10.545936,1.7525258,0.026201218,4.6708574
0.601498,7209.038,0.041866142,10.306089,-3.1732779,-0.21329054,5.9428835
0.5961438,7415.827,0.01052991,10.187088,-4.5535355,-2.004443,3.838944
0.5907096,6396.6606,0.15577127,9.654901,-1.8593665,1.0118154,4.040921
0.5901928,7173.091,2.8561964,10.057866,1.0494908,-0.21344014,6.420108
0.599724,6811.9717,2.0506883,10.078637,0.71817553,0.09604628,5.778044
0.5770465,7373.6084,2.394942,9.887782,0.873359,0.4107588,4.8890815
0.6097756,5812.292,0.0732048,9.910516,-2.6144943,-0.27210826,5.948926
0.6164073,5522.4087,1.2292084,10.495023,0.20637037,1.0819694,4.52491
0.609674,5441.6475,1.2618335,10.425186,0.2325659,0.98054546,4.547985
0.62115717,5824.9326,0.26615304,10.527804,-1.3236839,0.66672415,4.968257
0.607119,5937.4717,5.833617,10.395319,1.7636373,0.075835675,7.134883
0.60411257,6737.4736,3.2483485,10.4231,1.1781467,-0.12280849,5.8407907
0.62713695,5265.997,0.036172654,10.2233305,-3.3194518,-0.8897448,4.9110665
0.61513984,5794.781,0.80983233,10.50205,-0.21092807,-0.85867155,5.1798563
0.6147107,5865.2036,0.33530322,10.733981,-1.09272,-0.5180381,5.301692
0.6061175,6275.3096,0.8204759,10.221764,-0.19787079,-0.06064941,5.7165
0.6109543,6024.363,0.47272003,10.122843,-0.74925196,0.86606985,5.7998238
0.5989663,6545.3057,0.008038169,9.828262,-4.823554,-0.60988474,4.2374387
0.6002705,6481.266,0.0048062406,9.994414,-5.33784,-1.2280982,3.957256
0.6201757,5368.542,38.00133,10.158695,3.6376212,1.4657881,6.8554726
0.6110199,5538.876,33.783,9.987724,3.5199578,1.3440709,6.1315985
0.58391416,6850.4424,0.070824176,9.773689,-2.6475549,0.8803875,5.1806498
0.59777105,6738.036,0.006185376,9.956786,-5.0855675,0.88123995,5.8338614
0.59501547,6628.552,0.011867544,9.947131,-4.433948,0.4288328,5.515762
0.59130925,6573.5547,0.68016857,9.661273,-0.3854146,-0.058835752,6.023607
0.58748627,6887.729,0.067199565,9.80443,-2.7000885,1.027579,5.355645
0.57358736,7569.532,24.50106,10.110405,3.1987164,-1.0189211,4.8765388
0.57358736,7569.532,24.50106,10.110405,3.1987164,-1.0189211,4.8765388
0.57358736,7569.532,24.50106,10.110405,3.1987164,-1.0189211,4.8765388
0.57358736,7569.532,24.50106,10.110405,3.1987164,-1.0189211,4.8765388
0.60504365,6272.3286,0.15911743,9.945546,-1.8381128,-1.4290501,5.1668787
0.5937908,6781.935,0.07923086,9.859466,-2.5353894,-1.7097142,5.113674
0.59498215,6474.775,1.950313,9.696085,0.66798985,-1.1045678,4.708136
0.61838436,4394.105,0.011776627,10.685629,-4.4416385,0.813867,5.7974615
0.6219104,4177.931,0.0156451,10.726796,-4.1575975,1.016668,5.6535892
0.619589,4476.589,0.13518259,10.500157,-2.001129,1.8595031,5.6551914
0.61784357,5329.3296,2.9588702,10.470011,1.0848075,0.43796915,6.0948577
0.6186797,4858.911,2.972258,10.741967,1.089322,0.17976332,5.6339245
0.6221199,5337.4443,0.08241883,10.000237,-2.4959414,1.3670366,5.165011
0.61579007,5630.1016,0.018722456,9.8422365,-3.9780316,0.16643344,4.737689
0.6148196,4319.001,6.936675,10.771972,1.9368225,0.002282098,5.809699
0.60343015,5651.906,1.2430704,10.796003,0.21758446,-1.1576347,6.454398
0.62027603,6068.818,16.40012,10.622399,2.7972887,-0.8759884,5.3295918
0.6224326,4994.02,0.17027622,10.440584,-1.7703333,0.8269578,5.5388107
0.60963476,5775.75,7.0107756,10.6221485,1.9474484,1.6873457,5.7175913
0.61377484,5685.5527,4.6189775,10.594407,1.5301734,1.2162534,5.173812
0.62256217,5742.626,0.056709316,10.172483,-2.8698168,-0.44727942,5.896209
0.60446906,6091.4473,2.430975,10.246702,0.8882924,1.5825288,5.109457
0.6020229,6701.5146,0.47376734,10.220275,-0.7470389,1.4281498,4.5829177
0.6314052,4670.915,0.8854875,10.420696,-0.12161694,0.3127659,6.12296
0.6370762,4613.7876,0.70371306,10.249674,-0.35138455,-0.02342084,4.768004
0.6114571,6560.311,0.41533324,10.284582,-0.8786741,0.54974735,5.9068675
0.622082,5311.6494,2.2675436,10.5173025,0.81869715,-0.124682814,4.5089064
0.59962845,5854.4194,0.20067704,10.805007,-1.6060585,0.6947311,5.6677947
0.62185794,5012.198,1.9436564,9.798691,0.664571,0.30168045,5.0671916
0.60598725,5968.0815,1.7974015,10.855793,0.58634204,-0.40099752,6.272645
0.6036104,6136.8857,0.027888577,9.981564,-3.579538,-1.2478619,4.5442605
0.6192633,5837.0605,18.861946,10.256751,2.9371464,2.2674894,5.6735783
0.6160949,5791.535,14.804272,10.415375,2.6949158,2.0576577,5.4491115
0.62611365,4563.3887,5.505006,10.636164,1.7056578,0.50218254,5.3463383
0.61956614,4991.746,2.3794942,10.568107,0.8668879,0.9277845,4.553304
0.6083829,5521.3755,0.024332065,10.71761,-3.7159603,-0.890611,5.8517675
0.62028867,4216.4014,4.536839,10.729097,1.5122305,1.6426073,4.7050104
0.61952966,4056.1675,0.23648626,10.684025,-1.4418652,2.1647768,4.6986413
0.6123445,6690.111,0.0053410972,10.653011,-5.232324,-0.5090504,5.2355375
0.60641754,7067.7686,0.18725005,10.958883,-1.6753104,-1.6528665,5.3632426
0.59458816,4617.528,0.9470001,10.85186,-0.054456074,0.0056541036,5.3232136
0.5958833,5230.363,0.8864364,10.801529,-0.120545916,0.40477136,5.419125
0.6224208,5268.5093,0.04900548,10.274383,-3.0158231,-0.8419273,5.6568995
0.64465356,4511.833,0.43975127,9.97745,-0.821546,-0.1124974,4.9451175
0.596544,6388.292,0.5000838,10.934135,-0.69297963,0.4095331,5.6822414
0.6054613,3996.8457,0.27726588,10.874631,-1.2827784,1.3258418,4.981354
0.60945404,4798.2666,0.2007904,10.706693,-1.6054937,1.8599603,5.0060215
0.58511555,4842.524,0.35101297,10.970206,-1.0469321,-1.1959875,5.738885
0.57549584,5134.286,0.36385307,10.982893,-1.0110052,-0.84913266,6.4761243
0.57799184,4975.657,0.4173348,10.956684,-0.8738665,-0.2566516,6.0201316
0.5991196,5173.2495,2.792079,10.859475,1.0267864,-0.23003003,5.1269484
0.61781025,7962.4907,0.37022406,10.598728,-0.9936469,0.3964278,6.569651
0.60315895,6932.6045,0.6572919,10.457343,-0.41962707,0.35005295,6.090349
0.61055845,7599.4517,0.72744536,10.400849,-0.31821644,-0.4030988,5.945695
0.6446801,4479.2827,2.099087,10.066606,0.74150246,0.4716766,5.4215217
0.616074,5742.2437,0.039907873,10.589398,-3.2211816,-0.42894384,5.480851
0.61132437,7278.0938,0.40464675,10.546266,-0.9047408,0.4054047,4.5205708
0.61150926,5577.825,0.34864447,9.526018,-1.0537026,-0.14343016,5.7215595
0.61126375,5995.9795,0.5147541,10.46471,-0.66406596,-0.83517414,5.7091227
0.64691246,4249.0225,0.044031493,10.308361,-3.1228502,-0.68222624,4.4087663
0.6586649,3914.4058,0.07458836,10.254359,-2.5957708,-0.42706606,4.2368145
0.6371292,4393.842,0.02071232,10.347574,-3.8770266,0.28186977,4.339098
0.6412946,4191.0073,0.19963261,10.351739,-1.6112765,0.37752587,3.7913208
0.6417406,4276.051,0.14349684,10.338725,-1.9414423,0.328836,3.79775
0.6155633,6229.5283,0.09879242,10.462985,-2.3147345,-1.2713343,6.0818768
0.60910094,6340.465,0.021175824,10.642317,-3.854895,-1.0087752,5.792236
0.60972047,6961.651,0.023019671,10.682189,-3.7714062,-1.1992805,5.944062
0.60391337,6595.986,0.13080993,10.343826,-2.03401,-0.99463385,5.5292044
0.6399238,4270.9697,4.3069067,10.31809,1.46022,1.9653049,7.1165442
0.6234948,5307.884,8.493983,10.480844,2.139358,0.33315068,7.4463468
0.6238552,4726.454,0.18418688,10.606694,-1.6918044,-0.5832298,6.252532
0.6200241,5671.2627,0.50780797,10.394868,-0.67765194,0.03928894,5.5473156
0.60656303,6461.3833,0.011491174,10.351049,-4.466176,0.5227759,5.348076
0.61283064,6151.9243,0.63427347,10.234103,-0.4552751,0.95833206,4.8032093
0.6152918,5870.1523,0.9372442,10.487255,-0.06481143,0.13773093,5.0504346
0.6213006,5334.036,0.018822545,10.004857,-3.9726999,-0.37870532,5.1327024
0.5916774,6728.202,4.6100664,9.964627,1.5282422,0.8468328,6.2444925
0.5998635,6649.3135,0.05974424,9.837808,-2.8176825,0.4764162,5.6698256
0.63108534,4545.098,2.3818398,10.560102,0.86787325,-0.472565,5.4872627
0.620346,5348.24,0.21328256,9.872028,-1.5451374,0.039135296,4.491254
0.61198545,6480.3525,1.0739044,10.5115185,0.07130096,-0.26316395,5.226098
0.62784964,4991.917,0.049208887,9.958086,-3.011681,0.40840033,5.211976
0.629709,4434.893,3.3944082,10.6101,1.2221295,-0.4174072,5.0466423
0.62535614,4989.3203,10.567808,10.545035,2.3578124,-0.56885207,4.916365
0.624075,5484.894,17.02753,10.259685,2.8348315,0.50958097,5.923004
0.62453794,4902.736,0.002595511,10.596405,-5.953972,-0.42051968,5.000478
0.62607306,5479.6226,0.2588871,10.217123,-1.3513632,-0.11137415,5.8393984
0.63225985,5143.1646,0.77242875,10.069121,-0.2582155,-0.23733352,5.45881
0.6438149,4546.59,18.109777,10.289986,2.896452,0.83564126,5.6256576
0.6438149,4546.59,18.109777,10.289986,2.896452,0.83564126,5.6256576
0.6450975,4369.282,0.92914987,10.311072,-0.07348524,1.0918777,6.190543
0.63661057,4695.8564,0.06434542,10.17857,-2.7434895,-0.746935,4.5015154
0.6387292,4573.2944,0.04256592,10.191492,-3.1567013,-1.1689517,4.590185
0.6414734,4266.2236,0.2710221,10.4087305,-1.3055549,0.99897236,5.7557216
0.60793483,6428.307,0.6252439,10.641886,-0.4696135,-0.008776527,4.323443
0.6164859,7709.9165,0.33443975,10.844857,-1.0952985,0.019274898,4.799451
0.6057367,5657.5845,0.74511206,9.403829,-0.2942207,0.44858035,5.438477
0.61209023,7081.677,0.723073,10.531543,-0.32424513,-1.1600716,4.705016
0.6554483,3780.942,0.67326325,10.423976,-0.39561886,-0.45679682,5.5150905
0.6007167,7214.121,0.7338923,10.171799,-0.3093929,-0.91388917,4.8674035
0.6233485,5236.4814,0.5485228,10.169209,-0.6005265,1.4578106,5.5073504
0.63050014,5055.9736,0.048943724,10.280012,-3.0170841,-0.66599995,4.4071655
0.6330721,4815.219,0.009863647,10.20651,-4.6188993,0.04880831,4.8545203
0.62863517,4733.8594,0.5094666,10.565054,-0.674391,-1.9982265,5.315843
0.5674669,7731.854,0.25838253,9.607799,-1.3533142,1.8583822,5.310068
0.56468976,7998.379,0.735024,9.734721,-0.3078522,-0.859238,4.4452033
0.5653795,7998.7124,0.2386857,9.805805,-1.4326077,-0.39438897,4.2614465
0.56707615,7521.2954,6.8926053,9.748465,1.9304491,-0.112917356,4.999139
0.56935954,7706.1196,3.2483099,9.790965,1.1781348,0.02801239,5.5910044
0.5709988,7610.448,2.295337,9.792021,0.8308796,-0.15655938,4.321376
0.57428235,7852.634,4.9302187,9.968235,1.5953834,-0.65396345,4.7009525
0.57194006,7738.4,2.9600747,9.8865,1.0852145,-0.61519885,4.909029
0.5841833,6767.63,0.38180918,9.649921,-0.96283436,1.3840741,4.126466
0.5946611,6712.4756,0.032812938,9.950306,-3.4169323,-0.14461938,4.591663
0.5907631,6442.1357,0.041923314,9.714788,-3.1719131,0.49863982,4.3817234
0.62685865,4795.6553,0.15725748,10.415622,-1.8498708,0.06579655,7.0621133
0.61282897,5249.1836,0.08302969,10.609309,-2.488557,-0.97982234,5.6537485
0.61156386,5675.161,0.120562844,9.810824,-2.1155841,1.7321522,5.1508656
0.60906774,6666.968,0.31766608,10.323017,-1.1467545,0.51678824,5.328168
0.6011362,6305.5615,0.1608885,9.965083,-1.8270438,-1.0068802,4.101962
0.6144829,5381.466,0.122623116,9.807189,-2.0986397,-0.37260577,3.5316603
0.61405754,5625.1533,0.031492356,9.689415,-3.4580104,-0.25870693,3.6589632
0.6222482,5401.8506,0.11851665,10.121472,-2.1327019,-1.1644938,4.5026746
0.61900616,4794.128,0.24737471,10.576405,-1.3968511,0.92251825,6.5041
0.5913564,6687.2773,0.5273818,9.653126,-0.6398305,-0.5260221,4.2607236
0.5920688,6599.4116,0.3218443,9.81812,-1.1336874,-0.5503623,5.100268
0.6343392,4199.8647,0.49120054,10.485314,-0.7109028,0.5650504,5.253646
0.65039814,4339.4365,0.33225852,10.273666,-1.1018419,-1.3333027,5.358732
0.65823275,3866.5962,0.31055745,10.371435,-1.1693864,0.38194242,6.80282
0.6591152,3525.1375,0.031589024,10.503237,-3.4549456,1.1252337,6.9777555
0.66402936,3094.0386,0.17906,10.572623,-1.7200344,0.9527495,6.523902
0.66717476,3291.0442,0.80254066,10.431096,-0.21997274,0.43862274,5.671972
0.6661184,3395.149,0.36410284,10.291623,-1.0103189,0.08920298,5.681576
0.6446786,3987.0793,0.036493827,10.247738,-3.3106122,0.24434501,6.141829
0.6157739,5391.4556,4.806272,10.3609,1.5699217,0.78851706,5.264964
0.58059204,7552.0303,0.058648456,9.759687,-2.836194,-0.20049739,5.392967
0.5805817,7139.482,0.29311383,9.924364,-1.2271943,0.3985223,5.3861384
0.57667744,7801.947,0.10808227,9.970081,-2.2248626,0.09038756,5.02631
0.58906853,6259.133,1.832525,9.356945,0.6056948,0.5313761,4.785385
0.58398545,6609.676,0.63320225,9.465534,-0.4569654,0.96196425,4.661503
0.6185311,6397.208,3.3980982,10.544607,1.2232159,-1.1999778,4.8583503
0.6313818,4575.9746,1.1652889,10.072163,0.15296903,-0.57466096,5.5050926
0.63546,4715.9624,6.7572913,9.907801,1.9106221,0.14440237,4.9786963
0.61831445,5270.982,25.51892,9.905366,3.2394202,-0.10559491,5.8449125
0.62848413,5147.59,0.008448946,9.874203,-4.7737136,-1.3417152,6.738942
0.62929744,4919.5054,0.008452911,10.037542,-4.7732444,-1.4338217,6.467166
0.6186889,5313.0063,0.1526911,9.710893,-1.8793384,0.5773462,6.096591
0.607222,4678.54,1.1863701,10.773904,0.17089833,-1.0036637,4.6477447
0.622373,4857.1074,0.105471626,10.505614,-2.2493134,1.4037849,6.2824383
0.62257147,5278.5293,0.5265168,9.813366,-0.64147204,-1.276079,4.785826
0.61834496,5718.54,0.0025821393,10.327734,-5.959137,-0.34853217,5.3059177
0.61973315,5539.918,0.0046578394,10.54478,-5.3692036,-0.59732896,4.688306
0.61194146,6150.368,1.7833297,10.098024,0.5784823,1.1507376,6.390814
0.61554754,5277.073,4.179242,10.540902,1.4301299,-0.7552176,5.830185
0.6176025,6057.3916,0.10589193,10.20502,-2.2453363,-1.7234441,4.522669
0.59691554,5829.398,1.3182063,9.893463,0.276272,1.6074212,6.5843916
0.5886401,6322.853,1.5322382,9.901056,0.42672962,0.026636923,7.021669
0.61426806,6449.473,0.17355058,10.330044,-1.7512863,0.06291899,4.6906133
0.6062893,6357.9956,0.07408078,10.28133,-2.6025991,-0.21024603,4.8177533
0.62360466,5439.859,0.015132048,10.273184,-4.1909404,-0.897946,5.104707
0.6241826,5157.8174,0.010854472,10.43813,-4.523178,-1.0910707,5.1656227
0.61588407,5826.813,0.10976534,10.352548,-2.2094104,0.34337458,5.680071
0.63316745,4815.1514,1.0938761,10.233362,0.0897275,-0.45540068,4.8868084
0.6357137,4838.2036,0.057672814,9.994316,-2.8529694,-1.3249112,5.8149037
0.64219,4598.125,0.07366944,10.173004,-2.6081672,-0.8506412,5.746275
0.64348185,4523.1147,0.092118606,9.9002285,-2.3846784,-0.1700223,5.6831512
0.6388508,4811.3296,0.07772491,10.085534,-2.5545795,-0.99371725,5.4180126
0.5863404,7702.639,2.6965969,10.200087,0.99199057,1.169078,5.6949477
0.58305395,8471.943,0.9852342,10.235074,-0.014875884,0.9339677,6.464423
0.6312044,5088.4326,0.21380027,9.943166,-1.542713,-1.4676654,4.6705103
0.607323,5980.6206,1.11273,10.170377,0.10681648,0.51758593,5.1308827
0.60567033,6237.9956,0.017823178,10.050719,-4.0272555,2.023708,5.172723
0.5922756,7016.8203,0.003775211,10.051953,-5.579299,-1.3482314,5.170478
0.583852,7524.6196,0.009357635,9.832067,-4.6715627,-1.4004245,5.2393007
0.60486054,6512.424,2.1837947,10.153967,0.7810641,-0.8615796,5.041818
0.62274146,4744.144,0.06477865,10.450717,-2.7367792,0.77565634,5.43148
0.5968045,6673.91,1.9251226,10.125354,0.65498966,-0.6525956,5.1479793
0.60960996,6555.868,0.06845001,10.117825,-2.6816516,0.88464385,5.64174
0.60212255,6086.099,0.18204036,10.170428,-1.7035269,1.1259983,5.2383204
0.60395813,6136.2363,0.34800446,10.206865,-1.05554,1.012847,5.36192
0.61019653,5743.077,0.23838946,10.196855,-1.4338496,0.07005882,6.9647384
0.6294074,5175.223,1.5301572,10.434482,0.4253705,0.46701673,5.516149
0.6131152,6287.804,0.07326877,10.239746,-2.6136208,-0.45386997,5.1586666
0.63739985,4528.95,2.1819048,10.3731165,0.7801983,0.2772007,5.3007483
0.6210346,4967.197,0.5333492,10.515842,-0.6285789,-0.34326023,5.0437465
0.6080963,6072.7344,2.2855093,9.939417,0.8265889,-0.63994944,4.9486427
0.6159873,5688.284,0.064658724,10.199175,-2.7386322,0.8188235,5.302578
0.5941962,6608.09,2.0419543,10.016845,0.71390736,-0.7112924,5.32776
0.6022979,6979.952,0.41669187,10.128949,-0.87540823,-1.1383106,5.940814
0.6084478,5961.588,0.35821724,10.583746,-1.0266156,-0.2771855,5.2909822
0.6041601,5988.712,0.8278125,9.885894,-0.1889686,1.1836128,5.0665135
0.61773443,5494.241,1.7531596,10.559602,0.56141967,-1.1717658,4.9554563
0.6327572,4164.8467,0.21037102,10.646611,-1.5588826,1.1934341,6.4375024
0.62984735,4972.9307,1.1107813,10.170796,0.105063654,0.22104648,5.0500703
0.63474727,4587.9365,0.22163053,10.147287,-1.5067436,0.22472674,4.4326982
0.6309713,4672.705,0.39860117,10.342826,-0.91979396,-1.3491926,4.595989
0.6190533,4622.677,0.0131568415,10.661031,-4.3308134,1.5729724,5.491522
0.614818,5784.859,2.5550745,10.225272,0.9380814,-0.897047,6.8025527
0.6124907,5754.817,0.25090012,9.934636,-1.3827003,-0.85079294,7.227584
0.63910884,4471.521,1.2897227,10.368742,0.25442725,0.31641573,4.4236674
0.6403334,4364.554,0.7243713,10.409688,-0.32245114,0.23083264,4.350992
0.6079881,7236.341,0.1846668,10.492919,-1.6892022,0.26128337,6.032871
0.6053088,5708.695,0.10962025,9.498476,-2.2107332,0.55668366,5.551588
0.6627922,3845.6284,2.3223882,10.153259,0.84259605,-0.049181685,5.521769
0.67116666,3607.0852,4.600556,10.203348,1.5261772,0.7657857,5.3753986
0.65293705,3807.0483,0.12574875,10.428658,-2.0734694,0.18353255,4.906043
0.6472264,4286.899,0.5143354,10.264351,-0.66487974,-1.59855,4.9184003
0.6420802,4458.319,0.019542461,10.035105,-3.9351656,-0.44665605,4.3025317
0.6321444,5045.2544,0.0072034607,10.096013,-4.9331937,-1.425386,3.9705493
0.6267567,4887.6797,0.012150295,10.486524,-4.410402,-1.2835543,4.5579395
0.6132127,6140.6416,5.637106,10.531186,1.7293708,1.3972764,5.5976152
0.6166911,4968.356,2.5271847,10.654437,0.92710596,-0.7112472,5.141374
0.61816573,5477.734,0.059639864,10.138562,-2.819431,0.38423163,4.771275
0.62260973,5014.4307,1.685736,10.514622,0.52220225,-0.5542447,5.1665907
0.6285506,5069.8335,0.33298212,10.190649,-1.0996665,-1.5433083,4.4313965
0.6085293,5807.8145,0.37121752,10.016391,-0.9909671,0.61739653,5.6198235
0.6106136,5884.6562,2.3268845,10.207823,0.8445302,0.048646845,6.2555437
0.6168926,5771.3975,1.003233,10.040539,0.0032277708,0.05265939,5.9451904
0.61546516,5479.497,0.19104926,10.445719,-1.655224,0.77662,4.6426225
0.6114564,5817.6436,0.8018849,10.021129,-0.22079018,-0.833564,5.8970833
0.6251432,5040.7256,0.1901107,9.83697,-1.6601487,1.0235543,4.726426
0.6316861,4677.5376,0.31197873,9.674677,-1.1648203,0.4319558,4.9657583
0.59941643,5261.029,0.09556979,10.840448,-2.3478985,-0.8256081,6.1842966
0.6072792,6227.337,0.11191778,10.844176,-2.1899908,-0.23434755,6.0488234
0.6351077,4460.9775,2.151061,10.110691,0.7659612,0.5532041,4.59299
0.6171542,6697.1274,0.1410151,10.647191,-1.9588883,-1.0378847,6.0515194
0.59050024,5476.8306,0.11968122,10.868543,-2.1229236,0.46188715,5.3367023
0.6181492,5812.1084,1.3631984,10.124012,0.30983368,0.2149855,5.7272043
0.6119495,6604.21,2.0184352,10.363259,0.7023226,-0.49864185,4.506186
0.6097364,6209.418,16.210455,10.146495,2.7856565,-1.3762965,5.8571377
0.6253526,5097.1377,0.0059300186,10.509421,-5.127728,1.4049076,5.2807903
0.6150465,5272.348,0.1663275,10.394859,-1.7937965,0.016797364,5.724772
0.6140429,6595.247,1.5042464,10.254985,0.40829203,-0.7577228,5.6631937
0.6146321,5337.578,0.55347294,10.584253,-0.5915424,-0.7384556,5.2719326
0.62938136,4876.7056,0.12619966,10.304672,-2.06989,0.23529184,5.3061266
0.6274403,5156.296,0.0485786,10.315174,-3.0245721,1.2502617,5.931374
0.60499215,6331.597,3.0731907,10.158559,1.1227163,-0.94715655,4.04583
0.61097753,6028.8594,0.05219602,10.203474,-2.952749,0.38475436,4.2959995
0.63550216,4566.843,3.2215915,10.471528,1.1698755,-0.95270836,5.6847773
0.6333966,4361.5225,1.4140368,10.542115,0.3464485,-1.0217456,5.520769
0.6121445,5943.431,0.009901619,10.428317,-4.615057,0.43664083,5.1987324
0.58894837,6317.193,11.963324,9.671218,2.4818456,-0.7697581,5.05258
0.58876336,6664.319,9.130899,9.730458,2.2116642,-0.5520947,4.9157515
0.5937056,6594.9375,0.4846703,9.773924,-0.7242864,-0.34700686,5.237317
0.5840274,6486.344,23.20108,9.823703,3.144199,1.2666223,6.012947
0.5942313,6235.0933,12.390631,9.922076,2.5169406,0.452218,4.818651
0.6309013,4749.3994,0.5694622,10.1167,-0.5630629,1.5638642,5.1789017
0.63403213,4794.3467,0.037099436,10.223676,-3.2941535,1.5459895,5.4460526
0.62316495,5431.592,1.0395807,10.0526,0.03881749,-0.39475572,5.6952357
0.61643237,5165.0083,0.08280307,10.5344925,-2.49129,0.31245095,5.191409
0.6174348,5233.751,0.15928426,10.579896,-1.8370649,1.0378869,5.1243267
0.6004665,5055.858,0.649077,10.876152,-0.43220395,-0.07245515,4.8860703
0.5979716,4877.507,0.7599382,10.800699,-0.2745182,-0.29743898,4.9535017
0.6015855,4363.909,1.5484885,10.812484,0.43727928,2.421679,4.5097413
0.6034973,4222.7686,1.4729662,10.790743,0.3872782,2.4600165,4.690364
0.60985434,4930.708,0.22323467,10.696553,-1.4995317,2.486265,4.916559
0.603493,5284.962,0.3693415,10.815979,-0.99603355,-0.4876743,4.618409
0.61899275,5448.394,0.04337242,10.594252,-3.1379316,-1.1399304,4.234616
0.5891918,6257.3896,4.040829,9.797055,1.3964499,0.996686,6.5800815
0.59620386,7579.6133,0.7500429,10.30065,-0.28762487,-0.30259764,5.906722
0.61575305,5345.601,0.0963985,10.69489,-2.3392646,0.3014177,4.546482
0.61117417,5364.581,0.12638357,10.5939,-2.0684338,0.19906767,4.5872073
0.6132804,4471.506,0.017233934,10.736993,-4.060875,1.1988261,3.7969356
0.61471623,4632.1133,0.11135318,10.67885,-2.1950483,1.5509309,4.337024
0.60911894,4986.4556,0.091847084,10.705128,-2.3876302,1.5951177,4.2916064
0.6096635,5748.525,0.16809551,10.586478,-1.7832229,1.1272159,5.1111493
0.61528707,5160.191,4.3057113,10.59813,1.4599423,-0.09193046,5.1387253
0.6063142,6425.6514,0.97124654,10.651093,-0.029174963,-0.59151536,5.8682804
0.60774297,6815.3423,2.559772,10.591788,0.9399182,1.1800225,6.298732
0.6032486,7032.0264,3.3589408,10.350074,1.2116257,0.5920214,6.2412863
0.60881907,6068.0464,0.25029108,10.581698,-1.3851308,1.4048244,6.2811675
0.6204944,4016.9233,0.61658853,10.741247,-0.48355332,0.39754096,4.9461327
0.5775861,7283.5625,1.6392554,9.741559,0.49424213,1.5075992,5.485693
0.5944046,6580.617,7.351636,10.00111,1.9949229,1.2609165,5.2887163
0.6243916,5240.6265,0.24325651,10.29011,-1.4136388,0.3116293,5.4088387
0.62176514,4898.659,0.039960228,10.60646,-3.2198706,0.0764863,4.954212
0.6177864,5371.379,0.045651425,10.49539,-3.0867205,0.4798492,5.105771
0.6170819,5679.618,0.17540546,10.436363,-1.7406551,-0.51780826,5.0868487
0.60917413,6361.4517,0.076529875,10.484579,-2.570074,0.7081869,5.4764338
0.6125011,6063.086,0.15653943,10.102705,-1.8544474,-0.450564,5.5831375
0.639958,4690.908,16.212513,10.22324,2.7857833,0.30246836,4.2986827
0.6320439,4745.8887,0.03582487,10.016576,-3.329113,1.2625065,4.8753786
0.62700814,4693.0356,2.4404476,10.579804,0.89218146,-1.2782325,5.605258
0.62362057,5116.9644,0.08307992,9.995438,-2.4879522,0.72778106,5.04511
0.6142895,5672.3506,5.547861,10.261532,1.7134125,1.2007383,6.790977
0.6106339,4724.6357,0.024346346,10.69725,-3.7153735,-1.5492536,5.5856185
0.61819464,5728.4795,0.042103127,10.309007,-3.1676333,-0.32205933,6.708588
0.6140058,4754.902,1.3651228,10.681141,0.31124443,1.6091956,4.9830174
0.6198343,5153.5635,1.2905748,10.49541,0.25508773,0.6716161,5.5131903
0.6240809,4527.0854,1.0998964,10.610549,0.09521605,0.37378162,5.9099665
0.61289394,6262.8174,2.074131,10.322319,0.72954226,-0.7160281,4.387652
0.61467785,6033.497,1.5289216,10.241778,0.4245627,-0.10297723,5.1840167
0.62332374,5516.303,0.1303432,10.384161,-2.0375843,0.5530502,5.4150057
0.6191003,5294.402,0.15230335,10.320447,-1.881881,0.5043411,5.532851
0.6113637,5857.8184,0.09217863,10.56805,-2.384027,-0.1761421,4.7092276
0.6080526,4557.2876,1.367824,10.778509,0.31322113,0.7584946,5.245974
0.60651964,4691.8267,4.913478,10.804452,1.591982,0.32167068,5.076168
0.61754394,4933.542,1.356893,10.707348,0.3051975,0.853483,4.962978
0.6095717,5024.032,0.62727827,10.602902,-0.466365,0.40487957,4.953179
0.60197675,6107.8955,0.85507256,9.84519,-0.15656896,-0.050906446,6.807129
0.617376,5182.987,0.47150478,10.594533,-0.75182605,0.4301798,5.8510275
0.6183077,5703.0225,0.56322867,10.350945,-0.57406956,-0.09112903,5.7792454
0.6026056,6459.914,0.26924765,10.2335005,-1.3121237,1.4146246,4.2906523
0.6193309,5426.4014,0.2480131,10.345054,-1.3942738,0.115604125,4.4993467
0.61676824,5785.8306,0.05903519,9.961088,-2.8296216,0.43320596,4.396544
0.6129095,5518.1357,4.8038006,10.558775,1.5694073,0.13890511,5.4856977
0.62222,5497.3354,0.03310554,10.098927,-3.4080546,-0.2200027,4.9787803
0.5828276,7135.354,5.9987593,9.997763,1.7915527,0.7327892,5.1610518
0.58292294,7537.7007,1.8193146,10.019566,0.59845984,0.11537967,4.7346816
0.61330485,5736.1143,0.25673854,10.021154,-1.3596971,0.7127007,6.0423164
0.6095252,6303.7437,0.578435,10.241905,-0.5474291,-0.51745564,4.451401
0.6185883,5878.7817,5.267238,10.3188305,1.6615062,-1.2537204,4.5645704
0.58846045,7030.9893,0.057069506,10.097958,-2.8634853,1.4243724,6.264421
0.58937514,7259.1694,0.04872457,10.06669,-3.0215719,1.6550006,6.311226
0.63619006,4175.455,1.1333349,10.6288805,0.12516452,-1.8746336,4.66942
0.62004375,5366.7007,0.080328755,10.082594,-2.5216277,0.58209276,5.221798
0.6033604,6797.585,1.3441696,10.248503,0.29577646,0.072191365,4.7913938
0.5937644,6533.079,0.77587557,9.858025,-0.25376314,-0.40438125,4.7930145
0.6167308,5788.189,0.07137423,10.275944,-2.6398184,-0.34041354,5.0249877
0.6187004,5754.0117,0.32812053,10.027246,-1.1143743,-1.158568,5.0846405
0.59571266,6786.307,1.2210312,10.027215,0.1996957,1.1593032,4.9200764
0.6426876,4094.6797,1.222509,10.556741,0.20090532,-0.24297301,5.7353973
0.61433053,5988.038,0.3171584,10.651506,-1.1483539,-0.88775593,5.839176
0.61031055,6292.678,0.19116563,10.528167,-1.654615,-0.35410276,6.592062
0.6149903,6100.4033,0.36250848,10.497459,-1.0147074,-0.4165032,6.3991957
0.610731,5734.726,1.67509,9.771733,0.5158669,0.24480364,4.350181
0.62731224,4986.6357,0.028991776,10.252359,-3.540743,0.14313957,5.4688144
0.619139,5571.048,0.039294295,10.280049,-3.236676,0.92642844,5.8498697
0.6157681,6157.417,3.616985,10.417409,1.2856408,-0.7340767,5.286557
0.62645054,5312.1235,0.89953005,9.966759,-0.105882816,-1.3815973,5.0443697
0.62319523,5407.6763,1.8001859,9.954507,0.58788997,-1.0611386,4.970545
0.61848736,5388.878,0.10158116,10.437598,-2.2868972,-0.16292249,4.478807
0.6193831,5476.157,0.24851704,10.198347,-1.3922439,0.39250544,4.7175817
0.62113005,5677.2314,0.2447323,10.223424,-1.4075903,-0.056405965,4.5796723
0.6224127,4935.2856,0.09117794,10.443035,-2.3949423,0.433326,5.5657635
0.6267844,4825.3916,0.15092584,10.504862,-1.8909667,0.25332567,6.0103436
0.629407,5177.4023,0.17132717,10.306713,-1.7641803,0.2645695,5.9654236
0.6098761,7139.1846,0.07897499,10.849342,-2.538624,-0.26152468,5.318011
0.647878,4255.825,1.6539929,10.284753,0.5031923,0.6810355,4.898818
0.63029635,5063.7363,0.023786526,10.352397,-3.738636,0.29466197,5.2330437
0.61781687,6090.7705,3.5774589,10.339183,1.2746527,-0.95458233,5.3203945
0.6082791,4385.796,0.57498384,10.7535,-0.5534134,0.5287223,4.8362966
0.6241988,5437.8877,18.289795,10.244026,2.9063432,1.4480478,4.5694866
0.61083895,5797.5947,2.5650623,10.429785,0.94198275,0.0055349185,5.198272
0.6150124,5660.266,0.40131453,10.318845,-0.9130098,-0.96671015,4.319452
0.61262184,6007.68,1.1704862,10.457228,0.15741922,1.0671256,6.300515
0.6435972,4499.799,0.10715113,10.199346,-2.233515,-1.1571853,4.735029
0.65235424,3904.9407,0.03844361,10.370845,-3.2585628,-1.0923111,4.946721
0.632468,4527.0327,0.19656551,10.394364,-1.6267595,-0.31359783,5.8155956
0.6260089,4936.296,0.98665386,10.323822,-0.0134359915,0.6620415,5.721818
0.6256813,5020.649,0.07185972,10.107806,-2.6330395,0.80670285,5.135459
0.6111213,6689.677,0.7764505,10.499057,-0.2530224,-0.71061146,5.8651342
0.6159948,5769.7754,4.5996323,10.478062,1.5259764,-0.7315781,5.7517366
0.62395215,5139.9214,0.39235714,10.476474,-0.93558276,0.49215972,5.172676
0.61467683,6177.2144,0.049999185,10.462072,-2.9957485,0.43329495,6.5506477
0.6340077,4893.9077,4.74843,9.96643,1.557814,0.7958864,5.015107
0.63778675,4086.4277,1.0712643,10.486335,0.068839476,1.2893047,5.339851
0.6032347,6229.134,0.121650554,9.773923,-2.1066027,-1.6751376,4.81756
0.61014605,5852.417,0.109400906,9.875422,-2.2127361,-1.7821627,4.6312723
0.63071215,4773.6206,0.4199775,10.254181,-0.8675542,1.417604,5.942831
0.6143258,5408.0605,0.026927534,10.670899,-3.614606,-1.3015271,5.9131947
0.6146538,5370.1875,2.2840297,10.556552,0.82594126,0.6535981,4.3374157
0.6187366,4866.457,0.22177613,10.588931,-1.5060868,0.08373713,4.789607
0.6212678,5565.38,0.48982182,10.476048,-0.7137136,0.19912288,5.0003567
0.6122625,5631.032,0.36686546,10.3385935,-1.00276,-0.77496296,5.4561634
0.61441433,5439.6226,0.016202185,10.2712965,-4.122609,-0.08123607,4.8535843
0.6150867,6345.5063,0.047996074,10.141768,-3.036636,0.06464174,4.408601
0.61111885,6109.3213,0.04456637,10.169273,-3.1107757,0.043017548,4.3926396
0.6188967,5146.2803,1.2954967,10.303687,0.2588942,1.3500171,5.2307115
0.6077648,6463.916,56.587093,10.645753,4.035781,-0.06256256,5.2875595
0.6093577,5461.7764,0.89851433,10.605093,-0.10701263,-0.64464426,6.4549747
0.6029924,6454.5303,5.5322266,10.140175,1.7105904,0.45883977,5.446146
0.5896793,6634.482,0.199106,9.844601,-1.613918,1.1956866,5.1931524
0.5982481,6539.6436,1.55317,9.934457,0.44029796,-1.3693006,5.1428747
0.62320983,4785.409,0.0533868,10.53632,-2.9301918,0.9772902,5.699587
0.6537691,4165.0146,0.110557556,9.911648,-2.202219,-0.15861389,4.6623306
0.64485157,3794.067,0.13489851,10.614989,-2.0032325,0.1054953,4.840801
0.5969857,6766.1978,28.428213,10.282638,3.347382,-1.0819736,6.1175117
0.5954946,6620.7485,40.462894,10.265398,3.7003853,-0.9854519,6.1497483
0.59212446,6387.6436,62.11419,10.282487,4.1289744,-0.7280479,6.1952972
0.6028686,6004.7427,0.7552974,9.713538,-0.2806437,0.17958537,4.404392
0.6252088,4810.0244,0.2928747,10.536692,-1.2280104,-0.25394395,6.2163224
0.6227691,4811.3057,0.38135478,10.408528,-0.96402514,0.44029477,6.332317
0.6259019,5710.831,1.164511,10.457843,0.15230119,-0.07975532,6.333353
0.6180687,5124.8315,4.579635,10.274113,1.5216193,-0.6202971,5.9957943
0.62060606,5349.861,3.6783037,10.385516,1.3024517,-0.46927544,5.725997
0.60814863,5821.763,0.33866656,9.808528,-1.0827392,0.00954082,5.4880576
0.6133818,5623.0264,0.25253183,10.085443,-1.376218,2.2962523,5.439165
0.6317167,4821.1,0.059545822,10.181737,-2.8210092,0.5594084,5.6768684
0.6265045,4790.33,0.023734624,10.163482,-3.7408204,1.3432865,6.479457
0.606997,6828.654,3.5784461,10.506082,1.2749287,-1.8540734,5.80264
0.61946964,5746.7515,0.82791936,10.354677,-0.18883952,-0.5572335,5.086036
0.61629915,5717.8145,0.08967458,10.532017,-2.411568,-0.8809146,6.193738
0.6193254,5592.123,0.49305883,10.288182,-0.7071268,-0.044092294,6.291944
0.624457,4918.951,0.13321058,10.43604,-2.015824,0.40364856,4.276381
0.63271594,3441.4656,0.030904032,10.740361,-3.4768686,-0.12814969,5.5615954
0.63864845,4237.4204,0.0027429266,10.50799,-5.89873,0.52948374,5.239775
0.63254297,4474.739,0.016797112,10.4491825,-4.0865483,-0.5040469,5.689457
0.6431577,3669.5845,0.01286789,10.643367,-4.35302,-1.6188791,6.318877
0.6459535,3771.2512,0.015705328,10.58496,-4.153755,-1.6928177,6.2977905
0.6418982,3938.6414,0.008730764,10.547957,-4.7409024,-1.435338,6.385652
0.6384194,4476.145,0.01081692,10.293677,-4.5266438,0.06385194,5.1882105
0.6363316,4861.5166,2.9238558,10.143751,1.0729033,0.82467467,5.3148737
0.62268984,4970.012,1.6178916,10.451256,0.48112375,1.083238,4.130551
0.62301004,5077.1836,4.5811453,10.459802,1.521949,0.9185167,4.229849
0.615694,5998.3623,0.043428678,10.530857,-3.1366353,0.04543757,4.576693
0.6271679,5265.0225,0.2565319,10.3772545,-1.3605022,-0.68588173,4.1996894
0.6229473,5224.3647,0.46139947,10.476886,-0.7734911,-0.022776013,4.438049
0.61759794,5846.9985,0.15594265,10.32837,-1.858267,-0.2296218,4.968422
0.6188637,5548.8936,0.3004858,10.376594,-1.2023548,0.50263524,5.172104
0.6165613,5860.0903,0.9190508,10.499895,-0.084413856,-0.6494932,4.969519
0.6142361,5868.9287,0.13918735,10.19261,-1.9719344,-1.192051,7.025395
0.61659414,6011.9033,0.09825166,10.141135,-2.320223,-1.5423958,6.8723783
0.6168771,6001.6475,0.77047807,10.28718,-0.26074407,-0.42458588,6.7918777
0.60550374,6610.5405,0.013576789,10.113501,-4.2993937,-0.531018,4.2347674
0.65831697,3616.8628,0.22937113,10.407661,-1.4724139,-0.651864,6.5511904
0.6609688,3354.9636,0.058310654,10.520373,-2.8419704,0.8582317,7.00994
0.6501682,4129.467,0.1900577,10.261924,-1.6604276,0.19819175,6.009615
0.6049463,6889.2593,0.69563377,10.352736,-0.36293197,-0.031988,4.5883427
0.6334591,4674.425,0.57231164,10.088696,-0.5580716,0.6139947,5.7502394
0.63677615,4634.02,0.57018465,10.33227,-0.56179506,-1.1324964,4.4258595
0.64044476,4450.504,0.5077186,10.323841,-0.67782784,-0.941106,4.3867974
0.66426194,3919.0183,0.0024873505,10.275832,-5.996537,-0.42362735,5.0400333
0.63607585,4158.203,17.295732,10.705828,2.8504598,-0.34673586,6.220403
0.62519646,5103.0825,0.26968655,10.018077,-1.3104949,-0.08073749,5.7175336
0.60755,6353.1455,0.14467603,10.165547,-1.9332583,1.405258,6.935645
0.60634416,6191.46,0.17130403,10.332643,-1.7643154,1.6792787,6.21305
0.61411136,6784.63,0.16463467,10.525923,-1.8040264,-1.6085429,4.5176716
0.6227365,5051.5527,0.46748605,9.864288,-0.76038575,1.7877544,6.561758
0.6367965,4209.376,0.1289485,10.531351,-2.0483422,0.011999366,5.6771526
0.6233524,3789.1099,0.13538639,10.722611,-1.9996225,2.3680725,5.423865
0.6277704,4308.133,0.043716542,10.63342,-3.1300287,1.1789125,5.324191
0.612721,4270.55,0.3918983,10.747236,-0.9367529,-0.595347,5.7604737
0.6158684,5104.7393,0.13000736,10.643977,-2.0401642,1.2712524,4.3856153
0.6095432,6686.193,0.13425793,10.61499,-2.0079925,-0.8879136,5.744033
0.6424188,4563.992,0.78988063,10.135621,-0.23587345,0.99542654,5.363991
0.64512765,3698.873,0.13631475,10.484817,-1.9927887,0.2798672,5.6083083
0.62297964,5165.04,0.65877354,9.982733,-0.41737542,-0.33223474,5.4452653
0.61920375,5677.8267,0.30852365,10.241675,-1.1759567,0.21209255,4.3834486
0.6206249,5073.572,0.23920454,10.420975,-1.4304363,1.0503856,4.530031
0.62392753,4970.9443,0.6258208,9.79597,-0.4686912,1.0554506,5.093322
0.62436444,5293.2627,15.837497,10.142588,2.7623804,-1.6842567,5.648603
0.62773144,5462.0786,12.752253,10.55277,2.545708,-1.5417209,5.9097524
0.62744033,4386.752,7.0576067,10.722526,1.954106,-1.5959897,4.984886
0.6204789,5225.902,3.8463318,10.538837,1.3471199,0.105456345,5.0017333
0.61604667,5170.521,0.2558607,10.5760355,-1.3631222,0.035617154,5.1348085
0.6139796,5996.036,1.842876,10.486023,0.61132735,-0.7303315,4.4123325
0.61490947,6224.7256,3.5773475,10.464338,1.2746216,-1.0159879,4.2374907
0.63881516,4357.964,0.032659613,10.319058,-3.421616,1.4490689,5.650015
0.63857293,4520.923,0.06412152,10.331282,-2.7469752,0.89617187,5.4413853
0.6053098,6585.8813,0.23360692,10.169083,-1.4541154,-1.7654319,4.8282022
0.58880144,6403.332,0.48230806,9.745254,-0.7291722,2.2204123,5.9296923
0.58392614,6804.034,0.2434029,9.583906,-1.4130372,1.8888874,6.105837
0.5814415,6974.513,0.7148323,9.727004,-0.3357073,2.0877745,7.4308414
0.57755095,6844.3022,1.5334758,9.771642,0.4275369,2.408539,7.2817326
0.577843,7412.462,2.0697377,10.035484,0.7274218,2.3460746,6.3937016
0.58407974,7227.8726,0.1031979,9.77622,-2.2711067,1.1945525,5.5494285
0.6375521,4452.222,2.9812179,10.490569,1.0923319,-1.8078705,5.376279
0.6376007,4407.5884,9.861597,10.463827,2.2886481,-1.3251377,5.1032424
0.6410495,4372.422,17.765354,10.537537,2.8772502,-1.1079346,5.1170626
0.6555977,3962.608,0.91549516,10.305085,-0.0882902,0.60431916,6.402199
0.6510905,4334.4395,0.01276945,10.237444,-4.3606997,-0.6156123,4.358254
0.65779877,3970.7683,9.182708,10.416273,2.217322,-0.05640829,5.302062
0.63143736,4161.5356,1.7758304,10.618031,0.57426816,0.7715778,4.5287
0.6392067,4223.57,0.30466986,10.491587,-1.1885265,0.40804765,4.472631
0.60926265,5606.5522,2.8641188,10.727517,1.0522608,0.031034112,5.6450014
0.6014302,5255.4116,0.04551167,10.804392,-3.0897865,0.8079789,5.5679646
0.5895826,6023.07,0.7100637,10.985542,-0.34240055,1.0752292,5.930135
0.6029578,5318.1646,1.0116652,10.784925,0.011597721,0.43220496,6.559818
0.61878276,5598.0327,0.14234309,10.394887,-1.949515,0.53095037,6.7738295
0.6251569,5209.333,0.7861898,10.376428,-0.24055701,-0.28993303,3.9996443
0.6236894,4799.5127,0.026801541,10.486957,-3.6192958,0.74818486,5.262687
0.62323254,4712.6704,0.03198382,10.474337,-3.4425251,0.47904658,5.1783338
0.6201141,4939.6704,0.0062211016,10.536948,-5.079808,0.051578924,5.559516
0.60496074,5221.2925,0.8921814,10.7648945,-0.11408579,-0.42231792,4.970472
0.60701853,5139.8823,0.26665413,10.701993,-1.3218029,-0.5370769,5.180281
0.6059249,4725.205,0.1550334,10.816289,-1.8641148,0.07001383,5.273487
0.6111379,6705.1865,4.5152297,10.702676,1.5074561,-1.5127879,4.9458337
0.60596824,6588.8564,0.0057503753,10.231031,-5.15849,0.586462,5.005836
0.61601037,5903.92,0.004056109,10.099736,-5.507531,-0.1278691,3.881468
0.58942693,7198.849,0.02765972,9.869863,-3.587778,-1.0445957,4.867632
0.58264965,7279.5835,0.024949286,9.931972,-3.69091,-0.68664885,5.3037405
0.6190295,5255.1553,0.048754957,10.334976,-3.0209484,-0.5579718,5.7062464
0.6256736,5293.0522,0.017734341,10.237595,-4.0322523,0.7377608,5.2045817
0.6077472,4709.0513,0.6602373,10.801213,-0.41515592,-1.3203837,4.6604953
0.60097927,5441.9077,0.23893845,10.834538,-1.4315493,0.018208047,5.145401
0.6218973,5504.8584,0.33904362,10.295482,-1.0816265,0.83690524,4.5173044
0.5947295,6347.3916,0.20826711,9.773403,-1.5689338,-0.2181518,5.428969
0.6073424,6120.2954,0.13707125,10.149225,-1.9872544,1.4193285,5.3914137
0.62598747,5446.8623,1.4177313,9.92416,0.34905788,-0.2818056,4.727515
0.622709,5133.7,2.038865,9.857066,0.7123933,-0.59529257,4.8142443
0.62825316,5242.97,2.301724,9.97429,0.8336584,-0.83285064,4.9825997
0.6286156,5111.4463,0.6751145,9.890452,-0.39287296,-0.5088772,4.8283467
0.599604,7130.5923,0.078685895,10.252964,-2.5422914,1.079514,5.3702965
0.6374017,4721.045,2.997373,9.638159,1.0977362,-0.62400883,4.6462474
0.63829416,4502.071,1.8460326,9.608975,0.6130388,-0.84822977,4.629471
0.61041,4576.83,0.043711934,10.797816,-3.130134,0.8950938,6.51657
0.6233588,5443.874,1.1060562,10.076452,0.100800686,-0.61584085,4.3359776
0.6486091,4098.35,0.063718006,10.342269,-2.753288,1.0422441,5.159307
0.6187572,5871.1343,0.39916325,10.364067,-0.91838485,-1.0228392,5.2293525
0.59150875,6486.7104,0.8656109,9.61421,-0.14431977,-1.546376,5.80346
0.6125512,5930.3555,2.701627,10.0907135,0.99385417,-0.18713887,5.175591
0.6239998,5133.5195,0.17953509,10.425059,-1.7173846,-0.34062788,5.380155
0.61783046,5637.329,0.54165983,10.108804,-0.61311704,-0.03402583,4.5868664
0.6135526,5415.1924,4.547949,10.735522,1.5146763,-2.715863,5.1898155
0.62308717,5263.987,0.22113818,10.151811,-1.5089675,-0.02061499,5.946814
0.63479805,4698.879,1.1361829,10.208428,0.1276743,-0.20018557,5.0887904
0.62629807,5238.508,0.08395293,10.013885,-2.477499,-1.0172144,5.550748
0.62875104,5033.026,1.6390092,10.07662,0.49409196,0.12359928,4.6287727
0.65524036,3597.7883,0.02088008,10.559574,-3.8689597,-0.4833964,5.088185
0.6314686,4360.845,0.058126405,10.527849,-2.8451352,-0.3237237,5.677003
0.63928413,4747.787,0.6886332,10.214328,-0.3730465,-0.43713683,4.9799953
0.6080415,6377.966,0.25305095,10.369131,-1.3741645,0.8483238,5.48598
0.6228797,4595.216,0.77348924,10.529621,-0.25684348,0.39284062,5.1587768
0.6287694,5209.3994,0.5030685,10.324112,-0.68702894,0.38528797,4.8893223
0.62841237,5252.8057,0.80058706,10.34595,-0.22241001,0.22505729,5.041278
0.61964226,5942.1147,0.30567312,10.566453,-1.185239,-0.15355226,4.715077
0.61110854,5487.3164,2.0917273,10.411972,0.73799014,0.55300635,4.5378237
0.6128399,6256.046,0.10654016,10.267734,-2.2392333,-1.7174668,5.7529945
0.62179863,5821.4736,1.8495567,10.318571,0.614946,-1.5769979,5.224866
0.62390965,5176.774,1.970114,10.256687,0.6780914,0.62544495,5.504946
0.66294414,3778.9207,0.031825114,10.363031,-3.4474995,0.0809049,5.696603
0.58982074,7540.393,3.9995327,10.214766,1.3861775,-0.26339027,5.63218
0.5907371,6660.167,7.5650167,9.995491,2.0235345,1.0594308,6.201183
0.5949814,6584.3096,0.06754802,9.912122,-2.6949165,0.19954617,5.713506
0.5900108,6381.255,2.5388541,9.231834,0.9317128,-1.9614359,5.613902
0.5831305,6902.388,1.655989,9.283955,0.50439847,-1.4653559,5.5789557
0.6124382,5607.2354,0.035927843,9.699554,-3.3262427,-1.8652904,5.372384
0.5904897,6688.7593,0.6070313,9.677191,-0.49917492,-2.6161716,5.283804
0.61313677,6096.516,0.5334385,10.10405,-0.62841153,-1.2843512,5.6538105
0.61486423,5536.1787,0.1781368,10.544465,-1.7252035,1.2766535,5.210463
0.6271201,5029.884,1.0606976,10.020326,0.058926765,-1.5741876,4.9350905
0.6296465,5354.5513,7.5993795,10.355818,2.0280666,-1.2637708,4.219846
0.6097548,6140.1924,0.18410175,10.045901,-1.6922667,0.5836726,3.9655316
0.61745787,5602.3525,0.2741889,10.37213,-1.2939379,1.3095615,4.0988007
0.60923505,5797.445,0.05309814,10.023849,-2.9356134,1.9826072,4.919045
0.60401857,6240.153,0.074590296,9.908527,-2.5957448,0.11547673,4.9031615
0.59494084,6085.9155,0.44300956,9.436241,-0.8141639,1.6519662,5.1186647
0.5833968,6981.9272,0.17869043,9.6565275,-1.7221004,-0.7403537,4.9194417
0.5689867,7479.6924,14.87049,9.803896,2.6993787,-0.7475251,4.025506
0.57476294,7461.8555,15.498055,9.921955,2.7407146,-1.0358746,4.098952
0.57829547,7640.0654,9.908438,9.966172,2.2933867,-1.2424247,3.883835
0.6075368,6950.3804,4.4394865,10.33252,1.4905387,-1.1781312,5.988189
0.6382874,4405.1245,0.031565566,10.291874,-3.4556885,1.4026572,4.8865128
0.6030782,6863.3813,1.18236,10.230984,0.1675125,-0.5682809,5.4756694
0.62738436,5052.961,0.30378813,10.138858,-1.1914247,-0.11832782,4.7448463
0.5907924,6943.3306,0.8597599,10.041,-0.15110211,-0.010691886,5.062687
0.58976406,7137.7446,1.0507531,10.020363,0.04950716,0.08590307,5.097084
0.59526235,6374.4023,0.1299768,9.721131,-2.0403993,-0.19866526,5.014931
0.57553875,7352.5283,3.9235609,9.871348,1.3669996,-0.5298545,4.622319
0.59253585,6558.552,0.008284726,9.953294,-4.7933416,0.09536068,6.490944
0.58547896,7788.675,0.004351524,10.07072,-5.437229,-0.5951017,6.3351436
0.58653164,7801.581,0.004111668,10.102069,-5.4939265,-0.4590814,6.2713513
0.5933949,7557.4546,0.008684513,10.226124,-4.746214,-0.8364084,6.3579297
0.59078044,7616.3657,0.0068269586,10.092085,-4.986876,-0.69134325,6.074238
0.5977092,7350.3447,0.015892701,10.207951,-4.1418953,-1.1562989,6.256705
0.60151863,6937.065,0.021032013,10.123987,-3.8617096,-1.4555391,5.9001613
0.5982349,6450.208,0.046834495,9.909635,-3.0611353,-0.7802312,4.9757614
0.59764326,6334.7803,0.048283465,9.926393,-3.030666,-0.4551045,4.641185
0.5979442,6431.349,0.039831277,9.911568,-3.2231028,-0.5423539,4.8463917
0.591882,6697.1953,5.836413,9.913968,1.7641164,0.17615119,5.632327
0.6030157,6703.8604,6.8403125,10.270208,1.9228334,-0.4258694,5.4622197
0.6072016,5062.911,2.7006013,10.760162,0.9934745,0.050108362,5.423407
0.6116449,5777.4546,1.8327192,10.507464,0.60580075,0.5857665,5.8153486
0.62271047,5427.3867,2.990602,10.403939,1.0954747,-0.21777375,6.0096407
0.6148724,6120.908,0.558398,10.578865,-0.5826833,-0.95843065,4.920084
0.6229513,5469.991,0.2197718,10.101889,-1.5151656,-1.141147,4.316181
0.61896026,5674.825,0.094350204,10.2439785,-2.3607419,-1.895554,4.880787
0.61835533,5872.503,0.10021877,10.256652,-2.3003998,-1.3293997,5.4782467
0.6139752,5042.8857,0.390873,10.664849,-0.9393726,0.54010403,5.632815
0.6095421,5712.3867,0.08122268,10.525166,-2.5105608,-0.5418217,5.8852673
0.614383,5864.84,0.6881544,10.477383,-0.37374204,-0.6985702,5.2393374
0.6183402,5368.4453,0.13798355,10.484992,-1.9806209,1.134788,4.74073
0.6202443,5314.5986,1.1337116,10.5074625,0.12549679,1.0480337,6.2907434
0.62399507,5252.425,0.41473618,9.817643,-0.88011265,-0.474417,5.34617
0.6407957,4431.0317,0.059763588,9.504204,-2.8173587,-0.273932,5.261289
0.6390927,4492.995,0.013291817,10.014422,-4.3206067,0.9254345,6.584502
0.602122,6053.0127,50.05975,10.187999,3.9132173,-1.0172708,4.186486
0.6226723,5344.337,0.153266,10.061139,-1.8755803,0.3744201,4.46305
0.6095357,5702.4653,1.5581335,9.729849,0.4434886,-0.92048484,4.8942013
0.60979295,5912.9536,0.28199658,10.627668,-1.2658603,0.9985906,5.3771315
0.60213023,4082.7976,0.18407959,10.913103,-1.6923871,-2.7688463,6.218812
0.58981687,5330.966,0.041772727,10.816961,-3.1755116,2.031747,5.333337
0.6209754,5136.6343,15.868021,9.855243,2.7643058,-1.4860132,5.285975
0.61426604,5286.04,55.45792,9.830778,4.0156245,-0.9449074,5.152456
0.6180952,5260.0015,26.606018,9.928714,3.2811375,-0.9322205,5.187026
0.6056841,6065.697,1.6506582,10.026656,0.50117415,0.25875685,5.200543
0.60848737,6330.7256,0.06701051,10.145171,-2.702906,0.40463707,5.2792225
0.6317625,4554.4277,0.23254904,10.435641,-1.4586542,1.4942815,6.332242
0.62589,5260.7534,0.11884414,10.066941,-2.1299424,-0.09707455,5.0901127
0.6302031,4576.9727,0.17245063,10.448687,-1.7576443,-1.2791682,5.1101527
0.6505122,4000.9858,1.5828263,10.3549,0.459212,0.09735942,5.207508
0.64243233,4585.2197,0.08532779,10.014992,-2.461255,-0.3553284,5.9657917
0.63686436,4693.7104,0.2622418,10.170108,-1.3384882,-0.70405126,4.6497154
0.61622906,5413.474,2.4803176,10.372477,0.9083866,0.75537276,5.331193
0.6183687,5483.52,0.032097306,10.322612,-3.4389832,1.4990122,4.8682218
0.6177837,5737.4106,0.003056077,10.283832,-5.790623,0.024265604,4.548308
0.61555123,5044.37,10.119419,10.716352,2.3144562,1.6321607,5.468466
0.6164251,5138.1973,8.688919,10.675151,2.1620486,1.5193692,6.07918
0.6141436,5122.412,3.344175,10.648163,1.2072201,0.5104727,5.241905
0.6130959,5602.657,0.058841247,10.450614,-2.8329122,-0.0052155117,5.247182
0.6152672,5911.432,2.448324,10.254608,0.8954037,-0.21170951,5.0519786
0.6094548,5779.1826,2.086331,9.70775,0.735407,-0.9084047,5.3532085
0.62525237,5331.243,7.2680945,10.243466,1.9834942,-0.6200616,4.7944956
0.66119254,3542.6777,0.028161086,10.460561,-3.5698142,0.41142204,5.8500204
0.5992273,7324.4844,1.2887821,10.2892,0.25369772,-0.5048708,5.3575068
0.603604,7353.3896,0.71490556,10.366761,-0.33560485,-0.3296594,5.514917
0.6234071,5522.2246,0.643993,10.277294,-0.4400674,-0.988276,5.306964
0.6112658,6366.193,0.057759147,10.315434,-2.8514736,1.6047051,5.2353024
0.61187434,5873.759,0.04324901,10.439048,-3.140781,-0.8898394,6.1257343
0.6156316,5587.1,0.9886121,10.028351,-0.011453239,-0.803758,4.7188096
0.6299972,4476.912,0.09309307,10.562736,-2.3741555,0.88953733,5.670285
0.61768866,5628.6816,1.1027592,10.386156,0.09781548,-1.2504433,5.11599
0.6370097,4464.272,0.03223859,10.078938,-3.434591,2.0968294,6.2708836
0.6395358,4704.161,3.568988,10.107661,1.2722821,-0.869222,5.3824005
0.6369511,4838.5054,0.52046967,10.058992,-0.65302366,-0.9007167,4.9207277
0.63514113,4983.957,0.75235313,10.185687,-0.28454944,-0.93117297,4.752289
0.6341391,4815.5127,0.9306884,10.202361,-0.071830794,-0.73260075,5.0192447
0.61781967,5486.2383,0.1622032,10.509348,-1.8189055,-0.20359603,5.20315
0.62375057,4605.7217,6.8903236,10.677022,1.9301181,0.26747704,5.7762675
0.6085865,6121.1514,0.009536807,10.669117,-4.6525965,-0.12769301,5.9651127
0.612175,6590.6787,0.06261695,10.667999,-2.7707193,-0.42323765,4.0088797
0.6107463,6425.6455,0.03619266,10.4756775,-3.318899,-0.26008645,4.3254323
0.62277997,5274.3643,1.9797674,10.200347,0.6829794,0.17876354,5.526803
0.64227796,3783.3223,0.38959977,10.565821,-0.9426353,2.3077955,5.4137344
0.57764417,6923.325,3.8284812,9.816709,1.3424681,1.5163089,4.9418163
0.5717969,6729.5986,18.863974,9.49429,2.937254,2.191439,4.420926
0.5956278,6620.0835,26.6522,10.239353,3.2828717,-0.083872885,5.205209
0.5956278,6620.0835,26.6522,10.239353,3.2828717,-0.083872885,5.205209
0.60696626,6709.0366,3.5505877,10.341555,1.2671131,-0.35527232,5.322442
0.5833785,6514.252,17.434765,9.815269,2.8584661,-0.08460767,5.7110596
0.6221173,5314.839,0.01041846,10.446912,-4.564176,0.6803772,4.738528
0.62957025,5072.261,0.14543018,10.2598505,-1.9280592,0.09878518,4.736541
0.60808545,5920.18,0.44016755,10.342727,-0.82059985,0.53004354,5.9696536
0.6123723,5594.9263,6.74716,10.209116,1.9091216,2.0512362,5.657254
0.6176785,5812.1123,0.113871664,10.107801,-2.1726832,-0.5675223,4.585962
0.6207645,5346.225,0.024234228,10.371832,-3.7199893,-1.2668172,5.188958
0.6380831,4577.948,6.0288224,10.31671,1.7965517,1.2411819,5.1250157
0.6411706,4247.9707,2.2125454,10.413771,0.7941436,0.2713342,5.7260346
0.64494175,4085.8003,1.2771472,10.473402,0.24462883,-2.95212,5.9331856
0.6406841,4257.164,6.6288514,10.464799,1.8914316,-2.3049438,5.9305058
0.60398096,6448.305,0.006978828,10.101804,-4.9648743,2.0678732,4.679315
0.5987315,6233.9204,0.004793154,10.048562,-5.3405666,2.6817882,4.7049155
0.6033331,5979.255,0.0064885826,10.060124,-5.037711,2.411047,5.351789
0.5952913,6690.2646,0.0077516506,9.975105,-4.8598495,0.20074596,6.4443865
0.62400264,4691.168,3.3031034,10.543695,1.1948625,0.15038624,4.71768
0.609883,5817.6147,0.045165353,9.854489,-3.097425,-0.08530373,5.80958
0.6225821,4737.0693,3.1118052,10.588429,1.135203,0.2601664,4.598766
0.6499843,4122.9688,0.019758191,10.192201,-3.9241872,-0.057200447,6.3528175
0.60608584,6641.7227,2.6227417,10.508234,0.9642202,0.5923885,4.380796
0.61058974,6376.96,0.6910237,10.439735,-0.3695812,-0.7281268,5.329022
0.61048675,6170.6113,0.086236306,9.975067,-2.450664,-2.1346745,5.70207
0.61216,5780.794,0.07478361,9.950069,-2.5931566,-0.7008159,5.2032084
0.61176944,5723.5493,0.04670429,10.007529,-3.0639193,-0.5063494,5.255996
0.6158139,5746.9253,0.06743619,9.825615,-2.6965735,-0.36599442,4.9650655
0.60737705,7010.343,0.04487791,10.353512,-3.1038096,0.44831258,5.692142
0.6091436,5947.9966,0.6271954,10.121862,-0.46649712,-0.58944124,5.100685
0.6051228,6144.0967,2.3856368,10.597525,0.8694661,1.5690916,4.4072547
0.61051434,5987.2153,1.0682322,10.664546,0.066005126,1.7036028,4.450946
0.60404366,7248.3486,0.04152648,10.403148,-3.181424,1.4156556,6.295951
0.60257107,7268.3877,0.23002815,10.369628,-1.4695536,1.5738266,4.5710964
0.5953436,6769.56,8.500227,10.136249,2.1400928,1.197314,4.7644625
0.6082637,6072.925,34.18698,10.371791,3.5318449,-0.5538796,4.623538
0.6123582,5986.147,27.179878,10.246005,3.302477,-0.5066765,4.814277
0.61701703,5368.217,0.026491992,9.92843,-3.6309128,0.8093924,5.6583986
0.6199994,5597.879,0.07820833,10.054071,-2.5483792,-0.09865686,6.4710765
0.61446124,5729.497,0.35644636,9.924717,-1.0315715,-0.7485378,6.0103865
0.6121108,6024.141,0.068603046,10.49978,-2.6794183,0.23506841,4.101427
0.6200266,5622.995,3.5380044,10.403466,1.2635628,-0.6340748,5.6418133
0.6169021,5557.938,1.40118,10.493809,0.33731475,-0.7121505,5.3800306
0.60468185,4607.7056,0.08154762,10.843854,-2.5065682,-1.6834064,5.663006
0.59581774,6325.4014,0.0072382954,10.929362,-4.9283695,1.7709985,5.681493
0.6193053,5487.62,0.14012095,10.342562,-1.9652493,-0.23796527,4.6086974
0.63372755,4657.443,0.6086357,10.424632,-0.49653533,0.6072017,5.5545273
0.6278666,4688.493,0.17177203,10.48869,-1.761587,-0.10176231,5.4295526
0.61409736,5514.831,0.47900078,10.036082,-0.73605305,0.46933922,5.8848987
0.5968969,6317.5317,0.047831196,9.880443,-3.0400772,0.3472732,4.2633243
0.6048491,6657.8423,9.584485,10.427228,2.2601457,0.6081586,4.9892383
0.610233,5855.661,0.0056847585,10.025703,-5.1699667,0.38328302,4.455898
0.61202633,5901.9146,0.050114546,10.29072,-2.993444,0.2158923,4.4648266
0.615769,5828.7744,0.23258172,10.203137,-1.4585136,1.2262044,4.5189037
0.6143607,5708.5825,3.9445813,10.171489,1.3723428,0.7128162,6.177436
0.6289036,5039.678,0.01878474,10.205716,-3.9747105,-0.59801376,4.5523424
0.6273305,5021.259,0.38410705,10.409466,-0.956834,1.0983393,6.145759
0.64301515,4251.171,0.63444185,10.429354,-0.4550096,-0.14159107,5.4136057
0.6331804,5040.791,3.3173256,9.824614,1.1991589,-0.054294936,6.373351
0.6160225,5175.1,4.2492404,9.678921,1.4467403,-0.110247694,6.615693
0.6197201,5950.786,0.2227066,10.234757,-1.5019001,-1.1555259,5.236408
0.6237233,5631.6294,1.1410044,10.264369,0.13190892,0.3883671,4.0426755
0.62747025,5377.9224,0.30253106,10.404945,-1.1955713,-0.38100344,4.2437243
0.62506145,4367.9175,0.14975229,10.495181,-1.8987727,1.1407672,6.3425684
0.6314136,3928.8262,0.17951515,10.694582,-1.7174957,1.3012539,5.6623363
0.621723,5014.4404,0.45892513,10.413437,-0.7788682,1.0203205,5.3417907
0.6216197,5618.7744,0.13536307,10.266712,-1.9997947,-0.8606279,5.1989846
0.6197522,5601.32,0.43933305,10.249036,-0.8224975,-1.5107235,5.9240384
0.63392115,4470.721,0.31190947,10.3365345,-1.1650423,1.5564067,4.635238
0.6172245,5648.4233,0.8995917,9.90043,-0.10581428,0.8396016,4.493914
0.62134683,5008.3364,0.40964043,10.636938,-0.8924755,-0.86937803,6.3376045
0.60954785,6428.543,0.06297776,10.418711,-2.7649736,0.7354977,4.950934
0.6152852,5588.789,0.7788445,10.001866,-0.24994387,0.6654245,4.75883
0.6070401,6551.0527,0.091603115,10.171887,-2.39029,-0.49804696,5.9246473
0.6199918,5400.0107,0.036377985,10.322598,-3.3137915,-0.13779767,4.2307925
0.63911355,4113.497,0.0037368336,10.5238905,-5.5895166,1.5048448,6.400086
0.6218152,5529.047,19.083015,10.248832,2.9487987,-0.74959683,4.789848
0.6199945,5305.2637,0.11184414,9.864368,-2.190649,-0.59794074,5.3094554
0.6042202,6649.3975,1.7648458,10.294131,0.5680634,0.85537493,5.545761
0.6197656,5638.324,0.10035628,10.251575,-2.2990286,1.1790407,4.291175
0.6365111,4605.7065,0.25177974,10.303728,-1.3792007,-1.7491176,5.7084293
0.62850845,5069.5073,0.19959892,10.246766,-1.6114453,1.4214064,4.432824
0.6052558,5435.27,0.59397805,10.667167,-0.52091295,1.2466918,4.2571907
0.61016333,5261.1074,0.8382141,10.673513,-0.17648174,2.1339483,4.4816713
0.6222526,5184.1636,0.21118781,9.867184,-1.5550075,-2.1570003,6.4130855
0.62653244,4973.0664,0.044055235,10.107423,-3.122311,-1.4953417,6.6774964
0.6271814,5196.3354,0.054213855,10.074614,-2.9148188,-0.96981406,6.7107005
0.6237757,5332.253,0.23716359,10.419009,-1.4390051,-1.3480439,6.2121577
0.6250122,5017.4834,1.1650723,10.435184,0.1527832,-0.6123496,4.3539586
0.609943,5038.914,2.2318885,10.750988,0.8028481,-0.38600314,5.7802725
0.6308506,4724.909,0.06765956,10.400453,-2.6932666,0.2710777,4.7511487
0.62029815,5634.9917,0.016666602,10.186663,-4.0943484,-0.65661424,4.742004
0.6125171,6285.0474,31.544638,10.792241,3.4514036,-2.3220546,5.3467226
0.6192278,5565.4395,0.0021446669,10.253788,-6.144771,0.30266246,4.3711066
0.611802,6005.862,0.0026526917,10.062449,-5.9321804,-0.79577154,4.683225
0.5824307,6838.258,0.06864811,9.583222,-2.6787617,-0.119861834,5.673362
0.610288,6597.882,0.08330697,10.46745,-2.485223,1.3980643,5.7411413
0.6144697,6070.4243,0.8912788,10.360044,-0.11509797,0.85329723,4.8292847
0.6305131,4741.2437,0.7512924,10.342055,-0.28596035,-0.44024304,4.6912966
0.62850535,4743.0205,0.96012646,10.451636,-0.040690288,-0.24151231,4.6242056
0.61397105,5734.9893,0.060667485,10.041781,-2.8023474,1.368797,5.269146
0.59644264,6051.4424,0.033529513,9.896178,-3.3953292,1.5072877,4.3742614
0.6055336,6119.1885,0.08067767,9.87917,-2.5172935,1.6292455,4.6768913
0.61978465,5291.074,3.8753536,10.512704,1.3546369,-1.3896124,5.7651396
0.61579317,5313.541,3.4344733,10.620987,1.2338636,0.6389658,6.667782
0.61852324,5645.851,0.027369652,10.406534,-3.5983205,-0.4482351,4.040042
0.6214334,5240.188,3.4913783,10.527313,1.2502966,-0.39032894,6.1946154
0.61349297,4824.064,0.11338654,10.66293,-2.1769526,-0.036956444,5.362958
0.6121851,6226.1553,0.2767717,10.145238,-1.2845623,0.3936635,5.7405186
0.61076,6073.325,0.1979575,10.104908,-1.6197029,-0.11711886,5.7547064
0.6139416,5928.2666,1.4239278,10.454935,0.3534191,0.5515156,5.220562
0.62032324,7647.75,0.3286762,10.752186,-1.1126822,0.44899613,5.5461693
0.6192962,5504.453,1.2472628,10.231295,0.22095144,-0.726133,4.9067616
0.6165502,5328.286,1.371886,10.564056,0.31618643,-0.645,5.8351955
0.6179725,4491.147,0.4019201,10.68171,-0.91150194,-1.3898573,5.502429
0.6182416,5372.6035,0.046095952,10.575949,-3.0770302,-0.50817037,5.3071947
0.61639816,5304.461,0.021702185,10.537806,-3.8303423,0.42511424,4.4205947
0.6200377,4884.8657,0.21679634,10.638594,-1.5287969,-0.13152155,4.367266
0.629594,5020.4927,0.022484062,10.307407,-3.7949486,0.677061,5.672344
0.6064639,5630.9404,8.009306,10.823705,2.080604,-0.021660607,4.7800856
0.6326368,4749.9717,0.010671336,9.691707,-4.540194,-0.14793603,5.7997494
0.61893034,4486.206,1.7594967,10.743691,0.5650278,-1.0644102,5.1996565
0.63350284,4687.5938,0.3600424,10.253657,-1.0215335,0.16741571,4.2700343
0.6092466,6219.5273,0.3493696,10.723772,-1.0516249,0.008087326,6.213055
0.5977224,6477.128,1.0535161,10.988354,0.052133325,1.0517052,5.8956637
0.6109954,4968.738,0.91801536,10.798231,-0.08554118,-0.2766609,4.937584
0.6208324,5568.4473,5.4700637,9.994234,1.6992903,-1.0092552,5.865671
0.6071813,6375.6304,0.024698474,10.338551,-3.7010138,1.4416723,4.609073
0.61261207,5987.143,0.093379825,10.246763,-2.37108,0.6650603,4.7387037
0.63486516,4758.807,1.3028008,10.240993,0.26451638,-1.0129057,5.421755
0.6384601,4325.322,0.11601566,10.346486,-2.15403,0.81850195,4.7275543
0.6543145,4035.5078,0.06165535,10.138515,-2.7861953,-0.7131808,5.1772747
0.62239254,4656.9326,1.7026845,10.51894,0.5322061,1.5736926,5.3024387
0.62118715,5667.2466,3.0107803,10.350548,1.1021993,-0.33792347,5.7922106
0.6149078,6139.5347,1.2765114,10.405932,0.2441309,0.20872468,5.672757
0.6005689,6154.6123,2.2108254,9.961155,0.79336596,1.6475073,4.2755938
0.618044,4706.713,0.0464843,10.666327,-3.0686407,-1.1216174,6.339217
0.59357417,6158.4756,7.832875,9.702266,2.0583296,0.26349524,4.7840667
0.59650487,5853.3164,17.413017,9.708335,2.857218,0.14933665,4.4370522
0.6092427,6199.645,0.018623639,10.695103,-3.9833236,0.019729711,6.21677
0.6141681,6699.8115,0.023613337,10.691141,-3.7459435,-0.3233906,6.0385923
0.6070254,4410.798,1.084111,10.822347,0.08076028,-0.7912283,5.9312263
0.6217988,4894.2803,0.28584057,10.547806,-1.2523211,0.5332227,5.2560534
0.6320944,4700.073,0.9462037,10.351766,-0.055297416,0.87660646,4.784013
0.623684,5391.837,0.44770992,9.943226,-0.8036097,0.966393,5.1668615
0.62926346,5161.8037,0.43002462,10.317111,-0.84391284,-0.24098048,4.918734
0.6241818,5412.278,0.574024,10.21914,-0.555084,0.31820342,5.829612
0.61960566,5658.2305,0.79384553,10.325232,-0.23086637,-1.3164443,5.905941
0.6152926,6058.197,2.719682,10.252604,1.000515,-2.3777232,6.0454855
0.61991,5594.1055,3.573516,10.474046,1.2735499,-0.758188,7.3987923
0.61858106,6029.7944,0.48613456,10.395054,-0.72126985,-1.628265,5.8830004
0.6064009,5904.302,3.6503682,10.034631,1.294828,1.259364,4.911371
0.6081432,5827.7725,0.44740197,10.693645,-0.8042978,1.7266718,5.3263974
0.6359995,4586.2256,0.2792579,10.370498,-1.2756196,0.3020486,5.694074
0.6280408,4910.1416,1.3161546,10.449976,0.2747143,-0.36899683,4.8052063
0.62195575,5336.2393,5.415073,10.348216,1.6891863,-0.403286,5.710642
0.6328377,4808.675,0.20270988,10.487227,-1.5959795,-1.3009154,4.3329773
0.5948075,6202.303,1.1406872,9.719346,0.13163091,1.6711669,5.0749097
0.5991273,7117.8525,0.2650997,10.093353,-1.3276492,-1.4085188,5.2434726
0.62453794,4897.286,0.08262419,9.649016,-2.4934528,1.545038,4.331608
0.6335736,4713.167,0.042702273,9.828554,-3.1535032,1.4229699,4.2428603
0.62314373,5245.6177,1.4824033,10.467773,0.39366466,-2.7799234,5.485221
0.61716366,5052.198,1.5999569,10.695242,0.4699767,-0.40363005,5.464796
0.62206525,5096.1045,0.39343348,10.557603,-0.93284327,-1.5003097,5.7329793
0.6327421,4947.5166,0.06149243,10.417559,-2.7888412,-0.20307131,5.610194
0.64121723,4254.042,0.017623076,10.460159,-4.038546,-0.005327524,6.649396
0.6390852,4344.6807,1.2650963,10.420912,0.23514828,0.9133043,4.104785
0.5872099,6991.2188,0.10916076,9.856038,-2.2149336,-0.82378775,6.627423
0.5834621,7284.7046,0.18007985,9.814327,-1.7143549,-1.1944846,6.5311527
0.60383743,7270.84,0.56445885,10.305769,-0.5718878,-0.0092499405,4.751503
0.5939075,6472.2466,0.1052467,9.440275,-2.2514482,-1.4069343,5.963531
0.60759443,6356.1953,4.2923336,10.388835,1.4568305,2.4551926,4.1087813
0.6199023,5087.892,0.105112165,10.595634,-2.2527273,-1.7283669,4.8188167
0.6236415,5183.914,0.50435144,10.469061,-0.6844819,-0.70654786,5.0376077
0.64276975,4465.8896,0.46560794,10.146734,-0.76441133,-0.083645195,5.5582237
0.6421872,4453.1357,0.44968015,10.138744,-0.7992187,-0.15844923,5.6716013
0.6145976,5606.9263,1.7094512,9.893665,0.5361724,0.72686684,4.597714
0.62508494,4272.9546,0.22006306,10.657657,-1.5138412,-0.745084,5.836632
0.61389995,5656.226,0.0580959,10.570609,-2.8456602,-0.4503799,4.423628
0.5900922,4587.715,1.7956896,10.941511,0.58538914,0.55666757,6.0768394
0.5918549,5482.8037,0.05811,10.894911,-2.8454175,-0.44101727,4.502903
0.5944328,5581.9897,0.042616896,10.953631,-3.1555045,-0.69708467,4.600781
0.5919589,5662.2207,0.05390454,10.956788,-2.9205406,-0.5539173,4.66446
0.5994799,5792.1914,0.049814377,10.828073,-2.9994516,-0.33810353,4.4031625
0.60318136,5279.689,0.14840649,10.819719,-1.9078002,0.44036737,5.013768
0.6118882,8746.795,1.2729921,10.536703,0.24137014,-0.16868986,5.0667586
0.60911626,6192.9736,0.07887885,10.570129,-2.5398421,-0.14558955,6.270706
0.6425468,4596.3315,1.1865888,10.178982,0.17108263,0.34225535,4.2806444
0.65955615,3876.871,0.084438816,10.379677,-2.471728,-0.527951,6.7843037
0.64157665,4376.3857,6.464284,10.314595,1.8662922,-0.01869702,4.118693
0.6261538,5270.6865,0.14522761,10.165288,-1.929453,0.41350356,5.7688136
0.62429005,5279.8374,0.14060175,10.163917,-1.9618238,-0.7100774,4.59138
0.6297505,5008.5605,0.020433951,9.685889,-3.8905575,-0.753752,5.3334584
0.6138037,5219.797,14.906339,9.6814,2.7017865,0.91695225,5.141412
0.60659266,5465.279,7.164541,9.586364,1.969144,1.8182613,4.8856716
0.6102165,5372.571,6.8220663,9.700245,1.9201624,1.9607646,5.2662544
0.6249864,4995.9814,0.32934427,10.459971,-1.1106516,-0.24996682,5.341183
0.61758643,5405.853,0.60173035,10.501453,-0.5079459,0.20621155,5.5786653
0.608892,4979.9424,0.2248488,10.73491,-1.4923271,-1.0896744,4.8536315
0.6211628,4825.423,0.13641176,10.604889,-1.9920774,-0.25487104,4.999537
0.6255073,5612.869,19.274002,10.397951,2.9587572,-1.5920222,5.129834
0.6234451,5264.5605,5.0579414,10.542376,1.6209595,-1.5783539,5.1723895
0.6233325,5182.159,4.840507,10.5498905,1.5770195,-1.4929826,5.1220937
0.61935216,5452.626,1.6512066,10.359468,0.5015063,0.57121056,5.3468003
0.6120128,6195.6035,0.093611345,10.243654,-2.3686037,-0.38543716,5.7278366
0.61246884,4898.5645,1.1601368,10.694996,0.14853798,0.43169168,4.678
0.6111986,6322.4,1.1601217,10.286705,0.1485249,0.41146448,4.8739038
0.60772115,7168.405,0.057922397,10.337152,-2.8486512,1.0449004,6.2135396
0.6151979,6263.0674,0.032399204,10.457223,-3.4296215,0.5310821,6.0945277
0.5917879,6380.9346,5.604273,9.702544,1.7235293,0.07609969,4.5944395
0.59031343,6353.272,4.143474,9.601912,1.4215345,0.04859279,4.830119
0.62840533,5168.304,0.31448737,10.036483,-1.1568114,-0.3445128,4.965928
0.6313449,4719.347,0.011423691,10.235538,-4.472066,0.6406268,4.4161844
0.6279609,4877.967,0.10789725,10.111917,-2.2265759,0.43071234,4.765269
0.6158725,5551.6055,0.14747667,9.791756,-1.9140853,0.4750593,4.0352364
0.5864601,7637.078,1.3045398,10.08775,0.26585034,0.25612843,6.850184
0.61533785,5707.955,0.68652844,10.190732,-0.37610766,0.17305426,5.3922024
0.5852106,6919.5205,0.17297193,9.853994,-1.7546259,-0.19726416,5.2555504
0.63163054,4252.7886,0.1364205,10.501264,-1.9920132,0.46155342,5.477712
0.6367681,5046.4355,0.04549005,10.023059,-3.0902617,-0.14998311,5.8707657
0.6169399,5772.375,0.06601026,10.362349,-2.717945,1.0103768,5.557609
0.60925037,5848.826,0.00084824953,10.5567255,-7.0723357,0.35717025,5.3396606
0.6204422,5244.743,0.032431036,10.639692,-3.4286394,-1.8904805,5.2894826
0.60280234,5492.789,0.5817194,10.782063,-0.5417671,-0.9668642,5.4224358
0.64252067,4423.7,0.04743819,10.1789665,-3.0483277,0.7495988,5.1851807
0.63525385,4684.459,0.08377234,10.264291,-2.4796524,0.817699,5.694072
0.63141614,4654.832,0.7970619,10.421942,-0.22682291,-0.52433276,4.893599
0.63353586,5117.809,1.8180598,10.250456,0.5977699,-2.1553307,4.998762
0.62635994,5289.1665,6.4408455,10.284757,1.8626598,-0.5154264,5.8700504
0.6238899,4004.927,0.037175264,10.732575,-3.2921116,0.18185662,4.8641276
0.6255847,4043.976,0.020631324,10.715165,-3.8809447,-0.27802566,5.349217
0.62365764,5014.2466,12.986638,9.50414,2.563921,0.24801975,5.44477
0.59721893,5197.657,0.018184477,10.776319,-4.007187,-0.25049514,5.107084
0.6031149,5396.122,0.034069244,10.875984,-3.3793602,-0.41929147,5.460766
0.6003133,6159.449,0.2813609,10.777692,-1.2681171,-1.0155425,5.4329996
0.61956203,5603.3,9.271946,10.239737,2.2269933,0.41241255,4.9900417
0.61815727,5645.3853,0.52068824,10.437617,-0.6526038,0.93021744,5.441204
0.5914706,5153.3564,0.050707035,10.906907,-2.9816906,-0.20312607,4.952497
0.61306596,4694.074,0.9522902,10.763595,-0.048885476,-2.4115212,5.11554
0.6049892,6513.8623,0.6249762,10.283108,-0.4700417,2.3913674,6.044936
0.628249,5201.707,0.6924726,10.240592,-0.36748663,-2.3082483,4.3266287
0.6270098,4455.6216,2.514154,10.631711,0.92193633,-1.6506771,4.5589795
0.6192248,5562.769,0.35155717,9.485248,-1.045383,0.7619042,7.110779
0.6113687,4700.6177,0.6034603,10.736925,-0.50507504,-0.93362385,4.4589386
0.6115555,5375.0913,2.3953812,10.752995,0.87354237,-0.9298403,4.3124843
0.6050148,4923.785,0.025929559,10.7229395,-3.6523716,0.9894278,6.3594475
0.6137283,5193.559,0.5772571,10.636245,-0.54946756,0.5755089,5.2717314
0.62232506,5392.83,0.090295136,10.277251,-2.4046717,-0.3805073,4.5838995
0.62263227,5325.2236,0.09044753,9.901609,-2.4029853,-0.42446145,4.4041944
0.61927676,4952.229,2.6451626,10.582466,0.97273254,-0.19735906,6.053817
0.63345027,3860.1,1.1123486,10.647168,0.10647354,0.0046526366,7.352666
0.63463765,4074.2214,0.33383772,10.521587,-1.0971003,0.5566995,7.3997326
0.654413,4273.1787,0.42508364,10.074171,-0.85546935,-0.58615005,3.9995546
0.60375786,6019.863,2.505533,10.798706,0.9185015,-1.0206211,6.4962387
0.625267,4959.2705,0.04033242,10.428058,-3.2105997,1.3063064,4.98764
0.6173794,5732.9756,3.5104477,10.049178,1.2557436,-0.6744058,5.6425095
0.61345124,5545.208,3.4731746,9.877385,1.245069,-0.5402347,5.6436834
0.6101358,6334.9604,0.080797784,10.688578,-2.5158057,0.71582747,4.957956
0.6335849,4690.0107,0.35489848,10.507092,-1.0359235,-0.9994077,5.319062
0.614507,6300.711,0.30666617,10.493162,-1.1819955,1.2262341,6.202978
0.61825824,5443.611,4.769436,9.5797825,1.5622281,0.36727953,5.433988
0.6216555,4889.286,10.667546,9.57754,2.367206,0.72795,5.5907273
0.61237764,5395.8555,3.2351313,9.44923,1.1740695,0.857376,5.754885
0.62657297,5208.4424,0.5291349,9.954294,-0.63651186,0.12674443,6.5471535
0.6215958,5226.434,1.8122481,10.051186,0.59456813,3.5987537,6.1148977
0.634059,4594.6084,0.35070968,9.970053,-1.0477965,1.9153886,5.6843066
0.634059,4594.6084,0.35070968,9.970053,-1.0477965,1.9153886,5.6843066
0.6110257,5996.889,0.25909433,10.739249,-1.350563,-1.7700638,5.5072827
0.6303391,4820.924,0.95665467,10.048635,-0.04431279,1.5699819,4.807381
0.62637424,5239.921,1.224571,10.425828,0.20259061,-1.4313068,5.094947
0.61510414,5665.6064,0.8367847,10.37942,-0.17818846,-0.15321504,6.3656154
0.6065297,5925.4653,0.16596162,10.126694,-1.7959987,0.32323232,4.5732203
0.6090726,6055.504,0.12501496,10.113428,-2.0793219,0.5175495,4.734777
0.6191944,5539.02,7.5706153,10.160302,2.0242743,-0.1563809,4.798129
0.60041434,6022.9077,25.828098,10.123334,3.251463,0.5309261,5.0134153
0.5948816,6631.425,1.9055288,10.003639,0.64475954,0.96271396,5.582031
0.6130117,5748.7896,0.17633721,9.962683,-1.7353572,0.23628129,4.9752507
0.6050395,6346.627,0.4573428,9.983656,-0.78232205,-0.49242136,4.414381
0.6167278,5854.154,0.19387102,10.118446,-1.6405622,-1.0760444,4.06624
0.6027696,6580.2197,0.044735275,10.021098,-3.106993,-0.4237438,5.4132752
0.6230713,4662.786,0.0054681464,10.514029,-5.2088156,-0.27617648,5.3678865
0.6234819,4727.0337,0.006202879,10.445678,-5.0827417,-0.24848846,5.498782
0.6185846,5491.0933,1.2777998,10.4512205,0.24513973,2.0708215,5.759799
0.6132588,5420.855,1.8506116,10.441748,0.6155162,2.378342,5.3001914
0.6146387,5322.8184,1.7146075,10.401771,0.5391842,2.239299,5.22261
0.6250572,4878.997,2.285661,10.446458,0.8266552,1.2402195,5.3282623
0.594975,7356.1616,0.00989831,10.137125,-4.6153913,0.23126271,5.0783176
0.57963145,7342.1523,0.027624955,9.8398,-3.5890357,1.0538266,5.5581555
0.63004833,5088.115,4.134333,10.223578,1.4193261,0.2767159,5.2560816
0.6214967,5294.1787,0.0531902,10.180461,-2.933881,0.5516014,5.113158
0.6178977,5741.01,18.122704,10.428138,2.8971655,0.8533472,5.34478
0.61135566,5213.593,0.0058502853,10.684124,-5.141265,-0.5844162,5.154521
0.6015929,4221.214,0.3710472,10.841803,-0.991426,2.4138765,5.0163693
0.6021659,4243.366,0.4958247,10.7811985,-0.70153284,2.5246656,5.1805906
0.6153051,4017.5933,1.4052545,10.796439,0.34021842,1.5101963,4.963467
0.6153051,4017.5933,1.4052545,10.796439,0.34021842,1.5101963,4.963467
0.61688256,4914.927,6.9974666,10.674269,1.9455482,0.602123,4.4806986
0.607939,4839.878,5.042783,10.787626,1.6179581,0.4859886,4.077258
0.6139051,5472.751,14.410451,10.707452,2.6679537,-0.240031,4.3046007
0.6528059,3833.5054,0.011737652,10.395928,-4.4449534,1.2109568,6.2749166
0.6376492,3867.7239,0.12771752,10.576259,-2.0579343,1.1711944,6.0206256
0.62237966,5245.1953,0.062800154,9.99682,-2.7677977,-0.108642176,5.3922176
0.6326308,4927.694,0.030277312,10.246373,-3.4973567,-0.4103071,5.1351657
0.61112785,5566.005,7.0669694,10.686896,1.9554317,1.6947725,4.9296427
0.62844867,5247.07,0.057151396,10.344444,-2.8620515,-1.2681215,5.313944
0.5993164,6605.375,1.4024315,10.005173,0.3382075,-0.9389579,5.6736665
0.65236366,4135.016,0.012941263,10.089675,-4.3473344,-0.042990994,4.43309
0.64217824,4336.939,0.017221522,10.081853,-4.0615954,0.5303708,4.695086
0.62996936,5037.382,0.09073341,10.226128,-2.3998296,-0.23371537,5.4901237
0.6132305,5990.709,0.9531904,10.372793,-0.0479406,0.4623998,4.8852687
0.6334833,4268.421,0.27812403,10.55484,-1.2796881,-0.25175545,5.308253
0.6148303,6024.2734,0.05334241,10.619557,-2.9310236,-2.4414384,4.942079
0.6348899,4092.3223,2.6099973,10.528492,0.9593492,2.5541542,5.603335
0.623316,5470.812,0.77066827,10.287074,-0.26049727,-0.19135718,4.169055
0.6148716,5874.0444,0.3921104,9.9991,-0.9362118,-1.2381399,4.215747
0.6067196,6003.1064,0.60947204,10.128841,-0.4951622,1.6218923,4.815984
0.6320858,4723.9546,1.3901048,10.265524,0.32937914,1.1793016,6.1208096
0.62377757,5179.3706,0.44177768,10.367025,-0.81694853,-1.7717603,4.6281176
0.6367877,4565.4536,0.06823439,10.351234,-2.6848066,1.1322303,5.588479
0.64232343,4581.9126,2.8007455,9.976214,1.0298856,0.081159584,6.4128575
0.6335591,3233.6177,0.31166977,10.870888,-1.1658111,-0.5825927,5.756078
0.6338446,3506.9243,0.26011914,10.773931,-1.3466156,-0.32532746,5.738781
0.5727161,7426.2993,0.065247655,9.631449,-2.7295651,0.21872449,4.3967566
0.56630987,7468.5664,0.055512574,9.647191,-2.8911457,-0.5835721,4.2536097
0.58787715,6511.9907,0.9819788,9.562291,-0.018185562,0.6888307,5.1802883
0.591355,6254.6416,1.6451397,9.466247,0.49782526,1.181548,5.30909
0.59408164,6979.7354,0.2160786,9.978425,-1.5321131,1.3207011,5.3529406
0.6104857,5989.7373,1.6611066,10.006746,0.507484,-0.59355015,6.4819965
0.61021566,6512.1816,0.08023642,10.603516,-2.5227778,0.63349164,4.265255
0.6076513,6376.0806,0.5899535,10.126969,-0.5277116,-0.6203588,5.736329
0.62035835,4731.9873,0.102541566,10.527228,-2.277487,0.083238825,4.5973115
0.60849875,5518.071,0.062404897,10.648024,-2.7741115,-0.12250797,3.77264
0.62147456,5467.251,0.08740645,10.255986,-2.4371862,1.3916055,5.0812154
0.6107554,5636.3813,0.7014928,9.735258,-0.3545447,-0.54822606,5.051296
0.61404675,5912.075,0.35225278,9.9743185,-1.0434062,-0.2446943,4.6570888
0.6206751,5630.8027,0.11532833,10.327436,-2.1599722,-1.803852,4.869064
0.6178267,5545.298,0.10209133,10.329232,-2.2818875,-1.5349267,4.900017
0.62578297,4653.2314,0.23278432,10.468389,-1.4576429,-1.1248201,4.7329063
0.610622,6915.884,0.31990775,10.440858,-1.1397226,0.93638456,5.6402802
0.6073575,5978.4565,0.14562517,10.432925,-1.9267193,1.0122837,5.0046563
0.6206541,5762.5327,0.9468128,10.47811,-0.054653868,-0.9541865,5.2202096
0.61427486,5479.758,0.25317156,10.052859,-1.3736879,0.80674434,5.344177
0.5895599,6489.8604,3.7952707,9.557111,1.3337557,-0.74856776,5.208029
0.6096789,5603.9634,0.6460066,10.619959,-0.43694556,-0.07612279,4.5796967
0.61877793,5401.602,0.77683556,9.997016,-0.2525266,0.11273897,5.903119
0.6146598,5569.252,0.6269195,10.021746,-0.46693707,0.94967383,6.628085
0.5901216,6877.6807,0.43148485,9.951203,-0.8405229,-0.9909357,5.1605043
0.5958496,6242.2944,0.094726436,9.705115,-2.3567622,-0.6506091,4.7608747
0.62219024,5204.979,0.21470009,10.485381,-1.5385132,0.81399643,6.5151052
0.6181296,5487.7627,6.971822,10.531622,1.9418765,0.11566643,4.680245
0.63352036,4004.6616,1.5123469,10.61263,0.41366264,0.9605175,4.844712
0.63352036,4004.6616,1.5123469,10.61263,0.41366264,0.9605175,4.844712
0.6377886,4590.335,0.70642436,10.293206,-0.34753913,0.06061981,5.3121214
0.6331548,4721.8843,0.5135005,10.390228,-0.6665042,-0.53709,5.310025
0.6200957,4098.237,0.4672696,10.720757,-0.7608489,0.8548494,5.042241
0.6252034,4601.7793,0.06844278,10.571856,-2.6817572,0.13000722,4.943063
0.62460506,5394.9414,8.696397,10.186869,2.1629088,0.28988257,4.8501306
0.6160011,6071.5493,0.045893133,10.349382,-3.0814397,0.11212573,5.87641
0.59617364,5057.1934,0.83279777,10.921816,-0.18296447,-0.9465474,4.231866
0.61674935,5686.132,0.1561676,10.416978,-1.8568255,2.3547897,5.961093
0.59897995,6145.0586,0.021110967,9.903453,-3.8579626,0.9131313,5.1529474
0.60708857,6145.2593,13.664734,10.091732,2.6148183,-0.75337636,4.9237795
0.6085562,5976.2144,40.774326,10.331411,3.7080526,-0.24457093,5.0399394
0.6226785,5390.782,2.0069253,10.449404,0.6966039,-0.8151022,5.2246275
0.6268968,4887.177,0.09501854,10.494222,-2.3536832,-2.3438547,5.7541027
0.6170029,5573.018,0.48599058,10.174535,-0.721566,0.19607137,5.672228
0.61448634,5046.6914,0.23224792,10.535545,-1.4599499,0.79111546,6.250945
0.6143279,5452.015,0.8867021,10.431134,-0.12024619,1.0367196,6.135007
0.6216881,5378.3286,0.25461683,10.176596,-1.3679955,-1.4924022,4.5664353
0.61667925,5770.6436,0.2964041,10.431643,-1.2160316,-1.4399576,4.7224665
0.61083573,6145.424,0.47112238,10.076716,-0.7526374,1.609809,6.085394
0.6297176,3697.4917,0.22483912,10.704206,-1.4923701,-0.09256521,5.0257144
0.6148206,5587.713,0.5316511,10.568471,-0.63176787,0.9086311,5.0421658
0.61412984,5392.8667,0.65271574,10.655576,-0.42661357,0.73502856,5.2625384
0.64057475,4409.796,0.07874444,10.229744,-2.5415475,-0.65002173,5.8173575
0.64319134,4196.9297,0.1595744,10.383381,-1.835245,-1.2114904,5.30325
0.6287564,4753.923,0.35241145,10.422087,-1.0429559,-1.1415595,5.67553
0.5809526,6850.824,0.7159778,9.741311,-0.33410618,2.6831055,5.146818
0.57783043,7208.759,1.3573792,9.769619,0.3055558,2.666534,5.448939
0.62603354,5185.509,0.19336753,10.104763,-1.6431626,-1.0890273,5.5083585
0.6101416,5702.2036,0.005047517,9.831845,-5.288859,-2.2789686,6.105499
0.60983604,5460.2764,3.4696772,10.638088,1.2440616,2.8552685,4.5939827
0.60897136,4874.5796,7.7617064,10.837727,2.0492022,2.2226264,4.748529
0.6107015,4915.2056,2.8721673,10.744658,1.055067,2.1687412,4.58246
0.60712445,4433.173,1.3565625,10.784237,0.30495393,1.9113188,4.931717
0.60710317,6255.9395,1.2049716,10.127978,0.186456,0.083005406,4.588092
0.59579545,6415.1035,5.475958,9.924813,1.7003672,-0.59216905,5.8582087
0.6070316,6516.575,0.51337874,10.137956,-0.66674143,0.9148766,4.9836154
0.6228367,5306.895,0.106054634,10.315128,-2.2438009,-0.23973326,4.8041787
0.6181618,5555.9375,0.06205931,10.322494,-2.7796648,-0.1651469,4.2655067
0.6194316,5399.035,0.049460962,10.518263,-3.0065715,0.5082197,5.0398817
0.6139313,5879.7627,2.3087814,10.064543,0.8367199,-0.16827852,5.487215
0.6241351,4629.169,0.18677804,10.596262,-1.6778343,0.014544863,4.853475
0.59486306,6112.615,0.6733817,9.812648,-0.395443,-0.8127146,5.7164927
0.6179955,5493.2197,0.7907978,10.689225,-0.23471291,0.8120827,6.519399
0.613937,4839.7036,0.7515934,10.570363,-0.2855598,0.762623,6.7672997
0.62402725,5499.945,0.177452,10.059124,-1.7290552,0.826609,6.2777114
0.61856693,5588.8564,0.015118453,9.983935,-4.191839,2.1000564,4.445804
0.61845344,5109.124,0.019753462,10.366351,-3.9244266,2.0531762,4.446083
0.61663705,4958.241,0.12824054,10.438757,-2.0538476,2.6181433,6.2486954
0.6109115,5907.723,3.1418989,10.409828,1.1448274,0.9690925,5.661689
0.61564225,6162.4917,0.051303245,10.639121,-2.9700012,-0.32649752,5.6141005
0.6019006,6754.779,1.107873,10.104871,0.10244193,0.09910246,4.743671
0.5890707,6543.807,0.14032854,9.73617,-1.9637688,0.18461119,5.710837
0.61319274,6368.593,0.04117488,10.268531,-3.1899269,-0.0116057545,6.0461555
0.6196471,5693.5767,1.8580333,10.17835,0.6195186,0.89681,4.971917
0.6153816,5646.3,0.04836659,10.477473,-3.028946,-0.50101703,5.8023815
0.61380035,5600.951,4.4261637,10.679258,1.4875332,-0.3194831,5.384954
0.60021687,5970.6904,0.20023373,9.73819,-1.6082699,0.28575277,5.4832153
0.61596817,4530.2134,0.66343063,10.800567,-0.410331,-0.22946292,5.22068
0.6079377,7663.6797,0.25874418,10.590781,-1.3519155,0.5225559,5.6869364
0.63271296,4784.9697,0.35113674,10.111693,-1.0465796,0.019330323,5.4438705
0.6479391,4081.052,0.023829961,10.377622,-3.7368116,0.15589775,6.185184
0.59846056,6897.346,1.694921,10.279495,0.5276362,-0.42317328,4.6448455
0.60297096,6990.7485,1.5754634,10.243871,0.45454946,-0.37788793,4.628216
0.6114781,5862.0107,0.2318128,9.834281,-1.4618251,1.0262424,5.865006
0.6026667,5904.6064,0.009916219,9.913233,-4.6135836,0.57218295,6.4415007
0.62558866,4491.175,0.0488699,10.560121,-3.0185935,0.5066884,4.9764957
0.62975734,5021.491,4.4647565,9.933614,1.4962146,-0.40767187,5.426339
0.63331246,4921.6294,3.4834523,9.9946785,1.2480239,-0.40044653,5.117288
0.61400855,5507.4946,13.49872,9.899704,2.6025949,-1.178969,4.638678
0.6059977,5891.6562,0.01903737,10.475737,-3.9613514,0.83428407,6.5088744
0.6201535,5886.811,0.003508924,10.444128,-5.652446,0.18484661,6.5894966
0.6129159,5667.101,2.4056108,10.106399,0.87780386,0.36648613,5.884225
0.6355028,4777.1973,0.13747452,10.227718,-1.9843167,0.94237494,5.2872715
0.6197456,5427.5854,0.024951087,10.202623,-3.6908379,-0.7814986,5.5101705
0.59974957,6734.2124,9.727934,10.072992,2.2750015,1.2885416,5.3974676
0.6279045,4504.914,0.026593916,10.414225,-3.6270728,-0.13229236,5.4883213
0.63379997,4841.6865,0.03477857,10.496571,-3.358754,-0.79252386,5.7920694
0.62885284,5115.808,0.5256601,10.349166,-0.6431005,0.0144673055,5.410811
0.63004094,4894.447,0.66527045,10.251456,-0.40756163,0.25817376,5.18384
0.6386148,3981.9272,1.1245598,10.62718,0.11739161,-1.0646644,5.5971413
0.61400527,5670.2935,0.18746346,9.846142,-1.6741713,0.65408355,5.140999
0.63845414,4486.665,0.4128943,10.232145,-0.8845636,0.28354067,5.966041
0.6226573,8106.681,0.2055628,10.795291,-1.5820037,0.07775075,4.482367
0.62825745,5080.4165,0.7103611,10.189676,-0.34198186,-1.0418309,6.1059556
0.6086551,6281.482,0.1468334,10.365079,-1.9184567,0.81315553,4.236468
0.6170804,5675.425,1.8164747,10.020756,0.59689766,-1.577756,6.0137987
0.61286426,6575.214,0.8077187,10.515629,-0.21354142,-1.1531157,6.239971
0.6388482,4333.845,0.46862328,10.371697,-0.7579561,1.0441512,4.9374204
0.6234121,5281.1787,0.04359989,10.021386,-3.1327007,-0.09644355,5.6744347
0.62179494,5453.302,3.962322,10.29332,1.3768302,0.43235692,4.3234873
0.6197579,4545.3027,0.009107639,10.668158,-4.698642,-0.48867932,4.3731813
0.6285752,5132.829,17.165989,10.169593,2.84293,-0.3221139,6.1279125
0.63275075,4491.2173,0.0136405835,10.475726,-4.294706,0.511186,4.250036
0.63193953,4540.2354,0.025536776,10.455594,-3.6676357,0.056313388,4.184346
0.62510437,4280.8975,0.79069924,10.634569,-0.2348376,0.24592286,4.5276427
0.62510437,4280.8975,0.79069924,10.634569,-0.2348376,0.24592286,4.5276427
0.60544395,5882.4927,0.06875097,10.73065,-2.6772645,-0.30230796,5.913801
0.61591744,7564.2725,0.15499677,10.629983,-1.864351,-1.2613736,4.837864
0.59033084,6296.201,2.179009,9.451084,0.77887017,2.583966,5.71113
0.5877874,6282.581,1.8386195,9.375285,0.609015,2.898675,5.3699217
0.6355595,3264.5908,0.05094822,10.827769,-2.9769454,-2.6684222,5.445172
0.6327445,3753.8997,0.061088547,10.776658,-2.795431,-3.1994433,5.231341
0.6327445,3753.8997,0.061088547,10.776658,-2.795431,-3.1994433,5.231341
0.59412754,6464.2036,2.9141934,9.936501,1.0695931,2.1158476,5.0223336
0.59194493,6392.207,12.668375,9.979049,2.5391088,1.2542021,4.37835
0.58993644,6323.5723,26.23378,9.975781,3.267048,0.6939057,4.513626
0.58803654,6613.397,3.4852247,9.682258,1.2485325,0.056978446,4.8061757
0.5763906,7311.212,0.5018327,9.675074,-0.6894885,1.1286155,4.818796
0.6308566,4384.5503,0.28562558,10.485979,-1.2530735,-1.0083622,5.765748
0.60877657,6013.583,0.77823246,10.377063,-0.25072998,0.36286694,6.055612
0.6198586,5714.019,2.1910875,10.400131,0.784398,1.4881934,4.8786597
0.6228419,5415.7026,0.31985873,10.27251,-1.1398759,-1.0094249,5.5724745
0.63629156,4295.9683,0.22532868,10.50258,-1.4901952,-0.2700146,5.5156913
0.63668096,3785.7026,0.7617887,10.673345,-0.27208602,0.1935177,5.3229647
0.64442366,3461.856,1.3915632,10.7334585,0.3304277,0.22268376,4.846236
0.64442366,3461.856,1.3915632,10.7334585,0.3304277,0.22268376,4.846236
0.64442366,3461.856,1.3915632,10.7334585,0.3304277,0.22268376,4.846236
0.6387765,3657.929,1.7077105,10.641823,0.5351536,-0.15495586,5.2352366
0.63300365,4880.9175,0.07804936,10.06671,-2.5504138,-0.8363912,5.2251368
0.6237458,5318.9106,0.4154181,10.293072,-0.8784698,-0.40470424,4.987174
0.62121874,5424.6406,0.5544717,10.178335,-0.58973956,-0.061871875,4.9122024
0.63613516,4613.4116,0.34256795,10.237394,-1.0712852,-0.38965338,5.545405
0.6032358,5971.19,0.64989275,10.710432,-0.43094793,-0.9266821,6.578992
0.61862725,5515.3643,0.257287,10.024876,-1.3575631,-0.17490965,6.2847347
0.64570713,4356.7046,0.07395876,10.269514,-2.6042476,0.5205774,4.5141134
0.64772713,4164.827,0.9552623,10.366291,-0.045769345,0.28325057,4.6814594
0.5971383,7590.436,0.072484486,10.209002,-2.6243827,0.046577554,6.31306
0.5962157,6354.8467,0.09878492,9.886373,-2.3148103,0.15755896,5.712784
0.6083364,6083.304,0.6090658,10.054823,-0.495829,0.78117985,4.70551
0.64825153,4014.3267,0.22578254,10.44433,-1.4881829,-0.7227123,5.779709
0.5926466,6738.1265,0.34390295,9.960621,-1.0673958,0.7846653,4.661296
0.6094651,6094.143,0.24809231,10.061793,-1.3939544,-0.32987803,5.4232206
0.6132647,6099.08,0.40328082,10.117467,-0.9081221,-0.53648305,5.390156
0.61126465,5734.2524,0.4130141,10.401161,-0.88427347,1.4586223,5.056601
0.63058174,5107.2,0.36823243,10.195981,-0.9990409,-1.4103109,5.3567095
0.6275379,5332.147,0.7908449,10.11828,-0.23465341,-1.2738839,5.3936806
0.6255965,5162.452,3.4948637,10.362051,1.2512944,0.14525501,5.4554157
0.6257267,5558.303,18.18774,10.400259,2.9007478,0.2874747,5.797669
0.61102426,5651.9194,0.08941907,9.667728,-2.4144213,-0.63236743,4.623039
0.624911,5235.222,0.19145632,9.9906845,-1.6530956,-0.31985384,4.2594733
0.629474,5090.7046,0.22938406,10.083267,-1.4723575,0.5035628,4.309769
0.60644644,5891.663,0.35809785,10.525798,-1.026949,2.741945,4.655612
0.6096157,5899.1753,0.40932462,10.501238,-0.89324677,2.8623278,4.691036
0.607234,6142.9766,0.84986985,10.765764,-0.16267203,-0.071907744,4.3692436
0.62961704,5182.195,0.27891496,9.900889,-1.2768483,1.1163678,7.240786
0.61495066,5475.236,14.892382,10.628123,2.7008498,0.13268927,6.2638063
0.6107029,6032.994,1.1427283,10.48944,0.13341865,0.2035513,6.0407276
0.6154134,6138.1094,4.523516,10.62017,1.5092896,-0.9041275,3.8990057
0.613289,6163.5215,0.19775549,10.317778,-1.620724,1.0398993,7.4860373
0.6156184,5905.761,0.14981349,10.31518,-1.8983642,1.0445434,6.7229447
0.6110025,5624.9395,0.1893569,10.661533,-1.6641217,0.47721288,6.1377916
0.61394864,5226.5415,0.13956633,10.53687,-1.9692153,1.5258223,6.2509375
0.6127621,6215.319,0.08248999,10.373089,-2.4950783,-0.09560239,5.2953434
0.6185036,5507.4023,4.957964,10.427337,1.6009952,0.34516552,4.959635
0.5797451,6986.9834,0.068991624,9.593423,-2.6737702,0.33403116,5.458783
0.6140673,6124.749,1.5795077,10.43318,0.4571132,0.8695618,5.730633
0.6181909,5284.8677,0.9016211,10.423047,-0.1035609,-0.36484075,4.477814
0.6091255,5656.8037,0.77393484,10.475292,-0.25626758,2.5718248,4.86466
0.6148391,6021.532,0.7609164,10.615771,-0.27323174,0.7241248,5.8546133
0.6127795,6181.2417,1.146916,10.494679,0.13707663,0.81398225,5.864731
0.6087459,6221.575,0.8781116,10.481001,-0.1299816,0.70504296,5.797861
0.6318589,4774.8975,0.15473989,10.294567,-1.8660097,-0.5826182,4.860649
0.6131706,5900.868,4.901115,10.402571,1.5894628,-0.119761154,6.459008
0.6194904,5880.691,0.8667535,10.179887,-0.14300065,-0.5881258,5.695176
0.63902235,4021.7173,0.19137192,10.414217,-1.6535366,0.26500043,5.07943
0.60865366,5738.4775,1.4960269,9.984908,0.40281284,0.451238,5.0785303
0.60876185,5999.0947,1.1104625,9.913987,0.1047766,0.61070234,4.585091
0.6344674,4688.1494,0.61710536,10.002504,-0.4827155,0.70621884,5.219433
0.63237363,4776.876,0.020899132,9.992785,-3.8680477,1.0797879,4.4348707
0.6408342,4624.5376,2.3222148,10.186395,0.84252137,-0.49932373,7.494407
0.61190915,6084.8564,0.05613363,10.415789,-2.8800201,0.45959905,3.5793004
0.61408836,6351.945,0.057080623,10.295118,-2.8632905,0.10528492,3.8293893
0.6039927,6042.457,0.02920046,10.020028,-3.5335708,-0.123171896,6.0499077
0.6181689,5361.54,0.23010507,10.029498,-1.4692192,-1.4960179,5.7703648
0.62897146,5034.162,0.023770396,10.430215,-3.7393143,0.17255326,6.3584347
0.6414954,3862.3347,2.2329428,10.594965,0.8033204,1.3191072,6.551002
0.62298876,5295.7305,0.22363313,9.958696,-1.4977484,-1.2117846,3.9710128
0.62767875,5389.771,0.8222412,10.17897,-0.19572155,-1.9405403,4.211827
0.61626613,6332.6455,0.5596814,10.3519945,-0.5803876,-1.5131328,4.2803335
0.6170937,4931.4463,0.0032366628,10.518012,-5.7332125,1.1057875,4.766233
0.61908,5316.4897,0.0045262002,10.326607,-5.3978724,0.24457775,4.488847
0.61529803,5669.5566,0.013114475,10.337224,-4.3340387,0.1347439,5.4336104
0.6263391,5096.9404,0.01865576,10.380274,-3.9816003,-0.23130748,5.485053
0.623031,5301.073,0.020665554,10.27634,-3.879287,-0.08616173,5.5713224
0.6130402,5439.284,1.7754877,10.649322,0.5740751,-0.32881293,4.8045774
0.6092727,5722.428,0.36791605,9.761494,-0.9999005,1.1735443,5.1840305
0.59303474,6274.1284,0.01690837,9.459902,-4.0799465,-1.217327,4.9845834
0.5833952,7106.591,0.1575904,9.646128,-1.847756,-1.0660521,5.3791213
0.60747313,5530.473,2.4227018,9.56856,0.8848834,0.25777012,5.5370784
0.6220417,5166.9165,0.24922429,10.036119,-1.389402,0.596982,5.4685616
0.6160354,5468.9995,0.45485222,10.195878,-0.7877827,0.5217307,6.1148148
0.61685306,5891.586,0.36741576,10.269555,-1.0012612,0.9777225,5.8645906
0.61757654,5941.6323,0.22205728,10.444623,-1.5048199,-1.4841748,5.272879
0.61704755,5574.343,0.64053965,10.345405,-0.4454443,-0.21213028,5.3461704
0.62310207,5653.715,1.3880776,10.208571,0.32791978,-0.09628814,5.676096
0.6144569,5773.809,12.771531,10.445011,2.5472186,-0.26245117,5.5499835
0.62004566,5836.082,18.342993,10.287945,2.9092476,-0.16295661,5.801142
0.6232929,5464.278,0.32366,9.964767,-1.1280618,-0.24618044,6.867806
0.6218739,5551.9043,0.040780574,10.103204,-3.1995494,0.19386029,6.651582
0.60601825,5017.9233,3.6606839,10.7318735,1.29765,0.29964092,4.2071285
0.59669393,5072.9775,2.3339095,10.869394,0.8475447,0.7592618,4.3479557
0.60803545,4818.9834,4.600781,10.767368,1.526226,-0.21930921,4.3415565
0.6321867,4741.0024,0.41849518,10.394062,-0.87108994,0.12759729,5.491367
0.6430166,4173.2715,0.070767395,10.422664,-2.648357,0.7633981,5.9114094
0.6337287,3980.4648,6.8429117,10.732969,1.9232134,0.21333644,4.8791676
0.6317985,4123.3013,6.352753,10.699469,1.8488883,0.05961729,4.8980284
0.62978125,4795.2334,0.06789596,9.682677,-2.6897788,-0.04538635,5.4471474
0.6019916,6153.6123,0.6105509,9.890646,-0.4933936,-0.06834439,4.444399
0.60197276,6164.942,0.20600866,9.9565525,-1.5798371,0.3699981,4.902804
0.61010784,6510.668,1.6857876,10.225794,0.52223283,-0.1384499,4.827627
0.60588115,6018.259,5.7335176,10.112445,1.7463292,0.39378077,4.92525
0.6092667,6861.3975,1.0296819,10.5854435,0.029249994,0.94312894,5.6301236
0.608755,7125.3765,0.04165,10.492833,-3.178454,0.92532057,6.016654
0.62720156,5193.2373,1.1226126,10.268401,0.115658596,-0.54232955,4.2117825
0.655352,3772.2175,0.23541589,10.388047,-1.4464016,-0.027832773,6.8016634
0.6571621,3964.69,2.135014,10.268782,0.7584732,-0.34738994,6.434181
0.6502592,3864.0715,0.7675318,10.48869,-0.26457533,-0.72185826,6.393839
0.6313662,4853.0483,0.38628316,9.908685,-0.9511846,0.20465861,3.9970357
0.6309358,4877.175,0.49015206,9.641365,-0.71303964,0.11518423,4.5445848
0.6078795,6697.493,0.34039664,10.801409,-1.0776438,0.34448504,5.8893957
0.60404575,6504.0317,0.42984292,10.904661,-0.84433544,-0.28938955,5.6347246
0.59616876,5217.467,0.16982481,10.82561,-1.772988,-0.41718477,6.1236873
0.59789336,5014.9404,0.9035714,10.858852,-0.10140009,0.68321365,4.8280296
0.61259216,5450.682,2.2983387,10.063795,0.8321865,0.568167,6.16166
0.62934047,5212.6455,0.23113054,10.24453,-1.4647726,1.274307,5.718359
0.62269986,5330.3076,2.6114845,10.0110655,0.9599188,0.12480152,5.7417564
0.6202024,5299.27,0.02089947,10.422969,-3.8680315,0.30338028,4.980872
0.61672556,6056.5,9.776317,10.304722,2.2799628,0.6456313,5.775552
0.63084126,4537.864,0.114921495,10.555522,-2.163506,0.10279488,5.2256308
0.601488,6226.7773,0.60819453,9.986165,-0.4972605,0.43557224,5.4352202
0.60023046,6342.9365,0.9898826,9.940945,-0.010168939,1.0240921,5.3830814
0.6010407,6564.282,0.78236747,9.898171,-0.24543072,1.2877026,5.2481804
0.5852919,7038.7593,0.35844293,10.05273,-1.0259858,0.4094168,4.8889017
0.58962655,7301.018,0.21366031,9.988708,-1.5433679,0.3991419,4.910268
0.5868233,7029.743,0.36141187,9.949577,-1.017737,0.25509268,4.9547787
0.5993714,7407.4443,0.95566916,10.168019,-0.045343515,-2.0636635,4.558038
0.6173781,5812.69,0.14554343,10.441771,-1.9272808,-1.0701923,5.231755
0.61756563,5769.31,0.40302566,10.361459,-0.90875506,-0.5330607,5.001563
0.6077824,4641.3853,0.9927149,10.739554,-0.0073117698,0.15384483,5.74805
0.6214354,5497.061,0.3525679,10.222205,-1.042512,0.47749403,5.6093054
0.62118745,5307.972,0.027771162,10.05939,-3.5837572,-0.55647135,5.581753
0.61340207,5740.472,0.20633265,9.815566,-1.5782655,0.27034175,5.9757147
0.64084965,4082.0618,0.451062,10.444515,-0.7961505,-0.51191247,4.6644974
0.6465554,4050.8706,0.22171885,10.410958,-1.5063452,-0.4437976,5.8895884
0.6235972,5442.33,0.2506432,10.157549,-1.3837249,-1.0583698,5.649481
0.62063146,5708.6455,4.7247667,10.106004,1.5528182,-0.57482976,4.571951
0.6153024,5636.2876,2.4573784,10.156482,0.8990951,-0.68081564,4.6138983
0.6234791,5646.944,5.2170725,10.248096,1.6519364,-1.0688245,4.467526
0.6159557,5729.8115,9.478936,10.378369,2.249072,-0.8791056,4.597577
0.62485975,5202.0693,0.0702332,10.313135,-2.655934,0.657706,5.8087616
0.6311935,4868.6567,0.14142781,10.026032,-1.9559659,0.31022105,5.3239756
0.6365403,4503.2505,0.6273365,10.2088995,-0.46627223,1.1469008,4.63225
0.6487015,4179.3525,0.06396108,10.347005,-2.7494805,-0.9697298,5.5532894
0.6424135,4313.992,3.803672,10.381604,1.335967,0.6812413,5.324824
0.648434,4027.735,1.0817821,10.477418,0.07860974,0.36738995,5.9238887
0.6454176,4237.0244,0.29880935,10.172419,-1.2079495,-0.30575806,4.901541
0.63902766,4627.4062,4.6220036,10.10383,1.5308282,-1.5370659,5.2376814
0.61757517,5632.167,0.013748518,10.436317,-4.286824,0.8946885,4.4458237
0.6487735,4182.493,5.5891504,9.633487,1.7208273,-1.361295,5.9652643
0.6207928,5248.796,0.008697261,10.178184,-4.744747,-1.2252584,4.7351704
0.62324584,5376.202,0.009690455,10.297957,-4.636614,-0.98041266,4.9121017
0.62440157,5450.591,0.019262264,10.04713,-3.9496074,-0.6353493,4.941762
0.62287164,5286.7334,0.009522158,9.7785635,-4.654134,-0.9086941,4.8349257
0.5997562,6546.0024,0.5661812,9.979158,-0.5688411,1.3205951,5.7016144
0.6022646,6666.849,0.6324683,9.999462,-0.45812523,1.2489506,5.606291
0.59535336,6202.6543,0.63841194,10.070451,-0.4487715,1.049119,5.406425
0.6097577,6472.1016,0.7555336,10.099901,-0.28033108,0.76290226,5.2700205
0.6038994,6068.827,0.60378397,9.885241,-0.50453883,0.33125556,4.560704
0.60427266,6239.7065,0.28871375,9.970255,-1.2423196,0.37774748,4.8766046
0.60922426,6417.9414,0.20867792,10.246536,-1.5669633,-0.40182063,5.9508514
0.60872567,6320.677,0.48943368,10.2004,-0.7145063,-0.7698846,5.443078
0.61336076,5821.245,0.20661727,10.169975,-1.5768871,1.3652763,5.5681424
0.6145611,5717.4663,1.1858506,10.404386,0.17046036,1.3613535,6.322364
0.6115678,6071.575,0.9419101,10.415765,-0.059845444,1.153292,6.7199564
0.6091184,6512.897,2.2279005,10.304329,0.80105966,-1.6164576,4.289795
0.65832186,3722.963,0.03361645,10.371038,-3.3927398,1.1098897,6.440959
0.67151165,3627.7239,0.15696049,10.041455,-1.8517612,0.95837945,4.5162525
0.63231516,4758.4536,5.94109,10.4514475,1.7818927,-0.75559676,5.6355553
0.6315992,4788.831,0.07895507,10.163161,-2.5388763,1.756865,4.617501
0.61159265,5948.519,17.922674,10.117725,2.8860667,-1.5022086,5.9878683
0.60786235,6124.0386,4.3664427,10.129977,1.4739486,-1.6108787,6.0277014
0.5924449,6434.3623,0.08404429,9.872785,-2.4764113,1.5423992,4.9025803
0.59631425,6714.905,0.029506478,9.817084,-3.5231454,-1.053691,6.032162
0.609123,6716.004,0.024893522,10.187531,-3.6931477,-0.3283844,7.166984
0.6133192,5032.991,3.277252,10.729426,1.1870053,1.2425162,4.3059525
0.60767114,6915.5835,0.075201094,10.498373,-2.5875895,1.413731,5.7878456
0.61068916,6926.815,0.08430312,10.408105,-2.4733365,1.523427,5.5085297
0.60646266,6154.33,0.058475226,10.696608,-2.839152,1.9813149,5.023705
0.63731545,4826.831,1.3516717,9.971803,0.30134207,-1.9435011,5.3907514
0.6068349,6639.4424,0.10923579,10.43912,-2.2142465,1.9623498,4.9552255
0.59964293,5687.1533,6.6617556,10.868435,1.896383,1.8084096,3.8719056
0.61836314,7660.5874,1.452003,10.856243,0.37294394,1.9859757,7.64482
0.6713933,3853.147,0.09361061,10.068936,-2.3686116,-1.2399997,5.7171326
0.6611304,3900.2024,0.12013903,10.157054,-2.1191056,1.5501523,5.745064
0.5923902,6599.427,0.77429277,11.068698,-0.25580522,-1.1196212,5.0935926
0.6034643,4629.9546,0.0018232787,10.794988,-6.307119,0.78096795,6.1772437
0.58672583,4865.2935,2.3893144,10.976535,0.8710064,0.67223763,5.346858
0.5906076,4689.6665,1.5007515,10.897765,0.40596595,0.64936537,5.26749
0.60108626,5254.947,0.04782155,10.810235,-3.040279,-0.25475723,5.3848763
0.6074844,4810.305,3.6102645,10.786283,1.283781,0.14225636,5.1739545
0.6032044,4551.823,2.0244317,10.878963,0.70528907,-0.6099952,5.3698435
0.60929,5481.5146,0.15658213,10.738334,-1.8541746,-0.9519848,5.210557
0.603023,6674.1265,0.27887884,10.027917,-1.2769779,0.33543962,5.0854826
0.6058587,6400.0527,0.2787398,10.425151,-1.2774765,0.66668427,5.390745
0.61755455,5285.516,0.19362137,9.995428,-1.6418507,1.1394937,4.4283724
0.6217743,4995.645,0.34868628,9.969581,-1.0535827,2.0429535,4.391613
0.6173897,5444.659,0.19982395,10.371852,-1.6103185,1.6991079,5.78343
0.6224818,4877.952,0.23366678,10.556143,-1.4538592,0.36690682,6.767418
0.6097434,4908.0674,2.1571803,10.759186,0.768802,-0.22882207,6.765763
0.6246998,4513.216,0.94561774,10.616964,-0.055916876,-0.8650213,5.394473
0.6095232,6971.1064,1.1356434,10.467844,0.12719929,0.31314984,4.7578397
0.61051214,4823.747,0.53812116,10.775037,-0.6196715,0.14401408,5.327677
0.6087842,5597.4043,0.06697448,10.693262,-2.7034435,0.52196485,5.7437277
0.60653234,4922.0303,0.009127912,10.777606,-4.6964183,0.61743784,5.603938
0.62828016,4489.6084,0.6629211,10.513151,-0.41109934,0.46080023,4.7513094
0.60761994,4959.2744,0.07858984,10.695822,-2.5435128,1.7733015,5.1420054
0.6062693,4827.9204,0.04772214,10.698319,-3.0423598,2.2213411,4.453337
0.60989547,6036.153,0.38866803,10.649932,-0.9450297,-0.014874513,5.1364875
0.624768,5359.777,3.182761,10.2229595,1.157749,-1.0176321,5.3437805
0.63596696,4639.409,0.929454,10.076919,-0.07315793,0.7257063,5.458301
0.63754237,4857.911,1.7551451,10.134108,0.5625515,0.51931477,5.0049624
0.6186921,5624.731,1.3372841,10.198767,0.29064074,-0.2780171,4.9172397
0.61841595,5714.1123,0.0357068,10.338573,-3.3324142,0.1119925,5.1027994
0.6167053,5731.2476,0.05833154,10.295172,-2.8416123,0.99938697,5.143458
0.59698725,6500.784,0.24465501,9.847254,-1.4079062,-0.79234266,5.243175
0.6237291,5191.4307,0.019436106,10.088588,-3.9406228,1.0170469,4.6752853
0.63502,4692.465,0.017828712,9.735685,-4.026945,-0.26917732,5.986063
0.613832,7315.0522,0.34031516,10.688764,-1.0778831,0.5393558,4.849532
0.6087663,7205.9805,1.0293828,10.679582,0.028959405,1.1977979,4.898599
0.64916176,4264.9966,0.09835671,10.231255,-2.3191545,-0.9037074,6.145068
0.66071177,3888.1863,0.024363609,10.315466,-3.7146647,-0.3661272,6.904957
0.6527031,4010.6926,0.027014177,10.189939,-3.6113935,-0.117059775,6.68355
0.6173319,5656.417,0.34040838,10.353193,-1.0776093,0.37325493,4.140208
0.628052,4843.146,0.037617512,10.277032,-3.2802856,1.3149018,4.894157
0.61625135,5899.7725,0.05708196,10.33553,-2.8632672,-0.1781224,5.01185
0.6192651,5495.3237,0.92971075,10.1096525,-0.0728818,0.028201845,5.752556
0.61855084,5574.085,0.08947349,10.26967,-2.4138129,-0.34089002,5.3367105
0.615635,5332.8154,0.29731548,10.514033,-1.2129614,-0.18621756,5.4482026
0.6169337,5806.484,2.5353346,10.114645,0.93032557,0.9235574,5.2394896
0.6238548,5581.9814,21.345848,10.491481,3.0608573,-0.30580387,5.0930557
0.59361905,4436.666,0.0046845973,10.89702,-5.3634753,0.8061658,5.076996
0.6024811,5580.7227,12.319434,10.875754,2.511178,-0.45146596,5.4711504
0.6212785,4162.257,0.19043969,10.707991,-1.6584197,1.0630847,3.9592865
0.61522305,5113.4175,0.040527027,10.5935955,-3.2057862,-0.08702842,5.325173
0.6174191,5684.867,2.3756516,9.989779,0.86527175,-0.9330771,5.3355045
0.6152999,5688.827,0.06063489,10.580448,-2.8028848,0.23145486,5.122527
0.6142296,5038.746,0.15191002,10.547064,-1.8844669,1.903092,5.178607
0.6103872,6342.6123,2.1987095,10.193108,0.7878706,-1.2961423,5.407831
0.62348837,5343.6934,10.501776,10.591982,2.3515444,-2.1971505,5.7232084
0.62157667,5786.7427,5.994417,10.484933,1.7908286,-1.7668519,6.0236807
0.620262,5309.2583,0.009717307,10.034306,-4.6338468,0.6280605,4.5756345
0.6257336,5018.325,0.016713524,10.3745365,-4.091537,-0.73338157,5.2223034
0.6338632,4752.412,0.7973139,9.990222,-0.2265068,-0.13988379,5.329479
0.6081058,6984.343,0.16342069,10.564417,-1.8114275,-0.022833297,6.4658213
0.6161675,7238.064,0.12576967,10.636184,-2.073303,0.11603095,6.520231
0.59180474,6605.2764,0.61383426,9.711104,-0.48803037,-0.08805295,4.71111
0.58252805,7077.3135,4.7241554,9.804345,1.5526888,-0.6125002,5.274494
0.5767374,7292.335,0.064830765,9.650732,-2.735975,-0.109559216,4.8093567
0.56392765,8738.749,0.110687554,9.982622,-2.2010438,1.1902215,5.1588545
0.57988316,7113.082,3.353986,9.476401,1.2101495,-0.5788311,5.447398
0.5825804,7179.3584,0.681629,9.5890465,-0.38326976,-1.2558066,5.111951
0.5779123,7052.3994,0.52657026,9.568878,-0.64137053,-0.79866654,4.9167433
0.58136165,7262.493,0.30161843,9.794574,-1.1985925,-0.27884188,4.5295916
0.56546575,8056.763,0.064187266,9.730226,-2.7459505,-0.69319046,4.490812
0.5636213,8139.917,0.07084664,9.739649,-2.6472378,-0.7871348,4.535858
0.55808675,8239.31,0.60944486,9.613852,-0.49520686,-0.86500895,5.480182
0.56879866,7869.7197,1.1563199,9.614548,0.14524238,-1.167406,5.725876
0.5670085,7913.514,1.1917735,9.587598,0.1754426,-1.3109883,5.79186
0.6214755,4704.077,0.10175088,10.517114,-2.2852278,0.8119891,5.078234
0.6207097,4666.4775,0.05728096,10.555995,-2.859787,1.024705,5.034608
0.6264859,5106.2817,0.10433616,10.405916,-2.2601373,0.8566283,5.2058573
0.6021847,6532.2026,1.4078035,10.1404505,0.34203076,0.20697181,5.8745203
0.6068225,6259.7354,0.8708081,10.1244545,-0.13833359,0.7505353,5.5072093
0.5972515,6163.023,44.15007,10.110923,3.7875946,0.27071303,5.5200386
0.59810126,5867.0107,28.608332,9.652232,3.353698,1.1997681,6.455516
0.59667355,6793.536,0.4104458,9.818902,-0.89051133,-0.47757986,5.890353
0.635431,4934.5576,0.046153598,10.380228,-3.0757804,0.48313537,5.787486
0.6343003,4573.321,0.027274078,10.015049,-3.6018186,0.9196855,6.049971
0.6379871,4940.5283,0.28646383,10.000232,-1.250143,0.09768231,5.942307
0.61205053,6097.972,0.100626774,10.709042,-2.296337,-0.2906777,5.052724
0.600163,6054.1123,0.8302629,9.783804,-0.18601291,0.48497114,5.6682262
0.6088936,6553.421,0.612049,10.349274,-0.49094298,-0.09175443,5.041046
0.617494,5788.2554,0.742973,10.285972,-0.29709554,-0.5518593,5.1374273
0.6094005,5917.048,0.23463717,10.017251,-1.4497149,0.37056106,5.2635174
0.6625794,3967.9517,6.0909376,10.093624,1.806802,-0.875721,5.0464525
0.64752424,3840.2195,0.34917024,10.518638,-1.0521957,-0.31220177,4.1733537
0.6467848,3728.1562,0.354326,10.51824,-1.0375378,-0.13845494,4.206351
0.64535654,3858.7683,0.41931444,10.531881,-0.8691342,-0.098670594,4.42083
0.6572261,3737.3867,0.13311076,10.315402,-2.0165737,0.84514856,6.0485454
0.63856304,4439.1763,4.8111076,10.3660145,1.5709274,0.020028627,4.948001
0.6375503,4621.509,4.262622,10.343777,1.4498844,0.07106406,4.9490995
0.63739926,4848.6836,0.02139275,10.051223,-3.8447032,0.15253064,4.9115143
0.63365835,4719.247,0.035057526,10.124443,-3.350765,-1.0007313,5.1077957
0.6372423,4823.065,0.26418784,10.29568,-1.3310949,-0.6957734,5.421305
0.60560614,6920.0806,1.5202477,10.307611,0.4188733,0.41762835,6.116447
0.6334661,5000.2183,0.17087388,10.324322,-1.7668295,0.08254716,5.0171933
0.6283304,4914.075,0.26155463,10.28151,-1.3411121,0.07566169,5.1044297
0.6096185,5637.0513,1.9506878,9.633366,0.668182,0.1737772,5.58209
0.6081119,4165.562,0.06582764,10.814496,-2.7207155,-0.20545854,4.8171353
0.62142336,5424.449,0.3409529,10.082459,-1.076011,-0.71016645,5.9614143
0.627894,5193.237,0.25168934,10.090953,-1.3795598,-0.88772595,6.1687603
0.62605214,5097.7617,0.12797628,10.270647,-2.0559103,-1.1648828,5.4689574
0.6304066,4774.264,0.36595047,9.890978,-1.0052572,0.43769178,4.978169
0.6063333,5855.5625,1.292433,10.75793,0.2565265,-0.47517258,5.4070873
0.6038045,5637.1006,0.24785428,10.808201,-1.3949143,-1.6512647,5.2436085
0.60849255,4293.1357,0.52793175,10.785796,-0.6387882,1.560144,5.0552855
0.6126326,5777.4443,0.007861428,10.513262,-4.845787,0.52080345,5.660287
0.6248709,5165.288,1.7189181,10.370025,0.5416951,0.23377697,4.724114
0.60931313,5967.4805,8.588565,10.097796,2.1504316,1.1605194,5.0944066
0.6131247,5979.7144,4.724937,10.133027,1.5528542,-0.8875768,5.113273
0.5975332,6221.661,6.294444,9.637567,1.8396673,-1.7370013,5.179166
0.60225904,6222.91,5.163899,9.800815,1.6416919,-2.0239687,5.044661
0.60677445,5972.8447,0.30378002,9.845222,-1.1914514,-0.49595404,5.4685555
0.62276673,5412.657,0.3894088,10.26413,-0.9431256,0.5046795,5.0565405
0.6193006,5393.535,0.7424848,9.992082,-0.29775283,0.93418455,4.617942
0.65587556,3263.8616,1.4528174,10.702182,0.3735047,-0.9944396,6.050328
0.64016527,3846.782,5.386976,10.586896,1.6839842,-0.37668717,6.3202343
0.64535064,3962.5312,6.5971155,10.688059,1.8866326,-0.20373556,6.4299145
0.63340014,4604.934,5.737403,10.591552,1.7470067,0.28168663,6.239683
0.61052525,5734.6396,2.2226565,10.114754,0.79870313,-0.30465057,5.3693237
0.6124136,5943.855,1.2257984,10.170769,0.20359233,-0.19834118,5.5870094
0.647151,4006.248,0.086647995,10.450044,-2.4459014,-0.13039097,4.837287
0.6231661,5384.71,0.016822506,10.201537,-4.0850377,-0.6098096,5.176343
0.62402654,5527.954,0.0380316,10.255861,-3.269338,-0.65016717,5.4349575
0.62053776,5354.0537,0.07698555,10.236907,-2.5641375,-0.31421652,5.421713
0.60358226,6217.36,28.30291,10.1748,3.3429646,1.0207874,4.541175
0.60776985,6266.0146,9.216828,10.237785,2.221031,0.9955759,4.478392
0.6139368,5832.8755,7.1544433,10.245744,1.9677336,0.35033268,6.001436
0.61076224,5861.351,1.9540727,10.0480585,0.66991574,-0.019526714,6.295827
0.62057805,5323.5127,3.7016027,10.199294,1.3087659,1.1026611,6.373913
0.6331756,4781.743,14.202267,10.681089,2.6534016,1.7775826,6.5326624
0.61884665,5544.8135,0.0067957267,9.9166155,-4.9914613,-0.65130585,4.6402807
0.6077782,6663.41,2.0606596,10.423322,0.7230261,0.7817541,5.813324
0.61276275,6398.98,0.20226566,10.418271,-1.5981733,-1.3822227,6.3485966
0.6272414,4782.188,2.7600913,10.244773,1.0152638,1.5354162,4.9694476
0.6109481,6467.332,0.6050725,10.155408,-0.50240695,-0.19702874,5.6618767
0.61566406,6298.563,0.5336042,10.34135,-0.62810093,-1.6467417,5.0375214
0.6016346,7004.7085,0.13914934,10.24555,-1.9722075,-1.6240776,5.329082
0.5984027,6152.663,1.3427216,9.545989,0.29469857,1.0881675,5.367479
0.5942975,6083.301,1.499445,9.602404,0.405095,0.8877515,5.4471025
0.60671914,5930.681,0.1505437,9.979622,-1.8935019,1.2422131,6.186002
0.6104424,5812.068,0.026272554,9.966219,-3.6392305,0.6799953,5.9667416
0.608753,5880.5674,0.028573252,9.974109,-3.5552843,0.4163964,5.736351
0.62617916,4951.9365,0.16355078,10.234723,-1.8106318,0.66286415,5.033161
0.61548644,5709.276,1.6080871,10.005591,0.4750453,1.3066494,5.315377
0.6153462,5534.299,3.6296208,9.823531,1.2891282,0.7535787,4.4087486
0.6121335,6212.876,1.1131365,10.315253,0.107181765,-1.3871474,7.6772776
0.62188196,4807.928,1.0332773,10.562921,0.032735605,-0.094783746,6.3005877
0.6069687,5854.927,0.0731345,10.667174,-2.6154552,-0.031698484,4.4411144
0.65054405,4388.5093,1.9191151,10.056796,0.6518642,-0.5574873,6.021202
0.606735,5475.479,4.8826284,9.733222,1.5856837,2.4893534,4.615675
0.61016,5798.173,5.0582495,9.695948,1.6210204,-1.7321053,5.79607
0.6081325,5821.4507,3.4812546,9.798156,1.2473928,-1.734316,5.664657
0.6015566,6415.353,1.1729052,9.743341,0.15948375,-2.7328289,5.3087115
0.6100802,5739.7637,15.049406,10.225367,2.7113385,1.7984662,4.354984
0.6209438,5354.8193,0.06148706,9.873044,-2.7889285,-0.67197824,5.6011934
0.60617155,6641.376,1.4420843,10.695148,0.36608946,0.86120427,5.2687135
0.6222304,5575.7563,0.27279913,10.003143,-1.2990196,-0.46451646,5.042183
0.6125177,5267.5347,0.49244818,10.593506,-0.70836604,0.4721474,5.2427
0.6307622,5189.3647,0.15015973,10.190818,-1.8960557,-0.8922369,5.618123
0.608174,6739.382,0.15844409,10.362552,-1.8423535,1.4557328,5.6056767
0.59818554,7071.6626,0.31198147,10.225507,-1.1648115,0.884152,5.6464815
0.59861714,6493.7183,0.05204144,10.048066,-2.955715,1.5633981,5.0223145
0.6168097,4730.648,1.940086,10.715993,0.6627323,-1.3062291,5.150285
0.64435583,3562.871,1.3657835,10.634572,0.31172827,0.005312993,4.6708035
0.64435583,3562.871,1.3657835,10.634572,0.31172827,0.005312993,4.6708035
0.6310241,4580.11,3.0041065,10.4350605,1.0999802,0.32703125,4.5239687
0.6357555,4826.9824,0.41175616,10.252461,-0.887324,0.5459532,4.99043
0.62603515,4953.6406,0.28183597,10.219857,-1.26643,0.41177905,4.807698
0.6135217,6842.0884,0.038830012,10.60599,-3.2485619,-0.61127365,6.5100174
0.6077597,6688.3022,0.037431344,10.742521,-3.2852468,-1.2404935,6.2015257
0.60555774,5801.7656,0.09352414,10.803735,-2.3695357,-0.96431494,5.8570595
0.604043,5769.5054,0.12174915,10.779187,-2.1057925,-0.7355023,5.4292583
0.62434244,5150.8604,3.5260627,10.14028,1.2601819,0.9246583,4.3226504
0.61549664,5864.5195,0.058458835,10.158703,-2.8394325,-0.45124027,6.3568234
0.63554686,4292.128,0.18023975,10.4809885,-1.7134674,-0.010002301,5.344605
0.62399715,4674.634,0.5174127,10.502986,-0.65891445,1.3495971,5.3746777
0.6282277,4658.011,2.0182161,10.50924,0.70221406,1.6729604,5.5188074
0.6237316,5251.0527,0.7446728,10.282386,-0.29481038,0.24200875,5.062399
0.6216365,5136.7314,5.4424458,10.226596,1.6942285,1.4106455,5.156822
0.6275666,5220.3057,15.251859,10.071908,2.7247014,1.3144088,4.482727
0.62121326,5482.9814,31.059404,10.096625,3.4359016,0.018872408,4.8066664
0.62981045,5103.7617,0.22378924,9.992573,-1.4970505,-1.1482592,5.6216674
0.62421,4183.1553,0.49561122,10.544073,-0.7019635,2.0860884,5.3978014
0.6251601,5318.19,0.10721417,9.843259,-2.2329268,-1.6805751,4.929673
0.6228497,4576.72,1.4989307,10.528233,0.404752,1.5502378,5.7209325
0.62260044,4732.6104,0.034911066,10.563894,-3.3549514,-0.77571756,5.2080965
0.62201715,4267.377,0.010279052,10.739583,-4.577647,-0.6134542,4.763338
0.62754714,5077.411,0.11361011,9.923639,-2.1749828,0.45325622,6.379491
0.6288791,5129.7266,0.45283222,10.13828,-0.7922336,0.46827087,7.0651474
0.60984683,5882.4326,0.5584855,9.862102,-0.5825266,-1.6106316,4.734677
0.60342413,6466.6406,2.0571983,10.195573,0.721345,2.3613515,5.9234242
0.6293123,5143.9365,1.45291,10.153705,0.37356845,-2.3350573,4.8842125
0.6601199,3308.978,0.13336816,10.493579,-2.0146418,1.7672548,4.684323
0.6545646,3512.071,0.13930392,10.536141,-1.9710972,0.9305217,5.0390434
0.65686285,3393.7808,0.05448109,10.538438,-2.9099016,1.1281854,4.842294
0.65686285,3393.7808,0.05448109,10.538438,-2.9099016,1.1281854,4.842294
0.64443684,3734.159,0.05775233,10.531109,-2.8515916,1.1567799,5.0095716
0.6438185,3976.2703,0.06194455,10.480688,-2.7815156,1.1902286,4.9503827
0.6331728,3980.3335,0.019052032,10.649778,-3.9605815,0.5231125,3.982618
0.634263,4022.3757,0.016457928,10.654291,-4.106948,0.4391229,4.078859
0.634263,4022.3757,0.016457928,10.654291,-4.106948,0.4391229,4.078859
0.6242482,5098.546,6.236353,9.941052,1.8303956,-0.17633197,6.7439494
0.63250715,4746.071,1.8464597,10.206624,0.61327016,0.95739764,5.5281763
0.63250715,4746.071,1.8464597,10.206624,0.61327016,0.95739764,5.5281763
0.63032794,4622.0786,1.3235629,10.17924,0.28032726,0.69940686,5.430276
0.6444491,4345.909,0.42503694,10.378524,-0.8555792,-0.15374184,5.448232
0.5992647,7748.9854,0.4514016,10.264408,-0.7953979,-1.7089782,5.795609
0.61156714,7832.5327,1.7088084,11.159866,0.5357963,-0.28310376,5.9805117
0.6032666,6440.745,0.1304661,10.809554,-2.0366418,-0.22613505,5.4402323
0.6428621,3894.2202,4.0673537,10.531653,1.4029926,0.56584865,5.1426525
0.620032,4581.605,0.11027906,10.6377535,-2.2047412,-0.03230778,5.6498528
0.61793387,5394.2246,0.1384503,10.455563,-1.9772439,0.2255039,4.6344013
0.6411826,4417.1035,3.4143724,10.033596,1.2279937,0.6239233,6.062258
0.63960826,4573.0693,0.12400817,10.357043,-2.0874078,-1.2443936,4.7284355
0.6093916,6151.5107,0.47857603,10.387791,-0.7369402,1.4202502,5.811225
0.61602294,4900.741,1.4463801,10.6018715,0.36906403,0.3394048,5.517575
0.62650716,5675.891,3.3570943,10.026791,1.2110758,-1.7897545,7.3544307
0.6252653,4530.9834,0.031770203,10.685745,-3.4492264,0.7939507,4.9102726
0.62402487,4742.2124,0.005897536,10.457808,-5.1332207,1.6476786,4.472368
0.6261891,5304.2246,1.5536749,10.341894,0.44062307,-2.101403,4.8722067
0.6162105,5243.6245,3.3331335,10.525948,1.2039129,-0.35830685,5.8534274
0.62477195,5581.952,4.4751806,10.498058,1.4985467,-0.3244905,5.95188
0.61017686,5348.7466,0.23869202,9.725384,-1.4325812,0.8116558,5.787469
0.60887516,6393.9033,0.1918103,10.323809,-1.6512485,0.2527731,4.943288
0.61632794,5518.6494,1.0942824,10.264141,0.0900988,0.5548506,5.4881725
0.620619,5743.4414,1.3544952,10.270763,0.30342883,0.6547783,5.5855093
0.5922101,5631.559,0.29388574,10.906926,-1.2245642,0.039424874,6.687817
0.5981052,5953.933,0.15864699,10.844231,-1.8410738,0.35327357,5.9414697
0.63783765,4769.3486,0.5733224,10.092334,-0.556307,-0.58070296,5.052876
0.63721776,4482.954,0.117944196,10.384432,-2.1375437,-0.84276235,4.6805334
0.6340675,4390.2056,2.673964,10.505921,0.983562,0.34020898,4.74673
0.6179803,4874.281,0.45374742,10.589606,-0.7902146,1.4041523,6.0977077
0.6134064,6185.837,0.100614786,10.302289,-2.296456,-1.1241428,4.577458
0.606671,6430.4717,0.07891083,10.079313,-2.5394368,1.5121018,5.7667685
0.6262022,5259.176,0.623627,10.371937,-0.47220284,1.9737089,5.914984
0.61484885,5587.801,0.040712718,10.310635,-3.2012148,0.94775516,5.008487
0.56563056,7794.625,0.25687113,9.571485,-1.3591807,1.2958591,4.918487
0.56968784,7871.332,3.1838121,9.87936,1.1580793,-1.43723,5.441781
0.5709395,8054.8413,3.4490423,9.84503,1.2380966,-1.4014106,5.447793
0.57366776,7300.6226,3.5115395,9.922121,1.2560545,1.8002628,5.285358
0.5780219,7404.095,3.7045302,9.842088,1.3095565,1.9533879,5.3131094
0.59427977,5931.644,0.26897028,10.993133,-1.3131543,-2.9340422,4.869666
0.61111796,5803.3433,0.0023983878,10.170001,-6.0329585,1.1942787,6.226678
0.6117966,6492.094,0.00051237503,10.247839,-7.5764537,0.7204413,5.148282
0.5995749,6671.927,0.2126484,10.153704,-1.5481151,0.41292366,5.3858995
0.60990775,5879.7666,0.39074704,10.210888,-0.9396949,1.2725772,4.525776
0.61475724,5899.0605,1.3409296,10.376411,0.29336315,1.3652896,4.5919385
0.6203106,5445.3467,0.04645259,10.121143,-3.069323,0.0025261643,5.6898174
0.6090969,6074.9937,0.9530581,9.974986,-0.048079412,-0.67507774,6.3922524
0.60655594,6034.394,2.6656272,9.88011,0.9804394,-0.023466589,4.389063
0.6000283,6799.6025,0.18082917,10.111106,-1.7102026,-1.1235826,4.1721883
0.5997238,6247.3677,0.08847123,9.913964,-2.425078,-0.21269596,7.1071954
0.6068959,6040.7314,0.080476604,10.481119,-2.5197887,1.5491921,4.47157
0.6289224,5177.1567,1.0816313,10.320488,0.07847042,-1.4956228,6.3040338
0.61834234,5795.052,12.206262,10.155699,2.501949,-2.0725918,6.228661
0.61411107,5856.6377,0.75632,10.130643,-0.2792907,0.053862736,5.664305
0.5970428,6358.8237,0.10988097,9.782303,-2.2083576,0.5059444,5.1194854
0.611747,6317.098,0.1612656,10.346595,-1.8247026,-0.066570684,5.4291296
0.6361029,4595.365,0.06756398,10.074412,-2.6946802,0.19595638,5.4004173
0.61942154,4587.5664,5.5713925,10.669455,1.717645,0.14359398,4.407113
0.63736516,4322.571,1.5459721,10.476775,0.4356529,1.069396,5.077014
0.6433747,4263.907,1.5102515,10.310675,0.41227618,1.9617518,5.293518
0.61560804,5613.2725,0.013239365,10.006471,-4.3245606,-0.44437587,4.918772
0.60255,6184.186,12.009368,10.152228,2.485687,0.8366141,4.9726667
0.6044147,6366.8115,15.33473,10.198211,2.7301202,0.93879545,5.065995
0.66595125,3527.1821,0.009110458,10.438102,-4.6983323,-0.40866917,5.84943
0.6851793,2778.9585,0.014396264,10.649212,-4.2407866,-1.380306,6.518831
0.6870948,2810.4578,0.015182801,10.661694,-4.187592,-1.2293779,6.4905925
0.6634742,3872.8406,0.016700802,9.885689,-4.0922985,0.03598475,4.900072
0.60736287,5109.356,2.0743806,10.765734,0.72966266,-0.0073221265,5.4688954
0.6070373,8005.324,1.6577668,10.616895,0.5054714,-0.019973498,4.8450584
0.6142218,8426.312,0.24926059,10.688125,-1.3892564,0.02178383,5.633874
0.601863,6983.803,0.112165146,10.375731,-2.187783,-1.0965185,5.223591
0.62492275,5294.3457,0.21156949,10.353409,-1.5532018,1.7000064,4.8800883
0.6212696,5038.7524,0.1826992,10.343101,-1.6999142,1.8648332,5.050815
0.6166528,5368.1626,0.04791503,10.458684,-3.038326,2.1709266,5.631949
0.59705013,6811.621,0.086661264,9.928313,-2.4457483,-1.2231615,5.6660814
0.6057657,6097.6006,1.7183422,9.970052,0.54135996,0.5473097,4.861222
0.6031294,6546.6304,0.03648096,10.208222,-3.3109648,0.16395558,5.175192
0.6063683,6086.4873,1.0330439,10.052516,0.032509707,0.6421563,4.241686
0.60779107,6053.768,0.8553535,10.018392,-0.15624045,1.0934892,4.0241375
0.61639655,6058.895,0.18005317,10.337235,-1.714503,1.5072193,5.8664293
0.6201004,5830.2007,0.4881566,10.246226,-0.71711904,-1.0538391,4.9441123
0.6161728,5618.2295,0.2210008,10.221831,-1.509589,1.2594354,5.59877
0.62101626,5373.74,0.09372131,10.403632,-2.3674297,0.67252415,5.29514
0.62985075,4667.314,0.10333125,10.57288,-2.2698154,-2.0883005,5.311182
0.6545428,4033.5503,12.07136,10.141013,2.4908357,1.8998154,5.0021057
0.59770626,6927.203,0.06436193,10.162245,-2.743233,-1.7931705,5.637304
0.6155755,5827.1675,1.8154942,10.295607,0.5963577,-1.8743435,6.4234366
0.62319106,4848.6724,1.2553535,10.362336,0.22741714,0.2004376,5.579791
0.63119084,5030.4014,3.2824428,10.45475,1.1885879,0.24016957,5.6100664
0.63446665,4642.0654,3.8856685,10.4795685,1.357295,0.2697247,5.5036044
0.6345412,4581.7603,4.1091976,10.46362,1.4132278,0.041143302,5.54595
0.62200683,5346.4946,0.0399697,10.1075945,-3.2196336,-0.19685598,4.8386917
0.61644703,6308.0107,0.16073683,10.511022,-1.8279868,-0.8347856,5.8523474
0.61837125,6687.093,0.2438901,10.58613,-1.4110376,-0.97396123,5.9854116
0.6199486,5633.894,0.088504516,10.203905,-2.4247017,-0.08847166,4.685434
0.62569934,5161.9795,0.030290365,10.212816,-3.4969256,0.6383032,5.8664885
0.6044244,4926.8877,0.5178016,10.82682,-0.65816313,-0.6883755,5.450495
0.60747856,4646.2446,0.2201593,10.782426,-1.5134039,-0.47169018,4.2895956
0.5852371,6698.8125,1.1602919,9.503705,0.14867158,0.6643146,6.338963
0.5930831,7733.242,0.08986279,10.168713,-2.4094713,-0.3446311,4.2381973
0.59154654,8013.4463,0.072882846,10.214323,-2.618902,-0.5353104,4.391196
0.5746273,8126.8047,1.1422422,9.947821,0.13299315,-1.7344604,3.8735597
0.571217,8115.1274,1.4528172,9.959852,0.3735046,-1.7173012,3.907694
0.58720356,7944.237,0.71588296,10.176063,-0.3342386,-0.9413372,3.7557724
0.6110499,6292.2124,0.69480586,10.298694,-0.3641228,0.7301011,5.941574
0.61158186,6428.8687,0.12722133,10.639445,-2.061827,0.15350823,5.213369
0.6189462,4650.508,0.35424644,10.651976,-1.0377624,-0.9822495,4.94505
0.6125512,7047.423,1.1487029,10.591443,0.13863336,0.62521416,5.9693646
0.607696,5956.919,0.057927117,10.616603,-2.8485696,1.9139622,6.0505834
0.6569178,4157.9663,0.31285056,10.118834,-1.1620296,-1.791905,4.4816957
0.6611433,3830.302,0.23508273,10.082633,-1.4478178,-1.7747736,4.765017
0.61255586,5456.5464,0.4565068,10.507859,-0.7841517,1.7088875,6.2515516
0.5940032,5843.332,0.65826076,10.888323,-0.41815415,0.5953804,5.7280674
0.60893035,5242.249,13.793323,10.78025,2.6241846,0.6077451,4.942109
0.60979587,5164.5537,8.476068,10.756512,2.1372466,0.7639841,4.992447
0.6146157,5554.0693,0.027769664,9.846391,-3.583811,-0.73029625,5.250393
0.6182101,5694.296,0.04573366,9.991719,-3.0849206,-0.18812786,5.3189993
0.61270267,5290.6826,1.5574569,10.55608,0.4430543,0.21338104,5.058433
0.62182486,5372.389,0.9471852,10.548611,-0.054260604,-0.48377156,5.777931
0.6128218,5362.8423,0.10466179,10.522076,-2.2570212,0.32223833,5.746853
0.61295176,5945.5205,0.42621225,10.334729,-0.8528178,0.3205747,5.9386826
0.6176555,5994.122,0.60212386,10.325541,-0.50729215,-0.02881961,5.5199656
0.61462724,5789.5703,3.8249922,10.384721,1.3415564,1.207577,5.688085
0.610892,6137.9937,16.5214,10.458601,2.8046565,1.4632078,5.5638475
0.61343515,6368.6826,7.8698525,10.558998,2.0630393,-0.08583113,5.252384
0.60787314,6029.156,4.185691,10.765952,1.4316717,1.2908561,5.264397
0.63672084,4769.6,0.0065605147,10.391604,-5.026686,-0.7889827,4.8648496
0.64464396,4437.068,0.007877349,10.359648,-4.843764,-0.6700793,5.2240896
0.64371365,4551.0176,0.7483188,9.84107,-0.28992614,0.5382355,5.450724
0.64306843,4296.7524,3.1885796,9.922182,1.1595756,0.3891408,5.423108
0.6150184,6220.0225,1.8652463,10.27163,0.6233931,-1.1483598,5.8932514
0.60259074,5886.896,0.8109207,9.714578,-0.20958503,0.71137416,4.4756265
0.592934,7159.0615,0.050609697,10.001447,-2.983612,0.13348438,6.40327
0.58090246,6803.925,2.8389044,9.631154,1.0434182,0.093057394,4.739979
0.58565944,6555.2314,1.3059127,9.544125,0.2669022,0.21410684,5.240895
0.59560573,6656.264,0.031194178,9.525032,-3.4675238,-1.93347,3.788348
0.6012191,6363.417,0.09213549,9.561741,-2.384495,-2.3608823,3.8250632
0.6012191,6363.417,0.09213549,9.561741,-2.384495,-2.3608823,3.8250632
0.5933989,6894.249,0.069772996,9.908004,-2.6625082,0.6841492,4.882827
0.6000368,6909.081,0.008735544,10.230446,-4.740355,-0.1609117,5.041154
0.5929388,6525.0947,1.4732814,9.839471,0.38749215,0.10208622,5.012038
0.6124239,5369.204,0.07154392,10.638071,-2.6374438,0.4375856,4.3872705
0.5975924,5188.995,0.012848742,10.778307,-4.3545094,0.72922087,4.940342
0.6225527,5485.0044,4.847824,9.91302,1.57853,-0.46410066,5.7146435
0.57600266,8022.2046,0.38275492,10.02675,-0.96036035,0.5796138,5.4006557
0.58410764,6569.8447,0.26290664,9.341626,-1.3359563,1.4002727,5.430838
0.59481215,7111.742,18.118994,10.261028,2.8969607,0.10000397,5.656611
0.5881625,7086.3096,16.71396,10.197871,2.8162444,-0.65926164,5.568394
0.58889174,7392.0117,12.370526,10.08042,2.5153167,-0.41488838,5.472433
0.6379978,4463.0205,0.009854498,10.303516,-4.6198273,1.3164313,5.2993298
0.61346054,5897.956,1.6440512,10.4712715,0.49716344,-1.2763553,5.597018
0.6129658,5763.395,0.9110852,10.518551,-0.09311886,-0.7480425,5.42234
0.6142192,5502.823,0.04329007,10.400813,-3.139832,-0.008163536,5.4067945
0.60077643,7348.8477,0.41704047,10.3832245,-0.87457204,-1.0354815,8.114948
0.60487354,6368.3726,0.82473564,10.320037,-0.1926924,0.9282833,5.9419727
0.61534,6608.607,0.18170738,10.551738,-1.7053577,-1.3329927,5.0962186
0.6119033,6085.9956,0.26588178,10.154386,-1.3247036,1.0730762,5.60243
0.6084012,6510.79,0.017953523,10.261907,-4.019969,0.80759215,5.446965
0.6322413,4993.9683,6.5485387,10.219732,1.879242,-0.16941383,4.662713
0.61205494,5981.4404,0.01339988,10.296014,-4.3125095,1.538149,5.981502
0.6502135,4392.8823,0.055746112,10.165727,-2.8869476,-0.7102805,5.093199
0.6312171,5314.742,0.07533599,9.908185,-2.5857973,-3.5253398,6.410341
0.6140473,5709.5244,0.6768203,10.167348,-0.3903495,-1.1826524,6.1526923
0.6105532,5891.3735,0.11407054,10.304212,-2.1709383,1.3761275,4.504071
0.6280829,5111.9883,0.030551927,10.164058,-3.4883275,-0.44916898,5.7570653
0.6170284,5507.398,2.404487,10.42425,0.8773365,0.7954144,4.6348085
0.61251986,5756.122,0.07740891,10.121415,-2.5586534,-0.6238315,6.085971
0.63427776,4811.055,2.243781,10.334992,0.80816245,-0.9509123,6.9428387
0.6121928,5782.945,0.0355638,9.931714,-3.336427,0.770954,4.072988
0.64821255,4085.8132,0.37736338,10.353609,-0.9745467,-1.8103982,6.2142506
0.62318146,5140.758,0.6677374,10.126247,-0.40386024,1.7858468,4.3444963
0.6322795,4894.208,3.623487,10.336192,1.2874368,0.84690136,6.3045444
0.608314,6380.8403,0.04501208,10.128295,-3.1008244,-0.94718486,4.3782787
0.60488194,6051.7036,0.087036125,9.96048,-2.441432,0.6767564,5.0606046
0.58396065,6873.904,1.4532046,9.795089,0.37377116,0.38205928,4.716388
0.6000591,7277.572,0.15299769,10.231122,-1.8773324,0.40701818,6.022222
0.60215145,6988.3594,0.25390598,10.254504,-1.3707912,0.38986862,5.8240747
0.58718044,6592.9595,0.02998529,9.65049,-3.5070484,0.81601304,5.6103144
0.58656037,6596.6147,0.033909164,9.59381,-3.38407,0.51067406,5.464836
0.58662695,6737.939,0.015548217,9.544478,-4.1638093,-0.61051637,5.622188
0.58570915,7244.1304,3.805377,10.007546,1.336415,-0.2080948,5.005933
0.59536606,6831.835,0.016326271,10.1359625,-4.1149797,2.3523395,4.386188
0.5964277,6670.5493,0.024772286,10.092548,-3.6980298,2.1416876,4.519947
0.6015039,6192.257,0.19567165,10.067263,-1.6313173,0.3423482,6.165111
0.61208266,6046.144,0.30238634,10.002239,-1.1960498,0.88548416,5.324629
0.5991216,6281.0874,4.2375345,9.760786,1.4439816,0.11777944,6.0292363
0.59538156,6218.7266,6.5538993,9.782245,1.8800602,-0.057753984,6.3033485
0.6033994,5952.978,0.36744398,9.930035,-1.0011845,0.38150054,5.7609787
0.61017656,5861.3506,0.50347644,10.042503,-0.6862184,-0.29872724,5.516206
0.608853,6560.3384,0.322196,10.24312,-1.1325952,-1.0855256,5.8990636
0.6042418,5796.249,1.9487731,9.653918,0.6672,1.6745279,4.952035
0.6023345,5620.7705,1.6562247,9.690143,0.50454074,1.5645766,4.889245
0.6137691,5125.8926,0.10579063,10.713027,-2.2462933,-0.22138286,6.169553
0.61573607,6249.2163,0.5043825,10.363765,-0.6844204,0.334554,5.558058
0.60710573,4922.4604,0.10206412,10.821513,-2.282154,-0.6139571,5.5542517
0.6219686,5001.1064,0.01784265,10.398213,-4.0261636,0.7613588,6.441449
0.6345826,4676.634,5.8576775,9.989092,1.7677532,-1.3791696,5.964436
0.6381853,4871.6733,4.7682776,10.232005,1.5619851,-0.4154312,5.1413803
0.6043718,6682.175,0.016188161,10.385271,-4.123475,0.59160054,4.8288717
0.6197549,5593.7197,1.3366408,10.067163,0.29015958,0.0026747193,4.922572
0.62784946,5022.537,0.32051712,9.942587,-1.1378195,-0.42632312,4.581588
0.6247045,5086.692,0.011580212,9.861203,-4.4584575,0.5341662,5.0975866
0.6265151,4853.0625,0.2377223,9.276292,-1.4366521,0.22302961,5.3300066
0.629915,5037.042,0.23218237,9.408721,-1.4602321,-0.24755765,5.641634
0.59357685,6078.7793,0.6438073,10.913322,-0.44035584,0.5935691,5.1246986
0.62407374,5300.4194,0.016059013,10.085242,-4.131485,1.1479673,5.3267817
0.6087095,5391.621,4.6493354,10.702333,1.5367243,-1.1530342,5.21119
0.6117457,5893.3047,0.8864775,10.436131,-0.120499596,0.24009609,5.5970144
0.61451,5684.2334,1.3794852,10.384508,0.3217104,-0.4050991,6.4502273
0.6427579,4408.7124,0.32993433,10.362714,-1.1088617,0.02617443,5.3860865
0.6323259,4658.1235,1.2216157,10.300049,0.20017435,0.04696108,5.863084
0.6413011,4619.126,1.087375,10.256233,0.083766624,-0.4341367,6.133701
0.6288209,4964.083,0.00824475,10.42162,-4.7981787,-0.0774896,5.2568183
0.6077286,5737.323,0.023504348,10.760665,-3.7505698,-1.2379477,6.321694
0.6113541,5711.7754,0.046342455,10.679096,-3.0716968,-1.4870702,6.164735
0.61422503,6315.9263,0.17547926,10.516,-1.7402344,-0.73559755,5.9063034
0.610291,5817.4893,0.28186148,10.521811,-1.2663395,0.952505,4.963423
0.61686945,5069.3257,0.20838162,10.5431795,-1.5683842,-0.15129602,6.5578523
0.6051485,6504.745,0.021900827,10.322652,-3.821231,1.461111,4.2838507
0.61567736,5919.7627,6.1918635,10.457492,1.8232361,-1.5244595,6.656337
0.61541486,6158.7046,6.8484707,10.391567,1.9240254,-1.8692166,6.05633
0.61990476,5385.2397,3.9757242,9.987368,1.380207,0.122977644,5.5159135
0.6141871,4537.281,0.068300344,10.735454,-2.6838405,-0.5748557,4.9616537
0.5939113,6238.648,0.03615742,9.739444,-3.319873,1.2939773,4.95183
0.62133086,5591.618,0.010190849,10.352512,-4.586265,0.0190562,4.935596
0.6214051,5359.513,1.5529944,10.19881,0.44018495,0.054159626,5.509348
0.6106222,6099.7686,18.183327,10.301376,2.900505,-0.45634836,5.6296806
0.6127504,5865.1577,0.050084278,10.132163,-2.994048,0.7955538,4.706881
0.60210514,5901.1104,0.13245232,9.847844,-2.0215325,-0.70045716,5.571587
0.59136426,7048.461,0.017318562,10.107976,-4.0559764,1.0066315,5.259139
0.5966457,7761.971,0.031220019,10.329561,-3.4666958,0.5963966,5.4391055
0.610829,6012.348,0.09817833,10.033636,-2.3209698,1.9494649,5.890459
0.61335784,5564.7544,0.4081608,10.336594,-0.896094,2.042395,5.7255077
0.61421585,5636.8643,0.8656032,10.33651,-0.1443287,0.69237196,6.1147966
0.6109535,5751.3765,2.550414,10.231815,0.93625575,0.73265284,4.6092978
0.6174755,5302.964,0.029845033,10.377968,-3.5117369,-0.71376944,5.974605
0.60899967,5862.313,7.9959784,10.36669,2.0789387,0.8971846,5.6695457
0.5953365,7725.3228,0.3073224,10.310482,-1.1798579,0.4745158,5.122856
0.58949393,6455.5684,0.17075771,9.864968,-1.7675096,1.9247156,4.7649374
0.5873532,7282.7783,0.0098473625,9.8986225,-4.6205516,-1.1307696,4.9438276
0.5805556,6847.3228,5.6236525,9.614357,1.7269814,0.7654809,4.740184
0.62143123,4059.4536,0.051331043,10.641567,-2.9694595,-0.9319176,6.1712255
0.64128226,4902.1104,0.07722773,10.251616,-2.5609968,-0.6211796,5.9369583
0.63882,4560.682,0.087123156,10.222604,-2.4404325,-0.52564514,5.968158
0.62580323,5180.175,0.7503152,10.14993,-0.28726193,-0.143108,4.9696894
0.60584253,6279.818,0.2517695,10.126183,-1.3792412,0.030381886,5.5610347
0.5991276,6321.7627,0.09698856,9.811218,-2.3331623,0.26881993,5.145762
0.59842116,6856.427,2.1702662,10.0321865,0.77484983,0.027674627,5.293146
0.6144399,6059.251,0.031572804,10.033289,-3.455459,0.52297074,5.9609566
0.6132987,6733.6016,0.060151607,10.352034,-2.810887,-0.23744512,5.6668367
0.5694277,7444.6343,1.6821504,9.375057,0.520073,0.82117903,4.974723
0.6109855,6007.5615,57.286266,10.385342,4.048061,-0.23816955,5.1124496
0.60141766,6287.596,10.591543,10.044375,2.360056,-0.021935921,5.0781116
0.60137194,6759.786,1.6725328,10.153637,0.51433915,0.41657943,5.352596
0.61909103,5483.3813,0.19502597,10.031693,-1.6346226,1.1043931,4.4908805
0.62695765,4421.6484,0.83131963,10.491044,-0.18474095,-0.49137232,6.3735166
0.61516076,5731.917,0.3315887,9.938155,-1.10386,0.75940293,5.5269446
0.60170805,5145.122,0.49527907,10.79823,-0.7026339,1.109045,5.21369
0.621256,5343.6143,8.273689,10.584115,2.1130805,-0.6243804,4.855211
0.6330762,5622.957,59.66065,10.554072,4.0886726,-1.3420832,4.2479925
0.6009928,5306.908,0.19368786,10.772138,-1.6415074,0.5608079,5.01494
0.59666276,5535.105,0.11221136,10.85342,-2.187371,0.52538824,5.0555096
0.6206224,5346.7456,0.9604199,9.770173,-0.04038467,-0.53782064,5.951618
0.61683214,5572.1426,0.5194168,10.351068,-0.6550486,0.30470774,5.5507197
0.6229075,5284.009,0.36064687,10.414218,-1.019856,-0.535543,4.8042436
0.62057734,5174.4995,0.5011753,10.370363,-0.69079936,0.052182656,4.9313374
0.6303738,4869.722,0.20654787,10.49107,-1.5772231,-0.93106973,4.5960445
0.6345391,4249.235,0.571841,10.5340395,-0.5588943,-1.3594692,4.3665237
0.6359422,4383.6147,1.0217304,10.409685,0.021497741,-0.33542293,5.4957647
0.65242404,3332.9583,0.21905768,10.675512,-1.5184202,-0.29657397,5.89853
0.6593067,3946.787,3.1916502,10.0478735,1.1605381,0.9059424,4.5542245
0.64279544,4365.8506,1.2357899,10.246964,0.21171035,-0.33449695,5.3476367
0.64252585,4569.1924,1.2273927,10.025485,0.20489217,-1.2240013,5.7995443
0.5918522,6983.415,0.4612709,10.057508,-0.7737698,1.331743,4.5317173
0.58893234,7426.643,0.123451985,10.042258,-2.091903,0.2049244,5.944258
0.60832584,6096.591,0.3617703,10.051638,-1.0167458,-0.8592362,5.098266
0.6184797,4633.755,0.19399239,10.637375,-1.6399363,-0.18098652,4.767345
0.6096851,6036.6865,0.11318969,10.198033,-2.1786902,1.3808436,4.303641
0.58109045,7222.7217,1.0108039,9.720695,0.010746052,-1.0339729,6.215706
0.57874507,7009.5986,1.0200077,9.6206255,0.019810185,-1.2210352,6.3227434
0.5891451,6852.103,0.6835003,9.640787,-0.38052824,-0.96775806,6.5509224
0.61725926,4346.667,0.25590146,10.689245,-1.3629628,1.4241705,4.784385
0.61564493,4582.082,0.27614048,10.670281,-1.2868456,1.0280757,5.3838663
0.62581927,4808.618,0.90647626,10.446093,-0.09819045,1.5071433,5.9436383
0.63793397,4539.259,0.076856755,10.348937,-2.5658119,-1.3324693,4.8542633
0.62990606,3863.6543,0.09821574,10.681498,-2.3205888,-1.2831368,4.3404245
0.6183955,5552.2266,0.53291416,9.875768,-0.62939495,0.8965439,7.472765
0.6233473,5280.917,2.367251,10.01057,0.8617294,0.5251621,6.9950657
0.62721306,5057.789,4.25802,10.50941,1.4488043,0.22338861,4.61733
0.61613834,5818.5596,0.723788,10.189447,-0.32325673,0.23546156,4.566848
0.61438787,5790.8174,0.24616413,10.43507,-1.4017568,-0.09864594,5.9235654
0.62480956,5299.654,0.17697236,10.492999,-1.7317617,-1.1495056,3.994675
0.6175959,5238.211,0.26520067,10.539235,-1.3272685,-1.1060894,3.92182
0.61851496,5418.199,0.46712646,10.4950485,-0.76115525,-1.3305188,4.079781
0.6135074,5951.332,0.11866681,10.146143,-2.1314356,0.42670617,4.596674
0.5989071,6565.7563,0.20697914,9.784271,-1.5751373,-0.15830632,5.3507466
0.6097011,6235.8525,3.8548803,10.343576,1.34934,0.5030268,4.949319
0.62955606,5059.6045,0.08520311,10.075726,-2.4627173,-1.5566112,5.1119165
0.6230411,4658.9224,0.38605857,10.458934,-0.9517662,2.313952,5.032737
0.61482835,5862.064,0.004461654,10.17779,-5.4122357,-1.0351164,5.497388
0.61745936,5558.7183,0.013066063,10.160901,-4.337737,-0.8574533,5.998984
0.6270538,5157.88,0.26989427,10.148381,-1.3097249,-0.78927857,5.992615
0.6322851,5528.598,0.36388856,10.1349535,-1.0109076,-0.45706084,5.974957
0.62470853,5175.62,0.36235243,10.100128,-1.015138,-0.39242324,5.8699484
0.61233217,6189.72,0.6240786,10.551775,-0.47147897,0.6508147,4.6973963
0.6048867,5503.3457,0.50238323,10.776644,-0.688392,1.47062,5.1103554
0.6137598,5917.983,1.9170865,10.107252,0.65080655,-1.6192104,5.257966
0.62647974,5626.048,24.355747,10.259254,3.1927679,-1.5471747,5.9256043
0.6126146,6008.6055,2.3093338,10.236855,0.8369591,-0.9959078,5.3156004
0.61518395,5948.1187,2.2361288,10.052905,0.8047462,-1.4546931,5.934973
0.6035931,6295.914,1.3646536,9.725208,0.31090063,-2.6606343,5.9115105
0.5890126,6829.8086,0.46955332,9.574234,-0.7559734,-2.219077,6.3260107
0.5850465,6610.875,0.97920954,9.6109495,-0.021009592,0.9554656,6.111532
0.6468045,4055.5874,0.18766427,10.340381,-1.6731007,-1.0418696,4.4408607
0.618792,5307.0854,0.13645393,10.232259,-1.9917682,1.2892907,6.158795
0.6145928,5542.5605,0.20096603,10.167178,-1.6046194,1.4932463,6.0292234
0.61211354,6010.916,0.31506974,10.2767725,-1.1549612,0.26224566,5.1462564
0.61355567,6101.245,1.1803654,10.447599,0.16582406,0.3138893,4.4095426
0.6268945,5158.532,0.07984026,10.218962,-2.5277274,-0.639149,6.660489
0.59839404,6701.275,8.215907,10.082627,2.1060722,-0.724211,4.149922
0.603245,6451.5815,8.212745,10.158373,2.1056871,0.54884136,4.510568
0.6478561,3528.9985,0.39552736,10.5888405,-0.9275353,-0.15733853,5.4314456
0.6098917,7217.1475,0.09939821,10.67945,-2.3086212,0.47925073,5.0579996
0.66443455,3845.6694,2.3453526,10.00743,0.8524358,-0.19520524,5.3808537
0.64834636,4435.798,5.731712,10.26598,1.7460142,-0.9253475,4.9685283
0.6197743,5084.817,0.31035766,10.199803,-1.1700299,1.4413612,6.1199846
0.6570823,3828.7349,0.21521536,10.396212,-1.5361161,-0.36578122,4.59736
0.59277964,7241.732,0.53422976,10.111416,-0.6269292,0.17723823,5.5593934
0.62237144,5395.04,1.69783,10.218742,0.52935094,-0.40973255,5.1531506
0.62183785,5270.1807,0.08810494,10.326119,-2.4292266,0.5519365,5.227683
0.6115302,6034.7607,2.9096842,10.335801,1.0680445,-0.4656431,5.2265215
0.6306893,4134.462,1.9997746,10.633204,0.69303447,-0.8443075,5.151701
0.63126487,4329.034,1.9063555,10.642667,0.6451933,-0.83201,5.032545
0.6391477,3835.673,0.47302702,10.654017,-0.74860275,-0.23987563,5.8891234
0.65189207,3437.024,0.41459417,10.600603,-0.88045514,-0.46021402,5.004529
0.6522229,3610.349,0.45494962,10.613403,-0.7875686,-0.75873935,5.0992885
0.6511063,3922.7368,2.008939,10.474417,0.69760674,-1.2911614,5.2685566
0.6217071,5310.8013,0.0064361575,10.20974,-5.0458236,1.8164405,5.4900494
0.6278519,4723.9585,1.0025308,10.542252,0.0025276477,-1.6792237,5.291267
0.6371403,4204.573,0.18581873,10.421362,-1.6829836,1.6473755,4.902024
0.5966224,6597.47,1.2627935,9.840576,0.23332633,-1.5332847,5.4610157
0.5927971,6514.4,0.8438879,9.820502,-0.16973555,0.7052014,4.82798
0.62544036,4572.9717,0.7180268,10.5755005,-0.33124837,-1.4450228,5.2025285
0.6309203,3988.5422,0.34434292,10.670099,-1.0661173,0.1646487,5.4689903
0.6322235,4578.6904,0.060581382,10.322796,-2.8037677,-0.36683872,4.9068766
0.61961406,5475.1787,0.26975727,10.219605,-1.3102328,-0.7030996,5.7335973
0.61518335,4996.6826,0.94068307,10.580305,-0.061149,0.6267464,5.047292
0.6148753,5120.9834,0.80807275,10.596751,-0.21310318,0.13907583,4.5280805
0.5969603,6261.549,0.016397135,9.933245,-4.1106486,-0.12545508,6.1872277
0.60589486,6088.6045,3.530999,10.551287,1.2615808,0.8872786,5.0196395
0.6150121,6093.9893,0.1493726,10.413424,-1.9013115,0.64215547,5.9365234
0.5959808,6478.2827,1.116854,9.734846,0.110515766,-0.6294216,4.695674
0.5936325,6295.408,0.9881413,9.688561,-0.011929557,-0.41370732,4.6980176
0.58779883,6535.9663,3.397721,9.711884,1.223105,-0.12133746,4.482225
0.6129818,6226.2783,3.7101705,10.516256,1.3110778,0.049957022,4.9464817
0.5859789,6517.808,0.7590787,9.394899,-0.27564985,0.22243519,4.8833847
0.6126037,6168.568,0.0044079693,10.241457,-5.424341,-1.5232964,5.3583775
0.60937905,6196.954,0.33626482,10.545871,-1.0898563,0.9156661,5.3454413
0.6047429,7383.9873,0.7530096,10.315082,-0.2836773,-1.0097175,5.2336397
0.64458877,4219.644,0.18191636,10.169299,-1.7042083,0.83284616,5.0363474
0.64312375,4269.5244,0.19524144,10.211238,-1.6335183,1.3109848,4.960988
0.6045618,6891.823,0.3925141,10.332079,-0.93518275,-0.10419386,6.0864353
0.5917994,6459.866,0.02438742,9.817884,-3.713688,1.3175907,4.882327
0.5970677,6404.8237,0.01965817,9.768494,-3.9292622,1.1570464,4.867641
0.61023766,6262.7764,39.99614,10.400777,3.688783,-0.11231715,5.5340214
0.6078882,6069.5024,0.13633509,9.837853,-1.9926395,-0.26277345,4.574014
0.5970465,6466.3384,0.10483313,9.956371,-2.2553854,0.010326497,5.947713
0.6015459,6260.8193,0.14256103,9.95934,-1.947985,-0.44910023,5.853571
0.59253055,6347.1416,0.06053138,9.698923,-2.8045933,1.8147079,6.117293
0.5898969,6596.3936,0.30755493,9.894058,-1.1791016,1.7034115,6.368155
0.58622247,6732.7524,1.2881758,9.154173,0.25322714,-0.22613384,4.9159613
0.60994166,6130.2065,0.8935815,10.256157,-0.1125177,0.49853298,5.306361
0.6292809,4436.775,0.22377111,10.533894,-1.4971316,0.83463526,6.0780993
0.58775616,6721.0674,0.023529485,9.617702,-3.749501,-1.0966287,4.1946874
0.5895117,7660.389,2.4908886,10.176995,0.9126395,2.0936384,5.9669504
0.58323705,7678.9053,0.72202253,10.046175,-0.32569888,1.5261914,5.9645777
0.6291656,5262.574,4.841095,10.251542,1.5771409,-1.2423966,4.1923347
0.6266373,5444.7036,0.9285731,10.25821,-0.07410619,-2.196131,3.9904833
0.6154936,5740.6494,1.7093035,10.05662,0.53608596,-1.886986,3.7018323
0.62130034,5794.5728,0.10363129,10.339555,-2.266916,-1.5755396,5.124689
0.6266188,5040.6416,1.207195,10.460818,0.18829948,-0.20862652,5.2094264
0.6454514,4320.2334,0.30606407,10.141512,-1.1839608,1.0219489,5.009782
0.6327745,4589.1655,0.082967155,10.382758,-2.4893105,1.1634749,4.8101954
0.64276606,4501.3584,10.384887,10.277926,2.3403516,0.8462112,4.633311
0.6298523,4756.753,0.01524253,10.421819,-4.1836658,0.009161651,5.7209625
0.62534857,4618.257,0.3159534,10.547782,-1.1521605,0.47629428,5.620651
0.5902981,7109.093,0.56910866,9.843906,-0.56368387,-1.0418584,5.126674
0.58712816,6511.912,0.10194288,9.881038,-2.2833426,1.5852212,5.5602107
0.5728558,7169.992,0.035409875,9.583708,-3.3407645,0.5080182,6.0232306
0.5836771,6937.5664,0.31053257,9.752499,-1.1694665,-0.673594,5.2660184
0.6076044,6210.5,0.17383896,10.127986,-1.7496259,0.9504042,4.9941177
0.6100494,6578.197,0.5448321,10.566928,-0.6072776,-1.6509149,5.317072
0.61725587,6282.001,0.14634119,10.547643,-1.9218144,-1.5057632,4.61539
0.6134241,5378.7593,2.8282251,10.652713,1.0396494,1.3878763,5.598766
0.6060554,5399.1,2.7373958,10.654546,1.007007,1.335365,5.688246
0.63838357,4631.0283,0.048905965,10.3319025,-3.017856,-1.2944258,4.916519
0.627275,4738.579,0.045206174,10.387828,-3.0965216,-0.66550124,6.515069
0.639291,4716.583,2.915955,10.136506,1.0701975,0.35900402,4.3137426
0.66199946,3802.1653,0.054206554,10.187246,-2.9149535,-1.5542114,4.717305
0.6369287,4823.743,0.017002244,10.166146,-4.07441,-2.2336237,5.3916454
0.6157441,6021.3145,0.40283912,10.386536,-0.909218,-1.1381286,5.1650095
0.6130167,6415.9595,0.08478149,10.388403,-2.467678,-1.6390663,4.8825727
0.61658883,5491.7964,0.0128757525,10.522242,-4.3524094,0.20303272,4.2026267
0.6127116,5808.821,0.02356391,10.507116,-3.748039,0.3228556,4.369419
0.6164855,5878.179,2.3197954,10.440178,0.84147894,-1.3756008,5.893276
0.6112852,7134.4766,0.0393723,10.438994,-3.2346928,0.40860507,5.2389016
0.60332394,6745.4844,0.020243715,10.394285,-3.899911,0.41653892,5.531276
0.6043572,6343.5366,0.30113733,10.343231,-1.2001889,1.2815872,4.2338514
0.60758364,6124.458,0.597265,10.358301,-0.51539433,0.9486618,4.8342276
0.60188407,6315.567,0.11148119,10.158824,-2.1938994,0.5758138,4.9292145
0.60314786,6154.7744,0.09304033,10.118095,-2.3747222,0.3962171,6.0597787
0.60789156,6089.991,0.14258648,10.1756735,-1.9478066,0.41729385,5.864351
0.6100943,6090.009,0.3003842,10.160267,-1.202693,0.08165199,5.451921
0.62762934,4583.554,0.49734148,10.3966,-0.6984784,-0.059211258,5.141802
0.62015283,5090.12,4.265114,10.327939,1.4504689,0.9317129,5.654752
0.6324622,4677.491,0.53489625,10.3387165,-0.6256825,-0.7844689,4.6392837
0.6416955,4543.692,0.044433393,10.195493,-3.113764,-1.6857988,5.1694145
0.6308191,5132.8486,0.0016532486,10.105451,-6.405013,-1.1003306,6.2265244
0.641904,4511.4736,0.057489607,10.07326,-2.856151,-1.6027848,6.204345
0.63968635,4573.426,0.18725926,10.091,-1.6752613,-1.6947137,5.551152
0.62034523,5185.5503,0.12660265,10.115568,-2.066702,1.6049691,4.8307786
0.6432434,4532.1924,0.08828892,10.369808,-2.4271407,-1.6119549,6.407015
0.64258015,4384.423,0.032495983,10.2446785,-3.4266388,1.3145086,7.06596
0.6364935,4328.323,0.060287546,10.450855,-2.8086298,1.2426156,6.3734407
0.6458508,4350.8906,3.9120562,10.234829,1.3640631,-0.039528135,5.278348
0.6578429,4102.1216,1.9033463,9.923909,0.6436136,-0.8977977,5.861779
0.63116705,4073.232,0.018537914,10.63203,-3.9879372,1.2169626,4.4243817
0.6319004,4208.3438,0.017750822,10.583418,-4.0313234,1.1383233,4.422731
0.6431954,4348.7495,3.7718894,10.3664055,1.327576,-0.20351924,5.0958533
0.6297612,4797.1675,1.9497142,10.387469,0.66768277,-0.5333743,6.4140863
0.6398291,4351.4995,6.758647,10.544452,1.9108227,1.0104101,5.4653735
0.61626613,5783.252,0.64310926,10.172891,-0.4414406,-1.3222547,5.1163654
0.61762637,4536.65,0.27202725,10.680831,-1.3018531,1.4692417,5.190568
0.5997496,6101.173,0.5927158,10.887246,-0.5230403,0.032379206,4.8267975
0.59702456,5941.409,0.41264683,10.879137,-0.8851632,-0.941679,5.271823
0.6086646,5251.7637,0.34734696,10.710031,-1.0574311,1.2394484,6.2594748
0.6116438,6036.293,0.14850307,10.5836115,-1.9071497,1.3861865,6.2680507
0.5912869,5606.98,0.47995037,10.817497,-0.73407257,0.9641261,5.4641247
0.5922593,5336.586,0.45850506,10.869497,-0.77978396,-0.06989264,6.402837
0.60984427,6276.912,13.059393,10.835825,2.5695076,0.2550307,6.0057573
0.5985978,6213.5405,0.021913039,9.366217,-3.8206735,-0.25889468,5.1716094
0.5971303,6209.7275,0.025248906,9.388969,-3.6789725,-0.40586537,5.0403986
0.5986015,6217.7744,0.016987778,9.346723,-4.075261,-0.6559178,4.855176
0.6068538,5972.044,0.119162165,9.833966,-2.12727,-0.10905054,4.490856
0.62561697,5623.515,0.3683892,10.239418,-0.9986153,-0.50425977,4.3118477
0.61850095,5129.617,0.20766506,10.205774,-1.5718288,-0.5890254,4.5154676
0.6345508,4548.5547,0.30316967,10.296893,-1.1934627,-0.94004256,4.9240723
0.6270292,4893.6816,0.9440663,10.321095,-0.05755892,-0.59673184,4.4792438
0.62049204,5540.4204,0.44043618,10.2727585,-0.81998974,-1.3469245,5.8351583
0.6135886,5696.667,0.6703371,10.092059,-0.39997464,1.4981556,4.576131
0.61233103,5741.887,0.1173498,9.808109,-2.142596,-0.57019734,5.416214
0.6141568,6109.829,1.418224,10.4968195,0.34940538,-0.119952254,4.900265
0.62572217,5078.3813,0.99730265,10.478363,-0.0027009642,0.1985448,5.6487255
0.6141274,5165.03,0.2873278,10.53324,-1.2471316,1.8508003,4.985574
0.6122594,6252.913,0.8530567,10.381683,-0.15892921,0.07880009,5.736972
0.6213956,5592.3994,0.2635327,10.26547,-1.3335779,-0.65401787,5.3960547
0.64565504,4405.878,5.673459,10.319785,1.735799,0.13865118,5.1604023
0.65988684,3832.302,0.20804706,10.221014,-1.569991,-0.14907348,5.6313305
0.66304386,3782.4465,0.19114763,10.139076,-1.6547092,0.07969491,5.857749
0.6342485,3916.4922,0.12192788,10.594065,-2.1043255,0.4353486,5.7112794
0.65181994,4013.75,2.1698112,9.653961,0.77464014,0.41718218,4.9515486
0.64823294,3556.067,0.10208244,10.606678,-2.2819746,-0.26701498,5.6398144
0.63659465,4700.1743,3.2915275,10.030847,1.1913518,0.17240487,4.7944407
0.6279263,4250.8604,0.02659091,10.576951,-3.6271858,1.2526891,5.5231686
0.5956547,6515.9365,6.545989,9.940712,1.8788525,-1.1378808,4.979733
0.57860917,7198.6143,0.3820882,9.779037,-0.9621038,0.48986766,5.433233
0.5815913,6818.501,0.20783319,9.406182,-1.5710195,0.7589988,5.962413
0.581059,6715.6274,1.7667018,9.49624,0.56911445,0.8338485,6.490191
0.6120248,6198.879,0.09243129,10.431055,-2.3812897,-0.1278135,4.222585
0.63610196,4699.4316,1.2498091,10.292359,0.22299086,1.1484333,6.6970673
0.61914706,5526.2,1.4442415,10.1832905,0.36758426,1.8058656,5.7638483
0.60522586,6079.6367,4.9614453,10.015663,1.6016971,1.7171437,5.2281876
0.59927005,5070.001,0.1366443,10.7986555,-1.9903741,-1.7711351,5.498397
0.613237,5168.703,1.0342331,9.468567,0.033660203,2.8212812,5.9635124
0.61956364,5319.9795,0.03826636,9.7488575,-3.263184,-0.1793825,5.872014
0.60838634,6931.7563,1.3955255,10.585815,0.33327103,0.39193007,4.835635
0.59870946,6002.5747,5.297661,9.680798,1.6672654,1.0573579,4.4092555
0.6149737,6111.292,0.19005994,10.380607,-1.6604158,-0.39367735,4.8533273
0.60598457,6594.827,0.04371303,10.234058,-3.130109,0.46746793,4.5800185
0.5942918,7081.677,0.27035147,9.92591,-1.3080324,-1.6362823,4.719899
0.59503365,6463.933,4.286195,9.818903,1.4553994,1.5516924,6.9937716
0.5944606,6367.6567,1.4525079,9.667497,0.3732916,0.5666072,6.4190145
0.5834093,7286.1885,7.3803945,10.043019,1.9988271,0.9546109,4.4923377
0.56837827,8550.526,0.2734807,9.991893,-1.2965242,-0.5702444,4.9927177
0.5790484,7488.218,0.8382193,9.857817,-0.17647551,1.0278535,5.209073
0.6131934,5776.9453,5.871243,10.017584,1.7700664,0.15330231,5.4491606
0.61344916,5774.2993,1.2406628,10.0561,0.21564579,0.14715905,5.4195914
0.61473995,6017.5254,1.6680858,10.034023,0.5116767,-0.021545481,5.3837914
0.6142882,5601.026,0.20080335,10.069241,-1.6054292,0.20727953,4.6035194
0.59850496,6825.968,0.46031472,10.080639,-0.7758449,1.5470178,5.8023043
0.64292634,4046.7144,0.05321278,10.422287,-2.9334567,1.6055574,6.6984453
0.654035,3800.4,0.09580509,10.407006,-2.3454394,1.1848297,6.626708
0.6392808,4303.599,0.8434913,10.36346,-0.17020564,-1.6071281,5.702938
0.61342376,6245.7725,8.387831,10.402243,2.126782,0.9927738,4.675045
0.6059438,5991.66,3.0690134,10.199909,1.1213561,0.90422845,5.697546
0.6195698,6078.167,1.7779137,10.451834,0.5754406,0.62273544,6.3394156
0.61069113,6043.3433,2.1116972,10.037349,0.74749196,0.17649722,4.995471
0.6236226,4381.9644,0.019729804,10.715681,-3.9256248,1.1141979,5.1956887
0.598037,7134.2876,3.5775416,10.289673,1.2746758,-0.1281765,5.250578
0.6173367,4511.9487,2.2212138,10.789192,0.79805386,-0.8846187,5.435924
0.6148682,4511.0005,2.2596745,10.832087,0.8152208,-0.30988318,5.678877
0.61932963,5829.707,0.22674125,10.216613,-1.4839457,0.0985242,6.0976114
0.6043019,6170.302,0.048436295,10.620692,-3.0275059,0.28883368,6.984096
0.6196506,5186.534,1.9088051,10.053207,0.64647746,0.31423682,4.522467
0.6079588,5901.5435,0.045408376,10.597783,-3.0920587,0.092779785,6.127179
0.6298085,4804.9795,0.46282977,10.082893,-0.77039593,0.19137916,4.338738
0.6462222,3954.8862,0.10964665,10.399869,-2.2104924,1.2100737,6.607023
0.64577216,3777.2104,0.05653362,10.591835,-2.8729198,0.8731766,6.251009
0.6220707,5272.0635,0.16150288,10.16913,-1.8232323,-0.4828003,5.0552135
0.62596625,5219.1074,0.1412949,10.089675,-1.9569061,-0.11826275,5.528241
0.60386896,6932.3296,0.06325234,10.209979,-2.7606232,-0.04134934,6.10103
0.6409106,4046.7402,2.265695,10.5451,0.81788164,0.58537227,4.50183
0.62237597,5361.862,4.7158203,10.10186,1.5509229,-0.10863531,6.732943
0.61246645,6603.513,0.0049832906,10.383855,-5.301665,-0.3295336,4.8869724
0.5828185,6540.86,3.1720746,9.538988,1.1543858,0.70894104,5.5309544
0.6017405,6164.178,0.30667326,9.988064,-1.1819724,0.17483594,4.6342897
0.5965849,5002.243,0.07526823,10.863594,-2.586697,0.36298886,5.8349886
0.5972272,4831.1157,0.3399192,10.871545,-1.0790473,-0.2706542,5.291094
0.5945109,5093.168,0.021354552,10.850412,-3.8464904,0.4444619,5.0081596
0.59756625,5056.2417,0.012643607,10.843117,-4.3706036,0.16865532,4.7084007
0.6216324,5141.2817,3.2640254,9.837308,1.1829612,-0.09597594,6.0347047
0.63461554,4573.343,4.8911543,10.559025,1.5874283,0.48769495,6.0633245
0.6257718,5154.1963,2.3591256,10.414142,0.8582911,0.2631391,6.0902157
0.61337465,5992.5537,0.53206885,10.281459,-0.6309824,-0.10005656,4.4257073
0.61660177,5843.497,0.5029268,10.265731,-0.68731064,-0.00882926,4.4235053
0.62824875,5020.908,0.10406378,10.342331,-2.2627513,-0.0719115,6.4431467
0.63217854,4791.164,0.085441224,10.361887,-2.4599266,-0.5297028,6.449952
0.63046,4697.94,0.12918732,10.308828,-2.0464919,-0.31715629,5.997631
0.63257474,4851.468,0.12464713,10.322929,-2.0822685,-0.25258484,6.071781
0.61003274,6568.0366,0.16496043,10.237786,-1.8020496,0.5260813,4.447205
0.6063565,6241.9956,0.033646945,10.699924,-3.391833,-0.49667242,5.6138906
0.6300075,4895.0015,1.1881905,10.506307,0.17243148,-0.20141406,6.14234
0.63170654,4859.2065,11.088974,10.634829,2.4059513,-1.1577764,5.3605056
0.64897907,4442.3174,5.4071155,10.183133,1.6877158,-0.43256798,6.196623
0.63794774,4514.0303,0.030108677,10.490303,-3.5029418,-1.2100223,5.358412
0.60212034,5968.565,19.293951,9.918236,2.9597917,0.074267015,6.25225
0.60860884,4593.41,0.00893258,10.735414,-4.71805,0.5425039,4.456811
0.6082975,6435.718,0.056819804,10.203732,-2.8678703,-0.33482596,4.687663
0.6139063,5781.83,0.17634562,10.571226,-1.7353095,-0.33585107,5.803089
0.6284525,4536.747,0.92117655,10.529877,-0.082103595,-1.4441129,5.2421045
0.630823,4955.919,1.2413146,10.432913,0.21617104,-1.4382069,5.018483
0.61589617,5519.0557,0.46582195,10.350592,-0.7639518,0.6977468,5.801814
0.602299,6560.743,3.1469886,10.043822,1.146446,-0.29377308,4.371598
0.6236504,4904.0894,0.025916457,10.449028,-3.652877,0.34965163,6.0653725
0.6288494,4828.38,0.03904048,10.382244,-3.2431562,0.15517136,4.594891
0.6030973,6287.0664,0.44370657,9.954946,-0.8125918,-0.20771585,5.8474264
0.59724486,6394.126,0.067559086,9.650538,-2.6947527,-0.8311802,5.465559
0.6007324,4260.55,1.3171527,10.857746,0.2754724,0.90896046,5.7887535
0.6054336,5038.2393,0.64663684,10.78341,-0.43597043,-1.5915012,5.746661
0.6131675,5653.0054,0.17042388,9.680317,-1.7694665,0.23999447,4.886504
0.6145203,5357.288,0.1441435,9.7878,-1.9369459,2.0135381,4.8429575
0.63527584,4586.563,0.06839735,9.856401,-2.6824212,1.0982292,4.7393394
0.6316602,4892.88,0.11501521,9.848066,-2.1626909,1.581889,5.34367
0.6173279,5195.876,0.24756165,9.808756,-1.3960956,0.25191152,5.6851754
0.63685703,4522.181,3.9653854,10.434628,1.377603,0.40896818,5.67844
0.5915542,7650.6235,1.0262766,10.15846,0.025937323,1.2199899,4.9616346
0.6267632,5242.212,0.15236628,9.884772,-1.8814679,-0.3082288,5.512963
0.6277917,5101.04,0.023584532,9.841488,-3.7471642,-0.19465901,6.364289
0.62279236,5436.7686,0.02407875,10.113578,-3.7264256,-0.19191442,5.8845215
0.6172759,5505.071,3.7750404,10.460139,1.3284111,0.01150751,4.781995
0.61692023,5792.1675,0.9101348,10.503276,-0.09416259,-0.39031065,6.169515
0.64854664,3728.423,0.14790575,10.4025755,-1.91118,0.6738529,6.024834
0.60371155,6680.982,0.6699399,10.127623,-0.40056732,-0.8683302,4.8729005
0.6149154,5105.238,0.18558337,10.515979,-1.6842511,0.8686116,5.1636324
0.6265627,4887.7065,0.18920965,10.456096,-1.6648996,0.104586735,4.8750763
0.63011694,5075.5015,0.019402783,10.122466,-3.9423387,-0.91314983,4.6192975
0.632035,5062.7065,0.040882606,10.113358,-3.1970506,-0.5469774,4.109835
0.6240592,5339.71,0.021344433,10.202295,-3.8469644,-1.65879,4.875822
0.62263095,5034.3906,1.6356779,9.912448,0.49205735,1.7821845,5.168398
0.60742605,5662.4014,0.15212072,10.65831,-1.8830808,0.36997455,6.494975
0.6145312,5559.545,0.19694999,10.675977,-1.6248055,0.10542641,6.3175955
0.6147741,4026.8618,0.01993975,10.737036,-3.91504,1.1469994,4.7752123
0.6245321,3986.9407,0.030662958,10.7017355,-3.4847,0.64318454,5.702841
0.62864983,3923.3914,0.005896743,10.655163,-5.133355,0.68313324,5.3674254
0.63570344,3986.7832,0.005962316,10.650138,-5.1222963,0.8514402,5.3885803
0.62389314,4654.2666,0.0033593806,10.581995,-5.6959987,-0.13793579,5.8496437
0.6253501,4074.9536,0.005974445,10.700526,-5.120264,0.38356394,5.023509
0.6092821,4861.648,0.15427665,10.725909,-1.8690078,1.0578345,4.950983
0.6135442,6894.9346,2.2040915,10.608782,0.79031545,-0.4006488,6.9022007
0.6194237,5354.285,0.28046674,10.312172,-1.2713002,1.0151757,4.7389865
0.6138655,5191.6177,0.1357798,10.561574,-1.9967208,2.427066,5.4578795
0.6214242,5286.888,7.7287354,9.849938,2.0449452,-1.2633345,5.3919396
0.63248956,4128.077,0.021412186,10.608986,-3.843795,0.97777355,4.9974117
0.6141802,6004.2563,0.38522336,10.009508,-0.953932,-1.5877981,6.446208
0.6135696,5433.304,0.46071076,10.481651,-0.77498484,1.6199362,4.5352745
0.63980174,4091.632,0.11360361,10.596942,-2.17504,-1.3050363,6.2116065
0.64032644,4783.761,2.5728707,10.11627,0.94502234,-1.5536821,5.7192693
0.60598093,6145.8765,0.22301805,10.101803,-1.5005026,-0.16347457,5.8217373
0.6178632,5386.944,2.0140107,9.809407,0.70012814,0.42922795,4.4465766
0.6120398,6627.0415,0.074284635,10.418478,-2.5998511,-0.6447389,5.3718443
0.6152817,5601.946,2.0133102,10.007578,0.6997802,1.241065,4.846649
0.6318146,4554.2583,0.018668912,10.465752,-3.9808955,0.97440517,5.272365
0.63413274,4857.3193,0.028054867,10.06403,-3.5735931,1.0934844,4.8721714
0.63322234,4844.01,0.028978672,10.128859,-3.5411952,0.6170623,5.0410476
0.6160613,5712.481,0.8236455,10.511739,-0.19401506,-0.6340486,5.188632
0.6056708,6852.935,0.67912287,10.358265,-0.38695323,1.2733918,5.2063856
0.6205399,5450.803,0.41999644,9.878584,-0.86750907,-0.5369068,5.329888
0.6109434,5571.645,0.8157089,10.575202,-0.20369774,-0.46771875,4.757918
0.62449944,4965.684,0.5609352,10.557058,-0.5781499,0.27164748,6.0156746
0.6311667,4453.8286,2.2425504,10.631984,0.80761373,-0.67153907,5.369118
0.63727,4747.498,0.2699343,10.068619,-1.3095767,0.90207493,3.9619374
0.6378633,4231.5225,0.14693992,10.472473,-1.9177315,-0.4141447,3.8451197
0.6409254,4478.759,0.17739373,10.407066,-1.7293836,-0.61364895,4.059381
0.64319396,4361.952,0.32832593,10.34013,-1.1137484,0.12992905,4.3822947
0.6121173,5701.337,0.8714493,9.961387,-0.1375976,-0.22794883,6.2578897
0.6008356,7122.54,2.2856216,10.3249035,0.82663804,-0.6620559,4.4739375
0.6070772,5691.174,2.6821606,10.70874,0.9866227,-0.2957468,5.4102297
0.60341483,5491.4824,1.046759,10.781662,0.045698777,0.38597432,5.187215
0.60341483,5491.4824,1.046759,10.781662,0.045698777,0.38597432,5.187215
0.61067003,4463.08,0.60712373,10.788206,-0.49902272,-0.9547833,5.4321823
0.61706734,3707.007,1.1489158,10.869523,0.1388187,-0.45099252,5.033967
0.6203728,3645.2563,1.2117457,10.865798,0.19206204,-0.6190463,5.070818
0.6193128,3513.45,1.1455798,10.863999,0.13591087,-0.49831134,5.1142564
0.6193128,3513.45,1.1455798,10.863999,0.13591087,-0.49831134,5.1142564
0.6193128,3513.45,1.1455798,10.863999,0.13591087,-0.49831134,5.1142564
0.6184723,3599.893,0.73601234,10.828047,-0.3065084,-0.5900547,5.099587
0.6210955,3552.8281,1.1788118,10.838999,0.16450696,-0.3792585,5.03432
0.6118605,7434.449,0.07260992,10.57573,-2.6226537,0.8466187,5.953658
0.61511886,5825.193,0.2558174,10.675074,-1.3632913,-0.7472744,5.8375125
0.62682444,5502.7793,1.7584625,10.36897,0.5644399,-0.90860236,6.559231
0.6335291,5132.334,10.148213,10.511731,2.3172977,-1.1286978,6.1549144
0.6121673,5559.448,0.21566263,9.930375,-1.53404,0.16128708,5.3722277
0.6121473,5535.7783,0.6316123,10.55102,-0.4594795,-0.14884494,4.7669034
0.62618816,5244.1045,6.998114,10.18087,1.9456407,-0.26145342,5.5516996
0.6196426,5470.4224,2.4230227,10.155341,0.8850158,0.16326204,5.382148
0.60964453,5917.5913,0.95139354,10.032271,-0.04982749,0.57688594,4.8243084
0.6111665,6414.6865,1.1108993,10.287676,0.10516994,-1.0305828,5.542816
0.60142577,7028.8955,0.05275978,10.357087,-2.942006,1.0111123,5.773011
0.60063434,6255.2285,0.05438268,10.820318,-2.9117095,2.1145377,5.132424
0.6043533,5634.8213,0.24774085,10.640385,-1.395372,1.7875671,5.187776
0.6839949,3442.0286,0.48518187,10.162789,-0.7232315,-2.3107355,4.6159678
0.63292396,4819.783,0.9888075,10.144028,-0.011255596,0.15374644,5.7434826
0.6317831,4037.1282,0.26789793,10.617827,-1.3171492,1.0346771,5.5179653
0.6113022,6001.3027,1.0689324,9.899285,0.066660434,-1.4045004,5.6536136
0.61825544,5318.6265,0.9852622,9.656861,-0.014847487,-1.7128067,5.4987564
0.6304685,4695.117,1.419025,10.334328,0.34997,1.9438775,5.472908
0.6363227,4483.713,16.53526,10.697776,2.805495,0.5809079,5.114505
0.6150633,5814.1826,0.013397165,10.291262,-4.312712,-0.79361814,4.897127
0.60406053,6646.4814,0.08185008,10.048125,-2.502866,0.73475385,4.8780336
0.58948046,7106.018,1.1828396,9.969439,0.16791803,-0.90757704,5.7241125
0.58209085,6751.548,1.0704857,9.546773,0.06811245,0.80205667,5.7558193
0.6164643,5872.6904,0.20706771,10.221449,-1.5747094,-0.2884365,5.430733
0.6198312,5587.5137,0.15926188,10.330861,-1.8372054,-0.44875228,6.2191143
0.6180234,4989.6724,0.018407747,10.550509,-3.9949837,0.03818942,5.922214
0.63356864,4837.8335,4.8859234,9.979602,1.5863583,-1.4970658,6.0486298
0.6222906,5554.1704,2.5254173,10.102738,0.9264063,-0.7413265,5.895132
0.6018757,6041.495,0.19259809,9.748036,-1.6471497,1.0965402,6.101876
0.5912672,7543.7944,0.019394718,10.109554,-3.9427545,-0.020287137,5.9674883
0.5857719,6774.6787,0.0005728735,9.950289,-7.4648457,1.8119295,4.948718
0.5979629,7183.2334,0.0008375121,10.321283,-7.085075,0.40396968,6.573308
0.60501814,6179.7227,0.0046619014,10.145416,-5.368332,-0.15238348,6.234911
0.61907035,6142.9,0.013256112,10.354234,-4.3232965,-0.61071754,6.029388
0.5984454,5984.406,0.3123813,9.907017,-1.1635307,1.992484,5.8406587
0.5923568,6336.2646,0.21671659,9.782245,-1.5291648,1.8802168,5.639813
0.6096352,5337.8076,0.07936581,10.790136,-2.5336876,-1.8990949,4.869583
0.60191274,5214.3174,0.04191419,10.876204,-3.1721308,-1.7774048,5.827128
0.58632326,4734.497,0.042042077,10.942615,-3.1690843,-1.9588895,5.0929823
0.5986208,6131.5713,0.017426783,10.870015,-4.049747,-1.5854473,6.4964414
0.6174882,4892.9814,0.038130525,10.534181,-3.26674,-0.1788157,5.637068
0.62358654,5435.17,0.039012454,10.0999365,-3.2438743,1.222889,5.2968626
0.61231565,6677.572,0.9452107,10.489325,-0.05634743,0.37132183,5.4206467
0.61234844,5649.8384,0.12440291,10.710069,-2.0842297,0.120568216,5.6104937
0.61056256,5954.3633,0.43776768,10.3506975,-0.8260669,1.0708556,5.9361134
0.60606617,6479.5723,0.24231602,10.244056,-1.4175125,0.2353392,6.378661
0.6109741,6178.4966,0.32552478,10.29734,-1.1223167,0.26247028,6.5473614
0.6174603,5398.6143,0.029675892,10.157829,-3.5174203,-0.087485135,5.5677986
0.6127975,6031.223,0.07543035,9.927647,-2.5845456,-0.86248183,5.223277
0.6180779,5571.749,0.30329046,9.984504,-1.1930643,-0.8746768,5.4471116
0.626471,5109.1885,0.07725109,10.186837,-2.5606942,1.1156888,5.7747498
0.61804885,5655.165,0.21573132,10.213423,-1.5337216,-0.43928376,4.2566466
0.6142383,5938.828,0.14631966,10.449532,-1.9219617,0.09407775,6.011103
0.64099276,4187.913,0.5804086,10.431306,-0.544023,-0.10476084,4.541663
0.6416703,4557.965,0.011558322,10.276922,-4.4603496,-1.011932,4.697234
0.6221822,5104.593,0.26318312,10.492216,-1.3349053,0.098644495,5.0949507
0.62414193,5111.439,0.15295242,10.319212,-1.8776284,2.2910075,5.609271
0.62298465,5256.4062,0.05041036,10.276139,-2.9875586,-0.9814598,4.975174
0.62799495,4649.54,0.41887537,10.43679,-0.87018186,-0.2445519,5.692076
0.62643707,4597.079,0.0477545,10.437835,-3.041682,1.670531,4.8169413
0.6257174,5153.95,0.056217235,10.380516,-2.878532,1.235901,4.836836
0.6162255,5650.353,2.3037431,10.301614,0.83453524,-1.2231946,5.8051906
0.6316123,5207.5684,6.795909,10.525581,1.9163208,-0.920935,5.441778
0.6268799,4977.2573,5.8259306,10.398942,1.7623187,-0.9735712,5.4526215
0.610273,6245.6724,0.42492902,10.33529,-0.8558331,-0.83915675,5.375998
0.6213378,5202.3594,1.9670959,10.53937,0.67655826,-0.16405904,6.3181944
0.63064045,5052.6416,5.372057,10.178052,1.6812109,-0.6170908,5.1923676
0.6241625,5352.5693,1.6585281,10.366955,0.50593054,0.5901521,4.7055707
0.64331275,4349.2925,15.639619,10.594809,2.7498074,-0.7190422,4.5963726
0.61266565,5882.345,0.0125171235,10.152613,-4.3806577,0.59589976,5.5052414
0.62879276,4678.6685,0.6244448,10.484585,-0.47089237,0.07134323,5.005388
0.6239479,5473.7217,1.8709297,10.066383,0.62643546,-0.05130753,6.0178986
0.6124826,5592.866,0.06861414,10.552406,-2.6792567,0.42206767,4.436571
0.62442976,5156.127,0.26398227,10.39281,-1.3318733,-0.30157828,4.418933
0.6008774,6100.2944,0.22978576,9.697634,-1.4706079,-0.4610027,4.6049733
0.5998828,6163.5674,0.23123156,9.682911,-1.4643357,-0.35457933,4.473531
0.6006184,5983.091,8.648788,9.815109,2.1574192,0.47042683,5.587027
0.61475915,5885.944,4.8247986,10.139273,1.573769,-0.9846821,5.13369
0.6335162,4431.02,0.39826524,10.40647,-0.9206371,0.9797985,4.606249
0.6132517,5811.5977,0.049608707,10.05228,-3.003589,-0.73409563,4.860589
0.6041813,6407.282,0.028196713,10.040499,-3.5685499,-0.09796356,5.141012
0.61355937,5554.309,2.0122452,9.906891,0.6992511,0.031182297,4.6446652
0.6242618,4939.0366,0.028979003,10.5872345,-3.5411837,0.38691965,6.111961
0.6104001,6527.5454,0.030321833,10.066171,-3.4958873,-2.4251182,4.940524
0.61391896,5552.781,0.07078052,9.957783,-2.6481714,0.1051331,5.872583
0.59725916,6080.8584,0.014055762,9.751319,-4.264723,1.3017738,5.3026257
0.62217987,5145.1826,0.08776344,10.373241,-2.4331102,-0.07353569,4.8482037
0.64957774,3954.5618,0.023801912,10.2691,-3.7379894,0.110597275,6.0794725
0.6645895,3699.1113,0.64772797,10.214745,-0.43428442,0.95609534,5.1150274
0.6546701,4219.8955,0.10483083,10.091227,-2.2554073,-1.4603944,4.7424016
0.6387005,4546.107,0.03508199,10.340744,-3.3500674,-0.40420276,4.2151074
0.6478489,4258.645,0.2116251,10.100444,-1.5529389,-0.10101427,5.8174896
0.61292565,5350.7256,0.58264625,10.610695,-0.5401751,-0.26400343,5.546606
0.61849326,5491.6807,1.5803466,10.491192,0.45764422,0.07904255,5.2208586
0.61758703,5489.688,3.421422,10.477995,1.2300563,0.39524692,5.495589
0.63517815,4808.326,1.025189,10.134396,0.024877012,-0.6442753,5.525932
0.6450484,3933.2134,0.2511372,10.521982,-1.3817558,-0.49845248,5.1622815
0.59634554,5983.9165,0.42169964,10.881961,-0.863462,0.71232,5.238882
0.59529185,5934.673,0.31117183,10.907726,-1.16741,0.18549183,5.049055
0.62274843,5134.5137,0.59779966,9.54049,-0.5144996,0.3986532,5.673956
0.60354084,5933.947,0.3444717,9.730514,-1.0657433,0.63163143,5.878845
0.6027452,6383.1553,0.06254905,10.034087,-2.7718043,0.31317794,5.608083
0.6426783,4494.5713,0.5249779,10.089103,-0.64439905,-0.21844319,5.4903584
0.6333697,4891.04,0.6420418,9.93144,-0.44310182,0.89358646,5.6937466
0.642852,4288.399,0.59505785,9.804045,-0.5190967,1.1220406,5.6223288
0.6485603,4207.958,0.2880666,10.085395,-1.2445636,0.2100913,5.3773804
0.6475323,4317.846,0.24785806,9.996942,-1.394899,1.5592076,5.5126524
0.6479913,4163.371,0.24865128,10.015311,-1.3917038,1.4626056,6.016637
0.63321507,4672.904,0.19325477,9.96925,-1.6437459,1.0733751,5.550273
0.6448417,4126.4365,5.6512337,10.421763,1.7318739,0.8189656,5.6183987
0.598962,6823.1006,0.30930135,9.929564,-1.1734393,-2.4021835,4.5577087
0.6107112,4326.3706,0.07214668,10.770152,-2.629054,-1.6721601,5.3301353
0.61128104,4915.962,0.12775715,10.753706,-2.057624,0.03850082,4.9422607
0.6263741,4139.963,0.15052007,10.665503,-1.8936589,0.17456885,5.011284
0.60881007,6925.8267,1.2838244,10.436151,0.24984346,-0.2588656,5.406507
0.6098801,5874.7803,1.1760089,10.335855,0.16212644,0.5961606,5.4520054
0.5985784,6661.927,1.2018896,10.249433,0.18389502,1.3660748,6.1499395
0.63398045,4888.7334,0.086992644,10.219583,-2.4419317,-0.87479824,5.023055
0.62863183,4957.8237,0.30458558,10.298962,-1.1888032,-0.31760186,5.0920076
0.6621567,3844.6401,3.6833973,10.212459,1.3038355,0.72944117,4.5628567
0.6495658,4251.577,1.3469665,9.982558,0.29785505,1.6732997,5.2713966
0.620347,4227.976,0.18187863,10.663219,-1.7044157,0.93630075,5.2786827
0.6265086,3938.0735,0.099049084,10.675566,-2.3121397,1.5022001,5.1460648
0.6320546,3954.1313,0.031846862,10.624608,-3.4468164,1.272386,5.122114
0.61232513,5922.477,14.557822,10.091082,2.6781285,-1.2405788,5.508131
0.6111789,6083.8657,0.16134413,10.418555,-1.8242158,-0.019521972,4.6115403
0.6114527,5338.2573,1.0431399,10.729954,0.04223535,-0.35789803,4.582515
0.61547786,4648.669,1.330921,10.736352,0.28587124,0.40207636,4.310305
0.6325591,4835.6597,3.7254746,10.120365,1.3151942,-0.37842417,5.1112223
0.6171036,5134.5835,0.055219304,10.617655,-2.8964427,0.09282024,5.05641
0.5896441,6425.0034,0.9958454,9.728664,-0.004163255,-0.26553214,5.5074744
0.57996964,7345.0117,0.06858442,9.775131,-2.67969,0.65785587,5.980508
0.5803591,7241.3604,0.08773491,9.821196,-2.4334354,0.5867444,5.9398723
0.61637366,5737.036,0.05792908,10.439035,-2.8485358,0.12944333,4.77867
0.6135982,5917.704,0.07968463,10.440385,-2.5296786,-0.47452644,4.3970346
0.61039644,6143.747,0.010233985,10.320357,-4.5820413,0.30438396,4.5406055
0.63394785,4811.2607,0.13438609,10.042174,-2.0070384,1.1130531,5.973999
0.59696555,6093.993,0.34890798,9.775177,-1.052947,1.533521,5.098609
0.61062974,5969.0146,0.247699,9.964698,-1.395541,2.0340228,5.071426
0.60262406,5821.3613,0.33400902,9.952816,-1.0965873,1.7836412,4.965208
0.5885041,6353.5034,0.10061821,9.692175,-2.296422,1.2873203,4.7958336
0.6183218,5573.5034,0.15974204,10.15955,-1.834195,0.1261939,5.689394
0.61989594,5595.2505,9.7537985,10.424135,2.2776568,0.034354113,4.471418
0.6357976,4780.539,0.008788015,10.062912,-4.7343664,-0.44816014,5.705891
0.5935352,6742.431,0.5555546,9.989606,-0.5877883,1.146154,4.6639357
0.6032232,6269.026,0.031275894,9.8164015,-3.4649076,0.0027849553,5.604769
0.64520794,4833.677,31.236244,10.133838,3.441579,0.3123133,5.1762686
0.64625096,4159.858,2.190578,10.435213,0.7841654,-0.05275444,4.4516706
0.6499729,4155.081,5.797328,10.2456,1.7573972,0.7538403,5.454733
0.6282711,4829.649,0.027779803,10.441304,-3.583446,-0.7491778,4.863311
0.6147284,5773.1504,1.2586024,10.045356,0.23000184,0.6803401,5.622847
0.64357674,4247.526,0.19612575,10.317682,-1.6289992,-1.0823549,6.0582676
0.63443696,4833.656,0.5609516,10.363972,-0.57812065,-0.8367841,5.7165346
0.6190661,5486.788,0.6323676,9.927971,-0.45828435,0.870374,4.909929
0.6082305,6323.2305,1.3339953,10.162245,0.2881785,1.4137208,5.183039
0.61520386,5620.513,0.08188066,10.428974,-2.5024924,0.5739945,6.1745744
0.6137301,5866.9526,0.8328614,10.3068,-0.18288799,-0.17184243,5.2658896
0.62434536,5230.371,2.1617892,10.41326,0.77093625,1.5826384,4.758735
0.6244322,5087.1973,1.4748304,10.419544,0.38854298,2.5713975,5.127085
0.6209662,6248.075,0.075897425,10.393819,-2.5783725,-2.397178,5.7588015
0.616966,5559.032,1.522467,10.508247,0.42033204,0.5662538,5.6611705
0.6225677,5671.8594,5.069255,10.219875,1.6231939,-0.5748985,5.010604
0.6515597,3884.3015,0.08992529,10.339277,-2.408776,0.6167303,6.1381197
0.6560371,3398.4565,0.030177288,10.554009,-3.5006657,0.07071599,5.8647833
0.65749145,3480.9043,0.019878745,10.589111,-3.9181042,0.09739609,5.785756
0.6690757,3191.1628,0.049106523,10.541726,-3.0137634,-0.03411809,5.8554716
0.6236252,5229.6494,0.0668946,10.358751,-2.704637,-1.1737419,6.7439246
0.6274177,5363.136,0.042840254,10.242753,-3.1502771,0.66335136,5.3266754
0.6367485,4710.8975,0.11256895,10.355894,-2.1841893,0.083088435,4.8190117
0.63271683,4617.9995,0.24063817,10.095264,-1.4244609,1.3111507,4.8185177
0.62003005,5656.3296,0.9062401,10.181032,-0.098450996,0.285044,4.704125
0.63012546,4829.0537,1.661905,10.174466,0.50796455,0.31305665,4.0262213
0.61609566,5554.275,1.5265815,10.620401,0.42303094,-0.6746657,4.6243763
0.6239597,5381.915,15.588284,10.380875,2.7465196,-1.4294422,5.8047934
0.6282868,5270.4424,12.40596,10.226268,2.518177,0.8951889,5.439293
0.6178516,6396.1934,0.006996044,10.572095,-4.9624104,0.11972573,5.2455087
0.610695,5468.9556,10.998687,10.112605,2.397776,0.06296548,5.953947
0.61122787,5966.63,0.16075748,10.300309,-1.8278583,1.4361441,3.9865386
0.62939835,5150.192,0.8805512,10.158387,-0.12720716,-0.28951982,6.1322594
0.62919253,4376.7666,0.5167048,10.599752,-0.66028357,-0.64931446,4.801934
0.62588376,4799.341,0.56081903,10.506996,-0.578357,-1.86733,5.349203
0.6072009,5985.029,0.25910988,10.042194,-1.3505031,2.2237272,5.474796
0.58929706,6697.9,0.09799414,9.928193,-2.3228476,0.47462747,5.067935
0.5886313,7419.556,0.13852045,10.03281,-1.9767373,-0.8614905,5.9100246
0.5633997,7909.286,0.13038759,9.669277,-2.0372438,1.3805878,5.1205106
0.58467245,7103.264,0.7652367,9.728886,-0.2675701,-1.2658383,5.2644424
0.57178974,7733.625,1.4251237,9.760568,0.35425857,1.3428359,5.0942793
0.61087716,5911.7617,8.675732,10.05231,2.1605296,-0.2038979,5.4487686
0.6056619,6297.149,0.67410403,10.027233,-0.3943708,-0.037097108,5.332441
0.6100338,6368.891,0.08791846,10.357813,-2.4313455,-1.9458008,5.4189773
0.6197046,5498.742,0.6299106,10.574782,-0.46217743,0.52260065,4.8440657
0.59517497,6585.7266,3.1803901,10.083522,1.1570039,-0.68859327,5.775799
0.64530575,3755.214,0.030614037,10.599786,-3.4862967,-0.8384771,5.1940575
0.64167076,4332.3877,0.16252677,10.44233,-1.8169125,0.5568079,5.2430205
0.6473328,4280.529,0.60714096,10.373256,-0.49899432,0.9487105,5.1942644
0.60643464,6782.405,1.2067827,10.392523,0.18795793,-0.4556236,5.71093
0.64564574,4383.1445,0.37702888,10.2698555,-0.97543347,-0.49303725,4.9551816
0.6116034,6259.641,0.32809985,10.553435,-1.1144373,0.48810166,5.239071
0.6125269,5795.7354,0.21124451,10.381172,-1.554739,0.8573439,4.8897743
0.6299096,4471.0547,0.16447946,10.49976,-1.8049695,0.7627379,5.5911765
0.622949,5549.5737,0.04336365,10.162649,-3.1381338,-0.31326813,5.3008065
0.61564136,4569.344,0.042127687,10.67931,-3.1670501,-0.33909333,5.2480025
0.6200247,5384.846,0.2872897,10.364448,-1.2472641,-0.1214931,5.80859
0.6217529,5310.0513,0.1410891,10.425251,-1.9583637,-0.6134658,4.6142526
0.6149411,5737.43,0.78924364,10.175992,-0.2366802,0.1836726,5.803732
0.64156103,4496.6846,0.21077621,10.162229,-1.5569583,0.54139745,6.281706
0.6421288,4788.099,24.36765,10.238944,3.1932564,-0.3035028,4.663444
0.640976,4591.3843,7.0491233,10.38838,1.9529033,-0.30465037,4.8613663
0.6290219,4753.425,0.33106643,10.367325,-1.1054362,0.33692092,5.831667
0.6206643,5592.574,5.880741,10.273494,1.7716829,0.3190513,5.976142
0.6583947,3770.3704,1.2676374,10.2712345,0.23715483,1.1385355,5.3220787
0.6394729,4349.5103,0.50087464,10.262459,-0.69139946,-0.2659144,6.427311
0.6447835,4486.669,0.38957787,10.318623,-0.94269156,-0.44927043,6.402454
0.6121174,4946.6274,0.0153636895,10.57661,-4.1757483,1.6929536,5.032021
0.627498,5385.7217,0.2673027,10.070814,-1.3193736,-1.2987244,6.609353
0.6202222,5568.614,4.3518243,10.5041065,1.4705951,0.5653037,5.7050233
0.61425716,5954.2495,0.073268615,10.241459,-2.613623,-0.34939432,4.788887
0.6130737,5838.3857,1.1854562,10.574641,0.1701276,0.17168638,5.5934763
0.62325174,5218.1465,0.096187696,9.967682,-2.3414538,0.007951191,4.4841275
0.6240657,5341.243,0.2238843,10.022237,-1.4966259,0.035183784,4.5866747
0.6179772,5297.757,0.20081066,9.771872,-1.6053928,0.6068282,4.851479
0.6244914,5247.4307,0.16310754,9.596895,-1.8133456,0.95926756,4.6793084
0.63438153,4708.051,0.07223533,10.120886,-2.627826,-0.2387154,5.0465827
0.5857744,7392.4336,4.4264784,10.042066,1.4876043,0.52341616,5.361536
0.653795,3955.7434,0.03569369,10.443721,-3.3327813,-1.467025,5.3418083
0.65247476,3835.3762,0.06291254,10.413434,-2.7660098,-1.260694,5.3410273
0.60762596,6176.6973,0.43068683,10.553145,-0.842374,1.3794748,5.0020037
0.6082553,5505.895,0.0022729666,9.75235,-6.0866694,0.9698795,5.6489377
0.610801,5916.634,0.0049470076,9.804165,-5.3089724,0.04857441,5.1680274
0.6061866,6393.672,12.692688,10.276392,2.541026,0.59545314,5.015863
0.6045525,6368.71,0.27090964,10.036063,-1.30597,-0.2300062,5.280855
0.6266921,5005.3936,0.522791,10.379676,-0.64857346,-0.12116445,5.0865273
0.61731064,5317.753,0.12835953,10.54353,-2.05292,0.11386277,5.3112435
0.62145185,5080.54,1.5415139,10.520643,0.43276504,0.7576973,4.828915
0.61760885,5257.6895,3.5072484,10.54796,1.2548318,0.73455304,4.561627
0.6163788,6101.05,0.794156,10.26393,-0.23047537,-2.0695796,4.4553986
0.624471,5449.1353,0.70380044,10.330658,-0.35126045,-2.649288,4.387193
0.626158,5305.1304,0.6420598,10.403608,-0.44307387,-2.1358595,4.5334682
0.62092674,5315.337,0.061160903,10.218308,-2.7942472,0.30406633,4.573008
0.6193435,5626.148,0.0077037443,10.024983,-4.866049,-0.359098,4.7474084
0.5945832,6550.0405,14.387145,10.154199,2.666335,0.22582875,5.2040052
0.6004333,6658.413,6.2917266,10.035325,1.8392355,-0.13746549,5.636553
0.6167339,4993.276,0.44244245,10.185947,-0.8154449,0.2875517,6.72405
0.6050084,5961.616,0.16091296,10.50904,-1.8268917,-0.39124408,4.856555
0.61270124,5845.765,0.19351593,10.001098,-1.6423955,1.3401451,5.5684843
0.60376257,6065.9873,0.29005665,9.991507,-1.237679,1.709741,3.8022957
0.6187273,5510.8223,0.4802441,10.269005,-0.7334608,2.3849041,3.9258146
0.61615956,5146.0674,0.119739726,10.3169155,-2.1224349,2.0035877,4.6142745
0.6101346,6204.5103,0.2297312,10.533947,-1.4708453,0.6674514,5.354525
0.60328037,6368.5005,0.5270421,10.509753,-0.64047486,1.0711117,5.717567
0.6209524,5259.996,0.97704405,10.313462,-0.023223573,0.47230372,4.5834265
0.6064725,5885.95,0.0026936126,9.767429,-5.916872,-0.87562037,4.7742763
0.5906428,7091.185,0.0009620267,9.8961935,-6.9464684,-1.1180272,4.3503575
0.6190499,4755.051,0.04421149,10.4386215,-3.1187706,1.2007347,5.8900495
0.59470177,6805.492,0.037247527,11.000588,-3.2901697,0.22873418,5.682145
0.61018544,5350.8887,0.05722468,10.714269,-2.86077,-2.0912855,4.969469
0.6134183,5666.8193,0.038089495,10.536904,-3.2678168,-0.84390974,4.9125543
0.6094834,7045.0483,0.34789538,10.530531,-1.0558535,1.0042499,4.4982452
0.5968907,6934.436,0.075296715,10.156459,-2.5863187,0.52905136,4.930085
0.5942005,5890.294,2.0844235,10.885578,0.73449236,-0.16689126,4.0268073
0.5978884,6089.1123,1.2775829,10.961173,0.24496989,-0.13979295,4.043805
0.6135065,5207.7637,2.1980596,10.560991,0.787575,1.4852633,5.6475883
0.62291974,5382.511,0.8830493,10.284107,-0.12437423,0.4045459,6.817469
0.62286925,4517.6523,0.43194023,10.622587,-0.83946806,-0.50067776,3.9093747
0.63925695,4142.8433,0.37603095,10.523034,-0.97808385,-1.3301837,3.8640165
0.629663,3583.9265,0.62395823,10.812193,-0.47167182,-1.5963928,4.094738
0.629663,3583.9265,0.62395823,10.812193,-0.47167182,-1.5963928,4.094738
0.63006353,3798.5215,0.8741512,10.781481,-0.13450196,-1.4426057,4.139956
0.63006353,3798.5215,0.8741512,10.781481,-0.13450196,-1.4426057,4.139956
0.6306903,3681.3477,0.6292459,10.773745,-0.4632332,-1.4414811,4.075353
0.6306903,3681.3477,0.6292459,10.773745,-0.4632332,-1.4414811,4.075353
0.6306903,3681.3477,0.6292459,10.773745,-0.4632332,-1.4414811,4.075353
0.6318323,3620.621,0.58429843,10.7771635,-0.53734344,-1.4303366,4.049895
0.6318323,3620.621,0.58429843,10.7771635,-0.53734344,-1.4303366,4.049895
0.6318323,3620.621,0.58429843,10.7771635,-0.53734344,-1.4303366,4.049895
0.63590026,3609.8047,0.45207563,10.767324,-0.7939058,-1.4243993,4.0936484
0.63639855,3274.543,0.4358418,10.83758,-0.8304759,-1.3350742,4.098795
0.6399536,3200.6736,0.41337317,10.827853,-0.88340455,-1.2784059,4.009134
0.6399536,3200.6736,0.41337317,10.827853,-0.88340455,-1.2784059,4.009134
0.6399536,3200.6736,0.41337317,10.827853,-0.88340455,-1.2784059,4.009134
0.6408336,3041.8628,0.496511,10.859475,-0.7001496,-1.3307033,4.052097
0.6408336,3041.8628,0.496511,10.859475,-0.7001496,-1.3307033,4.052097
0.6408336,3041.8628,0.496511,10.859475,-0.7001496,-1.3307033,4.052097
0.6423832,2889.68,0.5593317,10.892622,-0.58101255,-1.3615714,4.149836
0.6423832,2889.68,0.5593317,10.892622,-0.58101255,-1.3615714,4.149836
0.6423832,2889.68,0.5593317,10.892622,-0.58101255,-1.3615714,4.149836
0.6423832,2889.68,0.5593317,10.892622,-0.58101255,-1.3615714,4.149836
0.64417267,2981.689,0.507571,10.840914,-0.6781187,-1.3098599,4.120956
0.64417267,2981.689,0.507571,10.840914,-0.6781187,-1.3098599,4.120956
0.64417267,2981.689,0.507571,10.840914,-0.6781187,-1.3098599,4.120956
0.64421225,3054.149,0.45185983,10.814656,-0.7943833,-1.2858492,4.1497383
0.64421225,3054.149,0.45185983,10.814656,-0.7943833,-1.2858492,4.1497383
0.645067,3079.6316,0.48196757,10.848499,-0.7298784,-1.174179,4.144411
0.645067,3079.6316,0.48196757,10.848499,-0.7298784,-1.174179,4.144411
0.645067,3079.6316,0.48196757,10.848499,-0.7298784,-1.174179,4.144411
0.645067,3079.6316,0.48196757,10.848499,-0.7298784,-1.174179,4.144411
0.645067,3079.6316,0.48196757,10.848499,-0.7298784,-1.174179,4.144411
0.645067,3079.6316,0.48196757,10.848499,-0.7298784,-1.174179,4.144411
0.645067,3079.6316,0.48196757,10.848499,-0.7298784,-1.174179,4.144411
0.645067,3079.6316,0.48196757,10.848499,-0.7298784,-1.174179,4.144411
0.645067,3079.6316,0.48196757,10.848499,-0.7298784,-1.174179,4.144411
0.645067,3079.6316,0.48196757,10.848499,-0.7298784,-1.174179,4.144411
0.645067,3079.6316,0.48196757,10.848499,-0.7298784,-1.174179,4.144411
0.645067,3079.6316,0.48196757,10.848499,-0.7298784,-1.174179,4.144411
0.645067,3079.6316,0.48196757,10.848499,-0.7298784,-1.174179,4.144411
0.645067,3079.6316,0.48196757,10.848499,-0.7298784,-1.174179,4.144411
0.64827543,2977.7944,0.40893716,10.834347,-0.8941938,-1.3289624,4.1973834
0.64827543,2977.7944,0.40893716,10.834347,-0.8941938,-1.3289624,4.1973834
0.64827543,2977.7944,0.40893716,10.834347,-0.8941938,-1.3289624,4.1973834
0.64827543,2977.7944,0.40893716,10.834347,-0.8941938,-1.3289624,4.1973834
0.64827543,2977.7944,0.40893716,10.834347,-0.8941938,-1.3289624,4.1973834
0.64827543,2977.7944,0.40893716,10.834347,-0.8941938,-1.3289624,4.1973834
0.6492417,3086.7952,0.41742224,10.803956,-0.873657,-1.1062322,4.2788734
0.64676523,3070.1033,0.43074465,10.811178,-0.8422398,-1.1901771,4.3448443
0.64676523,3070.1033,0.43074465,10.811178,-0.8422398,-1.1901771,4.3448443
0.64944804,3022.9392,0.43961513,10.798794,-0.8218556,-0.9853981,4.3347154
0.6483745,3064.2463,0.4890651,10.801967,-0.7152597,-1.3326943,4.2788568
0.6483745,3064.2463,0.4890651,10.801967,-0.7152597,-1.3326943,4.2788568
0.6483745,3064.2463,0.4890651,10.801967,-0.7152597,-1.3326943,4.2788568
0.6483745,3064.2463,0.4890651,10.801967,-0.7152597,-1.3326943,4.2788568
0.6483745,3064.2463,0.4890651,10.801967,-0.7152597,-1.3326943,4.2788568
0.65074396,2831.1968,0.2748594,10.861853,-1.2914956,-1.4437624,4.17095
0.65074396,2831.1968,0.2748594,10.861853,-1.2914956,-1.4437624,4.17095
0.65269804,2769.3506,0.32670984,10.873025,-1.1186829,-1.4586089,4.2617435
0.65269804,2769.3506,0.32670984,10.873025,-1.1186829,-1.4586089,4.2617435
0.65269804,2769.3506,0.32670984,10.873025,-1.1186829,-1.4586089,4.2617435
0.65269804,2769.3506,0.32670984,10.873025,-1.1186829,-1.4586089,4.2617435
0.65269804,2769.3506,0.32670984,10.873025,-1.1186829,-1.4586089,4.2617435
0.65269804,2769.3506,0.32670984,10.873025,-1.1186829,-1.4586089,4.2617435
0.65269804,2769.3506,0.32670984,10.873025,-1.1186829,-1.4586089,4.2617435
0.65269804,2769.3506,0.32670984,10.873025,-1.1186829,-1.4586089,4.2617435
0.65269804,2769.3506,0.32670984,10.873025,-1.1186829,-1.4586089,4.2617435
0.65269804,2769.3506,0.32670984,10.873025,-1.1186829,-1.4586089,4.2617435
0.65120554,2664.8584,0.31326002,10.903232,-1.1607217,-1.5663296,4.194132
0.65197873,2772.8022,0.26836085,10.877896,-1.3154228,-1.5234591,4.2447414
0.65197873,2772.8022,0.26836085,10.877896,-1.3154228,-1.5234591,4.2447414
0.65197873,2772.8022,0.26836085,10.877896,-1.3154228,-1.5234591,4.2447414
0.6515706,2881.7803,0.31780544,10.851231,-1.1463159,-1.3491199,4.3181906
0.65769285,2674.2285,0.25672022,10.877324,-1.3597684,-1.1655699,4.3658533
0.65769285,2674.2285,0.25672022,10.877324,-1.3597684,-1.1655699,4.3658533
0.65769285,2674.2285,0.25672022,10.877324,-1.3597684,-1.1655699,4.3658533
0.65769285,2674.2285,0.25672022,10.877324,-1.3597684,-1.1655699,4.3658533
0.6582955,2700.4294,0.3104172,10.837202,-1.1698381,-1.098641,4.434689
0.6609366,2675.3137,0.37464783,10.858541,-0.98176885,-1.0423372,4.4165053
0.6609366,2675.3137,0.37464783,10.858541,-0.98176885,-1.0423372,4.4165053
0.6609366,2675.3137,0.37464783,10.858541,-0.98176885,-1.0423372,4.4165053
0.6609366,2675.3137,0.37464783,10.858541,-0.98176885,-1.0423372,4.4165053
0.6609366,2675.3137,0.37464783,10.858541,-0.98176885,-1.0423372,4.4165053
0.6623975,2678.9912,0.33824354,10.848402,-1.0839891,-1.0758885,4.539745
0.6623975,2678.9912,0.33824354,10.848402,-1.0839891,-1.0758885,4.539745
0.6623975,2678.9912,0.33824354,10.848402,-1.0839891,-1.0758885,4.539745
0.6630486,2650.548,0.37807876,10.867609,-0.9726528,-0.9642237,4.6053214
0.6630486,2650.548,0.37807876,10.867609,-0.9726528,-0.9642237,4.6053214
0.6630486,2650.548,0.37807876,10.867609,-0.9726528,-0.9642237,4.6053214
0.6629429,2691.8254,0.39796627,10.797966,-0.92138803,-0.8141569,4.583011
0.6629429,2691.8254,0.39796627,10.797966,-0.92138803,-0.8141569,4.583011
0.6629429,2691.8254,0.39796627,10.797966,-0.92138803,-0.8141569,4.583011
0.6629429,2691.8254,0.39796627,10.797966,-0.92138803,-0.8141569,4.583011
0.6629429,2691.8254,0.39796627,10.797966,-0.92138803,-0.8141569,4.583011
0.6629429,2691.8254,0.39796627,10.797966,-0.92138803,-0.8141569,4.583011
0.6629429,2691.8254,0.39796627,10.797966,-0.92138803,-0.8141569,4.583011
0.6629429,2691.8254,0.39796627,10.797966,-0.92138803,-0.8141569,4.583011
0.6629429,2691.8254,0.39796627,10.797966,-0.92138803,-0.8141569,4.583011
0.6629429,2691.8254,0.39796627,10.797966,-0.92138803,-0.8141569,4.583011
0.6610564,2759.8618,0.5690751,10.813516,-0.5637428,-0.9231686,4.5051117
0.6610564,2759.8618,0.5690751,10.813516,-0.5637428,-0.9231686,4.5051117
0.6610564,2759.8618,0.5690751,10.813516,-0.5637428,-0.9231686,4.5051117
0.6610564,2759.8618,0.5690751,10.813516,-0.5637428,-0.9231686,4.5051117
0.6610564,2759.8618,0.5690751,10.813516,-0.5637428,-0.9231686,4.5051117
0.6610564,2759.8618,0.5690751,10.813516,-0.5637428,-0.9231686,4.5051117
0.6610564,2759.8618,0.5690751,10.813516,-0.5637428,-0.9231686,4.5051117
0.66279995,2790.2324,0.67702496,10.783886,-0.39004716,-0.862496,4.477735
0.6643456,2934.7754,0.78891855,10.73769,-0.23709221,-0.7532423,4.5370226
0.6643456,2934.7754,0.78891855,10.73769,-0.23709221,-0.7532423,4.5370226
0.6643456,2934.7754,0.78891855,10.73769,-0.23709221,-0.7532423,4.5370226
0.6643456,2934.7754,0.78891855,10.73769,-0.23709221,-0.7532423,4.5370226
0.66544604,2947.252,0.8056903,10.751053,-0.21605587,-0.9524481,4.471893
0.66226286,2963.0288,1.2669271,10.736791,0.23659441,-0.8845042,4.36441
0.66226286,2963.0288,1.2669271,10.736791,0.23659441,-0.8845042,4.36441
0.66226286,2963.0288,1.2669271,10.736791,0.23659441,-0.8845042,4.36441
0.6644762,2953.2388,1.00641,10.754882,0.0063895816,-0.85031396,4.425257
0.6644762,2953.2388,1.00641,10.754882,0.0063895816,-0.85031396,4.425257
0.66496634,3144.3936,1.532149,10.669744,0.4266713,-0.7242096,4.4979787
0.66496634,3144.3936,1.532149,10.669744,0.4266713,-0.7242096,4.4979787
0.6651696,3158.6714,1.2044269,10.684784,0.18600385,-0.4901527,4.6772003
0.6651696,3158.6714,1.2044269,10.684784,0.18600385,-0.4901527,4.6772003
0.6651696,3158.6714,1.2044269,10.684784,0.18600385,-0.4901527,4.6772003
0.66547465,2977.0447,1.5660739,10.697317,0.44857174,-0.46725065,4.6690707
0.66547465,2977.0447,1.5660739,10.697317,0.44857174,-0.46725065,4.6690707
0.6657721,2993.272,0.9147837,10.677272,-0.08906764,-0.66565955,4.6245914
0.6644159,3082.0757,0.711112,10.70924,-0.34092528,-0.59927994,4.762599
0.6644159,3082.0757,0.711112,10.70924,-0.34092528,-0.59927994,4.762599
0.6644159,3082.0757,0.711112,10.70924,-0.34092528,-0.59927994,4.762599
0.6637124,2916.9658,1.0399232,10.719829,0.039146874,-0.62065256,4.8968735
0.6683736,3007.7173,0.89786077,10.705727,-0.10774025,-0.57025826,4.8640604
0.66696656,3038.8628,0.8354233,10.661788,-0.17981675,-0.51347286,4.716931
0.666057,3133.4353,0.8668701,10.644571,-0.14286612,-0.7436069,4.5502014
0.666057,3133.4353,0.8668701,10.644571,-0.14286612,-0.7436069,4.5502014
0.666057,3133.4353,0.8668701,10.644571,-0.14286612,-0.7436069,4.5502014
0.666057,3133.4353,0.8668701,10.644571,-0.14286612,-0.7436069,4.5502014
0.666057,3133.4353,0.8668701,10.644571,-0.14286612,-0.7436069,4.5502014
0.6664163,3278.2957,1.167287,10.600932,0.15468226,-0.6040706,4.4618406
0.6664163,3278.2957,1.167287,10.600932,0.15468226,-0.6040706,4.4618406
0.6664163,3278.2957,1.167287,10.600932,0.15468226,-0.6040706,4.4618406
0.6691333,2986.5503,0.89307374,10.663202,-0.11308616,-0.6033446,4.7942104
0.67152333,2764.5195,0.7839923,10.741976,-0.24335606,0.0051226383,4.882134
0.67152333,2764.5195,0.7839923,10.741976,-0.24335606,0.0051226383,4.882134
0.6741874,2747.0125,0.63822883,10.727553,-0.4490584,0.1100032,5.002002
0.6741874,2747.0125,0.63822883,10.727553,-0.4490584,0.1100032,5.002002
0.67717326,2756.858,0.6613507,10.741993,-0.413471,0.032856926,5.0612392
0.67717326,2756.858,0.6613507,10.741993,-0.413471,0.032856926,5.0612392
0.6772541,2587.003,0.9105193,10.749819,-0.09374019,0.09870365,5.112179
0.6772541,2587.003,0.9105193,10.749819,-0.09374019,0.09870365,5.112179
0.6772541,2587.003,0.9105193,10.749819,-0.09374019,0.09870365,5.112179
0.67714834,2653.9858,0.9727111,10.750756,-0.02766814,0.1376191,5.183239
