x1,x2,x3,x4,log_x3,b21,b32,b43,s21,s32,s43
0.64715546,4251.3857,0.6209294,10.252253,-0.47653785,0.91525537,-0.21226744,-1.5872865,5.43005,4.398864,3.459672
0.64978886,4101.825,0.0601964,10.248802,-2.8101428,0.0777559,1.2262719,-0.18431252,5.125992,3.883956,4.384129
0.6466937,4248.323,0.04113879,10.192531,-3.1908038,0.41772535,2.1984544,0.6882204,6.1574163,4.6000867,3.9033167
0.6500902,3981.6812,0.044676833,10.238889,-3.1083002,1.4684722,0.5661223,0.44971594,4.8152137,4.5568843,3.946679
0.64603066,4134.0054,0.12443447,10.258677,-2.083976,1.7987291,1.0634207,0.8593288,4.604918,4.6231456,3.9882052
0.6455201,4192.2046,0.051679928,10.244035,-2.9626858,2.0449061,1.0438119,0.7935261,4.5780473,4.3856835,4.031644
0.6416531,4488.6836,1.0093356,10.2431,0.009292274,-0.8863547,0.9959445,-1.6245966,5.147743,4.4320064,4.0294785
0.6428519,4328.9014,1.4495287,10.259561,0.37123844,-0.50326145,1.1987953,-0.68183094,5.251336,4.859711,4.053635
0.6413803,4200.837,0.019873783,10.313205,-3.9183538,0.45677733,-0.20138937,-1.6374851,5.209551,3.9304116,4.17259
0.6488545,4351.2803,0.83540326,10.211214,-0.1798407,-0.17527862,1.0683817,-0.85898036,5.0281625,3.069075,3.691926
0.6457682,4128.179,0.092093155,10.276072,-2.3849547,0.20872815,-0.12514222,-0.19173244,5.40055,4.428107,3.731087
0.6352241,4595.523,0.36074376,10.287559,-1.0195874,0.15808773,2.0243776,-1.8198601,4.99112,4.483191,4.186415
0.6518525,3953.9543,0.07403581,10.244562,-2.6032064,-0.35993373,0.08231799,-0.67556983,5.541347,4.8396835,3.962257
0.6472436,4540.3223,1.1857644,10.2034235,0.1703877,-0.50103056,-0.023186125,-3.4078104,5.0512366,3.8117614,3.81506
0.6390225,4225.8525,0.43693155,10.317002,-0.82797873,-0.23310721,0.33808464,-0.31713757,4.1271815,3.0332942,4.4858456
0.6372167,4721.996,0.16294092,10.213251,-1.8143677,0.73817533,1.0168339,0.38475072,4.539352,4.2139797,4.3692665
0.65082216,4372.474,0.06987698,10.186265,-2.661019,0.4595436,-0.006170569,-1.9992511,6.1878386,4.5095215,4.4288206
0.647958,4084.14,0.03975148,10.279212,-3.2251081,-0.13418798,-0.3091622,-2.0532603,6.025603,4.8833513,4.7326717
0.6490057,4340.132,0.27994627,10.192196,-1.2731576,-0.78933513,-0.6004458,-0.7665233,5.2815046,4.3568835,3.2172813
0.64431727,4273.468,0.032261126,10.253088,-3.4338923,-1.1891321,1.2932209,0.8383156,5.0288906,4.76672,5.611211
0.64044356,4316.648,0.08815214,10.286331,-2.4286911,2.5796525,-1.2104388,0.047398653,5.0547676,4.474449,3.9808433
0.64082485,4304.1455,0.31993434,10.292394,-1.1396395,0.6051054,-0.48164883,-2.114417,5.13399,4.907938,3.2113118
0.63823235,4493.799,0.15016262,10.275109,-1.8960364,-0.57337916,1.7783587,0.43635637,5.2535276,4.1121736,4.651906
0.6492717,4049.0645,0.38731346,10.276767,-0.94852096,0.46476972,-0.46138024,-1.694948,5.221778,4.5171585,3.3994272
0.6544697,4047.604,0.2498289,10.228809,-1.386979,0.84920025,-0.14496715,-1.2695432,5.899482,4.422826,3.415839
0.6527593,4027.982,0.076917596,10.199867,-2.5650206,-0.51511675,2.2973099,-0.5606872,7.0622725,3.071386,2.8874173
0.66080725,3969.3386,0.0977227,10.172631,-2.3256214,-0.2792818,0.1486022,-1.1654596,6.4026265,4.6411786,3.607626
0.6514305,4100.5137,0.4668955,10.232248,-0.76164985,1.051942,1.0576432,-0.60564595,4.4692698,5.0486684,3.7371566
0.6449169,4289.5537,0.10054227,10.252526,-2.297177,-1.3801142,-1.0972437,-0.1275678,5.863548,4.846896,3.7054048
0.64495444,4303.922,0.0045530857,10.257346,-5.39195,1.0240351,1.8763744,-1.2818713,5.39583,4.7431345,3.8377964
0.655722,3960.6616,0.019055257,10.213623,-3.9604123,-0.40201002,0.009090231,0.73682183,5.5788546,3.8690042,4.2956524
0.6334991,4821.216,0.95117575,10.274495,-0.050056443,0.30556864,0.016112102,-1.567664,5.0047994,4.3192544,3.6228473
0.6555457,4048.1582,0.017662667,10.177677,-4.036302,0.16121872,1.158898,-0.35185507,5.281441,4.4403386,4.4563627
0.65570736,3803.602,0.010295397,10.253607,-4.5760584,0.8058756,0.20773019,-1.466743,4.9270864,4.3186674,3.8664417
0.6344434,4607.688,1.7938931,10.28676,0.5843882,0.9496216,1.9154395,0.35203734,5.1821747,4.638851,4.566663
0.6379403,4443.445,0.42310596,10.278625,-0.86013263,1.7013745,1.2487768,-1.3968016,3.7632594,4.0087695,4.5331182
0.64172316,4322.866,0.50199467,10.277038,-0.68916583,0.5043452,0.37884712,-0.5491272,4.070403,4.0400014,4.1258616
0.641494,4456.5146,0.032919846,10.239989,-3.4136796,-0.2660362,1.4509035,-1.4338151,6.7580953,5.0610394,4.189179
0.6404276,4444.074,0.4573929,10.269809,-0.7822125,1.0173535,0.4534121,-1.0001298,4.0355334,4.138929,3.9860682
0.6430564,4400.8677,0.26469368,10.245603,-1.329182,-0.69530374,0.8608547,-1.7858326,4.587682,4.8481646,3.7856069
0.64912826,4187.568,0.024309753,10.25265,-3.7168777,0.20308499,0.112521134,-0.9266506,4.5028186,3.6507115,4.3264017
0.63515794,4608.4673,1.8517606,10.281608,0.6161369,0.74814075,0.2663839,-0.6977973,5.2387223,4.240122,4.6510057
0.6499416,4017.4192,0.01534325,10.208547,-4.1770797,0.5819751,-0.34613085,0.1566568,5.1914835,6.610183,3.7929251
0.64738584,4112.2,0.015487438,10.239025,-4.167726,0.68682706,-0.07969317,0.09760761,5.4744215,6.4063807,3.7521756
0.63486296,4564.243,2.551673,10.293924,0.9367492,1.9845386,1.671458,-1.5112197,4.7956777,3.898678,3.3699365
0.6457253,4447.7275,0.01745475,10.175875,-4.0481434,-0.12956381,1.2264216,0.543405,6.0491457,5.9146805,4.2571616
0.6550026,4084.4128,1.061005,10.197887,0.059216585,0.07601981,0.31015694,-2.240489,4.5102043,3.3326893,3.7167528
0.657241,3973.5754,0.67897636,10.204787,-0.38716897,0.29779786,0.26820958,-2.3532863,4.4591694,3.4574058,3.5870283
0.6264293,5067.925,0.0027857772,10.267476,-5.8832283,0.16150162,1.0156829,0.4671251,6.068239,5.2925954,4.326873
0.6439041,4023.9524,0.7262654,10.335423,-0.3198398,-0.15363199,-0.07564215,-3.2215388,5.081476,3.9984238,4.462057
0.64547265,4530.274,0.021792103,10.19747,-3.8262076,0.2768354,-0.20927708,-0.46526644,4.3838,4.4401116,4.217668
0.63437146,4356.4033,0.12554753,10.335236,-2.0750709,-0.012603339,1.7357284,-1.311179,5.7093515,4.4934626,3.1771748
0.63360876,4429.0044,0.027031347,10.323674,-3.610758,0.5089926,1.0264157,-1.2184827,5.2021475,4.207476,3.391351
0.6363876,4545.59,1.115146,10.280986,0.10898537,-0.36915037,0.69022846,-0.7907247,5.479656,4.776223,5.2327933
0.6492017,4300.6157,0.13783154,10.20384,-1.9817231,-0.28813764,0.78307587,-1.033194,5.7529325,4.4602356,2.800028
0.64730716,4129.027,0.19236325,10.230252,-1.6483698,-0.7096049,1.0850788,-0.1844156,6.154559,4.1624055,3.3533492
0.64912975,4078.978,0.14801416,10.236781,-1.9104474,0.16896063,0.84071016,-1.244514,7.0674686,4.040241,3.619521
0.64250875,4510.8037,0.24720815,10.223842,-1.3975246,-0.7534127,1.6300188,-1.3483616,5.1613264,5.2791667,3.7146726
0.6430948,4186.2197,0.58900666,10.275036,-0.5293178,0.78444433,2.1419425,-0.24734515,5.6510034,5.4256315,4.0390573
0.63908064,4574.452,0.34325638,10.245839,-1.0692776,1.0476286,0.93947953,-0.14467378,5.5222263,5.1750937,3.2957082
0.64307433,4464.2705,0.44230196,10.214995,-0.81576246,0.68298477,0.9231392,-0.15610655,5.469953,4.982329,3.1967957
0.6431087,4404.1206,0.55289465,10.218506,-0.5925878,0.9187375,1.1369095,0.40526292,5.5884466,5.100496,3.2170658
0.6467341,4396.907,0.04045166,10.192871,-3.2076476,-2.572788,1.5785277,-0.34472,4.249693,5.71767,2.6772413
0.6427361,4622.484,0.6583524,10.212503,-0.4180149,-1.4983407,-0.43254897,-1.4672606,5.9331827,5.3282633,3.50336
0.635187,4528.7275,0.17577957,10.291666,-1.7385246,0.93264914,0.3190757,-0.8591814,4.460145,5.5034356,3.810761
0.6532948,3978.059,0.31114548,10.219471,-1.1674947,0.1360412,1.2003428,-0.59070903,6.406334,4.1300073,3.7084606
0.6520052,3949.149,0.988269,10.229648,-0.011800374,0.33475035,3.1030457,-1.1391108,5.8259315,3.9987547,4.6073194
0.647287,4149.027,0.46605986,10.2301,-0.7634412,1.4108256,1.9894756,-1.5610119,5.411188,5.050723,3.079394
0.6474222,4257.9614,0.67470664,10.238,-0.39347726,1.682509,1.8792305,-1.6550677,5.780683,4.6814303,3.064154
0.644593,4296.3315,0.4789926,10.25666,-0.7360701,1.422768,1.0813518,-1.1913526,5.920764,5.5707955,3.2147033
0.6438151,4407.704,0.843963,10.239809,-0.1696466,1.4363652,0.28901243,-0.3783069,6.2813234,5.618535,3.0807443
0.64308727,4156.3916,0.41886792,10.273106,-0.8701996,0.7159405,0.1263652,-0.12124272,5.4376893,5.177187,3.6109295
0.64187014,4237.299,1.2581682,10.294713,0.22965682,1.2109576,-0.68877006,-0.43113378,4.8543143,5.6078577,3.625194
0.64066064,4372.783,0.6971098,10.264085,-0.3608123,2.039274,-1.2791135,-0.81969506,5.1424637,5.133814,3.1554723
0.63714224,4393.4873,0.0808248,10.339737,-2.5154715,-0.3665347,0.1926673,-2.6971548,6.6108108,4.2667384,4.6336136
0.6334381,4837.202,0.44549316,10.2199745,-0.80857337,-0.37209955,0.23354739,-1.265008,4.767941,5.1920424,3.4333735
0.64892787,4250.235,0.03146059,10.23357,-3.4590197,1.07398,0.8847092,-0.4537906,5.728915,3.612498,4.380745
0.6560422,3837.591,0.6409067,10.232873,-0.44487146,-0.4414504,-0.7516654,-0.003824672,4.9371486,4.876165,4.5815353
0.6417249,4556.812,0.08254273,10.222263,-2.4944391,-0.3682563,2.1935525,-0.4917642,5.0869703,4.287594,3.3436666
0.63928014,4412.621,0.09748711,10.256459,-2.328035,0.29294237,1.50878,-0.26409313,5.9237585,6.180204,3.7393231
0.6276022,4842.7656,0.050886214,10.332094,-2.9781632,0.7729826,-1.0718406,-1.186945,5.3844204,4.2146673,4.8660784
0.6467774,4293.4854,0.24549474,10.2109375,-1.4044797,-0.79782504,2.689829,-0.4582586,5.0107613,4.578078,3.8365083
0.65072036,4212.807,0.08558704,10.2040825,-2.4582214,-1.0096678,0.7156842,-0.882928,4.7115874,4.3080716,3.5541282
0.64655524,4313.2417,0.09981592,10.224865,-2.3044276,-1.6244401,1.1668481,-1.0550227,5.6781845,4.0833273,3.141225
0.6546596,4019.8289,0.17682444,10.19209,-1.732598,0.80253744,1.1454351,-0.21704186,5.0682135,3.8584764,3.9569037
0.65023446,4075.6309,0.03479912,10.186417,-3.358163,-1.0449086,0.988707,-0.04800985,5.1319327,5.8584366,3.016294
0.63336766,4721.9844,0.20073286,10.279619,-1.6057804,-0.05111348,1.7185699,-1.2737389,5.3157554,3.333581,5.3394103
0.64353293,4241.616,0.8141977,10.260908,-0.20555206,0.37981495,0.8637007,-1.7569022,5.8587284,5.0245547,3.9093943
0.6361002,4569.048,0.042803846,10.267635,-3.1511273,-0.28125834,0.57308775,0.07640799,4.5970006,3.6274693,4.0462384
0.63053215,4645.324,0.031418793,10.309872,-3.460349,0.48089862,2.9631226,-1.2227305,4.823006,3.8733518,4.3686075
0.6411143,4700.1797,0.009237332,10.186094,-4.684502,-0.8358568,1.0183359,-1.1424757,5.341919,4.629642,3.5626638
0.6420099,4729.765,0.012106689,10.158679,-4.413997,-1.394607,1.2255161,-1.3007829,5.3402677,4.62537,3.5099182
0.6394496,4399.657,0.016040133,10.288538,-4.1326613,-0.6197956,1.2313396,-0.9017998,4.5264125,4.2268605,3.588416
0.6416904,4412.253,0.52245885,10.247928,-0.649209,0.54604995,0.026944196,-0.8491619,6.0328407,6.0943947,4.144183
0.6449936,3975.3293,0.26253247,10.322852,-1.3373805,0.39645225,0.22249582,0.13990918,5.8970056,4.7466373,3.9885294
0.6436304,3945.9956,0.21311368,10.304138,-1.5459296,0.8042734,0.24017982,0.16911553,5.6941204,4.481018,3.6489947
0.6403091,4326.019,0.2297248,10.282058,-1.4708732,-1.2938733,1.3141569,-2.2575552,4.837849,4.7909727,4.5304856
0.63409275,4967.4297,0.1215089,10.202262,-2.1077678,-1.8935454,1.108122,-0.67246354,5.2610483,4.499939,5.326721
0.6539488,4005.066,0.06804529,10.207289,-2.6875818,2.068843,1.203736,-0.07506776,4.8347006,4.5594707,3.1016328
0.6479337,4156.778,0.01886927,10.219619,-3.9702206,1.296155,2.0118124,-0.7085588,5.330449,4.2543693,3.3115175
0.645547,4052.5696,0.03723927,10.274626,-3.2903914,0.24751179,2.444616,-0.76670945,5.549944,4.450483,3.8345873
0.64378923,4279.939,0.083606705,10.251386,-2.4816315,-0.1900105,1.5241077,-0.62872756,5.7397614,4.3157196,3.853337
0.6412824,4466.21,0.6472636,10.257987,-0.43500167,1.7250735,0.014369423,-0.81844634,4.6357107,4.1525435,5.121839
0.63997483,4308.812,0.56038505,10.3012495,-0.5791311,1.2271563,0.30254155,-0.61991394,4.8511734,4.3036175,4.853388
0.64446,4099.5674,0.1882504,10.280331,-1.6699823,1.4440244,0.6420374,-1.2015857,6.7354956,3.9260402,3.608477
0.6523466,4110.8335,1.1452205,10.232912,0.13559721,-0.7315136,-0.205887,-2.8774536,5.4670877,4.643738,3.2913616
0.6573322,4021.597,0.9791485,10.204955,-0.021071957,0.41249683,0.87472165,-1.9474275,5.715483,4.3848476,3.8984838
0.65868855,3998.9485,0.027761953,10.150305,-3.5840888,0.43472436,0.7397033,0.32425064,4.7550917,4.04557,4.215918
0.6422123,4533.8813,0.08029015,10.219045,-2.5221083,-1.6185637,0.3242518,-1.8755615,5.819111,4.9814105,4.4710116
0.6467602,4317.1274,0.012526152,10.212629,-4.3799367,-1.230557,0.64350075,-0.31233743,5.0862317,4.2336164,4.011953
0.6539102,4080.287,0.012564916,10.206668,-4.376847,1.009264,-0.51405364,0.6584495,5.238435,5.635941,5.1084814
0.6350493,4520.4937,0.013694252,10.318905,-4.290779,-0.41435465,0.80918765,-2.176436,5.884352,4.0410366,3.7319639
0.63147473,5073.5464,0.0018439785,10.216494,-6.29583,-0.90259093,0.6541008,-1.6181599,5.6269608,4.7819858,4.256357
0.6336576,4421.5576,0.118803255,10.310956,-2.1302865,0.9966361,1.6974927,-0.47585374,4.6506968,3.99713,3.9297135
0.64748156,4261.1772,0.046650548,10.1882715,-3.0650706,0.9237925,1.3384454,0.72484636,5.5530796,4.7853107,4.0935707
0.64559054,4074.9849,0.35117996,10.274602,-1.0464565,0.8087214,2.3638868,0.9939501,5.692871,3.8582222,3.7037632
0.64841294,4279.341,0.17251326,10.184996,-1.7572812,-1.3175986,1.9055603,-1.3106843,5.920508,4.6391244,4.1970625
0.6397016,4660.4346,0.6421677,10.249695,-0.4429058,-0.9162255,-0.45261917,-0.1531635,5.277752,5.0153866,3.9854312
0.65165377,3932.036,0.026381746,10.235637,-3.635083,1.2105881,2.1746974,-1.7295456,5.366041,4.157346,4.3843017
0.65363216,3898.1753,0.02983087,10.239212,-3.5122116,0.36591068,1.2317429,-1.5107044,5.416817,4.40019,4.2872543
0.6570188,3936.8926,0.2777355,10.193691,-1.2810861,1.0596124,0.26598823,-0.780025,6.1764355,4.4609795,3.518295
0.65409225,4115.772,0.3106778,10.202336,-1.168999,-0.7035292,1.1250079,-1.7733904,4.558433,4.369511,4.3329797
0.631374,4773.4243,0.3174847,10.269376,-1.1473256,0.6759656,0.13317879,-0.7111609,5.6697426,4.4007487,3.4034762
0.6451978,4265.1235,0.013947085,10.243552,-4.272485,-0.543703,2.0577133,-0.7156513,3.8694568,5.3919897,3.7355642
0.64838845,4400.216,0.5608091,10.218734,-0.57837474,-0.49421775,-0.21684514,-1.5973607,6.746315,3.344273,4.4018793
0.64753777,3970.1511,0.011863204,10.273323,-4.434314,1.1067419,0.5575992,-1.106715,4.9819946,5.2567577,2.8137558
0.636659,4605.534,0.0007251219,10.265054,-7.229171,1.3662558,0.7792869,-2.3539546,4.9722195,4.2840085,3.0685308
0.6395675,4337.9805,0.0038655892,10.275766,-5.555641,0.30922553,1.8647388,-1.8546703,4.9891567,4.5106792,3.6501515
0.64109296,4355.846,2.7880385,10.311201,1.0253383,0.95717597,-0.5671021,-0.1376439,5.0953684,4.212789,4.565623
0.644889,4324.593,0.019771686,10.260064,-3.9235044,0.025404084,0.5306068,-0.80719954,4.5870314,3.5871506,4.466554
0.63917285,4304.807,0.03701675,10.293684,-3.2963848,1.1191266,0.6909869,-0.5459444,5.0229445,4.3313007,4.966862
0.64733547,4143.4067,0.49261034,10.265392,-0.70803684,-0.20851983,1.0814387,-1.6363316,4.619314,4.84931,3.1404119
0.6470755,4195.8096,0.8848089,10.238701,-0.122383565,-0.70882756,0.6996278,-1.3377849,4.179622,5.065363,3.1503577
0.645488,4133.878,0.42154354,10.244171,-0.8638322,-0.7985618,0.77877593,-1.4718456,4.35079,4.9646597,3.2657516
0.64666396,4253.1914,0.4612743,10.275796,-0.7737624,-0.67156905,0.72114486,-1.3931767,4.3350887,4.80711,3.206331
0.6536181,4018.2407,0.11876553,10.179946,-2.130604,0.08145752,1.8597865,-0.3298856,6.0270734,4.796443,5.263261
0.63897735,4577.4907,0.4235734,10.259381,-0.85902846,-0.5384039,1.2056236,-1.354461,4.843218,4.7822976,3.231141
0.64285094,4393.9277,1.8090985,10.237846,0.59282863,0.35222098,1.0013444,-1.7410696,4.788853,4.4782596,3.2252467
0.6539252,3983.103,0.12745759,10.249874,-2.0599716,-0.82415015,-0.6262801,-1.1737994,6.352197,4.493932,3.8929124
0.6652708,3915.9766,0.95759505,10.1380205,-0.043330297,-0.6323043,0.8972443,-1.2001884,5.693337,3.2964847,4.0192995
0.6237482,4975.3066,0.02508566,10.32622,-3.685459,-0.6420453,-0.69657624,-2.3321183,5.6380424,4.9084163,4.059467
0.6353403,4823.554,0.12768534,10.232664,-2.0581863,-0.09016788,1.0136462,-2.282263,6.0783725,4.6899133,4.357729
0.6401725,4292.493,0.023586836,10.2951,-3.7470665,-0.18539214,-0.16712293,-0.49085644,5.1088853,4.152152,3.437524
0.6374966,4653.1406,0.20197773,10.273745,-1.5995978,0.69751173,0.45271388,-2.8095293,5.4982452,2.6735451,3.707341
0.6358085,4606.945,0.25688076,10.281036,-1.3591433,-0.6820143,0.7854412,-1.8563802,5.1492143,4.074772,4.0117626
0.63627577,4691.3203,0.20052513,10.265314,-1.6068157,-0.12445013,0.84439623,-2.1244407,5.237361,4.055797,3.8234253
0.6366812,4559.092,0.0027060653,10.2637415,-5.9122596,0.22819944,1.5338778,-0.9368458,6.5732336,4.4503703,3.1958618
0.6477275,4149.9683,0.026012953,10.240038,-3.6491606,0.40442818,1.3332729,0.5056229,6.843995,3.7686777,3.3379905
0.6324851,4775.656,0.16502658,10.278762,-1.8016487,-0.2402801,0.13487604,-1.6258281,4.62687,4.431383,4.6331367
0.63691956,4455.165,0.25100702,10.289198,-1.3822744,1.4865338,0.869869,-0.48974183,5.476858,5.08687,3.7001107
0.64386886,4429.0874,0.11947857,10.237506,-2.1246183,-1.230728,0.52380854,-1.379029,4.9724407,3.681256,4.0441055
0.64426404,4567.5576,0.071606785,10.180818,-2.6365654,-1.3118376,1.1440971,-1.2049819,5.228452,4.1385827,3.8049986
0.6491888,4164.652,0.007715604,10.253692,-4.8645105,-0.9329522,0.17047212,-1.7499992,4.9086256,4.765788,4.0529933
0.63159746,4591.2744,1.4115374,10.312732,0.34467947,1.2163798,1.8260443,-0.3435641,5.666177,4.15774,4.314624
0.64798886,4150.684,0.25354964,10.267173,-1.3721957,0.115885414,-0.5331279,-1.9716221,4.995177,3.8424542,3.9784522
0.6406616,4469.6357,0.26159614,10.265909,-1.3409534,0.6126964,-1.0615091,-2.6083598,5.058342,4.18487,3.3832757
0.6436317,4435.778,0.7415054,10.219015,-0.2990728,-0.17815778,2.2976692,-1.1309288,4.697945,3.919455,4.0403666
0.65130687,4175.7676,0.06691133,10.201,-2.704387,-0.511367,0.98932993,-0.039928902,5.8217177,4.6237564,4.521906
0.6442765,4456.822,0.08964275,10.228744,-2.411923,-0.5985194,1.3467051,-2.2318122,4.9042597,3.3518524,3.1890974
0.64074934,4594.8447,0.08034389,10.238463,-2.5214393,-0.5356859,0.37274167,-1.8612944,4.9000063,3.6074028,3.554424
0.6436751,4116.7197,0.41816503,10.30125,-0.87187916,0.9312611,1.0145195,-0.10262178,5.19913,3.704167,4.7666707
0.6307763,5005.706,0.30706933,10.248977,-1.1806817,0.22271213,0.08747313,-0.5262976,4.6563926,4.4608045,4.8846946
0.6429484,4213.956,0.17454927,10.277801,-1.7455482,-1.4783531,1.3170341,-0.4852096,4.629909,4.044199,3.9891918
0.63993704,4685.725,0.5372404,10.218751,-0.6213097,-0.7096683,1.572933,-0.9207334,5.625884,4.275581,4.0262017
0.64555824,4349.867,0.08535868,10.259002,-2.4608932,-0.7813704,1.3132819,-0.8936901,6.929764,4.6206317,4.981169
0.6317458,4848.9014,0.30707,10.2477,-1.1806796,0.2636754,0.76595175,-0.21442436,5.646703,4.109449,4.3816967
0.6493937,4110.3486,0.070431724,10.267018,-2.6531115,1.5961461,-0.01145852,-0.975478,3.9364374,4.311974,4.6090384
0.6342715,4985.928,0.09258594,10.213634,-2.379618,-0.5085508,1.607049,-1.0833979,7.574434,5.4553256,3.6581235
0.6548357,3874.7656,0.36217427,10.24322,-1.0156298,1.8274825,0.18981734,-1.0406414,3.7442007,3.5894387,4.369082
0.6605811,3778.4868,0.257237,10.228301,-1.3577574,1.5039592,-0.4366541,-1.1877577,3.777717,3.5265365,4.6844263
0.64876175,4171.502,0.13871884,10.232569,-1.9753062,-0.20974305,0.6401835,-1.1423309,5.2761774,5.808259,4.2276697
0.64895433,4087.809,0.22486804,10.262244,-1.4922415,-0.3557784,0.7640206,-0.67521507,4.9832835,5.486753,4.054671
0.63901055,4285.866,0.23054755,10.3107395,-1.4672982,-0.014080579,0.43773147,-0.85109925,5.493151,3.5580978,3.675831
0.6391789,4409.6064,0.048292443,10.28868,-3.0304801,-0.054792788,1.492394,-1.4689512,5.116438,5.603909,3.9649348
0.63913697,4283.038,0.059048522,10.296201,-2.8293958,-0.16987462,0.9744556,-1.1508521,5.367489,4.969544,3.756698
0.63420105,4548.025,0.46615306,10.313175,-0.76324123,1.2599133,1.1665584,-1.1076804,5.026954,4.545358,4.6610374
0.6398656,4515.9927,0.076150335,10.260249,-2.5750458,-1.8389906,1.1369898,-0.9720404,4.862683,4.286975,3.7308664
0.6445812,4340.466,1.1214595,10.245769,0.11463095,1.0948763,1.0365263,-0.559232,6.1395655,3.6199498,3.1740007
0.6469135,4187.786,2.5633905,10.260223,0.9413308,0.775362,0.7366073,-1.5515442,5.6722326,5.07677,5.0251656
0.66539216,3737.7017,0.05764363,10.169521,-2.8534756,0.6895527,-0.13752903,-1.4836779,5.572457,4.6751866,3.2512677
0.6581588,3868.6245,1.0592313,10.203126,0.05754343,-0.3856859,0.8800317,-0.27317747,5.7075334,4.6906514,4.5247283
0.65952104,3931.7505,0.7394116,10.190005,-0.3019005,0.79690325,1.4688042,-0.11624509,5.8935795,3.6865022,5.2491446
0.63658565,4625.485,0.047781296,10.234065,-3.041121,-0.6090538,-0.05752527,-1.474199,4.7997274,5.278041,3.0304713
0.6325407,4771.117,0.74124265,10.260447,-0.2994272,0.409755,1.9239252,-0.03395443,5.1810617,5.0530086,3.9080813
0.64631194,4182.4834,0.014492124,10.253465,-4.23415,-0.47954315,0.19706033,-1.3981931,5.4044185,3.927754,3.7865217
0.64836925,4069.7058,0.04159306,10.261977,-3.179822,-0.06355671,0.43275625,-1.6681728,5.050054,4.1569457,4.9160786
0.6520337,4078.8743,0.12137119,10.2216,-2.1089017,-0.23817901,0.8438604,-1.9236459,4.619055,3.7268543,5.021428
0.6420876,4298.9673,0.15397511,10.245492,-1.8709643,0.72936225,0.7282942,0.76792806,5.689046,5.1415067,3.4484355
0.64513725,4322.263,1.2974741,10.250158,0.2604194,0.23057544,1.7615305,-0.5172377,5.363141,4.472306,5.0526404
0.6577909,3977.4207,0.022992618,10.194962,-3.772582,-1.1750115,0.2332806,-1.0651959,5.2116947,3.8617532,3.3198605
0.6386966,4390.5303,1.3402306,10.296953,0.29284167,0.86425936,1.0365744,-1.061809,5.865838,5.2092667,4.5736294
0.6510228,4146.0146,0.02023656,10.224268,-3.9002645,-1.1054662,0.15405418,-0.60905427,4.311881,4.7664633,3.4862702
0.6414812,4485.4995,0.0041915677,10.229834,-5.4746804,-0.23905587,0.5348686,-0.07209656,4.2835817,4.054051,3.2334867
0.6431242,4121.2207,0.086662516,10.303068,-2.4457338,1.3074665,-0.3483316,-2.0226843,3.945718,4.4814787,2.8505628
0.6375997,4338.1724,0.025608514,10.268259,-3.6648304,1.3578573,1.3731419,-0.23813786,5.9667788,4.7628055,5.640725
0.6397497,4308.858,0.02368022,10.301765,-3.7431152,1.1986554,1.7253523,0.041554864,6.109696,4.8151073,5.5943403
0.64355946,4143.9434,0.039782107,10.303944,-3.224338,-0.021116234,1.5897691,-0.19794334,6.3677254,4.4397693,5.1627555
0.6425836,4524.5815,1.0839264,10.217722,0.08059005,-0.1269759,-1.0954964,0.06113474,4.5322046,4.508041,3.8233082
0.6473876,4224.197,0.1440787,10.244772,-1.9373956,-0.096535005,-1.0180113,0.26062617,5.3888617,4.489107,3.851557
0.643865,4365.8716,0.14023545,10.22989,-1.9644325,-0.27130046,-0.8479332,0.498683,5.1169567,4.6672735,4.1858673
0.6416416,4401.2544,0.018449623,10.242577,-3.9927113,-1.4685289,0.10045717,-0.94250554,5.622554,4.623201,3.124507
0.6415165,4421.996,0.012183219,10.260044,-4.407696,-0.9810643,-0.07438322,-0.9363455,5.523101,4.5884705,2.721562
0.6463334,4304.4067,0.8082249,10.239729,-0.21291488,1.3128629,1.0749276,-1.1398665,5.631516,3.9783835,4.6977296
0.6448473,4530.385,0.01501908,10.188191,-4.198434,-1.0921888,0.81887925,-1.2539212,4.739464,5.0031667,4.007631
0.6434674,4282.417,0.013517075,10.279881,-4.3038015,-0.05029156,0.10346583,-2.7434757,5.2782793,4.543105,4.786732
0.6461611,4034.888,0.018202089,10.30384,-4.006219,0.22779582,-0.07638992,-2.6736276,5.383054,4.048148,4.7209053
0.64840436,4170.7725,0.033090413,10.254517,-3.4085116,-0.2561578,0.10659552,-1.7446208,5.5352087,3.8342025,4.539872
0.64824504,3912.5574,0.024390541,10.284981,-3.7135599,0.90836746,-0.92200017,-0.86406827,6.630885,3.7647083,4.47687
0.6495074,3913.8496,0.023571057,10.314637,-3.7477357,0.84775305,-0.89957637,-0.91662014,6.5663195,3.7531009,4.4116583
0.6503906,4323.753,0.45746803,10.18657,-0.7820483,0.2955483,0.031080501,-0.9277365,6.046361,5.2166414,4.2353706
0.6572714,4015.232,1.1930307,10.197664,0.17649686,-0.78542376,-0.94169134,-0.61834687,6.514676,4.336232,4.045201
0.65389204,4172.0083,0.19528727,10.193235,-1.6332836,-0.1713592,1.9726167,-0.7656717,5.30091,4.740569,3.8362722
0.6576631,4003.0352,0.3543201,10.199611,-1.0375545,0.075749315,1.6426542,-0.22828226,5.581188,4.4320264,3.578201
0.66264963,3839.3137,2.4323313,10.220795,0.88885015,0.3251264,0.9414985,0.82333124,5.720196,4.8167224,3.7325761
0.65799606,3994.1753,0.0045339423,10.196292,-5.3961635,-0.8093715,0.669378,0.12557483,5.559661,5.2423954,4.4839077
0.64696926,4354.061,0.05838235,10.243694,-2.8407416,-0.6964967,0.6117125,-1.1282216,5.4920654,3.97419,3.9125688
0.6334318,4428.9937,0.356771,10.371692,-1.0306612,-0.58537644,0.5643616,-0.9936463,4.8773403,5.0068974,5.620331
0.6379268,4731.209,0.013177076,10.209623,-4.3292766,0.20518035,1.0648806,-3.0211024,5.292967,4.4683814,4.1523404
0.64118147,4634.3735,0.9505005,10.223397,-0.050766587,0.66652954,0.40821984,0.79463047,5.5047617,4.335644,3.832281
0.63829994,4224.4697,0.55209607,10.333821,-0.59403324,0.4914337,1.659791,-1.3843775,5.12836,3.0822823,4.0655036
0.64338833,4250.045,0.66118425,10.279988,-0.41372275,0.5459486,1.8693357,-0.8278084,5.2858887,3.5931993,4.04724
0.6325428,4781.296,0.15850541,10.257213,-1.8419665,-0.60770965,0.72762704,-1.7124708,5.0204697,5.3124285,3.347115
0.6339936,4716.718,0.26745713,10.273714,-1.318796,-0.13919713,1.8380386,-1.5539485,5.3563604,4.604949,4.0613647
0.64185786,4520.2803,0.5125083,10.263972,-0.6684384,0.8392041,1.0205525,-2.054898,5.3287606,3.7889483,4.2187266
0.6383712,4308.4385,0.36492226,10.311115,-1.008071,1.0582558,-0.38202184,-1.1199479,5.5298533,3.686108,3.0631557
0.63689727,4476.108,0.19551197,10.289798,-1.6321337,0.08445656,0.12307183,-1.3250177,5.58089,3.4756687,3.089697
0.64392513,4541.112,1.5715097,10.21967,0.45203674,-0.9899835,0.3989277,-0.9341507,4.8497114,3.971558,4.619416
0.6451251,4409.2563,0.029326137,10.20112,-3.5292761,1.1419445,-1.2059001,-1.8748354,4.9376483,5.750991,4.2134066
0.6461112,4284.6484,0.07014498,10.2223425,-2.657191,0.71888036,-0.9931455,-1.1095457,5.159996,5.1981425,4.077059
0.6525773,4193.107,0.15191837,10.160067,-1.8844119,-0.4433033,2.1511831,-0.5224536,5.082535,3.6705017,3.7163415
0.6559085,3881.692,0.20424101,10.251256,-1.5884546,0.18731655,1.0512481,-1.4449544,5.3669705,4.9397507,3.968402
0.6455492,4441.251,0.11851085,10.182207,-2.1327507,-0.8369664,0.6070105,-1.5834358,5.763477,6.1375957,3.8662708
0.63968307,4222.2314,1.3196702,10.298713,0.27738187,1.5840286,2.4037917,-0.07288329,4.830138,4.393344,4.1815786
0.64488184,4465.015,0.019840345,10.185941,-3.9200377,-1.1915888,0.007267161,0.529272,5.582884,5.19192,3.854859
0.65018654,4086.767,2.0567122,10.2457695,0.7211087,1.7212458,1.4376473,-1.7374206,4.159474,3.8806632,3.5300343
0.6533903,3965.8313,0.28971085,10.247268,-1.2388719,0.56716114,-0.48276907,-1.030001,4.617761,4.492202,3.8467546
0.6599543,3902.9636,0.590093,10.225008,-0.5274751,-0.32833895,-0.41837355,-1.3718613,4.1063356,2.708894,4.6227217
0.65837,3924.269,0.48849517,10.1875515,-0.7164257,-0.16090345,0.09814492,-1.4940293,4.622481,3.302165,4.4890637
0.63790977,4516.4336,0.092308514,10.221479,-2.382619,-0.06208036,0.7239447,0.30389714,5.8340883,5.669261,3.3847504
0.6447184,4253.99,0.05379627,10.236863,-2.9225512,1.7328638,0.5570033,-0.782317,5.9655766,3.7949843,4.0361233
0.640939,4528.2305,0.4273841,10.26049,-0.85007215,-1.7948401,2.2010922,-0.6121015,4.917812,5.1259546,3.5693676
0.6546657,4081.8813,0.23123257,10.2326975,-1.4643313,1.142626,-0.7390288,-2.6581488,5.5683017,3.340981,3.3422418
0.6450022,4074.2993,0.07084027,10.298308,-2.6473277,1.5571227,-0.18086597,-1.6597135,4.1681213,3.916316,3.6600773
0.6311698,4771.467,0.12225241,10.266411,-2.1016674,-0.30192974,1.9861021,-0.64601964,6.6296506,5.2871475,3.630707
0.6341554,4986.56,0.042797487,10.204877,-3.1512759,0.9343532,3.1041415,-0.99073887,6.543913,4.908546,3.9082527
0.6559987,3901.3816,0.7093854,10.257402,-0.34335637,0.01858394,-1.7065749,-0.9459117,4.549402,4.3417864,4.0490336
0.65212715,4155.0728,0.22586514,10.246288,-1.4878172,-0.51257116,-1.8862488,-1.6349708,4.5442977,3.5207214,4.3761234
0.65003395,4086.459,0.09900677,10.28844,-2.312567,-0.24207832,-0.9864253,-2.2035933,5.301503,3.1842942,3.7953498
0.65107226,4054.4048,0.027527485,10.275311,-3.5925703,-0.14565398,-0.49269304,-2.815449,5.707155,3.2924752,3.9721959
0.6491513,4235.6807,0.27430877,10.203614,-1.2935009,1.4683161,0.50399446,-0.40438443,6.2835417,5.858376,4.313572
0.64862037,4175.6274,0.4239713,10.229035,-0.8580895,1.6825671,0.7310096,-0.53271574,6.2649946,5.051622,4.4951186
0.6343787,4873.2285,0.089899585,10.2245655,-2.409062,-0.79527557,1.059395,-1.9776623,4.3822207,3.9297757,3.5569346
0.6558903,3926.9668,0.7064278,10.241307,-0.34753424,0.9855871,0.7741859,-0.90737134,5.8375626,4.668577,4.11621
0.6515298,3985.7688,0.98449767,10.266519,-0.015623776,1.2534075,0.9435155,-0.29997414,6.207657,4.813689,4.0995083
0.6370985,4495.0796,0.01846389,10.290807,-3.9919384,-0.05819012,-0.6192744,-0.967801,4.2903886,4.5273438,4.224258
0.64019287,4509.2495,0.42557168,10.264593,-0.8543219,-0.191188,0.030754913,-1.1188403,5.006427,3.9171472,4.642994
0.63012254,4667.011,0.121070355,10.301021,-2.1113834,1.238427,1.7690322,-1.1135385,4.6470838,4.3719835,3.8504078
0.649851,4121.091,0.116218366,10.194071,-2.1522844,0.80185163,0.1364667,-0.07732454,4.5376673,4.220269,4.446548
0.6528058,4023.037,0.81441617,10.257645,-0.20528379,-0.7074428,0.96816295,-0.7836273,4.5240736,3.2801118,4.9197316
0.653252,4120.616,0.5778321,10.196957,-0.548472,-0.24735609,0.896812,-1.3380243,4.5374165,3.1107905,4.855352
0.6483443,4274.8896,0.117464885,10.219735,-2.1416159,0.33845198,0.091248706,-0.24654844,5.95051,5.898734,3.1462283
0.636197,4664.5815,0.42959592,10.284866,-0.84491026,0.121794984,1.0831103,-2.3480217,4.5420322,3.91065,4.755636
0.6614901,3859.9038,0.073491804,10.165437,-2.6105814,0.17548491,0.2037976,0.6350751,5.83389,4.707699,3.2031345
0.63662684,4713.642,0.5064843,10.267416,-0.6802619,-0.28034192,1.4485345,-1.8066385,5.294849,4.9037037,4.778325
0.65252084,3985.3804,0.039343838,10.209509,-3.235416,0.8278421,0.29142967,-0.26793185,5.1512856,4.171107,3.3830242
0.6600951,3883.3938,0.23272686,10.181659,-1.4578898,0.17011064,0.53960776,-0.55337846,5.5187654,4.6836157,3.1700902
0.64880615,4189.0107,0.10630283,10.246216,-2.2414634,-0.14546269,0.8529382,-1.4772785,4.7833247,4.173122,4.8357244
0.6475265,4074.5945,0.026483158,10.277802,-3.6312463,1.4426309,0.870398,-1.0238719,4.4623623,4.2884417,3.9860337
0.64526165,4372.073,0.87808526,10.238041,-0.13001159,1.0994309,-0.63525045,-1.6503725,5.9630575,5.11897,4.323469
0.6425849,4575.4316,0.007005915,10.200027,-4.9610004,-0.50464994,2.9321547,0.6575326,4.7878866,4.090306,3.903247
0.63946086,4433.1475,0.048680097,10.274702,-3.022485,1.652896,1.5046413,-0.34547693,5.2694902,3.856277,4.362538
0.64583844,4473.4746,0.17955284,10.1860485,-1.7172858,-0.72970146,0.12011774,-0.03766694,5.3572063,5.529456,3.3262024
0.647444,4385.3057,0.64188135,10.193765,-0.44335184,-0.5145517,-0.30289122,-0.5039074,5.158076,5.417568,3.6130407
0.6552129,3996.1777,0.027835209,10.190042,-3.5814536,1.4873127,2.075945,-1.3249214,5.1540666,3.8073373,4.0362062
0.65668035,4033.6418,0.79749084,10.216964,-0.22628495,-0.6394507,0.60088086,-0.7116661,4.6599483,3.8632448,4.0545797
0.6571189,4057.22,0.20468414,10.174535,-1.5862873,-0.3414397,1.3097723,-0.28186727,4.6951523,4.2569327,4.3762393
0.65977997,3846.5347,0.62266606,10.202419,-0.47374493,-0.051404346,1.9070159,0.29379764,5.826434,3.9886694,4.9451756
0.66302073,3844.5613,0.1544129,10.164344,-1.8681251,-0.7663854,2.0414374,-0.001674719,5.981389,3.5327563,4.7978134
0.65757287,3801.5125,0.7886505,10.205753,-0.237432,0.25846618,1.2320062,-1.5675071,4.3695574,5.211393,3.7218227
0.64863193,4225.918,0.1332219,10.210916,-2.0157392,-0.27537462,0.16563243,-0.02652644,5.877531,4.252613,4.743314
0.6423765,4117.128,0.9809718,10.300743,-0.01921157,-0.86907923,0.97907174,1.0295093,5.8781137,3.8115795,4.1953306
0.6380227,4759.0645,0.0128993075,10.22085,-4.3505816,0.6646982,0.99847883,-0.24909939,5.380464,5.3939724,5.0786934
0.63260907,4624.284,0.01948336,10.299644,-3.9381945,0.29092845,2.0074146,-0.18256074,4.8538346,4.5600653,4.240344
0.6303792,4697.3984,0.019149948,10.299543,-3.9554553,0.27579585,2.5689285,-0.40469718,4.826914,4.66186,4.297378
0.65010726,4193.944,1.7859887,10.242758,0.57997215,0.44705704,0.20385422,-0.79393876,5.2881174,3.6614983,3.4415317
0.65059215,3998.1362,0.32145935,10.249866,-1.1348841,0.095916145,-0.18861495,-0.45162115,6.0067368,3.8898294,3.3818138
0.6506653,4028.0925,0.27870807,10.252827,-1.2775904,-0.052438132,-0.24867703,-0.23739392,5.9011755,3.8192813,3.5473309
0.6505685,4325.8364,0.06235078,10.180689,-2.774979,-0.69905007,0.7342229,-0.6027354,5.8702416,5.418626,3.8579392
0.64965034,4132.4756,0.5982461,10.22466,-0.51375306,-0.47438335,-1.2846023,-1.2456383,6.580824,5.913656,4.116209
0.6504358,4017.388,0.37354386,10.245325,-0.9847198,-0.77281755,-0.87981975,-0.72391105,6.582064,5.349392,4.519227
0.65219843,4117.9404,2.9951854,10.241623,1.0970061,-2.376526,-0.780841,-2.0227454,6.3544807,4.1822305,4.2440586
0.6483569,4246.0796,0.8863982,10.236517,-0.12058902,-0.96905786,0.4503815,-1.7347963,6.265738,3.964899,3.578337
0.64504623,4420.2383,0.31257808,10.20072,-1.1629009,-1.6579098,1.9617599,-0.6057832,5.5765934,3.812538,3.4826336
0.6338982,4653.742,0.09312488,10.292901,-2.3738139,-0.7930147,-0.17857675,-2.020305,5.4097447,4.7827196,4.332262
0.6373716,4802.658,0.08651295,10.231818,-2.4474611,-0.40651926,-0.2513402,-1.6963317,4.8795776,5.137406,3.8830342
0.6384173,4660.301,0.49971104,10.246064,-0.6937253,-0.9069784,0.5153136,-2.4856584,5.5583286,4.9232063,3.0738003
0.637597,4441.095,0.06792664,10.2932625,-2.689327,1.496842,0.8834313,0.61903715,4.8171005,4.011999,5.1084266
0.6420775,4431.054,0.21462364,10.249469,-1.5388693,0.24283226,0.77658015,-0.42886028,4.5886154,3.7978585,5.3206835
0.6421877,4467.009,0.24523431,10.230263,-1.4055412,-1.0911788,1.939198,-0.3872818,4.807656,5.0246224,3.2863307
0.65611064,4104.3257,1.3880329,10.160606,0.32788762,-1.0711867,2.8760557,-0.45296034,4.1496444,4.419825,3.2741387
0.6581825,3948.048,0.30336946,10.175393,-1.1928039,0.56819123,0.5977855,-1.1293476,4.95043,3.6910737,4.4624805
0.6425328,4566.7163,0.16089088,10.23168,-1.8270289,-0.8602292,0.35195562,-0.03256008,5.316132,5.3144913,4.146974
0.64001733,4388.2646,0.18855654,10.308263,-1.6683574,0.98140764,1.4555347,-2.6336284,5.381233,4.0700517,3.936321
0.6413947,4464.941,0.8516541,10.238298,-0.16057482,-0.5206171,0.11201812,-1.4147007,5.4760303,4.214651,3.8223538
0.6316572,4612.0205,0.26673597,10.319482,-1.321496,1.9455712,1.8404572,-0.75157064,4.680359,4.3951993,4.196787
0.65760374,3978.8137,0.019637588,10.178836,-3.9303098,-1.7129323,-0.82518595,-0.87742865,5.8373957,4.22542,3.9378989
0.66387975,3666.8157,0.38441008,10.180792,-0.9560453,0.27168396,1.1793633,-1.5657432,3.922245,3.8512847,4.0929317
0.6641065,3805.3,0.3586697,10.115899,-1.0253534,-0.90509653,1.0338786,-0.5133578,6.8672476,4.882287,4.561982
0.67115486,3687.5872,1.08624,10.139186,0.08272222,-0.7197372,1.9393014,-0.8443194,6.215359,5.142304,4.4355683
0.66815436,3835.368,1.916084,10.144103,0.6502835,-1.3843054,1.3929065,-1.0716724,5.541214,4.9592767,3.581826
0.6691708,3552.625,0.03495637,10.14603,-3.3536546,0.31899804,0.71385694,-1.8445826,5.179745,3.781942,4.212185
0.6620306,3817.7285,0.24585228,10.1741,-1.4030244,0.06707017,2.23501,-0.7646362,5.1506686,3.8851836,3.4928894
0.634756,4586.0186,0.19433329,10.309275,-1.6381806,0.05276383,-0.39542136,-0.64098173,5.148223,5.118592,4.4794397
0.6343214,4590.3945,0.15266658,10.28722,-1.879499,0.33696318,-0.61440736,-0.71571237,5.2776303,5.1782465,4.443907
0.6360252,4444.542,2.6133022,10.341757,0.9606147,0.4104292,0.098698854,-2.3969257,5.4177065,4.0274014,3.959352
0.63848835,4419.3057,0.0023571523,10.253377,-6.050301,-0.158232,2.280062,-0.17510107,4.928619,5.30548,4.2615004
0.6474697,4217.312,0.29956424,10.228979,-1.2054263,-0.020706814,0.7984926,1.2254792,4.1094847,4.3373084,3.5163734
0.6317351,4646.2026,0.06775828,10.294112,-2.6918087,0.38080513,1.6476,-2.5301754,6.9592514,4.649085,4.1518736
0.6372291,4540.964,0.059047833,10.23403,-2.8294075,0.7809072,2.5069184,0.4970141,4.265974,5.098935,4.7796283
0.6408519,4420.515,0.118929826,10.270124,-2.1292217,0.16120993,1.6438022,0.4833929,5.0054255,4.126705,4.5593147
0.65338814,4107.43,0.14252321,10.194489,-1.9482504,-0.82652634,1.141784,0.94357014,5.4876256,4.080248,4.0368433
0.65575045,3889.4863,0.30248815,10.231085,-1.1957132,1.0517173,0.96421385,-1.783219,4.8225,4.914801,3.7148418
0.6527157,4046.0735,0.010771327,10.204033,-4.5308676,0.8806939,1.8515568,-0.87850404,5.320891,4.646838,3.6621451
0.6425404,4203.3936,0.1945643,10.30303,-1.6369926,0.6486626,0.13267097,-0.18168472,6.3742204,3.1859264,5.8309565
0.6433128,4226.4033,0.29699704,10.289928,-1.2140331,0.5369141,0.6803357,-0.1438958,6.3004084,3.351997,5.215189
0.6369354,4292.676,0.5202587,10.318044,-0.65342903,2.9934793,-0.58398056,0.012885583,6.5597787,4.6411886,4.807238
0.6362721,4323.0996,0.49261433,10.317508,-0.70802873,2.8808799,-1.1549134,0.14524241,7.0032783,4.6554713,5.1467714
0.6366006,4613.2456,0.045675833,10.284224,-3.086186,0.13332023,0.35906047,-0.40259963,6.032507,5.464586,4.3745203
0.66209936,3943.3972,0.9609091,10.169281,-0.039875414,0.026537385,0.5421583,-1.4018444,5.0604277,3.6954849,4.210674
0.6312157,4797.84,0.08988364,10.309025,-2.4092393,-1.3648592,0.18040398,-0.5302422,6.10151,4.361921,4.452374
0.6262981,4718.9785,0.610849,10.336472,-0.49290547,-0.79106694,-0.050988007,-2.165466,6.5012345,4.322238,3.276008
0.6237813,4717.9204,0.512614,10.341937,-0.6682321,-0.875982,-0.21784905,-1.7242329,6.4178424,4.3060904,3.29089
0.65755343,3769.9016,0.055082344,10.2134695,-2.898926,1.2984755,1.8830799,0.085956976,4.5526714,4.7647295,4.8258834
0.647671,4383.6904,2.4236345,10.230089,0.8852683,-0.8547314,-0.9131006,-0.92706764,5.789632,4.4464436,4.1711164
0.6462134,4358.224,1.7500042,10.223688,0.5596182,-0.53744036,-0.6036201,-0.66224295,5.5089755,4.4342203,3.8436666
0.64541256,4459.884,2.0746765,10.234565,0.72980523,-0.41028693,-0.4945195,-0.7573048,5.5087857,4.4517236,3.88764
0.6474575,4249.7085,0.13578635,10.25929,-1.9966725,-0.44067705,-0.051757824,-1.4879192,4.6459394,4.2148547,4.8110757
0.6409286,4559.563,0.08086109,10.218265,-2.5150225,1.231307,2.2601786,-1.3912662,6.172886,5.3840976,4.0190654
0.6387679,4739.235,0.024147864,10.207229,-3.7235594,1.257193,1.6255474,-1.2680997,6.1770496,6.092811,3.8657868
0.636765,4564.921,0.011515484,10.242905,-4.4640627,0.509589,1.8126564,0.10067202,6.2707467,4.9832964,3.775874
0.6394707,4194.527,0.004151667,10.322703,-5.4842453,0.35422695,1.7671045,-0.4073322,5.9888096,4.530643,3.7487106
0.64551973,4571.7476,0.0076516042,10.146199,-4.87284,-0.3388684,2.2476366,1.0646031,4.9376307,5.159475,3.1583118
0.6437219,4521.249,0.012637321,10.153097,-4.371101,-0.63624936,1.9297011,1.2803246,4.7883754,4.968831,3.4021287
0.6505698,3893.1453,0.5677746,10.288512,-0.56603074,1.4340549,1.0537779,-1.1627227,6.30799,4.285037,3.8489234
0.6607576,4067.9192,0.1628426,10.168953,-1.8149712,-0.42555058,-0.1872612,-0.83034945,5.588166,4.106859,4.1621923
0.6730138,3473.0403,0.9833086,10.139774,-0.016832259,-0.349801,1.081607,-1.9117498,5.147089,4.196437,3.74505
0.6753402,3433.6829,0.83886343,10.137616,-0.17570737,0.19859159,2.3334608,-1.2066522,5.1408157,3.85986,3.3108368
0.6710634,3679.1934,0.40628317,10.075894,-0.9007049,-0.06131529,2.1250005,-0.51830167,4.9576454,3.8013363,3.702326
0.6662562,3674.8433,0.1456672,10.193226,-1.9264307,-0.5969095,0.04986043,0.2180789,5.3853917,3.5940099,4.715821
0.652501,3901.0366,0.13934326,10.251162,-1.9708148,0.9998851,1.5246276,-1.5831574,4.734199,5.3319483,3.6056836
0.64657325,4337.161,0.0967536,10.2140665,-2.3355877,0.93999094,0.3583162,0.03788507,5.4938583,4.3194094,3.7868156
0.64497745,4196.277,0.16080593,10.293916,-1.8275571,-0.82851833,-0.9291832,-1.0928832,4.970215,4.604358,4.4281697
0.6437065,4499.667,0.12613098,10.199777,-2.0704343,-0.6487147,1.4465283,-1.2507943,5.7324076,4.6565247,4.392846
0.6550094,4080.0522,0.046898086,10.193161,-3.0597785,0.9187752,-0.14186761,-0.94690645,4.824434,4.1351585,3.5929499
0.650807,4088.0457,0.36366886,10.24576,-1.0115116,-1.0964698,2.1681309,-0.6619265,6.187267,4.0347166,4.3490934
0.63998175,4496.38,0.0074877357,10.241573,-4.894489,0.4065229,1.2274259,-1.4411647,4.9692574,4.3667703,4.400532
0.6510527,4046.6118,0.008075172,10.242743,-4.818961,0.5792717,0.26121432,-0.44827577,5.0042768,3.8812857,4.3659515
0.6571442,4070.3757,0.012529151,10.173403,-4.3796973,-0.9300175,0.028212296,0.59309477,5.0118303,4.450537,4.3309
0.63888705,4182.048,0.2832185,10.301461,-1.2615366,1.2098272,0.61277246,-1.1649556,5.13143,4.5516005,3.0511005
0.64764166,4313.8696,0.25426862,10.200322,-1.369364,-0.21813077,0.55792916,-0.5464848,5.968381,4.787543,4.04982
0.6461972,4172.7236,1.1057647,10.270655,0.100537196,-0.08725256,0.3208941,-1.1586224,5.434911,3.759047,3.7995315
0.64059734,4461.8584,0.087304786,10.261816,-2.43835,-0.14799514,0.8932898,-1.5206012,5.4545126,4.1498737,4.242753
0.6479919,4170.6846,0.51592124,10.255135,-0.6618012,0.94371265,0.691393,-0.59149295,5.0119133,4.407329,4.0664926
0.63873154,4652.758,0.06512384,10.228826,-2.7314646,-0.7022859,-0.013412454,-0.8332142,5.154067,4.3538713,4.687579
0.64051265,4663.236,0.21631446,10.240165,-1.5310221,-1.1391658,-0.7930357,-0.9286328,4.820806,6.0039473,5.324291
0.6334315,4715.2266,0.22755969,10.28349,-1.4803427,-1.1407311,0.15449435,-2.8563664,5.2308607,5.430407,4.5646524
0.6429051,4178.372,0.19544452,10.270061,-1.6324787,0.47126895,1.5400444,1.2231768,5.312129,3.6864789,3.4027343
0.6439386,4382.5444,0.46117502,10.23718,-0.77397764,1.5076809,1.4870367,-0.38548568,4.9838033,4.5732317,4.330434
0.6429877,4123.6196,0.21521196,10.295987,-1.5361319,0.0155205745,-0.33825797,-0.6640111,5.4471703,4.7845335,4.8445473
0.6534568,4063.5032,0.12623875,10.213018,-2.0695803,0.8765275,-0.074229546,-1.4668561,4.4854097,4.980988,3.8851132
0.6452975,4444.9956,0.47695035,10.198488,-0.74034286,-0.6291882,1.7145623,-0.3337776,4.990835,4.148278,3.5411673
0.64277035,4200.7407,1.0264822,10.27699,0.026137585,1.5248601,2.1309228,-0.37387162,5.108401,4.7557273,3.5802217
0.6474192,4273.5005,2.3206644,10.231899,0.8418535,1.2870053,3.2687526,-1.6378393,4.711768,5.2834044,2.9324086
0.660773,3797.2163,0.19039296,10.187467,-1.6586652,0.7059766,-0.3070692,-0.6531813,4.9933424,4.089069,2.9948542
0.66087043,3862.3137,0.2955866,10.172091,-1.2187935,0.8277235,0.08337009,-1.1644678,5.483733,4.266598,2.7332778
0.6384953,4452.294,0.22830938,10.279903,-1.4770536,0.19115935,0.984363,-1.0158982,4.766575,4.9797606,4.226594
0.64304876,4291.4326,0.5429089,10.257512,-0.6108137,1.3672268,1.0916364,-1.0743601,4.909418,4.301675,4.6266356
0.6428189,4301.161,0.75019807,10.263182,-0.287418,1.3563876,1.5257584,-0.72111905,4.596917,5.0163717,3.1841326
0.643329,4445.4883,0.055096164,10.240395,-2.8986752,-1.2519493,0.12038461,-1.4279877,5.980962,3.8269439,4.6658006
0.64834267,4045.8508,0.59378034,10.224894,-0.52124584,0.96446717,0.5174381,-1.0643343,4.720973,5.674674,3.2182994
0.6419965,4401.282,0.019561728,10.264548,-3.9341803,0.90541726,1.1905721,-0.21292435,4.4926414,4.2235727,4.2348332
0.6532232,4132.453,1.1743853,10.180989,0.16074492,-1.0714433,0.47418606,-1.4897745,5.9732757,4.669951,3.6384459
0.6616701,3906.4956,1.5626248,10.205146,0.44636697,-1.7296641,-0.9961747,-1.2790602,6.1435537,4.4678583,3.6399143
0.654125,3917.4934,0.3501387,10.231485,-1.049426,-0.6800544,0.25840008,-0.72923946,5.6775217,4.2298613,4.3892226
0.6512879,4324.3306,0.019892922,10.161625,-3.9173913,-2.0391173,-0.27318364,-1.1872951,5.114132,6.0193453,4.561882
0.64247984,4372.628,0.02273707,10.242847,-3.7837586,-1.4518696,-0.36958238,-0.55665666,5.0538254,5.232959,3.7066953
0.64315236,4433.2275,0.2106868,10.239924,-1.5573826,-0.47588578,-0.009742274,-0.5021803,5.175373,4.732337,3.3360827
0.64466107,4427.634,0.598198,10.23326,-0.51383346,-0.56862265,0.3430031,-1.662374,5.360079,5.402878,2.681109
0.6429296,4584.2266,2.6955771,10.194039,0.9916123,0.094542615,0.91578263,-1.4601473,4.549467,4.848734,3.7928722
0.6357551,4649.228,0.03189084,10.252856,-3.4454365,-0.39126042,2.9470434,-1.1478845,5.767708,4.2117624,2.613832
0.6557513,3884.5547,1.0050508,10.2557125,0.00503802,0.53125626,-0.89179045,-0.7915113,5.1419387,4.551835,5.862294
0.6584549,4059.1692,0.033116523,10.137458,-3.407723,-2.3383527,1.2693739,-1.0853455,5.1408224,3.7892108,3.1516058
0.66012895,3861.4128,0.025869256,10.183409,-3.6547,0.15393746,0.6544893,-1.2811153,4.7560997,4.0077424,3.7161705
0.65263474,4119.946,0.8943111,10.203867,-0.111701645,-0.051878378,0.99734026,-0.6988487,5.317507,4.583212,3.6915023
0.64335024,4339.3247,0.13499552,10.2607975,-2.0025136,-1.1846106,0.9403345,-1.7272555,5.5032587,4.3394694,4.3633637
0.62756705,4942.2876,0.06475204,10.327821,-2.73719,-0.037894998,-0.22216494,-1.6383148,6.401609,4.47769,4.2769957
0.62334067,5068.5723,0.06512432,10.305369,-2.7314572,0.3441838,0.06178968,-1.4235346,6.6343665,4.44739,4.8611665
0.63394094,4567.669,0.4007722,10.334684,-0.914362,-0.19665906,0.87762016,-1.9848558,6.2140226,4.167329,4.4034343
0.6284884,4452.132,1.0547172,10.376469,0.053272653,2.8973522,1.758025,-1.4299437,5.9940457,4.6721463,3.4583259
0.6424458,4429.448,0.048042383,10.193771,-3.0356717,0.42684728,3.1482437,-0.26807684,4.6165066,5.39672,5.0157523
0.65838313,3895.2883,0.4058833,10.191098,-0.9016896,-0.309062,-1.3355511,-1.6100136,5.707513,3.8788786,3.3122375
0.65588224,3960.368,0.015329925,10.2042265,-4.1779485,-0.61186206,-1.6309716,-0.858068,6.122122,4.2220645,4.641871
0.65385973,4152.084,0.005504242,10.187056,-5.202236,-0.38334414,-0.29430395,-0.8661877,6.5646534,4.4651976,5.2737265
0.641844,4512.4463,1.4219708,10.2123,0.35204384,-0.42853388,1.7642739,0.16003479,5.0797443,4.222698,3.3356256
0.6410134,4488.41,0.011287695,10.249968,-4.484042,0.19792338,0.6436443,-1.8639017,5.9957447,4.161286,4.412633
0.6464802,4310.706,1.580148,10.20977,0.45751846,0.15853187,1.0042828,0.050919797,4.5686483,4.847529,3.8537803
0.6316873,4460.718,0.06604947,10.313872,-2.7173512,2.4706404,2.3904657,-1.4741453,4.880232,4.5063076,3.6968956
0.65026194,4226.949,0.7979541,10.2007,-0.22570422,-2.2035165,-0.07136064,0.41307035,4.845076,4.474179,4.28547
0.6432301,4421.052,0.0634205,10.232551,-2.7579682,-0.5314363,1.9040279,-0.60246944,4.2464495,4.7497573,4.3903527
0.6450987,4488.764,0.10132764,10.218284,-2.289396,-0.29721767,1.1787148,-1.6426789,4.467878,4.765318,4.3800807
0.6588452,3732.6614,0.037168212,10.241319,-3.2923014,-1.999631,-0.5235275,-1.208614,7.195936,5.064617,3.1109855
0.6570848,3892.6667,0.1826657,10.207293,-1.7000976,-1.3474692,-0.09085715,-1.3302035,6.3576393,5.5263615,2.8449154
0.65765846,4080.9187,0.13332121,10.154427,-2.014994,-0.452749,1.2246482,-1.467812,5.4577384,4.789296,3.6828809
0.6336926,4767.042,0.32916793,10.264417,-1.1111872,1.1513449,0.29399812,-0.9225795,5.075117,4.1132607,4.451107
0.63760644,4259.4614,0.022145856,10.315339,-3.8101048,0.70803684,0.9888842,0.056549884,4.6047034,3.9952312,4.398237
0.6463942,4399.503,0.08006668,10.216401,-2.5248954,0.26280108,0.42776674,-1.0100716,4.4349318,3.9891024,4.535272
0.64978456,4027.1714,1.2462282,10.281242,0.22012152,-0.60522544,1.07697,-0.45981234,5.942603,4.1794233,5.302095
0.63695896,4510.864,0.028390747,10.293234,-3.561692,-0.37177956,1.8759747,-0.9855916,4.8253202,4.8221097,2.890102
0.6433734,4125.7607,0.68419385,10.311554,-0.37951395,0.48138523,0.3624042,-2.4357848,5.4463234,4.801145,6.7927475
0.64469016,4258.453,1.1603876,10.270223,0.14875409,0.17827116,-0.4103999,-1.5594124,5.127375,4.66221,5.8161354
0.6388879,4401.6,0.094803415,10.267342,-2.3559499,0.7146484,1.7650967,0.6355576,5.2790623,3.8461788,3.5469193
0.6368895,4600.7183,0.041643824,10.242822,-3.1786022,0.5094614,1.0271542,0.35858586,4.8741574,3.7524145,3.6357906
0.6474789,4097.4336,0.015376142,10.248857,-4.174938,0.6946319,1.6353835,-0.7769726,6.6127877,4.0571165,4.097424
0.64299953,4311.426,0.086533956,10.265364,-2.4472184,1.9115709,1.5102236,-0.6223138,5.3248606,4.240276,3.7224138
0.6437307,4307.0273,0.31651816,10.234288,-1.1503747,0.5864443,1.5032735,0.22852279,3.989007,4.0115767,2.9117126
0.6464272,4414.9307,0.07654928,10.22943,-2.5698206,-0.4420769,1.0702847,-0.45755762,5.0751987,4.103928,3.2483342
0.63346905,4620.73,0.4211316,10.258995,-0.8648099,1.0568002,0.5208021,-1.6565063,5.259124,5.4311795,5.2183576
0.63234574,4772.0454,0.63678646,10.299362,-0.45132086,-0.3717181,0.8600905,-2.2801063,5.7780323,4.9936213,3.4103322
0.64164686,4291.9893,0.17991036,10.247963,-1.7152965,1.0871184,0.5587723,0.3200631,6.061246,4.617968,4.2742567
0.6407181,4446.162,0.10468874,10.248098,-2.2567637,-0.5622296,0.6475944,-1.6355022,5.4149423,3.379549,3.689804
0.6459042,4263.128,0.27878723,10.246354,-1.2773064,-0.36658692,-0.57109845,-0.58865345,5.2332544,4.484153,3.6160169
0.6457262,4230.7153,0.026273342,10.245984,-3.6392004,-0.002367173,0.38747647,0.035366025,5.1399384,3.879546,4.7348638
0.6517217,4176.6597,0.6933025,10.18465,-0.36628884,-0.42202392,0.30392915,0.6355388,5.4091883,4.223317,4.203594
0.64770114,4412.259,0.4067841,10.197363,-0.8994727,0.12913445,0.77620447,1.4770824,5.387924,4.8435,4.255066
0.6491482,4236.3843,0.24220264,10.20865,-1.4179806,0.45478696,0.8814238,0.24662934,5.8585606,4.747291,4.319467
0.6439687,4285.81,0.31757057,10.243073,-1.1470553,0.06473049,1.134859,0.7823365,6.232609,4.8460307,4.25637
0.6548749,3918.5317,0.47098303,10.246802,-0.7529332,1.1209788,-0.47627345,-0.21571194,6.129856,4.156895,4.2133617
0.63790375,4607.8433,0.21236041,10.226882,-1.5494704,-0.7284814,1.9374988,0.175123,4.5991693,3.5983534,3.293919
0.6365106,4401.1606,0.19931823,10.312132,-1.6128526,0.764205,-0.63304746,-1.8375796,5.9712553,4.8897376,4.6202297
0.6376579,4568.2705,0.47730425,10.288133,-0.73960114,0.0630182,-0.24545439,-2.049158,5.5770617,4.842604,4.742169
0.6479591,4221.292,0.857471,10.270444,-0.15376796,0.5577154,1.754914,-2.2956686,5.345227,4.7164984,3.2354121
0.64411277,4231.3,3.9431958,10.285666,1.3719915,-0.33254063,1.7238792,-2.5801444,6.007318,4.972809,3.5281377
0.6461474,4372.9023,0.030870635,10.243118,-3.4779499,-0.6535383,-0.7408327,-0.73964864,4.7535605,4.1616793,5.93666
0.6450531,4202.5317,0.02320255,10.281906,-3.763493,-0.647954,-0.79692256,-0.37754473,5.172672,3.8002343,5.556902
0.649466,4418.6675,0.46496347,10.166757,-0.7657964,-1.8909171,0.11863574,-0.550338,5.58558,5.910536,3.7406523
0.65278935,4044.2983,0.7424611,10.220984,-0.29778484,-0.9137395,0.08582178,-0.24062999,5.8185906,5.7640142,3.3511252
0.654098,4214.6304,0.37951922,10.144808,-0.96885,-0.46088865,0.6961336,-0.7768246,5.779928,6.0800858,3.603678
0.6434256,4266.441,0.096161194,10.260648,-2.3417294,0.2643812,1.7392807,-1.8724692,4.712745,3.8032186,4.9390674
0.63154197,4900.4326,0.68959886,10.275317,-0.3716452,-0.783176,-0.2466621,-0.58119595,3.8384,4.584314,4.0085244
0.6425468,4251.5054,0.0048026163,10.272941,-5.3385944,0.62095666,-0.3263605,-1.7332523,5.5440526,5.3132024,4.7260094
0.6540636,3976.6863,1.1457953,10.249735,0.13609897,0.79874355,0.76755273,-2.8279605,4.782467,4.639285,3.1766746
0.64441323,4144.708,1.0872566,10.285638,0.08365763,0.12879899,-0.1340586,-1.8088675,4.5174484,4.631631,3.3839014
0.64507174,4391.2974,0.7443683,10.232744,-0.29521933,-0.26420698,1.3424016,-2.4302437,4.7089205,5.119319,3.2579339
0.6507869,4044.5754,0.07323566,10.25432,-2.6140728,0.089024864,-1.2749218,-1.185162,4.7951303,4.386422,3.940121
0.646874,4366.593,0.23449913,10.202394,-1.4503034,-0.76240903,2.5642865,-0.5135068,6.0517273,4.4438686,3.996432
0.6429146,4298.4653,0.15922317,10.234328,-1.8374485,-0.00299798,3.0649405,-0.6584056,6.4928493,4.4137864,3.4693832
0.65420914,4227.661,1.2946165,10.18695,0.25821444,-0.14559595,1.9246252,-1.5163075,4.959194,4.6859937,3.7213924
0.63536006,4533.1997,0.04959953,10.288266,-3.003774,0.4670252,-0.7893942,-0.9655138,5.7808037,4.794515,4.908491
0.6368153,4583.0635,0.39686856,10.269634,-0.92415017,0.16488758,1.5149511,0.01903453,4.650543,4.685068,3.962217
0.62964255,4693.89,0.051400863,10.342436,-2.9681003,1.5930954,-0.63904995,-2.8843334,5.869366,4.507794,4.032445
0.65706474,3874.123,0.026109705,10.1786175,-3.6454482,-0.3218691,1.276474,0.6680903,4.6582675,5.2179575,3.3688083
0.6573694,3871.1555,0.08758017,10.229422,-2.4352007,-0.007836859,0.79569846,-1.8544815,6.121109,4.444059,3.7616444
0.64567626,4061.4583,0.048824497,10.306221,-3.0195231,1.5583042,0.7838285,-1.2821381,5.5908775,4.6643877,3.753636
0.64412206,4337.6733,0.15023115,10.238188,-1.8955802,-0.09267744,1.1969969,-2.7114093,5.49775,3.4876773,4.0691113
0.6360894,4671.7393,0.10791807,10.242627,-2.226383,0.9543852,-0.45246914,-0.3078379,4.73811,6.1987906,3.8940012
0.63375163,4635.8354,0.1441217,10.276463,-1.9370972,0.109949686,0.08860564,-1.3262142,5.25207,4.545414,5.0063877
0.6521876,4198.3706,0.15264195,10.178537,-1.8796602,0.44511855,0.5554204,-0.2989301,5.5336847,4.468825,3.3330846
0.6503677,3963.912,0.27318713,10.247927,-1.2975982,0.92906386,0.81871736,-0.17785566,5.475585,4.357897,3.2947004
0.6346988,4676.302,0.31035182,10.274176,-1.1700487,1.0860379,0.9590221,-1.3475748,5.4273524,3.9558363,3.6754968
0.6363673,4456.687,0.44057804,10.291434,-0.8196677,0.33410367,1.0998297,-0.43754858,5.870762,4.797283,4.630099
0.63702387,4418.675,0.49743012,10.298909,-0.6983002,0.39381507,1.0481322,-0.21484822,5.890223,5.0513306,4.777129
0.6427179,4178.6294,0.06892374,10.272514,-2.6747546,-0.040387165,1.1082683,-1.7068391,4.7951655,4.0638433,3.2862966
0.65319824,4344.669,0.18567078,10.167423,-1.6837802,-1.341499,0.3227238,-0.51793253,5.8934445,4.4857397,5.8862047
0.6513239,4181.998,0.043596573,10.196733,-3.1327767,-1.1678385,1.0829817,-1.2429768,5.9994636,4.0977416,5.15174
0.6335106,4532.7603,0.092301846,10.301752,-2.3826911,1.0063096,0.7986463,0.09017485,4.527678,5.23302,3.1118407
0.6499687,4292.3975,0.5265313,10.228982,-0.64144456,-1.1478267,0.088352606,-1.5028256,6.341327,3.829206,4.5298734
0.6459036,4216.0166,0.28605422,10.250088,-1.2515739,-0.04712819,-0.39624724,-0.60697407,5.2121725,3.9802885,3.7720387
0.6457542,4152.5566,0.07777934,10.263327,-2.5538795,0.30041385,0.29945892,-0.8478357,5.4675083,4.4550557,4.332722
0.6472748,4196.6963,0.6294412,10.267514,-0.4629228,0.6300644,-0.3772114,-0.8303069,5.713094,4.087893,4.7953515
0.6379454,4592.452,0.1283292,10.257161,-2.0531564,-0.52004826,1.3489227,-0.70637864,4.4232726,3.9876323,3.3089123
0.65701914,3950.3914,0.26909393,10.194048,-1.3126948,0.124575555,0.2503533,-0.99218357,6.3068953,4.645119,4.667081
0.65419054,3956.0828,0.09455238,10.245728,-2.3586013,-0.46273735,0.31154552,-2.0426915,5.0881424,3.1244988,4.447027
0.63569736,4546.1357,0.24892716,10.247815,-1.390595,0.76494664,0.8175233,0.6125904,5.3243027,5.9224863,3.3257449
0.65112954,4104.784,0.58901966,10.227807,-0.5292957,-1.3173708,-1.3344495,-0.9514502,4.5701046,5.292392,3.8373585
0.6473366,4301.2,0.046171263,10.250831,-3.0753977,1.0221213,1.8079795,-1.8595964,5.534782,3.6634433,3.5048761
0.6448455,4269.9307,1.1188635,10.231805,0.11231344,-0.6776548,-1.2886959,0.23491399,5.2710714,4.9116206,4.225776
0.6508671,4083.3464,0.5180804,10.259883,-0.6576248,0.4521636,-0.63263184,-0.54944146,4.765476,5.1978364,5.6794
0.6306856,4702.2036,0.22561254,10.298628,-1.4889362,-0.500023,0.6108554,-0.28547624,5.7662506,4.4365745,4.236303
0.6539809,3969.2095,0.2238912,10.231942,-1.496595,0.42278638,0.7436427,-1.3987991,4.713789,4.4058146,3.6209106
0.63584435,4551.4746,0.0107236,10.27016,-4.5353084,0.47822547,0.20568608,-0.79623365,6.719454,4.8148985,3.1316323
0.6548166,4012.3684,2.4348283,10.236216,0.8898762,-0.19310863,1.2035577,-0.89922976,4.073282,3.6666157,4.8037987
0.65684974,3991.4858,0.49433032,10.193998,-0.70455134,-0.7275481,1.4453938,-1.004051,4.8746457,4.6819344,4.6674414
0.64880615,4222.0845,0.0434717,10.223065,-3.1356452,-0.31735155,0.13399719,-1.4227966,6.1617227,4.275511,3.950548
0.63572145,4513.3877,2.401442,10.303001,0.8760694,1.2158676,1.6578653,-0.94772553,4.4208927,4.965899,4.988315
0.6419914,4400.0273,0.0064046457,10.239154,-5.0507317,0.26968774,1.4346137,0.61653113,6.4855633,4.587437,5.473147
0.64095825,4390.3647,0.20310733,10.309949,-1.5940207,0.8759037,0.02200645,-0.65934366,4.7824116,4.4863415,4.5055714
0.64684385,4287.5415,0.7657931,10.169768,-0.2668433,0.30065992,2.0817986,-0.7581399,5.0777125,5.60952,3.5869205
0.6516267,4014.558,1.9556752,10.21331,0.67073554,0.80087864,1.3441185,0.28000733,5.6347456,7.483362,4.5802913
0.65901715,3965.559,0.84586346,10.145632,-0.1673973,0.92673594,1.2111104,0.058376875,5.386019,4.5023546,3.6883602
0.6362647,4381.5034,0.081716105,10.314964,-2.5045042,0.05047573,0.15451726,-0.79403245,5.7308073,3.7188287,4.0850167
0.650316,4153.831,0.12074508,10.234304,-2.1140738,1.0314251,0.21975367,-2.584014,5.3042026,4.0353336,3.5084538
0.6446313,4230.628,0.043849654,10.279151,-3.1269884,0.47620252,0.7817774,-2.084211,4.733693,3.8878305,3.70815
0.63952374,4428.721,0.047417507,10.288532,-3.0487638,0.19941795,-1.0979004,-1.7576681,4.5553513,4.0230227,3.8260608
0.66619325,3667.1855,0.4392535,10.161809,-0.82267857,-0.37488788,2.2645187,-0.84623855,5.608915,5.143724,3.4153361
0.65875435,3927.534,0.26167947,10.138453,-1.340635,0.6864505,0.887601,-0.36082724,5.381092,5.3798823,3.700422
0.66013753,3769.357,0.09226985,10.184622,-2.3830378,-0.80960804,1.0766652,-0.64066863,5.2185416,5.2073145,4.0646048
0.6357147,4339.09,0.43717253,10.326723,-0.8274273,0.5664224,0.8164247,-1.4342581,5.173256,3.9994326,3.8221803
0.63233274,4820.54,0.22959165,10.270474,-1.471453,0.9338471,0.08528941,-1.4122965,5.271207,4.1186357,3.5033011
0.63425136,4604.3794,0.088549264,10.289554,-2.4241962,-1.1614134,1.0744914,-3.2411969,5.546194,3.9295888,3.2670727
0.6330632,4768.402,0.51984936,10.258967,-0.6542162,2.0496378,0.88880926,-0.5897621,5.2971506,5.0778284,3.8882244
0.63291746,4738.134,0.5241396,10.263378,-0.6459972,2.1080956,1.0383074,-0.53888065,5.2656155,5.1208344,3.8398612
0.65932524,4257.3945,0.17952505,10.127379,-1.7174405,-0.6379856,0.284111,-1.2270368,5.4735756,3.9763978,4.261221
0.6305719,4576.2744,0.24292916,10.299452,-1.4149854,1.1829069,2.111506,-0.5751191,6.175525,4.38591,3.8931625
0.62430555,5221.718,0.4044433,10.294549,-0.90524375,-0.5781921,0.18543051,-2.822711,5.0986996,5.8600855,3.6385152
0.63401556,4660.007,0.11964384,10.28285,-2.123236,0.90352726,0.2630082,-1.6794423,5.826145,4.70009,3.3932493
0.6330653,4796.628,0.060325876,10.228078,-2.8079941,-0.14657977,-0.07878418,-2.2898285,7.228922,5.3933735,3.43159
0.63747114,4647.627,0.06689324,10.23535,-2.7046573,-0.058080774,0.7653374,-2.4903965,7.1675725,5.622915,3.6210358
0.6374488,4722.823,0.2446896,10.24505,-1.4077648,0.096799,0.007319082,-1.3616327,7.180906,5.3171763,3.817209
0.6436377,4353.571,1.3617307,10.274204,0.30875647,-0.52779526,0.31390843,-1.6826587,6.4626436,4.111375,3.137776
0.6300292,4698.372,0.016043851,10.319683,-4.1324296,0.53264,1.1646863,-1.5389414,6.1956544,5.345352,3.7196445
0.63883084,4623.394,0.7502627,10.247414,-0.2873319,-0.39708295,1.0573449,-1.013771,4.5848403,3.7161617,4.3482046
0.6377548,4612.329,0.1673851,10.25231,-1.7874582,-0.74375993,1.544827,-1.6604251,4.981997,4.755978,4.9993505
0.63048935,4887.9087,0.11503537,10.274344,-2.1625156,-1.0884566,1.725294,-0.5278381,4.9698043,4.0415287,5.387422
0.6538268,4146.509,0.52893335,10.1982155,-0.63689286,1.3535217,-0.2264149,-1.913545,5.4044185,4.3335147,3.2232385
0.6538768,3963.186,0.1753153,10.229368,-1.7411692,2.5975163,0.06949818,-0.5386539,5.565077,3.682269,3.771017
0.6573154,4063.6536,0.5946944,10.181676,-0.5197077,-2.3558707,0.759132,-1.1437746,5.1907973,5.520726,4.842554
0.65676486,4005.8613,0.6913326,10.188025,-0.3691343,-0.6232427,0.6279565,-1.5025084,4.849536,4.8892345,4.5679164
0.65490633,4001.9895,0.32077566,10.218732,-1.1370133,-0.68484885,0.91652197,-2.1712918,5.3872776,4.0857415,4.0849395
0.63840556,4483.5757,0.044329315,10.281071,-3.1161091,-0.22906491,0.16105881,0.3112565,4.9176393,4.660877,3.7940195
0.6359309,4616.385,0.9563607,10.288683,-0.044620115,0.30767712,1.5717235,-2.3345656,5.7930803,4.5856266,4.2915206
0.6298826,4600.962,0.86580133,10.317117,-0.14409982,1.2350868,1.890461,-2.532453,6.413092,4.5269217,5.1988907
0.6358143,4601.8447,0.20306958,10.266168,-1.5942066,0.59296155,0.11926363,0.69149613,4.3204174,4.2052307,3.7428575
0.6450389,4305.4316,0.05708264,10.250897,-2.8632553,-0.18478474,1.3936177,-2.7003222,6.0984287,4.771041,4.187927
0.6445636,4359.7593,0.8604672,10.231845,-0.15027975,0.48071632,0.52211773,0.078004315,4.620359,3.6287615,3.644818
0.6478964,4379.9243,1.6631392,10.1856985,0.5087069,0.24269004,1.2459984,0.2907528,4.4811134,4.8580008,4.067536
0.6358743,4550.308,0.04277423,10.303573,-3.1518195,-0.7232878,0.3613993,-2.8728824,5.8965354,3.9430835,3.6080122
0.6423701,4471.346,0.40169284,10.215181,-0.9120676,-0.029556822,1.5033356,0.8304603,4.388052,4.8087344,4.623379
0.6365641,4304.1045,0.04056989,10.305552,-3.204729,2.1059642,1.8862684,-1.3733759,5.471147,3.7197957,2.8293777
0.6338837,4551.643,0.062232412,10.278844,-2.7768793,2.829355,2.0290997,-1.0714747,5.433771,3.4600887,2.7935667
0.63769513,4487.787,0.05066545,10.269174,-2.982511,2.288487,2.0287235,-0.9510165,5.1834865,3.5724833,2.9061198
0.64708203,4210.2944,0.990681,10.263822,-0.009362688,-0.4388919,1.4600892,-2.3721821,4.680803,5.653329,3.8320806
0.65082896,4118.9795,0.7443365,10.241008,-0.29526204,-0.97771955,0.59505063,-2.6455977,4.8485184,6.7221136,4.33572
0.6523814,4046.2332,3.8215945,10.278712,1.3406677,0.12043867,-1.1030518,-1.7651654,4.4445667,5.6124845,3.809535
0.6487093,3971.3765,0.67444503,10.2604265,-0.39386514,1.1887516,-1.1113324,-1.7147818,4.5673065,5.5117555,4.131757
0.6362993,4432.421,0.1590224,10.24959,-1.8387102,1.4586293,3.1000652,0.51181513,5.237838,3.7823992,3.4769402
0.651019,4344.107,0.10757271,10.160681,-2.2295883,-1.5751505,1.3253547,-0.85105455,4.764186,4.009805,3.6268268
0.65001154,4210.8438,0.29586497,10.218741,-1.2178521,1.8873496,0.45362628,-1.220348,6.0629826,5.1146607,4.742782
0.6435206,4394.929,0.09846325,10.2279415,-2.3180718,-1.9429374,1.2382916,-0.55832535,4.701486,3.9850876,3.6005206
0.64034855,4572.2593,0.13576673,10.22577,-1.9968171,-1.2090565,0.81917244,-1.2925868,4.9746776,3.9836118,3.4980345
0.6430464,4537.2466,0.10408743,10.225442,-2.2625241,-0.34215614,0.6199264,-1.6235917,4.749373,3.370213,3.2047176
0.6454823,4030.7903,0.12330902,10.297527,-2.0930617,-0.042116515,0.53051955,-1.4252839,5.206812,3.147879,3.7797136
0.64369154,4172.226,0.28766602,10.286397,-1.2459551,0.49901283,1.159036,-1.5435797,5.449361,3.1301637,3.9636052
0.6353127,4570.8975,2.4136176,10.287801,0.88112676,-0.41332895,1.9322181,-1.0779275,5.339787,3.9776514,3.5678012
0.6367902,4587.4014,0.43677285,10.267451,-0.828342,-1.002621,2.2736719,-1.3614357,5.6655107,4.145839,3.9623177
0.63302064,4451.9424,0.04937107,10.323519,-3.0083907,1.0852313,-0.28510413,-0.218932,4.6850142,4.9327993,4.330743
0.63501805,4862.895,0.5880516,10.244728,-0.5309406,-0.09025434,1.0386775,-3.0553799,6.2893376,5.1670175,2.7280688
0.63636583,4686.0967,0.08913863,10.237259,-2.4175625,0.5906689,1.2808132,-1.56714,4.625378,4.755058,3.6292903
0.6425984,4182.708,1.0259418,10.312563,0.0256111,0.6154633,-0.38122833,-1.3441148,5.5660725,3.7889695,4.5777907
0.64252776,4509.6484,0.34444037,10.234715,-1.0658343,0.21594813,1.8697807,-0.6570975,5.6389484,3.8710513,5.02743
0.639413,4297.564,0.49476883,10.276876,-0.70366466,0.52115357,1.6201419,0.28382325,5.7307005,3.94322,5.2356095
0.6424373,4268.841,0.4397016,10.304871,-0.82165897,0.6510852,1.5357395,0.10947782,5.5109606,4.1438727,5.010229
0.633535,4743.655,0.042768214,10.2794,-3.1519601,1.0247188,0.11392761,-1.1935964,6.343482,6.0221767,3.3515112
0.6283906,4663.0474,0.04594516,10.288907,-3.0803068,0.8197326,0.43961722,-0.8580463,5.9043627,5.676696,3.3563135
0.6359291,4557.556,3.2861724,10.270189,1.1897235,0.20820633,0.5347468,-0.9570879,4.7654476,6.3596196,3.1564445
0.64150476,4344.823,1.0452342,10.256733,0.04424101,0.9131619,0.6763466,-0.6946395,4.5653415,6.2902403,3.6743188
0.64512557,4412.4365,0.7378192,10.248482,-0.30405647,-0.2888517,1.4810053,-1.948124,5.2043667,4.4403076,3.7263358
0.65059674,3991.3325,0.16132826,10.224079,-1.8243141,1.2570331,0.057885196,-0.26158237,4.795389,4.6695533,3.8126733
0.6447663,4331.437,0.017145623,10.259907,-4.0660124,-0.957082,2.7009003,-0.015318378,5.643616,4.2605095,4.0085106
0.64513046,4285.1064,0.021912161,10.230729,-3.8207135,-1.592475,2.819032,0.11975314,5.7051096,4.476351,3.948844
0.65114594,4202.0596,0.10887223,10.176384,-2.2175803,1.0121989,1.6266043,-1.2763529,4.4766884,4.7081003,3.6881247
0.65419316,3992.604,0.26451042,10.2173815,-1.3298746,0.7533833,2.3731997,-1.4884796,4.7164326,4.2533145,3.9894853
0.63908225,4227.3438,0.016811294,10.326374,-4.0857043,1.4362972,1.5949737,-2.8441331,5.509849,4.178677,4.3901615
0.62066925,5065.8506,0.07117342,10.335982,-2.6426358,1.4988098,0.67302096,-2.4762764,5.62014,4.0416527,4.088401
0.6367113,4481.0127,0.53033596,10.290228,-0.6342446,1.4758233,1.0365175,-2.3240309,4.3439884,4.021861,3.4150906
0.63936144,4438.9424,0.28686053,10.269043,-1.2487592,0.70999354,1.203474,-1.7495914,4.2330613,3.9974744,3.4372058
0.6464404,4277.594,0.07134925,10.226351,-2.6401684,0.22598594,0.71649605,0.78794384,5.8930883,4.0390773,4.12886
0.6539949,4022.0437,0.7357465,10.2136965,-0.30686966,-0.09467333,0.66191536,-3.025331,5.0326777,5.194787,4.0629773
0.6583086,3898.1304,1.7567062,10.221653,0.5634406,0.6511322,0.33812523,-0.9914533,5.5078278,4.161028,3.5717857
0.6503166,4067.198,0.027569968,10.23265,-3.5910282,0.5587322,0.64602387,-0.8570836,4.5223894,4.3440256,3.7377884
0.65307975,4059.9773,0.762436,10.210052,-0.27123672,-0.38846624,0.39281395,-1.084432,5.33616,4.6043534,3.7261937
0.65072596,4080.4778,0.0035726076,10.229724,-5.6344595,0.6494914,0.63253856,-1.431699,4.669802,4.8760343,3.7449627
0.6497446,4114.036,0.0005888122,10.241739,-7.437403,0.2530997,-0.19822791,-1.726848,5.9297132,3.8327947,3.3667302
0.6517593,3955.4028,0.78271306,10.2526245,-0.24498916,0.10230454,1.167359,-1.240357,4.890704,3.928244,5.4187126
0.65871775,3797.1296,3.3078609,10.267049,1.1963017,0.8744258,0.27847242,-1.2684865,5.2236137,4.287752,5.245799
0.6316376,4673.669,0.001771616,10.302189,-6.335863,-0.40126294,0.7504582,-1.2550372,4.9085093,4.2290726,3.555158
0.63897365,4365.1807,4.6531706,10.339602,1.5375488,1.0985411,0.9094767,-1.839389,5.079863,4.3625846,4.2455573
0.64472836,4309.5605,0.0013411948,10.245715,-6.6141944,-0.0591995,1.3081701,0.3192642,5.360138,3.7915182,4.1761584
0.6538284,3914.5015,0.018900897,10.222658,-3.968546,0.38014284,1.180078,0.92026126,6.22408,3.8405423,4.7358427
0.66071546,4016.827,0.90303606,10.161735,-0.101992816,-0.91056055,-0.07952458,-0.8764857,5.0361876,4.1456556,4.163248
0.661198,3972.556,2.1864095,10.159909,0.78226066,-1.1140246,0.030494845,-0.49933565,5.004219,4.159015,3.7865095
0.661198,3972.556,2.1864095,10.159909,0.78226066,-1.1140246,0.030494845,-0.49933565,5.004219,4.159015,3.7865095
0.66167295,3820.4434,0.028943624,10.169761,-3.5424054,-1.7656804,0.45520267,-2.0371954,5.295315,5.345229,4.0530148
0.6601186,4040.7305,0.04164432,10.142969,-3.1785903,-1.0206382,0.027879177,-2.8905258,6.0126333,4.498826,3.3966098
0.6407304,4271.9224,0.93795645,10.315529,-0.064051755,2.041117,-0.23512435,0.7288903,4.50114,3.4114277,4.5334535
0.6389673,4435.3364,0.06671618,10.266254,-2.7073078,0.8928978,-0.3216797,-0.18106627,5.1528907,5.726019,4.2567706
0.64358646,4369.042,0.5133287,10.242364,-0.666839,1.2387228,-0.61616784,0.3539189,4.8074746,4.6385837,3.931591
0.63892543,4606.3164,0.022077419,10.276945,-3.8132,-0.8317739,0.5853403,-1.1102549,4.241156,4.8420324,4.7820497
0.645808,4153.047,0.088367596,10.279012,-2.42625,1.0080868,0.98891413,-0.84655327,6.420125,4.104184,3.3790565
0.6369908,4577.51,0.050294187,10.265498,-2.9898658,-0.29612938,1.1941426,-1.4954604,4.047743,4.830162,4.333305
0.6477643,4076.0435,0.2792167,10.248983,-1.2757671,0.47317404,0.85509497,-0.5758298,6.1133113,3.9558396,3.6897311
0.64334327,4534.927,0.08233218,10.214206,-2.4969933,0.8757601,0.6151428,-2.3731978,6.026183,4.5045342,3.377112
0.634899,4949.4272,0.21991098,10.216367,-1.5145324,-0.12974149,1.1865182,0.2205394,4.7570934,4.4448237,4.5037694
0.63939494,4298.3154,0.053908434,10.303277,-2.9204683,-0.96627057,2.0730314,-0.8828254,5.541899,3.834908,3.94172
0.63890785,4712.007,0.039377,10.214531,-3.2345734,-1.4354733,0.22220555,0.24405801,5.429574,4.895464,3.7275176
0.6479634,4112.9575,0.17397061,10.250265,-1.748869,1.9772996,1.1102817,-2.0973637,4.593569,3.8639467,4.2692323
0.65128905,4086.7837,0.010214284,10.21656,-4.583968,-0.47035134,0.7667582,0.18036012,5.1843233,4.0349174,3.4483285
0.63773555,4508.079,0.8849952,10.285403,-0.122173056,0.42483655,0.5775553,-1.9212457,5.1795235,4.650228,4.3872986
0.6249925,4948.0776,0.021901663,10.289431,-3.8211927,0.79602104,1.2845186,-1.9078054,5.6065702,3.968929,3.005601
0.62219465,4828.694,0.0125119025,10.336442,-4.381075,0.4095198,2.282158,-2.5306134,5.9531307,4.493829,3.4047241
0.6244533,5186.9473,0.011418441,10.265841,-4.4725256,0.50187355,1.4998,-2.9418738,6.0494,4.521919,3.9508078
0.6347281,4657.665,0.0042240378,10.27174,-5.466964,-0.37285537,1.4968518,-2.2397768,5.046124,5.170781,3.4855397
0.6363291,4801.9873,0.05001799,10.204343,-2.9953725,0.06540158,1.8577002,-0.10015139,4.784143,5.974019,2.9948912
0.6326328,4768.974,0.27479774,10.28211,-1.2917199,0.46427503,0.61964726,-2.5271354,5.144287,3.8571286,4.7681904
0.65192556,4103.9653,0.028650321,10.167263,-3.5525906,0.06593461,0.9466429,0.73520666,5.2438064,5.1346116,3.4768143
0.6447403,4246.3813,0.9037676,10.302448,-0.10118301,0.059466112,-0.41450816,-2.3030403,5.4387,3.7717397,4.3778043
0.6389605,4522.0425,0.23148449,10.260469,-1.4632424,0.39493605,0.7316869,-2.0581255,5.463371,3.9812126,4.3433714
0.6286079,4584.9,0.38678885,10.353296,-0.9498763,1.2575215,0.34030646,-2.211368,5.1420994,3.8156843,3.0557754
0.6325789,4510.033,0.3368646,10.329717,-1.0880742,1.1621664,0.28118035,-2.5318108,5.099091,3.670063,3.0790431
0.635279,4396.5225,0.43277323,10.321392,-0.8375414,1.7074409,0.08422514,-1.7334121,4.6422014,3.758083,3.1338441
0.6393859,4526.4473,0.0494032,10.25933,-3.00774,-2.2281873,2.1168938,-1.2234476,5.84054,5.079223,4.9877253
0.6341115,4620.3354,0.01958552,10.2473,-3.9329648,-2.2876658,1.7345728,-0.7976458,6.0901995,5.001874,4.799523
0.6292918,4587.2114,1.1287345,10.339729,0.12109708,1.5443316,0.15867995,-1.5455698,4.488538,4.4871306,3.8212178
0.64104193,4539.646,0.0073252004,10.243106,-4.916435,0.016469834,1.1161298,-2.4285214,6.5719295,5.0981684,3.2032254
0.643352,4479.61,0.009235205,10.213891,-4.6847324,0.20191202,0.94674844,-2.2983596,6.599142,4.7717795,3.2400413
0.64997864,4224.8877,0.008842158,10.205401,-4.7282243,-1.3378668,-0.6932616,0.49224576,5.6721015,4.625929,3.173945
0.6423476,4272.2153,0.004762253,10.217352,-5.3470345,0.9874809,1.4704928,0.26085564,4.916848,5.528,3.5788503
0.6427356,4443.509,0.036821786,10.203431,-3.3016655,0.08696194,0.9254972,-0.40842015,4.53022,5.1327615,3.7900224
0.6446616,4231.8584,0.055409886,10.259953,-2.8929973,0.12242754,0.6876089,-0.12448641,5.611502,5.300046,3.4335797
0.6396013,4423.709,0.7666699,10.277205,-0.26569888,-0.31146935,1.0981107,-1.2710557,4.6645613,3.8483655,4.716076
0.6368184,4548.008,0.23489548,10.291258,-1.4486146,0.926872,-0.3141233,-1.2018619,5.030155,4.3228197,4.8370075
0.64083177,4350.565,0.016373828,10.280223,-4.112071,0.6095424,1.5484475,-1.3246344,4.9808903,4.402444,3.881107
0.63376695,4733.3315,0.14779322,10.237107,-1.9119412,-0.5252202,1.810118,-0.5339966,4.517073,5.223427,3.089697
0.64457035,4230.9844,1.0467699,10.255452,0.045709092,1.3131733,-0.64916193,-0.2342483,6.3204184,4.8771644,3.310267
0.6558306,3906.836,0.42438856,10.211621,-0.85710585,0.62132365,0.42852375,-1.1567686,4.5451717,4.9557905,4.1575327
0.6361658,4546.9873,0.0011904967,10.288624,-6.7333846,0.015737155,1.2889411,-0.5957016,5.078374,3.7081096,3.8456492
0.6327158,4673.3193,0.018932264,10.316658,-3.9668877,0.2590295,-0.5379646,-1.5681238,5.5279922,3.9959886,4.008742
0.65072846,4190.5874,1.1850412,10.210083,0.16977753,-0.06717692,2.4270186,-0.0115375,4.92804,4.9134097,4.131719
0.6356278,4483.5884,0.060092077,10.296411,-2.8118773,1.1578767,-1.1872652,-1.8361759,5.3521667,4.6258035,3.5346656
0.6593638,3976.6355,1.802871,10.184126,0.5893804,-0.33239284,0.52274746,-0.6992546,5.507491,5.69396,3.4649248
0.64153576,4260.6064,0.039920494,10.279869,-3.2208655,0.92296755,-0.25653026,-1.7633307,5.6961164,4.063056,4.466129
0.6520395,3994.3723,2.0786335,10.231292,0.7317107,1.0798898,0.43189076,-0.19746973,5.065399,4.7637043,4.594756
0.6530586,4017.3262,0.011323523,10.196011,-4.480873,-1.3779435,1.5882298,-2.0408566,5.1839676,4.94776,3.638053
0.6616827,3754.2083,1.1347853,10.194237,0.12644346,0.9867678,-0.2347023,0.23777898,5.2180243,3.9385426,4.4651856
0.6437026,4380.985,0.04825552,10.236386,-3.031245,-0.2961241,0.70741826,-1.2524614,5.2026315,5.12601,3.6199803
0.6467816,4365.337,0.009647816,10.220738,-4.6410236,0.11505888,-0.075943716,-1.2335283,5.7209673,4.367683,3.380485
0.6411901,4328.956,0.02032568,10.28312,-3.8958702,-0.81049657,-0.8432084,0.4159358,5.5019464,5.0768085,5.838377
0.633408,4785.84,0.0121214185,10.246408,-4.4127812,0.6976603,1.0729867,-0.99090314,5.547151,5.293881,3.2967482
0.6528276,4150.26,0.99227154,10.215499,-0.0077584586,0.2209832,-0.19048622,-0.45507535,4.847954,3.5894344,4.5459027
0.6359782,4701.5454,0.034864996,10.256267,-3.356272,1.1357316,1.8520366,-1.831841,5.1722255,4.4246416,3.2732277
0.6387217,4767.391,0.091655985,10.214594,-2.389713,0.8463185,0.9988623,-2.3604894,5.0693064,4.860572,3.3598175
0.63565207,4727.6284,0.0116757685,10.2493725,-4.4502397,-0.09965627,0.7116932,-2.406274,5.143561,4.4054317,3.2768269
0.63656616,4346.292,0.008893857,10.326399,-4.7223945,-1.1243453,0.20828329,-2.0824175,6.106039,4.7287774,3.9117155
0.64899373,4413.266,1.3257247,10.174492,0.2819593,-0.08000494,0.3508388,-2.0743759,4.851304,4.007722,4.760766
0.6462963,4061.3188,0.48676503,10.295234,-0.71997374,-0.9293489,2.2522185,-1.5373418,5.4417324,5.069769,4.1424003
0.66029763,3620.5103,0.038693976,10.260065,-3.2520714,0.26229984,-0.26885515,-0.42349207,5.523665,4.0522275,3.765548
0.66028607,3606.435,0.04340515,10.257284,-3.1371772,0.2421299,-0.24847807,-0.43223202,5.498477,4.0921144,3.7387643
0.6450425,4206.114,0.889278,10.259735,-0.11734541,-0.37685296,2.0602765,-1.274317,5.2936077,5.133876,4.1711655
0.6340803,4409.018,0.012854742,10.327305,-4.3540425,0.34866068,0.052168667,-0.7678941,5.0209136,4.163869,3.9474885
0.6352058,4362.632,0.008933999,10.312017,-4.717891,0.267893,-0.20978813,-1.06147,5.6120334,4.234677,3.8880413
0.6479801,4293.878,0.23133111,10.23326,-1.4639052,-0.25849575,1.2129372,-1.0271887,5.227156,4.559689,4.1973352
0.6471751,4189.323,0.074335575,10.263527,-2.5991657,0.46305144,1.441068,-1.3631933,5.391938,4.6785007,4.0285215
0.64727074,4193.2515,0.06488612,10.214011,-2.7351215,0.5364509,1.5975618,-1.3053626,5.3224216,4.6466303,4.052397
0.65692425,3989.2688,2.4133298,10.216419,0.8810075,-1.3468635,1.9173734,-1.8837858,6.0341196,5.18707,4.0872293
0.65611076,3891.5288,0.030665025,10.226298,-3.4846325,0.75678515,-0.4006592,0.1326603,4.663755,3.7257175,3.6625063
0.62649447,5051.534,1.2444052,10.282131,0.21865761,-0.23046571,1.6678593,-1.8243229,5.8230906,5.070692,4.3706613
0.6541766,3835.8743,0.00942043,10.240513,-4.6648746,0.77137125,0.67578095,-0.30301553,5.218279,4.268644,4.183337
0.65127575,4203.149,0.059180144,10.215062,-2.8271692,-0.70400214,-0.27151442,-2.2052255,4.482605,3.6133556,5.109395
0.6446551,4327.959,0.22434697,10.203113,-1.4945614,0.54337853,1.3701054,0.58343047,5.858677,4.9906178,3.1524062
0.6472529,4102.9834,0.21250972,10.269202,-1.5487676,0.5858144,2.46241,-1.8825872,4.6448126,3.5496411,3.9387267
0.6496007,4198.1235,1.002228,10.202329,0.0022255725,0.8311936,1.1162682,-0.84053195,5.1438255,5.4896827,4.2170877
0.65087664,4208.0137,1.8488684,10.196332,0.6145738,-0.80997485,-0.0610719,0.16685677,4.546052,4.8850927,3.9382412
0.6388448,4520.4194,0.0102481805,10.257632,-4.580655,0.11550823,1.7657398,-2.07847,5.232166,4.178828,3.633412
0.6418312,4457.1357,0.011456929,10.224517,-4.4691606,0.98600525,0.77068776,-1.8982481,4.7092924,4.5854573,3.5152
0.6421387,4363.086,0.007074219,10.284906,-4.951298,1.5146683,0.8028512,-2.1595738,4.5352144,4.272042,3.2556744
0.64237726,4510.3154,1.3298618,10.268965,0.285075,-1.2021648,0.035169654,-0.45046693,5.4915442,3.914862,5.0383058
0.64221185,4231.4844,0.061563455,10.295051,-2.7876868,0.4783944,-0.20641297,-1.8283862,4.706471,4.8864484,4.372487
0.6494765,4162.677,0.16166697,10.239819,-1.8222167,-0.80492604,1.201197,-0.3277942,5.6371236,3.9442058,3.3804848
0.6400697,4328.6206,0.3601767,10.302296,-1.0211605,-0.22458902,0.93747365,-2.361312,4.723436,4.5334034,4.6737094
0.6468357,4170.897,0.1923281,10.237197,-1.6485525,0.7364611,2.1908097,0.14081027,5.6605263,3.9160643,4.1181364
0.6437937,4285.4727,0.013269323,10.272509,-4.3223004,-0.58397335,-0.54413193,-0.720323,5.202177,3.9765239,3.9135354
0.6598793,3746.7446,0.11360198,10.196065,-2.1750543,1.1649052,1.2874439,-1.3147217,6.278156,4.8169165,4.1733713
0.64385784,4319.3096,0.0673681,10.221675,-2.6975837,-1.6394585,-0.09917669,-0.27619317,4.57748,4.381258,3.95519
0.6478921,4130.671,0.9869971,10.244864,-0.013088125,1.3895061,1.1202247,-1.1300292,6.055724,4.9694777,3.270081
0.6498852,4116.1514,1.3901564,10.228109,0.32941625,1.3148926,1.242065,-1.4119012,6.509018,4.9537344,3.1332145
0.6367008,4557.5376,0.02657919,10.265265,-3.6276267,-0.4945159,0.8009885,0.5915288,4.5505424,4.09812,4.8435655
0.63836724,4645.6553,0.0075994697,10.257194,-4.879677,-0.9476995,0.96632195,-1.7774343,4.3824763,3.6036763,4.0583086
0.6450352,4411.2007,0.46266764,10.261268,-0.77074635,-0.22975591,-0.28383726,-2.3468015,5.365714,5.337563,3.3369665
0.6332704,4746.411,0.06370952,10.28484,-2.7534213,0.66328543,1.5738052,0.4624624,5.0968275,3.6654148,4.748399
0.63281393,4680.0,0.06320663,10.2845545,-2.761346,0.66648173,1.5359856,0.55817324,5.106122,3.6967142,4.5804424
0.66278154,3839.9922,0.023773605,10.175804,-3.7391794,-0.11165667,0.010142316,-2.6954005,5.3427134,5.159366,3.2377086
0.6327056,4729.207,0.03142761,10.279671,-3.4600685,0.53182834,1.6646233,-0.65926844,4.857834,5.466235,5.304231
0.63314205,4636.907,0.029097129,10.269815,-3.5371158,0.08387702,1.0561366,-1.8560519,4.946184,5.2559223,3.170885
0.63372093,4664.917,0.01618573,10.260728,-4.1236253,-0.63550764,0.11433998,-1.6330504,4.8393784,5.9235,3.4154043
0.6309204,4937.8735,0.2816916,10.279036,-1.2669424,0.61693954,0.61705965,-0.35080403,4.84811,5.044695,4.7344723
0.6740967,3661.934,0.061245434,10.104557,-2.792866,0.23754816,0.6782967,-1.5655916,5.6060476,4.080316,3.4884737
0.6633252,3722.6587,0.20407064,10.147095,-1.5892891,-0.7164993,1.9151328,-0.49498108,5.1981316,3.966732,3.2699187
0.6459269,4467.57,1.3276949,10.24236,0.2834443,1.0584372,0.6042834,-0.82580394,5.4253774,5.67671,4.7640934
0.6343752,4452.2036,0.13690586,10.285577,-1.9884617,0.6284914,1.0710243,-1.1189013,5.1603503,4.88516,3.5455987
0.6308586,4852.702,0.24223103,10.245685,-1.4178634,0.049170103,1.2813488,-1.1050092,4.767908,6.3446894,3.128275
0.64378786,4287.729,0.29820144,10.295256,-1.2099861,-0.9947229,-0.058830667,-3.0671144,5.1702867,3.2141724,4.098246
0.6432961,4246.2705,0.21762586,10.295269,-1.5249779,-0.7772736,-0.16184877,-2.8305194,5.2007236,3.2870202,3.968816
0.6439657,4252.2827,0.17812407,10.21208,-1.7252749,0.6888093,2.0955532,0.76171106,5.6499934,6.7619123,4.2558813
0.66408837,3760.189,0.238589,10.157154,-1.4330128,0.6415053,-0.16204345,-0.76237446,4.4322133,3.6628325,4.5630937
0.63981175,4563.2983,0.26670507,10.256676,-1.3216119,-1.0319091,1.2262143,-0.56690145,6.3058977,4.858924,3.4645362
0.64066386,4502.5557,0.41185677,10.244864,-0.8870796,-0.64654267,2.8084233,0.12484114,6.840572,5.223568,3.566517
0.6404268,4470.008,0.21518944,10.262506,-1.5362365,0.04569597,-1.0309718,-2.261408,4.110875,4.435317,3.3303304
0.66258323,3845.7773,0.10781734,10.19043,-2.2273169,0.8478395,2.030778,-2.4796395,5.399303,3.9309607,4.0921626
0.6360591,4597.2397,0.10729646,10.245415,-2.2321596,-0.43760553,-0.12365828,0.48871267,5.1200686,5.0258007,4.001474
0.6477342,4103.2393,0.04844715,10.278516,-3.0272818,1.4433491,0.5730171,0.35364565,4.05238,3.9290178,4.9878054
0.6365923,4332.0244,0.070521116,10.30389,-2.651843,2.488956,0.85348,-0.5016543,6.4935255,3.134337,4.8492665
0.6374008,4401.868,0.07271064,10.320952,-2.6212676,1.790604,1.0678632,-0.82372284,6.1067123,3.0155492,4.7975187
0.6406398,4103.6987,0.1016081,10.345697,-2.286632,2.901856,0.34498045,-1.7964393,6.1871576,3.3405817,4.7898107
0.644949,4323.0557,0.06972848,10.246152,-2.6631465,-0.058411602,-0.45741874,-1.1010318,5.4939795,4.222134,4.1373453
0.6457659,4320.124,0.070688665,10.26186,-2.64947,0.018679786,-0.48004055,-1.1099224,5.418151,4.287754,4.127038
0.6452904,4335.5186,0.0765824,10.236338,-2.569388,0.34023795,1.3486599,-1.0972649,4.8294086,4.530803,3.8192103
0.6550147,4084.5063,0.008260084,10.216474,-4.7963204,0.8037729,1.3068091,-1.3741693,4.8939924,5.293755,3.831387
0.6673995,3758.6746,0.0039014937,10.118409,-5.546396,-1.2106951,0.7261006,-0.9647205,5.3189487,4.050068,3.498438
0.6677785,3694.0776,0.012438413,10.125118,-4.3869658,0.3908465,0.7895911,-0.8265665,4.9594555,4.6271243,3.7656767
0.66716254,3614.4976,0.10443416,10.157858,-2.2591984,0.5803818,1.8095239,-1.9787114,5.7152357,3.5737407,4.956652
0.6446396,4257.9087,0.039419055,10.278316,-3.233506,0.33853424,-0.8059274,-0.122562595,4.5893717,5.6080856,3.3065171
0.64757526,4244.9106,0.9325392,10.23209,-0.069844075,0.96994865,-0.42990908,-0.83945924,4.181346,5.5462675,3.7950323
0.64622843,4212.98,1.0742027,10.249023,0.071578704,-0.13923122,0.696216,-0.59886825,4.5096827,4.702199,3.4338794
0.6380095,4479.703,0.06819767,10.248828,-2.685345,1.433923,2.5110583,-0.6459956,5.186143,4.0661845,4.1624947
0.6431857,4114.8096,0.01659065,10.320089,-4.098916,0.96513546,-0.26262343,-0.18782312,5.839578,5.1442757,4.51265
0.6452665,4280.2104,0.02512341,10.215231,-3.6839552,1.0832505,0.8566712,0.44021997,5.59019,4.09122,4.0011744
0.66458446,3789.089,1.4088721,10.162027,0.34278944,-0.99615085,0.094666116,-1.8360438,4.915413,4.8518825,4.05334
0.6429664,4279.081,0.027384337,10.238853,-3.597784,1.5224314,1.4607399,-0.08800636,5.46673,3.9773166,4.355722
0.638505,4548.344,0.2258922,10.253074,-1.4876974,-0.5424542,3.147024,-0.6341112,4.974692,3.581655,3.4215603
0.6349087,4914.6265,0.026603086,10.2314625,-3.626728,-1.3184848,1.1349503,0.031589925,5.186015,4.270484,3.8061821
0.63564914,4623.2646,0.102060415,10.257903,-2.2821903,-0.60621727,3.2020624,-2.8713343,5.2208266,3.8305025,4.3264427
0.6439631,4123.3525,0.10660503,10.270703,-2.2386246,0.9421565,-1.0587299,0.56325483,5.0527625,5.6753473,4.1552076
0.64517355,4489.758,2.0629697,10.185707,0.72414654,-1.222317,1.9472677,-1.2621995,5.474577,4.3183765,3.720148
0.6410317,4345.0957,0.03901571,10.273525,-3.2437909,-0.22229679,1.4211974,-0.37947935,5.788039,3.988593,4.074459
0.6433108,4358.7646,0.6594399,10.262377,-0.41636443,0.7708103,0.028097758,-1.4997133,5.121194,4.7929935,3.918453
0.6417546,4368.816,0.078213885,10.274778,-2.5483081,-0.013932391,0.05716665,-1.8186132,4.5131326,4.1517715,5.0594163
0.6493926,4175.1904,0.019590147,10.218217,-3.9327285,0.27842373,-0.14624876,-1.3893775,5.129072,4.8069406,3.1256824
0.6631453,3758.8809,0.025906308,10.178289,-3.6532688,-0.14469735,0.7511367,-0.32698444,4.2522683,4.481849,3.24751
0.63143206,4539.2256,0.3990391,10.305943,-0.9186959,0.41590425,1.1597733,-1.2409589,5.841657,4.700815,4.9559956
0.6511402,4212.672,0.09384916,10.212814,-2.3660665,-0.15451728,1.2866075,-1.2139068,4.6763105,5.586907,3.5605402
0.6405685,4465.177,0.40817896,10.283151,-0.89604956,0.56136054,0.3418424,-0.6498803,5.738385,3.7119365,4.7055855
0.6517407,4226.119,0.09113945,10.186352,-2.3953645,-0.8740789,0.83655906,-1.238932,5.041995,5.4661894,3.2764122
0.6516657,4236.368,0.10161759,10.208213,-2.2865386,0.27288592,-0.064917736,-0.77083206,5.720459,5.006667,3.480458
0.6516903,4190.934,0.8609643,10.207978,-0.14970225,0.27668002,2.3276136,0.82464683,5.116524,3.828006,4.8937416
0.6437779,4124.83,0.29109004,10.260063,-1.2341226,1.215068,2.0038931,1.0149451,5.353358,4.0592427,5.141943
0.64279896,4189.188,0.16237319,10.258936,-1.817858,1.0810844,1.5090692,0.93244964,5.2211037,3.203145,4.7388477
0.64657795,4191.444,0.63397956,10.229767,-0.4557386,0.29976395,0.88969773,-0.839673,4.9519067,3.2347484,3.049399
0.63246953,4685.854,0.114572875,10.316693,-2.1665442,-0.74574,-0.6130525,0.26162592,5.5925,5.1320915,5.388644
0.6474262,4033.0044,0.10387241,10.259727,-2.264592,0.6130604,1.6937727,-1.5985115,4.79192,3.5762513,2.9369986
0.64655757,4294.257,0.008675772,10.234733,-4.747221,0.65424156,1.337661,-0.8573506,5.330034,3.4561872,3.9978125
0.6400318,4608.6055,2.1215842,10.233825,0.75216305,-0.3810199,0.5801048,-0.973417,4.498655,5.206951,3.6760125
0.63972676,4591.95,1.662769,10.233415,0.50848424,-0.57258236,0.7221785,-1.1222492,4.5109525,5.6610727,3.623304
0.63421804,4625.48,0.13081065,10.288121,-2.0340044,0.578709,0.56138515,-2.2949393,5.2484007,4.7656994,3.1039796
0.64036405,4300.5566,0.34957302,10.298355,-1.0510428,1.1517919,1.8622516,-1.5588828,5.2880898,4.905163,3.9578197
0.64197373,4334.526,0.19462334,10.259665,-1.6366892,1.5168661,1.1891319,-2.1352994,4.6743045,3.6823616,3.531883
0.6444736,4157.497,0.06812668,10.296078,-2.6863863,0.6572618,0.68438596,-1.584589,5.145226,3.3250384,3.5759196
0.6419872,4451.701,0.03419056,10.237052,-3.3758056,0.3875111,0.16409768,-1.343973,4.532672,3.7850351,3.8191743
0.63758516,4245.609,0.04218017,10.327662,-3.165805,1.386779,-0.48907986,-0.8103774,5.0984497,4.779724,3.7849493
0.6366404,4222.585,0.053923562,10.345251,-2.9201877,2.0271173,-0.3465037,-1.6946865,5.25152,3.862094,4.006975
0.639845,4657.742,0.73009914,10.213325,-0.31457493,-2.7159996,1.9608717,-0.81587523,5.165766,4.742743,4.030634
0.65107536,4071.7996,0.022792626,10.24756,-3.7813182,2.5169787,-0.540383,-1.0188118,5.519355,3.7771997,4.309739
0.63981014,4149.874,0.05981074,10.331364,-2.81657,0.586128,-0.5608558,-2.636807,5.2304106,4.1832514,4.672935
0.63341224,4655.1826,0.06995827,10.289898,-2.6598563,1.5133396,0.21452007,-1.6773938,4.5566034,5.467177,5.269018
0.65592587,4146.3755,0.011633655,10.159571,-4.453853,-1.2880822,1.7415084,-0.97133166,6.0327125,3.8717144,3.250318
0.65488887,4206.7983,0.012873414,10.145845,-4.352591,-0.71739066,1.646883,-0.655338,5.986739,3.816284,3.5162141
0.6484611,4099.069,0.009696802,10.230559,-4.635959,-0.67163,1.9721597,0.061674424,5.395232,4.339371,3.2847617
0.6477088,4344.566,0.04400366,10.179335,-3.1234825,-1.5543293,2.0619917,-0.019161077,5.2138457,4.942371,3.7465096
0.6372492,4324.4233,1.0535805,10.31765,0.052194413,2.3762934,0.57932496,-1.3321462,5.134251,4.005614,4.3199368
0.6391676,4744.073,0.008171115,10.207094,-4.80715,-2.143078,1.3057073,-1.0717767,5.583454,4.8485518,3.9129345
0.65696,3851.2156,0.1196643,10.221338,-2.123065,2.3111496,1.0003308,-1.2963829,4.4940352,4.3145313,3.9807389
0.65324736,3980.2163,0.6667111,10.255758,-0.40539846,0.56309247,-0.41908035,-2.0761762,5.352664,4.769369,3.6289744
0.6535094,3984.3074,0.3617921,10.252545,-1.0166856,0.25766772,-1.2260174,-1.6487539,5.1758566,4.7410135,4.025353
0.65797144,3906.1477,0.74685884,10.222701,-0.29187903,0.8569754,-1.2036048,-1.7362766,4.893445,3.5485675,4.478999
0.65752614,4120.663,0.04082627,10.130161,-3.1984296,-2.164975,2.6351511,0.5856144,6.159062,4.483476,4.4067345
0.64179575,4363.2256,0.5799993,10.291199,-0.5447283,2.033507,0.2483256,-0.6079671,5.683428,3.946826,3.981588
0.66185415,4091.7734,0.016627507,10.11594,-4.096697,-1.6175598,0.83115286,-0.84149176,4.828386,4.9149547,3.806367
0.64256686,4350.9644,1.5167593,10.250029,0.41657603,0.2957889,1.0040971,-1.7992855,5.617672,3.5385606,3.5172668
0.6324945,4687.8613,0.008380922,10.266313,-4.7817974,0.07986971,1.3753399,-0.22756803,5.3026276,5.9274745,4.791665
0.63434637,4503.091,0.0064553395,10.2933855,-5.0428476,-0.71392673,2.0412588,-0.22098847,5.502281,4.809859,4.9691157
0.64374685,4567.3604,1.4553466,10.196169,0.37524405,-1.0551317,1.4490963,-0.10468238,4.553719,3.3176534,4.2768774
0.6443489,4184.6665,0.1060972,10.260341,-2.2433996,-1.8177369,2.6838832,-0.28068194,5.3997426,3.3358262,5.090443
0.64391047,4628.6616,0.020904662,10.157749,-3.867783,-0.44865063,1.5926275,-0.7616835,5.5066967,4.2866573,3.8258636
0.6442179,4413.3027,0.019762062,10.215178,-3.9239912,-0.830647,2.5016906,0.48238233,5.700192,4.4620442,3.2255273
0.64340645,4240.4,0.07719755,10.2982645,-2.5613875,0.91122836,-1.4262658,-1.7085971,6.4441624,4.700236,5.0671706
0.64987093,3797.314,0.022396512,10.320813,-3.79885,0.2547873,-1.0420142,-0.23164974,5.824562,4.3423505,4.7757
0.6443775,4236.57,0.55178595,10.251469,-0.59459513,0.26208678,-1.6942389,0.2850052,6.034229,5.4044847,5.007054
0.63486284,4791.269,0.112543,10.223177,-2.1844199,0.36617288,2.8906949,-1.6935608,4.278484,4.1197743,3.5604918
0.6435269,4485.583,0.042755798,10.211077,-3.1522505,-1.0787531,-1.703962,-1.110245,5.4944263,4.8819714,4.728061
0.64363253,4661.1484,0.008699642,10.216714,-4.7444735,-1.1627425,-1.9165423,-1.4312731,5.315105,5.027969,4.3386283
0.64133567,4157.2515,0.02507092,10.30771,-3.6860466,-0.2597795,-0.9052645,-2.4077291,4.1141944,5.0593753,2.8655763
0.6421282,4155.3896,0.0237102,10.327234,-3.74185,-0.558104,-0.6670004,-2.3181937,4.1575484,5.1560802,2.971823
0.64690566,4496.462,0.181185,10.169057,-1.7082366,0.0077688745,1.5208426,-0.0020347876,5.030299,4.632117,3.771296
0.6373901,4402.8237,0.24979442,10.306201,-1.387117,-2.276869,0.20254278,-1.0287971,5.4967933,4.0595407,6.2305994
0.63116467,5148.199,0.18698117,10.187392,-1.6767473,0.26397648,0.2035557,-0.59743494,4.75461,5.3649826,4.7072334
0.6263583,4298.0366,0.5825985,10.433868,-0.540257,2.5093427,1.3721434,-2.4762506,4.9729505,4.1073527,3.9699392
0.63503253,4421.66,0.40327618,10.335893,-0.9081336,2.3096933,0.97979367,-1.7173051,6.1231747,3.776884,4.101
0.649511,4200.6865,0.12497151,10.205275,-2.0796695,-1.739958,-0.2912771,-1.0755112,4.280977,5.6642284,3.640419
0.6498189,4162.546,0.01657429,10.210881,-4.0999026,-0.65201384,-0.09434136,-0.13297409,5.477613,4.9855404,4.0241446
0.64433956,4231.9,0.25967285,10.267008,-1.3483328,1.2046481,0.8296004,-1.0143394,4.660924,3.6744187,3.6335833
0.64501786,4186.611,0.41469318,10.281961,-0.88021636,1.9802486,0.9642426,-1.3256266,4.832909,4.867754,4.122606
0.6351514,4736.6626,0.037569553,10.242643,-3.2815614,-1.5505041,0.72994316,-0.83901894,5.526189,4.739463,3.8967931
0.6359905,4892.087,0.014140796,10.199165,-4.2586913,-1.8032548,1.2139206,-0.5139141,4.8753014,4.4804053,3.8957698
0.6498376,4100.262,0.29105935,10.253942,-1.2342281,2.4442794,0.31036824,-1.5996443,5.7557926,4.353515,4.1307354
0.64408857,4040.4028,0.33338583,10.3019705,-1.0984548,2.629354,0.41654465,-1.0538849,6.175744,4.4103713,4.1077724
0.64186454,4453.8916,0.18913771,10.2583475,-1.6652799,-1.6253276,0.5864781,-1.4425203,4.2381616,4.566555,5.136756
0.64781034,4405.8613,0.0075291996,10.162435,-4.8889666,-2.3747957,0.2771495,0.1289173,4.3994493,4.7740273,3.9987967
0.65940785,3958.6704,0.0017583448,10.173066,-6.3433824,-1.8367257,1.2665708,0.2181406,4.362918,3.985169,3.3198225
0.6519927,4141.814,0.0008257292,10.196237,-7.0992436,-1.2449677,1.3178787,0.25227767,4.3807063,4.1787424,4.180588
0.64788336,4350.958,0.018299917,10.211958,-4.000859,-0.63162065,1.0387373,-0.15207158,5.4643955,3.8281658,4.274369
0.6393387,4381.829,1.5486243,10.283007,0.43736696,-0.47030902,1.3668015,0.1569461,5.1170917,4.0861692,4.9331217
0.6550064,4174.51,0.19801235,10.14612,-1.6194259,-0.653074,0.64234924,-1.5804648,5.486587,5.9313316,3.6394331
0.64797056,4304.64,0.30571544,10.191204,-1.1851006,1.0305096,0.86350733,-0.18112904,5.3772182,4.370969,3.7303293
0.6454809,4182.5107,0.5705573,10.257237,-0.5611417,1.125928,-0.34102917,-0.5605223,5.8856525,5.291995,2.9715173
0.6651061,3872.1978,0.16912112,10.142145,-1.7771401,-1.7050611,1.2141956,-0.9199593,4.299903,4.3685493,4.9704084
0.6665344,3639.6821,0.14801559,10.182852,-1.9104377,-1.2122986,1.237551,-1.1948636,4.140136,4.5713744,5.8012085
0.64726174,4220.8916,0.0043993494,10.215125,-5.4262986,-0.06971483,0.021178808,-0.3777977,5.4980273,4.9427977,2.8582706
0.65867996,3803.685,0.33213764,10.203007,-1.1022058,0.9875941,0.64359736,0.092209436,4.968186,4.1533594,3.951772
0.65056086,4133.0664,1.1248384,10.2180195,0.11763934,-1.20375,1.7398736,-0.20056573,4.253088,4.0776176,5.197964
0.652338,4049.395,0.11418136,10.199116,-2.1699672,0.99300206,0.91374975,-0.52651036,4.460708,5.0208993,4.9028444
0.6515051,4206.0425,0.4100899,10.180766,-0.8913789,-0.6413554,0.86513114,-0.68377286,5.803517,3.7376711,3.44474
0.63890797,4431.179,0.16023892,10.302412,-1.8310894,0.45458576,0.07613047,-0.9310455,4.959587,4.858373,4.2610736
0.6360058,4600.2715,0.16939422,10.279533,-1.7755266,0.020928074,-0.17131332,-0.6113844,5.317536,6.0957155,4.4918394
0.63156426,4715.25,0.15757897,10.293937,-1.8478285,0.2068764,2.119716,-0.48171073,4.813299,3.8089764,4.2157507
0.63669145,4563.665,0.17909193,10.257083,-1.719856,0.39698052,1.3861219,-1.3392693,4.1392026,4.482985,3.8780003
0.6444026,4343.624,1.4462658,10.270546,0.36898494,0.5769711,0.8825717,-3.0683918,4.5841875,4.7585735,3.2225494
0.6522846,4102.809,0.7554121,10.209365,-0.28049183,-0.6205962,1.0517744,-0.5417408,5.1546903,3.4198115,4.117923
0.65996814,3779.5796,0.36950064,10.210369,-0.9956028,0.81790483,0.10264628,-1.8862962,6.684652,4.6809764,4.5480356
0.65385807,4144.954,0.6339631,10.18045,-0.45576447,-0.07648511,0.75314564,-1.3302909,6.182542,4.2051787,4.6279464
0.6477895,4280.5957,0.17423558,10.211473,-1.747347,-0.45745465,1.1396071,-1.0416268,6.2406664,3.757087,5.4003572
0.6603524,3808.0503,0.10064211,10.177751,-2.2961845,0.17918125,-0.2682384,-0.6135491,4.18348,5.9508038,2.9686654
0.6614549,3843.4702,0.11541872,10.17188,-2.1591887,0.2520085,-0.2630107,-0.7441987,4.1031375,5.940484,3.044606
0.6657652,3632.093,0.226017,10.137789,-1.4871451,0.62826663,0.11915567,0.73214006,4.3248277,4.643098,3.7572618
0.664366,3669.2598,0.09214719,10.1482525,-2.3843682,0.78905296,0.74521065,0.321087,4.5885525,4.7612333,3.8183377
0.6365395,4486.929,0.0725625,10.26907,-2.623307,-0.9541885,0.8433192,-1.3575841,6.567835,4.39981,4.166675
0.643971,4365.602,0.09440571,10.264369,-2.3601537,-0.19473515,-0.6704683,-1.658714,5.973441,5.034144,4.957857
0.6444961,4326.3916,0.24473572,10.227474,-1.4075763,0.47760114,2.3495743,-0.19454865,4.5631933,3.9807465,3.2162056
0.6433619,4394.421,1.019225,10.224357,0.01904257,0.3879402,2.8011339,0.12364292,4.549777,3.3715253,3.1637132
0.63596314,4687.65,0.09644556,10.261602,-2.3387766,-0.9169432,2.164868,-2.382432,5.288948,4.0904956,3.026679
0.637409,4462.632,0.003898916,10.289732,-5.5470567,0.7447725,-0.23874323,-1.1085992,5.488506,4.518791,4.696682
0.6402999,4527.242,0.014511929,10.275066,-4.2327843,0.41613862,-1.0153102,-0.9138734,5.2726636,4.373825,4.2659717
0.63930106,4371.949,0.012950899,10.303176,-4.34659,-0.37260976,-1.0786557,-1.7721257,4.7834296,3.58107,4.6563053
0.64055854,4599.844,0.023032222,10.237824,-3.7708611,-0.047234945,0.32114077,-0.12777513,4.9190183,4.7571807,4.0282736
0.6529288,3865.7808,0.43454552,10.276683,-0.8334546,1.273599,0.9489187,-0.96646184,4.9451017,3.5672297,3.9445193
0.65283346,4167.966,0.3018273,10.192547,-1.1979003,-0.15365855,0.537458,-0.9445927,5.718384,3.9461246,3.4341638
0.6536814,4230.6123,0.3886812,10.170063,-0.9449958,-0.82247066,0.5731655,-0.3908798,4.6974125,4.345976,5.1122217
0.6395699,4321.1357,0.49478996,10.282028,-0.7036219,0.8485081,-0.03303785,-1.0027288,4.4071846,5.1819234,3.4504538
0.6441113,4296.6875,0.09609138,10.276828,-2.3424556,-1.0773141,1.342923,-0.5485582,6.190815,3.8106306,4.4309063
0.6293845,4856.241,0.44738042,10.307814,-0.804346,0.7617621,0.75677985,-2.1510246,5.1255965,6.118162,3.8203232
0.63348186,4564.5576,0.12297934,10.303541,-2.095739,0.15284732,0.8248879,-1.1935053,4.9847865,5.182471,3.9815543
0.63872623,4502.531,0.030722698,10.238407,-3.4827535,1.1813887,0.49717286,-0.08100281,4.8225865,5.087768,3.9854496
0.6378716,4426.8643,0.30372238,10.273906,-1.1916412,-0.09359118,1.622868,-0.17069568,5.49802,5.0539045,4.1983466
0.6392175,4527.1865,0.054654136,10.243801,-2.9067304,0.83762246,1.345702,-1.4753808,5.109976,3.8417342,3.0640144
0.6323951,4637.6436,0.058299713,10.294477,-2.842158,-0.94546026,0.54598725,-1.3395778,5.9400587,4.887544,3.265075
0.6426812,4210.4927,0.5676869,10.289229,-0.56618524,1.2831545,1.9254948,-0.9086459,4.739272,4.4958534,5.4027824
0.6505128,4137.291,0.1860603,10.243749,-1.6816845,1.039311,0.90231514,-2.509902,5.6257877,4.6171627,3.9329123
0.6634469,3915.513,0.26607478,10.154516,-1.323978,-1.4922338,-0.40027666,-0.7593737,5.0284815,3.8843083,4.0284758
0.6641841,3692.5493,0.08401867,10.153562,-2.4767163,-0.5749803,-0.6098881,-0.64589864,4.0827513,4.883445,4.297812
0.6296535,4622.8896,0.71220624,10.351376,-0.33938769,0.695861,1.683438,-1.0720702,7.1301003,4.152739,3.8992453
0.6556895,3977.929,0.026632024,10.24393,-3.6256409,-0.76721585,-0.0713618,-0.9849245,3.9114277,4.9138145,4.0878496
0.6549074,4100.0435,0.011766276,10.143314,-4.4425178,-0.65883225,0.3256339,-1.0453652,5.23342,4.434704,3.8257692
0.65369034,3974.7476,0.103107005,10.203961,-2.271988,-0.22493263,0.656725,-0.056708433,5.335516,4.2489014,4.541165
0.6541586,4159.551,0.024523102,10.190815,-3.7081397,-1.002954,0.9820463,0.27807423,5.177845,4.688073,4.8490276
0.6592537,3864.8945,0.23665726,10.208913,-1.4411423,1.211194,0.24489628,-1.6616776,5.6759357,4.162145,3.073947
0.63851917,4556.7227,0.02868269,10.253668,-3.5514615,-1.0198339,1.2648786,-0.2612934,4.6394973,4.376959,5.14564
0.6370671,4683.216,0.069922924,10.221117,-2.6603618,-0.58437943,1.5307487,0.25604123,4.2285895,4.8926663,5.0090837
0.64848596,4259.1885,0.519053,10.226001,-0.65574926,1.0263761,-0.40290073,-2.359496,6.4133773,3.8682451,3.041505
0.6528759,4256.4585,0.50499696,10.136362,-0.68320286,-2.4298327,2.5281012,-0.8647611,4.926664,4.820101,3.9021788
0.6401353,4230.2373,0.06506128,10.301794,-2.7324257,1.6286447,1.004471,-0.6017135,5.5640755,3.462978,4.3183446
0.65231645,4146.394,0.50583863,10.218292,-0.68153757,-1.3858764,0.21321331,-0.8136457,4.8437433,5.5917664,3.5391507
0.6477306,4566.4746,0.48604095,10.146796,-0.7214624,-4.1964154,0.14454314,-1.7145646,4.2856474,5.651508,3.1171935
0.64466953,4519.113,0.67608565,10.187937,-0.39143553,-2.1825883,-0.055920884,-1.6034782,4.7773957,5.7231493,2.925233
0.64635164,4157.2383,0.2010877,10.256505,-1.6040142,0.047073673,0.67850685,-1.959706,5.077459,5.837207,3.6322594
0.6563995,3975.4382,0.08185986,10.18448,-2.5027466,-0.073560044,1.1954858,-0.7396994,5.2881937,4.5467424,4.834736
0.63864386,4505.431,0.28385013,10.257751,-1.2593089,0.3615555,0.4989457,-1.3779933,5.042084,4.624772,3.297496
0.6449221,4277.5986,0.5812547,10.215152,-0.5425662,-0.23014888,3.3159869,0.13609652,5.309641,5.446975,4.223749
0.63560885,4771.961,0.122204505,10.247449,-2.1020594,-1.487083,-0.38726225,-1.0870287,5.1716146,4.00119,4.321745
0.64450336,4430.249,0.3189847,10.219927,-1.1426122,1.9979385,2.6858726,0.28452697,4.9526625,5.4488983,4.2944584
0.6458428,4101.1484,0.11680051,10.245162,-2.1472878,1.8989305,2.2541983,0.07521489,5.148608,6.135416,4.007325
0.6487611,4083.9688,0.2108642,10.220594,-1.556541,2.1711135,1.5495962,0.64162517,4.667231,6.2239413,3.6340516
0.65026283,3847.8872,0.30091304,10.26871,-1.2009339,2.0774527,0.45281398,0.37147292,5.2289405,6.656585,3.5065842
0.63856786,4419.248,0.20868024,10.277231,-1.5669521,-1.6630313,2.1716847,-1.1334405,4.689053,3.0751874,4.1590543
0.6414541,4629.2256,0.07901364,10.22538,-2.5381348,-0.7583401,1.5278531,-1.2901945,5.608082,4.359222,3.9683893
0.636358,4450.876,0.025399268,10.285173,-3.673035,-0.07121093,1.276463,-0.47038195,7.6723022,4.85442,3.5857384
0.64498246,4338.6963,0.03918038,10.227837,-3.2395792,0.71253484,0.044389926,-0.604338,6.328596,4.5842896,3.3546715
0.6395999,4261.373,0.034987435,10.296358,-3.3527663,-0.26353577,0.728197,-0.9370563,6.2899656,3.8779879,3.406632
0.63426113,4500.61,0.021013433,10.308008,-3.8625934,0.19966283,1.1020683,-0.03063574,6.063649,4.047006,3.711768
0.64740825,4240.2744,0.015764505,10.2566,-4.1499944,1.1400223,0.39439234,-0.102713905,4.7307696,3.909549,4.424711
0.64955634,4172.28,0.02715477,10.231716,-3.6062026,1.1461306,0.2940509,-0.522725,4.764479,4.248395,4.1692
0.6491678,4170.4995,0.026444795,10.226394,-3.632696,1.0043452,0.2359595,-0.5175792,4.805357,4.2189226,4.074478
0.6470984,4191.0615,0.026111504,10.243917,-3.6453793,1.0110365,0.50463396,-0.42441827,5.132776,4.3019567,3.70924
0.6455982,4366.209,0.016380826,10.219142,-4.111644,0.22410025,1.859095,0.075950265,4.240158,3.9938345,3.7531688
0.6669618,3608.472,0.19258682,10.14676,-1.6472082,0.38191074,2.5061033,0.118604146,6.8044686,4.8208694,4.3350935
0.65963143,4102.1724,0.024008108,10.116393,-3.7293637,-1.6979198,0.918689,-1.1503174,5.267766,4.3561378,3.7581267
0.6520438,4060.3496,0.050130237,10.202582,-2.993131,-2.0812783,1.9217424,-1.3326504,5.546213,3.8857615,2.4377196
0.6589398,3915.5122,1.5217252,10.186271,0.41984472,-0.011484005,0.7395537,-0.18213087,5.1207094,4.626512,4.8276186
0.6403407,4413.8325,0.15222745,10.241111,-1.8823795,-0.070044085,0.7415445,0.39059725,5.5742545,5.070612,3.7989168
0.64239585,4479.77,0.2072497,10.230714,-1.573831,-0.36687097,0.034047924,0.123940706,5.7590346,5.1103563,4.0627937
0.6511529,4232.9917,0.25315318,10.205886,-1.3737606,-2.1035717,0.34645388,-0.5649662,5.5739455,4.384032,4.42863
0.6576838,4058.7202,0.8095829,10.160695,-0.2112361,-1.6599201,2.0297217,-1.1534932,5.711361,4.517966,3.7559307
0.6474016,4148.4004,0.6422405,10.259824,-0.44279236,0.7531537,-0.4154067,-0.62746125,5.531432,4.4916105,4.1834474
0.6394496,4355.228,0.16713285,10.308289,-1.7889663,-0.53392464,0.81558526,-2.0723164,4.9880385,4.1417265,3.8614159
0.64314795,4496.755,0.93550193,10.249876,-0.06667204,0.30680642,-1.5230415,-0.5760508,4.690454,4.9709325,3.9187248
0.6422715,4506.7026,0.11696021,10.250757,-2.1459215,-1.5640033,0.29345435,-1.2003525,4.815429,4.828462,4.2283983
0.64696264,4341.247,0.12550277,10.188878,-2.0754275,-0.511439,0.8673554,-1.074367,4.806062,4.9101496,3.045865
0.6475114,4407.4253,0.097957,10.186887,-2.3232267,0.02579719,0.5412736,-1.3669351,4.8452997,4.69268,3.1933358
0.647024,3994.441,0.43687627,10.265684,-0.8281053,0.3679742,-0.2683697,0.45520782,5.4021673,3.9258118,3.2790565
0.6495864,4228.519,0.46826646,10.218936,-0.7587178,-1.2252793,-0.68524235,-0.01210676,5.667769,5.491465,2.6663446
0.6475315,4074.5286,0.25532886,10.247536,-1.3652029,-0.47900954,-0.83570516,-0.30660433,6.2582164,5.4339576,2.7026048
0.64819485,4125.276,0.25938535,10.241883,-1.3494405,-0.23615186,-1.0286839,-0.21711425,6.23252,5.255998,2.7073352
0.6481724,4396.7285,0.42458975,10.200411,-0.8566319,-0.19745037,-0.0587508,-0.1753207,5.830696,6.1443944,3.3465228
0.6512844,3825.1868,0.29398015,10.266812,-1.224243,1.8197457,0.7327097,-1.6485604,4.25395,4.1759543,3.4401493
0.65068495,3932.3132,0.41440907,10.254685,-0.8809017,2.0494192,0.60164976,-1.5451199,4.3619494,4.1634936,3.5253563
0.6540917,4140.675,0.18867013,10.184725,-1.6677551,-1.3671739,0.5814079,-1.9783814,4.325567,4.4786325,3.1700828
0.6536819,3880.1824,0.46757203,10.247019,-0.7602019,1.5984706,0.80381703,0.047035914,6.033856,4.8181286,5.165798
0.65396166,3964.4114,4.758523,10.283602,1.5599374,1.6781856,0.37600186,-0.3503675,5.983357,4.3854,5.3465543
0.6583487,3828.7964,0.043643974,10.210606,-3.13169,1.9985055,0.9158647,-1.9243535,5.1792684,4.56954,4.242456
0.6494088,4045.5083,0.02198353,10.265317,-3.8174617,-0.46145877,-0.52281624,-1.8383589,5.0315638,4.4426484,2.5165496
0.6375229,4616.7173,0.0030577169,10.260902,-5.7900867,0.71437395,1.0342627,-2.135315,6.180354,3.7884655,4.336383
0.6343819,4696.6587,0.0047901813,10.283389,-5.341187,0.34645206,0.9846496,-3.082006,5.946284,3.7568712,3.7821655
0.63259655,4601.1846,0.4863979,10.313465,-0.7207283,0.12116773,1.3015406,-1.018478,4.449478,4.3979387,4.343218
0.63751817,4688.372,0.07569768,10.228884,-2.5810077,-1.2911777,0.9301809,-1.175208,6.7565517,5.683794,3.8960667
0.63699543,4535.3516,2.059021,10.276172,0.7222307,0.49085364,1.0362384,-1.1695993,6.093226,4.554832,3.7248783
0.66697073,3728.8176,0.016283417,10.136956,-4.117608,0.25219393,0.4017184,-0.32198912,4.098371,4.868094,4.106543
0.64967555,3957.7441,0.034230277,10.247997,-3.3746448,1.0030146,2.3600075,1.1280073,4.8437843,4.672105,4.1600304
0.65598977,3986.4739,2.5159802,10.219052,0.92266244,1.1528785,0.28366935,-0.4127629,4.6294985,5.210724,4.731292
0.6616405,3761.4478,0.11381279,10.19028,-2.1732004,0.14312279,2.270362,-0.7997797,5.776163,5.3640547,3.3461099
0.6669843,3747.416,1.1578785,10.119529,0.1465895,-0.62136567,0.6503924,-0.15020631,6.2698107,5.8171797,3.3523507
0.6544982,4033.7883,0.124854974,10.218378,-2.0806024,-1.5475934,1.1737441,-1.9314966,5.8375916,3.3572543,4.0892577
0.6549552,4372.136,0.09301183,10.12928,-2.3750286,-2.1440516,0.7349728,-1.313663,6.475582,4.30557,4.083721
0.63898206,4359.4946,0.11474449,10.284718,-2.1650474,3.1788778,0.9302563,-0.2762772,4.6903777,4.340037,4.016041
0.6494484,4453.543,0.4772902,10.1675005,-0.7396306,-3.2141716,1.5611236,-1.0911843,6.0468216,4.563483,4.593383
0.6444097,4225.3936,0.13100903,10.311577,-2.032489,2.326702,-1.2992253,-1.6693773,4.1740756,4.5440545,3.683453
0.6378825,4433.5566,0.44912738,10.330633,-0.8004487,1.1195295,0.6763109,-2.3932617,4.638291,4.8240204,4.005208
0.63541454,4381.313,0.45558858,10.300339,-0.7861651,1.1317638,0.32563815,-2.5320623,4.4853234,4.7895565,4.010845
0.6431873,4521.7793,0.4031477,10.232871,-0.9084523,-0.536293,-0.048268944,-1.509495,5.161979,5.450536,4.3042345
0.6433198,4469.1753,0.16149299,10.228431,-1.8232936,0.028322857,0.12025145,-0.91698307,5.8369913,4.972094,4.1333704
0.6420715,4469.976,0.24599865,10.223675,-1.4024292,0.07893303,1.0017494,-1.2856476,5.465454,4.8060226,4.22366
0.63796437,4205.4575,0.21785854,10.3229475,-1.5239093,-0.7522708,0.87597424,-0.8657592,6.072351,4.075831,3.837274
0.6318241,4582.879,0.2741824,10.32244,-1.2939616,1.009013,0.77704406,-1.1912043,4.4566593,5.256674,4.438255
0.643133,4289.309,0.104376785,10.269045,-2.259748,-0.66448843,1.0609108,-1.2252362,6.004571,3.728318,3.5259333
0.6501503,4173.407,0.07984224,10.201946,-2.5277026,0.7144071,1.9167193,-1.9685743,5.5108495,4.1569085,4.139606
0.63628805,4397.6,0.6014243,10.318391,-0.5084547,-0.32447317,-0.919129,-0.14431405,5.344925,4.383063,4.593385
0.639751,4450.4346,0.04882106,10.2571535,-3.0195935,0.05036166,1.0012771,-0.99216163,5.310005,5.3185706,4.0647655
0.65361273,4174.548,0.6919626,10.193205,-0.36822334,-0.11363272,0.78192997,-1.1809816,5.1347046,4.2246084,3.9374318
0.65792835,3952.3716,0.06609809,10.200951,-2.7166154,0.22734389,-0.60818195,-0.4130036,5.423908,4.503124,4.3262587
0.65565646,3964.2324,0.014843635,10.1983185,-4.210184,-0.0141517585,-0.33621946,0.8202286,5.5388803,4.072493,3.8925931
0.648051,4308.2427,0.23341821,10.210469,-1.4549235,-1.4385817,0.85113966,-0.081259415,4.801922,4.1570845,3.5284107
0.63322777,4487.003,0.13572572,10.309248,-1.9971192,1.7369555,1.568446,-0.8557403,4.719814,5.3743734,3.4232812
0.6439437,4394.9697,0.47133836,10.242279,-0.752179,-1.3342067,0.40103173,-0.8871894,5.6304507,3.9466999,4.692356
0.6370164,4451.69,0.06651062,10.259064,-2.7103937,2.04045,1.8199328,0.27884936,5.416833,5.0823903,3.5194283
0.62856627,4457.5737,0.025416667,10.337156,-3.6723502,2.1469488,0.8967533,0.080062754,5.359562,5.3890314,3.9552155
0.6306348,4288.019,0.035353713,10.357085,-3.342352,1.5808413,0.95342225,-0.26581398,5.8061543,4.4591103,3.6776483
0.6353449,4742.32,0.13458556,10.2663355,-2.0055552,1.3575885,0.21552825,-0.8435847,7.9029655,4.356237,4.138446
0.639125,4303.6963,0.219836,10.3188305,-1.5148735,-0.014430567,0.13718428,-1.6325203,5.1432567,4.234215,3.876426
0.6399103,4201.112,0.10984977,10.306941,-2.2086415,0.78624463,0.48114663,-1.7510828,4.9607677,4.1571417,3.5872703
0.63826936,4519.6396,0.2999752,10.225111,-1.2040555,0.49434707,0.9014213,-0.28511816,5.790634,5.289873,4.261214
0.6393839,4464.5938,0.052506972,10.255065,-2.9468093,-1.078206,0.63964576,-2.1426263,5.445983,4.246755,2.961788
0.63954157,4790.958,0.37026027,10.175849,-0.9935491,-0.8019529,0.69798934,-1.2761778,5.613893,3.3691566,3.8043137
0.64005536,4534.145,1.0858581,10.266803,0.08237061,0.22898072,0.32182524,-1.6224978,5.9842544,3.3114772,3.7405632
0.6443933,4273.741,0.02273506,10.236399,-3.783847,-0.48684147,1.5911881,0.061728377,4.8297353,5.7036705,4.0177383
0.64409006,4389.6787,0.12959929,10.212853,-2.043308,0.03081002,0.18733093,-1.9305037,4.7473245,4.8669987,4.881933
0.6461566,4378.422,0.121400826,10.237451,-2.1086576,0.042360704,0.24755415,-1.8293321,4.7538967,4.90279,4.670524
0.6516615,3904.909,0.21453226,10.240173,-1.5392952,-0.08700018,1.586924,-1.4365859,6.567788,5.3518047,3.1960762
0.65295076,3974.3386,1.7372627,10.24835,0.5523107,-1.2772478,1.2461985,-1.3275024,6.039935,4.0898933,3.5367072
0.6443441,4434.8,0.058081828,10.221816,-2.8459024,1.0759906,1.1536549,-1.1327105,5.621061,4.214018,3.7426608
0.63112473,4600.2754,0.03007346,10.328638,-3.5041122,0.37907782,1.3155245,-0.68714416,6.4250426,4.871281,4.0532103
0.6383704,4609.6426,0.76027286,10.246357,-0.27407786,0.4177043,1.8454901,-1.59293,4.554644,4.0787354,3.9424827
0.6489116,4198.501,0.14984943,10.227852,-1.8981243,-0.8332434,0.10383704,-0.2745377,6.061738,4.7828856,4.195088
0.6357432,4477.4746,0.1235359,10.298361,-2.0912235,1.4615886,0.79188997,-0.94840133,4.462107,3.6186283,3.5217524
0.63754284,4476.6396,0.23202692,10.2676525,-1.4609019,1.2738677,1.7310686,-1.7846471,5.2084723,4.3402786,3.7373362
0.6302032,4590.945,0.23878132,10.323899,-1.4322071,0.9820901,1.2613412,-1.7210332,4.8667135,4.196281,3.7223067
0.6323674,4651.331,0.13009988,10.286224,-2.0394528,1.9719324,1.8593271,-0.53234446,4.6308813,4.0565195,3.7451656
0.64674425,4444.384,0.38145298,10.217987,-0.96376765,-0.75830686,-0.05502159,-1.3621397,6.291855,4.6633554,4.3881664
0.64197284,4259.899,1.0346763,10.317013,0.03408864,-1.3395467,-1.5036968,-2.5468152,4.9843483,4.578628,3.319478
0.64813423,4358.8574,0.17652646,10.199814,-1.7342845,-2.1525116,0.59075147,-0.92749196,4.7481914,4.082052,2.8949027
0.64222634,4359.994,0.34549564,10.261864,-1.0627753,0.31676024,0.35632485,-0.49752486,4.7752438,4.0235567,3.5595198
0.65174836,4120.745,0.13677143,10.211994,-1.9894441,-0.12881286,0.91066414,-1.2407871,5.4315987,5.0686555,3.91757
0.6507567,4205.9165,0.12692161,10.203036,-2.0641856,0.21956743,0.88243514,-1.2704558,5.2823753,5.254766,3.8816152
0.65785736,4035.4714,0.7204695,10.158925,-0.3278522,-0.7665982,1.112504,-0.14575353,4.526573,3.7442236,3.9286442
0.6275207,4764.0034,0.14755061,10.316531,-1.913584,0.79704684,1.6352338,-2.7245345,5.3368454,5.7551622,2.9829717
0.62852895,4729.3555,0.13132441,10.2808695,-2.0300846,0.62123084,1.1548438,-0.022733772,7.984139,5.18978,3.3990693
0.63635945,4417.642,0.1521383,10.324899,-1.8829653,1.2203861,-0.856599,-2.2165754,4.100684,4.0101743,4.8825126
0.6500989,4243.72,0.011951158,10.193117,-4.426927,-0.46751964,2.0430572,0.4826459,6.666545,4.0673966,3.722015
0.6619712,3719.6953,0.4529566,10.234951,-0.791959,0.12759317,-0.01694401,-2.3564093,4.125226,5.01227,4.5099797
0.6404456,4402.7354,0.08430941,10.262458,-2.4732618,-1.0127108,0.86637276,-0.015407736,6.375653,3.9873257,3.1338725
0.6430895,4586.4834,0.044320997,10.181886,-3.1162968,1.0410966,-0.2410381,-0.31490242,6.0320807,4.3663917,2.585701
0.6491876,4117.4062,0.025143413,10.23672,-3.6831594,-0.30849785,-0.053138323,-1.4576765,5.9869394,4.9151616,2.9149528
0.64899725,4023.9656,0.019240942,10.251982,-3.9507148,0.26278946,0.38237482,-1.0308877,5.948842,4.7231464,3.0367482
0.6414829,4297.1416,0.0052291416,10.285069,-5.253508,2.3618112,0.7139682,-1.8065728,5.380633,4.993305,3.925704
0.64269936,4502.0073,1.4427669,10.254229,0.36656278,-0.57135445,1.227494,-1.5222979,4.536103,3.4764042,3.6268976
0.6398047,4280.998,0.028564103,10.297287,-3.5556045,1.3642657,0.5934018,-0.01775706,5.483529,5.812578,4.5652466
0.6394096,4357.8745,0.03616568,10.269184,-3.3196447,1.8111273,1.0847502,-0.109356746,5.230229,6.329561,4.5131116
0.6438166,4213.309,0.11517799,10.250076,-2.1612766,2.6210914,0.8128888,0.23982146,5.602996,4.426638,4.512939
0.6482302,4436.575,0.8661928,10.213676,-0.14364773,-1.8969436,0.49401465,-2.1590137,5.718028,4.5726542,3.694584
0.6497953,4385.5273,0.96433735,10.208629,-0.036314104,-0.80330014,-0.027445447,-2.4871194,6.101981,4.2735195,3.5350275
0.64745945,4284.689,0.073624864,10.216927,-2.6087725,-0.98755527,-0.098132566,-0.23535924,5.4645004,4.2985144,3.3367615
0.64415115,4336.6772,0.1806548,10.244128,-1.7111673,-0.48624355,-0.09075576,-0.6631057,5.1655374,3.870784,3.5062652
0.65774596,3988.3667,0.095142744,10.17162,-2.352377,-0.24996936,1.0964674,-1.0395371,5.72733,5.3025894,4.653251
0.65968364,3759.8179,0.059327915,10.22135,-2.8246753,0.3115291,-0.88609695,-0.04107583,4.699802,4.54652,6.503066
0.6502087,4291.542,0.18162163,10.215074,-1.7058297,-0.65154463,0.7871459,-0.9477495,4.749629,5.0031977,6.4392223
0.6456825,4326.1406,0.14154018,10.256255,-1.9551716,-0.22147316,1.1587162,-1.309125,4.936597,5.2149353,5.7947717
0.64900196,4220.419,0.14316857,10.246008,-1.9437325,0.10033444,0.02603701,-1.1792659,4.480885,6.0205564,5.198765
0.64511937,4234.381,0.5790943,10.238218,-0.54629,0.17269495,-1.0835721,0.044486392,4.423817,5.71446,4.5321393
0.6434854,4423.1377,1.3037064,10.261211,0.26521134,-0.5033849,-0.15845138,-0.30993125,4.446311,5.6517215,4.6431885
0.6390748,4310.8906,0.005104498,10.307052,-5.277633,0.7169121,1.5450283,-1.349677,5.89204,4.2974434,3.3345678
0.6527587,4203.947,2.9890897,10.244707,1.0949689,-0.49116108,0.18825488,0.7430744,5.1334352,4.649546,5.4300976
0.65198743,4137.1265,0.0059584193,10.239325,-5.12295,0.6452315,-0.17770036,-0.117653966,5.1801825,4.858225,4.104353
0.6461262,4167.7017,0.0029765088,10.245031,-5.817004,0.9288515,-0.6527303,-0.49858165,4.999098,4.451062,4.215215
0.6406724,4223.9307,0.0009894299,10.331309,-6.9183817,1.2711109,-0.3313507,-0.36717123,5.0212593,4.101127,4.9716387
0.637394,4185.384,0.0022366787,10.3241415,-6.102763,1.545867,-0.5060336,-0.13873813,5.0506544,4.078399,5.0820365
0.65033996,4213.8965,0.11144433,10.215897,-2.19423,0.46869308,-0.08847125,-0.8957476,4.7374763,4.2643514,4.644095
0.6455282,4317.651,0.04116166,10.210853,-3.190248,0.009880298,0.236489,-0.7014571,4.79352,4.564185,4.4222484
0.6432524,4312.967,0.024089647,10.281333,-3.7259731,0.40899855,0.8983093,-1.9682434,6.2345214,4.2949433,3.626065
0.6437007,4294.958,0.022159472,10.258747,-3.8094902,0.17655009,0.9656592,-1.9393252,6.26459,4.487789,3.8223038
0.6441739,4129.2563,0.06415859,10.264425,-2.7463973,0.050300464,0.55864507,0.58697265,4.690899,4.6254416,3.8638513
0.6391211,4425.1934,0.08174566,10.267618,-2.5041425,1.611383,0.4362199,0.6466872,4.795826,4.398191,4.555842
0.63469326,4547.8384,0.055983726,10.28434,-2.8826942,1.5508895,0.68299747,0.33606765,5.0464935,4.541261,4.4631047
0.6385094,4654.4033,0.091824114,10.210056,-2.3878803,-0.73222524,1.6492414,-0.8330993,5.030714,4.631716,4.116453
0.6437002,4217.231,0.0918207,10.292693,-2.3879175,0.4958497,0.6492179,-1.4901358,4.035949,3.8900747,3.1051164
0.6520777,4152.0566,0.077737495,10.229588,-2.5544176,1.2885318,1.4158973,-1.6157215,4.605515,3.8093464,3.6531117
0.65626884,3888.727,0.47559363,10.223284,-0.7431915,1.1576276,1.2878124,-0.07372213,5.4911585,4.7682085,4.0250764
0.64711696,4216.3535,0.07292658,10.250284,-2.618302,0.22738774,1.296158,-0.8672497,5.6429906,4.3452406,4.3208094
0.6489701,4236.5244,0.5395504,10.236612,-0.617019,0.19946907,0.82873434,-0.93751454,5.499441,4.8073063,4.5500703
0.6349331,4604.34,0.12667644,10.280341,-2.0661192,0.33133927,1.3431407,0.8723797,4.2289433,4.182466,3.6218715
0.64725626,4477.7676,0.756495,10.182385,-0.27905935,-1.5694529,0.778682,-0.33053485,5.210935,4.797741,7.1081295
0.6456716,4193.79,0.053433444,10.248346,-2.9293184,1.1017511,-0.24269083,0.606184,5.009715,4.9684777,3.78463
0.6421547,4525.051,1.0414706,10.214728,0.04063378,-1.0196643,1.6486666,-1.7272335,5.5797396,5.214906,3.68051
0.6449613,4277.4927,0.55345917,10.22803,-0.59156734,-1.2322258,1.8758351,-1.2505946,5.876809,5.748654,3.5720196
0.6464573,4313.445,2.0230653,10.204344,0.7046138,-0.13462596,-0.12145717,-0.19685404,5.5745687,5.6563187,3.3084154
0.64325625,4422.1943,0.4507707,10.23839,-0.7967965,0.59571487,0.40967035,-0.46368957,4.551175,4.5363693,3.616666
0.6436478,4345.871,0.30668938,10.24797,-1.1819198,-1.4625273,1.3908514,-0.049203105,5.349183,3.89897,5.5455403
0.6674887,3567.7415,0.034658875,10.174672,-3.3622015,0.9483156,-0.005089504,-2.054982,5.2224197,4.973984,3.023234
0.6612427,3788.6138,0.04123926,10.176462,-3.1883645,0.33671454,-0.6350243,-1.5773507,4.9057207,5.0611434,3.205634
0.658592,3775.2144,0.45710278,10.204228,-0.782847,0.7353506,2.2539473,-1.6675286,5.666907,4.7983265,4.152174
0.66130483,3816.349,0.29818952,10.165025,-1.210026,0.6827384,3.195891,-1.7494782,6.42019,4.7800403,3.8081589
0.6480834,4361.7007,0.1382012,10.194894,-1.9790447,-1.2458081,-0.90384585,0.5407066,4.145235,4.2008367,4.0006166
0.6470125,3994.3347,0.0057445816,10.298325,-5.159498,0.8540945,1.246519,-1.0876662,5.4202123,3.6279583,4.3663216
0.6453284,4279.4893,0.026058685,10.236359,-3.6474042,0.848283,2.0192893,-1.5447288,5.803101,3.7687473,4.303426
0.62697196,4873.562,0.42181244,10.31992,-0.8631945,0.5086908,0.90297437,0.35645005,5.6333065,4.5125604,4.2986026
0.6421757,4354.2017,0.051554672,10.264115,-2.9651124,0.41278398,0.44835973,-0.9087866,6.672805,5.3643494,4.596309
0.6576439,3962.6128,0.7954081,10.212508,-0.22889996,-0.35491458,0.7343452,-0.55717504,4.159615,3.798788,3.392871
0.64187765,4367.9756,0.023188613,10.2904625,-3.7640939,0.40359947,1.0529331,-1.0897245,6.0054674,5.232767,4.8636312
0.6529739,3982.3237,0.027632175,10.204354,-3.5887744,0.9275113,0.79969305,-1.2633214,4.3508554,3.8470733,3.691045
0.65410906,4081.3882,0.22169961,10.2180395,-1.5064319,-0.36024442,1.0167865,-1.6382846,4.5493155,4.8683925,4.201116
0.6515744,4035.6277,0.5408805,10.255983,-0.6145569,0.4952747,1.4830377,-0.9643417,4.5293436,4.6925335,4.7351947
0.64377576,4468.954,0.04047531,10.196699,-3.2070632,-1.196266,-0.07837844,-1.187724,5.326091,6.045519,3.6321201
0.64722115,4282.359,0.044180762,10.215694,-3.1194658,-1.4163948,-0.08192213,-1.5674484,5.0445642,6.3020797,3.4112723
0.64471126,4404.88,0.100327715,10.212863,-2.2993133,-1.3758774,0.4062844,-1.302496,5.370839,5.6432896,3.8322408
0.6366749,4611.551,0.58099514,10.237392,-0.5430129,-0.5267879,0.4781033,-1.2867304,5.5733852,5.9349174,3.6052814
0.64321184,4279.1562,0.07098841,10.289357,-2.6452386,0.9002852,-0.65606385,-1.8986912,4.808334,3.5982091,2.9116716
0.659932,3946.1177,0.35176772,10.161906,-1.0447842,-1.4556364,1.5802113,-1.3408785,4.6393604,4.8633466,5.011699
0.65855306,3803.2676,0.060928136,10.213169,-2.7980602,1.0566893,0.76078165,-1.1337574,5.7831945,4.277449,3.3684366
0.65834314,3932.1887,0.11711667,10.190965,-2.1445847,0.8478668,0.673798,-1.2009917,5.5360074,4.05858,3.3673084
0.64967793,4072.4224,0.1273234,10.2489805,-2.061025,0.42635113,1.7489685,-0.9090051,6.6678224,5.4735136,3.1303506
0.6462674,4417.323,0.049179927,10.170126,-3.0122697,1.2362318,1.8063943,-0.1742034,6.7828984,5.3733835,3.6294773
0.65459657,3933.1863,0.806975,10.250601,-0.21446256,-1.3938477,0.07223001,-1.8615959,4.293066,3.9204423,4.403297
0.63847834,4172.6377,0.05431384,10.292674,-2.9129763,1.0414389,1.5625131,0.3244537,6.4440165,5.0827923,3.525857
0.6517571,4497.814,0.34640095,10.159686,-1.0601584,-1.5447,0.5076086,-2.2413735,5.362273,3.7812724,4.0597086
0.6303432,4638.782,1.5303578,10.326096,0.4255016,-0.9531779,1.220845,-0.7234073,5.2998776,3.3197083,4.600871
0.6421123,4454.731,0.21663691,10.246075,-1.5295326,1.1432377,1.2096181,0.05592293,5.1995115,4.1319313,5.3754373
0.64298123,4258.118,0.20652285,10.247888,-1.5773442,-0.20853657,1.1166031,-0.3492002,5.1004643,4.619837,4.51439
0.644023,4213.7114,0.2654163,10.268701,-1.3264557,-0.3433214,0.76098996,-0.29530767,5.0785184,4.561245,4.575516
0.6481981,4416.4463,0.302332,10.215333,-1.1962295,-0.638819,0.18113948,-1.0185246,5.547214,5.404697,5.087219
0.6342379,4547.751,0.06770829,10.313002,-2.6925466,0.82940066,1.516608,-1.1221956,4.2835884,4.7988153,4.101963
0.6420275,4325.696,0.08559379,10.283226,-2.4581425,-1.4515423,-0.68658364,-1.3401564,5.953368,4.5265093,3.653444
0.64037836,4619.8477,0.20156518,10.224679,-1.6016425,0.45417798,1.7049648,0.072214454,5.947104,4.8391914,5.25484
0.64089847,4523.8755,0.1080199,10.25273,-2.2254398,0.55264455,2.004088,0.18375276,7.212103,5.239205,5.349642
0.6371307,4569.084,0.02527581,10.22254,-3.6779075,2.2925436,1.5359015,-0.41412717,6.0256796,5.1134105,5.2407207
0.64851785,3891.3403,0.011814447,10.25731,-4.438432,2.2603767,2.9922414,0.75470513,5.6001244,5.173355,4.843995
0.660275,3903.608,1.120423,10.190045,0.11370623,-2.4576619,-0.8069464,-1.80552,5.2751017,3.8253314,3.5010543
0.66115904,3698.5312,0.22058281,10.206292,-1.5114821,1.0806856,1.0236456,-2.5137177,4.702775,4.988655,4.0044904
0.63658756,4429.9463,0.1349935,10.256297,-2.0025287,-0.6188842,0.78072023,0.82672095,5.212889,4.1249785,3.8296304
0.6483807,4152.0903,0.60886383,10.256767,-0.49616066,1.4852806,0.19547117,-2.6015737,5.341509,3.831345,4.4193196
0.6555893,4012.6528,0.5085168,10.2125,-0.6762571,-0.10595946,0.57920855,-1.9978502,4.519575,3.8630111,3.2844949
0.6478982,4117.8403,0.41936362,10.283655,-0.86901695,0.8758167,0.22149183,-0.93858266,5.948124,4.1085134,5.37852
0.6413635,4277.2627,0.25713933,10.305049,-1.3581372,1.2372086,0.44727686,-1.4847773,5.8959904,4.2486815,5.35804
0.63896143,4404.8223,1.2255642,10.282806,0.2034013,0.1575494,-0.12859318,-2.1525602,5.629054,4.935872,3.6579971
0.63799626,4609.2656,0.69554687,10.272728,-0.36305687,0.24157205,1.6944138,-2.5467432,4.7137294,4.6413226,4.6358247
0.64384973,4390.1885,0.3483103,10.240366,-1.0546615,0.68027616,0.4637822,-0.41866767,4.809067,4.5187616,3.7010102
0.6389805,4350.9385,0.24135785,10.284732,-1.4214746,-0.1872102,-0.7246419,-1.6916183,7.2123804,5.8882675,3.2837949
0.6402931,4178.6177,0.9680168,10.305764,-0.03250584,0.16176419,-0.23433146,-1.0765905,6.350567,5.9291677,4.0056605
0.64037716,4664.996,0.07855749,10.2126045,-2.5439246,-0.161936,1.8260258,-0.4506132,5.2051253,3.6981611,3.8322663
0.6421047,4427.506,0.1631074,10.272865,-1.8133464,-0.18951882,1.1584686,-0.4929852,4.7436833,3.6622405,4.3015556
0.6550746,3965.6753,0.034016438,10.23245,-3.3809114,-0.8048169,0.25375727,-2.0680456,5.6273303,3.7530954,3.396834
0.6565248,4120.9624,1.0553215,10.167382,0.053845435,0.30542246,0.85258645,-1.0248289,3.8211668,5.503877,4.5545053
0.6494899,4185.413,0.050669305,10.204236,-2.982435,-0.15394937,0.18919487,-0.47000614,7.3837843,4.167437,3.2871954
0.65145546,4081.732,0.13066931,10.227616,-2.0350854,-0.2425364,0.9725077,-0.4018513,4.22929,4.147613,4.333314
0.6595659,3895.1543,1.2268114,10.20135,0.2044185,0.37150052,-0.12396871,-0.8029665,4.6441164,3.7612622,4.2414036
0.64457095,4208.726,0.17214939,10.275493,-1.7593926,-0.315708,0.441341,-0.7206782,4.6632624,4.3036118,4.9947023
0.6419116,4419.011,0.57706326,10.238136,-0.5498034,1.1725787,1.4056777,0.17758238,5.4575047,4.286825,4.1440372
0.6425433,4475.7637,0.037902754,10.244662,-3.2727315,-0.09350523,-0.0970545,-2.3861802,5.013455,4.513633,3.8057013
0.63993514,4207.814,3.06365,10.3297,1.119607,1.9100922,0.44594514,-1.237064,3.9927182,4.6150827,4.6165237
0.63473344,4733.423,0.58274317,10.223631,-0.5400087,1.3217214,2.412963,-0.5761965,3.9903777,4.992822,3.8979461
0.6474043,4341.843,0.025696754,10.232293,-3.6613905,-0.41543216,-1.7876062,-1.9923638,6.672995,4.101999,4.325478
0.6328598,4329.1987,2.1868162,10.367004,0.7824467,1.5905148,1.234137,-1.495537,5.6526804,4.150737,4.4521103
0.6429828,4590.1562,0.006081014,10.218726,-5.102584,-0.9389068,-0.06582766,-0.58575374,5.1799755,5.200425,3.6398354
0.65434843,3981.772,0.6313829,10.242711,-0.4598428,-0.860276,0.8054505,-2.4426303,5.124223,3.7749712,3.4059858
0.6333964,4470.127,0.07060057,10.302714,-2.650717,0.44706538,1.1879091,0.8401446,5.3419275,5.0626435,4.6523542
0.65005505,4057.3848,0.24506019,10.260681,-1.4062514,-0.62208647,0.6177965,-2.8311954,5.04819,4.404455,3.4948854
0.64934367,4234.4043,0.35251105,10.218012,-1.0426733,-1.9104638,0.9544263,-2.4753857,4.6769366,4.348794,3.259853
0.6453539,4452.1245,0.87790585,10.218135,-0.13021594,-0.9489372,1.5189415,-2.524423,4.802321,4.254712,3.2097073
0.6557306,4058.661,5.349566,10.259855,1.6770154,-0.09187124,0.8568131,-3.284455,5.377605,3.8586357,3.6449854
0.6466576,4318.515,0.0025546998,10.191692,-5.9698205,0.5689361,-0.2318401,0.23081578,5.676632,5.0452633,3.8702452
0.6425554,4333.577,0.0051349895,10.236515,-5.2716775,0.01392862,0.10902057,0.089509964,5.441933,5.304194,4.537159
0.651062,4294.0796,0.46069786,10.223224,-0.77501285,-1.3108605,0.2647294,-1.7705685,4.428103,4.064777,3.4444149
0.65486467,3907.3757,0.0895068,10.250953,-2.4134407,1.0290563,0.7554231,-0.63524187,5.2396193,4.522602,4.1550817
0.65123546,4205.2485,1.1519022,10.22556,0.14141467,-0.34503564,0.37112585,-0.5519085,5.777747,4.5392714,3.7371135
0.6498085,4146.016,0.3771374,10.238427,-0.9751457,-1.8448895,0.38496542,-2.2595358,4.7624345,3.3640757,4.6135483
0.6548137,4100.46,0.94637495,10.214662,-0.055116434,0.43639457,-0.3120616,-1.6147008,5.4994864,4.4468975,4.0391874
0.6559329,4079.2527,0.7662331,10.180241,-0.26626882,0.81509537,-0.41896027,-1.755788,4.6929884,5.069376,3.4410307
0.64219666,4322.66,0.03381983,10.24754,-3.386708,-1.276416,1.5233455,0.25446585,5.9630804,4.432151,4.1816454
0.64828897,3992.7625,0.0676058,10.292285,-2.6940615,1.7281411,0.19980247,-2.4994845,4.88239,3.9204648,3.3679738
0.64955074,3988.2468,0.04369364,10.280985,-3.1305528,2.491645,-0.3155555,-2.5175407,5.1455398,3.6685941,3.3622093
0.64238626,4485.33,2.7475865,10.251848,1.0107229,-1.4193895,0.7035954,0.10136594,4.72755,4.1554623,5.0657797
0.6540057,3935.0942,0.004920898,10.245996,-5.3142643,1.0648721,0.1660821,-1.9194046,5.631422,4.4353266,3.4605484
0.6495746,4031.2493,0.027163964,10.261776,-3.605864,1.8299,0.6127199,-0.8643213,6.1172047,4.3878927,4.6766706
0.65383834,4311.872,0.010272403,10.126542,-4.5782943,-1.9881305,0.74314004,0.24124832,4.040811,4.7103395,4.387278
0.6595176,3862.5461,0.006458003,10.248234,-5.042435,-1.6811512,0.62586874,-3.0304706,4.369753,3.9128866,4.3503084
0.6663586,3946.9663,0.003115564,10.111269,-5.771345,-0.42504758,1.1192919,-0.27369937,5.4177284,3.7383378,5.282365
0.65766066,3837.5474,0.015067549,10.193186,-4.195212,-0.8825949,0.51926523,-0.8205228,6.461638,5.332302,4.508131
0.6655251,3637.5493,0.2944025,10.18979,-1.2228074,-0.14954352,-0.04460548,-0.6280443,4.935564,3.8610146,3.9367278
0.6603031,3931.3828,0.072229065,10.150267,-2.6279128,0.15226041,0.85155725,-0.11301014,4.173377,3.628564,3.8970351
0.65721107,4134.4126,0.51188457,10.178083,-0.6696561,-0.37222084,0.7821277,-1.0727763,6.73585,5.703616,4.3854
0.6361267,4637.05,0.06374066,10.229251,-2.7529325,0.5704417,1.5256219,-0.3715993,4.134728,3.563066,3.6215584
0.6409594,4396.817,0.06532534,10.288898,-2.7283752,-0.25632495,1.5760596,-0.36212856,4.6565213,3.9792278,4.359762
0.6360923,4673.709,0.16496295,10.21492,-1.8020344,0.019602062,2.317346,-0.33407083,4.768269,4.516344,4.1196494
0.64638186,4206.593,0.34158158,10.257832,-1.0741687,-1.0729696,0.28200155,0.04521876,7.1341553,4.251342,5.5464263
0.63924235,4330.9688,0.20731825,10.27907,-1.5735003,0.64765954,1.6818057,-1.1231242,3.672885,4.5202665,3.19224
0.64964765,4057.5522,0.12922317,10.276856,-2.0462143,1.466025,-1.0425223,-0.45244452,5.508197,4.1205597,6.2337413
0.64463407,4060.929,0.09693409,10.307802,-2.333724,2.9348145,-0.5233217,-1.0511528,5.8052683,4.2595344,6.133949
0.646454,4382.116,1.0415651,10.233551,0.040724453,-2.856227,1.3864208,-0.80504227,4.8327727,4.5163026,3.766299
0.64796585,4432.146,1.4683712,10.209495,0.38415375,-2.862657,1.6727278,-0.7566036,5.0289335,4.1162105,3.7129402
0.6495141,4369.163,0.8413655,10.163358,-0.17272909,-2.1153035,2.6570897,-1.1788511,5.1775417,4.386914,3.6269088
0.6488557,4262.9263,0.44561988,10.217947,-0.808289,-0.88226515,0.65384036,-0.6362658,5.1026363,5.2169037,3.676802
0.6410741,4425.2144,0.20850536,10.243975,-1.5677905,-0.14699392,0.8453902,-2.0433702,5.987528,4.925123,3.108592
0.651374,4068.0305,0.20429212,10.252726,-1.5882044,-0.0188836,0.7349585,-0.5541114,4.677766,3.9555576,5.4374294
0.6453266,4394.0513,0.21573566,10.2285,-1.5337014,-0.3856363,0.6875071,-0.8886762,5.9462986,4.238066,3.5395963
0.6562912,3949.5378,0.10459392,10.156744,-2.25767,0.49745739,0.6450309,-0.9496888,4.6869955,4.7721534,4.595219
0.6721295,3587.325,0.009639521,10.119062,-4.641884,-0.29120862,1.3291516,-0.6015366,5.375947,4.77182,3.758822
0.6701535,3682.5925,0.023366291,10.126573,-3.756461,-0.4273807,1.1490493,-0.90281457,5.4570785,4.5474253,4.3767776
0.668661,3675.1985,0.009905052,10.131981,-4.6147103,-0.61938673,-0.33730584,-0.94641984,5.014838,5.300278,3.304334
0.6666479,3768.2632,0.008817271,10.115586,-4.731043,-0.7108058,-0.23763163,-0.8710673,5.0978346,5.379591,3.4426723
0.6634883,3743.4941,0.015441726,10.145428,-4.170682,-0.74305665,-0.10719887,0.24562177,4.5237985,4.9904556,3.9844868
0.6634084,3748.1797,0.0015682669,10.147729,-6.457784,-1.1127331,-0.11232293,-0.049688365,4.6181297,5.759906,4.398446
0.6452543,4029.9653,2.2018871,10.326847,0.7893148,1.1844653,2.8384848,-2.5017002,6.0651174,4.3232865,4.1722064
0.64504576,4577.6396,0.4862526,10.172785,-0.721027,-1.061998,0.21651845,-1.9760772,5.769607,4.1386847,3.6406455
0.6476971,4250.456,0.72103333,10.240537,-0.32706994,-2.3909194,-0.17757753,-2.295285,5.7166166,4.3477397,3.7454119
0.64530766,4496.309,0.14733158,10.212965,-1.9150696,-1.9999421,-1.4543722,-2.5227287,5.2238097,5.11152,3.4733725
0.6448983,4204.686,0.37695855,10.291874,-0.97562003,-0.8783873,-1.3863795,-2.3353345,5.193305,5.981508,3.877802
0.63554716,4612.8857,0.23446804,10.261955,-1.450436,1.4390391,2.3691795,-0.3238319,6.294305,3.7991912,4.6803136
0.6470108,4407.3086,0.15155853,10.2051935,-1.8867834,-0.6181766,-0.74065983,-2.060362,4.437019,5.2905326,3.6794498
0.6471059,4473.4365,0.17145239,10.212623,-1.7634497,-0.47885036,-0.71368927,-2.1927516,4.3930254,5.0492854,3.6765907
0.6548495,4168.879,0.14181359,10.154243,-1.9532418,0.9858228,2.3607152,0.17735802,6.556823,3.9662066,4.4290977
0.64443433,4352.9204,4.1508327,10.251926,1.423309,-0.27382988,1.7237836,-0.034618594,5.634484,4.184681,4.8572445
0.6609337,4057.5554,0.007186965,10.142554,-4.9354863,0.8230676,-0.7971568,-1.2002833,5.8597784,3.98389,4.307614
0.6514406,4009.9214,0.005717658,10.256563,-5.164196,-0.28060305,-1.3759482,-1.4236616,5.3044424,4.378879,4.223151
0.657882,3886.8777,1.5144196,10.193413,0.4150322,-0.5953894,2.8657694,-0.16719905,4.062973,4.612029,3.325036
0.6517633,3893.2798,0.14716393,10.294415,-1.9162081,-0.36083028,-1.8917953,-3.7893472,6.865797,3.921146,4.5073285
0.6412511,4388.737,0.09265188,10.225991,-2.378906,0.66179997,2.352967,0.15842657,4.6078076,4.786331,3.121382
0.6404875,4373.384,0.27024114,10.265542,-1.3084406,1.0910162,0.31096798,-1.2885721,4.908751,4.806282,3.5396032
0.65544885,4108.9194,0.11648795,10.172174,-2.1499674,-0.9201981,1.0814214,-0.4679939,5.56115,4.5750046,4.529646
0.6426054,4273.456,0.08955476,10.25981,-2.412905,1.3314543,0.75809485,0.48967755,5.131522,6.4911838,4.792246
0.63707334,4666.9614,0.35376197,10.278407,-1.039131,-1.0389091,1.3680627,-2.1904135,5.4607286,3.1450434,3.283018
0.64965814,3982.036,0.17179698,10.250896,-1.7614418,0.91887456,0.54508376,0.67191386,4.8828087,6.0847635,5.1694098
0.65396166,4052.3008,0.8457762,10.216296,-0.1675005,-0.78967816,-1.8009104,-0.757405,6.3467355,4.650276,3.5752325
0.6505493,4232.88,0.19717579,10.236875,-1.6236596,-0.48124048,-1.080272,-2.3633742,5.719716,3.8771853,4.027516
0.6451861,4285.9526,0.32607532,10.275697,-1.1206269,-0.7070054,-0.8243407,-2.1874807,5.26348,3.9409463,5.3527765
0.63131166,4653.422,0.00094790163,10.316816,-6.96126,1.0181885,0.97690886,-0.11504388,5.670969,4.3845105,3.9327886
0.6327465,4732.9077,0.0049475767,10.285924,-5.3088574,-0.29114044,0.28810948,-2.3917718,6.2248983,4.578218,4.0782914
0.64058936,4469.379,1.6500621,10.247563,0.50081295,1.3623201,1.968946,0.33139932,4.5169516,4.3108,4.184016
0.63759065,4458.2197,0.23503825,10.244033,-1.448007,0.24105947,1.4727125,-0.2521389,3.5954406,4.251318,4.5206337
0.64421034,4366.6494,0.17222801,10.281173,-1.758936,-0.049346533,0.62875193,-0.87271935,5.5447626,4.7447014,5.2313013
0.6470572,4110.229,0.021000221,10.223443,-3.8632224,-0.3962023,1.3568476,-1.3842452,5.223333,4.715767,4.6372137
0.66092956,3928.2095,0.27820545,10.155125,-1.2793953,0.030405888,0.06663189,0.1642707,5.6789274,3.5197742,3.478062
0.6596813,3817.714,0.051258963,10.213287,-2.9708648,-0.8306329,1.2630867,-2.583596,5.561452,5.7040496,3.418254
0.6360185,4771.142,0.17688741,10.2088,-1.7322419,-0.1250602,1.8008997,-0.8924278,4.695132,6.48701,2.9972649
0.63193184,4726.874,0.22524293,10.27411,-1.4905758,-0.46704215,0.9680011,0.4866434,4.9684157,4.662223,3.046749
0.65183127,4197.54,0.1527133,10.209637,-1.879193,-0.3218516,1.3837831,-2.372355,5.3654184,3.77781,4.2902107
0.6434138,4181.199,0.0229014,10.296644,-3.7765572,0.9180487,0.6707665,-0.6620596,5.725247,4.374004,5.3357167
0.6444582,4281.124,0.018944766,10.223206,-3.9662275,1.0762478,2.8528788,-0.07455243,6.60255,5.020748,3.6382787
0.6411461,4026.9214,0.025057614,10.311489,-3.6865776,0.46055883,1.8818411,0.56033486,6.604743,5.1177487,3.959469
0.6520111,4243.3735,0.10776668,10.169154,-2.2277868,1.5128068,0.07550571,-0.7308284,4.3135257,5.0916357,3.7123003
0.6471984,4014.4504,0.13480943,10.261308,-2.0038931,0.88275146,0.6893719,0.2626918,5.1667233,4.558466,3.4640071
0.64261115,4484.532,0.6886848,10.228126,-0.37297156,0.33366674,0.51877,0.62764657,4.9685407,4.0629907,3.6842062
0.6469587,4313.3633,0.06738381,10.22572,-2.6973505,0.25090805,0.7998322,-1.9656527,5.7894726,4.5992117,4.4560075
0.6668575,3638.8687,0.092759505,10.185669,-2.3777452,0.7048179,-0.22264887,-1.0010672,5.06485,4.2559047,3.8325067
0.65431195,3959.0298,0.8756888,10.228954,-0.13274452,0.08911706,0.9763005,-1.2604882,4.4107037,4.040175,4.7136965
0.6607826,3870.2642,0.013371088,10.200697,-4.3146605,-0.4948336,0.5250726,-0.79901475,5.717391,4.6026225,3.558535
0.6634283,3891.8816,0.37286654,10.134801,-0.9865347,-0.021719193,-0.116290815,1.1348329,4.58568,6.6687317,4.6452427
0.6522057,4062.6106,0.005012401,10.187309,-5.2958403,-0.41181427,0.8225156,-0.41407982,4.95138,4.886224,4.293595
0.65804064,3850.1594,2.7574615,10.211344,1.0143105,0.21975698,0.57316786,-1.2992312,5.3975334,3.8581228,3.6743636
0.635267,4619.0947,0.022467498,10.253715,-3.7956855,-0.4652811,-0.18238533,-0.70029765,4.9548864,4.5246487,5.349872
0.6449148,4116.7114,1.1362818,10.241329,0.12776141,-0.8626098,2.510162,-1.3037555,5.6515636,4.4590373,3.9615705
0.65039366,4442.7466,0.24029563,10.178911,-1.4258853,-0.046147473,0.08507819,-0.4140948,5.8469543,4.185299,3.6086946
0.6383184,4142.9287,0.9083091,10.310496,-0.096170515,0.32288328,1.878122,-1.1321138,5.390508,4.7148843,4.2163396
0.632228,5002.3105,0.32028174,10.198703,-1.1385542,0.35986805,0.6099443,-1.6210091,5.8810043,5.044692,3.8418992
0.64028484,4590.1104,0.103818715,10.215825,-2.265109,0.8149145,0.3587403,-0.03236199,4.932366,3.4278471,3.9218812
0.64476436,4218.6865,0.9462936,10.242819,-0.055202406,0.11093163,-0.13853067,0.6289247,5.8394003,4.8739767,3.545
0.6396419,4300.751,0.0598336,10.280575,-2.8161879,1.5915533,1.0038708,-1.0849066,5.185655,3.1783526,3.659221
0.64046,4307.489,0.05911174,10.288341,-2.8283257,1.6378969,1.0225817,-1.0652307,5.185419,3.1448827,3.6738822
0.6391524,4389.4814,1.1756644,10.284544,0.16183345,0.998461,0.41202965,-1.3471467,5.4517956,5.2060986,3.592916
0.6455832,4299.046,0.027065372,10.229756,-3.6095002,-0.471891,1.2999239,-0.5386442,4.929477,3.525299,4.3509393
0.67071986,3627.5352,1.6832858,10.09811,0.5207477,0.23462015,-0.05300257,-0.9458608,5.6511126,6.056591,3.3352222
0.6709833,3653.7222,0.1720429,10.109318,-1.7600114,-1.3646855,0.5187987,-0.89683276,4.9614167,5.043504,3.8756275
0.6710471,3708.4688,0.3674515,10.081126,-1.001164,-0.6682847,0.62130207,-0.32074383,5.742714,5.414278,3.8580823
0.6487855,4128.2993,0.15930846,10.265218,-1.836913,0.8780016,0.65649325,-1.0240556,4.9533577,3.535269,3.8473141
0.641101,4482.188,0.11160624,10.284741,-2.1927783,0.46457815,0.6321097,-1.6754295,6.3920817,4.7589426,3.3657365
0.65446734,4079.0789,0.21155004,10.172241,-1.5532937,-0.26018882,0.5750019,0.26690966,4.58932,4.3951416,5.2734847
0.63011694,4786.001,0.3296476,10.304681,-1.1097311,-0.2570819,1.6258272,-2.513546,6.3016176,4.5026083,2.8602757
0.63194984,4381.5654,0.2645688,10.351867,-1.329654,0.09469412,1.4781024,-1.922301,6.2327895,3.6887488,3.0155997
0.6538267,4101.918,0.1980425,10.182773,-1.6192737,0.43003908,-0.2397264,0.6155306,4.5737104,4.718948,4.613665
0.6586144,3947.2434,0.03110947,10.211185,-3.470243,-1.8007989,-1.2194711,-0.056486595,4.6011662,4.288232,4.782408
0.6451838,4206.805,1.2596673,10.246798,0.23084763,1.0553423,1.7874943,-1.5769469,6.420448,4.8180094,3.2300384
0.64284784,4507.877,0.16070472,10.227049,-1.8281866,0.61721057,1.7012872,-1.4975349,5.668367,4.786899,3.495712
0.63646656,4372.548,0.08757121,10.3144245,-2.435303,0.33524284,1.2458754,-1.0823206,6.070899,4.3898277,3.4733922
0.6325992,4810.6406,0.1962323,10.273824,-1.6284561,-0.04215232,0.87880135,-0.690129,5.3753805,4.5293694,4.202347
0.64902693,4196.1514,0.29799873,10.208139,-1.2106661,0.058078475,1.5127796,-1.2384351,4.549156,4.170666,3.6291401
0.6428884,4325.7393,0.32176602,10.243915,-1.1339307,-0.3347713,0.6475922,-0.5035959,5.93828,4.425807,3.6944964
0.6448948,4101.6885,0.71195996,10.303294,-0.3397336,0.50166553,1.4986137,-1.9901867,5.0099545,4.655203,3.187626
0.6632552,3689.9426,0.035227966,10.198866,-3.345915,-0.7196013,0.28865868,-0.3594117,5.2895074,4.310368,4.967208
0.6693826,3807.9766,0.013176964,10.078736,-4.329285,0.6795695,1.1658345,1.0136359,4.8342433,4.219543,4.63471
0.64069396,4333.3164,1.0413584,10.306635,0.04052596,-0.8348551,0.14576092,-2.6095436,5.998101,5.2165346,3.3612874
0.6425941,4405.9487,0.14818174,10.24906,-1.9093158,1.4246643,1.898473,-0.14572266,6.12537,3.772806,4.077297
0.6552377,4187.2495,0.29786184,10.186372,-1.2111255,-1.2909883,-0.3047456,-2.0994868,4.4756246,5.2344537,3.9677725
0.6646427,3788.4888,0.5224921,10.189548,-0.6491454,-1.3551397,0.55688447,-1.7932783,5.0519867,5.270465,5.2211127
0.6563441,3801.1555,0.05778445,10.207801,-2.8510356,0.8231274,1.3865069,0.27397877,5.187276,3.6805508,3.026819
0.63507557,4574.4795,0.03932233,10.278109,-3.2359626,-1.6082093,1.7008872,-0.9117925,5.5471964,4.561473,4.953608
0.6338378,4760.432,0.012730898,10.24912,-4.3637233,-0.67191136,1.1812555,-1.2930596,5.2046247,4.108418,4.8072667
0.6391197,4510.2573,0.009531039,10.232513,-4.6532016,-0.70203465,0.30456582,0.06430956,5.646226,4.749742,4.651762
0.63951945,4445.8965,2.33824,10.24126,0.8493985,0.94891644,1.8879529,-0.29215407,5.8967137,4.283857,4.1486144
0.6464985,4138.967,0.56246424,10.229436,-0.5754277,1.8009522,1.3517749,-0.28926083,5.5199237,3.966799,3.2452302
0.6624453,3740.0398,0.7786654,10.225753,-0.25017384,0.5786181,1.029947,-2.240509,4.99325,3.3693128,4.0569835
0.65797,3908.8677,0.007863179,10.20762,-4.8455644,-0.6207224,-0.1006512,0.53077114,5.2734823,5.655616,4.6009808
0.64220613,4411.061,0.06562374,10.271511,-2.7238178,0.26102856,-0.8013234,-2.3057077,6.862165,3.455368,4.1451554
0.64061105,4203.4116,0.026752295,10.323147,-3.621135,1.287492,0.45028403,-1.3997731,5.713377,3.4321196,3.8947785
0.6490805,4319.161,0.1245712,10.199797,-2.0828779,-0.522992,-0.6958799,-0.04834517,6.4256983,5.6780677,4.5039897
0.6413255,4363.042,0.41564825,10.269804,-0.8779159,-0.20573115,1.4817098,-1.3907964,4.956317,5.0585203,4.0883746
0.64137304,4697.1084,0.45383918,10.201368,-0.79001236,-0.9122926,1.9344212,-0.8200493,4.149565,5.708246,4.4179487
0.64179635,4515.1025,1.5314755,10.259395,0.42623168,-0.3491676,2.3138976,-1.6346287,4.242325,5.0075197,4.6929617
0.64239216,4535.896,1.7785493,10.266223,0.57579803,-0.3902019,2.3857977,-1.6411953,4.216508,5.0589843,4.6745343
0.6414975,4546.1885,0.25087962,10.176318,-1.3827821,-0.56637347,0.76194865,-1.4848936,4.2452326,4.967208,4.9342585
0.6478683,4297.331,0.017722312,10.233961,-4.032931,-0.17423096,0.2360896,0.8594338,4.9993296,4.6168594,4.037696
0.64856726,4387.794,0.20826104,10.2202,-1.5689629,-2.7251277,1.1274791,-1.2888039,5.802801,4.266112,3.4409187
0.65062094,4134.6504,0.28779665,10.179562,-1.2455012,-0.476416,0.68447816,-1.073345,5.111866,4.490421,4.422226
0.6532724,4040.998,0.2778354,10.255537,-1.2807264,0.20503783,-0.7202612,-0.45910925,4.726028,5.22191,4.0428877
0.6497768,4170.5327,0.10655185,10.191806,-2.2391236,-0.43060914,-0.15063924,-0.67638266,4.583003,5.254333,4.8482046
0.63787115,4547.6084,0.33817992,10.251861,-1.0841773,0.65220267,1.9077083,-1.1429069,5.9299965,3.8990946,3.3268468
0.65161717,4139.6357,0.1626826,10.223024,-1.8159542,-1.0613209,-0.25348532,-0.6318447,4.887414,5.319403,4.480446
0.6419183,4378.147,0.110923365,10.2847595,-2.1989157,0.036624182,-1.0459203,-1.9291562,4.9780803,4.405223,4.499131
0.6396765,4517.118,0.29434776,10.247277,-1.2229934,-0.5212564,2.2442954,-0.11427424,5.2746077,4.6636415,3.7707565
0.6420518,4305.7983,0.052575983,10.29353,-2.9454958,1.3015296,-1.0389962,-2.4397442,5.169306,4.215753,3.816
0.64278,4253.2466,0.538359,10.27908,-0.61922973,0.493707,0.8675763,-0.030592084,6.9000816,4.530377,4.597035
0.64820576,4171.964,0.12990846,10.239188,-2.0409253,-0.83235115,0.46509752,-1.4669129,3.900446,4.1714487,3.2817383
0.6516559,4076.211,0.65183455,10.236471,-0.42796448,-0.17598312,0.1750042,-0.5219894,5.615313,4.5110183,4.7176585
0.6408552,4478.473,0.023643099,10.261292,-3.744684,0.9896909,-0.03202877,-1.7927585,4.6244535,5.214423,2.8116353
0.62625915,4930.722,0.8949238,10.314728,-0.1110167,0.4630813,1.65785,-0.7244117,4.769141,4.6317825,4.4812937
0.6330547,4631.0244,0.22667332,10.266051,-1.4842454,1.5650859,2.2793982,-0.35978323,4.9775267,4.369504,3.7870896
0.6437214,4242.633,0.55978334,10.286191,-0.58020544,0.28500044,-1.8345505,-0.69265854,4.4104724,4.3321676,3.9739842
0.6484402,4209.533,0.085163794,10.230312,-2.4631789,0.08497968,-0.6029746,-1.4186765,5.5910807,4.1886926,4.0607595
0.6328361,4315.938,0.10789095,10.357693,-2.2266343,0.67705065,-1.7342862,-1.3328696,6.5326104,5.2845616,5.714107
0.62771815,4764.981,0.04575839,10.331908,-3.0843801,1.5901303,-0.83569086,-1.1821682,5.580164,6.0443516,5.7624025
0.64097404,4313.8975,0.013205779,10.29102,-4.3271008,-0.32789925,-0.8549374,-0.52907246,4.7452264,4.1773114,5.3885574
0.64141667,4450.165,0.015941633,10.2565,-4.138821,-0.25771856,-0.8323706,-0.8692242,4.61171,4.3687944,5.0796742
0.6473772,4371.8677,1.1238046,10.23198,0.11671986,-1.7687389,0.013745369,-1.3701116,4.676426,4.83317,4.343288
0.6412905,4324.398,0.0014490666,10.27452,-6.5368357,0.6804791,2.208044,-0.82935905,5.3456187,3.8704555,3.1584635
0.652759,4201.2754,0.18698691,10.187092,-1.6767167,-1.0351744,0.8169968,-0.6963596,5.24229,4.4611115,4.764147
0.6469749,4234.955,0.21488588,10.24386,-1.5376482,-0.41174978,0.13517311,-1.1338086,5.0369515,4.4073577,3.6888738
0.65823907,4071.6938,0.03476543,10.157564,-3.3591318,-1.7610972,1.7623446,-1.2017394,5.831056,3.9860098,4.789729
0.6574502,3955.5522,0.07794487,10.165997,-2.5517535,-0.29615185,2.0614278,1.3024365,5.321794,4.5139236,3.3414125
0.6639012,3804.6772,0.04215986,10.149942,-3.1662867,0.4008496,2.6641765,-0.8548603,4.8331976,5.5224714,4.3251157
0.6640542,3741.3442,0.04874301,10.138585,-3.0211935,-0.24073923,3.1645062,-0.9462315,4.513287,5.035201,3.9776907
0.66005147,3918.7505,1.389076,10.220244,0.3286388,0.20868999,-1.0173248,-1.4772983,5.8325744,4.6588087,5.034516
0.65332925,4050.6165,0.7231164,10.247534,-0.32418513,-1.1955528,0.011134644,-1.7560171,5.6127267,4.3671694,4.5032506
0.64914495,4191.3574,0.5643334,10.25788,-0.5721101,-1.4297512,0.102105714,-1.5001266,5.6430807,4.576506,4.4247093
0.647431,4212.96,0.30782795,10.217055,-1.1782143,-1.9121457,0.4009779,-1.7523355,5.8834133,4.669507,5.0661016
0.644453,4198.1396,0.21190979,10.262304,-1.5515946,1.2194465,1.5011032,-0.239941,4.772719,4.561813,3.328114
0.6473914,4303.761,0.35695404,10.212389,-1.0301483,-0.106462985,1.5081985,-1.2295847,5.4128838,5.2794333,3.0909257
0.6444167,4259.755,0.09813365,10.262279,-2.321425,0.87567574,0.5429432,0.47245976,5.017332,5.344622,3.5788217
0.6419506,4352.319,0.41675496,10.245255,-0.8752569,1.316596,0.23454686,-0.7431825,5.0293417,6.512554,4.6961718
0.63923585,4454.7153,0.0062923096,10.2770815,-5.068427,-0.3713699,0.70044506,-1.5410396,4.636279,4.9703712,4.0728545
0.6601889,3841.3489,0.74078697,10.200835,-0.30004218,0.27356648,1.1472597,-0.5519168,6.0733914,4.1005282,3.90741
0.6620076,3839.353,0.038543772,10.177618,-3.2559607,0.7740588,0.31239307,-1.033549,5.2552752,4.194245,4.0784063
0.6436881,4024.3755,0.57672954,10.306883,-0.55038184,-0.92646444,-0.053420633,-1.193103,6.701338,5.071683,4.0003095
0.6446279,3942.493,0.2586146,10.307806,-1.3524164,-0.45065743,0.20951934,-1.0016843,6.257791,4.8062353,3.921544
0.64634186,4412.5205,0.028405717,10.176974,-3.5611649,1.4590884,0.9460436,-1.185922,5.033554,4.5955043,3.7698512
0.64735067,4453.1904,0.6489963,10.2130375,-0.43232828,-1.354536,0.33180535,-0.331651,5.77738,4.2054186,4.7275543
0.6475717,4207.3193,0.6658973,10.228397,-0.4066198,-0.6477144,0.72873276,-0.82841974,4.338491,5.657071,3.6230574
0.63306195,4664.861,0.05420884,10.325622,-2.9149113,1.1630553,-0.033974383,-1.1376431,5.2124395,3.401149,5.902734
0.6404069,4416.7734,0.49611893,10.213807,-0.7009396,-0.78464663,2.1646972,0.46170542,5.5394845,6.0455885,3.2500978
0.6403235,4340.154,0.018069398,10.277672,-4.0135355,-0.87390566,1.8360578,-0.0041456968,5.4292064,6.303069,3.0696294
0.6539717,4067.2473,0.70408046,10.203369,-0.35086265,1.053594,0.66456664,0.6614336,6.076291,3.688819,5.353209
0.65428174,4222.377,0.6389454,10.182234,-0.4479363,0.3259296,0.8125381,-1.1663352,5.936192,4.4307733,4.98688
0.6485201,4066.4165,0.17378235,10.240462,-1.7499516,-1.1242754,0.9877051,-0.7152822,4.9699335,4.268072,3.8334923
0.62818253,4646.3574,0.14881456,10.343061,-1.9050543,0.943404,0.4131016,-1.9275966,5.7402263,4.701692,3.9023974
0.6475773,4299.305,0.16742842,10.210408,-1.7871994,-0.84934443,0.0827054,-1.4494156,5.0287733,4.2097063,3.8931139
0.64913553,4333.704,0.2993009,10.195508,-1.2063059,-1.2534679,0.5049022,-1.4543451,5.2589865,4.117926,3.7884746
0.64629775,4219.2646,0.8459699,10.256525,-0.16727145,-1.3971454,0.80074674,-1.9239345,5.595903,4.2893605,4.370831
0.6480602,4267.382,0.79221463,10.224182,-0.23292291,0.22731587,-0.18750468,-1.6218368,4.63123,3.6594763,3.8156478
0.65203464,4207.3486,0.081011415,10.178426,-2.5131652,-0.22691306,1.3289367,-0.21490335,5.302646,5.6010933,4.223712
0.65204704,4162.552,0.89201283,10.191158,-0.114274725,-0.8195408,2.0009282,-0.0035454987,4.767892,4.359808,4.6627827
0.65085936,4383.008,0.40425712,10.150606,-0.90570414,-0.99324465,2.3186219,0.29044673,4.9355907,4.1982207,5.1772413
0.6457003,4084.1304,0.2689017,10.286042,-1.3134093,-0.8708303,-0.18030292,-0.981028,5.0465517,4.645552,3.8514965
0.65276706,4094.8276,0.34096313,10.206265,-1.0759809,-1.3445933,0.47535676,-0.9890572,5.077103,4.1068616,3.798491
0.6481296,4400.1455,0.8064246,10.203512,-0.21514484,-0.35978335,-0.7830767,0.44503248,5.2451057,3.4844542,3.325009
0.6515977,3963.393,0.035969935,10.265353,-3.3250718,-0.5202034,0.14012837,-1.3885871,4.928751,4.8519163,3.469094
0.6500119,4217.738,0.08106126,10.210916,-2.51255,0.3347817,-0.015211405,-1.0260935,5.6306863,4.6359177,4.233526
0.6490433,4277.0425,0.15816295,10.199856,-1.8441294,0.6421205,0.23022242,-0.8792891,5.9223084,4.528941,4.158999
0.6551726,3812.7388,0.7826196,10.243674,-0.24510854,0.46062955,0.9617128,-0.3777017,5.3970175,4.0041337,3.192885
0.6329579,4890.9624,0.17900607,10.254481,-1.7203356,-0.12758866,-0.55762386,-1.6595219,5.479405,5.051413,3.724951
0.6327392,4785.644,0.10326938,10.288811,-2.2704144,0.44279933,-0.5439736,-1.4712293,5.2398853,4.2374153,3.7793162
0.66389513,3833.7007,1.0201132,10.115129,0.019913614,-0.57723147,1.8466821,-0.93314713,4.8550177,4.5056977,3.6867921
0.6652324,3644.6946,0.05799873,10.173897,-2.8473341,0.87398225,-0.4706532,-1.5101901,5.1533704,4.60129,4.580003
0.666986,3603.655,0.11321328,10.1691065,-2.1784818,0.57010794,-1.1646874,-1.0793344,4.9992085,4.47955,4.206831
0.66716933,3575.9292,0.07927275,10.187914,-2.5348608,0.501004,-1.2840337,-0.7394639,4.878612,4.4648867,4.095454
0.6465734,4351.265,0.08575025,10.220557,-2.4563162,-0.9745938,2.131097,-0.56103504,6.119732,4.6211367,3.8559728
0.652326,4021.7563,0.08561376,10.251271,-2.4579093,0.49711606,1.0911914,-0.17042376,4.9632006,3.4979014,4.48755
0.6378809,4537.644,0.02725934,10.25656,-3.602359,0.030597784,0.16526966,-1.7103736,5.1392694,5.6310143,3.3336039
0.6411531,4295.5786,0.22537692,10.304352,-1.489981,1.4631329,-0.91795504,-1.9146172,5.315971,4.5307055,3.0950804
0.63855445,4318.6274,0.035626348,10.320794,-3.3346698,1.5397938,0.19133484,-2.0352232,5.0974064,4.3299475,3.5723667
0.63057244,4959.6753,0.13000822,10.277331,-2.0401576,0.2934173,1.297346,-0.8651467,4.9548373,4.876238,4.456432
0.63033384,4820.9863,0.06596866,10.318431,-2.7185755,0.4329764,1.368806,-2.5541344,5.5249834,4.855525,4.118041
0.62655866,4998.621,0.016156884,10.273246,-4.125409,1.0720484,1.0466323,-2.8635862,5.101693,5.887266,4.9068513
0.6632952,3833.1453,0.3316295,10.147815,-1.1037369,0.10087163,2.428812,-1.1087251,5.341794,4.3152184,3.50024
0.638294,4436.111,0.11783862,10.28457,-2.1384392,-0.24611041,-0.116657,-1.5742655,5.2662444,4.8651657,4.9340796
0.6448936,4469.641,3.1621642,10.24739,1.1512567,-0.28242576,1.5993537,-1.9281751,4.6940746,4.4016466,4.847443
0.6475804,4053.8972,0.5324685,10.260801,-0.63023156,-1.3150784,0.6439403,-0.03945635,5.170057,5.017261,4.327003
0.6449732,4444.497,0.024299182,10.172768,-3.7173126,0.6742276,2.2466984,-0.41218463,5.090319,3.5389094,3.9003158
0.6622739,3550.5112,0.4040161,10.287274,-0.90630054,0.98255396,-0.7710261,-1.7108017,5.627765,4.2059064,3.811034
0.6565932,3906.1296,0.20035473,10.1624,-1.6076659,-0.11925986,0.02586935,0.5263557,5.2755632,5.3041687,3.9104066
0.6703822,3670.8438,3.091211,10.157327,1.1285629,-0.08337562,0.45524618,-1.1253288,4.833382,4.681819,4.5964003
0.6267556,4933.4263,0.020932732,10.291623,-3.8664412,1.39616,2.4295764,-1.9142172,5.1031895,5.0480566,3.4984872
0.6364461,4395.6943,0.014293947,10.315413,-4.247919,0.50609225,1.3222,-1.7073061,5.276815,5.214075,3.3487353
0.63449603,4388.093,0.23342049,10.332607,-1.4549137,-0.274588,-0.32004037,-0.86503106,4.8581777,4.5669975,4.472194
0.6365696,4452.032,0.17103198,10.313477,-1.7659047,2.977908,-1.1126726,-1.1446174,5.232136,3.8892374,5.5484667
0.63376284,4523.0786,1.2438846,10.353566,0.21823922,1.5289065,-1.0456086,-0.27744743,5.4514074,4.28818,4.869844
0.6388898,4310.897,1.7085721,10.321773,0.53565806,1.5420568,-0.12876962,-0.4095455,4.6804023,3.8210592,5.9082556
0.6427592,4353.122,0.021048978,10.256899,-3.8609033,-1.5515305,1.7019522,-2.563448,5.440653,3.9314208,2.7632422
0.64257425,4536.219,0.49118218,10.22811,-0.7109402,-0.31222636,1.8308704,-2.8110113,5.1458116,3.586354,2.9062603
0.6284319,4775.561,0.054604705,10.32218,-2.9076352,-0.7421864,-0.3447392,-1.0853862,6.253485,5.1327763,4.8837404
0.6642736,3760.2856,0.03141849,10.148775,-3.4603586,0.81366515,1.3093183,-0.14279883,4.9303946,3.8881989,4.1218863
0.6672298,3853.3765,0.024888981,10.107106,-3.69333,-2.0959697,0.798132,-1.243582,4.8358793,4.898564,3.7447906
0.6666763,3795.7722,0.01837993,10.121629,-3.996496,-2.3434932,1.7473912,-0.19652873,4.7764854,5.7096887,4.3003755
0.6673046,3838.8503,0.18695065,10.095748,-1.6769106,-1.7944843,1.279839,0.06007872,4.8651724,4.665337,4.074207
0.66584706,3812.7632,0.11003263,10.136744,-2.2069783,-1.2698568,1.3087987,-0.6365631,4.8225865,4.7975917,4.074984
0.6510341,3997.4731,0.45226434,10.242802,-0.79348844,1.0483158,0.45739973,-0.71065855,5.783159,4.0117965,3.784629
0.6727388,3609.735,0.11491106,10.119487,-2.1635969,-1.2103033,0.5515414,-0.40007204,4.7540083,4.2519255,4.1762667
0.6635661,3638.7036,0.007335774,10.187903,-4.9149923,1.914505,0.82379556,-0.79378635,4.5263686,4.5214753,3.3692653
0.6619699,3819.8462,0.015019782,10.163618,-4.198387,0.15983163,1.2772074,-1.279062,4.9899654,4.7737336,3.5878446
0.64808095,4278.9863,2.076999,10.261157,0.73092407,-0.20817682,-0.033088498,-0.2590679,5.5097685,3.9372911,4.696648
0.6499009,4191.202,0.028668087,10.235019,-3.5519707,0.94748765,1.3853849,-1.5712278,5.1471744,3.8353686,4.5082946
0.64917755,4132.188,0.07525852,10.245423,-2.586826,-0.26120725,1.9982754,-1.4003047,4.112525,3.9209733,4.882068
0.6331485,4781.0693,0.22605594,10.293144,-1.4869728,0.236428,-1.6732712,-0.5379126,4.3212743,3.607544,4.176678
0.6436658,4401.665,0.15136322,10.278529,-1.8880728,-0.52205646,-1.0313009,-0.5304622,4.5663853,3.013796,4.4155674
0.6476328,4148.3213,0.17387336,10.270689,-1.749428,-0.33955646,-1.0997308,-0.4080765,4.6609774,3.3466167,4.804645
0.6423869,4107.3325,0.08995816,10.298431,-2.4084105,1.0656167,-0.07666958,-0.51220137,4.9926457,4.4239016,5.1587934
0.6546402,3990.621,0.38024017,10.191354,-0.9669522,1.5261172,-0.8629227,-0.50261754,4.6782017,5.3442154,4.627954
0.6622368,3756.6426,1.0617527,10.231027,0.059920967,0.16799408,0.71007115,-1.6062505,5.2464447,5.441312,4.63002
0.6545198,3795.2563,0.25352564,10.27715,-1.3722903,0.7477031,1.0424954,-0.6210847,5.176646,4.0930734,3.2207236
0.65761137,3878.8086,0.30429816,10.244686,-1.1897472,-1.0076038,0.13375232,-1.3068941,5.8083687,5.1902885,4.887394
0.6559677,3938.2573,0.22198781,10.249982,-1.5051328,-1.0500168,-0.21320517,-1.4941621,5.7958984,4.688079,4.879825
0.6572468,3800.5444,0.5128387,10.198347,-0.6677938,1.036213,2.0413604,-0.09596867,5.2028174,4.1799073,3.2948594
0.65589345,3913.8438,0.13796219,10.216825,-1.9807756,-0.07393023,1.661897,-0.4114998,5.3190527,3.7944555,3.2682586
0.6463456,4220.955,0.57373834,10.237688,-0.5555818,0.3502081,2.3360426,-0.77858126,5.0988946,3.3517854,3.6702554
0.6495664,4107.1143,0.11882484,10.223857,-2.1301048,1.3484408,1.2785498,-0.48318753,4.938076,4.2029843,3.1388571
0.6428331,4303.4395,0.1921813,10.284167,-1.6493161,-0.10541475,2.133956,0.6287979,4.014611,4.2654486,5.844883
0.63971335,4504.1963,0.6131029,10.232648,-0.48922247,1.8912992,1.8640785,0.23195288,5.1549253,3.8427346,4.4265985
0.6522989,3992.634,0.100866206,10.245327,-2.2939603,-1.1797047,0.39049113,-0.8623112,4.6094656,4.5683603,4.3849707
0.65206325,4200.98,0.011668922,10.1676855,-4.450826,-0.51758546,0.21364647,0.16448897,5.4438224,4.805748,3.8337593
0.6470576,4159.742,0.021653313,10.255768,-3.8325968,-2.3828585,0.625155,0.26345983,5.841978,5.433057,4.3855176
0.64953625,4263.755,0.270635,10.178051,-1.3069842,-0.55913687,0.23099345,-1.1554735,5.666659,4.814832,5.2697077
0.6493478,4180.429,0.3007624,10.239133,-1.2014347,0.82450044,1.2299263,-0.032832786,5.0950975,3.978394,2.9826102
0.6473453,4331.1553,0.07901471,10.236698,-2.5381212,-0.38641223,1.9105054,0.16662423,5.5090394,4.344239,3.3391185
0.65009296,4194.8486,0.04644445,10.213433,-3.0694983,0.116443336,2.393038,0.1139301,5.0225525,4.3593855,2.7207947
0.65344685,4223.329,0.029936288,10.177173,-3.508684,-1.1129527,2.1655936,-0.8886853,4.503323,4.237284,3.0158896
0.6442687,4121.1675,0.59486675,10.2884445,-0.5194179,-0.7064263,-0.029383676,-0.49591967,5.0927014,3.9251902,4.492998
0.64879215,4284.126,0.036434483,10.218189,-3.3122396,0.061544117,1.2936565,-2.575638,5.160232,4.2667418,3.3135014
0.65447724,4098.21,2.6019073,10.242811,0.95624477,-0.750166,-0.035252225,-0.77854186,5.713239,4.4325013,4.3572903
0.6551028,4131.6045,0.0050904946,10.192189,-5.2803802,0.37439823,1.1839116,-0.7558883,4.765186,4.4618587,3.652881
0.6619944,3808.3638,0.12837367,10.198886,-2.05281,-0.7546542,-0.74778724,-2.1385884,4.6754904,4.7802215,3.3467865
0.6558018,4015.401,0.24686585,10.223543,-1.3989102,-0.06210086,-0.4404246,-2.4894092,5.120468,4.2422056,4.2689695
0.6533655,4017.4126,0.4944867,10.218103,-0.704235,0.9879651,0.5156135,-1.6981003,5.9663258,5.0068226,4.090007
0.6511942,4140.8413,1.2689466,10.232479,0.23818713,-1.0912951,1.6945721,-1.5533364,4.734085,3.3348393,4.9677067
0.6478946,4325.1562,0.5289915,10.224034,-0.6367829,-0.81670636,1.0945488,-1.795538,4.8928456,3.3228807,5.06661
0.643378,4343.6523,0.6044937,10.294952,-0.503364,-0.31267688,0.15575694,-4.0149145,4.9972997,4.0235295,3.960022
0.65653586,4016.0703,0.046239506,10.166381,-3.0739207,0.3176231,1.715054,1.7022994,5.2807636,5.2006826,4.044776
0.62845147,4975.948,0.9064186,10.290574,-0.09825401,0.24958181,-0.17634614,-3.5413785,6.090902,3.9894648,3.7996092
0.63532585,4628.698,0.18014888,10.30815,-1.7139716,-0.43917003,-0.7023204,-2.9074,5.278208,6.9770494,3.966181
0.6361588,4446.7427,0.22186448,10.301676,-1.5056885,1.110525,-0.5350992,-1.5111566,5.3051615,3.2986138,4.9983087
0.6391585,4661.0444,0.016157646,10.213126,-4.125362,-0.85890305,1.8088322,-0.3998841,5.17268,5.4764094,3.2062309
0.6467675,4196.0713,0.5358281,10.256779,-0.62394184,0.7186197,-0.17336531,-1.069649,3.598364,4.6359863,4.0369663
0.64696276,4201.27,0.5132457,10.267741,-0.66700065,1.451729,-0.013739014,-1.1318378,5.1648264,4.643573,3.5849807
0.64546776,4230.29,2.0435662,10.255127,0.71469647,1.603584,1.2932799,-2.2808318,5.2116985,4.4543138,3.5466418
0.63738346,4388.2373,0.0862963,10.295639,-2.4499686,0.69188535,-0.4103467,-1.0371703,4.731985,4.6953754,3.9299183
0.65250933,4135.5938,0.5128059,10.206935,-0.6678579,-0.8697923,1.802839,-0.7762813,5.606061,4.4807453,3.7391057
0.64706326,4259.3306,0.1014979,10.251914,-2.287717,1.3234099,-0.4069834,-0.50993705,4.71455,4.190097,3.8633654
0.643994,4176.5405,0.07247543,10.2894,-2.6245077,0.7577806,1.535199,-2.2385235,4.444536,4.6097097,3.2644374
0.6472522,3997.312,0.24487218,10.297873,-1.4070189,1.0318407,0.7258989,-1.5829531,4.9063907,4.111667,3.419418
0.64277744,4513.498,0.040651128,10.20554,-3.2027287,-0.63626057,2.2226288,-0.47449836,5.3349304,4.5387993,5.4981194
0.6442877,4293.9297,0.97104055,10.254303,-0.029387038,0.17733608,0.72006303,-1.7399727,5.2079353,5.0189843,3.7450352
0.6428827,4468.8174,0.8735859,10.23244,-0.13514884,-0.11750995,0.09130791,-0.8266149,5.083071,5.6028395,4.1584244
0.64652944,4130.6875,0.9488183,10.257898,-0.05253796,0.65314764,1.2893049,0.3755668,4.923022,4.4463587,3.6986456
0.6415038,4432.948,0.037544146,10.263421,-3.2822378,-0.39159483,-0.34573033,-1.9257512,5.4575973,4.853726,4.3620625
0.6431768,4102.1094,0.06218507,10.3377,-2.7776403,0.3541933,-1.5117888,-2.8288476,5.624593,3.701557,4.28703
0.6459258,4253.8237,0.16340725,10.279754,-1.8115097,0.2537851,-1.6665032,-1.6634315,5.5937376,3.6368296,4.0627985
0.6431035,4364.775,0.3315113,10.239303,-1.1040934,-0.563625,0.8351173,0.14059933,6.3485765,3.933686,3.8144746
0.64584506,4542.0684,0.2360225,10.224107,-1.4438281,-0.119207926,-0.1318958,-1.139936,5.6194997,4.0785127,4.293606
0.64908755,4153.611,0.12608847,10.266905,-2.0707715,0.35563555,-0.09976537,-2.446497,5.8079557,3.4804654,5.079127
0.650836,4033.2473,0.17352939,10.257534,-1.7514083,-0.098886006,-0.19913584,-2.4180255,5.1457872,3.5585792,4.638958
0.6332931,4574.42,0.08162145,10.27745,-2.5056632,1.3027164,2.4594336,0.44287977,5.05504,5.466713,4.2845807
0.6348648,4502.397,0.3153416,10.284966,-1.1540989,1.4221911,2.1416056,0.6575012,4.83124,5.3624783,4.3677263
0.65205455,4058.2417,0.48184404,10.242493,-0.7301348,-1.0413898,0.84272426,-1.2859269,6.0025225,3.4823513,4.0248756
0.64914817,4271.1904,0.6659249,10.232373,-0.40657842,-1.3233349,0.94412905,-1.2750584,6.26328,3.2439606,4.3791933
0.65016305,4212.5146,0.42845467,10.223256,-0.84757036,-0.64230573,0.980893,-0.7776823,5.5973597,4.2154984,3.951635
0.6287419,4773.993,0.09466428,10.318949,-2.3574185,1.109431,0.7583786,-1.3318564,4.8756347,5.6136,4.208171
0.6260382,4877.2095,0.09473669,10.292635,-2.356654,1.7516742,1.4276813,-2.1527154,5.4726906,4.3361526,3.7339108
0.6571773,3960.3613,0.056651585,10.151351,-2.8708353,-1.1938596,0.92296374,-0.2324911,5.175519,5.1719213,4.7729187
0.659639,3872.2227,0.45178533,10.147253,-0.79454815,-1.1445134,0.7125065,0.66330755,5.0837264,4.5009284,4.535466
0.6498324,4183.239,0.3853371,10.267154,-0.9536367,0.86349505,-1.4842286,-2.5355408,5.0674133,6.2574606,4.4994793
0.656443,4146.8896,0.35928723,10.164461,-1.0236331,-1.9156369,0.7141061,-0.88558733,4.965517,3.0809157,3.7888768
0.6593549,4062.5461,0.049580257,10.15204,-3.0041625,-0.42732358,0.66501343,-1.8477174,5.484348,5.3211355,2.8747606
0.6399453,4571.65,0.50441915,10.24963,-0.68434775,0.77360237,1.3267128,0.30663717,4.8784294,4.0474763,5.1170673
0.66439366,3788.3872,0.19776908,10.156069,-1.6206552,-0.9453539,0.52975166,-1.709861,5.6951494,4.699214,3.1811159
0.6671802,3615.1191,0.037800234,10.165368,-3.27544,0.75807744,-0.96207297,-1.1716708,5.61239,4.157709,3.8862226
0.6571839,3966.9524,0.6601243,10.176848,-0.4153271,-1.296346,1.7253207,-0.69841635,4.598133,4.6218905,4.754625
0.6628074,3807.1985,0.04927683,10.158544,-3.0103014,-0.86721736,0.75426793,-0.7073723,4.5776124,4.487318,3.3097053
0.6522789,3928.0266,0.34915185,10.258314,-1.0522484,1.0572771,1.1725051,-1.1462681,6.470487,4.3453846,4.3650084
0.65078914,4359.4004,0.20472783,10.166139,-1.5860739,0.54010093,1.8750076,-1.174615,6.197266,4.113247,3.559555
0.6407265,4484.399,0.100095265,10.265114,-2.301633,-1.6914104,-0.39280966,-0.75108653,5.3551245,4.1358,4.451664
0.6513965,4176.1963,0.69598186,10.200351,-0.3624317,0.80681,0.8011112,0.7709574,5.594538,5.0142927,4.859317
0.6531888,4248.119,0.33535746,10.162287,-1.0925583,-1.3054283,1.9806563,-1.3222221,5.4197016,3.5335314,4.068966
0.6403611,4207.3457,0.2706054,10.295907,-1.3070936,0.6928031,-0.36768365,0.28916806,7.0119433,5.3145447,3.9584403
0.6496413,4274.843,0.7716025,10.221431,-0.25928575,-0.21105714,-1.0458603,-1.1221952,5.43828,4.9088926,4.4135647
0.6564721,3948.732,0.027099231,10.173563,-3.60825,0.2399739,3.1496902,-1.104423,4.987639,4.5158086,3.9504828
0.64787096,4196.1807,0.111533485,10.259718,-2.1934304,-0.4154893,-0.719677,-0.332176,4.8213396,3.9898348,3.3678699
0.64863855,4307.536,0.34301597,10.237878,-1.0699782,-0.4320558,-1.1722413,-1.4958001,5.072384,4.9798493,3.8379035
0.65142274,4036.6785,0.63550997,10.243209,-0.45332745,0.09444365,0.83276105,-0.61583734,5.4096227,4.142171,3.520773
0.6495282,4040.4785,0.23968488,10.253705,-1.4284302,0.76806945,2.728525,0.2733197,5.1130524,3.5232077,4.5568185
0.6446606,4569.782,0.020102073,10.173148,-3.9069324,-1.0382084,1.0958468,0.077762395,5.1934304,4.8875804,3.2603998
0.63312346,4448.296,1.2756171,10.340567,0.24343003,0.76216674,0.10807955,-2.246116,4.877318,4.9851804,4.375475
0.64876086,4125.8945,0.07489277,10.248761,-2.591698,0.84626454,0.55746484,-0.54057837,5.0862036,3.5225027,3.580557
0.64832056,4086.9434,0.07117851,10.247718,-2.6425643,0.85189813,0.49781996,-0.56132025,5.101473,3.5265584,3.6048832
0.63173276,4817.575,0.11562107,10.258142,-2.157437,0.9289944,1.2063807,-1.6450843,5.1621413,6.1629333,4.5453625
0.6516553,4135.3447,0.24927194,10.223859,-1.3892108,-0.56658167,0.23646836,0.16080706,5.069505,3.1802168,4.36762
0.64378726,4295.796,0.09009987,10.253868,-2.4068365,0.7115862,1.0932823,-1.9158803,5.3549013,5.8974857,3.5027432
0.6441429,4246.261,0.14094016,10.277725,-1.9594198,-0.5897635,-1.844474,-0.5942129,5.8830533,4.5212855,3.3834932
0.65046895,4102.6416,0.5236041,10.219563,-0.64701945,0.16187297,2.858551,-0.39814138,4.506454,4.2207556,4.645284
0.64426136,4206.5903,0.059198152,10.246171,-2.826865,0.8512893,0.022953361,0.45612642,5.4620223,4.820701,4.098495
0.65185714,4012.2437,0.0317599,10.262969,-3.4495509,1.0783678,-0.32113853,-1.6531606,5.7415924,4.605903,3.8166997
0.6618196,3846.0864,2.1104355,10.212118,0.7468943,-0.30642173,-0.5476397,-2.3570886,5.689232,3.703433,4.9191804
0.6634537,3739.1113,3.3062818,10.240802,1.1958243,-0.85389817,0.34051868,-2.6290772,6.7296124,3.2516804,4.8660727
0.6540543,4062.186,0.010143528,10.208783,-4.5909195,0.84961605,-1.9241312,-0.022648219,5.8103294,4.71415,4.624074
0.6428549,4502.4155,1.3454049,10.186955,0.29669493,-1.2494153,2.7678146,-1.5288404,5.0513062,4.190396,3.9287148
0.64492404,4262.501,0.37452823,10.261419,-0.9820881,-1.0130234,-0.78117967,0.5106119,5.5501037,3.2953885,3.8262067
0.6405796,4446.9214,1.0474498,10.267765,0.04635847,0.2573837,2.1162448,-1.4704198,5.754369,3.782852,5.187134
0.6527984,4101.5283,0.016981687,10.2075815,-4.0756197,-0.060999222,-0.5861232,0.014163884,4.643808,5.024206,3.0664754
0.6512338,4098.699,0.117556274,10.253572,-2.1408381,0.46334612,-1.1102567,-1.0647001,4.635564,5.1539135,3.969228
0.6437207,4420.1846,0.17037421,10.19745,-1.769758,-1.8303999,2.4663708,-1.33165,5.5958834,4.8550467,3.601615
0.6471876,4312.3984,0.018993072,10.240385,-3.963681,1.1012052,-1.9194478,-0.95005363,5.882101,4.273413,4.4167004
0.645301,4406.7524,0.015417307,10.247504,-4.1722646,0.68961215,-2.0784633,-1.1352576,6.4757104,3.892881,4.267851
0.632763,4795.2627,0.19076988,10.240337,-1.6566874,-1.5483091,3.8638802,-0.08950111,4.910885,4.8790483,4.248397
0.6331198,5111.644,0.07900744,10.179639,-2.5382133,0.53820175,2.1876333,0.25473765,5.482574,3.5625916,3.881229
0.63132286,5188.1226,0.15930423,10.186428,-1.8369395,0.50261426,2.1150527,0.024714367,5.4804773,3.5821943,3.9488077
0.6426991,3866.2664,0.7327997,10.352983,-0.31088287,-0.3916555,0.9070223,-0.9782206,7.225759,4.0144124,3.6492078
0.6558869,4142.8574,0.1653003,10.157267,-1.7999915,2.3498273,-0.19552623,-1.1145489,5.2852573,4.241,4.91288
0.64266455,4234.05,0.71897185,10.258905,-0.3299331,-1.3857535,1.2588882,1.1918716,5.36298,4.673341,4.42459
0.64093983,4642.5435,0.2216588,10.157257,-1.506616,-0.01772237,2.0467546,0.5413984,5.082226,4.6988683,3.5058918
0.640929,4522.095,0.25259766,10.201459,-1.3759574,-0.16664502,2.09908,0.6273377,5.256239,4.7876487,3.223342
0.64962226,4024.106,0.06483543,10.235243,-2.735903,0.7962773,2.3214822,0.93408775,5.548278,3.3883069,4.6169853
0.6501123,4091.8914,0.0069610076,10.213403,-4.967431,0.8258142,1.8772299,0.30864638,5.1491537,3.928957,3.6331055
0.65789044,3878.9797,0.0034814565,10.208179,-5.6603045,0.5938993,0.4999532,-1.9992008,4.212669,3.3005314,3.908216
0.65185034,3971.2773,0.07537902,10.250753,-2.5852263,0.8833914,0.4739664,-2.122649,6.221843,4.0916805,3.5049446
0.6510612,4002.81,0.20165442,10.238578,-1.6011999,-0.84037805,-0.23975049,-0.29158294,4.6966085,4.212083,4.665692
0.62948966,4594.7153,0.11667615,10.308149,-2.148353,0.53489184,1.0933849,-1.7194476,5.819446,4.5617013,3.3094366
0.6586553,4050.5417,0.030829329,10.154514,-3.4792888,-0.7931121,0.4930845,-0.08846307,5.50387,5.2742095,4.473833
0.6435187,4393.4214,0.0084476285,10.232857,-4.7738695,0.060029436,0.4751711,-2.4974768,4.561716,4.7907124,3.0701773
0.6461151,4206.0273,0.011220336,10.24398,-4.4900274,0.012313458,0.36322954,-1.949306,4.359019,4.8547363,3.1145456
0.6493131,4171.9316,0.0023552994,10.237357,-6.0510874,-0.6269207,0.726531,-1.5547942,5.719159,4.12363,3.4677777
0.63919795,4678.8145,0.036101222,10.251822,-3.3214285,-0.003139717,-0.32195538,-0.94101006,5.173052,4.3592896,4.745529
0.63774425,4546.5967,0.0112318825,10.2603,-4.488999,-1.520143,0.7544081,-1.2067587,5.1429543,4.4833503,3.451136
0.63855374,4562.009,0.0075777005,10.259577,-4.8825455,-1.440776,0.9027683,-1.1226851,5.217348,4.5418005,3.385044
0.640781,4557.4204,0.003444038,10.242055,-5.6711106,-1.8244457,0.58383113,-0.8152586,5.486146,4.563696,3.672365
0.6482559,4212.6567,0.018391568,10.220626,-3.995863,0.08408267,1.8104751,-0.60555273,5.65722,4.769287,3.2841337
0.64416045,3981.9102,0.0070915213,10.299918,-4.9488554,0.7847051,1.1842517,-1.4318503,5.3935,4.3124905,3.651062
0.6431133,4357.41,0.029318558,10.263518,-3.5295346,1.2916191,0.26337785,-1.204845,5.6489916,4.820368,3.3688023
0.6424199,4509.844,0.8963762,10.207979,-0.10939509,-0.8760632,1.1783916,-1.5814416,4.845203,4.3254447,4.863844
0.6330347,4656.79,0.105658926,10.326763,-2.247539,0.47362548,0.032356508,-1.9264166,5.5207224,3.997415,5.2386174
0.6372042,4549.877,0.5427473,10.254762,-0.6111114,-1.0882621,1.0658869,-0.5923975,6.6083784,5.6259956,3.76295
0.6542015,3942.9438,0.059639964,10.228486,-2.8194294,1.1486117,0.49112222,-1.2448509,4.108816,3.7482827,4.144263
0.64860374,4161.2646,0.38123196,10.190643,-0.96434724,-0.69287145,1.4069322,-0.79008526,6.5986676,4.81275,4.2549057
0.6522179,4143.0503,0.21967036,10.193079,-1.5156273,-0.46746156,0.929621,-0.71423537,5.3191867,4.9023247,4.0478277
0.6533053,4018.0579,0.30944797,10.217118,-1.1729653,-0.6834159,1.1811898,-0.33564672,5.6500716,4.8863096,3.808641
0.64246976,4408.934,0.2816041,10.258872,-1.267253,0.49533445,-0.20719257,-1.2929384,5.3696694,3.9101255,3.6278386
0.6415743,4197.8984,0.9344017,10.306502,-0.067848876,0.8927497,0.05187484,-1.2217946,6.1211934,4.729891,4.450908
0.63140386,4906.8193,0.12583494,10.267656,-2.0727842,0.8242098,1.299671,-0.7654447,4.9106307,5.227357,4.017466
0.6321541,4581.8945,0.22479314,10.351691,-1.4925747,0.30879942,0.12051929,-2.2881937,4.519444,4.037373,4.472829
0.6524973,4004.9895,0.17893133,10.221916,-1.7207532,-0.5395597,1.8947445,0.43018085,5.9943027,5.035163,3.8867261
0.6360779,4592.9424,0.12023853,10.296693,-2.1182778,0.06399067,-1.1264687,-1.9759601,4.9357986,4.0711412,4.303694
0.6430866,4317.957,0.23097107,10.238442,-1.4654628,-0.8630023,2.6255486,-0.1882237,5.7876024,4.883925,3.6438181
0.64148337,4332.8286,0.2286849,10.258677,-1.4754102,-1.223487,2.5893989,-0.18659729,5.662651,4.7676034,3.557596
0.6360995,4607.071,0.3076557,10.258012,-1.178774,-0.626167,1.3856045,-0.8389633,4.6812067,4.690817,4.032994
0.64421093,4384.3066,0.021282759,10.205337,-3.849858,-0.0093856845,1.286905,0.76369315,4.9562645,3.942863,3.7385793
0.6577747,3971.4136,0.692372,10.224788,-0.36763188,0.29275307,-0.64025205,-2.1479132,5.691456,4.5491037,3.469473
0.6556164,3869.768,0.75926614,10.232851,-0.27540296,0.6132008,-0.81634355,-2.4396603,5.6598816,4.5265875,3.432211
0.6561773,4024.687,0.5131128,10.185975,-0.6672596,-0.13352905,-0.9488439,-2.0201797,4.573121,5.0718775,4.106944
0.66026473,3836.8528,0.6504089,10.168767,-0.430154,0.2691311,1.9773959,-0.2470717,5.707004,4.910637,3.3784165
0.66493046,3739.7407,0.1262473,10.143152,-2.0695126,0.4282426,2.3798182,-0.818051,5.2651896,4.8832316,3.3740404
0.6585233,3952.5024,0.08045447,10.181683,-2.5200639,1.0077628,-1.2812935,-0.61676484,5.2884097,4.6584053,4.7538705
0.6543282,3860.561,0.2994522,10.273603,-1.2058005,-0.5518136,-1.5912803,0.4090266,5.717035,5.3804975,4.809525
0.6494688,4420.433,0.06879038,10.162423,-2.6766913,-1.3441855,0.04422987,-1.5876654,5.1701403,4.993024,4.8825808
0.6429831,4419.134,0.3269599,10.21639,-1.1179178,1.6122587,1.9729289,-1.3116835,5.352292,4.181353,3.8101544
0.6427002,4342.169,0.5633263,10.2689,-0.5738962,1.052431,2.0538728,-2.7421725,5.669099,4.8071194,3.1063335
0.6353392,4745.5703,0.03338139,10.274959,-3.3997567,-0.6572235,0.033259094,-0.26264584,4.9755535,5.223783,4.43886
0.6464925,4052.8464,0.09496376,10.228816,-2.35426,0.6457054,1.5160098,-0.23542003,5.9157095,4.501831,4.008432
0.6409063,4488.31,0.44920233,10.232492,-0.8002819,1.5737896,0.76212835,0.02629921,4.1581306,5.417223,3.4543417
0.64504147,4066.2827,0.24749859,10.2606945,-1.3963504,0.31724223,0.91603833,-0.9826555,5.4408407,3.9568887,3.6126475
0.6468841,4152.6807,0.23842126,10.248691,-1.4337162,0.34252965,2.436367,-0.933745,5.4510736,4.5223107,3.5177164
0.64486164,4183.443,0.1925498,10.251928,-1.6474005,1.2387831,2.7131734,-1.2423638,6.179265,4.104273,3.504357
0.64739466,4310.593,0.0071624317,10.232203,-4.9389057,-1.5680844,-0.36700442,-1.1329992,4.4313316,5.141053,4.5217576
0.62905145,4648.419,1.8872164,10.331271,0.635103,1.9834479,2.1160133,-1.1208313,6.309146,3.923683,3.6018374
0.6482009,4186.8857,0.0047047534,10.249625,-5.359182,-1.4788896,-0.9894111,-1.7180418,4.724889,4.3838754,4.465864
0.6503093,4183.46,0.0034004762,10.230805,-5.68384,-1.370148,-0.8222483,-1.4839236,5.00553,4.645136,3.5850208
0.6528893,3952.562,0.0050450913,10.258933,-5.2893395,-1.3324298,-0.8910939,-1.4343271,5.5340524,4.392098,3.5768328
0.6341272,4415.0674,0.029071651,10.338921,-3.5379918,1.4595811,2.5700223,-0.50122446,4.732427,4.6866074,4.405112
0.63447267,4637.471,0.1911803,10.265529,-1.6545383,-0.11120807,1.3948444,-0.61179465,6.9405565,4.5530214,2.9512646
0.66389364,3830.2324,0.13421434,10.164472,-2.0083172,-0.039006222,-0.14291076,-1.1511599,3.9831626,4.425484,5.086511
0.66409004,3714.9875,0.16461499,10.191495,-1.8041459,-0.50817657,0.63359886,-0.5849098,4.6270943,3.5816453,4.8229003
0.6742034,3680.0984,1.5010573,10.115946,0.40616968,-1.1201715,0.2775992,-2.0481088,5.3660316,3.5670567,3.64463
0.67244756,3503.4617,0.02604741,10.121038,-3.647837,0.14451596,2.3716166,-1.4283786,6.047999,4.2678204,3.9708467
0.65739214,4001.7207,0.18851697,10.191,-1.6685672,-1.2628558,-0.07531791,0.24889131,4.542224,4.599286,3.911698
0.6498086,4231.8076,0.42666054,10.16973,-0.8517666,-0.87989956,-0.26016563,1.0820266,3.8821168,5.91747,4.169298
0.65163743,4146.3506,0.44831797,10.169013,-0.80225253,-0.51772636,1.2861526,0.58404046,4.8572907,5.431292,4.2225904
0.6446558,4258.4404,0.090292916,10.250139,-2.4046962,1.5625722,0.9645191,-1.7096769,5.2848897,3.4880905,3.7715044
0.64519477,4479.091,0.29590547,10.186654,-1.2177153,-1.2710208,0.4044194,-0.34482014,5.238328,5.3989105,4.4227633
0.63728327,4340.9434,0.018420361,10.289641,-3.9942987,1.8351291,2.1927655,-0.5478779,5.24547,3.98018,3.5791993
0.63470423,4657.962,0.006694141,10.267032,-5.0065227,1.8382589,1.0449651,-0.31543303,5.3728323,4.4870286,4.051228
0.6370596,4411.6885,0.06452927,10.308815,-2.7406363,-0.9307843,0.3869846,-2.2623324,6.036236,4.287946,4.0522823
0.63920873,4502.457,0.3128091,10.250165,-1.1621622,0.13884652,1.354897,0.52772945,4.8377495,4.887107,3.8920531
0.6389599,4367.635,0.22797413,10.277682,-1.4785231,0.20397581,1.4598898,0.40679282,4.763954,4.685608,3.9294198
0.64528733,4490.795,0.044876724,10.197496,-3.103836,-1.4278587,2.1129017,-1.878493,4.830384,4.118111,4.16465
0.64057314,4455.4263,0.17741245,10.222815,-1.7292781,-0.9724695,2.7140977,-0.848942,4.8172984,4.493148,3.6329336
0.6431653,4332.6685,0.52522135,10.267128,-0.64393544,0.1911169,1.5032966,-0.5581003,4.7789097,4.868718,5.1699505
0.62908447,4854.1123,0.14784774,10.301867,-1.9115723,0.80410045,1.1105382,-1.6730955,5.2315445,3.7929933,3.4244478
0.6630887,3816.478,0.02211088,10.153782,-3.8116856,-1.1355404,0.060287744,0.044673655,5.133401,4.8669224,5.1077633
0.6605692,3795.4624,0.020908948,10.202815,-3.867578,1.3833299,-0.10000405,1.9618138,5.035682,5.0142336,5.054497
0.6562571,4018.7417,0.0061963843,10.1855545,-5.0837893,0.2878213,0.7455686,-0.3852474,4.955658,5.5723267,3.6807022
0.6650995,3774.4175,0.16463208,10.148611,-1.8040421,-0.9117799,1.1850836,-2.0545323,4.837059,4.943701,3.4304166
0.65923494,3881.8372,0.31811434,10.192958,-1.1453444,-0.76035386,1.2228371,-1.9901161,4.7425246,5.1284313,4.323936
0.6421939,4657.596,3.1384299,10.20149,1.1437227,-2.6966443,1.8710761,-1.6513284,4.7620163,4.7589917,4.5969434
0.6401082,4734.137,1.6024488,10.196376,0.471533,-2.1823246,2.4910653,-1.4432595,5.107603,5.2432594,4.641134
0.64363486,4254.6865,0.100878544,10.245096,-2.293838,0.37021044,0.5988009,0.68914473,4.4286056,5.8634114,3.2089624
0.65956414,3784.8242,0.12990713,10.233673,-2.0409355,-0.7078447,0.22345461,-2.3942862,5.5516067,4.1470556,4.0826902
0.64920527,4291.424,0.56723046,10.222187,-0.5669896,-0.2623923,-1.2393126,-0.9053437,5.071831,4.069334,4.7469544
0.6480624,4392.2744,0.2583849,10.214239,-1.3533049,-0.4576674,-1.662841,-0.61268246,5.0877943,3.9494622,4.901842
0.6581354,3722.3484,0.49237338,10.247792,-0.70851797,-0.40523183,0.0858881,-1.0692718,5.587722,3.9026608,4.124024
0.6484713,4432.196,0.26035386,10.204683,-1.3457136,0.8742139,0.7848112,-1.39178,5.7189074,4.218731,4.9903765
0.6539083,3999.836,1.1681888,10.19459,0.15545452,-0.7951418,1.2603171,-0.6517418,5.8844233,4.6348867,4.1755037
0.65494204,4008.3157,0.019185383,10.16696,-3.9536066,1.0721232,1.2693794,-0.16110083,4.940895,4.928328,3.6275198
0.6554754,3829.3438,0.032434314,10.261405,-3.4285383,1.0553265,1.2301756,-0.96514803,4.6549563,5.786193,3.1948192
0.6555455,3959.4512,0.012269625,10.173294,-4.4006286,1.8935298,1.0707601,-1.5666113,5.7556314,5.185254,4.6044307
0.6498718,4347.9307,1.3872257,10.187715,0.32730588,-0.34316036,1.0042939,0.022302976,4.66411,3.7505097,3.5517323
0.63633883,4753.1167,0.015297438,10.250234,-4.18007,0.8008451,0.8350616,-1.2299364,6.040051,5.0068693,4.4875493
0.6332194,4746.1416,0.008913234,10.273746,-4.720218,0.6016621,1.580764,-1.4146107,6.2172027,5.6263094,4.7969427
0.6427313,4371.7993,1.3495126,10.276004,0.2997435,-1.3592162,0.16574933,-0.9850508,4.4908776,3.888914,3.261784
0.64373565,4031.5398,0.4478387,10.295922,-0.8033222,-0.35945114,0.31767747,-1.2571591,5.3301973,4.349063,3.4537582
0.6466567,4125.1704,0.878302,10.254804,-0.12976483,-0.48351535,-0.14144827,-1.5371333,4.9845953,4.3366103,3.6687694
0.6457064,4210.9795,1.1648185,10.24687,0.1525653,-0.07581782,0.67513394,-1.4406742,4.819127,4.2553635,3.3301377
0.64725435,4034.0906,0.22353257,10.260808,-1.4981982,1.6485475,0.9964899,-0.2707698,5.587972,4.183589,3.9291358
0.65580124,3901.7922,0.12098198,10.234749,-2.1121137,-1.1752397,-0.44779032,-1.7791753,4.8932023,4.8809676,4.0368166
0.65385437,3791.7056,0.22013894,10.266333,-1.5134964,-1.4540102,-0.20940217,-2.0345497,5.0664163,4.9740777,3.740886
0.65441227,4182.828,0.12886661,10.188264,-2.0489774,-0.9640355,0.62259877,-2.483078,4.9446564,6.035693,3.8893082
0.6337893,4491.758,0.26852542,10.298075,-1.3148097,0.38447613,0.28344074,0.14146611,6.058225,3.9714625,3.2272308
0.6465765,4468.4707,0.054664627,10.195532,-2.9065385,-0.59646016,1.5134608,-2.0639188,4.720474,5.092264,4.4965134
0.6428025,4290.962,0.05136966,10.258173,-2.9687076,-0.9101821,0.9356167,-1.5931541,5.2479143,4.989804,4.678816
0.6368382,4502.181,0.09349841,10.279294,-2.3698108,-0.8951011,0.6946926,-1.6252155,5.4210176,4.424979,4.9883847
0.6402816,4484.261,0.21355,10.256932,-1.5438843,-0.7490723,1.1923594,-1.715067,5.8643594,4.0577064,5.0153885
0.6413142,4643.6104,0.17445102,10.251033,-1.7461113,-0.10419816,0.511107,-2.5210109,4.548131,4.621419,3.873219
0.63573027,4426.774,0.882397,10.299579,-0.12511323,0.27476314,0.33860844,-1.2482172,5.6547384,4.759651,4.6676946
0.6415831,4364.376,0.1485417,10.245606,-1.9068896,0.9245454,0.8895292,0.118785895,5.33412,4.9556265,4.388988
0.6381879,4755.235,0.13722944,10.212562,-1.986101,-1.7622437,1.9877478,-0.9680009,5.0091267,3.5441246,3.5752816
0.63292944,4888.365,0.053853095,10.225944,-2.9214954,-2.3130407,2.9777648,-1.5382828,6.1210594,6.208738,3.4699225
0.6400753,4201.393,0.50865185,10.322937,-0.67599154,2.3239267,-2.244118,-0.58244944,5.131415,3.7546208,5.173843
0.6345828,4487.8823,0.116110355,10.296538,-2.1532142,1.5224397,-1.7077339,-0.7512365,4.867856,4.056543,4.9373174
0.63184094,4764.991,1.0024761,10.28325,0.002472991,-1.308585,-0.973865,0.061400123,4.5653963,5.1675377,6.2136364
0.6363418,4500.68,0.13117555,10.304035,-2.0312188,0.02915171,-1.0347136,-0.37224597,4.568453,4.480797,6.0174265
0.6369001,4571.133,0.7372819,10.287543,-0.30478498,1.8778591,0.5842218,-2.271088,5.901726,4.471029,3.5456815
0.63617444,4511.0596,0.560375,10.293912,-0.5791491,1.4476758,0.6709808,-1.6525077,6.2297306,4.8633003,3.7975376
0.64414984,4413.987,0.008398796,10.187276,-4.779667,-1.640602,1.0739328,-0.44303766,4.451711,4.2979593,4.258835
0.6434726,4515.931,0.024612445,10.2369795,-3.704503,-1.6030861,2.8745615,-1.6148295,4.53567,4.4893875,3.1947944
0.65133756,4068.2544,1.2767756,10.22206,0.24433789,0.03442894,-1.7579371,-0.35574615,6.0900726,4.630912,5.281239
0.65340865,4145.6665,0.038968235,10.16691,-3.2450085,-0.11079225,3.7255507,0.37435424,5.045989,4.824588,3.5360909
0.64308953,4446.195,0.2257199,10.279878,-1.4884604,-0.3113714,-2.4075344,-1.7762852,5.479693,3.9675355,4.210841
0.6490112,4183.709,0.64246756,10.219621,-0.442439,1.8881524,2.568667,-0.58724195,5.015468,5.1371765,4.52751
0.6646917,3859.0696,0.08388496,10.142943,-2.478309,-1.5298265,-0.3352403,-0.6579894,6.100718,4.022466,3.3253312
0.6475784,4093.3855,0.00549042,10.240654,-5.2047505,1.2137675,1.5368556,-0.60177255,5.7621536,4.8098097,3.868545
0.66053224,3923.6333,0.73630196,10.188635,-0.30611497,-1.3525801,0.7367903,-0.46772966,4.213212,3.7732286,3.922243
0.64868903,4100.6104,0.07085177,10.246086,-2.6471653,0.48869374,-0.24346358,-1.8794972,6.3080273,5.050604,4.003692
0.652635,4121.218,0.06904563,10.187438,-2.6729877,-1.0744903,1.3671563,0.39859283,4.2416687,3.6033113,3.714468
0.6682975,3528.455,0.114983216,10.198145,-2.162969,0.72400886,-0.60066354,-2.6574452,6.2370424,5.175559,4.2051206
0.6651857,3702.2383,0.10634346,10.181179,-2.2410812,0.27179015,-0.9850484,-2.5355532,5.5445695,4.4546075,4.0180335
0.66293204,3744.675,0.47919008,10.196934,-0.73565793,0.0925553,-1.3717035,-2.5995052,5.2459536,4.3624086,4.2766223
0.6638249,3715.0435,0.52771574,10.24481,-0.6391975,0.23117922,-1.5909779,-2.3096323,5.010155,4.4693656,4.2566776
0.65076375,4122.544,0.040237248,10.163788,-3.2129622,-0.8362136,2.375634,1.3086803,5.2749887,4.3428583,4.3080387
0.64380133,4371.856,0.012265846,10.250383,-4.4009366,0.93137676,0.2585899,-2.0877762,5.0819526,4.269086,3.4059973
0.63323665,4693.4053,0.31261685,10.284005,-1.162777,0.5316429,1.4134706,-0.4681803,5.3809743,4.7325563,5.192169
0.6485455,4089.373,0.21635386,10.258713,-1.5308399,0.5560907,-0.0019862885,-0.91784525,5.156359,4.2053123,4.442387
0.6475291,4324.434,0.089235336,10.211963,-2.4164782,-0.67319626,0.89983577,-0.3977152,5.0459576,4.759646,3.2589402
0.6544905,3921.093,1.4743581,10.253867,0.38822275,0.5113137,1.3071036,-1.7833997,6.130722,4.5295,3.5633192
0.658276,3894.7305,0.16730314,10.190706,-1.7879479,0.83542305,1.0974321,-2.6061575,6.3401012,3.933356,2.9496374
0.65444183,4048.0137,0.050356135,10.229327,-2.9886348,0.43806037,0.012882363,-2.703789,5.699232,3.4766684,2.8043585
0.6507165,4300.6772,0.03187207,10.186308,-3.4460251,-0.9193458,1.9802184,-1.74766,5.2882304,3.9843879,3.044157
0.6556697,4065.273,0.009200451,10.19401,-4.688503,-0.4055619,1.2185383,1.4152746,5.7667494,4.028911,4.288722
0.6393675,4511.0776,0.060664922,10.268793,-2.8023896,-0.38045385,2.1045136,0.046834428,4.9197135,4.8494573,5.4719915
0.636846,4425.962,0.24343297,10.2976885,-1.4129137,0.5141549,0.21519838,-1.1645349,5.9901657,3.7233088,3.5380588
0.6427376,4428.0645,0.17922121,10.245754,-1.7191344,-0.28131202,1.2453611,-2.0220969,4.020257,4.8423877,3.4513078
0.64546144,4409.5166,0.012538677,10.221278,-4.3789372,-0.2984685,-0.50472915,-0.5351672,6.722144,4.7722616,5.0874996
0.6454712,4367.117,0.008873541,10.237346,-4.7246814,-0.36604533,0.22240812,-0.31445822,6.336318,4.219375,5.0871873
0.6464058,4159.157,0.013847227,10.226589,-4.2796702,-1.9473239,3.1875274,0.24461731,6.226275,3.9925036,4.1583385
0.6476127,4297.4717,0.11685817,10.201944,-2.1467943,-1.3487958,1.7883365,-0.1645855,7.3257146,3.927444,4.274486
0.6465277,4302.516,0.07890836,10.188767,-2.539468,-1.9152409,2.0766926,-0.58666193,8.028022,3.969908,4.3171897
0.6445185,4434.3867,0.048688777,10.194361,-3.0223067,-1.2566274,0.26719266,-0.19113572,6.527669,5.154621,4.284149
0.6371461,4563.5146,0.8059198,10.243008,-0.21577102,1.1912385,2.1918824,-1.5051101,4.06008,3.8533077,3.580093
0.64590824,3988.4167,0.15841542,10.303803,-1.8425344,1.175636,0.2822516,-0.56434876,5.6501927,4.3241477,3.8570726
0.6462053,4412.48,0.4165378,10.190676,-0.8757781,1.6543176,1.5671637,0.8233337,5.809037,4.238642,3.7692766
0.65442103,3958.2642,0.38772315,10.240994,-0.9474637,1.5894146,0.07232377,-2.7242482,4.635159,4.197138,4.4197493
0.65582925,3840.5044,0.58562744,10.259412,-0.5350715,1.5927228,0.59757066,-2.6869335,4.611391,4.2167773,4.343978
0.64909214,4230.442,0.0051833643,10.215449,-5.262301,-2.2505567,0.27605388,0.64463335,6.074218,4.1047754,3.9069839
0.64136785,4085.3901,1.3030695,10.33024,0.26472265,1.9971898,1.5703945,-2.7526667,4.9612694,4.8072467,3.6061814
0.6370959,4412.3447,0.09982218,10.316411,-2.304365,1.3505834,-0.3075197,-2.4367752,4.8179874,5.154056,3.2143586
0.64033103,4314.2866,0.36748463,10.285975,-1.0010738,-0.7828506,1.1302128,0.48564252,5.6288877,3.7641447,5.2015285
0.6460429,4151.153,0.18558276,10.27566,-1.6842544,3.2224185,-0.77170426,-1.576527,4.411524,4.815686,4.876161
0.6513277,4359.1904,0.39977023,10.15479,-0.91686535,-2.6919997,0.5365991,-0.28499871,6.24524,4.277221,3.9604769
0.65943277,3877.8743,1.3238096,10.22068,0.28051367,-0.32557777,0.77115786,-2.198951,5.209989,5.9454637,3.6788971
0.6483669,4356.3843,0.11256535,10.204287,-2.1842213,0.60025275,0.9274259,-0.57514274,5.7757607,4.867291,3.964278
0.6434076,4049.8872,0.015979366,10.304976,-4.136457,0.80816406,0.099399514,-0.84214634,5.7095566,5.394022,5.170036
0.6492323,4192.1533,0.5470229,10.211394,-0.6032647,-1.1295937,1.4259797,-0.7826876,5.1108007,3.6386523,2.9842367
0.63759995,4345.8105,0.037849184,10.321859,-3.2741458,1.3292786,0.71595085,-1.7387117,5.4368467,5.56623,5.608571
0.6448802,4310.952,1.0407726,10.23727,0.039963298,-1.142874,1.9516139,-1.2021673,4.152624,3.6373928,4.001937
0.6441475,4333.7886,0.0036254625,10.249178,-5.6197734,-1.0068028,0.03945349,-0.82374924,6.933944,4.876599,3.7127814
0.646879,4449.2256,0.0027395177,10.165659,-5.8999734,-0.044000387,1.1030221,-0.48876074,7.4147987,4.130526,3.079996
0.6433892,4025.0933,0.015035403,10.293857,-4.1973476,-0.672027,1.2087702,-0.0040838197,5.5579395,3.760101,3.4640632
0.6426087,4014.862,0.018577164,10.314933,-3.9858222,-0.59464264,1.5383337,0.27392563,5.6017876,3.8071551,3.3615794
0.6510236,4353.338,0.22520804,10.132184,-1.4907306,0.5571723,1.8697375,-1.3230913,4.995062,4.301136,4.548146
0.6537341,4320.9395,0.23126344,10.171277,-1.4641978,0.13983814,1.5164807,-1.2354144,5.4562855,4.3372307,3.9694424
0.64335656,4140.995,0.11415744,10.253892,-2.1701767,1.6470093,1.635553,0.007606857,5.2395544,4.051861,3.3982008
0.6452972,4296.8716,0.07461043,10.231179,-2.595475,1.2607523,1.8591955,0.43972358,4.803337,3.9103382,3.6947253
0.6396493,4504.4404,0.8782332,10.244247,-0.12984313,-0.43078786,1.0560113,-0.7493814,5.3672314,5.239567,4.105973
0.6325385,4762.012,0.36350954,10.276234,-1.0119498,0.75994956,0.4949165,-1.0248182,4.9884653,5.0715933,4.366656
0.6470567,4216.1807,0.136114,10.207015,-1.9942625,0.3195614,1.233832,-1.1870456,5.426358,3.944941,3.9799569
0.6481221,4119.13,0.25189924,10.206555,-1.3787261,0.33911562,1.8336462,-0.7197752,5.2886114,4.9807024,4.779771
0.65120745,3998.6797,0.026202992,10.267486,-3.6418817,-0.62735224,0.19739713,-1.3867517,5.236474,4.7677994,4.094546
0.64911366,4249.226,0.027675116,10.210273,-3.5872216,-0.6863953,-0.6305734,-1.1255058,5.5252457,4.6033397,3.7999535
0.6524682,3975.4148,0.009025269,10.244644,-4.707727,0.30499715,0.2348073,-2.2552717,4.9935446,3.4199064,2.7903988
0.6551075,4123.2515,0.016112214,10.148485,-4.1281776,0.20808385,1.7024525,1.4145466,4.6109905,3.2510498,4.3227534
0.64435697,4293.1743,0.07719063,10.242947,-2.5614772,0.11261776,1.4505807,0.7004874,4.3075747,3.4482913,3.9801795
0.6515285,4022.9429,0.005832211,10.259265,-5.144359,0.9620349,-0.79229903,-1.7318485,5.5461507,4.4850006,4.712862
0.6537036,4152.3037,0.1404416,10.191694,-1.9629636,0.34612712,0.29282844,-1.8147823,5.071374,4.2974825,3.6414306
0.6505761,4088.196,0.3208362,10.253801,-1.1368246,0.35732815,-1.6847434,-2.1030207,5.338651,4.257323,2.9180002
0.64932823,4158.362,0.01677818,10.220655,-4.087676,0.47706193,2.59588,0.4569983,4.9212513,5.103908,5.394441
0.65258145,4051.0386,0.21996565,10.248769,-1.5142839,-1.2768058,-1.3715369,-1.66507,5.807738,3.8376217,3.2524538
0.642592,4401.632,0.27070206,10.283269,-1.3067365,-0.33220607,-0.86419934,-1.6123201,5.0969505,4.266828,4.26857
0.64165515,4498.4937,0.41223294,10.2338505,-0.8861667,-0.760659,-0.6944505,-1.7377615,4.6820874,5.1459303,4.329634
0.645048,4283.7373,0.0348564,10.224509,-3.3565185,-0.14620689,2.6413898,-0.005472759,4.8465743,3.8554585,3.4544554
0.6445706,4448.4434,0.32758105,10.256162,-1.1160197,-1.1100818,-0.3853903,-1.6469674,5.5287657,4.5316334,4.841749
0.64156544,4389.0137,0.014857196,10.266365,-4.209271,-0.12443977,2.2561176,-0.14224821,4.682769,3.6602807,3.9896421
0.65226984,4049.7612,1.4024694,10.26207,0.33823454,-0.008067086,-0.5739137,-1.249434,5.363759,4.7213593,3.6088028
0.6368079,4539.179,0.11295335,10.275145,-2.1807804,1.0647483,2.852485,-0.87907517,5.645275,4.7870097,4.7959013
0.64827245,4308.4834,0.2726794,10.228089,-1.2994586,0.11068802,-0.90699875,-0.75270814,5.067329,4.0991683,3.2037933
0.6491935,4074.3687,0.13536355,10.264866,-1.9997911,-0.3194842,-0.9241244,-1.8649476,5.339465,4.94192,4.5892015
0.6524811,4095.9492,0.020801067,10.199188,-3.872751,0.2177839,0.95902044,-0.6320297,5.482661,3.5640528,3.5554478
0.6407663,4431.2515,0.07562773,10.257042,-2.5819323,0.90917695,-0.2493815,-0.18549536,5.143212,4.5939546,4.0562787
0.6399059,4493.021,0.083113626,10.255621,-2.4875467,0.88686067,-0.21028298,-0.15983714,5.1452665,4.5573063,4.0281286
0.6462935,4050.3276,0.20740503,10.286441,-1.5730817,0.4903034,0.49615657,-0.6051195,4.403177,4.862645,4.8558526
0.64342934,4149.305,0.15087906,10.30148,-1.8912767,0.7488535,-0.33322316,-0.9723147,4.733854,4.9596996,4.903801
0.64254695,4413.085,0.095202126,10.270374,-2.351753,-0.073892586,-0.22847407,-1.7989963,5.149061,4.188244,5.7864456
0.63829094,4469.414,0.022696353,10.282415,-3.785551,-0.090991914,1.0783148,-0.49779788,5.104763,4.2080693,3.9682918
0.6409962,4473.3037,0.05816328,10.239684,-2.844501,0.17125775,1.607167,-1.5759411,5.688303,4.4134984,3.2217767
0.6450585,4301.8203,0.27271563,10.269459,-1.2993257,0.18128276,-0.2295347,-0.6766817,4.165173,4.417998,4.986575
0.63974273,4605.199,0.06271028,10.2322855,-2.76923,-0.9745484,1.7091944,-0.90452915,5.531267,4.6481576,5.023758
0.64066094,4558.831,0.030937959,10.25824,-3.4757714,-1.549929,1.2822329,-0.49764046,6.0674725,4.979053,4.9045763
0.638638,4371.8384,0.2580634,10.312888,-1.35455,2.442003,1.1892722,-2.3643665,4.774672,4.434982,3.9992495
0.64946103,4373.8086,0.10273055,10.166432,-2.2756457,-0.9643997,-0.08689663,-0.5710741,5.3880806,4.3856573,3.226425
0.6430347,4250.047,0.98175895,10.285325,-0.018409442,-0.95955735,0.800685,-1.064928,5.10182,5.543475,4.012857
0.6384072,4685.957,0.17968512,10.208518,-1.7165493,0.9389265,1.0676672,-0.61385787,5.0520945,4.857302,3.562836
0.6353171,4611.487,0.11976325,10.253688,-2.1222384,0.092922494,2.7471526,0.13691607,4.534579,5.1685843,4.7376833
0.6279815,4761.292,0.30134153,10.320825,-1.199511,-0.109346405,0.46123132,-1.1637402,6.4314795,3.298111,4.72525
0.6456185,4416.601,0.1073059,10.204578,-2.2320716,0.47888792,1.0368353,-0.0025231873,4.5273957,5.582629,3.9055655
0.6373249,4374.8613,0.388115,10.281514,-0.94645363,0.2790631,1.5469973,0.7197047,6.033898,4.124282,3.9983401
0.63523465,4663.457,0.015517998,10.297078,-4.165755,0.17101471,0.13486966,-2.8028655,4.6516895,5.353861,3.9993758
0.6435575,4312.3643,1.0999135,10.269553,0.09523149,0.18836449,1.7465999,0.48181412,5.9032717,3.7320106,4.208767
0.6429148,4431.506,0.022093404,10.266546,-3.8124762,-0.37259918,-0.77743614,-2.2369409,4.494567,5.1875534,3.6266382
0.64563906,4202.7524,0.056124117,10.2297535,-2.8801897,-0.1976745,1.6598855,-0.9417749,4.9949427,5.5416822,3.7441173
0.6570505,4043.8032,0.6672302,10.2028675,-0.40462017,-0.37405255,-0.20699231,-0.47664204,5.58243,3.6399274,4.101975
0.6549264,3988.2095,0.32720646,10.195843,-1.1171639,0.21930169,-0.028178515,-0.7332737,5.6024046,3.4329371,3.8623135
0.64250576,4539.672,0.45892704,10.242587,-0.778864,-1.1673704,1.4786825,-0.48784605,5.0232697,4.732272,4.433617
0.640963,4615.702,0.31740737,10.183463,-1.1475693,-1.505963,1.033542,-1.2425432,4.57796,4.7963004,4.191599
0.63570994,4605.893,0.24621855,10.264583,-1.4015357,1.3983246,2.4272208,-0.41998363,4.9302955,4.559689,3.6135628
0.6383718,4640.0176,0.3099302,10.231799,-1.1714082,-1.090224,0.33147776,-0.86586756,4.996434,5.0345364,3.6188016
0.6522007,3944.8237,0.10007854,10.260687,-2.3018,1.2347053,1.0538162,-1.0452372,5.432949,3.6006641,4.3242464
0.6293017,4778.2544,0.48497993,10.291154,-0.7236478,-0.5349933,1.7214469,-1.0837673,4.547097,4.9266076,3.1921494
0.63914275,4370.337,0.09362114,10.285297,-2.368499,2.0410185,0.9501932,-1.1734536,5.5574574,3.893058,4.494314
0.6399813,4308.0444,0.050449997,10.296396,-2.9867725,0.2171642,0.55318046,-0.92715734,5.2969556,4.970345,3.9685159
0.6389057,4327.7324,0.13053823,10.309202,-2.0360892,0.34529305,0.44099224,-1.1942743,5.470151,4.473384,3.6280267
0.6397216,4320.324,0.1671977,10.297803,-1.7885783,-0.10497621,0.8102998,-1.249316,5.462551,4.4389725,4.1878624
0.6446445,4398.87,0.046525277,10.197071,-3.0677595,1.0725623,0.84580356,0.53456086,5.0254164,4.3538013,3.1113794
0.64700186,4106.292,1.1940398,10.265215,0.17734236,-2.052771,1.3113431,-1.2926614,5.3505597,5.1688943,4.3871527
0.6467333,4328.942,1.3813812,10.213612,0.32308385,-1.1312419,1.109581,-0.9419278,5.3752966,5.177928,4.2292995
0.6429205,4312.017,0.2696125,10.239641,-1.3107696,1.5398796,2.2686613,0.4900549,5.185701,5.2929916,4.748843
0.6369629,4525.0557,0.46743056,10.266249,-0.7605045,-0.7105069,0.29537603,-1.6497815,5.2557335,5.7183347,3.0574489
0.64493895,4163.8853,0.05846795,10.264794,-2.8392766,0.1346738,1.5699234,-0.6733514,5.1288548,3.6174884,5.5372806
0.6480862,4202.514,1.4631612,10.250241,0.38059935,0.19247104,-0.8333342,-1.35586,5.3882666,4.217918,3.623976
0.6462691,4138.9883,0.057524197,10.26922,-2.8555496,0.69208306,0.8307985,-3.4398127,4.6390715,3.3822575,3.2859592
0.6458404,4123.274,0.04962741,10.257315,-3.003212,1.6523722,0.80396384,-0.6397943,4.966575,4.236691,3.1291127
0.6456433,4196.7656,0.037750673,10.243435,-3.276752,1.9626979,0.85860133,-0.60806835,5.009083,4.409232,3.1579757
0.6373742,4434.8486,0.3493979,10.308143,-1.051544,-1.4204948,-0.033185184,-1.4673816,6.4057474,4.432877,4.8760433
0.63728714,4640.034,0.2789709,10.267593,-1.2766478,-0.6308586,-0.12187819,-1.8833594,6.0085726,4.691422,4.31763
0.6396889,4409.7314,0.16496232,10.271873,-1.8020382,1.070648,0.38356775,-0.88283575,5.7946367,5.103743,3.8609207
0.6398492,4432.3267,0.1827757,10.274865,-1.6994956,-1.0491331,1.0157092,-1.1263084,4.713804,3.7370434,4.1854925
0.63635206,4539.0264,0.015465299,10.266805,-4.1691566,0.85174847,-0.74582046,-0.36027032,5.7428565,5.713521,4.5378923
0.6369634,4566.771,0.67539984,10.244828,-0.39245042,-0.40381145,2.389897,-2.0266328,4.753658,3.6669607,3.7424688
0.64177716,4528.4883,0.5003172,10.230417,-0.6925129,-1.0572248,1.4595802,-2.0377643,4.916609,3.5742054,3.4922438
0.63850266,4730.038,0.31823626,10.229028,-1.1449612,-0.94611436,-0.17420822,-0.73414767,4.887057,6.573654,5.004189
0.64905643,4063.8054,0.18086025,10.266771,-1.7100307,1.3854367,0.6437751,-1.1174288,4.631725,3.2911453,3.5151873
0.651055,4262.699,0.015442941,10.159008,-4.1706033,-1.7559493,1.1779655,0.025933014,4.928923,5.574818,3.9774916
0.6664685,3630.2441,0.6921194,10.1759615,-0.36799675,1.1552461,0.12450696,-1.9375036,5.1464944,4.43972,3.5735717
0.6585894,3833.9146,0.22848995,10.233313,-1.476263,1.625808,-0.4074629,-1.8628246,5.5081425,4.3666778,3.7626748
0.63881665,4574.1357,0.18271932,10.227606,-1.6998041,-0.68518174,2.2292473,-0.038574398,4.9498315,4.517331,4.336054
0.65222037,4002.405,0.04389572,10.244982,-3.1259384,0.22880183,-0.29669917,-1.333635,5.436287,5.1754565,3.5474796
0.6641915,3791.2805,0.3239317,10.18274,-1.1272227,-0.827788,0.70690566,0.45127344,4.562705,3.8023496,4.954364
0.662622,3926.5679,2.5290208,10.116289,0.9278322,-1.3188168,1.5282714,-0.0023366073,4.58712,5.3460855,3.8074875
0.66778326,3717.4875,0.008652504,10.154915,-4.7499065,0.61330086,1.445919,-0.9731176,5.7777963,3.866708,4.342864
0.6644871,3861.942,0.039458122,10.099844,-3.2325153,0.48797184,1.5319365,-0.21625707,4.951704,3.895205,4.227994
0.6638845,3782.6934,0.1935372,10.1321335,-1.6422855,0.14721668,2.3584847,0.066405706,4.7598057,3.7473328,4.1996584
0.66813904,3661.4043,0.6681878,10.135146,-0.403186,-0.23438829,-0.41269752,-1.7673799,6.4472327,4.469718,4.254926
0.6633744,3829.8257,0.014534304,10.179877,-4.2312436,-0.08248877,1.7019787,-0.3505283,4.3292365,4.868707,4.007591
0.6513296,4097.0327,0.019290991,10.234343,-3.948117,0.883942,1.1211256,-1.4481951,4.8036103,4.1327143,3.7922723
0.64961463,4104.086,0.010905018,10.232371,-4.5185323,0.85681033,0.8980564,-1.4809086,5.069305,4.140212,3.9480357
0.6452187,4431.585,1.5529137,10.221473,0.44013298,-0.7671879,0.8543283,-0.709726,5.4243207,4.8491235,4.157841
0.62616575,4789.2705,0.032897595,10.312943,-3.4143558,1.9368423,0.5653767,-1.3216482,4.596397,4.783834,3.9163187
0.64606196,4343.414,0.88021797,10.220804,-0.12758574,-1.5079722,1.8336663,-0.5482849,5.8305507,4.2725177,4.716646
0.6475331,4561.7363,0.091296256,10.1546545,-2.3936455,-3.8833683,0.99775994,-0.9394348,4.7547874,4.6193285,3.1153035
0.64839256,4196.577,0.032533694,10.235023,-3.425479,-0.42666414,-0.45901343,0.4233043,5.3653593,5.1757565,3.3407462
0.64198375,4344.2227,0.03778513,10.291732,-3.2758396,0.90349615,0.424926,-2.33637,5.395533,3.340879,5.2070627
0.63228,4941.101,0.2771668,10.204739,-1.2831358,0.024675613,1.1920724,0.13644189,5.0893736,6.2011414,3.1444802
0.6461313,4120.242,0.079402,10.296141,-2.5332317,2.2334833,-0.42572358,-1.4315051,5.606516,3.8208606,5.2700167
0.6489774,4394.651,0.30328295,10.166282,-1.1930891,-2.1441429,2.3086395,-0.58296984,4.438213,5.1552844,3.093127
0.6455333,4048.8418,0.18930888,10.284677,-1.6643753,2.0888767,-1.1517181,-0.8736188,6.112226,3.7231646,4.7026377
0.65871596,3985.2427,0.21575812,10.181587,-1.5335974,0.6556536,2.0312133,0.1878587,4.582634,4.0540743,4.6477356
0.66019696,3724.0574,0.19341734,10.200072,-1.642905,-0.9287253,-0.17864649,-1.5579563,5.4270124,4.586447,3.69029
0.64511514,4533.229,0.73464155,10.234702,-0.3083726,-0.4846655,-0.14821239,-1.422003,4.7641997,4.939886,4.61269
0.6417414,4361.7617,0.3963046,10.259287,-0.92557216,-1.2928022,-0.7195368,-1.7039666,5.160974,5.1748695,4.9942937
0.6472248,4102.7563,0.07854903,10.252415,-2.5440323,1.3032569,2.0384657,0.25536257,5.2359543,4.1928067,3.3049357
0.6424212,4249.6914,0.157186,10.273819,-1.8503255,1.9405737,0.76964754,-0.74467117,5.3846054,4.3972387,3.9757826
0.64393705,4317.8037,0.8100404,10.254358,-0.21067113,-1.5554166,0.9168281,-1.3299328,5.29296,4.2441235,3.9165754
0.64310384,4575.867,0.495107,10.200411,-0.7029814,-1.3235011,1.1077671,-1.8063756,5.6708813,4.5514374,3.506541
0.645652,4273.8984,0.14345513,10.229526,-1.941733,-0.7970107,0.3019507,-0.5499761,5.8466015,3.8550494,2.3719504
0.6490659,4325.751,0.11795361,10.203081,-2.1374638,-0.34795073,1.3506368,-0.83493596,5.8413515,4.293119,2.7498207
0.649565,4081.459,0.5733169,10.265545,-0.5563167,0.76212376,1.5359515,-1.5694057,4.1864543,4.7620263,3.539718
0.6496317,4156.5244,0.1755445,10.245995,-1.7398627,-0.8433277,0.40984955,0.5347522,7.6084895,4.714353,4.203387
0.6389152,4506.5127,0.9460277,10.239628,-0.055483423,-1.0677595,2.0543158,-1.9965175,6.1459928,4.640404,3.1446717
0.6439914,4283.326,0.02555213,10.261214,-3.6670346,0.46475723,-0.018937606,-0.15408929,4.498993,3.5513058,4.7260222
0.65748894,3917.19,0.63685066,10.206222,-0.4512201,-0.26302972,1.0092295,-2.0645137,6.1911187,4.9654956,3.194021
0.62909997,4871.6724,0.044816345,10.303364,-3.1051824,0.77681386,1.0771688,-0.5462654,4.923004,4.4603624,5.5759187
0.642068,4645.7793,0.100420445,10.221046,-2.2983894,0.8260184,0.19459681,-2.087947,6.147277,4.5047836,3.1735792
0.6350456,4453.106,0.5507594,10.3408375,-0.5964573,-0.08115548,-0.15536208,-2.3885188,5.60699,4.289685,4.82205
0.6433908,4553.7134,0.097515985,10.243354,-2.327739,-0.4137835,0.38073742,-1.1606658,5.102969,4.0042825,4.66962
0.6396037,4380.7505,0.48153487,10.277796,-0.7307766,-1.0227724,0.8250621,-0.5050822,5.35548,5.0049896,5.393979
0.6420966,4330.2544,0.09998512,10.265989,-2.302734,-0.51402974,1.0579158,-0.02735293,5.7021227,4.702018,5.6898375
0.6396359,4167.0215,2.8806505,10.337948,1.0580162,-1.0521874,0.192461,-1.275812,6.0967627,5.3633924,4.746229
0.6424119,4247.0894,1.7592344,10.311624,0.56487876,-0.96133614,0.92391247,-0.75005406,5.9931026,5.0125136,4.6569204
0.6427189,4594.4775,0.026384236,10.23278,-3.6349885,0.2053536,-0.18939376,-2.0974953,4.5359716,4.026273,4.119287
0.63904184,4248.0747,0.7849612,10.316683,-0.24212092,-0.8062178,0.3914707,-3.2138405,5.7309036,4.879876,3.6974916
0.6462718,4083.6562,0.54279137,10.316274,-0.6110303,-0.09959333,-0.22118774,-3.6869564,6.6428857,4.6371837,3.8147292
0.64040357,4692.376,0.30213973,10.210211,-1.1968657,-0.80569744,1.2392517,0.058123395,4.60003,3.7578092,3.7570457
0.6527926,3963.0305,0.3053483,10.232779,-1.1863022,-0.85114634,0.917788,0.2496864,5.7754455,4.9213734,3.894712
0.63152975,4514.833,0.20617515,10.34145,-1.5790292,1.281461,-0.50209457,-1.9248182,4.637913,4.0996304,4.9442883
0.6365657,4671.671,0.073284954,10.245446,-2.6134,-0.53017193,2.6023934,-0.6860824,5.7174234,5.0183277,3.0197434
0.63779914,4775.0356,0.48485953,10.208993,-0.7238961,-0.34695193,1.0379685,-0.4783161,4.6434836,4.5954585,4.3069515
0.64142597,4554.837,0.26880565,10.224391,-1.3137666,-0.09350735,1.2138451,-1.218513,4.174336,4.324657,4.558715
0.63350976,4572.484,0.19281696,10.314517,-1.646014,0.076596335,-1.2351018,-0.92234313,5.4095154,4.97461,4.1431713
0.6534668,4065.1997,1.7398912,10.234799,0.5538226,0.56636727,2.0184317,-2.0634818,4.4240556,5.1627464,4.5997396
0.6510598,4255.051,0.10360991,10.202637,-2.2671223,-0.49264395,0.67273915,-0.0758418,5.5852475,3.884191,4.456552
0.646462,4170.374,0.092568,10.279749,-2.3798118,-0.6563542,1.8256302,-0.4903697,4.609862,3.8232448,4.3035135
0.64162266,4397.665,0.22380437,10.28848,-1.4969829,0.31719995,-0.920894,-0.90903604,4.9782977,5.2119856,3.9819093
0.6453301,4209.76,0.28555682,10.229632,-1.2533143,0.13894957,1.6478775,0.17912476,5.4742503,3.585862,4.6251664
0.6481913,4216.876,0.029188566,10.243789,-3.5339782,-0.39907175,-0.053106274,-2.1122224,5.0268693,5.705064,3.5604022
0.656667,3977.517,0.9547562,10.200231,-0.046299245,0.29524475,1.8417184,-0.19846117,4.7699704,3.4392135,4.4972773
0.65633124,3890.8801,0.06106455,10.222493,-2.7958238,0.08945034,-0.54601365,-2.2454817,5.507349,5.0624876,3.213952
0.639402,4433.286,0.198689,10.263401,-1.6160145,-0.05166875,1.2036271,0.2702945,4.867608,3.929121,4.8008585
0.63712376,4566.952,0.38013217,10.280722,-0.9672363,-0.2615134,0.98931915,1.29331,4.454858,3.5965006,4.5041986
0.6542598,3907.741,0.09780788,10.2486925,-2.3247502,-0.13769248,0.3258616,-3.149674,5.8804197,5.4293213,3.4362774
0.64843094,4164.376,0.12383028,10.257555,-2.0888433,-0.4349374,-0.25213766,-2.1557376,6.14174,5.06007,4.0245447
0.6599236,3872.909,0.22771555,10.162006,-1.479658,0.26224467,1.7025602,0.45104787,4.388628,4.0952635,3.5818703
0.6493385,4145.6143,2.0771008,10.232402,0.73097306,0.5173735,1.4097358,0.86639214,5.245231,4.962572,5.104882
0.65359783,4128.6816,0.008577293,10.199258,-4.758637,-1.4199567,0.49716103,-2.3058226,5.1337395,3.8630416,3.1102912
0.6523594,4151.4014,0.010189649,10.208127,-4.586383,-1.8638519,0.727667,-1.875125,4.7828903,3.5978236,3.0471954
0.64814895,4242.5166,0.03215056,10.216844,-3.4373255,-1.4057866,0.9075365,-0.60799354,5.5537996,3.7860062,3.4418273
0.67791224,3433.5437,0.028061002,10.111606,-3.5733745,1.726238,1.3763435,-0.96411765,5.792515,4.080876,5.265486
0.6704986,3516.978,0.28581834,10.159281,-1.2523988,-0.46031693,-0.3989283,-0.97907037,5.367154,5.454231,3.9678571
0.65680045,4056.1782,0.7431118,10.174805,-0.2969088,-1.1456925,1.3098658,-0.12289599,4.677964,4.2037535,4.180946
0.65217936,4061.52,0.042612743,10.228994,-3.155602,-0.5018159,0.47672114,-0.28966376,5.6861553,4.624099,4.1908197
0.65336883,4175.054,0.0071703154,10.166391,-4.9378057,0.012173165,1.159017,-0.5422332,5.9315133,4.804386,3.9564028
0.6427012,4484.0586,2.1831107,10.261668,0.7807508,-0.2442475,0.9109912,-0.2575725,4.622745,4.081957,4.319693
0.64583546,4170.9585,0.09858858,10.2511635,-2.3167999,-0.06821575,1.225065,-0.9620333,4.315297,4.9582005,3.7813406
0.64710414,4089.3997,0.5635698,10.279095,-0.57346416,-0.31747073,0.4216995,-1.2329522,5.5397453,3.3816056,3.7701726
0.6536306,4211.499,0.17698738,10.166038,-1.7316768,-0.6367555,2.1618497,-0.8943519,4.6299534,3.9681106,3.5091524
0.65068084,4041.4792,0.17496012,10.240602,-1.7431972,-0.35496923,1.7923445,-0.48724264,4.91611,4.6521416,3.6681275
0.64770097,4435.3096,0.29390618,10.15486,-1.2244947,-1.0286782,2.1732938,-0.21538451,4.6886783,4.9980283,4.617792
0.6477114,4064.3418,0.053160906,10.27898,-2.934432,0.82766896,2.566561,-0.16143893,4.498121,5.407255,4.84926
0.65608203,3888.3704,0.017577471,10.216983,-4.041137,-0.80460197,-0.6487329,-1.9037672,6.2668514,3.8785448,3.4666612
0.6505058,4166.319,2.7173257,10.230215,0.99964815,1.6887127,2.1333508,-1.1077647,5.4153185,4.26596,3.2222457
0.62567115,4848.8223,0.008654889,10.3294,-4.749631,-1.0754796,-1.1975845,-1.1417533,5.2138524,4.741511,5.2232656
0.6577227,3769.4316,0.3783038,10.195342,-0.9720577,1.9920955,2.6529577,-0.49622935,5.2369227,4.234638,3.1409519
0.6584522,4025.3938,0.32010368,10.151295,-1.1391103,1.0087936,1.5252355,-0.82422996,4.779769,4.3133936,3.1573548
0.6627738,3772.1753,0.22263567,10.201844,-1.5022186,2.009279,0.28207928,-0.7810547,6.202303,4.0216136,4.151207
0.66154706,3891.063,0.44135612,10.167069,-0.81790316,1.8779728,0.28785202,-0.73106664,6.0849104,4.231205,4.073194
0.6584116,3876.2632,0.8526115,10.213707,-0.1594513,0.6848974,0.52234733,-1.5321707,5.118932,4.067527,3.3052714
0.6433031,4263.0684,0.12780052,10.268245,-2.0572846,-1.1456943,0.58070207,-1.2401155,5.109072,4.396298,4.31142
0.6505532,4301.538,0.11081142,10.217133,-2.1999254,-0.22280157,0.6875221,-2.6557295,5.2348504,4.140963,4.6388006
0.64155716,4486.0156,0.26696622,10.2305975,-1.3206332,-1.8117325,0.7810731,0.16765355,5.4458857,4.2986517,3.4464867
0.6647035,3642.9023,0.04029337,10.196807,-3.2115684,1.064019,0.75952166,-1.908714,4.7154055,4.3834977,4.2939367
0.6530862,4146.1475,0.7208179,10.181617,-0.32736865,-1.3721515,1.1417986,0.4553394,5.659112,4.452279,3.510008
0.65232646,3962.3918,0.108139105,10.230343,-2.2243369,2.1069214,1.9469748,-0.14142385,5.9129863,3.5002978,3.9740772
0.65003484,4160.8735,0.13600723,10.227595,-1.9950472,0.73779774,0.9578963,-1.8664356,5.55566,4.1494265,3.550552
0.6520755,3868.7488,0.0435606,10.251445,-3.1336021,0.64141834,0.39492685,-1.6083843,5.398411,4.2017093,3.41561
0.65778387,4005.7837,0.022590183,10.159312,-3.7902398,0.22512324,1.2610286,-1.2422118,4.571604,4.281102,3.284383
0.6587462,3877.3,0.049117938,10.182591,-3.013531,-0.88976294,0.5488334,-1.6765449,4.6516757,4.362453,3.5640202
0.6321905,4659.399,0.4199978,10.264258,-0.8675058,-0.95757604,1.6272167,-0.5316612,6.1913013,4.756135,4.6625237
0.6508492,4242.3467,0.39383897,10.210554,-0.9318132,2.176003,0.26070058,-2.3903625,4.7248535,4.083798,3.2554836
0.65615046,3745.4746,0.20259123,10.268777,-1.596565,0.6447448,0.93323016,-0.969081,4.797901,3.9318886,4.8361077
0.64913034,4223.5547,0.21862383,10.209199,-1.5204027,-0.15297616,0.097046494,-0.6208649,5.1692715,5.25206,3.5767856
0.6523176,4004.1099,0.8911778,10.252464,-0.11521135,0.75586545,1.0667487,-0.33689106,3.7913022,4.6966496,3.4625773
0.63283396,4522.1187,0.03757972,10.321918,-3.2812908,-0.7554149,0.10054261,-1.1512498,7.2087517,4.058373,4.2975326
0.63591945,4708.1343,1.1133554,10.235329,0.107378334,0.51818126,1.9701453,-1.0653799,3.8977356,5.1611023,3.4961777
0.64161086,4402.157,0.1821944,10.259924,-1.7026811,-1.6046379,1.8355346,-0.4616544,5.4198737,3.9905908,3.9286563
0.6473829,3945.845,0.24953727,10.305804,-1.388147,1.5361224,-0.38314086,-1.536845,4.590396,4.365974,4.399714
0.63367784,4874.024,0.021979485,10.231035,-3.8176458,-0.4713263,2.5007818,0.19602679,5.8940496,4.081535,3.814425
0.64005446,4198.9365,0.08419816,10.313871,-2.4745822,1.1819845,-0.10715618,-1.6951948,4.668921,4.278083,4.7524376
0.6580743,4105.507,0.89347935,10.175488,-0.11263207,-1.1281201,-1.1679935,-0.77419084,5.0068083,3.7089968,3.7862453
0.6541825,3865.151,0.48994857,10.26314,-0.71345484,0.84958273,-0.16386728,-1.1797302,5.190337,5.1349535,4.6891475
0.65461916,4107.752,0.51542485,10.188487,-0.6627637,-0.76625407,0.096621305,-1.2439222,4.764388,4.6889086,3.8352015
0.65458053,4066.6724,0.23086818,10.205348,-1.4659084,-0.79401654,-0.16142017,-0.76515687,6.2744784,4.5090933,3.8694465
0.6350546,4522.5503,0.21620663,10.266407,-1.5315207,0.7056095,0.81246287,-1.040888,5.5857954,5.250778,5.012123
0.64759094,4380.906,0.33279398,10.197506,-1.1002316,-0.11575584,-0.043003824,-1.2096199,4.999086,3.7120025,3.2158744
0.6380174,4455.0605,0.16546997,10.285637,-1.7989656,1.5866766,0.9726368,-1.3992138,5.2647033,5.178278,4.374803
0.6402962,4160.3564,0.04427612,10.324468,-3.1173098,0.1677915,0.45707566,-1.9121071,6.354517,4.3415904,3.4363108
0.63844335,4494.5166,0.08590866,10.279047,-2.4544706,-0.602704,1.6992683,-0.08617036,4.3208036,4.2074294,4.360907
0.6382567,4566.697,0.0054792496,10.256074,-5.206787,1.8414501,0.60211945,0.14624423,5.6031632,4.276535,5.007673
0.64189863,4308.1255,1.6717911,10.316352,0.5138955,-0.26984924,-0.5434159,-2.6460712,4.6431236,4.8880215,3.4788651
0.64736265,4341.856,0.5229916,10.207362,-0.6481899,0.9511258,0.5134141,-0.16132385,4.3415437,4.749692,3.8901534
0.6466112,4011.3696,0.023485024,10.283365,-3.7513924,1.5381234,1.3466152,-0.27630877,4.900202,4.8428535,3.904201
0.6463108,4228.634,0.03264191,10.231403,-3.4221582,0.33038077,-0.044748757,-0.2014972,4.5295773,4.698522,3.7564557
0.66075945,3858.7527,1.2278875,10.206546,0.2052952,0.9260387,-0.15897897,-1.8835145,5.3307886,5.3508186,3.17779
0.6564637,3841.8325,0.05449164,10.195144,-2.909708,-0.25055224,1.1204654,0.014817378,6.4972005,4.441452,3.890246
0.65130436,4145.0522,0.39637062,10.243111,-0.9254056,0.653664,0.36702532,-2.1168334,5.7147846,3.782824,4.712533
0.65945303,4011.8125,0.37792534,10.160927,-0.97305864,-1.0737245,0.7072315,-0.87123024,6.094883,4.4932504,3.0311394
0.6604599,3960.0476,0.61877024,10.165764,-0.48002124,0.17855217,0.53066295,-0.50349396,5.667858,4.0265837,3.6578703
0.6475447,4137.794,0.2872406,10.245149,-1.2474351,0.25597712,2.303208,-0.04398192,4.8140407,4.2521625,3.6244738
0.6414473,4274.8896,0.093622774,10.30653,-2.3684816,-0.22477306,0.14654332,-2.516923,5.402167,4.9064717,4.7765417
0.6484428,4168.1553,1.5653713,10.256446,0.44812304,0.7704984,-0.80851007,-1.2035322,5.704174,4.822582,4.0357423
0.63880473,4466.3374,0.15245728,10.285883,-1.8808708,-0.09257741,1.6381276,-1.5308402,4.5040836,3.4352746,4.9163694
0.62888795,4829.3003,0.024158321,10.312741,-3.7231264,0.37952787,-0.33032694,-1.2952394,6.0186334,3.368472,4.861477
0.6369546,4528.181,0.017326798,10.261397,-4.055501,-0.31574047,1.5961301,-0.09569542,6.090239,3.7798665,3.7292213
0.65600777,3892.1016,1.0627339,10.226155,0.060844727,1.0940176,0.21070893,-1.7405738,4.5792975,4.9796124,3.8654876
0.6543028,4068.241,0.18355137,10.239891,-1.6952608,0.74095416,0.6609222,-1.8477738,5.2719727,4.765727,3.9972892
0.6486403,4330.23,0.008592758,10.202139,-4.7568355,-1.7821034,-0.8790907,-1.4048954,4.604108,4.9114327,4.651115
0.6556352,4051.0435,0.014321284,10.192472,-4.2460084,-1.5649445,-0.054702763,-1.1397386,5.7463937,4.218725,3.2382069
0.65248656,4144.366,0.16703135,10.195348,-1.7895738,0.42696312,1.1574714,0.055871706,5.1860456,4.9715996,3.9802601
0.63936603,4644.27,0.10232821,10.211358,-2.2795699,0.2520061,0.9048782,-1.6753329,5.0517387,4.6041465,3.1364174
0.6427281,4441.3633,0.04219211,10.241147,-3.165522,0.7538132,0.31184077,-0.71917033,5.1106753,5.1518373,3.4603422
0.63906944,4624.473,0.806512,10.25265,-0.21503651,-0.034002535,1.3918536,-1.6672713,5.2829027,3.7443285,4.8563023
0.6359469,4353.6777,0.081971824,10.308864,-2.5013797,0.4920129,1.1979533,-0.3977905,5.3382792,3.382258,3.552226
0.642414,4500.3223,0.0014545147,10.232358,-6.533083,-0.9037958,0.36885566,-2.1664073,5.1543584,4.9261103,3.6868863
0.64149225,4562.636,0.003308082,10.231141,-5.7113867,-0.5090295,1.1541115,-2.7760835,4.5007977,5.3532734,3.6203063
0.6406431,4646.0923,0.0015788306,10.240622,-6.451071,-1.1459876,0.84042776,-2.9536233,4.68714,5.4153233,3.505787
0.6435981,4525.223,0.046073634,10.212315,-3.0775144,-1.2111386,0.76875657,-1.5718971,4.8522964,5.8648124,3.2120886
0.63907003,4611.594,0.0081089,10.20763,-4.814793,-1.0780772,0.58197856,-1.0690753,4.7128024,6.312098,3.1031365
0.65349627,3953.4746,1.0991632,10.233067,0.0945491,-0.8340418,1.5161488,-0.9604172,5.871327,2.950832,5.178784
0.6642935,4013.561,1.2706909,10.115408,0.2395608,-1.3365347,2.5903358,-3.0658886,4.8378916,4.5622425,3.4007623
0.6543717,4112.38,0.040784065,10.200364,-3.1994638,0.07614445,-1.7876933,0.93050116,6.0743494,4.843141,5.1828394
0.65120876,3938.3638,0.038567536,10.255852,-3.2553444,0.051156815,2.479604,-2.397894,5.2166758,3.3104742,4.4936786
0.6578858,3932.7285,0.05010845,10.209077,-2.9935656,0.40473536,1.2139548,-2.3687143,5.1794906,3.6716712,3.603132
0.65200895,4217.923,0.8524981,10.185283,-0.1595843,-0.28963473,-0.26248193,0.40084738,5.202931,5.57792,4.3544044
0.6480632,4257.7314,0.5696398,10.198683,-0.562751,-0.7890086,0.32251692,0.5736175,5.564131,5.7225113,4.2776394
0.6287815,4815.346,0.047630977,10.325248,-3.044272,-0.23980089,1.2242721,-2.0472703,4.3871727,4.7696056,3.652423
0.6328101,4716.4536,0.20311931,10.286069,-1.5939617,-0.4454193,1.0155964,-2.6563585,5.2740965,5.3225,3.7236679
0.63283634,4766.052,0.13450126,10.279842,-2.0061817,-0.43160364,0.60794467,-2.2796292,5.047917,5.7256646,3.8673618
0.63622224,4784.945,0.9798417,10.220058,-0.020364268,-0.048160948,0.83080786,-0.8755758,5.75612,6.1755276,3.8957639
0.63735545,4517.8433,0.24843355,10.274427,-1.3925799,0.043907363,2.3263836,0.09617602,4.0890245,4.615261,3.9372084
0.6411209,4517.4727,0.43857223,10.248623,-0.8242308,0.53963345,1.5204259,-0.08095322,5.1095223,3.9379618,4.7090006
0.64349294,4264.9204,0.2662719,10.276859,-1.3232373,0.45312703,1.6466712,1.2710065,4.7389884,3.8761585,4.556413
0.6306323,4590.714,0.14808147,10.33949,-1.9099927,0.012377683,-0.804883,-3.2747736,5.681065,5.344484,3.9499366
0.6344073,4698.38,0.05943071,10.283871,-2.8229442,0.6423083,0.12686409,-1.8626839,4.815495,5.3470826,4.3306694
0.6385703,4428.403,0.370465,10.275204,-0.9929963,1.267933,2.0756443,0.19446506,5.120693,4.3044744,3.5724943
0.6374891,4536.5713,0.18032825,10.308394,-1.7129765,-0.0719245,-0.8100213,-1.7406262,5.346915,4.7977104,5.3399506
0.6346561,4660.0605,0.039394364,10.254691,-3.2341325,0.7509195,2.7093964,0.03723943,5.0541053,4.31663,2.9316955
0.63229406,4787.354,0.0447889,10.250564,-3.105795,1.2388513,4.113984,-0.16602759,5.425745,3.5153136,3.3746438
0.631588,4421.0747,0.55158997,10.360651,-0.5949503,0.6420506,-0.49483716,-1.9111332,4.8017225,5.003871,4.7257953
0.6387756,4712.327,0.15079266,10.215509,-1.8918495,-0.38938752,-0.81193805,-0.3288476,4.691578,4.6074147,4.8040547
0.63891447,4618.7964,0.040054843,10.265702,-3.2175057,1.8429337,0.99964887,-2.2114048,6.0129395,4.4748793,4.2443547
0.6414827,4210.332,0.6262721,10.299248,-0.46797037,-0.86254257,-1.2463396,0.0002335051,5.18415,4.4337044,5.3301806
0.6482439,4065.2395,0.08752468,10.238221,-2.4358344,-0.26517043,2.5369291,-1.5913317,5.1989846,4.682396,2.9393747
0.6587955,3799.2534,0.4429506,10.235848,-0.814297,-0.7188925,-0.05324169,-0.3040675,4.7699814,3.6445596,5.2033434
0.6490095,3930.278,0.13002503,10.277262,-2.0400283,0.07472994,1.3330741,-0.96412694,5.5753326,4.999261,3.0175128
0.63275975,4589.491,0.2893972,10.314742,-1.2399551,-0.7425916,0.52509,-0.9710703,4.9637165,4.0626473,5.145733
0.6365832,4722.8965,0.18453464,10.258525,-1.689918,-0.7746621,1.305667,-2.4335184,5.164292,4.3361173,4.9604654
0.6360205,4586.5576,0.028064167,10.264299,-3.5732617,-0.20816001,1.0075612,-0.51118356,4.899225,3.1468494,4.2975025
0.64272565,4342.363,0.047946103,10.267382,-3.0376778,1.3234878,1.9209396,-1.4096329,5.052048,5.272432,3.2960858
0.66313124,3851.1528,0.25268275,10.165763,-1.3756206,0.7597732,0.63924295,-0.70426315,5.718498,3.1085658,4.6339107
0.66358805,3762.5566,2.1231325,10.161926,0.7528926,-0.92973864,3.0201693,-0.85778576,5.290512,4.2163806,3.6080673
0.6610788,3862.8777,0.23360662,10.156821,-1.4541167,-0.823208,1.6821408,-0.899359,5.1678467,4.6336727,3.581819
0.638057,4381.6875,0.14682472,10.30978,-1.9185158,0.7588139,-0.116138406,-1.4377005,5.8551035,4.4179635,4.337489
0.6334064,4354.3584,0.06803142,10.343646,-2.6877856,1.4068407,-0.24661762,-0.8823382,6.179939,4.6807437,4.256393
0.65972507,3867.8276,0.674001,10.191606,-0.39452368,-1.6318502,1.6636245,-0.87903893,4.358573,4.160157,3.5511746
0.6475131,3969.5032,0.2196116,10.305794,-1.5158948,1.5222205,-0.048682135,-1.0770471,5.817701,4.6365724,4.3465257
0.64747864,4154.3677,0.36593235,10.27307,-1.0053068,1.9025555,1.0104431,-1.7001969,5.2858925,4.329606,5.578184
0.6478483,4230.2334,0.24200964,10.226848,-1.4187777,1.530072,0.30810434,-1.5202225,5.2796407,4.11271,4.6818385
0.6471248,4317.1,0.23800658,10.2286005,-1.435457,1.494012,0.331386,-0.54026777,5.8234043,4.680116,4.008393
0.63733906,4812.9614,0.0636672,10.205622,-2.7540858,-0.77440697,1.5710914,-2.1376963,5.1370964,4.365655,4.475541
0.6418057,4335.69,0.057316013,10.261652,-2.8591752,-0.68880355,1.5337046,-2.6439147,5.1695647,4.1980524,4.113097
0.6461325,4355.036,0.13546023,10.23668,-1.9990772,-1.3981584,1.8888941,-3.1646104,5.3108144,4.160693,4.652619
0.6415306,4592.284,0.044209033,10.231597,-3.1188262,-0.4816893,1.7394445,-2.8427975,5.108082,4.016079,4.6292105
0.64288425,4602.4697,0.03345786,10.205206,-3.3974686,-0.19893447,1.8108647,-2.5091639,5.0059886,3.875008,4.311785
0.64283895,4484.939,0.016570259,10.235393,-4.100146,-0.632563,2.1605906,-3.4282272,4.4366517,3.8172748,4.65751
0.64609456,4326.861,0.09389582,10.234053,-2.3655694,-1.843175,0.8730133,-0.15340005,4.965085,4.830115,4.8523893
0.6473074,4391.447,0.26496413,10.210873,-1.3281608,0.42896372,1.5427814,-1.397306,5.944959,4.2971582,3.774541
0.6472314,4140.5557,0.3774898,10.240107,-0.97421175,0.9905121,1.9991415,-2.0216956,6.287631,4.3520093,3.2599218
0.66093946,4001.7148,0.30876765,10.162598,-1.1751662,0.27009574,0.15624604,-1.2730958,4.878405,4.824108,4.5116024
0.6303344,4872.3022,0.00044717538,10.299037,-7.7125597,0.31928092,1.548342,-1.2285035,4.734753,3.9164963,4.2650347
0.6402969,4229.514,0.06806073,10.311402,-2.6873548,2.2389812,0.9240131,-1.5073918,4.997822,4.0800834,4.191692
0.6423163,4178.005,0.09619501,10.307922,-2.3413777,2.2347198,0.40499032,-1.1255741,5.3522243,4.3109255,4.116015
0.64474225,4490.409,0.5200569,10.212584,-0.65381706,-2.2076488,0.84647125,-0.5590712,5.036778,4.523859,3.7868757
0.63240683,4322.9717,0.17274334,10.345221,-1.7559484,1.8964112,0.23643136,-1.5001826,5.475305,4.441724,3.70196
0.66064906,3864.4673,0.08307291,10.158801,-2.4880366,-1.0668215,1.0534513,0.19685718,4.999752,4.376839,3.9345355
0.65277815,4118.391,0.37317586,10.2248,-0.98570555,-0.36188787,0.8903805,-2.5078654,4.8838053,5.2333236,4.391567
0.65368783,4027.316,0.1849676,10.228934,-1.6875746,-0.39629018,0.12085519,-0.9133683,5.905116,4.0463033,3.7470126
0.65899277,4073.5203,0.64905953,10.154735,-0.43223086,-0.3269077,0.7687484,-0.8473253,4.734624,3.9343958,5.20687
0.6460892,4405.1045,0.10029431,10.207321,-2.2996464,0.2719583,-0.18671896,-1.2903239,6.4739537,4.7588096,3.211662
0.6456941,4365.796,0.109082736,10.207264,-2.2156487,-0.19489977,-0.17398287,-0.84365106,6.378622,4.736146,3.2177165
0.6386495,4578.902,0.031558033,10.270131,-3.4559271,-1.6305722,1.5704752,-1.567381,4.20406,4.6870584,4.6373253
0.6335378,4981.788,0.0027085273,10.22694,-5.9113503,-0.9285398,2.0651474,-1.4327701,4.473556,3.7206533,3.0810251
0.65229404,4011.3542,1.7973819,10.265961,0.58633107,1.2787119,-0.3719031,-0.89549035,6.208415,5.606415,5.6895165
0.6453475,4318.843,0.022068482,10.21164,-3.8136048,-0.74127233,2.500397,-0.8924126,4.3023987,3.5736814,2.780254
0.6378785,4551.8037,0.05319847,10.260941,-2.9337256,-0.11597281,0.6639791,0.5570521,5.316753,4.614492,3.935652
0.63074106,4627.0737,0.7476803,10.323635,-0.2907798,1.2165463,0.90024,-1.5341693,5.2419176,4.4092474,3.6258554
0.62880015,4637.939,1.2975891,10.328895,0.26050794,1.1345233,0.95863956,-1.2627171,5.0809526,4.4482327,3.6475523
0.63144577,4763.6255,0.05611126,10.27863,-2.8804188,0.96127766,1.3613324,-1.3874013,5.77487,4.5248213,3.2893913
0.632434,4775.31,0.029172001,10.276063,-3.534546,1.7230515,1.1046586,-2.33443,5.4717293,4.5908885,3.0561364
0.6451108,4122.4126,1.1765852,10.291363,0.16261633,-0.24737386,0.28690475,0.47075546,5.2489896,4.4326873,5.2850246
0.6484247,4280.384,0.18254954,10.207896,-1.7007337,0.5293368,1.996055,1.311279,4.4805427,4.07955,5.085683
0.64609253,4188.036,0.20240214,10.247202,-1.5974988,1.2863253,-0.5411061,0.74526376,4.7499056,4.471667,4.6955085
0.6375258,4624.6943,0.16573323,10.268775,-1.7973758,-0.53477037,1.7737305,-2.340346,6.0355883,4.3428807,3.2354221
0.63269883,4537.6543,0.011357931,10.308826,-4.477839,0.78752846,0.3937572,-0.66760087,4.347252,4.471556,4.5716763
0.6582955,4024.5825,0.5128496,10.174359,-0.6677726,-0.6235779,2.2585626,-1.6573414,6.6389203,3.0444899,3.733487
0.6540842,4022.9888,0.45055887,10.2179785,-0.79726654,-1.0897698,1.7321632,-2.1931186,6.549203,3.5795214,4.103329
0.65899736,3863.8665,0.8969389,10.202501,-0.10876752,0.9793352,0.8324502,-0.25776064,4.9717903,4.656153,3.9588826
0.63589174,4572.8843,0.03476156,10.278848,-3.3592432,-0.8731748,-0.07374821,-1.4340544,5.4347234,4.758945,4.3142433
0.6334729,4599.8506,0.13472885,10.3030615,-2.004491,-0.22453631,0.5800024,-1.4779707,5.1389947,4.4644814,4.047508
0.6326112,4654.038,0.075937666,10.3032875,-2.5778425,0.3361042,-0.07581845,-1.257835,5.497904,4.6109023,4.1341014
0.6431673,4390.3667,0.07808044,10.231024,-2.5500157,-0.282274,1.3310858,-0.21924292,5.076604,4.7268167,3.442556
0.6383318,4492.553,0.41565457,10.283652,-0.8779007,0.69095236,0.3983786,-2.0333855,5.160026,4.133762,4.7914934
0.6381284,4423.1973,0.14107071,10.292717,-1.9584941,0.46023023,0.9652323,-1.2469181,4.3608418,5.10205,4.2348423
0.63953996,4415.7627,0.35039085,10.297344,-1.048706,0.7496838,-0.25299594,-0.96016556,6.668293,4.8987637,4.347123
0.63494444,4386.8564,0.4072908,10.333615,-0.8982279,0.5579963,-0.5541018,-0.6129328,6.882228,4.7799892,4.4694767
0.6504904,4301.9385,0.034075387,10.177103,-3.37918,-0.68929106,0.34557983,-0.1854358,5.2792006,5.0207453,3.463059
0.6606115,3949.9604,1.4259485,10.196244,0.3548372,1.4326854,0.8449344,-1.9549412,5.1524305,3.7328022,4.216851
0.66277325,3745.532,0.66593957,10.194821,-0.4065564,1.3437933,1.6476519,-1.2254219,4.9166546,4.8084784,4.483394
0.6567555,3892.841,0.71441627,10.206971,-0.33628944,0.65580523,1.4647045,-1.6261913,5.0662656,5.3864765,4.785028
0.6470619,4384.535,0.16861661,10.186999,-1.7801278,-0.71875453,0.41491166,0.6434466,4.683505,4.147082,4.129408
0.65196455,4329.4873,0.40786597,10.180014,-0.8968167,0.32304013,1.2772976,-2.5754437,5.3604417,4.3872523,3.8071074
0.6490611,4135.6523,0.22428617,10.240226,-1.4948325,-0.13258904,0.98567724,-1.813869,5.5555906,3.9342675,3.7800033
0.6317709,4905.372,0.0996653,10.248427,-2.3059378,0.94295835,1.4963912,-0.025031183,4.998614,4.7275724,3.9784021
0.6475251,4044.899,0.39914408,10.28507,-0.91843283,0.344594,1.0593934,-1.9428144,5.2564645,4.1868525,4.558689
0.6412588,4442.749,0.38966894,10.237663,-0.9424578,0.840986,-0.06315143,0.34486857,6.6484194,4.3133597,3.706553
0.6457233,4342.1475,0.2146291,10.236755,-1.5388439,0.28325674,-0.4141327,0.803069,6.5567875,4.2526793,4.0939627
0.645687,4247.76,0.035071604,10.1925535,-3.3503635,-0.80371404,2.1244178,-0.41052935,4.051012,5.307996,4.2277274
0.6536527,4306.9854,0.07804447,10.167939,-2.5504766,-0.8219706,1.2831613,-0.39486897,4.3678985,4.3670774,4.241862
0.6542151,4111.634,0.009975439,10.22118,-4.6076293,-1.3593934,2.5480053,-1.6039377,5.0027833,5.2313385,4.3619976
0.6439347,4129.6323,0.67617065,10.271221,-0.39130983,0.50965655,-0.09822739,0.23143908,5.4848166,3.8782318,3.932199
0.6337297,4677.679,0.043407775,10.270436,-3.1371167,-0.17296162,1.1611941,-3.281428,4.5363064,4.132761,4.2658243
0.64032304,4308.9814,0.8424735,10.312059,-0.17141303,1.3721412,-1.0206218,-0.41508946,5.202162,4.8957925,3.6054952
0.6404946,4678.1387,0.08483661,10.242827,-2.4670281,-1.1195115,1.9674847,-1.6272392,5.227869,5.1890078,3.5903206
0.63582754,4369.8926,0.42886746,10.285278,-0.8466074,-0.49141088,1.2696596,-1.1873844,5.508005,4.4338517,3.7092884
0.64619917,4528.249,0.06677356,10.209241,-2.706448,0.33577183,1.5458473,-0.98188925,5.7612324,4.0645237,4.1108317
0.6418545,4429.554,0.009720945,10.240517,-4.6334724,0.5001942,1.098032,-0.5806736,5.7018332,3.7552013,4.3082085
0.6438542,4261.5146,0.009952534,10.257297,-4.609928,0.923356,1.4105494,-0.0208221,6.0700026,3.8191123,4.8102016
0.6458767,4423.087,1.833763,10.198001,0.60637015,-0.7488828,0.7587818,-1.5143565,4.512809,5.66191,3.4644184
0.6411231,4254.717,0.3062647,10.284728,-1.1833055,0.08073644,2.4027908,-1.789786,5.019148,5.757406,3.1960366
0.637097,4331.456,0.07818062,10.321188,-2.5487335,-0.8172804,0.23133905,0.23318064,5.473625,3.420147,4.9893775
0.66345423,3568.776,1.2960747,10.244956,0.25934026,1.0307792,1.0137225,-1.6333969,5.427662,5.5807686,3.0797527
0.656169,4128.416,0.27717453,10.122453,-1.2831079,-0.2313268,0.69751143,-1.0279828,5.094788,5.0417905,4.4620423
0.6343999,4274.613,0.13386513,10.333632,-2.0109224,0.22742826,0.63148576,0.22335707,6.0281754,3.473949,4.877693
0.6360059,4583.7324,0.18199772,10.269308,-1.7037611,0.23424928,1.0674257,-2.299955,4.5265613,6.431783,3.5570664
0.63321626,4604.159,0.12258009,10.281854,-2.0989907,-0.14759606,0.7848643,0.41409767,5.8663654,4.1571546,4.1688323
0.64422154,4411.7153,0.7249447,10.232209,-0.32165983,0.4147171,3.1341088,-1.1390166,4.939463,3.987216,4.005144
0.6530498,4070.4817,0.18246853,10.214431,-1.7011776,1.0467604,2.4475975,-1.1033854,5.6181154,4.1463675,4.0206647
0.6530309,4062.516,1.5820535,10.218767,0.45872372,-0.6434648,2.386649,-1.4240686,5.6619687,3.9635754,3.5951188
0.6564928,3957.7544,0.044991225,10.197132,-3.1012878,0.4608212,1.8052533,-2.1266093,5.184266,5.468574,3.8139045
0.63606167,4549.193,0.23608847,10.2945385,-1.4435487,0.07889527,-0.20320162,0.5662555,5.1761947,3.4285593,4.141287
0.6354399,4734.0356,0.21944003,10.278134,-1.5166763,0.079123,2.7822351,-2.0726025,4.8559685,5.4675283,4.701841
0.6381942,4694.6226,0.03220423,10.247384,-3.4356575,-1.4510081,0.20630996,0.08380353,6.08426,3.9919543,4.2527347
0.63876456,4425.221,0.9252386,10.27937,-0.077703655,2.159931,1.0715892,-1.9650394,4.4294543,4.715581,3.597888
0.6357762,4394.293,0.009739142,10.32015,-4.6316023,1.3608357,-0.14293255,-1.5595632,4.8896203,4.0515985,4.2288127
0.6360431,4428.7783,0.01268135,10.312844,-4.367623,1.6562449,0.029990619,-2.677489,5.1613007,4.628096,4.069647
0.638364,4600.7383,0.026200686,10.265976,-3.6419697,-1.158255,1.8314663,-2.739006,4.972356,3.9652734,3.672911
0.6502634,4192.4937,0.099665985,10.199947,-2.3059309,-0.6254717,0.17651044,0.32926878,6.049655,3.9231274,4.0269995
0.64114064,4510.9907,0.21786134,10.260458,-1.5238965,-0.6239441,1.1458414,-2.3033395,4.3658037,5.486046,3.7951906
0.63897324,4446.5596,0.23169127,10.303495,-1.4623495,-0.48364913,0.7212203,-1.7878901,4.7954555,5.39221,4.221292
0.648312,4306.155,0.5104758,10.19258,-0.67241204,-0.9503532,1.0935241,-0.2682554,6.114758,3.4386168,4.08068
0.6523725,4164.041,0.06639305,10.2070675,-2.712163,0.5840407,0.3461491,-1.616916,4.4128914,5.7744303,3.9208248
0.6431303,4239.9736,0.013582254,10.267722,-4.298991,-1.1445711,0.022371374,-1.7255111,6.3419847,4.512268,3.9183683
0.6391812,4483.4424,0.0021169109,10.266285,-6.1577973,2.2977881,1.7286001,-0.66108847,5.230101,4.595697,3.4788017
0.6388888,4362.972,0.014105985,10.260164,-4.261156,1.8685999,1.231584,-0.9814906,5.5408864,4.80896,4.352387
0.63715154,4539.33,1.811551,10.254053,0.5941834,-0.7578673,1.7083678,-0.34587044,5.2875266,4.2148867,4.364026
0.64230466,4719.384,0.55327445,10.201268,-0.5919011,-0.86849433,0.94859296,-0.14633578,5.203157,4.517626,4.241213
0.64490634,4419.542,0.47238326,10.247463,-0.7499646,-0.9510811,0.8043502,-0.70528185,5.793051,4.657386,4.112232
0.6397958,4441.044,0.7984837,10.256773,-0.22504067,0.95799,1.4550091,-0.2096264,5.7480135,5.2348223,3.7825868
0.65026486,4155.296,2.0894203,10.225924,0.7368867,1.1153357,1.4529258,-1.1861794,6.101744,5.775522,4.5184617
0.661238,3901.1724,0.0015636806,10.149746,-6.460713,-0.15176658,0.93658644,-0.7618892,4.426447,3.5368733,3.83926
0.6656493,3750.8237,0.0026093498,10.168662,-5.948654,-0.18702456,0.19067426,-0.54589236,4.2821794,3.7789013,4.190782
0.6515019,4201.88,1.2738402,10.199182,0.24203613,-1.209513,1.5440727,-1.4122851,6.2002726,5.713485,3.766694
0.64400613,4346.136,0.38626486,10.224673,-0.951232,-0.5819498,1.1097738,-0.35966557,4.8480606,4.946539,3.4972317
0.6630007,3902.9497,0.11241661,10.148325,-2.1855435,-0.6513848,-0.4832216,-1.3547761,5.796505,4.3847346,4.667765
0.6415537,4427.661,0.18166369,10.232293,-1.7055981,0.7756085,2.3328671,-0.64875406,4.7631354,4.426682,3.543366
0.6376228,4384.1147,0.07144902,10.301061,-2.638771,-0.18758024,1.1500593,-0.09850245,6.2325993,3.2155619,4.233716
0.63842285,4567.462,0.04728114,10.261761,-3.0516438,0.14913747,1.0644884,0.028210023,6.1857605,3.1096282,4.5366335
0.6390611,4402.1416,0.00803708,10.28041,-4.8236895,-0.6127426,1.0981734,-0.661519,4.9444423,5.232644,4.706593
0.64792573,4485.7925,0.026098365,10.148922,-3.6458826,-1.0969021,2.679448,0.54525495,5.417293,4.9251266,3.6637473
0.63704824,4353.1777,1.0479513,10.300353,0.046837125,1.591709,-0.7136213,-2.4807262,5.131378,4.3189616,4.7151833
0.65219295,4382.596,0.05665522,10.151214,-2.8707712,-1.116579,2.3239489,-0.35365343,5.85683,4.594958,3.6375046
0.6588751,3761.5657,0.3120158,10.280271,-1.1647015,-0.16020074,-0.78401285,-1.5833929,5.5966063,4.0570645,4.20667
0.6598885,3861.2336,0.33201092,10.221679,-1.1025875,0.46890077,-0.35947615,-1.3507183,5.9318876,4.0246677,4.417805
0.635074,4502.4346,0.14715125,10.281982,-1.9162943,0.03057936,1.8388171,-0.019814437,5.111895,5.2710266,3.7108278
0.6411812,4536.374,0.40520987,10.242341,-0.9033502,-0.5103769,0.56797785,-2.188004,5.0522566,3.7460067,4.13748
0.64373654,4531.417,0.41845223,10.237121,-0.8711925,-1.590223,-0.025078328,-2.4948578,5.241012,3.8333087,4.2535524
0.64472973,4152.541,0.13275877,10.289881,-2.0192215,-0.99794394,0.70186037,-1.9195015,5.6878023,3.8706508,3.8431447
0.6509029,4211.5527,0.3627659,10.220139,-1.0139976,-0.83050925,0.7885402,-1.8423686,5.5241537,3.6817698,4.058155
0.6496961,4219.2627,0.8354715,10.223512,-0.17975907,-1.0400705,1.1099467,-1.7310383,5.7149606,3.482832,3.6248846
0.6485829,4149.24,0.12511243,10.216235,-2.0785425,1.3022146,-0.24356985,-0.042838123,5.3844604,5.611458,3.572116
0.63773155,4469.0664,1.2724044,10.283036,0.24090832,-0.3633402,2.4060042,-1.9924994,4.618238,3.381225,4.424535
0.6339237,4601.7,2.2258673,10.289205,0.8001466,-0.54257494,3.0200365,-0.24275112,5.287571,4.139187,3.5204725
0.66483486,3663.1792,0.006302895,10.208117,-5.066746,-0.33699444,-1.6472808,-1.1550854,5.3492637,4.597132,4.1455746
0.65517306,4009.6335,0.13511711,10.21261,-2.0016134,-0.8005332,2.3938675,-1.5816965,4.281844,3.7169197,3.948714
0.66144705,3868.9368,0.024786487,10.141933,-3.6974566,-0.38658544,2.38769,-0.20627248,5.3947787,2.9465122,5.0164948
0.64858544,4294.9365,0.098603085,10.192942,-2.3166528,0.04045666,-0.42587134,-0.30592024,5.010068,6.8109007,3.4197094
0.65292025,4011.875,0.2667855,10.201625,-1.3213103,-0.86762977,-1.1729497,0.51893127,5.5561533,5.733159,2.6858187
0.6517861,4223.8306,0.23262565,10.162599,-1.4583248,-0.053039137,-1.1527054,0.3341657,5.3717923,5.936203,3.2191806
0.64040303,4390.5303,0.15068246,10.263079,-1.8925805,-1.295239,0.009518691,-0.25505698,5.1861134,5.0771413,4.002907
0.6409592,4704.544,0.42854708,10.205875,-0.8473547,-1.1138843,0.47289795,-1.27402,4.862627,5.5391088,4.6681504
0.64317465,4527.288,0.44572604,10.222825,-0.8080508,-0.79103476,0.19426681,-1.3968062,4.990239,6.0942707,4.783062
0.6365267,4600.3423,0.12550348,10.237958,-2.0754218,-1.1346015,0.2588254,-0.49740344,5.253432,5.1234236,4.687901
0.65079546,3972.9714,0.28215963,10.215,-1.2652823,1.1436728,0.768916,-1.0259765,5.320183,4.0761123,3.4728117
0.6403198,4693.306,0.15108289,10.206651,-1.8899267,-1.6334994,1.6838465,-0.7495735,5.0221777,4.5398903,4.5815587
0.6404099,4672.722,0.04874733,10.229992,-3.0211048,-1.2404077,2.582612,-0.5254828,5.2918553,4.070738,5.1965947
0.658501,3914.852,0.35220236,10.175196,-1.0435494,-0.24711211,-0.5668041,-0.830757,5.3731127,4.18657,3.2466123
0.6530714,4189.5493,0.13550141,10.171288,-1.9987732,-2.0426173,0.5077192,-0.24957484,6.127415,4.466477,2.8608227
0.6483414,4271.262,0.03780768,10.207618,-3.275243,0.38963667,2.6239066,-1.5039023,5.6236615,4.567191,5.080311
0.6435927,4578.775,0.7213584,10.199436,-0.32661915,0.5753366,1.747642,-1.4150511,5.634954,3.6838307,4.656582
0.64371264,4429.5186,0.2878194,10.239354,-1.2454221,0.6170442,2.0633693,-1.6078355,4.819383,3.4662519,5.320939
0.6399955,4452.0244,0.43343556,10.279153,-0.8360121,-0.50188905,1.152594,-0.91557044,4.527813,4.4813623,3.7359326
0.6413503,4553.1562,0.30354184,10.251736,-1.1922358,-0.19293913,0.60221666,-1.428698,4.7778482,4.555117,4.2270975
0.6562126,4053.5527,0.18127413,10.152703,-1.7077448,0.030802855,0.49026388,0.09440066,5.7388096,4.474925,3.778754
0.64288944,4128.5596,0.2705366,10.279934,-1.3073479,0.22386368,1.4408548,-0.15265523,4.277416,4.7122173,4.338152
0.630991,4459.7744,0.12517005,10.336473,-2.078082,-0.018027788,1.163425,-2.763891,6.226096,4.8918295,4.3265
0.6332104,4238.1157,0.47736704,10.343109,-0.7394696,0.15165193,1.075709,-2.840816,6.0361056,5.070611,4.3454022
0.6321459,4743.0527,0.24298315,10.321143,-1.4147632,1.4804811,-0.6924007,-3.008979,6.63648,3.5534444,4.165951
0.6445557,4306.901,0.2473158,10.232293,-1.3970892,-0.6015491,2.9157813,0.6726351,3.9935389,6.349429,3.618557
0.6453707,4466.249,1.3047233,10.195912,0.265991,-0.11142104,1.389901,-0.16384743,4.318876,4.6253557,3.5161815
0.6546191,3729.8848,0.09575839,10.261421,-2.345927,2.559075,0.7439619,0.16129676,6.3794274,5.409276,3.2599552
0.6375725,4632.8486,0.39980745,10.246813,-0.91677225,-0.07971743,-0.51951903,0.7762869,4.551803,4.3804135,4.7936363
0.62732244,4695.334,0.008267721,10.334373,-4.7953963,1.092659,1.1890553,-0.30534384,4.3627434,3.7789829,4.711012
0.65409994,4089.972,0.62287456,10.186554,-0.47341013,-1.8136514,1.0325435,-1.3612481,6.2727213,5.7235365,3.4578478
0.6597246,4024.2905,1.1396437,10.1763115,0.13071568,-2.319789,1.8427492,-1.4064232,7.336399,4.9681225,3.8403752
0.6609732,3885.1238,0.86177033,10.1869955,-0.1487665,0.26867515,1.4899659,-0.4215389,5.7722206,4.9601393,3.8162775
0.652274,4096.9507,0.51055175,10.19112,-0.6722633,0.86721766,1.95714,-0.058553044,5.298875,4.534953,4.1636386
0.6335472,4595.7153,0.017159436,10.316046,-4.065207,0.29601917,-0.041581266,-1.0474951,5.2088013,4.014739,4.0399365
0.6367209,4608.614,1.5912579,10.258411,0.46452484,1.2829763,1.861863,-0.33911803,5.9832745,4.2404323,4.8393474
0.6450126,4119.756,0.9129019,10.282554,-0.09112685,1.2645011,2.1980977,-0.11873535,5.749519,3.8189075,4.5422688
0.6459967,4356.559,0.046613336,10.240023,-3.0658686,-1.1756439,-1.0234271,-1.0773315,4.9029293,4.6025662,3.4598434
0.640504,4572.153,0.0019187285,10.227842,-6.2560925,-2.039273,1.0491009,-1.3615319,5.1548414,3.9688907,3.281266
0.6690341,3474.2505,0.45657244,10.20826,-0.7840079,2.1784067,0.3818838,-0.38120362,5.340358,5.226372,4.921012
0.65985847,3929.2876,0.38102663,10.132559,-0.96488607,1.2694751,3.452686,0.15178664,6.0244236,3.5145388,3.666965
0.63991797,4478.6104,0.06289772,10.283936,-2.7662454,-1.1111299,-2.022164,-1.9007095,5.1688957,4.9967666,3.8147097
0.6318329,4510.7207,0.1389599,10.331319,-1.9735699,-1.2534243,-1.3563334,-1.4656655,5.109225,5.170245,3.2782524
0.6439697,4517.727,0.3793559,10.221695,-0.9692805,-1.0934365,0.07090433,-2.312754,4.607436,5.864898,2.6584508
0.6643833,3932.2344,0.5972597,10.142261,-0.5154033,-1.2714379,1.7356099,-1.7582558,4.475607,2.7582517,4.7790747
0.66224426,3804.825,0.24982718,10.197396,-1.3869859,-0.6097872,0.7332493,-1.994105,5.265939,3.4326813,4.451943
0.6627954,3746.039,0.2755283,10.207262,-1.2890649,-0.8703904,0.70725656,-2.1158414,5.1206536,3.3140178,4.6509576
0.6634065,3848.809,0.29592937,10.166952,-1.2176344,-0.5593034,1.4790825,-2.1118646,4.842974,3.8325768,5.0361786
0.6550626,3971.2202,1.5055058,10.24504,0.40912893,0.08244929,0.22285138,-0.31359753,4.7707357,3.9226186,4.137377
0.6509402,4267.8916,0.57456905,10.202214,-0.55413496,-0.49576524,-0.82111984,-0.31368458,5.7074776,3.6859512,3.4748406
0.63575774,4399.7646,0.47203135,10.31682,-0.7507099,-1.1141468,1.7630479,-1.2457595,5.515252,4.4402146,4.144196
0.6471036,4383.725,0.8987527,10.226663,-0.10674739,2.1543968,0.55634904,-2.4301784,5.2153864,4.448732,3.483944
0.6407523,4760.586,0.028946549,10.171736,-3.5423043,-1.6647133,0.68689346,0.91464853,5.570148,4.2301574,4.453547
0.65351826,4123.467,0.247279,10.204934,-1.397238,-0.1906839,0.0740479,-3.3763776,4.734873,4.691434,3.4508622
0.6531662,4063.4622,0.19574061,10.236406,-1.6309649,-1.607366,0.7026169,-2.8300076,4.8832345,5.69261,3.5882766
0.6508682,4217.8457,0.19450533,10.190393,-1.6372957,-0.3901031,1.0276388,-1.9233681,3.609515,4.467801,4.049125
0.6565484,3775.2246,2.1176994,10.286641,0.75033027,0.84375536,0.18596238,-2.4060564,6.504568,3.3617826,4.1605034
0.6406895,4704.5967,0.0707823,10.175648,-2.6481464,-1.4158388,1.3923477,0.30589554,4.514064,5.41897,4.4495664
0.6362338,4665.4507,0.27142465,10.2730875,-1.3040707,-1.4165099,1.5036343,-0.5387956,4.56687,4.768168,4.0440493
0.64092565,4150.271,0.1307049,10.2931185,-2.0348132,0.8472811,1.1568673,-1.0457677,6.461856,4.542659,4.0989223
0.6470216,4325.593,0.03619848,10.258614,-3.3187382,1.8350499,0.037328523,-1.8199124,5.5001097,4.283725,4.8227863
0.6655866,3894.8718,0.13065116,10.074886,-2.0352244,-1.103921,0.5908032,-1.0964801,5.140802,4.9005284,3.1300635
0.6633719,3796.1824,0.19878134,10.147594,-1.6155498,-0.71078837,0.86226326,-0.25148046,4.5366774,4.2671237,3.497614
0.6447344,4396.003,0.06805121,10.252384,-2.6874948,0.3654337,-0.07058882,-2.4027393,6.2762613,4.6679673,4.0292926
0.6348205,4838.7324,0.15531933,10.210462,-1.862272,0.76190656,1.1240965,0.7251441,4.543275,4.0337424,3.7507455
0.63561857,4500.4976,0.1632524,10.265005,-1.8124578,-0.39234915,3.3817358,0.7520624,5.0013523,4.5700545,4.413266
0.6400795,4443.963,0.55367166,10.2380085,-0.5911835,1.6471305,3.427558,-0.20901917,5.317775,4.2089653,5.094418
0.6432543,4245.6147,2.1319919,10.267186,0.7570567,0.29945567,0.71470046,-0.4062705,5.292373,4.8235183,3.9699056
0.65454155,4043.06,0.008872102,10.216454,-4.7248435,-0.44050452,0.8922784,-1.1276611,4.9051986,4.3397937,3.7616017
0.6369557,4411.2725,2.0197792,10.300862,0.70298815,1.477737,0.45135576,-1.0296862,5.5549965,4.4725595,4.1281304
0.63441265,4699.141,0.073951535,10.264853,-2.6043453,0.74603397,1.2327595,-0.6887511,5.0993633,5.163845,3.430265
0.6433636,4316.179,0.08219743,10.272593,-2.4986312,-0.17356099,0.720749,-1.3287126,5.1041102,4.259873,4.0674634
0.66117895,3916.0813,0.079695724,10.155458,-2.5295393,0.46870685,0.6362415,-0.424322,5.6289487,4.054816,3.6591868
0.6619586,3762.0305,1.2517353,10.216289,0.22453083,1.3786925,0.25265613,-1.0236647,5.749385,3.6880033,3.3323243
0.6386632,4291.658,0.014462516,10.293582,-4.236195,1.1021273,0.81772566,-0.056770857,4.5469437,6.1468716,4.2339754
0.6396513,4592.9653,0.050537255,10.223538,-2.9850445,0.876457,0.9378846,-0.34675992,4.309583,5.2411065,3.631365
0.6574774,3865.0024,0.019196834,10.1989355,-3.9530098,-1.00769,0.32139638,0.114671774,4.3391757,5.7139835,3.3772068
0.64886403,4378.5405,0.017845202,10.19383,-4.0260205,-0.37112436,1.1795423,-1.8236885,4.4583044,4.4918966,4.3283906
0.64790785,4101.5835,0.011780986,10.261624,-4.4412684,-1.6225173,0.13775931,0.13143651,5.0493593,3.872923,3.2820845
0.6322558,5056.668,0.024152251,10.226317,-3.7233777,0.8091981,2.1729472,-3.2096813,5.0328426,4.012603,3.991984
0.63672554,4261.6904,0.9038304,10.334018,-0.10111352,0.34748548,-0.36540505,1.1222631,6.0252857,5.180401,4.20923
0.6361346,4450.7783,0.70203173,10.30109,-0.35377663,0.42813763,-0.526438,0.17349961,6.2612257,5.124266,3.8954759
0.6360389,4259.5303,0.46302557,10.31937,-0.769973,0.124038,-0.2655277,-0.64172786,4.917776,5.127158,4.491176
0.6268296,5130.796,0.029819563,10.235929,-3.5125906,1.649268,2.236854,-1.5701885,5.9221926,5.4695582,3.006173
0.6308208,4922.964,0.013289086,10.248854,-4.320812,0.8046387,1.4059067,-1.5045807,5.838518,5.66906,3.3511834
0.6235204,4867.602,1.0135081,10.320124,0.013417691,1.3409148,1.6231195,-0.056100406,5.2659297,5.375844,4.5931177
0.64138174,4406.486,0.040523924,10.290616,-3.2058628,0.122179314,-0.23697151,-2.2831132,5.9258327,4.4020047,3.7524583
0.6549623,3913.692,0.3478852,10.213935,-1.0558828,-0.15377498,2.3245623,-0.123905264,4.9033813,5.0206165,4.410635
0.65157175,4250.796,0.061186776,10.151177,-2.7938242,-0.423453,1.8927062,-0.86496407,5.255706,4.4217257,4.050153
0.63837945,4394.7827,0.061102267,10.303743,-2.7952063,-0.23048837,0.5856139,-0.45339748,5.865157,4.4179173,4.9270067
0.64590204,4364.61,0.4481469,10.23103,-0.8026342,-0.8839755,1.0573182,1.1582052,4.6801324,4.1683125,5.574616
0.65584815,3980.4578,0.15436839,10.201064,-1.8684134,-0.60553944,0.43373835,1.043057,4.5398755,4.3261814,4.683668
0.6529337,4128.9053,0.30082333,10.201991,-1.2012321,-1.5974643,0.47788304,0.25727955,5.168691,4.1542997,4.1542397
0.66305447,3679.821,0.17614353,10.1963825,-1.7364562,1.4209063,0.89927566,-1.9888872,5.588036,5.1515183,3.1416187
0.6564158,3999.6812,0.027201876,10.172483,-3.6044693,-0.14522289,1.5368326,-0.08179456,5.529252,4.1428123,4.4998984
0.6645013,3832.991,0.055676177,10.160692,-2.888203,-2.402767,-0.58003336,-2.0662155,6.0422077,3.4118235,3.234711
0.6662719,3604.0176,0.6812367,10.1542225,-0.38384548,2.3557973,2.1260684,0.6688793,4.4574556,5.580732,4.5414877
0.64725006,4205.3345,0.17233996,10.257492,-1.7582862,-1.1114779,0.22955273,-2.0389915,5.767396,3.3064837,3.2121487
0.6476872,4452.0103,0.20172688,10.203021,-1.6008406,0.026317786,0.9528437,-1.7312943,5.2956047,3.6438806,3.6463335
0.63994837,4249.9775,1.1996012,10.340896,0.18198913,1.916925,0.19390059,-1.1631936,4.653547,5.5353646,5.853835
0.6401487,4176.231,3.5660279,10.376725,1.2714523,1.6450425,0.5506227,-0.8198866,4.331447,4.597167,5.270968
0.663278,3696.7285,0.004519698,10.180781,-5.39931,0.53820664,0.17353351,-1.3980505,6.0860634,3.39406,3.150831
0.65731275,3990.5703,0.030985653,10.187363,-3.474231,-0.7186172,0.6042076,-0.69573534,5.3781595,3.863224,3.3917556
0.64658123,4305.2725,1.8639086,10.25733,0.6226757,0.1627767,0.07583725,-1.5455605,4.928834,4.804979,4.461931
0.66555697,3758.4473,0.0058608195,10.155757,-5.139466,-0.4959484,1.4595466,-0.21541935,5.5358458,4.740376,4.256013
0.6381584,4524.3643,1.8920518,10.270469,0.6376619,0.77072597,2.1040955,-1.5143176,6.0133057,4.8933716,3.537028
0.64006436,4459.313,0.008962689,10.283608,-4.714685,-0.14669056,0.027091987,-1.1514907,4.7188334,4.222743,4.903203
0.64229363,4160.579,0.00081970665,10.307367,-7.106564,1.6930022,-0.00020681377,-1.2547693,4.361477,4.082237,3.6175013
0.6314361,4828.573,1.0092903,10.24024,0.009247415,-0.08012537,2.906234,-0.89461416,5.7916536,5.1124344,4.0035915
0.65475595,3943.8462,0.0045031593,10.214083,-5.402976,0.3501597,-1.0971838,-0.78693783,4.6132584,3.9451282,4.004999
0.64586085,4403.4834,2.4489706,10.194741,0.89566773,-0.25552514,2.874415,0.27655074,5.6799865,5.5508776,4.558656
0.6417374,4299.8765,0.6148628,10.242786,-0.48635608,0.14646083,2.7937436,1.139586,5.732397,4.639712,3.2320719
0.64891636,4262.097,0.21042629,10.223047,-1.5586199,0.60930085,0.2405612,-1.1590673,5.863917,4.7214108,3.506503
0.6396315,4278.738,0.516031,10.288456,-0.6615884,-0.053367313,0.5482127,-1.0023768,6.4366,4.5791693,3.101216
0.6520984,4049.621,0.5929127,10.218768,-0.5227081,-0.56535584,0.58937776,-1.6277232,6.784063,4.4708385,3.174461
0.6506008,4137.853,0.76552486,10.200178,-0.26719362,-0.9571662,0.94098485,-1.2030509,7.163031,4.787819,3.2162466
0.6545391,4179.502,0.38968593,10.207023,-0.94241416,-0.95933485,0.44311056,-1.9368013,5.9762716,4.42587,3.5406232
0.6586975,3995.3398,0.36150077,10.2035265,-1.0174911,-0.15902855,0.005813659,-0.19197525,5.6521854,5.275745,4.8922706
0.66090727,3813.153,0.087289155,10.214156,-2.438529,0.7870645,0.76843876,-1.8353832,4.7772717,4.3871,3.1941285
0.658823,4009.2993,0.03468819,10.193143,-3.361356,-0.33648401,0.45011088,-0.76913285,6.1172442,5.8942156,5.354685
0.6534244,4057.1382,0.04225406,10.237846,-3.1640549,0.098026864,0.98625845,-1.8344595,4.915455,4.991944,2.8279161
0.6550817,4001.213,0.012487364,10.220588,-4.383038,0.3590177,-0.29266924,-1.3306398,5.5566063,5.0543237,2.7501962
0.6541771,3955.099,0.010044032,10.218039,-4.6007767,0.42895728,-0.24703714,-1.4532346,5.487464,5.1606965,2.7858129
0.65239775,4048.7397,0.06530228,10.203127,-2.7287283,0.77001053,0.711459,-0.7435799,5.131219,4.415371,3.3139944
0.65323997,4176.703,0.037804328,10.168083,-3.2753317,1.376552,0.28303635,-1.3483969,4.6826563,4.021397,3.1986108
0.64297765,4781.5693,1.2421144,10.1826515,0.21681514,-0.52342045,0.48440176,-0.08521253,6.3630767,4.915259,4.6854186
0.65265536,3852.3198,0.052608334,10.262331,-2.9448807,-0.50334877,1.9987792,-1.745148,5.2952757,4.84635,3.1935859
0.6517878,4059.7058,0.06929787,10.2135935,-2.669341,-0.0385118,1.0786463,-0.6982498,4.9183393,5.1647887,4.1124306
0.63612586,4612.09,0.53581053,10.271034,-0.6239747,0.3592065,0.5981086,-0.8685444,5.526192,3.7607768,3.691846
0.639958,4483.467,0.9546921,10.25388,-0.046366353,-0.12961096,1.3092537,-0.7931885,5.461581,4.157807,4.524332
0.6518264,4084.2747,0.0062890463,10.22403,-5.068946,0.5477717,1.3934172,-2.224043,5.0939674,5.0543184,4.146707
0.6550386,4075.0547,0.045045834,10.185603,-3.1000748,-1.7248863,-0.5691219,-0.57170105,4.4439898,4.2995977,3.0173578
0.65506613,4044.1987,0.10791874,10.186976,-2.2263768,-1.399553,0.03219078,0.022301596,4.8555007,4.674109,2.8450367
0.6302302,4819.1704,0.5814786,10.306042,-0.5421811,2.1144173,0.9500361,-0.93009794,6.049265,4.073027,5.1269326
0.63713205,4661.4424,0.0130916005,10.232848,-4.3357844,-1.6450636,0.70275337,-0.90995497,4.5649986,4.8376064,3.8469317
0.6396069,4479.6104,0.0023300662,10.2611065,-6.0618587,-0.36016476,1.3827194,-1.5696696,4.648487,5.0986924,4.112081
0.6484518,4151.722,2.2760584,10.251143,0.8224452,0.53163785,0.6011273,0.17652757,5.7333174,4.037628,3.7020595
0.64504355,4033.537,0.12321052,10.283752,-2.0938609,1.4971653,0.93514264,-0.7331139,5.6642847,4.87644,3.8176868
0.64171815,4654.909,0.020522326,10.177344,-3.886242,-1.5462643,1.2569441,-0.6754756,5.1574645,4.30228,3.7987683
0.64183223,4398.6196,0.0633829,10.236356,-2.7585611,-2.1045866,1.1196877,-0.590853,5.7274446,4.574796,4.0088406
0.64002705,4428.581,0.11043979,10.245264,-2.2032847,-1.0497179,0.90164,0.040194422,5.297937,4.5641603,4.2589903
0.6493436,4172.951,0.6674043,10.204322,-0.40435922,0.5093372,1.3730263,-0.7117457,5.6611385,3.884069,3.0390449
0.65064025,3960.207,0.087945,10.249026,-2.4310436,1.3728453,0.6887145,-0.91464806,4.654727,5.4301176,4.8366556
0.6417706,4490.087,0.34891182,10.260668,-1.0529361,-1.4953781,1.2521225,-1.1699194,5.757948,3.8196068,3.7495482
0.64744246,4305.3037,0.12492331,10.206034,-2.0800552,0.7156987,1.9605974,0.45256963,5.532865,5.2981167,4.576336
0.65171504,4187.623,0.17880465,10.217105,-1.7214614,0.3818642,0.15103538,-1.4216634,4.720378,4.2322674,4.027225
0.63996166,4396.3276,0.9753861,10.295675,-0.024921928,0.25744903,0.5574954,-1.556875,5.1956577,5.2322855,4.8532443
0.6484996,4159.464,0.030100416,10.234635,-3.5032163,-0.6625277,1.2082239,-0.32033166,5.074538,4.000856,3.1750302
0.64860225,3940.4602,0.0011702026,10.272366,-6.7505784,-0.61679083,0.56714135,-0.3258844,5.084715,5.0511293,3.338386
0.6456767,4493.891,0.0029624554,10.173597,-5.821737,0.9323778,0.13701165,-0.32301256,5.192443,5.281126,3.9844117
0.6469252,3770.8218,0.22933835,10.327003,-1.4725568,1.9428569,-0.90116477,-3.5599907e-05,5.4460363,5.1491647,4.153426
0.64036316,4704.755,1.2424883,10.223544,0.21711606,0.2537879,0.8544296,-0.91702205,4.9356456,4.1501927,4.733636
0.637213,4807.9683,1.3100146,10.217581,0.2700383,0.41134632,0.55577934,-1.1456143,5.286599,3.936986,4.6546407
0.6383027,4309.285,0.48686323,10.308577,-0.71977204,0.2390366,0.8751257,-0.47026452,5.1711884,4.2971134,4.1286373
0.643472,4380.2256,0.3782339,10.242252,-0.9722425,0.4988148,-1.4457206,-1.2663035,5.3586354,3.9880822,5.406149
0.65291333,4150.7705,0.16608326,10.249754,-1.795266,-0.88235164,-1.1623615,-1.1728628,5.4593015,4.624524,5.4210725
0.6524161,4092.075,0.29072964,10.223984,-1.2353615,1.2456521,0.7681383,-0.6118907,5.2404213,4.115942,3.4515142
0.6572269,3795.6812,0.17136434,10.22219,-1.7639633,1.2659795,0.48068193,-2.4082365,6.1418576,4.7937403,3.7339418
0.6570775,3865.105,0.95166534,10.245104,-0.049541857,0.9847921,0.5748293,-1.4386656,4.5717664,3.6798916,3.269712
0.6576253,4128.607,1.0602735,10.181798,0.058526877,-0.36843404,0.73862946,-2.060182,5.2958493,4.074307,3.4252405
0.65257895,3869.3333,0.048971713,10.273956,-3.0165124,0.29903296,0.3644591,-1.6091912,6.156723,4.144257,5.949912
0.6492207,4196.9004,0.20754366,10.223014,-1.5724136,1.095085,0.23645139,-0.38114813,4.8564935,4.441046,3.5972323
0.64890015,4199.5405,0.6144107,10.214537,-0.48709166,-1.6638111,1.1072491,-0.6230795,5.774929,4.9089394,4.1226053
0.65120447,3985.7974,0.011582581,10.265134,-4.458253,0.8188955,0.4313563,-0.47432154,4.5273542,3.9839153,4.1070423
0.65663224,3949.1577,0.024240185,10.175753,-3.7197435,0.6223392,1.6181525,-0.08212222,6.648319,4.514444,4.0481935
0.6477778,4226.914,0.3616906,10.213657,-1.0169661,-0.7425301,0.89564073,0.099999815,5.7260504,5.243871,4.2536907
0.64586574,4230.2266,0.12552111,10.253342,-2.0752814,0.1341876,-0.22357269,-1.9829654,4.288987,3.8916118,3.9729428
0.6419005,4362.148,0.14762369,10.311034,-1.9130889,-0.77420205,-0.3501936,-2.975811,4.287321,3.569553,3.5699682
0.6467732,4455.4,0.1530849,10.163017,-1.8767626,0.6624848,1.1149578,0.0074471473,5.7727365,4.9013577,3.7271333
0.6359811,4882.5894,0.20823859,10.229902,-1.5690708,0.0018201828,0.060919993,-1.9299172,5.198424,3.8556046,4.3395967
0.6362554,4411.3877,0.15458037,10.3264885,-1.8670411,0.45185614,0.25871035,-1.7574232,5.2460933,3.694589,5.4371653
0.63613755,4774.956,0.06853208,10.225814,-2.6804533,-0.3299398,1.7577693,-0.7074841,5.0541363,4.684447,2.994842
0.6363171,4687.0283,0.2326873,10.266166,-1.4580598,-1.1624374,3.0001137,-2.3205724,5.278289,3.7244048,3.6052482
0.6471057,4066.3853,0.08643755,10.284631,-2.448333,1.3532617,-1.4737798,0.5677738,5.2806716,5.3548565,4.3223248
0.63085634,4800.458,0.54363847,10.27368,-0.60947084,-0.63809997,3.187582,-2.33591,5.088368,3.6027637,3.9398053
0.6312642,4848.7646,1.5022624,10.287073,0.4069722,-0.70429415,3.1200123,-2.6732006,5.0576916,3.5976856,3.7303271
0.63263994,4783.0654,1.3243912,10.250639,0.28095293,0.14584197,3.347759,-2.1554484,5.125666,3.5651684,3.647971
0.6458163,4172.802,0.012988909,10.254198,-4.3436594,-0.8784046,-0.7316997,-0.5214948,5.4578314,4.6276445,4.002432
0.6481655,4586.482,0.106445536,10.132021,-2.2401218,-1.1800978,0.637917,-0.68594253,4.705688,4.268967,4.683386
0.64643365,4401.2397,0.43133372,10.22125,-0.8408732,1.9029754,1.1819868,-1.3098882,6.52551,4.557753,3.5788493
0.64477825,4278.9043,0.2283983,10.205414,-1.4766643,1.4909929,1.0474858,-0.79132444,6.2156644,5.058555,3.9499424
0.6303363,4703.198,0.3917846,10.2931,-0.9370431,0.66576445,1.5914819,-0.13727832,5.6704044,3.7837882,3.9828413
0.6430851,4279.825,0.016694305,10.28521,-4.0926876,-0.343246,-0.089645475,-1.8881398,4.7354865,4.946883,3.7900617
0.64334446,4129.371,1.2017581,10.293516,0.18378557,0.22890301,2.2729023,-0.38369426,6.1201973,4.152989,4.1593504
0.6363724,4628.044,0.032681506,10.246127,-3.420946,1.6452391,0.7793828,-0.8949332,5.085035,4.4936523,3.546003
0.65104604,4440.9014,1.4260874,10.172092,0.35493457,-0.57023084,1.3190055,-2.5111465,5.2621775,4.590763,4.550758
0.6510309,4448.716,3.839993,10.187498,1.3454705,-1.5095147,1.2972587,-2.4863462,5.566828,4.638512,4.606872
0.6493062,4477.246,0.46213,10.174093,-0.77190906,-0.45285004,1.0467585,-1.9723948,5.494233,4.303241,4.3808928
0.64860433,4308.213,0.009873034,10.20532,-4.617948,0.23154664,0.075432196,0.4315127,5.142355,4.3036137,3.4484415
0.65229666,3969.6067,0.15166809,10.263695,-1.8860608,-0.28072658,1.2452127,-1.1458999,5.4585567,4.0039477,4.481204
0.6534401,4175.7905,0.1634658,10.170751,-1.8111515,0.1950261,0.054433547,0.40373406,5.137537,5.008135,3.6822839
0.65546864,4159.6826,0.047437996,10.175234,-3.0483317,0.36533,-0.4916079,-0.8727229,5.198447,4.165819,4.182115
0.6530805,3956.526,0.03881944,10.216966,-3.2488341,-0.7524353,2.992039,-1.1388437,4.621161,4.9998927,3.1080544
0.64018893,4568.946,0.006109316,10.268499,-5.0979404,1.1118699,-1.8306497,-0.96618545,6.038164,4.1596584,5.207352
0.65656245,3953.3496,0.32376698,10.2000675,-1.1277312,-1.4751468,2.5546656,-1.5639571,4.886005,3.8593192,3.0883195
0.6384012,4189.7544,0.050859034,10.320476,-2.9786975,0.77298754,-0.20286271,0.61003965,6.1869984,5.123265,4.6310453
0.62912655,5234.0684,0.29874155,10.212208,-1.2081765,-0.6147016,2.1345394,-2.3479507,4.60518,4.5651865,3.676858
0.66366863,3623.5562,0.3086418,10.1964655,-1.175574,0.9285189,-0.05962247,-0.4262209,6.365862,4.1729913,5.5465593
0.6566201,3754.0098,0.6773068,10.236719,-0.38963094,1.1907293,-0.42852125,0.16898835,6.492213,4.37515,5.539585
0.65140164,4214.587,0.31869164,10.186707,-1.1435313,-0.03594934,0.238568,0.38122568,6.559842,3.8556542,4.272968
0.655213,3930.4734,0.33509523,10.210854,-1.0933405,-0.9307644,1.3210672,-1.021702,5.516983,4.6694117,3.3327572
0.64491546,4357.9097,0.04554371,10.230324,-3.0890827,0.15122059,2.0332916,0.4856086,5.200518,3.903277,4.310027
0.6447851,4371.538,0.16928571,10.1849785,-1.7761674,-0.09556397,2.3358598,0.31616288,5.804015,4.520976,4.467263
0.6457183,4453.052,0.14368479,10.218398,-1.9401333,0.38582584,3.0993326,-0.1997419,5.8276405,4.4133153,4.5668764
0.6426633,4465.4155,0.55570585,10.26652,-0.5875162,-0.52718145,-0.07486803,-0.9311147,4.9262433,3.91126,4.094509
0.6405813,4266.116,0.053440973,10.29031,-2.9291775,0.43788096,0.62191236,-1.6826671,5.7317314,5.039487,3.9240122
0.63691485,4441.8325,0.055738218,10.277503,-2.8870893,0.28206626,1.6208401,-0.721212,5.78555,5.329345,4.154333
0.640184,4451.677,0.23980875,10.272169,-1.4279135,1.4952737,-0.9616228,-0.9649795,4.599768,3.7132387,4.355646
0.63882136,4362.0117,0.17392202,10.289066,-1.7491482,1.724776,-0.9683295,-0.26052058,4.772047,4.6702614,4.093133
0.6411447,4301.6143,0.15131831,10.265625,-1.8883697,0.5104623,0.03732827,-1.8369821,4.278761,3.812268,3.3146992
0.64882517,4127.1157,0.45580056,10.225936,-0.7856999,0.46341553,-0.70474225,-0.58689535,6.480381,5.9306884,4.4354033
0.6531584,4333.6084,0.350879,10.191222,-1.0473138,-1.2061763,-0.31204304,0.047418132,4.514502,5.550205,5.2246437
0.63373893,4582.4087,0.004441677,10.261311,-5.4167233,-0.017616682,1.166669,-1.6501611,5.5293913,3.772325,3.1515386
0.6452701,4319.8267,0.03247037,10.273832,-3.4274273,0.104053,-0.28218868,-0.6588918,5.245424,5.1518464,3.8510962
0.6368092,4447.6187,0.27841195,10.299001,-1.2786534,-0.35022655,2.475536,-0.88745576,5.192379,4.1214995,4.2100005
0.66353995,3787.4937,0.20107025,10.1734915,-1.604101,0.09718234,-0.77685827,-0.51780653,5.305599,4.735312,4.116928
0.65856564,3907.6265,0.0501112,10.20198,-2.9935107,1.0712212,-1.3126581,-0.089464806,5.810832,4.4947524,4.3742056
0.64126146,4440.4883,0.067851715,10.244948,-2.6904306,-0.6338952,2.280779,-1.4624436,4.671153,4.60359,3.712403
0.6269716,4861.505,0.25745004,10.320976,-1.3569295,0.8186082,0.86374384,-1.2627237,6.076872,3.5895174,4.4187546
0.62727606,4831.5864,0.028795796,10.301081,-3.547526,0.3356222,1.6811988,-0.29702377,6.3860273,3.9003994,3.7335434
0.6330868,4555.46,0.14063077,10.311486,-1.9616175,0.2983188,-0.28465953,-3.6200893,5.616516,3.5646074,4.3008604
0.6375179,4341.5596,0.30344993,10.291796,-1.1925386,0.633377,-0.5251527,-0.6994316,6.2641993,4.599718,4.9182973
0.6510912,4250.6865,0.05788108,10.240399,-2.8493648,0.018788645,-0.49755606,-2.1434374,4.469943,4.33049,4.108558
0.6397275,4566.018,0.30175915,10.178268,-1.1981261,-0.21378286,2.118609,0.253956,6.2697268,4.694448,4.0784464
0.6507866,4208.998,0.16397852,10.239072,-1.8080199,0.1641634,-0.8142875,-1.819472,4.332157,4.1632876,4.327058
0.6540319,4103.3643,0.043734234,10.145235,-3.1296241,0.7741327,2.283266,0.54734224,6.250165,5.103842,3.4929166
0.6567892,3932.9297,1.1161536,10.234169,0.10988845,-0.59156233,-0.70076776,-1.7533619,4.108271,3.7308376,4.5960584
0.6536553,4093.6626,0.34104684,10.201183,-1.0757354,0.44633034,0.32360753,-0.5513592,4.7370453,4.4314256,4.9191957
0.65115726,4168.1064,1.2048482,10.231475,0.18635356,1.4146487,0.64950025,-0.31050748,5.176986,3.6254263,5.183757
0.64282274,4399.0293,1.092437,10.23276,0.08841106,1.7129793,0.77897346,-0.68062955,4.821805,3.5490687,5.1030736
0.6546881,3902.373,1.4428372,10.255801,0.3666115,1.462924,1.6692201,0.038877353,5.0259986,4.179643,3.9477077
0.6556897,3828.6863,0.038293548,10.246769,-3.2624738,-1.3957834,-0.91503084,-3.0133524,5.3159556,4.875283,3.6173284
0.63198155,4885.0396,2.0483823,10.231321,0.7170503,0.5104649,2.0448892,0.15677218,5.8430753,4.613619,4.876109
0.63500905,4693.534,0.27065474,10.288059,-1.3069113,-1.4924498,2.1154623,-0.068227634,5.233302,4.7795324,4.712758
0.64318895,4598.143,0.198709,10.233446,-1.6159139,-1.1584052,1.2992303,-0.23525822,5.652425,5.5039854,5.3511972
0.6329129,4824.6934,0.8665283,10.277282,-0.14326052,-0.3988666,0.7802069,-0.75001967,4.296187,4.529295,4.102678
0.64267135,4428.9556,0.13243195,10.262605,-2.0216863,0.76182085,1.9152527,-1.8157372,5.0506225,5.424685,5.420319
0.6324916,4640.249,0.08750526,10.265224,-2.4360564,0.8325702,-0.6214897,0.25648117,5.9953127,4.6543136,2.8078313
0.6363064,4395.6963,0.09857523,10.29486,-2.3169353,0.95289475,-0.50427777,-1.5437994,6.6917453,4.9766245,2.9426193
0.65289766,4209.591,0.4415697,10.207832,-0.8174194,-1.2744728,0.33599812,-0.6659993,4.1522293,5.318742,4.5280633
0.640659,4636.2573,0.25582778,10.166172,-1.3632507,-0.5916749,1.5480272,-0.49012625,5.872419,4.8378825,3.2988687
0.64084136,4059.4648,0.36430234,10.294368,-1.0097711,1.1937695,0.1578903,0.4049223,5.871596,5.6555514,4.5610085
0.6449392,4134.8228,0.13400298,10.271991,-2.0098932,-1.7483517,1.4894164,-2.067742,4.686442,3.8518026,3.435764
0.647823,4401.6084,0.34959173,10.220523,-1.0509893,0.63926387,-0.5472521,-0.8709792,5.1138396,5.2036905,4.4250426
0.6494828,4251.8516,0.32006794,10.20092,-1.139222,-0.54324216,1.2326468,-1.156087,5.955706,4.6006684,3.375582
0.6496106,4258.2656,0.31445253,10.208004,-1.1569221,-0.75396377,0.9194075,-1.2727823,5.7044935,4.5292788,3.5956764
0.6316838,4737.72,0.20192833,10.278867,-1.5998424,1.3462615,0.5503466,-0.53312993,4.7332187,4.207932,4.1614933
0.6358454,4490.9185,0.41722617,10.294285,-0.87412685,0.565683,1.9665623,-1.06709,6.349741,4.379383,4.632197
0.6531656,4110.692,0.08107278,10.190864,-2.512408,-0.3412693,-0.58599186,-0.11721421,4.160136,5.0442786,3.332019
0.65124214,4185.6123,0.086563006,10.19085,-2.4468827,-0.10481389,-0.59193206,0.41616094,4.154432,5.2835526,3.373318
0.65056527,4262.61,0.060781874,10.19795,-2.8004637,-0.39542517,-0.5063957,-0.07396365,4.205234,5.4954805,3.5081139
0.6374066,4585.9326,0.042843983,10.26365,-3.15019,-0.32239658,1.3024266,0.661476,4.81808,5.8918157,5.7974043
0.63807976,4534.528,0.035369247,10.261039,-3.3419125,-0.41017517,1.2613965,0.5494993,4.83566,5.75636,5.975973
0.63096106,4624.3086,0.07246679,10.31246,-2.6246269,-0.3379907,1.5376145,-1.1287411,5.054729,4.9416814,4.4880424
0.63033414,4667.18,0.049392756,10.321011,-3.0079515,0.015456537,1.6250983,-1.000768,4.8819656,4.692767,4.3381853
0.6423698,4494.7993,1.8166255,10.26904,0.59698063,1.290966,0.33625707,0.3236583,5.425332,4.8335824,4.4862666
0.63698286,4686.8447,0.02060084,10.216716,-3.8824234,-1.1345371,0.04746632,-0.75614214,4.896193,3.9876657,3.9783423
0.63687515,4543.607,0.41199008,10.268502,-0.886756,-0.51930386,1.4876235,-1.8612503,6.302653,5.7437077,4.3824716
0.64935,4009.3184,0.04377807,10.246327,-3.1286223,0.4348432,0.2720809,0.103059225,4.265819,3.5380743,3.5472822
0.64805293,4267.3486,0.016996067,10.237141,-4.0747733,0.61266184,0.040614612,-0.45417628,4.2231884,3.6914544,4.1833625
0.64580995,4241.045,0.13213491,10.236626,-2.0239317,-0.1810277,1.811472,-0.71537197,4.7075467,3.314126,3.8530967
0.6489143,4132.574,0.14938289,10.240089,-1.9012425,1.7680249,1.1446526,-0.4139052,5.0810924,3.7713027,3.7274466
0.6504622,3985.6646,0.6471817,10.252526,-0.43512818,0.6857454,1.6815348,-1.0711521,4.520983,4.6877007,4.2753882
0.6460522,4299.875,0.060673747,10.266106,-2.8022442,-0.14184198,-0.41059425,-0.26245165,6.1555014,4.343975,3.9386215
0.64127,4430.79,0.14331517,10.250775,-1.9427091,0.3579272,2.1960304,-1.7420361,4.3387794,4.9312363,4.133345
0.64128834,4348.758,0.22702847,10.282001,-1.4826798,-0.058384478,-0.27787575,-0.58941144,5.819768,3.759359,4.1439385
0.64492184,4300.575,0.1571928,10.235991,-1.8502822,0.017034622,1.5037721,-0.87176,4.393753,4.924965,3.7305667
0.6504055,4138.0596,0.09870928,10.237292,-2.3155763,-0.4212905,0.004068272,-0.46615845,6.1960664,3.9434538,4.044634
0.6444913,4485.6147,1.3414344,10.225089,0.29373947,-1.990072,0.28761262,-1.275271,5.5441246,4.478021,4.539024
0.6483717,4448.224,0.3093545,10.1855545,-1.1732674,-4.24806,-0.19347699,-0.5116453,4.708772,4.4969077,3.986483
0.6601611,3638.5913,0.046826545,10.238207,-3.061305,3.9134343,1.1644375,-0.88289213,5.5857644,4.4096456,3.5603228
0.65844667,4065.8777,0.036327202,10.157461,-3.3151884,-2.1973698,1.142556,-0.32575157,4.9350386,4.798886,4.355575
0.64407927,4307.462,0.12403067,10.245593,-2.0872264,1.1830432,-0.07192974,-1.4524276,5.6689,4.110679,3.5964952
0.6597754,3837.6003,0.71921104,10.203468,-0.32960042,-0.10107516,0.62115765,-1.45823,5.082082,4.705395,4.2813096
0.64469844,4390.788,0.19653456,10.222356,-1.626917,-0.8091166,1.5540378,0.019189019,5.3423944,4.3253293,3.7754002
0.6420669,4422.087,0.17376529,10.211772,-1.7500498,-0.7957303,1.917482,-0.21571957,4.5207887,4.893595,4.0399656
0.6451892,4180.3936,0.7320169,10.296378,-0.3119517,1.6087418,-0.36007568,-1.035775,5.4644256,4.827792,4.269535
0.6445048,4333.6074,0.02746543,10.239443,-3.5948272,-0.22986595,2.4445581,-0.82999,4.51175,3.6680799,3.3681936
0.642653,4340.0537,0.819137,10.254029,-0.19950391,-0.79917663,-0.920685,-0.9587194,5.5251164,5.770409,4.122446
0.6419824,4574.6763,0.0540831,10.247882,-2.9172335,-0.052249808,1.1487212,-0.90788263,5.749732,4.2039976,3.7591398
0.6392808,4447.8037,0.072086155,10.241495,-2.6298933,0.2908997,0.66776174,-0.7818117,5.467718,4.357128,3.6229563
0.6408859,4435.4365,0.21310183,10.289723,-1.5459851,0.95337564,-0.056358404,-0.8918933,6.3072,3.9988286,3.5935402
0.64213276,4222.628,0.5878417,10.333288,-0.53129756,-1.223135,0.6485435,-2.3383992,5.088605,4.404818,4.035038
0.6483304,4284.9053,0.6162313,10.186123,-0.48413286,-1.0019939,0.46506417,-0.7158957,4.525938,4.131031,3.856879
0.65060806,4177.9287,0.037837807,10.191393,-3.2744465,-2.1451812,-1.0778793,-0.0871109,4.5698,4.543516,4.322295
0.651811,4245.337,0.06741992,10.226432,-2.6968148,-1.8061974,-0.6511658,-0.0045604766,4.383364,4.693342,4.2738547
0.67441285,3443.141,0.72926366,10.120344,-0.3157199,1.4943599,2.3565688,-1.4241952,5.785567,5.0864925,3.505021
0.66984653,3595.2031,0.11994407,10.118949,-2.1207297,0.9639644,2.0366921,-0.19522904,4.1961017,4.3347626,4.3720436
0.6550361,3980.2925,0.21092169,10.222094,-1.5562683,0.8953687,-0.40496385,-1.7894213,5.7165003,4.5321236,3.396093
0.64989966,4116.4224,0.32141274,10.206098,-1.1350292,0.69332904,2.2877908,-0.7861732,5.8182077,4.153791,4.3486614
0.64817554,4219.909,0.18356815,10.218908,-1.6951693,-0.61392576,0.17864944,-2.04549,4.933264,5.470369,4.212768
0.63746667,4384.62,0.6527613,10.302672,-0.4265438,0.5429923,1.3660034,-1.4524348,4.736509,2.983335,3.876156
0.6378969,4518.0093,0.41565448,10.283948,-0.8779009,1.1317053,0.47320902,-2.2561288,7.3134995,4.908327,3.602618
0.65149033,4185.724,0.06694088,10.191477,-2.7039454,-0.6718934,1.1825297,0.31829697,3.7465007,4.559285,4.7918754
0.6605005,3794.2456,0.65830135,10.185618,-0.41809252,2.0683725,1.2435365,-0.9553634,6.9206944,4.86111,3.034554
0.6594388,3628.073,0.42340088,10.232541,-0.85943586,2.1346364,1.3744131,-1.3131287,6.3502655,4.782162,3.2086153
0.660422,3837.9043,0.8867996,10.19726,-0.12013631,2.4030576,0.601432,-1.2901866,5.0777836,4.0636716,3.8456001
0.6424755,4647.1826,0.05173057,10.17523,-2.9617064,-3.3162403,0.7925703,-0.6577357,5.404312,5.0893393,3.8258665
0.63374037,4958.5195,0.22512296,10.239019,-1.4911085,-0.79315853,0.40551478,-1.5902514,6.294014,4.7133646,3.1643503
0.6590242,3986.9207,0.18984011,10.177985,-1.661573,1.2663325,1.0238277,-0.312524,4.3064237,4.206901,5.305996
0.6565397,3931.5098,0.16334884,10.1301365,-1.8118672,1.9755965,1.2965991,0.0980995,4.129704,4.272732,5.109236
0.66069496,3852.4722,0.21719626,10.191743,-1.5269539,1.9583324,1.0970957,0.28611207,4.2203503,4.360535,5.1278996
0.63754416,4688.454,0.13983087,10.255517,-1.9673216,-1.8887898,0.06251394,-1.5018003,6.1849084,3.9368372,3.161032
0.64166135,4233.6064,0.023513412,10.280194,-3.7501843,2.3010867,1.0412507,-0.6861795,4.735722,3.6419923,4.923709
0.6355905,4460.384,0.40343255,10.337876,-0.90774596,1.6843083,-0.9249308,-1.6398562,5.433754,5.231809,3.6989124
0.63570523,4448.9033,0.7107234,10.309582,-0.34147197,1.9561093,0.5028318,-0.75576204,5.1946583,4.789888,3.6286473
0.644532,4414.9204,0.41031197,10.227406,-0.8908375,-0.1949611,0.8594521,-0.8223303,4.5786304,5.6795416,5.0795913
0.6379138,4456.9775,0.57347125,10.298254,-0.55604744,1.5081152,0.5836131,-1.7027411,6.772562,4.5206714,3.5681195
0.65195465,4133.0737,0.05716352,10.213909,-2.8618393,-1.5186647,0.86765105,-1.8681728,5.305361,3.870013,4.909802
0.63910186,4365.252,0.023784973,10.299459,-3.7387013,1.4888707,-0.78086954,-0.6618301,5.556101,4.6208725,4.078118
0.64170694,4199.4297,0.38484925,10.328856,-0.9549036,0.069549,0.021813333,-2.235381,5.4471703,4.556797,3.7023375
0.6415342,4394.0884,2.5979416,10.27241,0.9547194,0.61645013,-0.30805096,-1.076171,5.5999475,5.1646094,4.687094
0.6681247,3812.064,0.021463867,10.119965,-3.8413844,-1.252323,1.6699331,-0.5253187,4.5303693,3.985146,3.3674934
0.671419,3500.5044,0.38109446,10.152612,-0.96470803,-0.12626164,1.4002297,-1.042011,5.0351787,3.9354215,5.1739826
0.6678472,3763.234,0.5284457,10.0970955,-0.63781524,0.025133427,2.0868697,-0.6359853,5.0460668,3.720942,5.99687
0.6689427,3596.358,0.5572233,10.1442795,-0.58478916,0.0052144,2.1947367,-0.67382866,4.8678336,4.0820284,5.0236483
0.66499317,3792.2065,0.07884416,10.11279,-2.540282,-0.10143301,1.563956,0.45563817,4.9659653,4.661414,3.3927455
0.6340738,4698.7344,0.43891233,10.281175,-0.8234556,0.17554578,-0.48868853,-1.7707626,5.8410883,3.99312,4.2501445
0.6600393,3771.9075,0.16239753,10.209822,-1.817708,-0.010277417,0.99074996,-0.23863795,4.8754377,4.7505646,4.299842
0.6597238,3790.733,0.349012,10.213307,-1.052649,-0.12734662,0.9963573,-0.8057363,5.658966,4.6841598,4.2921534
0.64814967,4098.604,0.93132955,10.259894,-0.07114208,0.98590475,0.87812954,-0.31659216,6.721813,4.9833183,3.7534308
0.6575112,4032.103,0.053500727,10.185974,-2.92806,-1.3033913,0.9692511,-0.8411749,4.1964827,3.8508725,4.0431814
0.65495706,4014.2617,0.044336893,10.222949,-3.1159382,-1.4870924,1.2972829,-1.1672761,4.2737274,4.442951,4.2378554
0.65545017,4242.0986,0.06459933,10.158016,-2.7395513,-0.39934254,0.9547748,-1.4254738,6.999194,4.602275,3.0261462
0.64827424,4110.633,0.37352937,10.266586,-0.9847586,0.0117485095,0.56197816,0.7756473,5.1218367,4.8309083,3.7316196
0.62354106,4839.4976,0.031092914,10.3565,-3.4707754,0.6118047,0.6228301,-2.1898432,5.5851417,4.2655487,5.992678
0.6272322,5195.675,0.048152447,10.284858,-3.0333834,0.3762495,0.905982,-2.6465397,5.9661484,3.966054,6.135633
0.623022,4723.2637,0.012239695,10.383945,-4.403071,1.3125093,-0.5502922,-2.5586028,6.386248,4.3027143,4.961781
0.6368756,4555.7827,0.040001933,10.287075,-3.2188275,-0.22523436,-0.3180825,-1.3675617,4.6877337,4.1060658,5.4608183
0.63726026,4622.087,0.044255476,10.249415,-3.1177762,-0.4248378,-0.15682249,-0.75362164,4.865641,4.5273237,4.54381
0.6397826,4657.6387,0.37029833,10.22537,-0.9934463,-1.9728426,0.72404456,-2.1004589,4.390988,4.0836673,3.2756326
0.64326733,4273.466,0.077337705,10.276961,-2.5595737,0.48512742,-0.014630323,-1.8499162,5.8214726,4.8323107,3.91144
0.6477372,4362.481,0.26130262,10.168883,-1.3420761,-1.3922986,1.2691768,-0.17623383,5.193329,5.1117854,4.5228686
0.6510005,4146.877,0.03513202,10.237064,-3.3486423,-0.3682918,1.8860023,-0.6870223,6.840913,4.398132,3.4018753
0.64269227,4463.1133,0.039482515,10.280328,-3.2318974,0.11221501,-0.15523672,0.3885401,5.8432474,4.064463,5.8327246
0.6411445,4390.2134,0.036818743,10.241452,-3.3017483,0.104791015,0.07822638,0.2498061,5.7194204,3.8866181,5.7079525
0.6359122,4680.209,0.08087684,10.247127,-2.5148277,-0.60714954,0.6608676,-2.5861087,4.9143915,4.8568096,3.2994614
0.64192945,4150.286,0.36507276,10.298457,-1.0076586,0.1901428,0.7224856,-0.37901148,4.7709613,3.739179,4.6476016
0.6444269,4474.1206,0.42415014,10.217904,-0.8576678,-0.0068727024,1.2018566,-0.10420455,5.959098,3.7252765,4.4045463
0.6386823,4596.3877,0.506312,10.237784,-0.68060213,-0.21085608,2.6205018,-0.8182365,5.3184795,3.196426,3.8180327
0.6381801,4667.485,0.13049902,10.21407,-2.0363896,-0.034680154,2.803542,-0.38379407,4.885958,4.0462794,3.8612733
0.6415818,4418.477,0.22627646,10.256197,-1.4859978,-1.8648372,0.5519931,0.7370399,4.576944,3.5534728,4.0017924
0.6446076,4547.0054,0.065384775,10.187901,-2.7274659,-1.1273469,0.7086938,0.76791024,4.454418,3.4665637,4.171039
0.6361619,4565.38,0.032607872,10.275651,-3.4232016,0.33340028,1.2282783,-1.4720578,6.149166,5.1629696,4.0325537
0.63655686,4491.1094,0.06393628,10.287628,-2.7498684,-0.022598019,1.2408538,-1.353991,6.2488456,5.6032295,4.238656
0.6351651,4659.161,2.2313282,10.292171,0.80259705,0.2805192,1.6369059,-1.7798952,5.3630743,3.7539613,5.1049304
0.63531554,4424.752,0.21214594,10.31715,-1.5504808,1.400027,2.0212398,-1.8300159,5.083036,3.3499568,4.118329
0.6321019,4553.964,0.89516103,10.301096,-0.11075168,1.6430464,1.9801606,-1.6347433,5.513408,3.436593,3.5067213
0.6402649,4282.911,0.5011212,10.323645,-0.69090724,1.0894557,0.32645392,-2.8846457,7.080781,3.6560261,3.4931977
0.6400174,4457.6436,1.1006218,10.282216,0.09587527,0.973761,0.40024537,-2.280808,6.2381196,3.5191324,3.2121747
0.64450467,4282.7705,0.07003511,10.259184,-2.6587586,-0.5858864,1.1268781,-0.43515512,4.077489,4.6769776,5.2648096
0.6418283,4546.7954,0.78619856,10.22997,-0.24054588,-0.59670323,0.333334,-0.75253004,4.7255073,4.56805,4.042266
0.6356965,4495.247,1.0391017,10.304923,0.038356557,-0.67863894,0.45353597,-0.1993711,4.8757563,4.457138,4.234905
0.65404725,4181.3267,0.015870877,10.172488,-4.1432695,1.0108249,1.3844832,-1.1817644,6.1037893,4.231496,3.8698359
0.6527844,3897.5425,0.08831707,10.237728,-2.426822,1.5572691,1.4594337,-0.98980635,5.318977,5.0189924,3.424038
0.6455989,4288.1606,0.35826197,10.243492,-1.0264908,-0.3716489,0.19776829,-0.7570013,5.2044954,4.2566204,5.085582
0.6439444,4338.1885,0.24072734,10.261485,-1.4240904,-0.58654666,0.23536657,-0.4136453,5.069706,4.0494757,4.7075086
0.6481732,4154.5347,0.14319456,10.2394285,-1.9435511,0.7969782,1.0069813,-0.23951703,5.223586,3.2191486,3.8505287
0.651795,4144.153,0.67532784,10.205431,-0.39255705,-0.97085786,0.8509936,-1.2902759,5.585492,6.069744,3.8297906
0.6532414,4113.8394,0.21486308,10.204104,-1.5377543,-0.5260991,1.1595231,-0.4937861,4.7822976,5.1579647,4.2765265
0.66014755,3938.9133,0.09615017,10.148746,-2.341844,-0.09862805,0.8471256,-0.96420026,6.1559424,4.107734,3.3888357
0.6607357,3953.0728,0.1311013,10.174719,-2.031785,-0.14533235,0.9311995,-1.166274,6.188095,4.13247,3.4240477
0.6478375,4158.8115,0.9133735,10.249432,-0.09061045,-0.109860346,0.54042965,-3.1668704,5.309003,4.2177086,4.6981378
0.6498557,4185.4346,0.09412043,10.232477,-2.3631802,0.6281467,-0.1410585,0.94132173,4.8647327,4.307529,3.943924
0.6523495,4070.3484,0.982478,10.222268,-0.017677315,0.081366844,1.4010639,-2.8759959,5.4342766,4.8456564,4.065245
0.6562948,3882.1868,0.32399857,10.194216,-1.1270162,1.2812488,2.038345,-0.14216273,3.8970582,3.3851123,2.9712605
0.6532148,4193.9053,0.192267,10.173114,-1.6488702,-1.5950468,-0.7627629,-1.1114832,6.9268126,5.4756784,4.859855
0.65053284,4005.3755,0.11184856,10.241315,-2.1906095,1.2404375,0.1165867,-2.1322436,3.4424236,3.6976314,3.4751604
0.65692496,3921.0833,0.308559,10.215989,-1.1758422,1.1079785,-0.121097766,0.5593335,5.4827805,4.0143385,4.0218434
0.6286992,4957.838,0.13116701,10.289745,-2.0312839,-1.0989524,0.41553319,-2.8359437,6.242838,4.6138163,3.3702178
0.6367322,4837.376,0.26227918,10.22649,-1.3383458,-0.22026569,0.47394645,-0.8934176,5.5548286,4.4818907,5.9432826
0.6337332,4770.831,0.63632536,10.266176,-0.4520453,-1.8977864,0.22979815,-0.76448476,6.1657352,4.742861,5.182993
0.633909,4774.868,0.4210248,10.252701,-0.86506355,-0.45750046,0.025808364,-1.5190331,4.3012986,5.9343243,3.9148457
0.62921816,4877.6523,0.20163533,10.264775,-1.6012945,-1.2047118,0.5714728,-0.34617883,4.149563,5.728825,3.0658164
0.6675568,3490.054,0.1226611,10.205259,-2.09833,1.6522702,1.2253625,-1.4795638,6.461008,3.531465,5.2609096
0.649924,4051.9478,0.7297207,10.240912,-0.3150934,0.266561,0.28224683,-0.5457266,4.042549,5.3985147,2.9882653
0.6403182,4295.406,0.025408195,10.2979965,-3.6726835,0.034163274,1.3426307,-1.4680376,6.88253,4.0183945,5.195116
0.64400005,4356.446,0.008884061,10.200511,-4.7234964,0.333771,0.6751983,1.1759381,4.634557,5.2516856,3.5915253
0.63940406,4320.825,0.011613264,10.295745,-4.4556074,0.7655893,1.5551914,-2.0976124,6.1720877,3.8501275,3.172201
0.6443855,4375.778,0.012765445,10.229888,-4.3610134,0.6724189,0.60762143,-0.071364105,6.0916424,4.0250974,2.7786617
0.6543015,4171.358,1.2163582,10.174695,0.19586125,-1.4363053,1.0063051,-1.5532644,4.4088736,4.9499254,5.724352
0.6579485,3818.5562,0.726982,10.242601,-0.3188536,0.35807455,0.016901955,-0.49081802,4.872796,4.3245687,4.2936783
0.6388756,4678.268,0.18290725,10.230611,-1.6987761,-0.99491066,2.2710369,-2.2630045,5.845223,4.216414,3.0814462
0.63962525,4555.327,0.21032256,10.239183,-1.5591129,-0.7278932,2.151548,-2.15176,5.8934937,4.299178,2.9946585
0.6360495,4331.833,0.25252417,10.325959,-1.3762484,0.7588233,0.46741,1.1420957,4.6030087,4.854927,5.6059113
0.631281,4523.7705,0.08610291,10.328687,-2.452212,0.21509758,0.82424057,0.62703246,4.84002,4.341239,5.840202
0.6504395,3892.4375,0.13184799,10.276622,-2.0261056,-0.6575138,0.7587035,-2.4301987,5.1154633,4.5731244,3.07049
0.6407111,4178.4434,0.21957348,10.316316,-1.5160683,0.18821369,1.7874975,0.6807956,5.516975,4.6524043,5.3507657
0.6309383,5152.5264,0.3510645,10.211932,-1.0467854,0.40491498,-0.4043106,-1.8676809,5.8273864,4.392556,4.050587
0.6313401,5133.0303,0.27936736,10.225756,-1.2752277,0.54385364,-0.4291974,-1.8859215,5.8407235,4.426124,4.062609
0.6507055,4058.8,0.1865995,10.24656,-1.6787907,-0.2479132,0.87770927,-1.3315972,5.2020855,4.6137414,3.8827324
0.6585001,4082.9292,2.9877799,10.186314,1.0945306,-0.60789996,1.192288,-1.8421649,5.369634,4.0486336,4.0863757
0.6565473,4052.511,2.8048458,10.203955,1.0313486,-1.186935,0.45743784,-1.849313,6.259543,4.133503,4.2491994
0.65481323,4003.2246,0.008959228,10.198862,-4.715071,0.56809783,1.223474,-0.03864085,4.679725,5.2304554,3.3603778
0.6465932,4235.9365,0.2552382,10.199683,-1.365558,0.72193116,2.608253,2.0763195,4.9993362,6.965721,4.2671013
0.6397117,4500.881,0.07187865,10.283426,-2.632776,-0.7278496,-0.22147125,-2.0641403,5.1352906,3.472387,3.7446191
0.64156497,4542.7876,0.10869612,10.236272,-2.2191992,-1.2470888,1.1030395,-1.4713218,5.7431,4.0463576,2.64824
0.64475214,4522.8037,0.19614677,10.228098,-1.6288921,-1.1595165,0.6073181,-1.3029506,6.333085,4.1982684,3.689263
0.64243966,4564.931,0.11308635,10.23166,-2.1796036,-1.5337492,-0.12504941,-1.1336311,5.5824513,4.1307287,3.6700048
0.6510148,4008.9062,0.22355871,10.270024,-1.4980812,0.23747164,-0.062277276,-2.3639424,4.5824966,4.3227787,4.1641717
0.65432763,4197.8438,0.044473402,10.191106,-3.112864,-0.7736898,-0.07722494,-1.4717398,5.146691,3.9423826,4.004747
0.6616255,3847.9597,0.077425465,10.20523,-2.5584395,-2.5276563,-1.0047797,-1.9248136,6.209653,3.8456836,3.092191
0.6599929,4182.535,0.051816877,10.145474,-2.9600394,-1.8669176,-1.8326777,-2.6109102,7.075315,3.9364562,4.254877
0.65879804,4151.782,0.038688026,10.175092,-3.2522252,-0.9963196,-2.0225682,-2.7621539,6.9595876,3.7288167,4.4010262
0.65078413,3925.2769,0.3479184,10.275892,-1.0557873,-0.15549123,0.21070306,-2.447655,5.1768556,4.7546706,4.310236
0.64282453,4061.5776,0.07973651,10.284021,-2.5290277,0.78610176,1.3546244,-0.70126265,5.702285,4.1439114,3.7392886
0.64417547,3861.7708,0.0869575,10.323303,-2.4423358,2.7067618,0.6120483,-0.57246965,5.179274,3.7175574,4.0220613
0.6447658,4361.7017,1.2535168,10.234408,0.22595303,-0.86914986,-0.05998576,-2.3520715,5.9282827,5.5691643,3.6362765
0.65318084,4113.3047,0.063661054,10.216451,-2.7541823,-0.9644877,-1.4176658,-0.8760837,5.3188033,4.984763,5.1114044
0.6440787,4348.8,1.3894551,10.263423,0.3289116,-0.16482271,0.9275771,-0.50851345,4.030551,3.4705682,3.9797368
0.64228714,4500.5767,0.048038486,10.213054,-3.0357528,0.011778574,1.8765252,-1.0056953,5.2778664,5.9494,4.186687
0.644563,4335.797,0.6989135,10.255471,-0.35822827,0.5339686,0.5793062,0.25191146,5.0385065,3.199242,4.047563
0.64322686,4338.292,0.5239341,10.243956,-0.6463893,-0.23892386,0.59202087,0.031784065,5.260153,4.289174,3.8998375
0.64663196,4373.0845,0.7079028,10.205951,-0.3454485,-1.0261953,1.2589151,-1.862668,5.411644,4.664937,3.5651076
0.65788263,3784.6802,0.102589324,10.227238,-2.2770214,0.94549924,-0.053419326,-0.60040957,4.9375234,4.176086,3.6325686
0.6557163,3943.4949,0.009677692,10.197575,-4.637932,2.2830002,1.3363097,-0.8342536,5.3433228,5.415492,3.721125
0.65576184,3811.162,0.056989666,10.236086,-2.8648853,1.8366487,1.8198723,-0.3125695,6.124652,3.8301067,3.1374214
0.6585494,3920.8547,1.3215723,10.221528,0.27882218,-0.37469608,-0.5931765,-2.120847,4.1037416,4.584335,4.5365343
0.64642864,4079.524,0.012006902,10.2854,-4.4222736,1.7527523,0.052701738,-1.4209199,5.2791543,4.1298738,3.5934005
0.64239085,4253.821,0.07424674,10.282909,-2.6003613,0.838055,0.5252442,-0.3422709,5.0161877,3.945958,3.7113936
0.65135705,4202.618,0.5572188,10.210247,-0.5847973,-0.55039924,0.95985144,-0.8334488,5.138726,3.5437737,4.5201435
0.6655066,3571.1606,0.27822483,10.193783,-1.2793257,1.2582569,0.2787298,0.057367116,6.613502,4.1243324,4.7752604
0.66617984,3753.2886,0.013294885,10.136386,-4.320376,-0.95406574,1.5254838,-1.3613075,4.1481724,4.5867033,3.4277241
0.66651034,3768.3276,0.010966701,10.125555,-4.512892,-0.8120336,2.1989114,-1.7448461,4.2354507,4.11009,4.061219
0.6700758,3610.2598,0.16194782,10.119068,-1.8204811,0.45581794,1.5305573,-0.13152331,5.837412,5.357934,4.1906476
0.6507881,4146.9443,0.27060664,10.23633,-1.3070891,-0.8459299,0.21237949,-1.8913472,4.6480474,3.2249267,3.871883
0.6512332,4066.6118,0.28064394,10.256287,-1.2706685,-1.570984,0.18615262,-1.1420348,4.6402907,3.009249,3.9926383
0.6495099,4218.677,0.09790752,10.21148,-2.323732,0.0023563951,-1.2045443,0.38585964,4.8232646,5.257217,4.6869683
0.6509261,4146.4443,0.18959153,10.216578,-1.6628834,-1.4880538,-0.42613176,0.15847889,5.171001,5.1732645,4.8627872
0.6615559,3827.5483,0.088573396,10.1951065,-2.4239237,0.32988733,1.7092689,-1.773963,5.1616445,3.1975393,4.022276
0.629899,4705.982,0.31427547,10.314891,-1.1574854,-0.46528625,0.6711906,0.8942144,5.7719193,6.5704813,4.014155
0.6489378,4022.5144,0.1313039,10.302156,-2.0302408,0.53403604,1.1985949,-2.415737,4.924469,3.308741,4.10595
0.63904583,4559.1035,0.2894665,10.264316,-1.2397157,-0.6885992,0.31635123,0.45534208,5.4298754,6.388575,3.873513
0.65464365,4051.5305,0.81499076,10.202926,-0.20457853,-0.3436626,0.66099924,-1.9743006,5.525617,3.6236901,4.030122
0.6584873,3857.8203,0.2143074,10.188047,-1.5403439,-0.43513665,1.1295613,-1.246344,4.4606495,4.558557,3.6278381
0.66060966,3821.5676,0.7977764,10.152454,-0.22592689,1.4022738,1.4514549,0.46305904,5.102228,4.428358,4.017115
0.6599167,4012.2578,0.0678103,10.159089,-2.6910412,-1.4174305,-0.01291113,-2.1381245,5.143424,5.11927,3.7168226
0.6643033,3791.6582,0.02935971,10.15462,-3.528132,-0.3645817,0.08954114,-0.9258471,4.9883976,4.072076,4.296403
0.6447429,4330.796,0.020978346,10.229846,-3.8642645,-0.93165237,1.4480011,0.71896255,5.291576,4.507917,4.577062
0.6463449,4219.429,0.307072,10.258362,-1.180673,-0.99649334,0.27661535,-1.1147915,4.9271126,5.8218703,3.2413144
0.6478811,4209.2866,0.30275515,10.232896,-1.1948309,-0.6291084,0.24309108,-1.7742444,4.4994197,5.722539,3.1709013
0.643182,4210.6416,0.508017,10.286438,-0.6772403,-0.28104073,0.7655547,-1.9725919,4.820895,5.31583,3.3818932
0.63473487,4282.787,0.017907351,10.3332,-4.022544,0.6135263,1.5389527,-0.6356342,5.746352,4.0546336,5.341098
0.6435145,4617.798,2.0334413,10.204014,0.7097296,-0.57944375,0.41957423,0.23030348,4.7911806,3.8509583,4.4388647
0.6575885,4009.97,0.00700123,10.164825,-4.9616694,0.034919325,1.8347338,-1.5030589,5.8033257,5.136483,3.4800477
0.6537719,3898.0254,0.024290431,10.256912,-3.7176728,0.6036613,0.4371544,-0.99883926,5.4614887,3.6908567,4.2844763
0.6466118,4262.4307,0.015039785,10.225195,-4.1970563,0.9345496,0.29525638,0.19001448,6.0918393,4.8573146,3.60091
0.6450798,4450.1367,1.9159553,10.226544,0.65021634,-0.90672624,1.0444975,-1.7985432,4.3065453,3.8637633,4.1819763
0.6470902,4119.54,0.13083628,10.270456,-2.0338085,-0.074055485,-0.46721923,-0.34286085,5.715911,3.8323495,3.967348
0.6451967,4370.667,0.46285915,10.244726,-0.77033246,0.17000625,0.46066213,-3.4585915,4.81232,5.114235,3.3100038
0.6507274,4240.2393,0.105887055,10.176993,-2.2453823,-0.82975376,0.8419951,1.7934546,5.639577,3.8552089,4.7818136
0.6551001,4039.9883,0.008979261,10.2024,-4.7128377,-0.72634137,1.5940716,0.63720024,6.022806,3.7895634,4.4333215
0.6584543,3977.412,0.26976645,10.185263,-1.3101987,-1.0585909,0.6065654,-0.19639358,4.688756,4.0740457,3.5734441
0.6312629,4687.4365,0.010733709,10.297577,-4.534366,0.4788933,0.88748485,-2.0291646,5.6651773,4.710704,4.4416513
0.6455449,4333.041,1.004788,10.230952,0.004776649,0.14541365,1.0169669,-0.41157702,4.8512726,4.428671,3.883104
0.6416759,4311.345,0.12263899,10.249543,-2.0985103,-0.25210875,0.016681982,0.95193404,5.6617966,4.3529673,3.6735003
0.6388812,4623.368,0.23521043,10.203204,-1.4472747,-0.05099794,3.0028336,-1.3175887,5.586377,4.493807,4.051912
0.6297162,5070.5913,0.108136654,10.18363,-2.2243595,-0.6633033,0.9448698,-0.9732984,5.355307,4.8703737,3.1373663
0.6482905,4195.814,0.51118004,10.2125,-0.6710334,1.4720156,-0.14440645,-0.08516127,5.7068768,4.7248487,4.8340282
0.66275173,3959.7715,0.09179459,10.126682,-2.388202,-0.34466997,1.9091558,-1.3531742,4.488616,4.2209096,3.5471785
0.66324073,3938.6477,1.0170008,10.1450615,0.016857913,0.016174398,-0.14163955,-0.99407697,5.850072,4.494069,4.41636
0.6409246,4516.993,0.03654427,10.246541,-3.3092308,0.18627927,0.922102,-0.40343454,5.1848736,4.886134,3.2738428
0.64071214,4469.399,0.013391397,10.251915,-4.313143,0.21229705,0.30775326,-0.31820846,4.087273,4.551258,3.633641
0.62246805,5003.7983,0.11599984,10.341493,-2.1541665,1.5231669,2.3195581,-1.6081771,5.6315393,4.00435,5.2866554
0.6411397,4470.9736,0.014326749,10.257005,-4.245627,-1.1421626,-0.82030654,-1.2548947,5.0726404,4.5395865,3.458021
0.6392979,4552.289,0.00442156,10.226658,-5.4212627,-2.0268886,-0.5154199,-0.98098636,4.783001,5.862694,3.0040386
0.63689995,4516.925,0.12151188,10.270348,-2.1077433,1.8597538,2.4957032,-0.61692715,6.0261574,3.6870322,4.8600616
0.6441426,4483.036,0.10931174,10.202027,-2.2135515,-0.6537074,-0.2007819,-2.2197158,4.876058,5.481145,3.7884712
0.6474068,4031.7778,0.0056416383,10.268578,-5.177581,0.36479852,-0.119984336,-0.03597361,5.7415643,4.1269383,5.2192745
0.64928627,4155.421,0.010440515,10.239618,-4.5620613,-0.14286247,-0.30855426,-0.75146484,5.1023,4.156532,5.0437765
0.6348293,4737.1963,0.032422602,10.246399,-3.4288995,-0.1733945,0.6311872,-0.4521934,5.896969,6.1091166,3.9120336
0.6398152,4629.7183,0.018427568,10.216065,-3.9939075,0.0697987,1.8773651,-1.4216416,5.296508,4.905783,3.798037
0.64532757,4360.202,0.054016776,10.21068,-2.9184606,-0.6558256,1.2126124,-0.9871102,4.295662,4.6902223,3.582116
0.6401805,4540.7725,0.78903234,10.248728,-0.23694792,-0.25380388,0.73168737,-0.59988755,6.5788813,4.543266,4.1325755
0.6496819,4266.11,0.07326949,10.215821,-2.613611,-1.6031383,0.19911328,-1.7999029,4.2058063,5.438592,2.9632285
0.63657916,4636.5786,0.1106742,10.258502,-2.2011645,0.049509156,1.2933798,-1.1042656,4.8100905,4.4599547,4.106291
0.6445405,4394.5195,0.032825004,10.252768,-3.4165647,-1.0789804,1.1509738,-0.07191938,4.979499,4.840698,4.6734147
0.64206654,4199.3564,0.52446926,10.309569,-0.64536846,1.6179191,0.6291827,-1.903993,5.478369,4.323046,3.6316087
0.6416284,4292.2603,0.5494667,10.260423,-0.59880704,1.8698014,0.8659482,-1.0319756,5.6442714,3.9862351,3.7813275
0.6446596,4227.5366,0.99524885,10.301934,-0.0047624796,-0.21371174,0.53111094,-1.7106104,6.0684094,3.8919325,4.3465114
0.64517826,4391.7627,0.37501767,10.23426,-0.98078215,1.1807922,1.2983762,-0.6918467,5.0849633,5.4121714,3.7363892
0.6391121,4701.387,0.08835649,10.255267,-2.4263756,-0.5119141,0.7679273,-2.0314865,5.4425116,3.8679528,4.9324884
0.63866985,4437.021,0.4784093,10.304466,-0.73728865,-1.0118829,-0.07649817,-1.7349328,5.434889,4.3718667,3.4034042
0.65279317,3937.7876,0.005267155,10.25488,-5.246265,0.7065905,1.1622553,-0.4980299,4.132984,4.750438,4.070382
0.6517103,4012.1763,0.0018029772,10.236583,-6.318316,1.1925617,2.0060968,-0.28878364,4.3306785,4.9347486,4.089343
0.6511849,4103.9155,0.14264049,10.20046,-1.9474279,0.20468277,0.006494397,-0.5247492,5.6656194,4.556708,4.3826833
0.6524247,4202.214,0.3133554,10.17995,-1.1604173,0.5215582,0.4358195,-1.034571,5.325347,5.112353,4.195416
0.64271367,4410.966,0.09981197,10.254195,-2.3044672,-0.34097248,1.2657374,-1.1423,5.408496,3.7898717,4.580187
0.63143224,4689.046,0.21378668,10.2967205,-1.5427766,0.24534458,0.80425483,-0.93957376,5.0173745,5.3923984,3.4985552
0.6450465,4396.2266,0.65886325,10.26149,-0.41723928,1.7991159,0.14710385,-1.9304075,4.6453686,3.242873,5.547182
0.6585891,3922.3972,0.04518722,10.174587,-3.096941,-1.6866817,0.3529268,0.6501422,6.2142663,4.677247,4.008179
0.66074455,3697.0337,0.23486675,10.236199,-1.4487369,2.0216599,1.0364531,-1.3459331,4.419757,3.6145399,4.809054
0.6590235,4133.92,0.03576443,10.163871,-3.3308015,-0.7120797,-0.06265528,-1.6375108,5.9234114,4.4158964,3.412901
0.6423639,4240.1353,1.5179292,10.2682295,0.41734704,0.5653063,0.9467101,-0.9601225,4.789324,4.330026,4.0878444
0.6428734,4328.066,1.8486772,10.27236,0.6144703,0.2337484,0.3591309,-0.138243,4.3299584,3.8429196,4.595992
0.6469553,4237.2617,0.6087383,10.242629,-0.49636677,0.29544598,0.3381029,0.21526904,4.301857,3.9076657,5.259622
0.64206547,4451.605,0.016624717,10.223355,-4.0968647,0.101931676,0.44022295,-0.77710533,5.8644886,5.0554085,2.8128653
0.65046155,4254.846,1.9564917,10.217855,0.67115295,0.69573075,0.63538814,-0.51747715,4.7074256,3.7127452,5.19038
0.6368969,4717.6904,0.011971349,10.241859,-4.425239,-1.1101923,1.3173316,-0.5981123,5.4965515,4.042608,4.127364
0.64016664,4424.415,0.84566045,10.283926,-0.16763732,-0.33204013,0.7094896,-0.60882896,5.560241,3.9360442,5.013116
0.6436184,4366.449,0.032792106,10.26061,-3.4175675,-0.7278522,0.65460634,-2.1583166,4.7442336,4.3304605,3.2322717
0.63644075,4485.173,0.023825178,10.284377,-3.7370124,1.156543,0.31634986,0.81006074,6.149304,3.5007138,4.392501
0.6471606,4198.454,0.06210574,10.260717,-2.7789168,-0.4089581,2.013133,-2.346283,3.9781806,4.7421827,4.134359
0.647039,4119.5703,0.08965646,10.263726,-2.41177,-0.526637,2.2774737,-2.2432868,4.097823,4.3469343,4.584583
0.63969743,4453.009,0.7644173,10.268427,-0.2686414,1.4642441,0.99694246,-1.8548193,4.7132206,3.9543285,3.3544154
0.65625376,4084.0156,0.1465191,10.157917,-1.9205996,-1.0688425,0.5834539,0.11390565,5.473598,5.5807457,4.7064834
0.64556456,3992.515,0.3771076,10.257328,-0.97522473,0.91348076,1.8832967,-0.6279054,5.214627,3.8964,3.5336173
0.6408405,4489.387,0.050853893,10.249179,-2.9787986,0.7716821,0.8119341,0.75121105,5.0843344,4.0535374,3.9351606
0.64594287,4107.2837,0.3385956,10.254059,-1.0829488,-0.008333041,1.5312601,-2.5629547,6.900048,4.873595,4.758005
0.6450306,4416.2744,0.037902653,10.22277,-3.2727342,0.5398784,-0.48105276,-2.9196424,6.208379,4.4110575,4.073875
0.6430685,4645.659,0.036531433,10.228201,-3.3095822,0.12036545,-0.2890855,-2.33896,6.071663,4.4842873,4.093454
0.6427044,4473.7627,0.017737757,10.252881,-4.0320597,-0.47236064,-0.06706522,-2.4919076,5.7306466,3.9641287,3.6290107
0.6454232,4600.179,0.25260034,10.103819,-1.3759468,-1.879065,2.131709,0.84643984,4.777575,4.789243,4.5471444
0.6427317,4561.1416,1.17889,10.150501,0.16457328,-1.3346677,2.74065,-0.40650144,4.831319,4.388279,4.538061
0.64936996,4180.122,1.9069651,10.193401,0.64551306,-0.8223397,2.024868,-0.088626795,4.956831,4.507685,4.571622
0.63746786,4517.0435,0.023281682,10.242402,-3.7600884,-0.5659286,1.9336429,-0.47988242,5.116271,4.178083,3.7168634
0.6352122,4649.4214,1.2845587,10.279339,0.25041518,0.0047102235,0.8137447,-0.35685977,5.388248,4.586368,3.9228585
0.6587125,3947.442,0.014016054,10.1997795,-4.267552,0.116273314,0.7057084,-1.4969293,4.7527122,4.3428564,3.9593492
0.6566971,3941.4507,0.027394962,10.208466,-3.5973961,0.7743176,1.7124763,-0.6140996,4.830907,4.843491,3.884212
0.6606879,3989.692,0.21911749,10.156411,-1.5181472,0.39242604,0.42341232,-0.03204135,5.6288714,4.3956785,3.3087852
0.65758026,3926.3638,0.16234475,10.206689,-1.8180331,-0.39339176,1.537593,-0.7403422,4.324715,3.6319516,4.2092338
0.6559426,4073.7534,0.050953787,10.155875,-2.9768362,-1.0941556,-0.41587913,-0.77003825,6.5501986,4.8418036,3.4064236
0.6560093,3992.3054,1.652524,10.207331,0.50230384,0.3862681,1.3544061,-0.77311206,4.3105397,5.136942,3.8897269
0.65106606,4136.1665,0.21398348,10.219454,-1.5418565,1.3459542,0.6909478,-1.0459951,5.5928593,4.122322,4.1319404
0.6542381,4107.901,0.5692486,10.187139,-0.563438,-0.8486323,1.2963883,1.1260331,5.647585,5.032921,3.5967476
0.6453116,4056.7039,0.063014574,10.286334,-2.7643893,0.9175402,0.084711276,-2.5114522,4.9726524,3.8634906,4.020765
0.653806,4251.9634,0.079751894,10.180328,-2.5288348,-0.13065362,1.7652632,-2.224211,4.5288405,3.980619,3.3536966
0.654861,4020.269,0.3708719,10.19939,-0.9918986,0.6095423,0.88343966,-0.3231662,5.0202937,4.7901917,3.4282157
0.65796584,4063.4758,1.8796146,10.167265,0.63106674,0.22034343,0.986103,-0.10291561,4.8618007,4.6269555,3.1354578
0.65243965,4017.6243,0.013120479,10.273914,-4.333581,0.00035763677,-0.98608226,-1.4810741,4.4275723,5.186372,4.3701763
0.63260114,4656.3247,0.668442,10.257974,-0.4028056,-0.5888296,1.8899916,-0.4913037,5.953277,4.625803,3.4608123
0.6599318,3959.9739,0.053257916,10.165926,-2.9326088,0.68352395,-0.4016917,-1.2687001,5.5127316,4.1475906,4.7252874
0.63407075,4829.646,0.7659353,10.22526,-0.26665762,-0.41470173,2.230692,-0.9359703,4.656551,5.2642965,4.1482086
0.62523204,4777.796,0.03444766,10.349429,-3.3683143,1.5854203,1.1967502,-1.3653468,5.3939185,4.840414,5.308644
0.6347845,4660.942,0.09377207,10.264358,-2.3668883,0.8094785,-0.31397924,-0.164279,5.16507,5.23648,3.9199064
0.63518107,4815.1426,0.20560698,10.226226,-1.5817888,0.61445636,-0.35190052,-0.2858523,5.4771814,4.808815,4.3145394
0.6362327,4413.9355,0.20339184,10.304206,-1.592621,0.1182718,1.3750069,-2.6470864,4.9204426,4.8581414,5.2982697
0.6456937,4274.5625,0.3471204,10.254646,-1.0580835,-0.7624687,1.7608342,-2.4190917,5.564552,4.489664,4.674166
0.6502825,4208.3813,0.09037319,10.212097,-2.4038076,-0.092421375,-0.14253369,-1.4329202,5.6139584,4.063847,3.4278946
0.64034367,4386.768,1.0324274,10.304292,0.031912748,-0.18587093,0.3589953,-1.129801,6.0223927,4.956034,4.545809
0.66189146,3738.2437,0.05059142,10.177774,-2.9839733,0.019511497,1.1403886,-0.79151595,4.2945375,4.0019674,3.2402878
0.64375246,4286.2954,0.030057259,10.26579,-3.504651,-0.94368315,1.0436891,-0.63812387,5.841628,4.252181,4.500072
0.6454292,4231.1533,1.0667284,10.25822,0.06459631,0.90876496,1.9149716,-0.67620194,4.0745373,3.6507146,2.9707646
0.63916105,4683.116,0.013754662,10.25881,-4.2863774,-1.5038993,0.731044,-2.1490467,6.5258574,4.5018454,4.883771
0.63684124,4777.0913,0.03315488,10.2205305,-3.4065654,-1.4872661,-0.2168583,-1.1003389,5.5393534,4.4669538,3.874507
0.63210106,5072.4375,0.01093035,10.194841,-4.516212,-0.35465923,0.1547735,-1.0806524,5.8748636,4.764896,4.3138433
0.631892,4614.809,0.084175706,10.329281,-2.474849,-0.6322565,0.6858094,-1.2534809,4.781461,5.5638814,4.6863947
0.62763953,5125.8145,0.3306421,10.22736,-1.1067188,0.6300599,1.4021717,-0.6349898,5.7797174,5.321452,4.888101
0.63132095,4756.175,0.15354863,10.278518,-1.8737379,0.96369463,1.9529183,-0.9511309,6.1220875,6.5334883,4.4656234
0.62892306,4645.3896,0.21952407,10.320355,-1.5162934,1.6073964,1.0245183,-0.92325133,7.332114,5.8612065,4.8754416
0.6259752,4813.953,0.46980804,10.324422,-0.7554311,0.2683338,0.67891985,-1.7198023,4.605118,3.6591253,3.9790092
0.6361604,4579.9395,0.035850234,10.252436,-3.3284051,1.2318985,1.0997218,0.11201108,5.5490594,6.7448225,4.073267
0.65734935,3958.377,4.8397155,10.225894,1.5768559,0.06629331,1.6419566,-0.43331468,5.4232836,5.1071196,4.2326107
0.6534953,3895.2046,0.0018594569,10.263498,-6.287471,0.2902337,-0.09521225,-1.2461702,5.092231,3.9939916,3.8541718
0.64593923,4170.481,0.0010749474,10.269228,-6.8354836,1.5831147,-0.27051753,-1.2626961,5.0169787,4.9180403,4.1955543
0.6474989,4077.8782,0.00087284367,10.273049,-7.043754,1.2719007,-0.8513791,-0.5717901,4.933646,5.5591574,4.271695
0.63984597,4337.8433,0.0037699079,10.275798,-5.5807047,0.5425619,-0.35347545,-0.1363627,5.044812,4.9818573,3.8910913
0.6457315,4196.0195,0.2131815,10.249053,-1.5456114,0.8001338,1.5785131,0.33506286,4.7182517,4.2520075,5.1854477
0.6474282,4164.301,0.04026766,10.252037,-3.2122066,-0.858567,-0.24438348,-1.703963,5.9772944,4.5053453,2.7929854
0.64699507,4309.248,0.032251585,10.242512,-3.4341881,-0.96704906,-0.014870109,-1.7768809,5.8449097,4.3202744,2.893155
0.6433756,4276.997,0.027033681,10.297634,-3.6106718,-0.1428821,0.0045485697,-2.835054,5.370467,5.1402593,3.3006399
0.6498098,3994.6738,0.64397025,10.228719,-0.44010276,-0.54849416,1.5865452,1.0938014,5.1359053,4.085788,5.0523896
0.6353856,4806.2783,0.09104921,10.273107,-2.3963552,-0.2748246,0.0076291147,-3.4231372,5.21187,4.8179603,3.0656936
0.6351303,4824.5576,0.042628758,10.283915,-3.1552262,-1.2462748,0.2663603,-1.5201837,4.8537803,3.7207336,5.195178
0.641637,4543.2427,0.028377997,10.237168,-3.5621412,-0.32150054,-0.27335364,-0.24240693,5.157109,4.4825463,4.148344
0.6393331,4425.3164,0.15530145,10.273986,-1.8623872,-0.5131957,0.09297182,-0.71162,4.403649,4.981705,4.6843405
0.64825684,4370.138,0.24389365,10.209047,-1.411023,-1.5728316,0.17916647,-1.0723747,5.6467066,4.0839562,4.5896826
0.6421893,4277.4624,0.3583548,10.269089,-1.0262316,1.0803578,1.2799224,-0.62773955,4.760745,5.0322375,3.2496507
0.64387536,4417.921,0.23886147,10.232106,-1.4318715,-0.4820838,0.42937556,-0.749173,4.9643545,4.943681,4.046268
0.6492044,4128.7246,0.24862567,10.270659,-1.3918068,-0.44673124,-0.384535,-1.0869949,5.397996,4.16629,6.056183
0.65034187,4065.5483,0.23853159,10.254139,-1.4332535,-1.0435987,0.43492633,-0.79004675,5.705923,4.0870543,5.431591
0.65434587,3967.9875,2.1007583,10.253109,0.7422984,-0.6340004,0.61639,0.27992457,6.4698,4.2185416,5.6897306
0.6600855,4002.6667,0.06241006,10.153593,-2.7740288,-0.45726433,0.5579926,-2.5199513,5.2333655,3.9224494,3.8820677
0.66175336,3682.2695,0.14543368,10.194224,-1.9280351,-1.6410607,-0.40271786,-1.9464428,5.13263,4.1647506,3.9437854
0.65865415,4040.0762,0.03478221,10.201764,-3.3586493,-1.3251536,-0.5357719,-0.93348473,5.32062,4.3591614,3.837865
0.65404546,4147.9727,0.16406628,10.165225,-1.8074847,-1.0340827,0.36214983,-0.9169509,5.454685,4.9019575,3.5234985
0.6505691,4011.2058,0.47014108,10.255804,-0.7547225,0.9159429,1.6961625,-0.46467388,4.3343844,3.5914361,3.931048
0.6476769,4139.535,0.31512907,10.2552395,-1.154773,0.3757144,0.6592901,-1.4646933,5.2399597,6.5569143,3.126417
0.6470291,4069.196,0.3316467,10.263926,-1.103685,0.24581395,0.89773524,-1.6715167,5.1841073,6.1689196,2.9741383
0.6431924,4568.7295,0.20467609,10.201736,-1.5863266,-0.7838975,-0.72811383,-0.8073573,5.3129015,4.6529684,3.0487013
0.64607,4315.7476,0.17683904,10.245485,-1.7325153,-0.27588785,-1.0514991,-0.82615453,4.945777,4.452768,3.6332407
0.6443606,4322.1426,0.23542511,10.23272,-1.4463624,1.2113334,1.5062339,-1.7155205,4.932253,4.2256002,4.5833282
0.6436509,4223.0557,0.5678895,10.282914,-0.5658284,0.9033486,1.5267822,-0.91609067,5.7456155,4.1077285,3.2585623
0.63789207,4450.34,0.20257446,10.278903,-1.5966477,-0.6025433,0.4632981,-0.91275203,4.885262,4.335855,5.170908
0.6408682,4566.214,0.2550052,10.250682,-1.3664713,0.13187936,-0.1214735,-1.2996323,5.658884,4.200689,3.6334894
0.64308727,4266.76,0.041906748,10.265308,-3.1723084,0.4729326,1.9970405,-0.93720675,5.035413,4.5484724,4.679945
0.62735736,4881.2217,0.015079992,10.311843,-4.1943865,0.48135224,-0.5251683,-2.4743712,4.182484,3.6916378,3.0402353
0.63160205,4630.1436,0.11340673,10.311347,-2.1767745,1.8479606,0.45877308,-1.4046834,3.772473,3.429523,3.649868
0.6392992,4492.4863,0.07773897,10.247908,-2.5543985,0.26931983,0.026350133,-0.83964217,6.5595284,6.787009,4.2308407
0.63743675,4527.915,0.19232485,10.297097,-1.6485695,-0.621214,0.33374864,-0.56046486,4.877878,4.745136,4.782938
0.6353593,4633.953,0.20443241,10.255844,-1.5875179,1.1256343,1.1043098,-2.0164347,5.6640987,4.3825145,3.3783114
0.63279337,4546.3066,0.040216167,10.29821,-3.2134862,0.7592481,0.1595237,-2.046137,4.819442,3.6947417,3.0867465
0.6494818,4092.2563,0.8070369,10.270691,-0.21438591,0.9352865,1.1634414,0.12436378,5.617145,5.461532,5.085596
0.6471421,4171.7847,0.60810834,10.228147,-0.49740225,1.622298,0.74220437,-0.34355888,5.96515,5.593727,5.1708026
0.63438416,4820.978,0.032743245,10.228873,-3.4190586,-0.82087994,2.0857866,-2.1556158,4.591836,3.5614257,3.4334757
0.6342819,4635.6025,0.19263068,10.2779455,-1.6469805,-1.024669,0.8254275,-1.6979856,4.4777155,3.263969,3.937875
0.6463157,4048.6335,0.0032758215,10.278235,-5.7211866,0.6139049,0.73224247,-0.15430616,5.775407,5.7617,4.404996
0.64727646,4215.1865,0.026505183,10.218739,-3.630415,0.13146721,2.5955956,-0.785141,6.7978706,5.8449073,4.686734
0.6489818,4176.3667,0.02658748,10.221608,-3.6273148,-0.025737887,2.5150914,-0.8886901,6.5023174,5.658039,5.313185
0.6471953,4361.6636,0.031950466,10.223695,-3.4435685,-1.4431981,-0.22607021,0.34731793,4.931995,3.5347831,3.8725343
0.64548725,4196.5903,0.2720377,10.237159,-1.3018146,0.5765553,2.3153565,-1.5195916,5.176277,5.22046,4.7119756
0.6457879,4122.404,0.23878479,10.24353,-1.4321926,0.99270505,2.0348396,-1.2748129,5.1647453,5.485771,4.91606
0.63801587,4431.0156,0.46652406,10.283583,-0.7624457,-0.6813856,2.1266305,-1.5165007,5.7079315,5.2304287,5.0278625
0.6433801,4241.161,0.2726247,10.280047,-1.2996591,-0.012993221,2.9144578,-1.6533663,5.3380594,5.6273026,4.297198
0.6526358,4452.757,0.027656041,10.145081,-3.5879111,-1.9071238,0.5385045,-0.0776968,4.701899,3.8453238,3.6854384
0.64766455,4180.909,0.011322329,10.215411,-4.4809785,-0.8593138,-0.7322615,-0.30665967,5.10289,5.607684,3.428281
0.6499328,4193.1045,0.44666016,10.237419,-0.80595726,0.011678361,0.19615777,-2.176426,4.3397713,3.8130379,4.126991
0.63326985,4773.79,0.014153762,10.236196,-4.257775,0.49572727,0.98167765,0.65488255,6.1472073,4.80158,3.5403526
0.63093907,4619.506,0.024042614,10.316554,-3.7279274,0.4901236,1.1647986,-0.1599826,5.4793963,5.2598124,4.053849
0.62952673,4939.2305,0.13971055,10.29024,-1.9681826,0.027622988,0.7162032,-4.0771995,4.772744,4.5373626,3.1147244
0.6479932,4189.2744,0.035684876,10.233877,-3.3330283,0.9187363,0.82231414,2.0791378,6.214102,4.2237883,5.1900725
0.6436255,4235.1113,0.111561865,10.272375,-2.193176,1.2571673,1.2719244,1.5837234,6.993532,3.8425138,5.4258146
0.64513403,4100.2217,0.0923589,10.270229,-2.3820732,1.517334,1.1057112,0.42832905,5.849616,3.9702375,4.924453
0.633441,4523.9316,0.23333342,10.313249,-1.4552869,0.63961494,1.6103872,-1.0064011,4.7483816,4.5471606,3.5551202
0.64560103,4216.1885,0.186499,10.271658,-1.6793294,-0.6468676,-0.21529853,-0.536646,5.4874897,4.290304,3.8610296
0.6470747,4276.4785,0.35087806,10.224474,-1.0473166,-0.21042678,0.7303315,-0.8668548,4.513562,3.520259,3.6696837
0.6470312,4283.823,0.23416759,10.235576,-1.4517182,-1.1356856,0.75690264,-0.6453885,5.0773287,4.362498,3.459297
0.65324,4079.151,0.057517752,10.196985,-2.8556616,0.16469802,1.2292224,-1.4649234,4.936198,4.5771446,4.2587194
0.6534836,4047.2195,0.06780999,10.227096,-2.6910458,0.28661722,1.3007698,-2.0492249,5.5469403,4.5066447,4.5198135
0.659364,3936.3398,0.07644284,10.173589,-2.571212,-0.2153222,2.0200634,-1.3381374,5.4516907,5.197914,3.3787625
0.6445128,4330.755,0.89207643,10.263164,-0.114203446,0.09709135,-0.9511418,-0.7543606,5.082433,3.5480552,4.736725
0.64627236,4337.194,0.04726618,10.206661,-3.0519602,0.030196454,3.0967228,-0.34226173,5.3923554,5.1613407,3.6014407
0.64372253,4344.764,0.25415537,10.282157,-1.3698095,-0.029971588,-1.3260329,-1.8582407,4.8637004,3.9506547,4.1283693
0.6445225,4334.257,2.2964199,10.2511,0.83135134,-0.550248,1.0642694,-1.7045909,5.1542144,5.183838,4.69392
0.6464688,4249.8057,0.9455273,10.284045,-0.056012534,-0.13470078,1.2395121,-2.6256893,4.525896,4.7622933,4.5411234
0.63361603,4727.925,0.6230026,10.251932,-0.47320458,0.14511429,0.14422733,-0.81929344,5.9436007,5.137175,5.1592755
0.6456559,4292.4414,0.013707683,10.218279,-4.2897987,0.4255571,2.0055528,-1.4989141,4.6041503,4.179572,3.7430289
0.6460488,4113.282,0.33520722,10.247731,-1.0930064,0.5340527,-0.36925298,0.52632195,5.106569,5.019974,3.9825764
0.64757216,4190.7744,0.31185287,10.265997,-1.1652237,0.63357717,0.25521657,0.07500504,5.4950943,4.861356,4.197663
0.64877087,4234.853,0.31882682,10.242457,-1.1431072,0.7453239,-0.23989427,0.0054749344,5.1956854,5.7983704,4.5964537
0.6475085,4059.0637,1.4150934,10.23884,0.34719557,1.3594105,0.9320171,1.0180157,5.7893696,5.3300395,4.4081926
0.63578635,4538.079,0.05515365,10.30304,-2.8976324,0.2619498,1.657828,-1.1621383,4.9993725,4.800804,2.7675395
0.63711715,4339.97,0.22340459,10.307973,-1.4987708,-0.33594882,0.20212412,-0.26504797,5.174985,4.2724304,5.2863812
0.63223416,4521.6797,0.24565974,10.322153,-1.4038079,0.30648783,1.3844788,-2.049184,5.156631,5.0330725,3.213306
0.6326634,4487.27,0.10771289,10.327548,-2.228286,0.26058102,1.4394697,-2.226423,5.426974,4.546545,2.9692879
0.63979816,4435.696,0.0017741767,10.273347,-6.334419,0.277089,-1.0386915,-1.8850636,5.608285,4.678573,3.4793906
0.63758636,4347.6343,0.001769637,10.31791,-6.336981,0.6062106,-1.1395555,-1.6347263,5.988749,4.5621347,3.275396
0.6390395,4258.564,0.0045329477,10.320519,-5.396383,0.44867203,-0.45642224,-1.5134974,6.1701946,4.574757,3.454492
0.65621674,4132.4307,2.3941908,10.1704645,0.87304527,-0.6139091,1.7158049,-0.18055505,5.0313053,3.8915362,3.87448
0.6318444,4685.9355,0.009007272,10.274095,-4.709723,1.0531317,0.049087554,-1.4634137,5.0466156,5.745958,4.252379
0.6420596,4258.378,0.18944272,10.295688,-1.6636685,0.17392108,0.7786111,-0.90037686,5.7459145,3.797255,3.2320757
0.6451488,4521.811,0.9630513,10.201654,-0.037648577,-0.11775534,1.9153967,-1.0219879,4.8328304,5.635742,4.270426
0.6573844,3946.3262,0.06532396,10.170103,-2.7283964,0.0072973114,0.8636638,-0.29726642,5.0962543,3.356518,3.3494935
0.6415731,4524.1313,0.021355819,10.253417,-3.846431,-0.4167827,0.6865432,-1.7826157,5.328181,5.8100367,4.8449683
0.63738614,4511.9365,0.22087967,10.289608,-1.5101372,0.4763212,0.033075646,-0.99338365,5.1786165,3.5730553,3.0851727
0.6494976,4083.7747,0.019099599,10.227828,-3.958088,-0.510867,2.568022,-0.24801573,5.2963824,4.5971365,5.971087
0.6558057,4128.111,0.06533721,10.163147,-2.7281935,-0.33974683,1.0365965,-0.24328461,4.62251,3.8209693,3.696931
0.6578388,4054.3665,0.18844116,10.144308,-1.6689695,0.0787256,0.8377955,-0.4534048,4.432446,4.0145497,4.1285505
0.6499184,4012.4734,0.112179585,10.249052,-2.1876543,-1.1767648,1.3932655,0.79503876,5.1948066,4.098894,5.1289296
0.6479709,3894.5,0.032205757,10.313711,-3.43561,0.7155428,0.6479411,-2.5892034,5.2041245,4.755592,3.4289265
0.6341912,4679.115,0.037555903,10.278497,-3.2819247,-1.8675834,0.8864483,0.32393396,4.9969296,4.4516015,4.2642465
0.63635105,4810.448,0.55727816,10.263523,-0.5846908,1.0288398,0.32867542,-3.3290446,4.9906445,4.2686405,4.4827147
0.6367201,4640.406,0.003024139,10.246647,-5.801129,0.8944546,1.4188919,1.055303,5.7844334,4.8957872,3.8014576
0.66419375,3848.066,0.44540644,10.208002,-0.8087681,0.5291773,-0.32497844,-2.7005382,4.9046984,3.980783,4.7695003
0.6384247,4601.98,0.182405,10.192432,-1.7015258,0.1645723,1.3613858,1.2050891,5.567289,5.1059923,3.2878377
0.6413755,4289.3696,0.29222363,10.254623,-1.2302359,0.9949581,0.96431535,-0.0009805993,5.0989037,5.980521,2.980599
0.6617664,3857.2163,0.50188184,10.157824,-0.6893906,0.43620363,1.9215478,-0.21219575,5.379029,3.9467077,5.113899
0.65467936,4178.5576,1.6682007,10.164868,0.51174563,0.4127008,1.8734493,0.49318898,5.1527057,3.8715796,4.597105
0.6556059,4064.0828,1.6538318,10.183182,0.5030949,0.08035454,1.3356112,-0.05255197,5.299185,4.0755653,4.4472947
0.64925057,4204.698,0.007820126,10.218625,-4.8510547,-0.12500449,0.5226625,-2.224327,4.886654,4.864933,3.8611176
0.64502966,4187.1396,0.004433636,10.233037,-5.418535,-0.257647,1.3516114,0.573275,5.4456186,4.8731904,3.114016
0.64552176,4240.907,0.47147316,10.233048,-0.7518931,1.3189244,0.7493146,-0.53704304,5.1929817,4.972578,4.143199
0.64511424,4350.81,0.51574683,10.230598,-0.66213924,-0.7981518,0.40005675,-1.5474836,4.891317,5.493378,3.7640643
0.64217216,4345.327,0.100630134,10.263236,-2.2963035,1.7435355,2.2460716,-1.7517335,5.018609,3.7671697,3.922539
0.6388582,4613.4873,0.6938988,10.259025,-0.3654291,-0.39354905,-0.1226594,-0.38342297,4.410373,4.3846607,3.9360733
0.64035887,4629.6104,0.9308682,10.221077,-0.07163757,-0.49288818,1.0342487,-1.8002144,6.1026454,4.527547,4.1260233
0.6500846,3908.03,0.05743534,10.253323,-2.8570955,0.9499507,0.4465787,0.292699,5.647778,4.5406475,4.1625953
0.6479983,4285.5127,1.387333,10.225197,0.32738322,-1.5917141,1.1352031,-1.9051572,5.237103,4.219579,4.1075816
0.65296733,4326.0244,2.7344825,10.199424,1.0059422,-2.6314166,0.15005836,-0.9766099,5.5063,4.121659,4.9913654
0.63940907,4279.781,0.0047648125,10.315411,-5.346497,2.5316274,0.29145455,0.69706357,4.615423,4.5345325,4.0076833
0.6507617,4177.4585,1.4533861,10.242698,0.37389603,-2.337211,1.6055757,-1.4201132,5.8228064,4.8851714,4.078058
0.6495443,4036.776,0.003856669,10.281642,-5.5579515,0.9525019,-1.1032994,-0.13498753,4.607416,4.664017,3.8145273
0.6534139,4154.1313,0.09325955,10.164094,-2.3723688,0.4400985,-0.31615812,-0.061924156,4.6016126,4.4932256,4.6308184
0.6321659,4355.042,0.0039318535,10.361706,-5.5386443,0.36454087,1.6062572,-0.9136438,6.253727,4.096874,4.567098
0.6333603,4417.7666,0.0008636193,10.3089695,-7.0543785,0.750806,2.523898,-0.3234326,6.2338953,4.226382,4.907783
0.63449824,4459.1997,0.0028443285,10.316686,-5.862428,0.9819528,2.198719,-0.6229493,5.9027395,4.344209,4.7759705
0.6472162,4248.6733,2.859332,10.274593,1.050588,-0.8949846,-0.10068936,-1.6337302,4.7367196,4.7476616,3.4530149
0.6476511,4290.2734,0.13619024,10.220181,-1.9937025,-0.8159957,0.5980875,-1.4810245,4.8259583,3.5992937,3.7728581
0.6492397,4105.3584,0.030794691,10.227705,-3.480413,-0.78247875,1.0409403,-1.8474193,5.900982,4.3357944,3.3954294
0.64687485,4218.618,0.008387506,10.246262,-4.781012,-0.023509653,0.0025274304,-0.99158007,5.6445665,5.481899,3.550061
0.6462443,4389.075,0.07874861,10.202331,-2.5414946,-0.74815816,2.0722523,-1.3804094,4.402339,3.9437222,3.2671807
0.6485057,4249.618,0.026261361,10.213831,-3.6396565,-0.19420259,1.9548177,-1.4755396,4.229168,4.0898304,3.7156253
0.65047145,4045.3672,0.097908646,10.246789,-2.3237205,-0.089738056,1.4015166,-1.3813173,4.1180263,3.9558108,4.0673175
0.63333374,4443.557,0.088116415,10.310532,-2.4290965,0.89381355,0.55127126,-0.055832725,6.7167125,4.800503,3.7311306
0.6473799,4225.445,0.44659582,10.234464,-0.8061013,-0.8999517,1.1795,-1.5168475,4.0618367,3.7000153,3.9548273
0.65004575,4227.2705,0.4596704,10.230409,-0.7772456,-0.2679728,0.7915696,-1.2226686,4.186958,3.3804994,4.0690923
0.6600723,3749.8718,0.013518796,10.176776,-4.303674,-0.5150481,0.6479986,-0.7617679,5.443258,5.064492,3.4336522
0.66199404,3832.2039,0.024650605,10.193735,-3.7029538,-0.26248166,0.48828724,-1.0383903,5.658746,5.165645,3.516244
0.66345155,3644.1965,0.022291752,10.185698,-3.8035386,-0.7734626,0.07971733,-1.3101777,5.5142374,5.5349665,3.6714742
0.64106786,4127.278,0.060496613,10.288468,-2.805168,0.13150342,1.6380348,-0.31607503,5.311996,3.8588524,4.255457
0.642136,4435.695,0.47937405,10.267928,-0.7352741,-0.29142535,0.21034765,-1.5333732,4.965005,5.38569,4.196658
0.6395594,4428.1875,0.11554402,10.23946,-2.1581037,-0.8390302,1.5204847,-0.20521283,5.8704596,5.3338265,3.6788335
0.6470239,4273.6646,0.07621499,10.237753,-2.574197,-0.501409,0.5243798,-1.0934008,6.32602,4.6082196,3.7284677
0.6446402,4262.1196,0.2235418,10.258685,-1.4981569,0.75737506,-0.46290553,-0.47718835,6.507513,4.46512,3.8058636
0.63904065,4286.5957,0.09946459,10.294929,-2.3079536,-0.5347378,2.3828583,-1.3430439,4.5357013,4.8726525,3.854919
0.630871,4466.6055,0.11561327,10.341799,-2.1575046,0.66178733,-0.86667705,-0.6256256,6.481333,4.277696,4.0453525
0.63350105,4647.2373,1.6663282,10.278552,0.51062256,0.6961493,1.638367,-0.91657656,5.065671,5.2302732,5.6954603
0.6472651,4365.589,0.015316992,10.191875,-4.1787925,-1.1809373,0.32435995,-0.82685894,5.3448825,3.7963023,2.9199696
0.6398292,4582.6484,1.5054861,10.264232,0.40911585,1.0157905,0.84962875,-0.5388569,4.9804573,5.020485,5.0152683
0.647584,4248.469,0.016269857,10.223067,-4.118441,-0.7355584,0.27621424,-1.6905248,5.577421,4.0351763,3.2576108
0.6413716,4502.531,0.65908056,10.246164,-0.4169095,-0.36599612,2.420652,-1.234368,5.3971786,5.3471546,3.8648381
0.64963084,4062.1985,0.05610461,10.233326,-2.8805373,-0.91980416,-0.2303402,-1.3710862,5.8913555,3.8801703,3.6925402
0.63026726,4602.7046,0.021341115,10.293933,-3.8471198,0.9704403,1.9907632,-0.66563994,4.618623,5.6143146,4.360561
0.64589465,4287.151,0.06884581,10.255628,-2.675886,0.8600856,-0.20040205,-0.76321876,4.8167214,4.236166,4.042319
0.6439245,4219.1187,0.012211701,10.264154,-4.4053607,0.37194738,2.9166095,-0.61305755,5.9947724,4.045638,3.6500096
0.64398,4301.622,1.38559,10.275295,0.32612598,-0.40219808,-1.5293382,-0.5573839,3.9649453,4.361311,4.0896583
0.64209324,4473.2744,0.015258972,10.222753,-4.1825876,0.520336,2.6967192,0.27783006,5.7897215,4.758995,4.853944
0.6444714,4443.875,0.036977522,10.257739,-3.297445,0.39256713,-0.94420415,-2.5771751,4.787034,4.423064,3.4950874
0.63623667,4435.9424,0.06735175,10.291302,-2.6978264,-0.22502898,1.3880659,-0.32517686,6.1288724,4.2209983,4.5051394
0.63931274,4505.628,0.042755786,10.250138,-3.1522508,-0.12764557,1.4681939,-0.32158345,5.4854584,4.525334,3.269587
0.6369331,4502.2427,0.01191264,10.276575,-4.4301553,-0.28475854,1.1926336,-0.88652855,5.9315014,3.876122,4.51234
0.63524544,4325.3384,0.027618904,10.32934,-3.5892549,0.9577195,1.6525769,-0.8630233,4.936635,4.7359715,4.412509
0.64120007,4486.575,0.07408221,10.240757,-2.6025798,1.0926949,0.7626639,-0.86103934,4.626521,4.309261,4.2423034
0.64713854,4416.5146,0.6318713,10.205294,-0.45906958,-0.29291716,0.43033004,-0.84716123,5.9133034,4.300453,3.529186
0.64391357,4369.298,0.34134322,10.2323065,-1.0748668,1.3754574,0.3163598,-1.0110164,5.72449,5.2553368,2.9001725
0.6536548,4235.0205,0.08296688,10.166965,-2.4893138,-0.7390491,1.6278538,-0.7776575,4.9165335,3.793899,5.7170277
0.64835036,4177.6494,0.7321038,10.264577,-0.31183296,-1.4645404,0.04971553,0.9070385,5.103171,3.4592533,5.890867
0.6440617,4394.325,0.012271456,10.241749,-4.4004793,0.56001556,-0.18987387,-0.71317047,5.3814635,5.10349,4.7285814
0.6429747,4239.5337,0.065147564,10.294025,-2.7311003,0.79265904,0.43985012,-2.1393173,4.775364,3.3618395,4.0879703
0.6433307,4435.3257,0.12251201,10.213039,-2.0995462,0.42518118,1.6618191,-0.030723345,5.9533625,4.393203,3.2665236
0.6386981,4353.47,0.0579058,10.300927,-2.8489377,0.8638011,-0.025189927,-0.9179048,4.961399,5.1712976,5.4754786
0.6450503,4206.8667,0.29380384,10.267582,-1.2248429,1.4117405,1.6566132,-0.56133485,4.990531,4.597563,5.5662107
0.6375612,4601.46,0.103572175,10.233191,-2.2674866,-1.0491989,0.47762778,-2.0566566,5.8035216,4.616835,3.2561765
0.64253366,4122.5845,0.50769705,10.276334,-0.67787033,0.93391395,1.3555036,0.48251638,4.862832,4.5890584,4.899489
0.6412306,4498.466,0.089615226,10.233952,-2.41223,-1.9588938,1.8176442,-1.4452808,5.461249,4.440666,3.2759924
0.63906515,4734.703,0.029112859,10.180323,-3.5365753,-0.7065692,1.3942118,-1.3060591,5.2657948,4.919943,3.3829887
0.6568806,4109.4346,0.14704314,10.178921,-1.9170293,1.0521405,-0.33872563,-0.62997067,5.3847423,4.0080185,4.6675076
0.6467975,3993.597,0.36331952,10.308234,-1.0124726,-0.47883725,-1.307936,-1.7170353,5.1246176,3.976222,4.372763
0.6524167,4027.7383,0.061644107,10.216658,-2.7863777,1.7019057,1.9861578,-0.05989945,5.773033,5.1981835,3.6953073
0.6592972,3885.9766,0.7751012,10.229122,-0.2547617,-1.5244877,-0.5797824,-1.5542477,4.827108,3.6437116,4.293315
0.6272924,4791.423,0.007226043,10.296859,-4.9300637,1.82118,2.8347275,0.14113717,4.90365,5.024351,3.2225075
0.63718814,4560.288,0.060999375,10.252884,-2.7968917,1.3182898,1.7303997,-0.84807855,5.3420124,4.2890034,4.260862
0.63797325,4439.0044,0.0026778975,10.258884,-5.9227233,0.58323276,1.7063335,-0.38802016,5.1256676,4.039369,3.5563612
0.637312,4476.7515,0.0022838842,10.290967,-6.0818777,0.4251879,1.9060949,-0.5003455,4.98274,4.162141,3.6579173
0.6477047,4208.043,0.33572984,10.252824,-1.0914485,-0.42357814,0.6379513,-0.7888568,6.2405396,4.415923,4.1672077
0.6391364,4432.344,0.08810967,10.266536,-2.429173,0.9700314,1.6542358,-0.5902629,5.285143,4.7038164,3.9977095
0.64334023,4303.305,0.23999879,10.232144,-1.4271214,1.0637314,1.8974564,-0.6324154,5.498346,5.097191,3.503305
0.63353944,4463.187,0.061006516,10.336748,-2.7967746,0.252707,-1.017896,-1.22503,4.8250446,4.1969185,4.6959496
0.6372709,4566.916,0.46462837,10.284375,-0.7665174,0.19647597,0.9684621,-0.5541761,5.187604,3.8835166,4.4741898
0.6280236,4836.7256,0.023424305,10.28533,-3.753981,-0.14291267,1.5831908,-1.8241664,5.493272,5.0464444,3.7524047
0.6332845,4794.001,0.17834207,10.236107,-1.7240518,-0.9449409,1.8149596,-2.3625262,4.300097,4.425548,3.4015818
0.64082843,4433.5605,0.34600604,10.235547,-1.0612991,0.010766027,0.35666108,-1.7297459,5.355611,5.050694,3.1942172
0.6446534,4343.3765,1.1429682,10.275414,0.13362856,0.39151314,-0.311961,-1.1465489,5.388586,4.6391335,4.1827507
0.6455228,4153.6123,0.07174248,10.253092,-2.6346722,0.2943191,-0.07589029,-0.9393783,5.1646476,5.402663,4.4389806
0.6541505,3965.7402,0.035928357,10.219653,-3.3262284,-0.7540871,1.0614519,-0.27801025,5.3414407,5.9849377,3.9606676
0.64624345,4239.032,0.25132355,10.242738,-1.3810141,-0.0732514,1.0121453,-1.0745193,5.3549175,3.3148022,3.6556816
0.6436854,4259.8613,0.06958474,10.257447,-2.66521,-1.6010804,1.9123483,-1.6525091,5.9515543,4.4387383,3.3524375
0.6474965,4247.0815,0.05306707,10.22937,-2.9361987,-2.0396202,2.0723667,-1.9362595,5.9398623,4.7450585,3.1511164
0.6418987,4192.8926,0.018728219,10.307602,-3.9777238,1.9393213,-0.20726359,0.16355449,4.929113,4.139115,4.925981
0.64685404,4166.315,0.036802024,10.2669325,-3.3022025,1.2915146,-0.136412,-0.0060266946,4.6150413,3.843109,5.0013113
0.64387614,4230.328,0.002813546,10.247662,-5.8733096,1.4002274,1.8676149,-0.28824872,4.7725544,4.9690065,3.395282
0.6462253,4267.677,0.007896631,10.200964,-4.841319,-0.14949596,0.9325052,-0.33582354,4.313705,6.3320103,4.1104617
0.62831795,4747.329,1.3074391,10.301657,0.26807028,0.6351473,1.5261681,-1.0979923,6.2026534,3.805895,3.9380922
0.6336861,4442.9653,0.047092654,10.308273,-3.0556383,1.414465,1.1238811,-2.3308713,5.0336084,3.4362867,3.4926167
0.6402041,4818.7607,0.6814249,10.217911,-0.38356918,-1.3848969,0.62256193,0.13900842,5.7768307,5.872738,5.113264
0.6306465,4359.521,0.055298854,10.362949,-2.895003,1.7534207,0.6610002,-2.744265,4.7128253,3.393344,3.8717685
0.6533314,4258.424,0.9697944,10.162919,-0.030671183,-0.38307795,-0.087164514,-0.14204507,5.993515,6.032482,3.7926967
0.6514685,4004.3784,0.080641955,10.259452,-2.5177362,0.71575254,0.70340574,-0.81620395,4.269242,3.505337,3.426133
0.64676666,4173.6875,0.2995909,10.227724,-1.2053374,1.0098863,0.9408845,-0.5172429,5.3514047,4.9874573,4.5164633
0.64854354,4151.839,0.43470603,10.199766,-0.83308524,1.7347752,3.147358,-0.10995049,4.942142,4.6317725,3.6692047
0.6352438,4323.3013,0.010475538,10.349519,-4.5587125,1.1358006,-1.4119432,-0.30596823,6.4743853,4.265942,4.704827
0.6355695,4372.3213,0.13458376,10.306288,-2.0055685,1.3106291,1.1053114,-2.1772468,5.16009,4.805562,3.815467
0.64489543,4385.2397,0.06905817,10.244991,-2.672806,-0.35975197,0.66549575,-0.9739158,5.4977183,4.852419,4.3908873
0.63934666,4671.604,0.017794857,10.178018,-4.028846,0.2824916,1.3730619,1.2876178,4.907218,5.309858,4.456696
0.6420589,4419.057,0.057738397,10.233561,-2.8518329,0.8825317,1.2636738,-0.834825,5.0770082,4.579122,3.6915402
0.6369573,4475.885,0.025530517,10.282907,-3.6678808,0.029932816,0.16749051,-1.0165396,5.7808714,4.401733,4.375493
0.64705014,4473.1426,0.07639895,10.1997385,-2.5717864,0.40817472,0.98634326,-1.4384762,6.0407643,3.7513785,4.214009
0.6459173,4218.085,0.45664567,10.241155,-0.7838475,-0.12354852,2.458775,0.25857452,4.264311,4.984928,3.4903612
0.64739716,4224.745,0.76054263,10.231229,-0.27372307,-0.74253356,1.3603331,0.46217495,4.963433,4.6060023,3.4419456
0.6519924,4096.382,0.01098647,10.236657,-4.5110908,-1.6750457,0.03496888,-2.0280242,5.978035,4.6343546,3.9787545
0.6270284,4768.8765,0.28386465,10.324578,-1.2592578,2.1715546,2.0704477,-0.5623063,4.4440875,4.6216393,4.5168033
0.64640135,4263.1416,0.010874117,10.257567,-4.52137,0.07464287,-0.98553884,-1.2817101,5.788102,4.6516237,3.7889247
0.64169556,4395.519,0.0046445057,10.2459545,-5.3720703,-0.4523237,-0.5623103,-1.35387,5.103799,5.3014746,3.4360046
0.6432385,4294.995,0.019806439,10.261597,-3.9217482,0.88238424,1.9409848,0.7707463,5.604679,3.8508909,4.605864
0.65948355,4021.7488,0.60631615,10.156919,-0.5003537,-2.8113532,-0.9350593,-1.2978747,5.2765336,5.4827256,4.1089377
0.6501905,4068.5679,0.061764255,10.2502365,-2.7844305,2.4130726,2.5709906,-1.4195553,5.195966,3.5462425,3.490427
0.6471157,4257.3296,0.094920844,10.23964,-2.354712,0.6324795,1.6589904,-0.56403387,5.297421,4.3069444,3.930481
0.65388155,3864.6646,0.16938382,10.247208,-1.775588,-0.84890175,-0.62058014,-0.78422517,6.2108946,5.081277,3.5074682
0.6482525,3941.148,0.033741336,10.272303,-3.3890316,1.0141692,2.6127036,-0.8583952,4.4907837,4.0388923,4.479085
0.6455103,4433.17,0.060137857,10.20346,-2.8111157,0.609506,0.65977585,0.19828662,4.977322,4.152676,3.104135
0.642241,4170.113,0.26332617,10.297479,-1.3343618,0.56614435,2.2021928,-0.870056,5.7623096,5.5906124,3.0548346
0.63286364,4656.115,0.07024648,10.307627,-2.655745,-0.74493176,0.5488609,-0.4957483,4.7173557,3.6922839,5.2736526
0.64361995,4382.8477,0.3280107,10.233879,-1.114709,-0.07690247,1.6550716,-0.921892,5.7791414,5.211171,2.9540944
0.6473588,4279.9146,0.669612,10.218506,-0.40105683,-0.37740853,0.6081717,-0.2646414,5.534041,4.97686,4.445166
0.6438632,4358.789,0.054257162,10.238708,-2.9140203,0.6322127,2.2113578,-0.2533001,4.6153026,4.0336103,3.5909636
0.66066647,3946.673,0.9519721,10.191022,-0.04921951,-0.8389179,-0.04978391,-1.2228237,5.612424,4.4206724,4.342374
0.651392,4182.9937,0.14231688,10.199044,-1.9496992,-0.91598374,1.5461664,-1.5221441,3.9827135,4.5103354,3.5842674
0.6461241,4546.669,0.027050167,10.173717,-3.6100621,-2.0632253,0.05603608,-1.1022209,4.31213,4.886946,2.8127942
0.64641833,4265.542,0.1290051,10.246148,-2.0479033,-2.6088507,0.0012070234,-1.3456606,4.0293627,5.0462966,2.9781227
0.64557666,4276.1074,0.08425815,10.233412,-2.47387,-2.0895576,0.47979987,-1.5180252,4.254382,4.683476,2.9678802
0.6472908,4143.438,0.118377164,10.255959,-2.1338794,-1.6555107,0.5163464,-1.3585463,4.39843,4.7321525,3.0390434
0.64718306,4378.667,0.010066678,10.208363,-4.5985246,1.8442191,0.39781675,-1.8556776,6.2466173,4.0293984,4.2094793
0.65066516,3872.7212,0.004252276,10.277952,-5.460301,1.2182935,0.7700161,-0.8469638,6.3210053,4.6075654,3.3635452
0.6453198,4438.0815,0.43580878,10.173017,-0.83055174,-0.4903292,0.21421532,-0.35238472,4.5490003,4.5273705,3.4859395
0.639004,4594.095,0.08955628,10.266788,-2.412888,0.88719237,0.20664969,-1.2474492,4.4409924,3.520229,4.123033
0.6350889,4393.1816,0.29858938,10.291035,-1.208686,0.29074118,1.8038181,-0.6596451,5.2737927,5.1473336,3.4181485
0.6304438,4592.046,0.2830057,10.325917,-1.2622882,0.931373,0.71096337,-1.0645291,5.1138034,4.8850937,3.6587229
0.63794136,4713.1426,0.13956091,10.224495,-1.9692541,-0.18292053,0.8271,-1.4922833,6.3351226,3.95437,4.3136106
0.6439515,4300.8423,0.3333068,10.276232,-1.0986919,-0.9517193,-0.24730809,0.362014,4.662608,4.949421,4.1779356
0.64629763,4261.7544,0.23057294,10.248238,-1.467188,-0.361335,-0.10303777,0.034322966,5.4878035,4.609145,4.0484495
0.64239895,4522.9326,0.8833886,10.225669,-0.123990096,-1.2645882,-0.091118775,-0.19277649,5.326343,4.234226,3.6099207
0.648531,4186.8433,0.10995823,10.234215,-2.2076547,-0.4841203,1.1042513,-1.7099621,5.061512,5.1912274,4.0097065
0.64287645,4401.532,0.11033526,10.232687,-2.2042317,1.3157318,0.5768123,-0.7168985,4.518366,4.7318087,3.9601192
0.63684475,4275.159,0.8866488,10.32951,-0.12030632,0.08054173,0.77328265,-0.893486,5.474226,4.58392,3.844021
0.6413721,4157.8433,0.056021243,10.293627,-2.8820243,0.11716445,0.8103648,-0.99513626,5.7083673,4.748367,3.8468642
0.6399467,4133.6533,0.020726928,10.312672,-3.8763216,-0.42399555,1.2901962,-1.7059593,5.0531387,4.620056,3.6386356
0.64778304,4106.922,0.20718749,10.271074,-1.5741311,0.15217508,0.3536052,-0.40105346,6.0507364,5.0985537,4.5231113
0.6412581,4266.3086,0.3120695,10.284417,-1.1645293,0.27610824,1.481016,-0.9518058,4.734956,3.8440096,3.5682487
0.6358246,4689.372,0.074112505,10.211177,-2.602171,0.24156062,0.79307526,0.05689268,4.8751855,4.88931,2.7147512
0.636738,4654.5186,0.061901502,10.244769,-2.7822108,-0.016397486,1.0513211,0.28286263,4.868716,4.8670397,2.615846
0.6415378,4380.1626,0.467483,10.281681,-0.76039225,1.1532289,1.9686733,-0.6342697,4.7388744,5.059885,5.891926
0.64117944,4508.09,1.7778208,10.192303,0.5753884,1.3703501,1.5777974,0.36461768,4.8123074,5.0322795,4.2233114
0.64830947,4030.3926,0.001209959,10.252792,-6.717169,-0.8658647,-0.1792564,-0.75380903,5.6079526,5.2549205,5.1111035
0.652629,4197.9443,0.013159075,10.173451,-4.3306437,-1.4712821,0.1508223,-0.8143915,5.0659585,4.461831,4.517581
0.6318617,4693.7896,2.158752,10.293138,0.7695303,-0.71961904,1.371006,-1.0903203,5.5969515,4.5849166,4.2935677
0.6365642,4312.18,0.00438136,10.31559,-5.430396,0.7819341,0.6654983,-1.3954474,4.776561,4.710144,4.0348935
0.64191675,4483.95,0.009995318,10.239951,-4.6056385,0.7159144,-0.0022279106,-1.0426351,5.291324,4.963697,3.8066082
0.6356919,4532.1104,0.023711445,10.314169,-3.7417974,-1.9598709,-1.2134184,-2.219817,4.736395,4.311479,3.585941
0.6455795,4458.6436,0.20453897,10.192161,-1.5869968,0.8482377,2.6066163,-0.5845141,6.154268,3.9857912,5.240896
0.6459424,4455.0283,0.19626626,10.193416,-1.628283,0.8411759,2.5097964,-0.6149666,6.2066445,3.9921422,5.2132807
0.6435659,4121.869,0.0484099,10.292314,-3.028051,2.0541868,2.229886,-0.23746936,5.9822173,4.3608294,5.497217
0.64286876,4136.816,0.045338873,10.285319,-3.0935905,2.0231042,2.2493849,-0.25987628,5.9748445,4.435935,5.435008
0.6652521,3758.9673,0.332915,10.163149,-1.099868,-1.8929162,0.056722,-1.8594326,4.697915,4.6438913,3.3072705
0.6645777,3877.1606,0.24105541,10.127933,-1.4227284,-1.5610788,0.004737643,-1.812499,4.7922993,4.816738,4.075362
0.66235095,3872.6157,0.01121172,10.1717005,-4.4907956,-2.0899282,-0.69061095,-1.4843264,5.198594,4.419011,3.5230632
0.6494448,4387.8467,1.8613545,10.164437,0.62130445,-0.9627669,2.9413295,-0.45117188,5.0922904,4.1272755,3.9120922
0.6471732,4515.837,2.103925,10.153842,0.74380463,-0.8986175,2.6462572,-0.08352108,5.3781986,4.04722,3.7808673
0.6471293,4262.506,0.6096419,10.2067795,-0.49488357,-0.7781748,3.1638029,-0.588923,4.9604487,3.7715397,3.7249773
0.6312664,4571.778,0.041045982,10.338637,-3.1930623,0.80912584,-0.58562005,-2.562233,5.1116095,5.804623,4.819064
0.64296424,4581.601,0.032373205,10.202363,-3.4304242,-1.5623907,1.9711103,0.21416298,5.245672,3.910346,3.2509055
0.6515243,4172.259,2.0451195,10.241482,0.71545625,0.3934024,0.68376786,-1.6422822,4.5481896,5.457908,4.2274265
0.6525829,4091.5364,0.56942964,10.24099,-0.56312,-0.729556,0.80741084,-1.43223,4.5154934,5.209236,3.6671376
0.63894963,4411.7617,0.41961628,10.284179,-0.8684146,-0.035925876,-0.12269918,-1.6781766,4.6395755,4.368931,3.9434836
0.6400836,4184.4775,0.08427621,10.305542,-2.4736557,1.7593292,2.1643867,0.4483799,5.6388865,4.908247,3.767681
0.6410543,4274.4126,0.12962231,10.264428,-2.0431304,1.3464032,1.0554876,-0.29558393,5.477878,4.702876,3.9159281
0.6463601,4387.4834,0.51663834,10.231366,-0.6604122,-1.4194908,0.6866579,-1.088658,4.9134345,4.245019,4.1412764
0.6411387,4589.7803,1.3737397,10.211125,0.31753677,-2.2141955,0.2634511,-0.25820133,5.488187,4.1301847,3.341526
0.64154965,4528.8843,0.09165227,10.221476,-2.3897536,-0.22117898,-0.20807588,-0.71511483,4.7103195,4.2463946,4.185422
0.64929837,4033.7058,1.1762179,10.294946,0.16230418,0.7200852,1.2241787,-1.8503066,5.9569416,4.3416753,3.8877497
0.634202,4743.9204,0.038626954,10.230896,-3.253805,-0.33828893,0.3732707,-0.36426404,4.8265142,4.5931916,4.0929136
0.63688606,4819.577,0.019060446,10.239542,-3.96014,-0.28294855,0.5267208,-0.5216924,4.326087,4.4932528,4.1175594
0.6365761,4449.9023,0.12838876,10.304685,-2.0526924,-0.42776492,0.097642206,-0.39006895,4.568893,4.034066,4.2697453
0.6435985,4734.4487,0.27087995,10.134055,-1.3060795,-2.3051841,0.4772088,-0.32627913,5.4499307,7.971416,3.6090183
0.6481601,4079.5222,0.9832999,10.268631,-0.01684111,-0.25238022,0.04832062,-0.6613156,3.9469218,4.1854854,4.1683645
0.6460781,4397.833,0.12359131,10.210574,-2.090775,0.005045459,-0.48462254,0.0565292,3.552054,4.1318803,4.1069517
0.64259374,4179.296,0.08109547,10.301033,-2.512128,-0.25596595,0.1183335,-0.76012117,4.5830655,5.295702,4.6057186
0.6456409,4444.3755,0.072673686,10.183874,-2.6217759,0.09133242,0.40195853,-0.46715638,4.548245,5.683296,4.373286
0.6392256,4514.6123,0.29111788,10.260234,-1.234027,0.020113213,1.0723665,-0.9007574,6.323643,3.450577,3.3644948
0.63494027,4498.4795,0.11327562,10.305413,-2.1779313,-0.63548994,0.62786067,-0.67861897,6.033579,4.0190673,3.7379305
0.6441904,4282.629,0.99752504,10.262882,-0.0024780137,0.055856306,0.10846324,-1.1885381,7.19496,5.1405377,4.7069674
0.6517307,4198.3916,0.11000286,10.194356,-2.207249,0.60671824,0.9134804,-0.9970793,4.4613853,3.298764,3.8659651
0.64847594,4055.5142,0.38525796,10.265887,-0.9538421,-0.42347133,1.041902,-1.3046026,5.2159834,4.6089883,3.9193854
0.6448711,4456.5566,1.3852092,10.182632,0.32585117,0.02609797,1.1701636,-0.35229355,5.181146,6.6766434,3.3891892
0.6321214,4638.09,0.03423621,10.298414,-3.3744714,0.05932545,1.1851052,-1.1571356,5.1345997,3.4854429,3.9291458
0.65786445,3846.2878,0.25400603,10.214198,-1.3703973,0.36500043,0.51953006,-0.95840716,5.3584394,5.65917,4.411722
0.6463929,4166.303,0.04448843,10.260472,-3.1125262,-0.15154487,0.7161937,-0.49789765,5.3139277,3.8248417,3.3576994
0.65105975,4081.2063,0.094696224,10.215111,-2.3570812,-0.07725355,0.8623281,-1.1376503,5.5038004,4.0608225,3.4104629
0.64998865,4102.212,0.040162843,10.233041,-3.214813,0.0991448,0.95368713,-0.80055606,5.0760317,4.615117,3.7609546
0.64455146,4355.337,0.04954846,10.211967,-3.0048041,-0.36209422,0.45652792,-0.7092089,4.9314194,4.5870175,3.4564235
0.66591907,3803.6191,0.7208981,10.1607485,-0.3272575,0.34469458,1.115257,-1.4177157,4.8259354,4.1229477,4.4614334
0.669906,3736.3647,0.14029635,10.105826,-1.9639983,-2.3565738,0.32003367,-1.169218,5.0908065,3.8278477,3.4342334
0.66854393,3826.7769,0.2509582,10.070654,-1.3824688,-1.6523817,-0.18182297,-0.9564155,4.621079,4.5281277,3.4004235
0.67040443,3554.5222,0.05582622,10.140394,-2.8855116,-0.88162214,0.32233655,-0.6330189,4.7991223,5.5883384,2.9149487
0.6721206,3670.0176,0.026517287,10.066711,-3.6299584,-0.80345315,0.6750336,-1.4537175,5.0302615,4.2799478,4.76653
0.6747501,3558.845,0.287389,10.12324,-1.2469186,1.2786663,0.82717776,-0.9234656,5.710742,5.246196,3.6280968
0.67347074,3556.7866,0.25403595,10.107938,-1.3702794,-1.0082854,0.8328254,-0.7692796,4.2292438,4.4059834,4.7432966
0.64454097,4265.473,0.14087191,10.255826,-1.9599042,0.77802217,0.94358397,-1.1705217,5.8720436,4.8985233,3.8001583
0.6336241,4567.1055,0.035454277,10.298619,-3.3395114,0.19698851,0.25028512,-1.2623926,4.8678117,4.5246954,3.7064881
0.633439,4813.9263,1.1944299,10.273502,0.17766899,0.2772419,0.76565826,-1.0079204,6.0560493,4.730031,5.020575
0.65148544,4195.8496,0.011297279,10.20266,-4.4831934,0.54792625,1.1181029,-1.5115451,4.581711,4.409931,3.780588
0.64989966,4110.3867,5.5481257,10.289012,1.7134602,-0.085966915,0.8855229,-2.3413122,4.251434,4.0045657,3.3133569
0.6387112,4345.047,0.0014878989,10.286254,-6.5103903,0.49913687,0.018368514,1.3169142,6.952384,4.526896,4.4695415
0.6386542,4464.821,0.0054992028,10.285488,-5.203152,1.4076209,0.16609818,1.1351222,6.4277973,4.422676,4.6981215
0.63561636,4547.043,1.7551769,10.327928,0.5625697,0.10403382,0.8632462,-3.2060783,4.3252516,4.4132023,3.7065146
0.6401386,4388.827,0.005426597,10.285201,-5.216443,-0.18091968,0.7054023,0.29540947,6.1438165,4.8523884,4.580442
0.6451316,4425.7075,0.015090882,10.241718,-4.1936646,0.05273713,0.59234166,-2.5047398,5.139054,4.695535,3.3848462
0.63850087,4545.1294,0.0055142483,10.245991,-5.20042,-1.2725042,1.197834,-0.47574118,5.8114204,4.6591077,4.188229
0.65447897,4105.8643,0.048742045,10.194752,-3.0212133,-0.26531857,1.1719246,-0.91147316,6.0886865,3.9844782,3.7606232
0.65580046,3926.4153,0.10882782,10.225956,-2.2179883,0.9057409,-0.37542844,-1.3593596,6.847413,4.534016,4.4132094
0.6508775,4142.9385,0.9698605,10.218776,-0.030603012,-0.49244973,1.2510071,-1.2109947,5.5313864,5.220133,3.9930894
0.65277624,4236.6274,0.11083652,10.167693,-2.199699,-0.08037271,1.2916225,0.0917943,5.151793,3.5198405,4.1276283
0.6463673,4350.466,0.2720933,10.229314,-1.3016102,0.6135456,-0.36279535,-1.92387,5.3121257,5.219328,4.163233
0.6442076,4260.814,1.1416479,10.270918,0.13247278,-0.98871714,1.3774024,-1.6652837,5.8333015,5.2639346,3.735362
0.64286494,4202.7456,1.4440045,10.2788315,0.36742014,-0.92513996,0.9698304,-1.6128215,6.002461,5.1670794,3.7006056
0.63854295,4747.294,0.17034338,10.197651,-1.769939,-0.3771365,1.677984,0.87673396,5.084167,4.928297,4.5599184
0.6351599,4538.079,0.12726547,10.257053,-2.06148,-1.35159,3.5680835,0.3746064,4.7911487,4.8079653,4.1986723
0.6305039,5050.807,0.09562762,10.2502775,-2.3472936,0.02176178,0.6233207,-1.134051,5.590674,4.496837,5.08619
0.6447743,4292.126,1.5000924,10.249058,0.40552673,0.46745336,1.7299002,-0.83294237,5.594744,4.735229,4.6095424
0.6446996,4271.2056,0.4946446,10.231904,-0.7039157,2.1253815,1.4299709,-0.2138617,5.210654,4.482247,4.2889667
0.65001905,4089.4,0.42744043,10.208494,-0.84994036,0.9602799,0.92694086,1.6150445,4.7116027,4.867306,3.912142
0.65172654,4040.7837,0.5060866,10.20761,-0.68104756,0.7922307,0.14097962,1.7636412,4.735157,4.787035,3.525677
0.6503686,4155.6445,0.029548837,10.24982,-3.5217109,-0.65350354,0.53000855,-2.6678894,5.338418,3.5182939,4.9705815
0.6436455,4539.9546,0.17565124,10.235314,-1.7392548,-1.2662934,-1.286289,-1.0165455,5.5885816,4.871654,4.7746997
0.6412756,4221.3193,0.037721775,10.275862,-3.2775178,1.4134398,1.3391358,-0.443558,5.8938155,4.1480594,3.6414523
0.6583197,3953.4805,0.82074463,10.196942,-0.19754326,1.2930924,2.0152407,0.34162813,3.721348,4.6114726,4.986223
0.65714115,3965.0403,2.485255,10.224405,0.9103753,0.42132235,1.178471,-0.42987007,5.1275578,4.747495,4.2696986
0.65904313,3828.3384,0.11517508,10.209918,-2.1613019,-0.5860702,0.79887724,-1.3068761,4.9226336,4.2774544,4.2733507
0.65746963,3951.8875,0.40876725,10.206836,-0.89460933,-0.24241452,0.88998574,-0.8922916,5.1662016,4.5219283,4.0217505
0.6303805,4615.108,0.06488204,10.2815895,-2.7351844,0.9966352,0.68617034,-0.06348752,5.337375,4.5748286,3.95883
0.6358058,4749.197,0.6868688,10.254377,-0.37561196,-1.0829197,2.4358325,-1.846685,5.1404276,5.2893486,3.9322135
0.64188826,4368.2744,0.143069,10.271231,-1.9444282,0.97912014,-0.75509095,1.2566884,5.175546,4.8656893,4.4021616
0.6550565,3985.0278,0.34665987,10.244702,-1.0594112,0.8697347,0.58275634,-2.2964482,5.215884,4.3791447,4.229825
0.65087295,4101.987,0.17103463,10.229523,-1.7658892,0.2966077,1.5413891,-1.8211247,5.0485954,4.249325,4.558662
0.6493699,4244.028,0.4752998,10.225164,-0.7438095,-0.711067,0.111289345,-1.8803793,5.5575395,4.9432554,3.4894273
0.6449093,4303.8193,1.764726,10.248772,0.5679955,-0.90974796,0.6054704,-0.7347124,5.3468933,5.2723427,3.5611548
0.6529635,4140.425,0.0046284064,10.201937,-5.3755426,0.17087466,0.15260684,-1.1138748,4.9434123,3.8486278,3.9712396
0.65300083,4137.334,0.0031768312,10.215477,-5.751871,0.10367122,-1.1873261,-0.5043033,4.86231,3.5188596,3.8518195
0.6532507,4299.514,4.3580065,10.178255,1.4720147,-0.8198469,1.8181949,-2.4414618,6.046919,5.007035,3.885655
0.6547061,4147.5586,0.98153746,10.188758,-0.01863507,-0.42507532,1.8630903,-2.5020823,6.0639544,5.678652,3.7545574
0.6515859,3920.6042,0.9790872,10.2804985,-0.021134622,1.4295664,0.25237957,-0.8490133,5.291342,3.5025487,4.0937586
0.63817286,4252.4697,0.017531633,10.323681,-4.0437484,1.1415367,0.09604611,-1.3371214,4.871727,6.0142794,3.9006994
0.6495052,4097.2856,1.2717777,10.253182,0.24041572,-1.4142483,1.7973701,-0.7433843,5.4338937,3.4165258,4.114683
0.64434874,4544.5615,0.21969584,10.173163,-1.5155113,0.19462498,3.1502562,-0.99177176,5.3550386,3.663667,4.1913886
0.64706457,4332.9106,0.9820019,10.204252,-0.018162005,0.47636724,2.7009277,-1.0219781,5.775776,4.0274715,4.337791
0.6630409,3822.9133,0.14302126,10.15048,-1.944762,0.40525055,-0.022069972,-0.004672306,4.2736993,4.6305614,3.833926
0.66296107,3847.6812,0.1354227,10.1415415,-1.9993542,0.42834738,-0.03895053,-0.04097855,4.2396946,4.636927,3.8437655
0.6467215,4385.9116,0.6418507,10.210697,-0.44339952,0.39245248,1.4214377,-1.2310281,6.497109,4.606252,4.1166334
0.6545275,4174.6035,0.098153844,10.168422,-2.3212192,-0.9580624,-0.0047341445,-0.7171936,4.253079,3.9305549,3.6785696
0.6448168,4294.9062,0.31134084,10.221346,-1.166867,0.9427514,0.72141564,-0.3907111,6.2692404,4.962431,3.7793581
0.6420953,4167.509,0.73525035,10.296228,-0.30754426,2.0309124,-0.12080202,0.061922804,6.7594094,4.772267,4.069607
0.6295458,5124.0884,0.018962897,10.232697,-3.965271,-1.2414623,0.5395325,-3.3032339,4.0851474,4.4086576,4.533152
0.64173067,4516.073,0.014686906,10.2664585,-4.220799,-2.5095263,0.44714493,-1.7931783,3.9617577,4.1777887,3.9612002
0.6425534,4155.2036,0.33234578,10.296843,-1.1015793,2.1576624,1.0351462,-0.8035684,5.958399,5.662896,4.319427
0.6289975,4846.401,0.1326561,10.302134,-2.0199952,0.14888847,0.74306786,-0.87719053,5.896473,3.7328706,3.8777742
0.646444,4271.9077,0.10680285,10.241412,-2.2367706,-0.10768806,1.1307673,-0.6745527,4.51359,5.2310114,3.8960493
0.6419427,4467.8696,0.21785122,10.256995,-1.523943,-0.10457054,-0.681695,-1.7329031,4.2488904,5.3004208,3.1420057
0.63965416,4503.759,0.26816872,10.270687,-1.316139,-0.2801567,-0.83478343,-1.0819101,5.2041507,5.460894,3.6268
0.63966405,4467.3916,0.3022352,10.271946,-1.1965498,0.037470043,0.38689673,-1.376442,4.967828,4.616458,4.752983
0.64009005,4453.2505,0.49544108,10.268268,-0.70230687,-0.5027088,0.18013157,-1.6011705,5.278355,5.4829626,4.6690974
0.6338803,4608.6826,0.44404417,10.271514,-0.81183124,1.5762528,0.19835588,-1.5628738,5.165142,4.4855666,4.021831
0.6418199,4138.777,0.83287895,10.301631,-0.18286699,1.4515433,1.7322243,-1.1308006,5.348702,4.403889,4.29003
0.64484525,3986.2466,0.93800515,10.3174925,-0.06399987,1.6332031,2.1187434,-1.4113917,5.3122487,4.249027,4.28595
0.6553964,3964.816,0.13054252,10.227981,-2.0360563,-0.18059817,-0.16850837,0.26496223,5.298793,4.1599045,4.094331
0.64644915,4215.1064,0.10595963,10.26955,-2.244697,1.0422174,-0.8090724,-1.9260696,6.3417206,4.6097355,4.775852
0.65597117,4041.7317,0.09422083,10.133605,-2.362114,-1.4001482,1.6723468,-0.050920643,4.0702386,4.5895534,3.2305772
0.65665853,3977.2285,0.067861,10.188112,-2.6902938,-1.745176,1.5893747,0.090323195,4.0353904,4.797804,3.3710814
0.6563107,4087.4507,0.08311544,10.156961,-2.4875247,-0.55952185,2.4865406,-0.22712965,5.6114774,4.24746,3.9645166
0.6604278,3796.886,0.34454584,10.183327,-1.0655282,0.098314345,1.5938065,0.56721634,4.8444676,4.985276,4.1559734
0.6461859,4476.8745,0.04701162,10.195223,-3.0573604,-0.24666312,0.5465214,-2.4232094,5.621936,4.6687484,3.276009
0.6484882,3983.3872,0.03359742,10.256403,-3.393306,-0.3835246,1.4730687,0.7556685,6.922396,3.908365,3.5008495
0.6456122,4106.0933,0.018737804,10.275638,-3.9772122,-0.7607733,1.7548254,0.9482449,7.734935,3.942399,3.4706986
0.6413789,4309.7344,2.9970794,10.322518,1.0976382,0.8632436,0.6416038,-1.7393298,3.5793395,5.3723207,4.708207
0.6419701,4311.5127,3.6540763,10.314245,1.2958434,0.8585771,0.6316501,-1.648815,3.6358554,5.353701,4.782998
0.62662363,4806.9023,0.0937439,10.315201,-2.3671887,2.4266958,0.9369122,-1.227726,7.067477,4.5588593,4.789461
0.62955207,4758.1636,0.471691,10.309305,-0.7514311,-1.174172,1.6585021,-1.7990478,5.0306454,4.039058,3.6533678
0.65164185,4034.058,0.037272703,10.206553,-3.289494,1.5789677,1.6018429,0.34107825,5.2769938,3.6617126,4.0599527
0.6501842,4142.022,0.005841507,10.203918,-5.1427665,-0.55702704,1.1841975,0.49210194,5.9774866,3.685076,3.4721024
0.65187776,4123.6104,0.022091508,10.214576,-3.812562,-0.0042470163,0.12629864,-1.3763016,4.349366,4.4878206,3.8481264
0.6571996,3958.3438,1.0897418,10.204852,0.085940845,0.110067405,1.6154524,-0.16240472,6.329925,4.282634,4.0480647
0.65710133,3866.041,0.06999479,10.203417,-2.6593344,-0.2632269,0.3935144,0.2753794,4.114707,5.6633015,4.3803306
0.6782446,3428.265,0.41463387,10.14945,-0.8803594,-0.6317272,0.105573915,-1.8533149,6.3890343,4.2685723,5.381261
0.64884555,4181.786,0.5056057,10.237301,-0.6819982,-0.8328378,0.27969873,-1.4865613,4.466694,4.132234,3.225772
0.6462987,4447.953,0.5184703,10.187765,-0.6568726,-1.6523246,-0.45079827,-1.4798149,5.1301265,3.7658703,2.8196464
0.64488435,4432.374,0.6079623,10.213832,-0.49764243,-0.66527957,-0.3030372,-1.0250058,5.0818176,4.5461507,3.2457395
0.6510985,4127.8813,0.02883844,10.212562,-3.546046,1.057573,1.3564748,-0.6565591,5.4295125,4.8498783,4.365262
0.65645367,3784.4648,0.06760428,10.22511,-2.694084,2.0166557,1.6548972,0.22554183,4.6327186,5.759057,4.4372277
0.6560301,3958.4844,0.023413762,10.184043,-3.7544312,1.279394,0.9985792,0.17216776,4.8545117,5.862582,4.267783
0.6627294,3830.2222,0.110416025,10.177328,-2.2035,-0.14777444,-1.0088005,-1.2437534,5.3408585,4.71697,4.366989
0.66249293,3925.5852,0.36482745,10.171171,-1.0083308,-0.09949786,-1.2812884,-1.512101,5.4754305,4.5152607,4.424057
0.62666154,4941.255,0.06835185,10.28582,-2.6830866,0.8914996,2.5728886,-0.7394545,5.484122,4.372839,3.6441455
0.64472336,4303.425,0.580734,10.276228,-0.54346246,0.11375441,-0.7075527,-3.0255246,5.1194363,3.9173558,3.5808983
