x1,x2,x3,x4,log_x3,b21,b32,b43,s21,s32,s43
0.4575728,4957.4053,0.3038379,9.137889,-1.1912609,2.3078837,5.169624,-1.5000576,0.30316117,1.0001391,0.046411064
0.44891906,5979.234,0.003121695,9.329538,-5.769379,-0.1221318,-4.188577,4.346187,1.3848736,1.123531,1.9721198
0.24971412,5252.323,2.165115,8.274053,0.7724736,-1.0546399,7.674141,18.065458,1.5919591,2.1853065,0.74024755
0.43828338,4336.838,0.001413905,9.670922,-6.5614,7.3858113,-1.1669865,-6.802278,2.4482064,1.7761471,0.7325065
0.3352127,5519.8594,0.036441874,9.217848,-3.3120368,0.04329529,6.7946825,7.740938,0.26611292,0.23962355,0.44747543
0.18674386,2914.78,6.029542,8.070905,1.796671,-3.9579608,-3.1802528,5.0044937,0.70123893,0.9072329,2.8268855
0.56962293,4173.503,0.030473076,10.025046,-3.4909117,-3.8776636,2.6343093,6.574391,2.005304,0.5915709,0.67160445
0.42416063,5022.2256,0.054183748,9.440643,-2.9153743,-4.046688,1.4156593,1.9251019,2.3972352,1.077549,0.39124224
0.26184636,7523.8687,0.0014350091,8.261649,-6.546584,0.3269271,-4.827284,-13.3705,0.82534045,1.3388394,1.8139523
0.49931002,7057.919,1.571846e-05,9.79226,-11.060675,6.141339,0.7864325,4.2247367,0.6253958,0.947915,3.5088866
0.39988112,4404.1826,2.2628455,9.249957,0.8166231,2.8534944,13.878268,1.277023,0.42007828,1.3035604,1.6696137
0.36983332,4895.33,0.14501558,9.325352,-1.930914,-0.45432964,-3.1865802,0.50518304,1.790421,1.9491751,0.7526462
0.44063538,5205.198,0.058779076,8.967021,-2.8339694,-0.36403582,-11.488723,-0.27922663,0.16188459,0.6862624,0.95755494
0.3336481,4254.173,0.012497597,8.773539,-4.382219,3.2885807,8.934367,-3.303409,0.3493112,2.1118805,0.30617946
0.4375741,5019.8267,0.044163976,9.804893,-3.1198459,8.696489,1.1000475,8.491367,3.20399,0.2325231,1.6185608
0.41844264,5256.7896,0.068086706,9.254877,-2.6869733,0.09337383,6.85614,-5.1967607,0.64401716,0.051853806,1.2818127
0.49111372,5177.786,0.06762924,9.986299,-2.6937149,-4.7314997,12.480075,11.618084,0.30827838,2.459052,1.5152413
0.42341974,5432.114,0.055091105,9.303076,-2.898767,4.3480797,-2.9172525,7.5876627,1.1799883,0.49294618,0.56293446
0.4246236,5512.4487,0.67528427,9.340433,-0.3926215,-6.4200716,6.5525365,4.9144707,1.2578834,1.8145479,2.2571013
0.30791637,4781.434,0.005736359,8.835318,-5.1609306,7.595331,8.279882,0.04397302,0.8046947,0.14150728,2.1329246
0.5377545,5851.8604,0.032099325,9.902188,-3.4389203,-6.008399,-1.1945609,3.748295,0.9354998,0.94682616,0.19420984
0.3744293,4161.698,6.859951,9.101558,1.9257003,7.6995916,-0.019832429,-0.96728694,0.70241183,0.16388014,0.50482345
0.5007766,3856.2722,1.5880191,9.348707,0.46248743,-1.9824002,-5.075714,-0.28530765,2.1602721,2.1401434,0.91742575
0.47101098,5209.4624,0.52949935,9.244088,-0.6358233,0.23601867,1.9978696,0.12575868,1.0494452,0.32935852,1.122855
0.43901333,5819.6084,0.007057901,9.799545,-4.9536076,-4.4008255,-1.4839141,12.119426,0.936959,0.18225501,1.6366153
0.60274583,4357.512,0.3472673,10.158654,-1.0576605,0.15915515,4.652874,1.4830797,1.9546659,0.11563968,0.5235669
0.5365114,4907.7295,0.080092326,9.924689,-2.5245752,5.7741594,4.3924017,1.2575054,2.0667958,1.1194857,0.1560123
0.4125199,5882.016,0.3068626,9.24542,-1.1813552,4.7961493,3.8120658,3.738589,0.33826438,0.5130759,0.7962678
0.27159047,5223.1724,0.0041537164,8.740386,-5.483752,2.8932567,-3.2752993,-10.513566,2.5185156,1.5180022,1.5326041
0.18720499,3778.6821,0.011519219,8.435266,-4.4637384,1.8926804,-0.4635936,-14.120305,3.5395672,0.032517437,0.38677382
0.45186114,4360.695,0.0033277555,9.4485655,-5.705457,-8.640649,1.6764481,-3.4570065,2.4016466,1.0949988,2.1170943
0.32150435,7002.6304,0.25765583,8.875125,-1.3561306,-3.503804,-10.757608,0.80693114,1.5771381,1.5629874,1.0389806
0.43086505,5627.6953,0.23704623,8.929629,-1.4395001,-2.9124389,3.545696,-3.502061,0.9994119,0.29741347,1.654716
0.4047815,4607.535,0.060665965,9.338187,-2.8023725,0.9488039,3.025851,-11.1666765,0.59688616,0.812178,1.5749137
0.44891614,5041.208,0.052491613,9.416162,-2.9471018,-3.6205235,2.3881848,-7.282918,0.115193956,1.0803807,1.7774731
0.40783283,4461.215,3.87034,9.3748,1.3533424,-2.854122,1.485394,1.2397686,0.32770184,1.3153404,2.4115858
0.3154595,5753.554,6.2806124e-05,8.334973,-9.675458,-4.6931043,-2.956785,-4.1051526,1.6657554,0.056504432,2.7769954
0.4325021,5503.08,0.025003206,9.751833,-3.6887512,0.5364304,11.099292,5.79722,0.2015686,0.91851896,0.87966233
0.44585723,6161.574,0.067682244,10.065849,-2.6929314,-9.675699,7.9831567,-0.94334984,1.9541297,1.2079127,0.6921896
0.43739134,5794.512,13.146304,8.939972,2.5761406,-5.044385,-3.8637795,-2.448172,0.5216406,0.6758445,0.094193116
0.47709092,5106.052,0.00011428507,9.437161,-9.076815,-0.42315242,-14.383147,1.1978301,1.7372546,0.71821177,0.08020223
0.52818084,6240.697,0.043948635,10.208861,-3.1247337,-8.49348,-4.9950566,-2.446442,0.9442472,0.36016342,0.72362906
0.34501746,3346.218,3.3878365,8.866532,1.2201915,-8.3567095,-3.7829707,7.5722046,1.3239584,1.5563239,0.7040835
0.50948536,5476.934,0.19264612,9.7435665,-1.6469004,6.0602007,-2.510721,5.4860997,3.0926204,0.418118,0.4439342
0.39341128,4929.392,0.14710437,9.426105,-1.916613,-3.232084,4.704397,3.0367632,1.094332,0.31372118,0.8286097
0.40812117,3855.8855,17.684065,9.75053,2.872664,-2.114407,-1.9051332,-1.3753103,2.1233284,0.34206057,1.1175805
0.42615995,4824.017,20.693087,9.483871,3.0297997,-4.0358686,6.6146784,5.6747293,0.16111368,2.2381942,1.9328567
0.4282755,3364.4702,0.022159796,9.217742,-3.8094757,12.41021,10.530056,1.4470936,3.0353646,0.79222685,2.5649126
0.28382313,4594.479,0.020107023,8.7237015,-3.906686,-9.306783,1.0950029,5.0561876,1.3109916,0.47822773,1.3663588
0.530958,4915.392,0.0008486019,9.60479,-7.0719204,13.4976015,-3.234167,-4.5871935,1.287802,0.56910825,0.62961173
0.4657841,7018.715,0.032148495,9.930378,-3.4373896,3.3780851,4.8050857,-1.9724394,0.5361993,2.207617,0.99433297
0.43303272,5090.3535,0.047222152,9.923596,-3.0528922,9.165179,2.2824907,-5.1157646,2.8455694,2.087985,1.48951
0.45154795,4804.3394,0.010429002,8.938363,-4.5631647,7.941548,2.2165728,4.280245,0.9889905,0.78240275,2.5318007
0.26953956,6403.09,0.00058949966,8.505233,-7.4362364,-5.227172,-6.992943,-5.130342,0.023497662,0.9113876,0.43051666
0.4707188,4716.2524,0.8996655,9.944229,-0.105732314,2.7341266,-2.6667569,3.1014042,1.6823919,0.017650528,0.5994059
0.4856549,4919.37,0.011134739,9.922498,-4.4976854,-13.231909,5.4596715,-3.794355,0.8977272,0.050029393,2.7414687
0.43866596,3626.0532,0.045823336,9.191325,-3.0829618,-1.4459262,-8.436787,2.210451,0.9688089,1.9571427,2.0841465
0.37137815,5190.008,7.2014713,8.832355,1.9742854,2.6269314,-2.9000523,5.792462,1.9306287,0.9437391,2.5686612
0.41557813,4527.845,23.0322,9.308011,3.1368933,7.1035786,-2.0823262,-2.0293658,3.719083,0.984995,0.27141896
0.27943075,5895.708,0.19864394,8.34099,-1.6162413,15.273917,-0.4049257,3.6103885,2.6482923,0.11859707,0.2947528
0.40113348,6211.7217,1.986672,9.824031,0.6864609,-7.5968957,-9.040308,-5.2628455,0.6894924,3.6626134,0.0013187755
0.4108843,5238.6714,4.397453,8.789376,1.4810255,5.9820514,0.9501329,0.37720898,2.12922,1.1300933,0.94601804
0.37787268,4510.679,0.0012421313,9.353836,-6.6909266,-3.461054,-12.129958,1.1751045,1.8885564,2.4813488,2.21019
0.4974956,5107.5625,0.028390883,9.486265,-3.5616872,-4.6751733,11.353161,1.6732569,1.5600276,0.60252565,0.5473467
0.5361297,3550.0469,2.3764756,10.203549,0.8656185,-1.9604095,0.046820194,2.4349096,1.6850613,2.1492627,0.79898536
0.31264147,4554.176,0.55141896,8.579586,-0.5952604,-2.052422,-4.7466817,9.227098,0.6417323,0.66038305,0.9890977
0.34283295,4333.385,0.8928631,8.847001,-0.113322034,7.9430714,-3.004861,-2.708881,1.167887,1.3510022,0.43699563
0.43672734,4603.368,0.009107266,9.386316,-4.698683,-4.854036,-5.5818596,4.505891,1.6075981,1.7537873,0.874401
0.46227,4508.6055,0.13361582,9.234388,-2.0127866,-6.861893,2.9555228,4.6967945,0.9535886,1.167008,0.73039615
0.37238434,5835.3086,0.00075041165,8.940821,-7.1948886,7.4355407,5.048367,9.429237,0.82437897,0.7338384,1.4556308
0.15533815,6775.3984,0.5205039,8.115238,-0.652958,-7.0921063,5.088836,8.785437,1.9304246,1.8973017,1.6408967
0.40303248,4718.021,0.512634,9.249731,-0.6681932,0.22688611,-11.457362,-3.8691351,0.9542297,1.5107243,0.8311697
0.5206125,5738.826,0.047674842,9.762663,-3.0433514,-11.209021,-4.5826273,-1.0176995,0.48503417,1.500467,1.1985463
0.4513255,4755.2764,0.65947247,9.677039,-0.41631505,-5.529125,-1.1721193,1.458579,1.8022462,0.33442006,0.8104014
0.25928867,5017.464,0.024048463,8.9759,-3.7276843,-0.4127033,-2.524422,-6.9815516,0.225897,1.2788419,2.2515776
0.47853518,3945.923,0.03800283,9.878477,-3.2700946,-9.370794,-8.93491,1.1993718,0.3152845,2.232888,2.225029
0.42567247,4664.662,0.16183108,9.503032,-1.8212022,2.352352,0.8127697,0.9617086,0.18978724,0.88794583,2.07382
0.34186026,4649.8506,0.016246097,8.465951,-4.1199026,0.8592257,-0.17385615,-1.1742246,5.0144343,1.2743802,1.8519425
0.3718276,5190.2124,3.569214,9.148691,1.2723454,-5.5726686,-2.8789446,-6.80749,0.08897935,0.57822794,0.11060127
0.40675497,3710.9126,0.009018494,9.124084,-4.708478,-5.135409,2.315753,-1.0941488,0.47697136,1.3289212,1.0411184
0.3286992,3576.2507,0.020064572,8.99777,-3.9087996,-7.3838444,1.000909,8.423532,0.91511524,0.7329183,0.61249924
0.4276447,4477.4136,8.7372265,9.115192,2.1675928,-4.8715672,-1.4153892,-0.9612627,2.2032022,0.1873158,2.2181094
0.54155594,6102.2524,0.6750865,10.096333,-0.39291444,-7.703787,0.06977375,6.295223,1.6430094,0.13684842,2.3670437
0.39956984,4367.1533,64.894684,8.93592,4.1727657,-2.4177756,1.6923597,-1.3891811,1.5041015,0.68405825,0.72977144
0.5012502,5069.8467,0.26584014,9.905275,-1.3248601,-6.367347,3.3926198,9.906166,2.1019847,0.26327556,0.51527286
0.025117874,5826.288,0.0022215906,6.9807005,-6.109532,-2.579202,-9.6538515,3.930895,2.4683013,1.857918,2.9813492
0.59522724,4709.712,1.5779929,10.525945,0.45615375,5.5337176,9.410301,-4.5916395,2.015431,1.7157859,1.5472015
0.32593673,3952.9563,0.024179013,9.146359,-3.7222703,5.478479,2.2227643,-10.60301,0.37168682,0.015286472,0.44978368
0.31000966,6843.9385,0.05295115,9.220571,-2.9383855,7.3035846,-4.847078,-7.727299,1.7181878,0.8096898,0.40849388
0.43992096,3308.8315,0.3879601,9.332723,-0.94685274,-0.9176247,2.1068513,-1.6973854,0.82107335,0.45528445,1.4817528
0.49063122,5462.1475,10.324804,10.0494175,2.3345492,-3.7156177,9.295357,1.5319313,0.75316626,3.1333733,0.8090775
0.51188064,4774.238,0.0048746937,9.734381,-5.323698,2.6497788,-2.4184349,7.5620933,0.62985015,1.6554577,1.7612039
0.38426733,4787.29,106.33414,8.926174,4.6665864,6.696254,-5.40438,-11.330531,1.8538979,1.7082576,1.6957301
0.5063362,6083.769,9.096264,9.367835,2.2078638,2.1750169,17.29639,1.8861524,0.6826831,1.015833,1.0357322
0.4347703,5178.472,0.019726874,8.991053,-3.9257734,0.76574063,-2.111725,-1.7645843,1.2258309,0.43206313,1.1140859
0.36432296,5217.167,0.94644964,9.473558,-0.0550375,-2.2519848,-10.99324,12.685537,3.307151,1.8433145,2.664877
0.47729033,4981.409,0.05891504,10.0400305,-2.8316588,0.7270857,15.111367,-4.341495,2.4647646,1.0703213,1.0131974
0.42458788,5833.4795,1.6277982,9.066045,0.4872283,5.5172987,0.11149532,-5.3640842,1.95481,0.78425086,2.5332296
0.43556467,5338.9946,0.04272177,9.488758,-3.1530466,4.868787,0.5239067,0.31231952,0.29031086,1.5555102,0.25151563
0.4533246,4790.5317,0.101581305,9.315386,-2.2868958,2.0849283,-0.6370538,-1.5977688,0.12073651,0.81775725,0.94617665
0.37679946,5378.436,5.234482,9.062658,1.6552678,-10.080278,9.324962,0.7995973,0.60147333,0.8658137,1.2829374
0.42460647,4883.968,15.75055,9.7484,2.7568753,1.4094918,2.0609164,0.00632573,2.0051098,2.67843,2.2796848
0.34045345,3849.0737,0.18696159,8.708096,-1.6768521,0.6563087,-7.474042,7.55856,1.8560402,1.2206581,2.4460957
0.5139828,5649.1006,0.023686143,9.679443,-3.742865,1.3147911,6.5157943,-0.27739233,0.26220345,0.09026153,1.1036777
0.43926346,4455.515,0.16022739,8.959984,-1.8311613,-3.0245738,-8.185445,4.173866,1.6543822,0.039321803,1.7774171
0.4245078,4932.663,2.6455877,8.749973,0.97289324,15.88951,-1.5959151,3.1605566,0.4894124,2.2989569,0.4737955
0.46633393,4785.6523,0.09721444,9.837759,-2.330836,-13.378673,2.952137,3.940911,1.3736684,1.3550762,2.5476289
0.38582984,6574.676,1.396481,9.555368,0.33395556,-12.317355,-5.040636,2.0266278,0.91189474,0.45996234,0.9498096
0.43996742,6223.9814,46.021896,9.658563,3.8291173,-6.8939185,5.6776686,5.991708,2.0200012,2.8790517,1.3285687
0.17956531,5756.5127,0.0328228,8.531277,-3.416632,-5.1076183,-4.0019407,2.7560954,0.5194059,1.9437283,1.6104455
0.3597593,4885.3843,0.0039964975,9.121758,-5.522337,-4.366493,7.680067,3.693903,0.53981507,0.6179691,1.4236628
0.42233452,6174.228,0.4421729,9.229677,-0.8160543,3.5390391,-3.0913281,3.2049804,1.6137271,0.9626862,2.159363
0.36535546,4887.9834,0.20174053,9.0091505,-1.6007729,4.5731225,3.594625,3.8222442,0.5617831,0.71319115,2.4933622
0.3877071,3750.571,1.5933716,9.152483,0.46585226,3.87671,4.640061,-13.976421,1.223836,0.92425275,1.0511504
0.217809,4493.75,0.06060568,8.363468,-2.8033667,-1.2789606,-3.4422495,10.785198,1.087856,1.8185384,0.23059848
0.36557832,3577.3723,0.27402744,9.016662,-1.294527,-5.480994,-4.1335607,2.172323,0.48399034,0.64019054,1.2993184
0.37231925,3987.9238,9.391853,9.331838,2.2398427,-3.9233975,-1.9092424,-3.251463,0.22049382,1.3415728,1.10467
0.41382506,4238.3926,0.032649476,9.410552,-3.4219265,3.980466,8.495685,1.9807936,0.45197567,0.26631716,0.5251532
0.33075678,4527.7876,0.20283231,8.544043,-1.5953757,-7.587183,0.1288754,0.991573,1.2025528,1.0613725,1.6514618
0.36965147,3037.4595,0.0019042898,8.784976,-6.263646,10.325086,-15.073344,5.5814104,0.6129236,2.436207,4.0451527
0.40169287,4525.504,7.2264805,8.863609,1.9777521,-5.8678064,-4.0407796,8.73401,1.4404947,0.41950375,0.8473513
0.36955494,4159.297,0.05590823,9.03882,-2.8840437,8.916469,2.8801427,4.631756,2.0378695,1.0277344,1.2568669
0.37238058,5601.5654,0.013150268,9.356984,-4.331313,0.14518052,2.8919353,3.3584254,1.2542543,2.978368,0.2246375
0.3775591,6051.205,0.50021833,9.3449335,-0.69271064,6.675403,-9.04907,3.684583,0.1220071,0.5071585,1.2996778
0.44328335,5300.3096,0.004248672,9.5669565,-5.4611487,6.8081603,1.6287088,-0.6946543,0.522534,1.4127204,1.7554799
0.16321929,5894.925,0.13672546,7.8337827,-1.9897803,-2.3716254,9.877206,3.2738397,1.8692795,2.5996923,0.2131521
0.28095067,5592.611,2.0909362,8.811648,0.73761195,7.3653355,8.888526,-2.1019597,1.493486,0.16343239,1.1023564
0.4384322,3614.0718,0.520396,9.07732,-0.6531652,3.7153668,6.0369678,-1.1948937,0.007343106,3.8819032,2.8661394
0.2581826,4427.0806,0.03877586,8.434157,-3.2499573,4.248297,-8.553753,-6.4796376,1.2132568,1.2925442,1.3293386
0.4468214,6420.7573,0.009674914,9.3120575,-4.638219,-1.960001,7.2438197,-2.2964256,1.0648657,4.5501976,0.8424019
0.44209296,5916.9697,0.0006188226,9.674924,-7.387692,3.9987824,0.08194658,10.420687,2.0482576,1.4716974,0.69777894
0.29873666,4198.061,22.315199,8.714191,3.105268,-2.9983227,-1.2460598,-1.4428053,0.36599156,1.5251045,2.1274931
0.32197267,3451.6187,0.029095026,8.84368,-3.537188,0.24342379,-8.235888,0.5156789,0.21317497,0.3720725,0.6724672
0.43031812,5710.4956,0.16807853,9.739854,-1.783324,-2.5114763,1.9235408,0.29347745,3.7781935,0.41578045,0.38580686
0.43588945,5878.5464,17.710056,9.12684,2.8741326,-1.4913667,-7.696997,-0.50126356,1.7934339,0.61926013,2.9981034
0.41595477,4973.818,0.3157239,9.525038,-1.1528872,10.90452,-1.4516541,-4.9216166,0.7645407,0.69744736,1.0731676
0.4246509,3297.3464,0.30295718,9.745335,-1.1941638,5.629695,3.701393,8.23326,0.41737038,1.7972577,1.1409419
0.31723177,4028.662,0.006255799,9.100966,-5.0742464,-2.8382673,-3.2360144,7.1228313,3.2113,0.47656262,0.099844426
0.49467245,5718.193,0.006858981,9.832137,-4.9821963,-3.1015344,-12.99284,-3.330314,1.0474321,1.4153733,2.7285504
0.6352055,3620.5493,2.8420558,10.800182,1.0445276,-0.6556928,-4.9787645,-1.5912161,2.3978784,0.32273948,1.4893955
0.5052646,4540.3696,0.02404821,9.398754,-3.7276947,3.6013722,2.3740518,-3.3478713,0.35263765,1.0447783,1.2503179
0.61973757,4162.501,0.02993194,9.839448,-3.508829,0.3869533,-6.6138372,-3.8831663,0.7814883,0.054684084,0.174629
0.61522585,5177.6367,0.0010213173,10.374074,-6.886662,1.4050152,7.5691247,5.667233,0.348413,0.45742634,2.5639865
0.50230765,4055.148,1.3910757,10.23916,0.33007738,7.9491563,-2.5545845,7.9503856,0.26634175,0.8576409,0.54414004
0.2725497,5493.8857,0.12934677,8.52873,-2.0452583,-5.7758336,-4.513235,-1.7772007,2.679689,1.0650985,1.8481507
0.32114682,4232.688,0.034742907,8.293005,-3.3597798,-7.562754,7.962955,-1.4458654,0.80379844,2.5695386,0.06957154
0.36394987,4435.8086,0.12256884,9.2021265,-2.0990825,6.1738544,-7.3285513,-4.6704993,1.1116035,1.0816388,2.3746235
0.3119023,6847.9717,10.2582,8.596589,2.3280773,-5.2777705,3.608171,2.0114586,1.9615968,0.033175804,3.644715
0.32538247,5281.42,0.16451305,9.053827,-1.8047653,-1.2238117,1.093643,1.6162213,0.19429141,0.6165061,1.6310219
0.36333597,5855.657,0.11156556,9.132432,-2.193143,2.8661,1.8865665,0.22802003,2.1004114,1.1407298,1.1693083
0.4821331,6955.8047,0.0064069796,9.977889,-5.0503674,0.028640023,-5.811567,-10.990514,3.4457943,0.031360988,3.116776
0.5493777,6317.846,0.699564,9.976647,-0.35729805,6.6782427,2.018902,-6.3349504,2.7270973,3.1392002,1.9219943
0.15114431,5796.757,1.9675895,8.188627,0.6768092,-1.093117,-5.7474594,12.293862,0.7991669,0.9906154,2.7035997
0.29719958,3901.0515,9.420649,9.103771,2.242904,-10.062177,1.1187832,6.4061327,2.6140404,3.4404788,2.9538844
0.4856158,4502.164,0.28308794,9.202958,-1.2619977,-6.1013746,2.7643106,10.905212,0.40136907,0.4817497,0.806205
0.5799992,4031.987,0.017388575,9.965987,-4.051942,-1.7470782,4.0391297,-6.0115223,0.26380336,0.20833188,1.8512671
0.25342268,3608.8457,0.03204813,8.355635,-3.4405165,-1.0006462,8.100505,-2.9704325,0.09064926,0.17688712,1.2512255
0.40516034,4049.3257,0.013306834,8.69795,-4.3194776,-0.9842881,2.0145028,-10.106359,0.13955796,0.49564877,1.6132205
0.39910436,4372.6484,0.42193776,8.784108,-0.86289746,-5.334591,-7.4166074,0.40989175,1.9064298,0.6145909,0.13176362
0.34728545,4324.723,0.23407069,8.939956,-1.4521321,-3.4990764,4.0346065,10.404893,3.427689,0.545754,0.01985639
0.45006654,5423.5664,0.032224204,8.976904,-3.4350374,-4.762674,6.7613072,2.472675,1.8189414,0.4538125,2.3346806
0.6640122,4068.1929,0.9654871,10.5544195,-0.035122484,-3.329701,3.7934453,-4.4221883,0.08432578,0.5944553,1.5228513
0.54081255,5076.8413,10.033855,10.432198,2.305965,10.4234915,-4.2202635,-2.1568863,0.8042319,2.0872848,3.2566738
0.4455306,5562.876,0.025101293,9.551511,-3.684836,4.0284815,0.44613734,-0.57133836,2.3358476,1.4705638,0.3475043
0.32671237,5773.7324,0.94846225,8.405935,-0.0529133,5.386673,13.870317,8.850943,0.09477269,1.1433756,1.5000032
0.5403826,5121.183,4.081197,9.891867,1.4063903,-1.9343182,-1.4833226,0.2867678,0.9123347,2.957598,0.34706256
0.38157275,4555.793,0.0071602906,8.726717,-4.9392047,-6.700007,2.9799242,8.529363,0.4093808,2.2320902,1.763578
0.36928496,5847.804,4.7132882e-05,9.260526,-9.96254,0.8229886,-3.3722036,5.0129857,1.8148758,1.1137204,1.0396128
0.35609528,5099.847,0.4666826,8.903964,-0.7621059,7.1369944,4.24971,3.4766343,4.229051,1.085963,0.16486245
0.36813092,3597.9316,0.041107535,8.862269,-3.1915638,1.654219,10.293506,-7.060647,3.0792766,4.3855915,0.067412905
0.22918162,5975.043,1.7130638,7.8811765,0.53828347,4.82164,-5.9609375,-2.156288,0.08552198,1.7117938,1.6555357
0.4090856,4578.297,0.010693107,9.376987,-4.538156,-14.202262,2.3238363,1.2868527,1.6735667,1.44048,0.26820886
0.48782653,7446.425,19.47932,9.533882,2.9693534,3.2539124,-3.064013,4.1358786,1.1383479,1.0094297,3.5191953
0.24213524,6482.0283,0.07957497,8.558346,-2.5310557,9.128669,3.4006467,3.2765884,0.13131954,0.9175351,3.2727528
0.31887513,5911.927,0.004122961,8.929293,-5.4911838,-7.6527667,1.9387634,0.7684484,0.098798454,3.0660357,1.7374783
0.38530016,4102.3457,0.07740236,9.298309,-2.558738,7.856498,-2.6574447,11.118181,1.3853419,1.1683735,1.0323697
0.44556397,5177.593,2.1168501,9.564599,0.74992925,-1.3340725,-13.319392,-9.387469,3.423202,0.3251505,0.38576472
0.43830895,6805.8086,0.18386278,8.844407,-1.6935656,1.8637457,1.6642612,-3.733221,2.5654194,2.4352438,2.712143
0.537135,4543.6157,0.007703685,9.493887,-4.8660564,4.9307547,1.8117821,5.901438,1.2920353,1.1156716,0.62860817
0.40724424,6123.5713,1.9262977,8.762636,0.65559983,5.498483,-1.5585388,-2.1835055,0.19803749,1.2903509,3.0385387
0.2810419,3073.8608,0.27062997,8.382089,-1.3070028,11.947342,-8.013351,4.716417,3.6937814,1.5413486,1.0785449
0.28946462,5567.4365,0.064216994,9.284599,-2.7454875,-1.0201495,2.9155564,-0.50434375,0.2544344,0.83073676,1.6946096
0.44996196,4981.212,0.20972444,9.396664,-1.5619608,1.9628786,-1.2382475,-5.8154917,2.6837363,1.3889408,0.6562028
0.41255385,6136.4326,1.1278313,9.675292,0.12029658,-5.796736,-10.03569,9.144576,0.56580585,0.7905629,0.6210756
0.3988505,6081.3438,2.9539757,8.917423,1.0831519,-12.241632,-7.794624,8.97573,0.656504,3.2790697,0.8710142
0.3161413,4777.089,0.011645893,9.215076,-4.4528017,3.5654314,-10.275772,6.182521,0.5515889,0.7769057,0.92950475
0.3480896,4272.2314,0.13097236,8.688809,-2.032769,-6.4548078,4.688102,1.8652039,0.21400493,1.8385795,1.8118964
0.4901502,5553.0757,0.016443033,10.154281,-4.1078534,-9.610044,15.441967,0.22944999,0.33699235,0.4055347,0.70901924
0.3134578,5090.4004,11.121132,9.100511,2.408847,3.870052,-3.605586,-7.1601505,2.5923984,0.70456046,0.7683645
0.6260699,5460.522,0.0035738363,10.851935,-5.6341157,-14.947856,4.10179,-7.16418,1.1763258,4.0014343,0.6884123
0.40763745,4560.198,0.19402514,9.443618,-1.6397675,1.3094183,0.6275229,-5.01333,1.247906,1.4817139,0.71806794
0.22474824,3760.4414,2.243915,8.426816,0.8082221,-4.4758725,-0.94305044,2.835201,0.06911364,1.1378537,0.79717493
0.48536336,3717.9473,0.3628332,9.641546,-1.0138121,-1.4363544,-1.030401,2.0238795,2.2015185,1.2892638,2.499241
0.3047883,5937.763,0.34691173,8.901273,-1.058685,-0.3714633,-1.7309532,-0.6242213,0.5486802,0.7070744,0.24500063
0.4635588,4187.296,1.3035262,9.832571,0.26507303,8.3384905,2.0988784,-0.8546477,0.6851804,0.67536426,1.23594
0.28005898,4925.5654,0.10533986,8.065075,-2.2505634,0.8361553,5.613633,14.734037,0.7390679,0.76292443,4.3022566
0.41345403,3308.3406,0.017729023,9.4915285,-4.0325522,-0.50097024,-6.2302866,-5.44442,2.6170137,0.4404436,0.22119592
0.45356953,3357.7964,0.070828244,9.810939,-2.6474974,1.004918,4.883189,3.0596256,0.97659844,1.1296475,0.021365691
0.440637,4901.0146,0.19055781,9.53347,-1.6577997,7.131385,6.459417,-12.21528,2.5152078,0.6828494,0.544646
0.5453118,4418.298,0.11554743,9.88581,-2.1580741,-14.917699,-2.0036402,-0.8312449,1.3633444,1.6215394,2.9001622
0.44038177,5133.1973,0.031629108,9.303357,-3.4536774,-2.2112885,-4.976084,5.6119614,1.9475341,2.054335,1.2353413
0.40277907,6147.981,0.030722143,9.436881,-3.4827716,2.0320745,1.1027296,7.1559296,0.48788196,0.94410455,0.1732464
0.33331245,4970.286,1.2936622e-05,8.716699,-11.255448,-10.261379,-13.644789,-8.927554,0.15703644,1.882568,1.7716453
0.5048772,3948.8398,0.017963558,9.524689,-4.01941,-0.24937308,5.876673,9.72899,0.49518132,1.5274698,1.4206421
0.41977784,6368.1084,0.28653437,8.9591255,-1.2498968,6.4089003,-5.126054,-2.1121562,0.5911742,0.40777317,1.3433678
0.28274477,4413.7407,0.004365365,8.657197,-5.4340534,0.7117543,-1.1739761,-5.89907,0.5040264,0.101618454,1.1178529
0.36780095,4880.9116,2.0550978,8.82106,0.72032344,6.4539647,-3.0619178,3.5459263,1.5993378,1.9395036,0.7946008
0.50418866,4492.434,0.003592367,9.859499,-5.628944,-7.563762,1.8771634,-6.6228766,0.16775304,1.1950927,0.15520565
0.47502306,4095.1704,0.12891969,9.713996,-2.0485656,1.8612378,2.362138,0.14449185,1.7706791,1.1081984,0.55510235
0.49688777,3668.3105,0.012928754,9.702166,-4.3483014,-1.6142536,5.731061,-3.2894294,1.8480848,2.9869983,0.7899617
0.4800204,5530.0967,0.62556005,9.2830105,-0.46910802,-8.508919,0.7090858,-10.354524,0.5604203,1.0858829,0.8941643
0.48678163,5510.126,0.27133536,9.572798,-1.3043997,-0.5478176,-2.823468,0.9550823,0.22792904,3.0685215,1.0705992
0.39258602,5601.677,2.0479116,8.967885,0.71682054,-1.7938142,-6.063171,-3.9413123,0.097566575,0.12366367,0.2962623
0.30906138,3953.481,0.11607711,9.027593,-2.1535006,-8.397459,-3.5118313,-2.6281044,0.2944078,1.4009179,1.2751216
0.3210101,5951.6904,1.7941169,9.017862,0.5845129,9.835768,-4.8407125,5.765406,3.6367264,1.2804921,0.73449624
0.35846314,4526.6396,0.09684922,8.957652,-2.3346,11.326784,14.276125,-2.1457114,1.517152,0.3201457,2.7818818
0.37021977,4936.755,0.0042257984,9.357039,-5.466547,-9.405547,2.5107453,-6.5665483,2.1903667,0.24831967,1.9389684
0.38605696,5505.822,0.36783475,9.219998,-1.0001215,-1.4029101,-9.641332,2.1433694,4.4385905,2.4148433,2.8020217
0.66752255,5295.672,0.011390001,10.449036,-4.4750195,-2.0644286,10.799289,0.7216515,0.23961245,0.1733019,0.2262642
0.24250048,6524.087,0.03994435,8.123163,-3.220268,2.4363816,0.67814076,1.2336078,1.4203727,2.3934474,0.70844066
0.35440093,7204.25,0.009949379,8.971626,-4.610245,-4.7082515,-13.197287,0.24768902,1.9411421,1.8077871,1.5463977
0.26604527,5186.3193,0.0022759663,9.0662365,-6.0853505,10.565203,-7.146874,-0.04464447,1.6786366,4.281083,0.74848497
0.31621462,6575.167,0.31960022,8.544364,-1.1406844,8.884832,13.521462,-0.28487867,0.22722763,2.293266,0.7303051
0.53640467,7227.957,0.017771166,9.624682,-4.030178,-4.3642545,-2.6385026,6.3340316,1.9492856,1.096912,0.51284534
0.45993382,5110.3955,0.0028150156,9.311644,-5.8727875,-1.0739787,9.901664,1.9514068,0.66965437,2.0958138,0.13079783
0.3562563,6305.659,0.061081585,8.828786,-2.7955449,5.250652,-7.063403,1.9109503,1.1376805,1.0626563,0.39451197
0.5507446,4137.2607,0.75462043,10.565066,-0.28154042,-0.7755991,-2.7874324,-9.528384,0.014390661,0.30129537,1.5478836
0.34005296,5857.7646,1.418653,8.7822075,0.34970778,11.194134,-0.21378477,9.774509,2.1029632,0.09621529,2.1704483
0.4495174,4808.341,0.042631224,9.301931,-3.1551683,-1.1686327,-4.3052106,13.23537,3.4563372,0.74039567,1.5590022
0.54936844,4127.8765,0.00299902,10.18974,-5.8094697,3.3156343,-9.787315,-3.309601,1.191408,0.41822264,0.41789758
0.30138293,4160.689,0.017504979,8.094814,-4.04527,-1.2660131,-11.2868,4.5103583,1.786516,0.31793037,0.34601456
0.28435674,6796.87,19.580189,8.335764,2.9745183,1.667606,0.26075292,-4.413947,0.48811987,0.34556165,0.275142
0.39782813,5291.864,0.06678813,9.11366,-2.70623,3.9309373,9.197468,-0.73204464,3.6555834,1.618692,2.4765196
0.33109623,5137.11,4.1858563,9.090395,1.4317113,11.112148,0.8845217,-7.1843777,1.9371961,1.6114844,2.3383598
0.57767963,4362.759,42.727295,10.099084,3.754838,6.7382307,1.5845346,-9.339278,1.1129987,0.6238347,5.2546844
0.30740762,6975.4297,1.7185447,8.328074,0.54147786,0.69952875,3.251327,7.5722046,1.3200833,0.47715053,1.5837868
0.36066076,4696.8335,0.010865275,8.703935,-4.5221834,-2.9329472,-0.0342312,-4.1107435,0.080781944,1.450211,3.243479
0.35266185,4605.01,1.0531052,8.853319,0.05174318,-0.55638254,7.0412045,14.657407,2.581479,0.41211957,2.2217503
0.33652177,2755.5757,22.781796,8.538693,3.1259618,2.2948465,-2.5485456,-1.9771862,0.47352344,1.2425277,1.3604677
0.52371407,7026.435,8.1274914e-07,9.727703,-14.022843,-4.809355,0.7788995,7.3445315,0.13472277,1.2307788,0.71626204
0.40887707,6329.6333,0.030976567,8.958669,-3.4745243,-0.83595705,-1.2580433,-5.589318,0.6401417,0.28180936,0.43596715
0.36618668,4058.6594,0.035779156,8.561286,-3.3303897,0.88601345,-4.166366,5.417539,2.4001184,0.8310913,0.35797685
0.45847118,5619.8247,0.010444614,10.049352,-4.561669,1.2163669,7.4036593,-10.256027,2.7739096,0.07450653,0.362566
0.5306355,5453.357,0.7740584,9.957831,-0.25610793,0.24270426,0.39679748,-5.627241,0.7724417,0.80422246,0.43278196
0.45205918,3702.27,0.012360321,9.324182,-4.393264,4.0817437,-13.93934,-5.4815683,0.6587234,1.9066465,0.9609884
0.34440508,4919.6104,0.03846507,8.995912,-3.2580047,3.3259885,2.120512,-7.4645514,0.09833894,0.64211905,0.85908246
0.3026471,5199.9253,0.020144792,8.2906275,-3.9048095,19.803553,-1.6802152,7.434675,1.9857324,0.14273486,2.7083094
0.3345695,4747.406,0.44241717,8.5552025,-0.815502,12.61018,-1.4440825,-2.9421718,2.827855,1.0797751,2.277926
0.3252957,4546.5337,0.029887421,9.211042,-3.5103176,1.754542,12.309293,5.94564,1.4913456,1.9866349,0.30308294
0.4301998,5402.5464,0.00025927214,9.441559,-8.257632,4.0692816,0.20244604,-2.8466897,0.45957455,1.6954944,1.3304168
0.36778674,4520.3955,0.009222298,9.246299,-4.686131,-6.360736,6.7272105,-13.556323,0.7663304,1.6264826,0.5465335
0.41865304,5498.0195,0.38659492,9.150391,-0.9503778,0.46273315,1.4975021,-8.438729,0.98284096,0.47091833,1.5573885
0.4384635,6502.0215,0.07147744,8.987238,-2.6383734,-5.310525,-1.6690156,-7.6054873,2.597954,1.7086765,0.4539322
0.25594372,4465.6606,0.039886586,8.208582,-3.2217152,-6.945829,7.6981792,5.4689517,1.0823545,2.357976,0.8349923
0.5714187,5521.806,0.05751719,10.740076,-2.8556714,-3.3896155,-3.293168,-4.1593184,2.1041675,0.3408472,1.4566575
0.391685,6568.8804,0.020910205,9.105995,-3.867518,-5.9178934,1.9643823,3.0211306,0.28360403,0.3683015,3.1562264
0.3885734,6339.135,0.23181133,9.344703,-1.4618315,-3.5796287,-3.9168856,2.6200309,0.07735076,0.51535535,2.197664
0.41066086,4119.0093,94.34465,9.474556,4.5469546,5.4599485,-0.79742223,10.642609,0.3798267,0.9597494,0.3587429
0.46754712,5127.995,0.19911402,9.358512,-1.6138777,2.101652,-1.485589,-8.411867,1.7963653,3.4781585,0.34634602
0.33663008,6087.4004,8.748645,8.821348,2.1688988,2.1096947,-10.400657,0.33177873,1.5471982,1.3858926,1.2894747
0.35899407,5224.403,0.002545461,9.328956,-5.9734435,7.1131063,9.747715,-9.319491,2.0016296,0.71314806,1.1155715
0.44374576,5836.6924,0.10757943,9.522424,-2.2295258,3.822431,-3.3632376,-5.6402774,0.26356393,1.9758005,1.1960305
0.2990774,5645.0205,0.09425853,9.003222,-2.361714,1.9039614,-0.20957606,-1.1115735,1.288022,0.6203688,0.40090036
0.53572226,5329.911,0.008051326,9.407804,-4.8219185,9.86338,-1.0076826,-3.2480664,0.45370278,0.13397193,0.48978418
0.4731766,6374.037,0.00018855148,9.215916,-8.576139,-0.40374687,6.188902,-7.4242654,2.0734658,0.82000077,0.89649737
0.23703173,6081.43,0.6917175,8.700012,-0.36857766,-0.022521764,-12.983917,1.508247,1.964342,2.0008473,1.6808488
0.32725355,6469.5244,0.6618157,8.324861,-0.41276813,-4.4056864,0.96891713,-2.495981,0.1804544,0.45836577,0.7886374
0.5634402,4654.8647,0.0053621833,10.127212,-5.228384,2.0473332,-0.3088178,-8.620706,1.1599686,0.19121915,0.02971725
0.3510536,7277.7695,0.70485103,9.051365,-0.34976876,-4.351301,-5.7760267,-2.2611194,0.8969044,1.1710637,0.16637792
0.58005613,4846.46,0.07749927,10.362738,-2.5574868,-5.438988,2.9730015,6.429278,0.2718263,3.8993835,0.91148686
0.23180424,3176.9165,0.0021323944,8.054795,-6.15051,0.92070043,-4.9546795,-0.36190194,0.560098,1.3295964,0.50697464
0.42476234,3623.1516,0.0007099296,8.951834,-7.2503448,-4.0269794,-5.538758,13.323238,1.8627235,0.12862594,2.3915927
0.39261898,2764.0735,0.025574466,8.973693,-3.6661608,5.931651,7.333266,-4.667153,0.61025256,0.64421135,0.40136445
0.4569753,7271.7593,0.009610208,9.405444,-4.6449294,2.7271724,-5.951324,-4.0785866,0.19890879,2.047379,2.11473
0.3027741,6954.5845,0.00014715147,8.715068,-8.824048,-3.9820154,4.4745436,4.8806477,2.4940093,0.7319844,2.9802516
0.3930289,4698.5186,23.597672,8.931271,3.161148,-1.4354928,5.2894974,-9.981764,1.5440546,1.4018333,0.39142355
0.58767223,6188.3975,0.69848365,9.95839,-0.3588435,-9.641678,-6.1558623,-5.6389585,0.36164996,0.28455728,1.4146928
0.12319821,3930.4973,0.0037601343,8.029769,-5.5833006,7.693661,8.495822,-2.2554498,0.84327954,4.13242,1.0981721
0.43865654,4940.6826,0.07690528,9.266476,-2.5651808,-16.062065,4.392732,3.4263155,1.9317945,0.818688,2.037444
0.348064,4046.1985,0.15011922,9.445835,-1.8963256,5.8857484,-7.34233,-4.1797447,0.19081157,0.12399356,3.1532223
0.3463513,4299.0557,0.0063684853,9.011272,-5.0563936,1.8591759,-8.541867,6.427159,1.6982433,2.6085343,0.7267458
0.49690425,7170.8696,0.13521357,9.660979,-2.0008998,4.2257266,5.071091,1.6961902,1.0511957,2.4363177,2.1077192
0.28934872,3508.3196,0.3232853,8.174067,-1.12922,-9.998915,-5.7468014,3.1834152,2.6420658,0.27722925,1.8823891
0.37639755,5249.1416,22.275597,9.518587,3.1034918,2.3297665,-3.8809931,2.2353294,0.55935365,2.1001275,0.013190276
0.4746452,3114.1702,0.02407667,9.208434,-3.726512,-1.7076795,-1.7222917,-2.0637152,1.6631769,0.7622726,1.3776872
0.5263972,6544.925,2.2100158,10.015681,0.7929997,0.033425283,6.823473,5.5047426,0.978122,2.2762601,0.019322291
0.15070169,5593.795,0.0042971843,7.8917756,-5.4497952,0.39359024,-1.1810476,-3.8974109,0.2583074,2.767088,1.4993119
0.2684025,5464.252,0.118141204,8.70482,-2.1358747,3.8175216,2.592776,6.675782,0.0014122294,1.2770998,1.7527419
0.29228193,4050.1816,1.0387299,8.359463,0.037998714,3.4448233,1.5893806,3.3596394,1.0134697,1.0040394,2.3736174
0.42818296,5490.8447,0.07548702,9.650814,-2.5837946,2.632106,-11.181309,2.7028818,2.4771266,1.8100274,0.8912722
0.21350895,5182.7207,0.16325998,8.341699,-1.8124113,-5.0554805,4.4817467,2.0527785,0.9941571,0.9134295,0.34484
0.39471298,6088.251,0.6820605,9.226031,-0.38263696,-1.4287301,-11.695226,-7.3355036,1.3561038,0.20774356,2.6176374
0.6240519,4751.6753,0.35751194,9.74602,-1.0285865,1.8322016,9.69182,0.46229616,0.082014576,0.33263582,0.18895322
0.431191,6062.8047,0.6935153,9.170398,-0.36598197,10.622019,5.165542,0.3450169,0.43254462,0.615428,1.2467706
0.42227685,5321.5283,0.013124346,8.790994,-4.3332863,-4.1695724,-2.3428555,10.257531,0.86837935,3.17048,1.2454642
0.37967,2682.2788,59.352127,9.210014,4.083488,8.412014,9.978976,-5.447665,1.2997558,3.5802073,1.5529854
0.43297008,5078.672,0.34026358,9.284987,-1.0780348,-4.803819,-5.591875,-1.3145736,1.9488592,0.7505645,0.7920001
0.22805832,5461.4863,25.560272,8.145863,3.2410393,-5.7699776,3.3428793,-1.3881701,2.0947976,2.7785964,1.1221724
0.2790362,3636.4888,0.017005308,8.595809,-4.0742297,-0.0054588723,-2.1102679,-10.405405,2.138782,1.0967226,1.1331981
0.55985874,5808.3813,0.37735075,9.985911,-0.9745801,4.3022065,9.293333,-4.296641,0.07348895,0.6253514,1.971828
0.14049047,3217.9463,0.0047202227,7.8159723,-5.3558993,2.2711365,-9.532809,0.7469983,0.89588684,0.63926816,1.1161516
0.4882829,5334.304,0.18621919,9.609404,-1.6808308,2.0270774,-5.207183,0.65565765,0.96638477,3.3148792,1.0356435
0.3855217,4219.0083,0.0033939367,9.30274,-5.685765,9.50138,-0.49227738,-13.712819,1.8002234,0.6774964,3.896948
0.2358674,5004.3984,1.0466741,8.689124,0.04561764,-7.0183806,0.40595806,-3.356057,0.7819331,1.8013287,0.8817544
0.5331609,5255.0464,0.0028578038,10.167154,-5.857702,-12.8102865,3.6211827,-5.4052973,1.1715066,2.6652398,0.33915803
0.2674175,5725.535,0.40482917,8.416979,-0.9042901,0.5801937,-10.562919,-6.1160965,0.22327596,2.3020468,0.090751864
0.2800532,5114.2974,0.9324042,8.3569765,-0.06998884,2.163594,9.058763,-1.6407298,0.41617733,0.3373523,1.50151
0.46359324,4638.0664,0.25972307,9.785315,-1.3481393,4.612092,3.4267228,7.877564,1.1073924,1.8920403,1.120091
0.51565105,5165.2227,0.055917654,10.013701,-2.8838751,6.846457,7.0301332,6.1889544,0.013948696,0.49695402,1.8799143
0.4518438,4646.698,2.4762225,9.157303,0.9067342,-5.139397,0.22701709,5.5829363,0.89069444,1.7108923,3.1080005
0.43301737,5617.328,0.006683915,9.080642,-5.0080514,3.9383285,3.4131193,-7.8241677,0.6590349,1.5547044,0.3075583
0.43771455,5742.3623,0.43389428,9.288021,-0.8349544,0.8603705,-8.312221,-3.900821,0.48072144,0.048940748,1.9471791
0.33627883,3465.231,6.563711,8.717666,1.8815562,4.398437,-6.3494034,12.354107,1.6666458,2.0893314,0.34988806
0.44797635,5843.6494,2.4922388,9.676663,0.9131814,-1.1515129,-9.829544,8.283447,1.3473237,0.06338496,0.3913185
0.4862134,4338.6147,0.040453766,9.706335,-3.2075956,7.38945,4.0557127,5.901217,0.467662,1.0619766,2.0449877
0.36427307,4507.9116,3.9420402,9.515552,1.3716984,8.405096,0.8916581,10.100443,1.2449768,0.6437238,0.50239956
0.3868379,5225.7314,0.0015035088,9.135328,-6.4999537,0.2112023,-3.1151507,-3.1685703,1.6189649,0.64392626,0.36914828
0.3724186,5583.7456,0.0035834725,9.040143,-5.631423,2.0444658,-0.031479083,2.9510746,0.23543134,2.1865947,1.5957989
0.3233115,5742.8994,0.5607753,9.060966,-0.57843506,8.010237,-3.828124,0.07386718,1.6615663,1.0749229,0.61075014
0.6057594,7187.507,0.16403787,10.117826,-1.807658,9.753195,1.4157643,-7.316787,0.557773,0.18200442,0.057746228
0.29010707,3147.8315,0.20578116,8.653608,-1.580942,-6.202281,-1.5834699,-10.309793,2.5738003,3.896844,2.0519524
0.3560079,5096.514,0.09576139,9.346661,-2.3458958,-7.5596924,0.42491296,-0.05083907,2.7955542,0.33120525,0.3416627
0.45525306,3313.0435,7.321522,9.149702,1.9908183,-4.2517366,-4.6896944,-9.834281,2.134806,0.13977607,2.2043464
0.533909,4934.4507,0.07489534,9.693477,-2.5916636,-5.206572,-4.0244603,-9.13849,0.06382662,0.18914069,0.11563159
0.51854193,4556.172,0.12777287,9.613649,-2.057501,0.6298791,-0.96159136,-1.2908645,1.1889834,0.7217751,1.2105242
0.3712299,6473.891,0.0018742571,9.373484,-6.279543,-5.5660872,-6.7768927,-5.778313,1.4170587,0.104753986,0.6171595
0.47070596,3757.714,0.21398017,9.913918,-1.5418719,5.235301,-1.499534,2.243151,0.40733692,2.8212848,0.38661024
0.37634555,6700.457,0.963955,9.033709,-0.036710702,2.4504569,7.49174,-4.133665,1.6018676,1.406702,1.0383459
0.2059639,5528.1714,0.010433956,8.119022,-4.56269,-0.8634418,5.835062,3.3613048,0.33492965,2.189517,0.7152487
0.37655202,3250.7427,1.9815699,9.469254,0.6838894,8.658724,-2.5212157,-2.274366,1.5363322,3.1053326,0.47390053
0.32193533,2971.3118,0.00265551,8.492941,-5.9311185,-3.3338993,-4.8029375,2.0051084,0.5506754,0.08606678,0.35640934
0.6041494,5399.999,1.6715637,10.4263,0.51375955,-0.25617233,3.1947393,-2.2805085,2.3429732,0.13628109,0.14706667
0.30485898,4757.947,0.38721964,8.888119,-0.9487632,5.587396,-6.588567,1.7359039,1.5700829,0.9119624,2.13467
0.28941622,5904.0835,0.010971058,8.802922,-4.5124946,-1.093405,-13.0245285,-4.57217,1.7114435,0.22618373,0.09865518
0.59850246,5560.3174,0.02650948,10.355191,-3.6302528,4.9101567,-9.776905,4.856718,0.23419645,1.6429429,1.6341684
0.503511,4063.187,0.18638834,9.652486,-1.6799229,5.4784765,0.35072067,-8.442501,0.4634076,0.26057544,0.54320353
0.41628304,5259.367,0.6430429,9.069049,-0.44154385,9.483531,-1.1106305,-0.62533,0.7214944,3.1498878,3.222193
0.29882073,6085.4272,0.039106827,8.156763,-3.2414582,-2.1743593,2.1078048,2.6662216,1.1145484,0.982869,1.009824
0.5356438,5510.9014,0.07103832,10.029795,-2.6445358,1.552245,-6.618852,-2.970704,0.24289706,1.5741163,2.2226768
0.41635242,3653.5098,0.020931829,9.078929,-3.8664844,4.199151,-6.518173,4.3434887,0.44672713,1.1181813,0.33591038
0.4320295,4949.9956,4.9587355,9.266516,1.6011508,-3.6634965,1.9585475,4.552372,1.402457,0.24787027,2.736309
0.5249387,4818.798,0.104368106,10.068977,-2.2598312,10.535237,8.472881,-1.6723928,1.139847,0.39612922,0.69709724
0.2531805,4307.9307,5.0235977,8.392081,1.6141464,0.47126082,6.7109895,-3.6108255,0.060446166,0.6930008,0.056631595
0.37866858,3152.1985,0.8190007,9.168356,-0.1996703,-8.147611,9.3143635,-12.978145,1.0402896,1.6841075,1.486097
0.39431667,4224.499,2.022577,8.494081,0.70437247,-9.135168,-4.3963223,5.6223373,1.4007522,0.36688885,2.608594
0.40724945,4694.2144,0.0011575331,8.903122,-6.761464,-3.1017227,-6.1121154,-0.15584704,2.8468685,0.8749915,1.3640106
0.28595108,4950.764,0.8996536,9.007423,-0.105745465,2.4269946,-3.246408,4.8116527,1.0326254,1.0619082,0.755288
0.43681198,5930.1807,1.6336019,9.562782,0.49078736,0.8723674,0.53848785,-11.197861,0.39402458,0.8036455,1.9784117
0.3648335,4698.624,0.007240857,9.320165,-4.9280157,2.8901699,-0.7326533,1.8305506,1.4753915,0.87749565,0.14966987
0.440214,3913.2173,0.0010404612,9.39354,-6.868091,13.714591,8.852977,-4.470331,0.077090226,0.8225965,0.8124035
0.32096732,5498.483,1.2321806,9.214835,0.20878549,2.4245818,-6.2729874,-0.8944308,2.3919308,3.033864,0.23815663
0.37599233,5526.0596,0.88165647,9.624534,-0.12595281,-7.4018726,1.6067586,9.786009,0.5846423,1.0629919,2.9271238
0.4785558,4898.3105,0.40652812,9.361831,-0.9001022,0.60257334,0.39543372,-7.339086,1.4684982,0.81253093,0.12513013
0.50138307,5436.872,3.755525,10.049047,1.3232281,1.3087739,3.101982,4.6665545,1.5625427,4.2439528,0.19331288
0.2652682,6201.2593,1.0869684,8.473351,0.08339251,-1.0850444,1.5778279,1.594276,1.3569596,0.07409074,0.94217604
0.6805055,5323.7886,159.29895,10.685319,5.0707827,-6.915005,4.902122,-3.9301472,2.7711267,1.1569935,1.8109623
0.37701467,3770.1907,0.003261829,8.784124,-5.725467,4.7911215,-6.6231694,4.505748,0.7265245,0.9452624,1.3569664
0.37123722,5272.5986,0.0066652233,8.83706,-5.010852,-8.043057,-10.374443,13.151318,0.8890959,1.2546229,0.64398307
0.33556917,6774.431,1.1810253,8.872487,0.1663829,9.110849,-0.57021445,-0.56556624,1.2341142,1.2990252,0.20778793
0.3022484,5979.3647,1.6571138,8.0633335,0.5050774,9.677626,4.9343014,3.9506102,2.3656492,2.3026366,0.46911693
0.42990825,5395.2505,0.040215112,9.341457,-3.2135124,10.509495,1.9668359,0.19224443,1.2972617,0.11212674,0.05701465
0.33782858,4393.9146,0.42899668,8.423885,-0.8463061,-7.8281727,-2.0339,6.5067425,0.4923087,0.49376228,0.17094944
0.4711405,4414.883,0.0011502127,9.358508,-6.7678084,0.1448344,1.8410418,-7.1158776,1.1901135,0.46349764,1.564712
0.45026264,5570.9272,0.013026577,9.447757,-4.3407636,0.47865266,-3.1472883,1.7289654,2.0701947,0.2950825,0.2281315
0.509821,5394.704,0.14349373,9.758961,-1.941464,1.6856128,-4.10137,8.320444,1.9267155,0.14360432,0.39874125
0.48429403,4171.495,1.2299756,9.646812,0.20699434,-1.486665,4.116728,-1.0477325,2.2768388,0.87116677,0.4939291
0.42188993,4982.2246,0.12352156,9.226502,-2.0913396,3.1651936,0.30630538,5.0174503,0.101736374,0.22614203,0.10708156
0.37615824,7070.267,0.016005164,8.485449,-4.134844,-8.619156,5.8403063,-4.183761,1.0467188,0.8450607,1.517479
0.40008697,4540.4087,0.23716107,8.916139,-1.4390157,-0.56772375,-0.8194026,-5.5402894,1.0020212,0.50483227,0.8395447
0.4516257,4964.448,0.9673029,9.230681,-0.033243578,0.5559927,2.283863,4.812766,1.8531251,0.7274137,0.5064795
0.08267808,6136.2837,0.033143852,7.919095,-3.406898,0.13743673,-2.8415682,2.5780056,0.8006161,3.1341884,0.6644042
0.36262628,5943.415,0.3084161,8.93742,-1.1763054,-3.519652,0.6103763,-4.7146597,0.21070743,1.1615067,2.147952
0.5585686,2507.498,0.0048481906,9.740945,-5.3291497,2.200275,-9.96452,0.7526143,1.0604366,1.1750506,1.730535
0.38651362,5734.918,0.0013718008,8.987895,-6.591631,4.7241807,-2.6567547,7.1377,1.4205084,0.8874446,0.25525406
0.32958126,6348.878,33.933277,8.342016,3.5243962,-3.1428225,-8.468727,-2.0428898,0.88219225,1.272603,0.57184607
0.38531667,3514.4656,11.028109,8.847908,2.4004474,3.073731,-12.487533,9.724581,1.6202222,0.679069,0.28289106
0.4106866,4531.021,0.0042108153,8.931518,-5.470099,2.2243679,-1.1127445,6.111394,1.8205141,0.7224352,0.43110192
0.38095012,5354.907,0.0024549034,9.073332,-6.009668,4.3268876,-5.9913607,-2.3239746,0.6051634,4.145493,0.16698429
0.42940688,5495.5713,0.019960117,9.19757,-3.914019,-3.1804903,-10.739926,-8.464035,1.4259555,1.5766473,1.2155039
0.53812635,5005.4204,0.2816829,9.993719,-1.2669733,-5.0462723,7.317362,2.8261333,0.42535576,2.0037758,1.5742443
0.5165088,5443.8164,1.8168526,9.981575,0.5971056,3.390384,-0.0077609313,-4.3066883,0.9398007,1.7445248,1.6253191
0.45062178,5545.012,25.167969,9.061113,3.225572,-6.796309,2.4296117,-2.6713312,1.6392298,1.1751846,2.2756758
0.5703919,4636.5264,6.2153583,10.126924,1.8270234,5.1300545,0.04483183,-6.7022142,0.6543431,0.4598315,1.4062531
0.4008907,4481.5205,0.002481412,9.423517,-5.9989276,-1.9776669,0.81445795,-2.6543384,0.08552647,4.099217,3.663246
0.3758363,4588.5264,0.19119127,9.057424,-1.6544809,9.32074,0.539928,-5.531349,1.0770069,0.56949216,2.4136763
0.47738785,5105.5903,0.0028218373,9.297139,-5.870367,-4.5245676,0.69839686,-8.750395,0.50838506,2.998998,1.299275
0.33159083,4586.689,0.006806802,8.951498,-4.989833,-5.714505,-0.012282581,12.648412,0.3827997,2.6001651,0.87262857
0.44156444,4747.1885,0.02665652,9.497376,-3.6247215,9.540212,2.544413,-9.407674,1.5176876,0.25580162,1.1716994
0.47135013,5684.2056,1.2804623,9.622066,0.24722114,2.725924,-2.8690956,6.346603,2.8658404,0.88316125,1.8664979
0.38233712,6162.933,0.2215595,9.052287,-1.5070641,2.3059595,-2.1290247,-3.8998487,0.1260513,1.4364594,0.16258925
0.39991927,5516.939,3.1256652,9.6360855,1.1396471,-1.561443,9.703695,0.8026002,1.4167826,2.3954976,0.4984555
0.4080765,5633.632,0.0054057445,9.309758,-5.220293,5.69925,-3.8847952,-2.3348606,0.15894115,2.0050406,1.2809831
0.2656729,3360.8606,0.007863891,9.263777,-4.845474,0.40116024,-8.005791,-8.986599,0.87556624,0.15262109,1.1931283
0.36534676,5295.4917,0.026547354,8.6126585,-3.6288252,0.8892272,-1.5091621,-0.20248103,2.2624583,4.029754,0.6238543
0.37573814,5760.702,4.233121,8.604184,1.4429395,-6.27117,2.703876,-6.036637,1.0574945,2.140721,0.04510905
0.55184615,4417.9233,0.0017477563,9.968723,-6.3494225,4.794891,-7.431548,5.8327265,3.2856343,2.833625,0.7822135
0.39472634,6568.0186,0.4027983,9.019464,-0.90931934,-2.3963213,12.341886,0.6283269,0.55548155,1.7597743,0.93733877
0.3248598,3924.5579,0.17386116,8.529315,-1.7494982,-14.943427,-2.7422931,10.25193,1.9493858,1.9957278,3.3719146
0.25002825,4068.004,0.23391582,8.157061,-1.452794,3.8191898,-4.2148285,1.6524445,0.04668483,0.9084067,2.2744672
0.13716218,5490.7485,42.255352,7.9653335,3.743731,8.606445,1.6101613,-1.3291863,1.3133024,1.9169089,1.4752563
0.55149645,7064.6885,0.087172195,9.9823065,-2.4398699,-2.2336218,-1.0993099,-6.806095,0.30359372,0.91722125,2.6295824
0.48238367,4209.5356,0.7048033,9.967588,-0.34983653,7.9190407,-5.253278,-5.5420227,0.79255116,2.8349543,1.6719695
0.42005605,3894.9414,3.9267566,9.047409,1.3678138,5.844171,1.1287767,-4.840218,0.0037965395,2.029806,2.1065753
0.4048627,6971.4697,0.08617004,8.954245,-2.4514327,11.645685,-5.3358502,-2.4365635,2.0801082,0.23229942,1.2072036
0.3115694,5885.7686,0.002891615,8.911932,-5.84594,10.949233,-2.5225613,-4.1153064,1.1955047,1.1528139,0.6899539
0.3442282,4284.7197,0.0669381,8.965633,-2.703987,-0.52304554,-4.2629075,-4.815223,0.33098593,1.5544747,3.3588974
0.39340663,6256.8687,0.006933667,9.144884,-4.9713664,3.0640817,-1.6102126,13.576086,2.4648683,1.0182308,0.20218077
0.21518558,5106.13,0.15885793,8.184253,-1.839745,-4.2396646,6.2500043,11.73006,1.8931063,1.2658284,1.6730634
0.40263543,6010.344,0.0033057295,9.813831,-5.712098,-1.7809047,2.876345,-10.172703,0.74701345,0.11323112,2.0776901
0.5260071,4051.912,0.049923763,9.530196,-2.9972582,4.63929,-1.0153005,7.444901,1.0931947,2.398279,0.26399115
0.28593692,5434.9126,1.3377949,8.587433,0.29102266,-3.413759,5.6995797,1.4491906,1.3719624,1.5285412,1.3797407
0.33912972,5314.076,11.6332035,8.933586,2.4538634,-11.413595,-12.333889,-1.4045888,0.5808536,0.5736962,2.1784666
0.46510333,4203.538,0.006807958,9.486539,-4.989663,-1.1776732,8.561673,-1.5918846,3.3693008,2.1559587,0.47265306
0.3069552,5094.304,0.0009303719,8.985164,-6.979926,1.6243396,-2.4885504,1.9910563,0.6052986,3.0061746,1.835006
0.2946183,4955.857,24.103432,8.254624,3.1823542,-9.116495,-4.2948174,-1.4599078,2.089762,2.5469532,3.083869
0.49334443,5104.547,0.053535137,9.761805,-2.927417,3.9939167,-2.472582,-0.25518355,1.1768708,0.14583696,2.1546242
0.35004523,5416.749,0.13969411,8.844551,-1.9683002,-4.9397736,2.6673276,-5.7119827,0.18293166,1.4549619,0.23373821
0.5469054,3758.6782,0.19020018,9.63475,-1.6596782,-2.1466272,0.38166246,-7.049255,1.127637,1.2238519,2.5546014
0.22215,4372.8076,0.28658313,8.101435,-1.2497267,8.527772,0.17232169,6.4941325,2.1923792,1.0842478,2.181665
0.38077492,4501.005,0.4234282,8.9937935,-0.8593713,2.5266602,2.271537,-0.16969317,1.8791497,0.7584279,0.638331
0.42012587,5154.16,0.0056434516,9.289068,-5.1772594,-2.559683,5.6010194,8.608215,0.34610754,1.3609842,2.0428333
0.30483794,3973.73,4.558471,8.495232,1.5169873,-5.583092,10.6900015,-10.932232,1.4496943,1.0539815,0.48405784
0.44156516,4782.87,4.1197767,9.468466,1.415799,-3.3025892,6.0505853,-1.9655203,0.9697337,1.5396489,1.5103031
0.61045915,5858.0254,0.49162766,9.690212,-0.71003366,7.023492,0.9594802,2.0797472,0.29161713,0.14353588,0.10476274
0.43765062,4565.3506,0.6625053,9.415095,-0.41172665,4.0370994,4.1194324,3.1962142,3.5865605,0.8719882,0.656835
0.44022343,5481.01,0.86127305,9.477752,-0.14934368,2.918133,7.3882294,14.470719,0.17520371,2.2987032,3.0831666
0.47080255,5641.744,0.0026786025,9.352415,-5.92246,-7.2363696,8.104159,10.293272,1.8420534,3.4438403,0.979934
0.42021903,4063.2578,0.91296154,9.657647,-0.09106155,-4.406292,2.5503912,3.1274533,1.0877156,0.8519136,1.5940223
0.40105343,4377.2603,0.025873031,8.809541,-3.6545541,-11.218099,-0.12516062,0.048925105,0.10250662,0.03285973,1.2195823
0.38476592,5425.5547,6.54152,9.622812,1.8781695,8.627035,2.2358887,0.15372984,0.05292503,0.4143456,0.18372148
0.32491776,4739.059,0.0009036435,9.057986,-7.0090756,10.1683855,3.6309147,4.0494447,0.19663526,0.56416726,2.4772053
0.44711763,5425.7285,0.00089888525,9.435747,-7.014355,-3.354382,-5.860681,-2.7865498,3.2739117,0.39618725,0.026217612
0.4498035,4596.9766,1.44591,9.867401,0.36873883,0.081347704,0.6555801,0.99459743,0.60468745,0.40171868,1.8648942
0.35379183,6031.44,0.020272665,9.258765,-3.8984818,5.731344,10.847248,-7.666974,2.102731,0.5945125,1.0984637
0.43760094,5227.4893,0.009703351,9.350978,-4.635284,-4.219878,-1.9043525,-10.760266,1.1767318,0.6588302,1.6448064
0.37405258,4268.0635,0.11714259,8.759118,-2.1443634,-7.5497017,1.8294911,5.73017,0.03378329,1.1456925,0.029809603
0.33737037,4769.979,9.877739,9.3711195,2.2902837,-7.0512795,1.2659773,2.1653984,1.1623673,3.0053384,1.4311064
0.46575996,5066.206,1.3917859,9.762228,0.3305877,-1.7556396,-8.605749,0.62314606,1.8142176,0.6000361,0.006290898
0.4687433,5121.644,24.799536,9.721191,3.210825,-1.706871,4.053108,10.577833,0.41378775,1.3568985,0.4267621
0.29668853,4998.7944,0.22306202,8.600346,-1.5003054,-3.5067303,-6.52249,6.3747363,1.1241632,1.6317543,1.126285
0.38894182,5882.588,0.8498246,9.426806,-0.16272527,0.5112306,11.718363,-0.50850904,1.1278384,1.0530349,0.58812624
0.33643383,5244.628,0.09348528,8.930067,-2.3699512,-6.747902,-1.7118151,3.127441,1.8033916,1.4073894,1.4481485
0.43738925,5647.1094,0.4020819,9.235238,-0.9110995,-9.072289,11.270092,5.9681416,1.2528801,1.9385004,2.7255378
0.45679256,4254.2773,1.9743401,9.353208,0.6802342,2.2513223,7.319523,-2.0197246,1.5163583,2.655041,2.1795654
0.40739036,6491.8076,0.024782771,9.722406,-3.6976066,-9.063767,-3.2675295,-1.4522817,1.0619578,0.77102524,1.0252541
0.35644388,5198.0234,0.12269775,8.692872,-2.0980313,1.22017,9.730659,-2.092947,0.810747,1.6845341,0.6550639
0.41819495,4465.0713,0.0049149673,9.366797,-5.31547,-3.5861878,4.3934326,8.4852915,0.98177373,1.9370569,0.13685112
0.45176747,3527.2446,0.15631951,9.235405,-1.8558532,-0.27072483,-3.771384,-3.1457722,0.28279662,0.4768924,2.2316198
0.5124292,3974.569,4.2057844e-05,10.089146,-10.076465,-5.3148336,-3.6383402,-5.1640267,0.4160937,2.0922616,3.3158536
0.19726343,4218.2144,0.09975725,7.615432,-2.3050156,2.5889404,6.4553113,5.7042546,0.45871025,0.6413411,0.27034584
0.27092153,4654.1494,0.007903943,8.564462,-4.8403935,-5.4024215,6.3013296,8.618461,2.3067877,1.2382734,0.5486478
0.3718182,7003.904,5.441867,9.556597,1.6941222,-7.731973,4.6106825,-12.132769,1.9088898,2.879844,0.5651382
0.36052066,4935.587,0.05897633,8.98553,-2.830619,3.3968723,-1.8755453,-2.916147,2.5064948,0.3112209,0.7831247
0.387478,3016.513,0.054230828,9.380233,-2.9145057,3.2413747,8.4972725,6.3482504,2.3851702,0.9030298,3.064623
0.33300385,6725.289,3.5838432,9.251503,1.2764357,6.778432,1.0857215,-4.3975983,0.51132524,0.7306656,1.2622726
0.51237607,6926.582,0.32206425,9.80598,-1.1330042,3.7075062,-5.028508,-5.1570435,0.64892334,2.1474137,0.59776527
0.3424391,4109.01,14.11118,8.977557,2.6469674,9.527824,-12.250296,-3.7831743,0.29357556,1.7154427,1.5560682
0.47334898,3994.0242,1.3721055,9.543811,0.31634644,-4.1216054,1.5570488,-0.70247924,4.19109,0.2861805,0.58772284
0.16358791,4720.715,0.18926662,8.12463,-1.6645986,11.983448,0.14243662,-2.3898025,0.089026935,1.6814774,0.2730213
0.49686456,4863.58,192.5167,9.520377,5.260183,1.8326448,5.2491794,2.8127744,0.3439173,0.75894725,0.5314149
0.13648504,3984.9565,0.017710418,7.5380263,-4.033602,-4.3285193,0.7730292,-4.3134203,0.98414713,1.557334,1.1830271
0.37862337,3565.944,0.2480284,8.890567,-1.394212,3.8321676,6.130714,-0.27552214,2.1337895,1.5797198,2.4971478
0.27721408,4716.123,111.45816,8.861294,4.7136493,-11.059405,-3.5502648,4.238469,1.6068385,1.336139,1.0143061
0.55676335,5351.113,0.023721855,10.370805,-3.7413585,-1.103046,0.7549635,-1.4495497,0.049960107,0.9484752,0.72721934
0.46076536,5966.978,1.4278797,9.274449,0.35619062,-4.680222,9.670028,-2.5461814,0.6913316,5.4406123,0.8026348
0.4811443,5045.042,0.28483737,9.902476,-1.255837,8.1436205,-12.92832,5.4819016,0.43285254,1.6467123,0.6721748
0.4636656,6077.265,0.13472258,9.568542,-2.0045376,-0.6392156,-5.0390234,9.022871,0.90151113,0.5765704,1.3468826
0.30638576,3471.9546,3.006323,8.712294,1.1007178,1.3234735,4.82346,1.2460698,0.33349445,0.5765127,3.2818127
0.44727147,4839.1963,1.4999168,9.144233,0.40540963,-4.525237,-6.06587,-9.303334,0.8944657,0.9660274,1.0273677
0.39703968,6483.073,0.63948345,9.129843,-0.4470946,1.4066942,-5.5431814,-1.6975086,0.124426,2.0642583,0.24895746
0.28984678,4851.631,0.027022287,8.648929,-3.6110933,3.7184947,4.103133,-6.362953,2.5116308,2.322732,1.7396761
0.40006998,5261.6025,2.2522213,9.471974,0.811917,-1.7060813,-4.259996,-3.1392016,1.0252385,0.36808002,0.46994823
0.37490216,5008.71,0.35725302,8.805342,-1.0293111,9.662244,7.2679534,0.20363721,2.7110486,1.8518769,0.77361673
0.42439687,6150.5024,0.5938122,9.556368,-0.52119213,3.2405992,2.030639,-0.83151823,0.24198043,2.1328528,0.77417076
0.4201541,4535.8525,0.012295741,9.520142,-4.3985023,2.5702841,-4.3005824,-4.444253,2.6108122,0.8450378,1.9702253
0.35781878,3481.377,0.15255302,9.340741,-1.8802431,9.734033,0.14088894,6.7701035,1.5422753,0.09790234,2.042531
0.4199679,5934.778,0.049705017,9.283499,-3.0016494,-3.8243911,-5.5185447,-2.0827699,0.33575204,1.819852,0.20375946
0.36480093,5929.3364,12.053997,8.820744,2.4893963,-12.967099,-8.205792,10.19817,2.0544555,1.1772087,0.4690235
0.32962516,4696.232,0.05626529,8.914474,-2.8776774,5.250318,0.25456536,-5.857663,2.11364,3.0962129,0.3846925
0.40247035,3384.0645,0.92732114,9.360873,-0.07545537,-8.298322,-4.2400694,0.29068798,0.8693184,3.4719067,2.0866966
0.28627133,3879.3706,0.7661909,8.32702,-0.26632395,2.127972,15.037079,-7.4382052,2.6003246,2.0210617,2.6603022
0.27270898,5976.7603,1.1092947,8.00739,0.103724405,-7.4553633,-1.7514296,-4.4382663,2.464109,0.9857102,1.2364666
0.30513507,5201.704,1.320061,8.578065,0.2776779,6.684009,-3.0725584,7.397633,1.5267297,1.8897812,0.69706434
0.39775378,4627.094,0.0067620613,9.702084,-4.9964275,-1.1403184,10.968892,0.1599174,0.47373658,1.721135,0.8461541
0.5199242,4847.27,0.16916054,9.663858,-1.7769071,4.9958467,-2.5645776,-3.722166,0.3378019,0.52330583,0.22802699
0.14708641,6117.354,0.28807196,8.094808,-1.244545,0.21981548,2.9689763,-0.54565716,0.51932234,0.31273836,1.2360376
0.40042025,6253.8516,0.0134938015,9.019311,-4.305525,-2.2158194,0.27530232,-5.484026,3.0779355,0.54565394,0.46049914
0.2782811,6782.573,0.0027647614,8.70501,-5.890801,-4.0326324,10.07519,-5.4360313,2.6905346,1.0543841,1.0333526
0.4373529,5029.7124,2.0217314,9.509019,0.7039542,7.8524013,-12.1015625,-1.7192765,2.5539286,4.0074205,0.029463286
0.32117715,4203.7266,0.9802934,8.98761,-0.019903341,9.113252,-1.6108668,-12.410767,1.6332057,0.9502125,1.9533466
0.27902403,5640.038,0.031926937,8.313271,-3.4443052,-5.931135,3.0687356,-3.6422777,1.8533452,0.24847327,1.6472722
0.29731846,3844.1633,3.2792478,8.804105,1.1876141,1.3351943,3.484806,3.706879,1.1151023,2.322621,1.7226882
0.52955353,4807.837,2.8103929,9.903054,1.0333242,10.681482,-7.7368455,4.8840885,0.14633526,2.118707,2.4811792
0.27763855,6600.411,0.41103387,8.261238,-0.88907963,-1.5983039,0.869347,-5.7028003,0.492102,0.18922949,0.5564854
0.2930354,4763.7705,3.9122648,8.271863,1.3641164,-6.515722,-2.685749,3.4897797,0.6565257,0.22993225,0.98896325
0.43505135,5727.8594,0.0003031982,9.446097,-8.101124,-0.13305113,-4.313123,-0.9867504,0.27355337,0.86326313,0.58552855
0.47969624,5957.736,0.03555758,9.660119,-3.336602,-1.6471759,-3.4964564,3.0332177,1.331591,0.6667723,2.6952016
0.28780997,4386.9033,0.77503353,8.519473,-0.25484896,1.557225,3.3012617,-15.824209,2.675909,2.0866966,1.5434178
0.4044383,4547.5664,0.065411,9.359789,-2.7270648,2.803145,3.8460772,-5.639614,0.21070969,1.1784803,1.7461057
0.46147192,4219.1753,0.08331168,9.334665,-2.4851665,0.49843442,-0.38230646,-3.8128152,0.24178973,0.05013187,1.8072269
0.46041185,3274.4224,4.3751426,9.652741,1.4759392,10.744969,-11.393211,-5.0139275,1.0805022,2.426573,0.44840246
0.32995048,5357.4346,0.53599393,9.190998,-0.6236325,0.28572136,-0.088700145,-1.3931574,2.3278377,2.8482797,1.1701014
0.28982043,6686.258,54.7959,9.253409,4.0036154,7.0483947,-3.743137,-6.8796215,1.0606886,1.2035879,1.2420181
0.31854513,6198.2573,2.0764166e-05,8.862607,-10.782282,-2.0630286,9.023977,8.780835,1.3643653,0.802416,1.3126426
0.33079854,5721.8047,0.24765566,8.749752,-1.395716,-3.41888,-4.402093,-5.8371553,1.0134201,1.4429618,1.6736606
0.3909213,3653.504,0.03876016,9.313613,-3.2503624,3.9673696,-4.014715,-2.6257899,1.3174633,3.1604302,0.35781685
0.5138477,3891.4878,0.43478867,9.666515,-0.83289516,3.7566404,-8.143943,-11.901141,0.6764669,0.9489649,2.2361338
0.33157408,4826.13,0.03271506,8.980079,-3.4199197,2.5539963,8.358575,4.022533,2.4061472,0.6464923,2.5931294
0.18633293,4677.014,2.1632984,8.618436,0.77163404,-2.5258148,-1.275201,3.445817,1.9742899,2.666798,2.9273164
0.54805726,3918.6733,0.003471843,9.991169,-5.6630697,3.980075,4.3082666,1.8227834,0.64200485,1.2731318,1.3326943
0.42058128,5731.703,1.0021278,9.402359,0.0021255093,-3.4459171,-1.3825079,-7.6322994,0.034916244,0.27872968,2.056235
0.46713772,4522.952,0.0017746075,9.767745,-6.334176,-6.9030576,-0.48273826,-0.89592105,0.468326,1.9415914,1.9653919
0.474427,3915.3215,12.927591,9.672496,2.5593638,15.597688,-7.740112,0.53379154,0.8046182,1.3513223,1.0438105
0.32009855,4963.4736,4.18943,9.102137,1.4325647,-4.648389,-2.0332525,-1.331193,2.4016995,0.51598996,0.49045032
0.30396333,4831.48,0.1479413,9.02626,-1.9109397,-2.52206,-5.860297,2.602631,0.18954302,1.776456,0.08763235
0.47659492,5323.2188,0.09133137,9.477652,-2.393261,-2.9436316,-7.5740795,0.021477403,0.8880353,0.24683888,0.7980233
0.4639098,5496.303,0.16885473,9.866699,-1.7787166,6.565245,-3.7763157,-2.9640708,1.1199269,0.6717831,0.13975196
0.53820145,4069.3325,0.04442963,10.325773,-3.1138487,-2.2675555,-1.5477785,-3.9366796,0.8276327,2.8097305,0.7643695
0.4374661,5541.247,13.499863,9.2375,2.6026795,-14.951849,9.720482,3.4162474,1.38263,1.8789939,0.443144
0.40965223,5920.3184,0.0001468306,9.316306,-8.826231,4.0650177,2.0087981,-4.1613135,0.7730124,0.52840054,1.2976202
0.16837977,5044.0415,0.012744249,8.172374,-4.362675,-7.023621,-10.272711,9.484194,1.990854,1.0611923,1.8635416
0.35466963,5277.876,0.04345622,8.457228,-3.1360013,-1.7364526,-5.2510476,-13.840129,2.0180082,1.6247635,1.5365338
0.58041096,3525.0872,0.018777847,10.035561,-3.9750774,-0.69318324,5.302681,3.7644825,0.56271833,0.93927896,2.7728705
0.2996658,4832.3667,0.16099665,8.556622,-1.8263718,4.082903,10.622741,5.8634825,1.5483512,2.0651264,4.3335137
0.45300138,5412.829,0.13244022,8.947161,-2.0216238,-2.4019418,-6.8082175,-7.1324224,2.0540662,1.5266838,0.628547
0.47752786,4182.8184,0.00033065066,9.448572,-8.014448,6.035508,-0.031312343,-5.841698,3.5605762,1.0801121,1.4488667
0.5910732,4824.5933,1.8753308,10.158405,0.6287851,2.273575,-11.84276,-1.7639685,1.7412843,0.17766303,1.4746912
0.43541613,5123.0566,0.028699312,9.645258,-3.550882,2.7199621,0.14815402,1.3504436,1.7103479,0.8270587,3.7446845
0.33816206,5050.241,8.397115,8.676377,2.1278882,-5.4930954,8.802424,-4.346272,1.722417,1.0983939,1.7785195
0.4278644,3220.4048,0.5985314,9.297416,-0.5132762,-6.5801435,0.891426,1.7666166,2.0217102,0.727058,0.27576396
0.539582,3597.859,10.6920595,9.998111,2.3695014,1.1064112,6.859685,1.6114179,1.1090113,1.4207145,0.41987154
0.3152398,4592.3735,0.9224827,8.584209,-0.0806866,-2.101001,-5.121526,-4.4644766,1.2821063,0.7711694,0.09190684
0.44260675,3861.8228,0.00113666,9.526971,-6.779661,6.52229,3.868207,0.19116995,2.2494419,0.5867714,0.4114526
0.36615598,5103.137,0.3636706,9.273648,-1.0115068,1.4914824,-13.608646,-16.640245,2.9814963,1.7050197,0.07047703
0.41787693,3128.827,0.0767509,9.475666,-2.5671902,-4.2264905,-0.5120683,3.8568876,0.94165933,0.36719665,0.71779585
0.4929273,6368.0034,10.806836,9.286814,2.380179,-11.357067,-8.058397,-3.8884706,1.2262206,1.9726933,0.49813253
0.37136453,4153.193,5.5018444,9.065308,1.7050834,-1.0789362,-1.6256443,10.358543,1.2765852,2.8809783,1.8929921
0.46467704,4893.591,0.41869044,9.969561,-0.87062347,6.8866615,-3.3271728,8.127077,2.3930182,0.049869962,1.0629534
0.2574585,6850.0127,2.4181478,8.3881035,0.88300186,5.200716,-10.611865,-6.1011696,1.0033376,1.5785815,0.3589011
0.5019147,4798.9336,3.0008173,9.727063,1.0988847,-5.3702364,5.5518785,6.867328,2.3063176,0.39038277,0.17555684
0.38505524,6639.4,8.246374,8.922894,2.1097736,-6.342698,1.3904675,8.249003,0.22564563,0.3938571,0.30528507
0.5421494,4069.4993,3.3585896,10.1881895,1.2115211,-3.3273108,4.4176106,13.685525,0.5312804,1.1238002,0.31688458
0.32714757,6236.3633,0.66817313,8.684749,-0.40320796,0.96043545,3.8229866,1.2689528,1.6749816,1.601985,0.6421635
0.21660021,5556.6387,0.057015255,7.5757184,-2.8644364,-5.3637686,-10.160807,10.184727,1.8396782,0.24235055,0.04682833
0.44698885,4948.583,0.018920243,9.504802,-3.9675229,-12.068359,-11.506017,0.27136645,0.05080077,3.2650938,0.9330162
0.42426908,5850.2515,0.45710906,9.056517,-0.7828333,8.015918,4.88297,-3.3391747,1.9835497,0.21593747,0.029309288
0.19584452,5478.876,0.24613455,7.7415,-1.4018769,12.808773,13.578175,-1.5710094,0.062566906,1.2475926,0.850977
0.35500047,5694.672,0.0006287487,8.8640585,-7.371779,1.8588843,3.7917857,1.9443631,1.5429564,0.8922526,0.22527663
0.339002,4928.52,2.0338736,8.739124,0.70994216,5.2764044,0.86024547,-0.11047231,3.6902509,1.2715762,0.7456463
0.63411516,5151.292,0.10504555,9.9515,-2.2533612,0.053380568,3.5659232,5.1629796,2.4187763,0.15244381,0.59877574
0.45514497,4780.915,0.0005900621,9.775835,-7.4352827,-3.6922944,-0.42973995,-2.3774364,2.0809486,0.75329727,2.3353052
0.5871014,4871.88,1.8210424,9.972288,0.5994091,-2.4592125,10.956083,0.45960608,0.6733958,0.16558196,1.1102393
0.328133,5368.9805,3.1886208,9.383034,1.1595885,-2.1428313,1.8618379,0.64092046,0.013577554,1.5377913,2.2167594
0.38903627,5217.6455,0.0029891673,8.97697,-5.8127604,-6.2737217,1.0988733,-0.06694708,0.4627302,3.2884808,0.9730698
0.41255277,3181.9539,0.05453138,9.01919,-2.908979,0.29867953,-3.3446267,-4.514767,0.11588155,0.3123664,1.5323424
0.4273953,5799.8506,0.0012017882,9.092664,-6.7239447,-8.823312,1.4836932,-2.4134846,0.36508286,0.9966779,1.0340983
0.5906637,3719.1172,0.018652048,10.370076,-3.9817994,-3.9626865,4.2818456,-8.631334,0.32811797,2.6312072,0.5835002
0.425223,5921.9775,0.0028882085,9.623246,-5.847119,11.037595,-2.4500449,-6.047639,1.1899699,1.1797385,0.9388728
0.28357115,6197.657,0.008150681,8.321357,-4.8096538,1.7659969,4.0499578,-2.0425706,2.55717,0.37282738,1.0953028
0.30513602,3289.729,0.36313438,8.57721,-1.0129822,-5.2043,9.306958,-7.1151896,1.270494,0.29297706,0.16685869
0.5217929,4588.241,0.1583225,9.667019,-1.8431212,5.847638,9.125817,-4.6220803,3.073148,0.276425,0.8315543
0.49077812,4799.5415,0.18536972,9.547731,-1.685403,2.092748,-9.899946,8.62233,1.6682183,1.5529866,0.75603175
0.39284652,3362.1265,7.586646,9.50457,2.0263896,-5.704552,-0.32506603,-4.6796293,0.2526903,0.8280754,0.13311961
0.24216297,5235.997,0.06050388,8.910159,-2.8050478,-8.726803,-2.1280816,3.083212,1.8914286,2.4108415,0.22878537
0.5562206,5320.2124,34.90919,10.231282,3.55275,-1.349262,-3.194924,-2.6794384,1.420133,0.5926926,0.12484631
0.3674808,4127.156,1.1827761,9.162868,0.16786428,-5.329245,-0.6788003,6.4064174,0.27250367,0.08177217,0.41923434
0.34423375,5982.419,0.02766629,8.783623,-3.5875406,4.9319735,-7.4539204,5.2680755,1.422849,1.1919675,2.2143104
0.5149621,6951.6914,0.00012277285,9.150668,-9.005175,10.827258,-13.1323,-10.491605,1.2176223,0.9162514,0.83476645
0.5374136,4488.3823,0.50924957,9.825701,-0.674817,0.86307317,-1.411531,-3.369174,0.49178746,0.38618934,1.9533219
0.5579363,2964.938,0.00307317,10.2775755,-5.7850456,-5.973453,-3.7968714,8.848496,0.82592636,1.7680153,1.6817758
0.38401276,5742.6953,17.241888,8.997522,2.8473418,-3.012945,-11.475352,-0.17422743,0.5523225,0.44643876,0.3532224
0.39047253,6014.3247,0.023223294,8.978087,-3.7625995,-2.874498,-3.04799,-2.2615604,0.7725372,0.92185944,2.1843321
0.37637767,4938.2056,0.006183648,9.256856,-5.085847,5.880906,6.3965435,-2.4673111,2.6841276,0.6400595,0.44657812
0.3215821,6978.829,0.16424388,8.640734,-1.8064029,-10.133729,1.2444249,8.812144,0.6765299,2.848787,1.3604727
0.17527369,4185.7646,35.16669,7.929099,3.5600994,-6.227946,4.077122,-2.1349754,0.4518195,0.5736328,0.3116141
0.25371832,4007.4507,0.011697775,8.5668745,-4.4483566,-1.1682674,-1.1842246,-6.502721,0.32532322,0.10874696,0.65886736
0.45100027,6023.925,0.045254517,9.591258,-3.0954528,7.159031,-7.0534573,10.01741,0.048318963,1.592795,0.319156
0.34894052,5914.9346,0.0042100283,9.024305,-5.470286,-2.808776,3.6721232,5.30265,1.1057847,0.9575247,0.79667324
0.30622172,3886.1394,0.8594208,8.980252,-0.15149659,-0.34133998,-2.2273612,-1.756635,2.7511065,0.87540174,1.137771
0.42959955,5710.1006,0.09210978,8.838543,-2.3847742,-2.31767,-4.8936048,-3.849247,0.108068615,2.0281928,1.9285105
0.35986978,4295.332,15.007423,9.558724,2.708545,4.3218737,9.679252,-3.6756036,1.749843,0.18672517,2.1358967
0.37317684,6059.5674,0.011615457,8.403855,-4.4554186,-8.086124,-6.721964,1.955547,2.387744,0.9637243,0.8857996
0.49672192,4014.937,0.013239662,9.654221,-4.324538,-2.981063,-1.0340129,4.6756773,0.8301001,0.32644,0.5734715
0.39675003,5972.109,0.027047457,9.258126,-3.6101623,3.2557027,10.243621,11.899213,0.010012076,0.9976791,1.3603178
0.42968768,4354.96,5.409882,8.855583,1.6882273,3.5056,-0.55395716,-5.605896,0.5706863,1.1770806,0.8138553
0.5299168,4280.8306,0.03621283,10.056824,-3.3183417,5.6210556,11.321038,2.7965457,1.5046772,1.0193976,0.1528484
0.40113634,5975.1567,0.002059213,8.986798,-6.1854315,5.2541494,-1.0131707,0.4120429,0.80205685,1.3892667,2.0484319
0.352146,2857.8577,4.978067,9.082864,1.6050416,-2.1860192,-12.806278,2.7005424,0.2035222,0.1561333,0.98198
0.30830848,5990.417,0.14379925,8.857675,-1.9393371,-3.5353394,-0.03564939,-7.9900107,1.6861652,1.0431447,2.5719428
0.398585,4291.5566,0.031175984,8.929582,-3.4681072,-3.8693228,-8.115662,3.438601,1.5420287,1.1021727,3.5463057
0.282351,4127.2505,0.50669265,8.905019,-0.67985064,3.7615166,-10.919388,-1.5469961,0.84610575,3.295485,0.7678992
0.56605715,3601.559,0.00040081827,10.162702,-7.8220024,2.1321824,5.9324985,9.700732,1.6449565,0.36671495,0.33583063
0.35294855,4481.617,0.34445816,8.664467,-1.0657827,-13.294832,-6.7562027,6.5541472,1.4063487,0.12981658,1.8613365
0.3344219,4930.3823,0.2725777,9.177445,-1.2998315,2.2602777,3.7788415,0.6569238,0.46390763,1.0944358,2.2060103
0.48099455,4800.6646,78.65572,9.496071,4.3650804,-1.280956,5.685871,-8.171707,0.54163647,3.2686503,0.81734115
0.42098066,3446.5066,7.0429564,9.5321245,1.952028,-5.617521,-7.381627,-7.787251,0.69996345,0.20298932,1.5646217
0.34421045,5186.8853,0.065499574,8.770903,-2.7257116,-4.654217,5.8519897,2.5706909,0.6101549,1.9435103,1.0635948
0.46453288,5485.434,0.002848228,9.572882,-5.861058,-2.163492,-2.0263116,-1.8668247,2.1504002,0.030940693,0.7115846
0.50268555,5461.5996,0.075764775,9.91532,-2.5801218,-1.1134375,-10.236455,13.101718,2.5060759,3.2599063,2.301895
0.47908223,6382.9443,0.11008805,9.485899,-2.2064748,-2.477273,2.7321713,-1.602861,0.51958126,0.08562995,0.78391194
0.3888902,4956.8916,0.114062026,8.928033,-2.1710129,-5.18306,5.1962643,3.5105643,0.705237,0.68760264,0.74213344
0.47424525,3740.8052,0.0012664471,9.85158,-6.67154,5.384289,-9.893274,-3.077093,1.616159,2.2883098,1.3805362
0.45010883,4849.332,2.9893577,9.740482,1.0950586,4.3553658,-5.490675,14.053084,1.0132602,3.7965646,1.0750674
0.44586122,6484.747,0.025914023,9.433591,-3.652971,4.8953166,-3.1422982,-1.365257,0.62039775,1.3883022,0.026961101
0.3943579,4473.826,0.009496027,8.867567,-4.656882,-5.842208,-0.28341582,-2.122582,1.1442667,0.644682,1.1281321
0.51482606,6911.0415,0.019547593,9.98462,-3.9349031,15.390257,10.370476,1.0670865,0.6667424,0.91340595,0.73411804
0.5213759,5333.7607,0.6378335,9.318323,-0.44967803,-7.331799,9.382099,-2.6224005,2.0868735,0.14787354,3.7231328
0.17013024,5522.157,0.13604836,8.253251,-1.9947449,8.64141,7.989583,1.1127253,0.29884046,0.86120737,1.6788847
0.43657166,2807.2002,0.56384677,9.355243,-0.5729727,0.18428011,-0.62796366,7.011117,1.6009914,2.8520303,1.5162522
0.3983162,4869.2476,1.2090135,9.134936,0.18980475,8.015498,-2.8891199,-10.68742,0.9637645,3.1402302,0.8453271
0.30073592,7068.089,2.6133351,8.125503,0.96062726,3.4804373,-6.0945773,3.2461538,0.9787614,1.4054034,2.3842094
0.30988854,4274.0146,0.41768056,8.644456,-0.87303835,-9.028198,-0.9869903,-9.195387,0.75219405,1.7429836,2.5602067
0.507141,5272.4985,10.554934,9.963799,2.3565934,-3.1792808,-6.522328,7.730524,0.48026755,2.16204,1.0932724
0.06600243,5954.0425,0.0038219367,7.6382866,-5.566998,0.27907854,-0.6393616,3.3843138,3.081721,0.9186601,1.1186726
0.39062405,5708.78,0.0018274261,9.117797,-6.304847,7.7080054,1.1781348,-7.2617683,0.72995085,0.048209317,1.5572718
0.21887587,6012.7144,0.18513845,8.371882,-1.6866513,-0.28039148,-12.428516,3.67021,1.0688227,0.060472183,2.5194044
0.63533866,4723.808,0.0019233535,10.131752,-6.253685,-4.9871836,6.375007,0.2717505,1.853602,1.3674694,1.9234346
0.37367135,5758.616,0.0028977157,9.899498,-5.8438325,3.306636,-0.028423978,3.4898157,1.4261799,1.1380082,0.55114055
0.512983,5085.0903,0.0006386628,9.629717,-7.356134,8.1597595,10.763801,-8.00473,1.1227454,1.0317531,1.5853643
0.29887432,4647.589,0.04735747,8.6030245,-3.0500307,0.10652284,-8.815429,-4.072535,0.098975,1.6681113,0.14123489
0.3277525,5989.4507,6.9040194,9.106463,1.9321038,2.3007212,-1.4752514,0.42712915,0.10509861,0.9673737,0.6276986
0.21740328,4786.9287,3.0966468,7.663638,1.1303198,-0.009338667,0.8936341,7.9115167,2.3490756,0.11562395,0.6554022
0.45479235,4706.56,4.0192432,9.12443,1.3910936,1.4909831,-13.992555,7.6891108,1.3710957,1.1077316,0.49082956
0.34390107,4365.495,4.3136435,8.774413,1.4617829,6.37035,-0.96817154,-5.1560836,2.7631059,3.5239873,1.2980375
0.3640096,5107.3438,0.39242762,9.211201,-0.93540317,-6.2599034,2.3780096,10.7972145,1.5673213,1.8281326,3.3924868
0.5181602,4460.3945,0.0028931017,9.692476,-5.845426,0.1636838,7.7652283,-2.0495236,2.6974084,0.70987666,0.46100986
0.42261004,6628.3906,0.7205175,9.33125,-0.32778555,-1.1721339,0.7265493,2.3575957,0.82309484,0.35685286,2.502663
0.4002306,5423.0557,0.0019121068,9.144219,-6.2595496,-6.8672853,-9.303763,0.2077525,0.26089305,0.0944938,0.64676505
0.45551792,4602.628,0.1885605,9.55335,-1.6683364,-9.310822,-12.5903635,-0.36563802,1.4426723,0.7467268,0.6482033
0.46835014,5048.8525,0.22854228,10.247522,-1.476034,-1.8397198,-18.486376,-5.0115533,2.7596054,0.44909146,2.1172798
0.49170667,4864.76,0.16456021,9.327114,-1.8044788,4.3980355,-10.935648,6.439356,0.7499245,0.63072747,0.4034235
0.4973142,3730.891,0.06759196,9.31325,-2.6942663,-0.18329984,6.892519,-4.9999065,0.9546762,3.043162,1.3532455
0.50429064,4424.0625,0.051153433,9.981614,-2.9729257,-2.4560893,-2.5092218,1.6650083,0.12309002,1.1018689,2.0169983
0.32512856,5125.0713,0.28771338,8.517791,-1.2457905,7.657393,-0.007386219,-4.443142,0.95237434,3.1957307,0.7814911
0.39492708,7593.9834,0.0811962,9.0517845,-2.510887,-0.88839245,-2.2244072,-4.6259,2.0298183,0.8616582,2.8620086
0.44899333,4651.554,8.479427,9.564115,2.1376429,4.2003307,9.124814,4.796386,1.1558012,1.1894431,2.6850781
0.28213382,5727.616,0.028028252,8.767295,-3.5745423,0.48033077,8.304474,-9.231602,0.3230416,2.044301,1.5216879
0.52191633,4879.796,0.013070985,9.580888,-4.3373604,-5.4145336,-8.468226,-4.212156,1.3579108,1.3725901,0.5209762
0.3520552,5208.6885,7.507289,8.675734,2.0158744,8.132825,9.578646,6.3648586,0.005919097,0.8411968,2.5426626
0.4297364,4964.8237,0.15267366,9.413208,-1.8794526,-0.73404235,-1.1480341,2.2170756,1.2964661,2.4283247,0.22378853
0.48883736,6091.219,0.0016731897,9.345103,-6.3930235,3.4340827,-3.2189107,-5.7011466,0.9433941,0.562291,0.3735888
0.36701262,4675.99,0.93576384,9.460294,-0.066392116,2.6209521,-1.1746393,-5.9322925,1.1318402,2.3524394,2.176583
0.30579466,5843.784,0.19494912,8.466218,-1.6350167,3.9382153,-4.7835803,-7.351638,0.9571146,0.47426733,0.65448856
0.46266782,5462.747,0.04300118,9.108927,-3.1465278,2.7655368,-8.756885,-7.1649475,2.4819705,3.461762,2.4886088
0.3330388,5281.766,1.2497098,9.09485,0.22291143,-1.5539459,1.207869,4.5378766,0.24448736,1.6300777,2.197286
0.70396674,4808.673,0.0049623693,10.920065,-5.305872,5.936668,-6.3960075,2.3481357,1.0490178,0.6002961,2.7257547
0.4699103,5125.8916,0.00067712116,9.602501,-7.2976604,1.809581,7.1035786,2.1575587,0.54652447,1.7854527,2.2242703
0.4346449,4912.1357,0.6433972,9.363036,-0.44099295,11.600172,-1.8494374,-4.020256,0.20801759,1.4019842,1.8966646
0.5243563,5100.1553,1.837235,10.201897,0.6082617,7.366109,1.3126408,-11.283698,0.5849305,2.209008,0.4645283
0.4784826,5351.0127,0.03424546,9.639663,-3.3742013,-4.434458,1.5117446,-11.481756,1.0456161,0.069447696,1.1088009
0.45873052,6793.932,0.53617644,9.118576,-0.623292,-3.3574176,-6.8748317,-0.58234894,0.023549661,1.6564777,2.8986497
0.22657456,3691.7063,1.7374732,8.41382,0.55243194,-1.9305549,1.330637,-1.5192623,0.5747104,0.96916837,1.0932517
0.25926858,3531.9656,1.7680718,8.597321,0.56988955,-2.5007205,3.130707,3.9763758,0.9433444,0.99369097,0.875085
0.4283981,4519.0254,0.34259677,9.2525625,-1.0712011,4.2303233,-14.223817,-2.2353516,0.75305194,3.2501318,1.01805
0.3973914,5645.541,0.27026346,8.740851,-1.308358,3.4213698,1.3074958,-0.7397688,3.4578724,1.6820438,1.6871957
0.52433676,4934.13,0.34358364,9.540569,-1.0683247,-7.3947678,-8.728641,1.2618345,0.93523735,0.4060103,1.1377875
0.4102487,4444.9033,48.862392,9.360774,3.889008,2.0044277,9.859589,2.7686756,1.3256774,1.4220746,0.21766558
0.44674402,4665.639,0.08347959,9.348584,-2.483153,-6.0028806,5.89661,-1.8401668,1.2475276,2.8011806,2.44065
0.100266725,6575.2705,0.16215551,7.50172,-1.8191994,9.278962,2.4189508,9.388626,0.5937764,0.96350276,0.07692349
0.3642121,2735.05,0.35674754,8.800142,-1.0307269,-2.821802,5.5320807,15.83326,0.54955775,1.6608672,1.7043067
0.39267853,3697.6304,1.0683154,9.530869,0.06608305,6.4468684,-3.6567266,4.8316083,2.1937704,1.4471446,3.5201516
0.53925073,4529.809,0.0077096387,9.837913,-4.865284,6.6308684,5.2999454,2.0328603,0.18941675,0.09130869,0.86531466
0.5169983,4742.582,0.0057020355,9.495146,-5.166932,4.039577,-6.1946683,0.7194231,1.8165809,0.4564892,0.66726345
0.42562008,4474.082,0.1090812,9.409201,-2.2156627,-7.926632,-6.9724255,6.4135137,0.12157426,0.79794866,2.0891972
0.4180755,4073.65,0.0030911695,9.4505625,-5.779206,9.175452,-5.4996715,9.138985,1.9187963,1.669379,0.90552133
0.32030654,5911.025,0.06355159,8.454611,-2.7559032,-5.911595,1.5853124,-8.818155,1.3905592,1.693149,0.6611402
0.44889715,3352.0813,1.2366792,9.534633,0.21242976,-2.421869,4.911886,1.4252638,0.34586662,2.6209807,0.6264346
0.5245363,6758.346,0.03700929,9.681552,-3.2965863,-1.1266407,0.57742167,1.1639289,0.762698,1.4321084,1.6482033
0.122176886,5698.39,0.008759962,7.6572976,-4.7375636,10.053836,-9.270124,-1.7630961,0.10802121,2.991969,0.055747535
0.30195493,5781.672,0.04028379,8.8777275,-3.211806,-6.9580936,-1.7238724,1.1299537,0.64108497,1.0514172,2.9641595
0.5603688,4346.5967,0.00396946,10.037972,-5.529125,-5.1900935,0.21800883,0.76948416,1.2790934,0.59204626,1.5126288
0.39345574,4530.228,0.09523486,9.012559,-2.3514092,1.1523776,9.387742,1.583842,2.5871358,0.57844687,0.9319404
0.30755782,4866.2183,0.5421394,8.335316,-0.61223215,2.753727,12.898832,6.948186,1.7934792,0.5345259,0.62882304
0.32105067,5419.5723,0.00024611506,8.859768,-8.309711,0.8581932,-2.570464,-0.9298564,0.34114152,1.0818193,1.1648821
0.41614565,5060.7466,0.02446173,9.486148,-3.7106454,-2.7883372,-7.642607,2.4139228,2.9722245,3.2638614,0.04630187
0.48230153,4864.961,0.15768313,9.406524,-1.8471677,7.341426,-1.1084547,11.23983,1.3537478,2.1765234,0.09659235
0.49095356,4647.182,0.011736976,9.762645,-4.445011,-0.68270516,4.0643053,-11.289547,0.6472734,1.0794592,0.4431878
0.42738655,5694.1523,0.020759089,9.122939,-3.874771,-4.0975933,4.531908,0.011668519,0.8575646,0.34576693,0.1857597
0.26918858,4618.5913,0.00080524624,8.538824,-7.1243625,-3.937398,-14.862993,7.3916554,1.3930081,2.5287905,0.9595264
0.3047654,4399.384,0.20192051,8.458694,-1.5998812,-1.3289034,-3.8240836,5.8249145,0.4464795,1.6036711,0.46477613
0.35167032,4786.387,0.19245368,9.152536,-1.6478997,-2.5495248,2.0064223,-4.86815,0.92745,0.06244892,1.2151517
0.34425294,4635.8853,0.6266534,8.643571,-0.46736175,-1.4218311,-4.7281184,3.8742032,2.083245,0.6125716,0.20923954
0.39917305,4501.5405,0.0040413034,8.700378,-5.511188,-2.1039732,-5.976829,-1.9433494,0.31658393,1.0033364,1.6124597
0.55209386,5601.837,0.65658027,10.338992,-0.42071036,5.1940866,-3.7807755,5.824711,1.4302956,1.8899804,0.94278216
0.29734898,4677.4253,0.04612074,8.970661,-3.0764925,4.9919477,-1.7108704,-1.3125169,2.2330332,1.2758037,2.3283372
0.4798404,3177.463,1.261864,9.627615,0.23258995,0.6351741,1.8495755,-1.463463,0.20637631,0.7123795,0.74250555
0.41420576,5206.1987,1.5748875,9.741019,0.45418382,-7.8582244,-4.907665,4.6144967,1.4099271,1.4063985,0.67855775
0.4107577,2782.2136,1.0768368,9.71481,0.07402782,8.291755,-6.373963,5.78639,0.5968939,2.23922,0.69706005
0.32224044,6321.202,0.19010033,8.807743,-1.6602033,-4.454858,-5.9733963,-3.1295452,1.5858299,0.92397887,2.0652404
0.39572626,5906.7275,0.13921228,9.761243,-1.9717553,-9.47087,-2.954447,13.170457,0.9626818,2.1241124,0.603282
0.34868225,5373.686,0.120388746,8.679811,-2.1170292,-3.4890802,-14.807053,-1.9830514,1.7790605,0.8225699,2.5828145
0.36914638,3400.9336,1.4353127,8.679785,0.36138278,4.6319804,-10.322316,2.8267243,1.2075658,0.8920764,2.4848857
0.4602341,7214.6562,1.643225,9.318581,0.49666077,6.9505916,2.3005862,-3.7185502,0.3586195,1.6910394,1.0039281
0.4330286,5225.4907,0.18752399,9.760383,-1.6738485,0.66512924,-1.5409861,11.9572525,0.16110083,1.8583081,0.573687
0.30504864,4583.097,1.3478023,8.483519,0.29847533,4.0630336,-8.262997,-4.927246,1.3794354,0.13949358,1.3635247
0.44112492,6516.077,0.06408715,9.556934,-2.7475114,5.803772,-1.698061,-1.2325119,0.56946236,0.20190218,1.604759
0.41125223,5477.7324,0.050776776,8.76181,-2.9803162,1.4680431,-13.250906,-1.6637442,1.8054398,0.580526,1.5975611
0.3988883,5187.508,0.0041586733,8.668428,-5.482559,-3.4969516,3.8458855,-5.7219987,2.847811,0.34491313,1.0660548
0.34675285,4840.7173,0.011537255,8.842089,-4.462174,-1.360413,-1.7850645,-0.5301674,1.9795655,0.66604507,0.8060178
0.46628952,3813.621,0.108653784,9.975336,-2.2195888,-3.3849032,2.0156693,-1.3513895,0.82461095,0.7284948,0.13473088
0.40473875,5634.1567,2.0650642,9.792066,0.7251613,4.247763,0.4741671,-2.4142585,0.38835415,0.70684177,2.1321692
0.29061234,5839.9814,0.0027431843,8.359892,-5.898636,-4.1577115,4.59893,5.2405787,2.424665,1.6367263,0.4650792
0.5094176,4741.174,1.0534072,9.394385,0.052029822,8.628497,9.276539,-1.0881974,1.7507617,2.8541863,2.6947055
0.38306805,2874.8247,2.9021373,9.014465,1.0654474,-5.786137,3.7202916,-7.953106,0.032197107,3.4890609,1.2307167
0.4258772,5453.198,0.18009919,9.228925,-1.7142476,1.0002944,2.739633,-3.2786086,1.1753522,0.0037889197,0.35559332
0.41188797,4682.6567,0.0023062837,9.776567,-6.072118,6.8307242,8.319259,2.4186885,0.82225084,1.7623369,1.0474867
0.47254357,4830.5435,0.22085348,9.8376,-1.5102558,2.0483994,-5.190166,-15.455015,0.018798728,0.859,1.0312951
0.4559858,5576.4854,0.23508906,9.225259,-1.4477909,6.2480273,-6.1801934,5.617192,0.13114586,0.006304345,1.1039963
0.39847487,3393.689,0.023721024,9.697297,-3.7413936,0.7847508,6.6784134,7.098364,0.7885703,0.32428622,1.3212731
0.38747394,4497.7065,0.0016693445,9.267925,-6.395324,0.17404,-3.3306632,9.659688,1.7703257,0.22119999,2.4073417
0.45802653,4023.8118,0.20338431,9.580766,-1.5926579,0.12499474,2.198047,-1.0397983,0.090992786,0.3620355,5.380438
0.3514464,5510.349,0.053684134,8.665246,-2.9246378,-9.516029,6.0897427,12.968759,3.5291555,1.5756378,0.57646054
0.338438,4935.995,0.012980805,8.832116,-4.3442836,5.296493,-5.4737163,-3.428653,0.11934976,0.018966151,1.9406999
0.42399973,5202.0566,3.6780486,9.481004,1.3023823,4.5572476,4.2040977,-4.3945613,1.1054235,0.27194932,1.6068815
0.5655307,3751.5808,0.0074434583,9.960087,-4.9004197,5.523644,-8.857488,-1.595731,3.5125475,1.697178,4.212208
0.24033095,5027.9834,0.52404875,8.175072,-0.64617056,-1.7605691,6.2329636,0.5029376,1.1300353,3.2381644,0.93307793
0.4447428,3449.9243,0.11026962,9.579384,-2.2048268,6.444966,6.315544,-0.30165315,0.34762356,1.816804,0.14876176
0.47036982,6324.6455,0.0036450797,9.105348,-5.614377,-1.5505292,7.3866725,-5.3389635,1.4997993,1.4058295,0.0516919
0.5014299,4820.679,0.22260308,9.737351,-1.502365,-7.2237406,-6.8974276,2.4453404,0.4120702,0.5202669,0.34915763
0.47163728,5518.35,0.5887957,9.91969,-0.52967596,2.8706787,-3.5393925,1.7785317,2.6603022,0.96947855,0.26455677
0.44037563,5028.6987,0.6291658,9.321685,-0.4633604,0.71635145,7.75918,-0.53024656,0.5277837,1.7577988,0.19949575
0.20053987,5232.2886,0.17810142,8.150563,-1.7254021,-11.666884,8.86685,-1.7791415,1.5795211,0.6499566,2.1520662
0.42955106,5706.9434,0.010995013,9.066511,-4.5103135,13.711587,-5.3363037,0.3695188,1.0221176,1.2463266,1.0700772
0.51194245,3534.9995,13.396687,10.462354,2.5950074,-0.11489612,-3.3528836,10.101011,0.042551536,0.34868583,2.4118257
0.33959445,4401.426,111.29347,8.801243,4.7121706,-1.266244,-2.3424063,6.5238156,2.201535,0.9486419,2.2906508
0.26907694,4796.8545,0.9380834,8.478969,-0.06391641,-2.6445823,6.368633,-4.1237216,0.68656003,0.21704008,0.43131778
0.36697978,5190.269,0.23798713,9.399849,-1.4355386,2.1099272,-0.1953809,5.827308,0.74519247,1.0664093,2.2329953
0.4746266,5189.5537,0.25890347,9.868875,-1.3513,-2.5690885,-1.2888846,5.4982624,0.7098127,1.3663828,1.1641986
0.44448847,6061.1396,0.010734876,9.4827585,-4.5342574,6.008329,-0.44765747,-2.6110237,1.4025538,1.7540524,1.8960263
0.35746956,4921.085,0.002089921,9.092176,-6.170629,-14.181707,-0.4899316,1.9754703,0.86417645,0.30092084,3.0956395
0.38269693,5589.6436,0.06949614,9.2916355,-2.666484,-5.6895475,-1.419777,-8.531089,2.8046107,0.3965987,0.5033099
0.18656813,5105.508,0.023383984,8.087992,-3.755704,0.55883956,-8.107511,1.6199658,1.1870245,0.76295227,0.3942315
0.43964216,4715.726,38.07559,9.479908,3.6395733,-16.534227,1.9025058,-7.019362,1.7178639,1.1488373,0.46401316
0.3179079,4398.606,2.0084417,8.909596,0.6973591,-0.39364865,5.9649353,-8.057497,2.2465868,0.04237128,2.5640996
0.35144657,5974.099,0.2739287,8.956369,-1.2948874,8.966402,-4.3695,1.6142433,2.1147156,0.7174554,1.4196193
0.48805425,4837.2007,0.4447686,9.332982,-0.8102011,5.124119,-5.509875,1.7567239,0.13487737,1.1215854,3.122184
0.4734444,5621.102,1.6268768,9.479213,0.4866621,4.10193,-3.2178695,3.47158,2.0875816,0.5848394,1.154996
0.5552815,6042.0537,0.6065607,9.812597,-0.4999504,3.676745,-14.219266,7.629323,0.5332587,0.2822154,1.5811845
0.4427755,5261.5947,0.9716167,9.6650505,-0.02879388,-4.006421,8.59489,4.1109943,0.041570667,0.89541495,0.47209635
0.45422167,3740.8386,0.13705286,9.467787,-1.9873886,-12.75553,-2.689638,13.086723,0.5661459,2.2238915,1.7266393
0.42429864,3164.683,0.053447865,8.962834,-2.9290485,1.5469731,1.2572691,3.6363332,1.3390232,0.64755607,1.0539385
0.5140644,3461.746,0.062650785,9.484251,-2.770179,8.4642315,6.4678917,6.0949903,2.9484446,0.83167905,0.47669673
0.28894123,5360.3267,0.845611,9.09442,-0.1676959,1.9440174,11.495228,-2.9242263,1.4430138,3.2660959,2.7740989
0.38937497,5598.995,2.6818378,9.068149,0.9865023,2.8732018,-4.8097973,-6.1332636,0.84385383,3.1350954,0.9983374
0.2899839,5441.171,11.434305,8.831148,2.436618,4.4196677,0.6983066,11.694356,0.90409404,0.5685322,2.479258
0.39368996,4865.5596,0.09568226,9.329206,-2.3467224,0.6974564,2.5564406,10.112107,1.2425663,1.0770397,2.17789
0.5342554,4890.1733,0.20952597,10.399846,-1.5629076,3.7277038,2.7081332,12.073861,2.0644872,0.16797428,0.17345734
0.36625433,5831.8286,10.42549,9.258947,2.3442538,-8.629235,-0.2480201,-3.7077675,2.1693904,1.7451944,2.094771
0.46918634,5820.1724,5.0728765,9.617357,1.623908,-0.6672408,-6.877297,2.9469252,1.0861069,1.8417637,3.0603306
0.40972328,6058.248,0.589554,9.229226,-0.5283889,-18.260792,0.07445528,-2.4738762,0.26825964,1.668532,0.7955009
0.40971726,4925.88,0.027486922,9.167731,-3.594045,5.7676935,-6.847476,-0.44050938,1.0727595,1.0559949,1.1058211
0.24343996,4506.966,0.1635008,8.597424,-1.8109374,8.007645,-0.12447021,-12.213785,0.7058738,0.67408866,0.26799935
0.43935,3683.6348,0.023156721,9.605907,-3.7654703,7.814731,-2.646068,9.867094,2.817437,1.6451747,1.5726887
0.52711254,4005.944,0.0025140606,9.828359,-5.985856,1.901305,0.9071948,-2.8180394,1.7328135,1.3692753,1.5170505
0.36672765,3149.3357,0.045185268,9.595361,-3.0969841,-0.4727418,-8.736117,-0.24626876,0.07108953,2.4762332,0.7595624
0.5896049,4276.239,0.42179063,9.933508,-0.8632462,-1.1886199,3.8702528,-9.200356,1.4886527,1.8976035,1.0744246
0.23921478,4538.1226,0.0014005464,8.103632,-6.570893,-0.08114419,7.6506863,-1.5351481,1.4761671,0.9893247,0.9611805
0.30266666,4757.879,1.1910328,8.600877,0.17482078,1.4645756,-0.6360585,0.9501693,0.6577902,1.1019212,4.0742965
0.46825466,4282.9365,0.019713428,9.231391,-3.9264553,11.268514,-1.625304,0.17991783,1.3111311,0.36998594,0.015391808
0.41846812,6368.9385,0.6859275,9.240608,-0.3769833,2.4325817,0.7148726,-7.7930236,1.110769,0.12120215,0.82061577
0.42574638,5272.2827,1.4746375,9.208799,0.38841224,4.014151,3.9411023,1.5650867,1.3644255,3.0337844,1.2498976
0.2633161,3748.8699,0.3857122,8.720424,-0.9526638,1.0362412,8.990263,-14.8026495,0.38569707,0.6358578,0.009461875
0.4887572,5441.0586,0.038814202,9.739149,-3.248969,7.2829084,-1.1485728,7.790896,3.7925348,0.112427205,0.14506464
0.5681361,3917.166,2.7045953,9.831734,0.9949523,-2.7878058,0.47543505,-1.4750723,0.03139887,0.47513208,0.51527166
0.41194686,3591.5015,0.093322605,8.581877,-2.371693,0.34984067,2.5353298,3.71695,2.331211,0.2401815,1.2086421
0.45780665,3021.6802,117.42312,9.8894415,4.765784,8.248732,9.759274,3.175099,1.743032,2.742478,0.8567878
0.468363,5137.567,0.013990013,9.543988,-4.2694116,6.3229337,8.045813,-2.5335255,0.990009,0.56416506,1.3727082
0.23521942,2547.0208,0.012454105,8.495471,-4.385705,3.106063,-4.517838,0.8247351,1.7800757,3.065057,2.4653475
0.38017622,3734.2668,0.021348188,8.892692,-3.8467884,2.5391626,7.0544972,0.9886523,1.7674363,0.08827643,1.594784
0.27491057,6361.3936,0.0011112466,8.661501,-6.802273,-5.770074,2.8007777,-10.217985,2.3618956,0.55297273,0.06791565
0.35673368,5860.7227,0.0026565208,9.678199,-5.930738,-0.64436,2.391434,4.210955,1.404149,0.7034921,0.122704156
0.41163322,4917.8506,45.801506,9.235424,3.824317,5.7148733,2.5314434,8.989795,0.41879022,0.07639032,1.4684997
0.29202583,4766.2534,0.04202457,8.988296,-3.1695008,-1.9298959,-1.5052078,-6.770095,0.7724026,0.7344452,2.7740505
0.40667763,6214.2866,0.087431476,9.524672,-2.4369,5.1739597,10.900213,9.031323,0.25620955,1.8178259,0.048798364
0.43513724,5253.076,0.04282037,8.828218,-3.1507413,4.4015145,-3.5509095,12.193844,2.6449516,0.8045467,2.2548254
0.43958864,5293.997,0.03657404,9.833304,-3.3084166,-12.586153,-3.027752,5.428239,1.989759,0.044233285,0.8640749
0.42735112,6178.749,13.304374,8.872033,2.5880928,-15.099231,7.7426944,-3.1708193,0.46493763,1.8145356,0.36946824
0.48351428,4706.2617,0.26314697,9.770798,-1.3350426,12.905294,0.63935715,9.529658,1.7637333,0.5669009,2.1854422
0.49404144,5864.245,0.42634708,9.68505,-0.8525015,2.4860156,-3.895704,3.3804677,0.76865405,0.3699358,0.7157952
0.22151805,4645.793,0.04663549,8.012192,-3.0653934,-0.21643277,-0.65752167,7.9460964,2.0517962,1.8638117,2.218655
0.36811727,4861.602,1.1119766,9.192623,0.10613916,15.577892,5.5016794,4.5907426,1.2978407,1.6423756,0.87126434
0.41270682,4417.9775,0.0040585715,9.15962,-5.506924,-2.809374,-4.551165,-1.7656252,0.62672806,3.471727,1.7434238
0.2965853,4083.4702,1.93293,8.785981,0.659037,-1.4893717,6.2359624,8.916469,2.8997786,2.4228635,1.4811506
0.47252303,3812.9426,0.014155949,9.529061,-4.2576203,-5.7721643,6.344116,1.3290181,1.5352689,1.0024921,1.0559263
0.3578737,6444.451,1.6920663,9.126115,0.52595043,8.258818,-11.798453,4.502063,0.26985976,0.33695054,2.5004175
0.4477415,3094.224,7.726305,9.926602,2.0446308,0.1954392,1.8980513,0.6141357,0.19291246,0.15732577,0.119017035
0.41288668,6058.4863,0.8064703,9.449407,-0.21508822,-7.036835,-4.04527,5.966819,0.18985389,0.7444062,2.4407787
0.56138515,5767.8735,5.0200176,10.316385,1.6134335,1.4504551,-7.7911983,0.26091442,1.8348639,0.043519415,3.1659484
0.4615532,5451.403,0.51872176,9.825907,-0.6563877,9.612414,0.0044683055,-0.89652663,0.6101985,0.8589446,0.11156423
0.46678287,8070.1846,68.23559,9.532032,4.222966,-8.094886,-2.5875204,-3.357244,0.2863122,0.7573348,1.017493
0.43633616,7152.7188,0.0114687625,9.549803,-4.468128,3.901812,1.610535,6.4527307,2.2489293,1.3898282,1.2749211
0.17053945,4384.7817,0.130747,7.783186,-2.034491,4.118926,5.9157662,-1.395935,1.2227843,1.9242864,4.12317
0.32579818,6084.8516,0.79637104,8.661139,-0.22769004,-0.1349377,2.699949,4.1568236,1.3168514,1.2662941,0.77633935
0.3355403,4819.245,0.76672196,8.98658,-0.26563105,-9.512091,1.8809747,-0.5502014,0.3598211,1.1128101,1.8807609
0.46141312,5577.0493,0.013806745,9.175866,-4.282598,-17.375671,2.406522,10.670194,1.5278885,0.1689914,0.6052748
0.36863476,5559.4443,131.17867,8.773579,4.87656,-13.140691,2.0042572,2.8748267,0.47619164,0.34388646,1.3514282
0.36392307,6073.646,0.00849512,8.532687,-4.7682633,-0.24831079,3.5567396,5.629147,0.32390222,2.505344,0.5265038
0.6355019,3373.9695,0.0003748675,10.249718,-7.888938,-4.3299055,5.4690633,2.843858,0.045665998,0.5700175,0.6255011
0.5478606,5035.3467,0.000651725,9.833529,-7.335888,-0.510285,2.4095125,-2.0354419,1.1782005,1.7707227,0.043441392
0.47877482,4747.6655,0.24882697,9.538243,-1.3909975,0.05558411,2.4911463,-1.2525492,1.019431,0.9721976,2.9890163
0.42161542,4847.2812,0.009697329,8.990904,-4.635905,0.6121424,3.5079415,2.4595647,0.8702846,0.09368136,2.6153429
0.3995892,4987.2236,0.61628234,9.294559,-0.48405012,-7.7433643,4.8907857,-3.4893582,1.9688201,0.15602559,1.2372408
0.4362668,5020.1562,4.879674,9.702728,1.5850784,6.7894664,17.516256,-2.0826993,1.5439781,0.8733082,1.0733337
0.3645779,5102.7725,0.19786063,8.74376,-1.6201924,0.9352941,-3.3066328,-7.181217,0.38262445,1.0523758,1.9749445
0.35002488,4985.3345,0.99348176,8.8209,-0.0065395874,-3.4646416,-9.644156,-2.707078,0.32998803,1.6927003,0.45382568
0.5210679,4020.4214,0.008784169,9.884002,-4.734804,-1.5322324,-7.0903077,-0.7330814,0.40145504,1.1416241,1.4541311
0.34751034,4333.856,0.004723728,8.873515,-5.355157,-3.7947907,3.1372316,-0.16276461,0.53661114,2.1969085,0.35437682
0.39738432,5012.05,0.45373428,9.335143,-0.79024357,9.444357,-5.10658,-0.11127028,1.4093692,0.4833775,0.42720807
0.55688405,6148.8765,0.019348804,9.864232,-3.9451246,-0.97302514,-10.35694,1.1384994,0.13281521,0.38357675,1.2754318
0.56810164,1258.484,71.172005,9.537953,4.2650995,4.583224,-10.804531,-1.3842186,1.7676252,1.1383687,0.28649816
0.34002537,4943.683,2.6636815,8.858375,0.97970915,0.19387677,-1.4455884,7.4655213,0.24779303,0.093652174,2.228719
0.42184967,5000.639,2.8176796,9.202055,1.0359137,-8.604672,-7.511422,12.5867605,0.7548202,1.6178098,1.9159428
0.520702,5585.33,0.014325765,9.97036,-4.2456956,-3.2695825,-5.694086,0.015040935,0.43517795,0.13789828,1.3038142
0.52887803,2884.8447,0.0013080649,10.035007,-6.6392064,-18.073563,-0.621029,11.530401,1.1182355,1.2572863,0.66418624
0.35598198,3906.3774,0.4452546,9.299413,-0.80910903,-3.027351,9.526003,-1.2273157,1.2087642,3.3141658,0.8987624
0.80980504,3135.7778,0.014408193,10.492218,-4.2399583,0.75525075,0.84961754,2.8235855,0.39552194,1.0172685,1.8043739
0.5227585,6524.305,0.8119176,9.854145,-0.2083564,-0.7791735,3.7052279,0.24079509,0.48297364,1.8129863,0.1005879
0.320748,5629.4463,0.036025893,9.025785,-3.3235173,7.3232822,1.3584402,-7.6513834,0.92022014,0.036959816,0.13552858
0.2918424,5809.1025,0.0011818914,8.748766,-6.740639,-3.9316607,-6.817307,1.8222634,1.5531105,1.2401179,3.8585339
0.3865314,5781.014,0.11285377,8.941356,-2.1816623,-5.192442,-8.910969,0.23361614,2.0275993,0.6875922,0.58030236
0.47138003,6516.663,0.18135361,9.6685505,-1.7073065,14.655955,-5.1646576,6.0029917,1.0972663,1.6550055,1.434171
0.45758078,5363.744,30.549746,9.561003,3.4193563,11.269307,-15.291864,-2.395906,0.30430973,0.1537662,1.4119929
0.29671758,4657.8833,0.085225604,8.365056,-2.4624534,-11.632617,-5.1521735,12.821651,0.2777527,2.6275127,0.58362716
0.43836206,4416.5205,0.03666164,9.718199,-3.3060243,-7.4531636,8.811301,8.768147,0.0031822526,2.705034,1.0944302
0.4452283,3684.3892,6.1692924,9.448162,1.8195841,-11.88974,4.916768,-3.3800423,0.04279479,2.1362932,1.0762162
0.5857123,4234.2407,0.001637375,10.133492,-6.414661,-9.949033,3.9895167,-9.825026,3.30259,0.63815635,2.467931
0.39182848,4028.4253,0.15101913,9.365496,-1.8903488,-8.6280155,2.4673336,-9.670249,1.9242873,0.48738503,0.5813202
0.42585412,4705.028,0.88319606,9.408442,-0.12420806,3.891049,-2.3906121,-8.032323,0.87056255,1.4279613,2.802381
0.31412077,5109.794,0.18979956,8.156527,-1.6617867,-6.435475,1.1355804,-1.9967715,2.6453578,1.4593428,0.38053626
0.4280481,5907.936,0.0151317455,9.46287,-4.1909604,12.976815,1.9832872,6.091804,2.4705064,0.84033823,0.18754733
0.5250363,5685.5938,1.7845811,10.274445,0.5791837,-6.5406737,-6.1829524,-7.266219,1.6433614,0.8749309,2.2155938
0.392242,6494.4893,18.413292,8.923051,2.9130728,-0.7450659,-3.7803578,2.6487093,1.1221797,2.2368844,0.8100953
0.36298996,4653.994,0.050454356,8.976846,-2.9866862,-2.6320677,-9.261322,-6.70091,1.1342795,1.4920914,3.1642272
0.3937364,4395.468,0.7655728,9.290794,-0.267131,18.39966,3.6076424,4.9988627,0.9312218,2.9016557,0.073070705
0.35412216,6001.827,0.058310654,8.740999,-2.8419704,-7.0045547,3.2293553,0.5471164,1.0006316,1.2174475,0.027998455
0.29926032,3833.618,7.834834,8.94275,2.0585797,-4.5163813,6.769212,10.70789,0.15498981,2.7787607,0.6805633
0.42420146,3071.6902,0.31758928,9.346704,-1.1469963,0.91559225,0.75237757,8.957536,0.4898726,1.7020496,1.5790688
0.22235523,6017.9575,0.61763734,8.553534,-0.48185384,-1.825815,-7.769259,-12.018733,0.686467,1.3493911,1.6990861
0.49309582,6257.6587,0.020500647,10.159567,-3.8872988,0.5053486,5.664443,-1.5889896,0.13833581,1.1312186,0.45507914
0.27567905,4943.841,0.83190256,8.77719,-0.18403998,2.2086089,-7.461342,12.365179,0.21683511,1.4703676,2.3469157
0.20978726,5034.1294,0.013429944,8.155811,-4.3102684,-7.3389463,5.0502605,12.511343,2.30302,1.7236017,1.5677593
0.32206506,4763.9053,0.27684966,8.719194,-1.2842807,4.5770288,-3.8191075,7.7767673,0.44654414,1.5853915,0.49316093
0.34367314,5921.302,0.111165084,9.081054,-2.196739,-3.958449,7.3192472,-12.799902,1.2716798,0.012757056,0.24100171
0.23531723,4323.3213,1.3691597,8.462779,0.3141972,10.670498,8.006583,4.6060834,2.0637934,1.040716,3.262166
0.26369518,4591.307,0.12814586,8.104168,-2.0545862,12.082142,-4.5654516,7.492889,1.0988618,0.24150072,1.4619654
0.47905478,4321.0796,0.6376773,9.352888,-0.44992295,15.484757,-6.438292,1.4669327,1.5898851,0.27466953,0.7765662
0.5175438,4189.32,0.023327142,9.487995,-3.7581377,-9.907781,-3.1757452,2.822658,0.15342173,2.332662,0.63007975
0.48679075,6086.7686,0.4951441,9.912151,-0.7029064,-0.7387156,-0.27262726,15.822965,0.38106674,1.3230094,0.5798623
0.218798,4541.841,0.015152937,8.279061,-4.189561,9.309092,9.3940325,-3.5150747,0.22923113,0.7351772,1.936504
0.16945155,4765.4062,3.0681143,8.3921385,1.1210631,-8.043524,0.98040223,2.07605,1.8613877,0.42282525,2.484025
0.39770716,5193.8984,0.148311,9.419747,-1.9084438,4.3363295,-5.831112,2.873045,0.17443407,1.8064401,0.5579624
0.49801505,6043.14,3.4745984,9.642973,1.2454789,-0.2549808,-4.9403543,5.0992227,0.89558744,0.806878,0.032942675
0.61477286,6178.9307,0.17860687,10.253725,-1.7225682,1.725441,-4.653825,6.0792704,1.103891,1.3301234,2.5685487
0.5374138,6812.203,5.0818963,10.538713,1.6256845,-6.919406,11.771843,-2.913488,0.9804476,0.64780825,0.19885342
0.49656984,3892.237,0.729972,9.798537,-0.31474903,-4.271858,10.94533,4.290944,0.48677272,2.2484648,0.3683163
0.48626497,3127.7144,0.38955164,10.046942,-0.9427588,-7.804172,-2.1565537,-2.2166908,2.5676568,1.8391284,1.6813885
0.3031847,6072.085,0.0047001634,9.173688,-5.360158,5.808184,6.9275584,1.5146356,0.57944936,1.3044286,0.0028785828
0.3801298,4844.926,10.926167,8.725731,2.3911605,-2.4607258,11.709187,-7.2310815,0.5794397,1.1523622,0.4406039
0.37610462,4436.663,0.64908075,9.706858,-0.43219814,7.804797,-5.2958107,1.241036,1.6759785,0.42137384,0.8761812
0.50641835,6337.3623,0.2665066,9.393514,-1.3223562,-1.1830034,4.060522,5.802716,0.049459394,0.41199365,0.40839064
0.3880187,4616.967,0.054937106,8.731824,-2.9015663,5.1769266,-0.17382926,4.8639245,1.4231391,3.4104567,1.5990529
0.55612534,2141.3794,0.087536186,10.394072,-2.435703,-3.2628622,-0.2749263,-0.9607542,1.064023,0.9332953,0.9324844
0.51475513,5729.508,0.07623351,10.05267,-2.573954,5.238237,-7.7732906,8.014386,1.8414843,2.8041477,0.5403557
0.24739084,4092.94,0.0066510634,8.627003,-5.0129786,-8.370483,-16.016838,-4.2856817,0.64207953,2.0864937,0.7010734
0.46617496,5333.959,0.013088323,9.320398,-4.336035,-2.440542,-3.985556,8.794328,1.2479426,0.44989833,3.459471
0.45227623,4619.136,2.35511,9.206431,0.8565874,0.71694374,-6.94735,4.6880727,0.10114742,0.5223587,1.495116
0.35892123,4774.6904,0.11684279,9.018997,-2.146926,1.2247298,2.9369006,-8.800434,0.6649308,2.2324932,1.9919895
0.22333327,4332.9976,0.71045727,7.6652584,-0.3418465,7.47605,-8.422996,0.9785617,0.86775297,1.6666394,0.61129194
0.40746236,5093.0386,0.1668404,9.214061,-1.7907176,1.5071256,5.173936,7.3680325,1.8654428,0.082174376,0.23356038
0.32647496,5602.5693,5.633999,8.581387,1.7288195,5.5016,-3.3612156,-1.8122728,1.3859318,1.0950717,0.85499156
0.46364564,6007.7905,0.00863838,9.743724,-4.75154,-14.008433,3.9451962,-3.482269,1.3361056,1.8089963,2.0780182
0.34089777,5818.1143,0.08472616,8.66092,-2.4683309,7.0103507,4.6076508,-3.3065014,0.38252282,1.7122457,1.680244
0.37591022,5318.8193,0.42513108,9.035859,-0.8553577,-5.157085,-6.912856,2.4741113,0.67149967,1.5379988,0.6550437
0.36679488,3972.6375,0.0041070925,9.361461,-5.49504,0.24404463,8.464716,0.48444435,1.7621027,1.3489357,2.375531
0.29364643,5495.813,4036.9263,9.038493,8.303239,1.0529821,3.104962,7.7997527,2.3720272,0.09108978,0.6042941
0.5384398,5543.1025,0.09241346,10.054106,-2.3814826,6.2471423,8.210529,1.9923178,1.9867297,1.828509,1.7454911
0.30267584,2922.6846,0.0057210177,8.926793,-5.1636086,5.061931,6.733655,3.124217,0.52881205,0.5085664,3.6049714
0.48647198,6603.29,3.1596181,9.38815,1.1504512,-6.7422624,-5.763832,-3.5111783,0.22039938,0.35995236,1.8824587
0.40301573,4370.884,0.8400917,9.1394,-0.17424425,6.2569394,-9.526063,-1.4483571,0.3697196,2.8051982,0.2501166
0.5498183,5474.437,0.08574805,9.604684,-2.456342,-9.1075535,9.283962,1.487581,0.28008577,1.3336345,0.7792304
0.4365085,6350.3013,34.85235,9.110847,3.5511205,1.2159697,-5.0950184,-6.812089,0.98578525,1.7588278,1.105659
0.47734126,4667.5356,0.0050978595,9.738036,-5.2789345,-3.0716999,18.526333,-6.491458,1.1378266,1.0557193,1.4054263
0.35094726,5630.5576,25.535736,8.963476,3.240079,-2.706626,4.851752,3.5567267,3.0316856,1.0767274,1.6430631
0.42525303,6511.159,0.08733481,9.709154,-2.4380062,-4.8319745,-0.1103701,1.2382704,0.79533225,0.49207383,0.02928374
0.6783364,5555.6567,0.02768932,11.057907,-3.5867085,-3.375532,6.0290494,-1.2539456,0.043085355,1.1187128,1.2795644
0.27733123,5772.991,0.5422736,8.205523,-0.61198467,3.4816527,-1.0011135,-9.16914,0.77088,0.23160404,1.2440169
0.50599194,6302.7104,0.16566654,9.459143,-1.7977784,-5.8551135,3.3314714,5.199116,0.6705604,0.5823921,2.2964163
0.3130716,3116.0137,2.7815876,8.676037,1.0230218,1.4838763,1.7731858,-1.426113,0.851627,0.7302525,2.4708505
0.27608782,4217.7686,0.020440685,8.941707,-3.890228,2.044635,-3.8878756,-1.9263486,1.1991669,3.3407087,0.18965441
0.550567,4277.7803,0.046708964,9.82173,-3.0638192,-4.418968,0.2475096,-4.3383117,0.4887071,0.557777,0.031884626
0.30387825,4601.139,0.32121176,8.770022,-1.1356547,5.5061574,10.484488,-5.5731544,1.6021061,1.1708491,1.3692322
0.29990935,3674.4683,0.10506313,8.549088,-2.2531939,5.4282203,-1.1175272,4.7977853,0.14075296,1.077372,2.9247894
0.22609875,3931.1816,0.04350747,8.184204,-3.1348226,1.7964137,2.7540734,-8.71321,0.08255818,0.10652099,1.1482437
0.31284776,4270.259,0.014105602,9.044147,-4.2611833,-1.7331699,7.7352586,-0.73671764,0.9342626,0.64837605,0.8905723
0.3438559,4448.223,0.0030527534,9.113207,-5.7917113,7.849687,11.78508,-2.2506557,0.004692311,1.2778269,2.1491306
0.41749588,7113.7812,206.69809,8.980367,5.3312593,-5.9499407,1.5282512,9.750299,0.5750054,0.8271717,1.2900203
0.5723556,5062.1836,0.96102715,9.949896,-0.03975261,0.12067837,-0.8666973,-9.6930065,1.4829066,3.2707362,1.9156266
0.3391682,4601.054,0.017327955,9.0391445,-4.055434,2.973701,5.3209696,-1.1281205,0.79029334,1.4207889,0.20944706
0.352822,4194.687,0.044540145,8.702197,-3.1113644,1.0400758,5.065538,5.468669,0.7590132,0.46044323,2.1309037
0.29312992,4102.328,0.9748986,9.176351,-0.025421837,-1.8167864,3.4445376,3.6720498,1.9770116,1.9215417,2.4842288
0.3292702,5509.583,0.0019178175,9.322111,-6.2565675,7.5978494,-17.392473,-2.3305023,3.00757,1.8667859,0.6902255
0.5096556,5692.559,11.834875,9.854444,2.4710507,5.409913,-5.6020746,-5.405509,0.76520807,1.1004702,3.4029543
0.5014063,4795.8354,2.9962912e-05,9.979929,-10.41555,7.4092364,4.470226,8.186083,0.50481236,2.3333051,0.2585014
0.48475933,5045.91,0.07135862,9.41032,-2.640037,-3.9972458,1.4705573,-1.6122515,1.6518337,1.3980471,0.37736246
0.44483495,6025.8,3.2630396,9.482449,1.1826591,-2.499164,-2.0889883,-2.2633407,0.15382658,0.11284838,1.6632622
0.4052177,6775.835,0.0062607797,8.8881235,-5.0734506,-2.497817,8.959935,1.4208547,2.2563527,0.76161814,1.0766422
0.4218088,5604.269,0.000514313,9.11558,-7.5726786,-6.7563105,1.2132577,1.1686026,0.08990993,3.7564728,0.49011537
0.36286822,4613.43,0.009111378,8.615048,-4.698231,-11.905606,-0.86818475,4.825323,1.1018325,0.93516797,1.8207572
0.3479208,4422.042,2.612813,8.63248,0.96042746,8.888999,5.6902266,-6.7018733,1.4987147,0.9114725,0.7705268
0.4466569,4717.995,3.1214485,9.679533,1.1382972,0.42537668,5.615733,3.5876384,2.549192,0.44618317,1.5834388
0.39267096,3608.7441,19.617094,9.187318,2.9764013,2.2640004,0.26270902,0.10881809,2.4274418,1.3925214,1.7413738
0.51543474,5130.8096,64.05416,9.658071,4.159729,-8.288135,-0.13047592,-12.631155,3.5399735,0.9961425,2.4187038
0.39651603,5240.3647,0.0042349123,8.715556,-5.4643927,4.2940955,5.5811067,-0.729366,1.5648696,1.6550182,4.2978077
0.46283713,5297.2637,13.8774,9.509529,2.6302617,-0.8441769,2.130601,0.5330985,0.06717826,0.111748956,0.95806444
0.44320345,5015.959,0.4214512,9.365693,-0.8640512,6.6827855,-3.1545982,-12.193427,2.787256,0.6403567,0.2009128
0.5792618,6126.128,0.12426824,9.89529,-2.0853128,8.016303,-3.8777096,6.203087,0.31982473,2.17962,1.491575
0.2694795,4691.745,0.061998483,8.450168,-2.7806454,-5.199519,8.998795,-6.310397,2.1372516,0.42099014,1.9649043
0.48558408,5052.186,0.109081306,9.727853,-2.2156618,-9.706517,-10.63882,2.9624977,0.08038156,0.92439395,0.9651057
0.33365962,3653.4565,0.0035266862,8.800284,-5.6473966,-0.49415186,-0.35042885,3.5940177,0.73173475,0.30383503,0.37197986
0.34621477,4409.9346,0.022471875,9.171409,-3.7954907,1.3596101,-2.8651125,9.408394,0.4444744,0.37093258,0.43785104
0.3993914,3548.0735,0.00635809,10.049232,-5.0580273,-3.9996142,1.4364494,-7.3624935,1.3952926,0.53793633,0.9754428
0.46067843,6836.425,13.999086,9.215965,2.638992,-2.3681676,5.05059,7.4742384,2.329443,1.495453,0.517765
0.42334777,5371.376,0.031725295,8.809339,-3.450641,7.6795306,-4.0678887,-5.1822605,0.5773679,1.5146669,0.37960085
0.38804194,6179.2104,0.0226244,9.073324,-3.7887263,-3.4436066,-6.1421795,0.04956518,1.6030484,0.15419494,5.266585e-06
0.44359675,5311.1846,0.1500846,8.957587,-1.8965561,2.7090523,-9.570924,-1.7468574,0.92796934,0.46988612,0.43514434
0.37621197,4286.7725,0.43878376,8.329041,-0.8237486,-10.182959,9.811863,4.0948873,1.7866644,4.2288265,3.1614232
0.23387042,4345.445,0.05875953,8.355748,-2.834302,-0.6343727,1.7935565,5.7845836,0.8309773,0.30197,3.322821
0.5061605,5800.9033,0.06317951,9.273597,-2.7617753,7.099501,-7.442921,9.93627,1.2629187,2.8806326,1.0942296
0.5495998,4086.3738,456.137,9.999784,6.122793,9.685878,6.660721,2.6218278,1.015976,0.5899396,0.05188251
0.38396,3248.8074,0.0006720065,8.660907,-7.3052425,1.7305578,4.965275,-6.969468,0.3113826,1.0131799,1.5557232
0.32355356,6580.936,0.0519435,8.897354,-2.9575987,1.1752763,-9.183667,2.2255144,1.0670075,1.2902448,1.8995826
0.38026008,5110.415,0.016450845,9.467749,-4.1073785,7.5758195,2.4912617,1.059459,1.7260451,0.8463244,0.077637106
0.34048095,5887.359,0.058396623,8.198382,-2.8404973,-1.4623953,4.4910555,-5.0563807,0.6863739,1.9249811,3.323656
0.43613482,4305.4424,0.071272366,9.213649,-2.6412466,-1.9878087,-4.2037,-0.88110626,1.8182527,2.0645738,1.4363095
0.29935944,5255.5576,0.2399242,8.86345,-1.4274322,-2.7239058,-0.8054612,-8.654451,0.25612974,0.49397594,2.4818475
0.4527163,5644.6865,0.10603401,9.162599,-2.2439954,-1.1523747,5.4465485,-0.77923137,1.4362371,1.5701699,1.738096
0.37139985,3917.2805,0.015897159,8.66286,-4.141615,-0.85363704,5.0491977,0.58911073,1.3008938,2.3367515,0.65375805
0.19770677,4280.9097,28.768377,8.314749,3.3592768,1.3534337,0.24616739,-5.4830275,3.8302608,2.0464988,3.1141179
0.42615667,4522.2803,1.0151938,9.433588,0.015079595,-0.050148785,-9.236571,-9.57239,1.8198421,0.55025107,1.630932
0.3453347,4765.827,0.3877619,9.058794,-0.9473638,9.179768,0.5247436,2.9386005,1.3921877,1.0368978,0.57307005
0.33992478,3431.0781,0.273054,8.959943,-1.2980857,-6.288933,7.7402425,-12.100355,0.28731328,1.6588615,1.4590684
0.34038603,3459.2144,0.0022458313,8.815274,-6.0986795,-0.663945,12.766503,8.809779,0.40181693,1.1947966,0.20124431
0.33364633,5830.666,0.00041540177,8.279075,-7.7862644,-9.174498,-4.9463058,6.0270424,0.3688071,0.5179032,1.5364488
0.42396566,5372.16,0.027202817,9.516336,-3.6044347,0.8184751,2.5208075,-3.0294626,0.47670266,0.6059568,0.42871666
0.5628649,5578.5635,0.008745847,10.345604,-4.7391763,2.962609,-11.227678,-2.8161058,0.74494195,1.5438235,1.6967194
0.32164282,5073.3154,0.014247967,9.037791,-4.251141,-5.3548765,-4.1624722,-1.5888021,1.2260541,0.6097026,0.14912662
0.4904109,3184.3262,0.042583585,9.403501,-3.1562865,-0.9374982,0.15091051,1.9475511,1.3105155,0.28673464,2.8034534
0.29868254,5758.9233,0.0471446,7.880774,-3.0545359,5.428534,-1.7482865,-6.501259,0.64262635,1.1550109,1.8004739
0.36797732,4782.565,1.0348754,8.662569,0.034280982,-11.177394,-2.0038807,0.1443466,0.36458704,0.34534374,0.7056512
0.42728165,5521.7266,7.433076,10.3700905,2.0059397,0.7084431,-2.0528233,-0.6606476,0.3214068,0.21458817,0.31410763
0.33286208,4141.625,0.269211,8.573821,-1.3122598,0.74239117,-1.615869,-12.693165,0.20116314,1.4935225,1.3581953
0.60863,3733.9211,0.006770692,9.91915,-4.995152,3.348876,7.0908866,-13.0643835,0.6501179,1.9114348,1.729474
0.37137198,4036.9434,0.20576124,9.242068,-1.5810388,6.9522743,-2.1491082,-3.213388,0.8488533,1.3869697,0.4855962
0.5543497,4974.7036,1.2074107,10.52105,0.18847813,1.6135015,-0.38936886,10.114668,2.7591007,0.03479855,1.0737402
0.51594055,4041.2175,13.538102,9.982485,2.605508,-1.32127,-2.4830885,-0.34687114,0.6303889,1.0451453,0.39145413
0.4134171,5099.6123,0.2694723,9.217962,-1.3112897,-2.0359528,0.29750013,4.3616753,1.7375944,1.6811347,0.7423085
0.3334747,5265.862,11.001058,8.982828,2.3979914,-0.0029829042,-2.122767,-7.0565996,0.42764685,0.5017518,1.1733509
0.41592577,5959.4175,0.7018588,9.272795,-0.35402298,5.67963,-5.8500357,-4.354452,0.52561843,1.373848,0.41140628
0.3594672,4700.249,0.0717334,8.497633,-2.6347988,-4.7640715,-10.22605,-7.073946,2.006953,2.4701545,0.9826118
0.34408942,4962.497,1.2241336,8.752742,0.20223334,-0.9521654,-7.4341598,-5.98447,2.8365886,1.3728122,2.7710946
0.37665543,5463.372,11.310483,9.22352,2.42573,0.31852964,-12.033259,-11.402831,3.1219845,1.4729578,0.7989536
0.4224029,4350.61,0.10704,9.484189,-2.2345526,-0.9512141,-7.7262855,-2.701345,4.230702,0.49193835,2.6044407
0.2667806,2745.8982,0.016713478,8.502163,-4.09154,-5.78509,-10.199983,-14.819025,1.9515884,1.8056401,0.2721487
0.389971,4553.7734,0.4990592,9.544435,-0.69503057,16.571014,-6.162591,3.836801,0.21314348,0.13742746,0.07844836
0.3305256,4719.1787,0.0015323332,8.640225,-6.4809637,-4.1735587,5.954578,-2.0012724,1.0722353,0.7424637,2.267861
0.1903703,3928.5327,0.06999685,8.163399,-2.659305,-1.1088395,-7.345,-7.478453,0.5246439,0.19517647,0.37708998
0.37938145,3413.062,0.004949051,9.473472,-5.3085594,-3.3948028,-0.84716463,8.784572,0.018253872,1.1103268,0.29878148
0.46861917,4581.577,15.549924,9.594184,2.7440557,1.3332096,5.8522205,5.146399,2.2605379,1.6553658,1.0772986
0.48500678,6814.161,0.027351191,9.32111,-3.5989952,11.071893,-2.5609303,-7.3772736,0.39930633,0.83664256,0.741306
0.591169,4184.146,39.57839,9.991235,3.6782832,-9.766964,12.4164295,0.55003667,1.2234374,0.65516573,1.4386634
0.41294,4302.73,0.030262185,9.101787,-3.4978564,-1.1210701,-8.104171,2.7981188,0.25539413,0.13851158,0.34134325
0.33402786,5539.907,2.5420213,8.967301,0.9329595,-0.38403836,-5.089608,6.297577,0.9380627,3.3556936,0.92256933
0.44834337,4096.584,0.041836627,9.779488,-3.173983,-8.871664,1.7906882,9.449857,0.30175483,0.53455853,1.669527
0.46301973,6109.586,0.020141631,9.753544,-3.9049664,3.8194928,5.072829,0.4789782,0.3420926,2.2306302,0.7115846
0.5005049,4623.597,0.008508105,9.240683,-4.766736,4.715689,-9.166616,-9.72091,0.49851617,2.0440016,2.10628
0.3849763,3685.4695,0.0005073783,8.840157,-7.5862536,3.8148856,7.2819943,8.997486,0.21668588,2.390068,0.20372598
0.40909004,3168.8406,0.6959707,9.0063715,-0.3624477,7.2517486,2.5188885,-2.5229042,3.7609658,0.9739817,0.2464768
0.3241074,3613.8022,0.43044204,8.919669,-0.8429426,2.952064,0.3055729,0.51397294,0.37456352,1.3260616,2.5590236
0.5706447,4287.438,0.26411107,10.455076,-1.3313855,0.8690553,-4.393961,-2.2949884,2.4782307,0.3661026,0.39655322
0.5259508,4777.887,0.45274067,10.101792,-0.7924358,-2.8960793,7.6941824,-2.3946166,0.07048421,0.30330804,1.6903249
0.5214378,4478.522,0.039380223,10.044761,-3.2344916,3.32713,-0.93718976,11.624637,0.06615507,2.6663117,0.2616858
0.46628463,5128.7686,0.36424762,9.852012,-1.0099213,3.8201096,3.1340542,1.2570014,1.0599737,0.13310161,0.49672723
0.27653196,3596.8843,0.0020199812,8.874742,-6.204667,2.8736322,-5.0650377,5.5122194,1.3193223,0.78745705,1.0650078
0.34991053,4319.1157,0.014304025,9.407878,-4.2472143,1.5538727,-11.057131,13.152246,0.71667224,0.338449,0.73403114
0.5428541,7063.448,2.8068254,9.8782015,1.0320541,6.0769095,-17.40811,2.8635364,1.7060502,3.547697,0.30989403
0.27255428,4467.933,0.15754803,8.918884,-1.848025,6.1324577,4.921535,0.63740987,1.3374904,1.5363011,1.1529946
0.30406392,6032.326,0.26707438,8.574355,-1.3202281,1.8223515,3.7636814,4.1688113,1.2976706,1.6226102,0.55464476
0.17986964,4400.5283,0.11271846,8.156735,-2.182862,-2.2162688,3.0494273,-0.81145704,1.5920563,1.6568042,1.0533724
0.25258988,5224.0425,0.00023286909,8.279578,-8.365034,-6.8049006,-3.8781536,-9.965061,0.117675826,1.8054379,0.13597211
0.33461624,3732.791,0.28754494,8.7797165,-1.2463762,-0.7290969,-5.9841633,5.451575,3.0787823,1.5372252,0.20203719
0.23340468,4753.1665,0.0058112354,8.4676075,-5.147962,3.6106377,9.34424,-12.8166,1.0683124,1.6628469,0.9675961
0.31984657,6646.875,0.33619332,8.770522,-1.0900689,9.600839,4.149884,-4.762706,0.7065375,0.4280133,1.6188226
0.4453822,5196.147,0.041674614,9.480715,-3.1778631,-0.53289425,0.5101672,-0.5957434,0.7730984,1.397885,0.4576238
0.5286851,6704.2593,2.0938835,10.39563,0.73902047,-9.285384,-4.644019,-6.0568504,0.04756131,2.7369874,0.6968289
0.40544337,5200.6294,0.5840732,9.428811,-0.53772897,-6.310637,1.0925838,-10.63856,0.22188151,0.26172084,2.4575908
0.6039859,5399.815,0.061315432,10.800304,-2.7917237,-1.7969828,-1.7435132,6.704311,0.16164947,0.3999554,0.22506835
0.47379273,6018.0537,0.060115766,10.534309,-2.8114831,-5.516416,2.4655428,12.082987,2.2252686,3.0466568,1.5840541
0.41109678,3317.0,1.7590227,8.89096,0.56475836,-6.1174555,2.6065357,6.183262,0.8748507,0.93482935,1.4781111
0.6850459,5113.826,1540.9086,10.884139,7.3401275,-17.20596,9.792387,3.5055103,1.429183,1.898749,3.0608037
0.34643966,3401.1646,0.022429975,8.883469,-3.797357,10.763745,-17.15439,-4.3238206,0.6836231,0.14766523,1.6381073
0.3041495,3684.3254,0.51283634,9.144172,-0.66779846,1.3554364,-2.0081048,0.65669113,0.18257314,0.42912525,0.59781873
0.46772933,4219.16,60.589966,9.903607,4.1041293,-5.73151,-6.114577,0.4567417,0.34320825,0.24997386,1.0793548
0.49653265,4304.1523,0.011001662,10.437949,-4.509709,-11.772721,-7.374109,5.427443,2.2630506,0.44358885,0.195176
0.5875238,2348.712,0.04281248,10.15493,-3.1509256,-5.937012,-6.53377,-14.932491,0.5345027,0.2075913,2.156316
0.54333055,4943.37,0.19098902,9.924196,-1.6555394,7.443403,-2.7007318,-3.0406082,2.1681526,0.0065822443,0.47277293
0.45797384,3518.9348,0.2003889,9.498552,-1.6074953,5.4685307,-5.1305823,6.259138,1.4732616,1.2781974,1.7399426
0.26001674,5540.7295,3.679947,8.354718,1.3028983,-6.5590153,-11.263366,-0.96578485,0.7719556,0.112924114,0.6118967
0.6521429,3659.8574,0.0013572788,10.467357,-6.6022735,-6.427812,6.417319,-4.416396,0.15672208,1.0541462,0.55646765
0.28902882,6533.164,0.017741498,8.682158,-4.031849,-4.6727934,-4.494023,13.994938,0.038875002,0.67877567,2.0204256
0.48225743,5703.806,0.37575293,9.811948,-0.9788235,-1.1279271,1.0501056,9.347172,2.4404655,1.0896736,0.039531197
0.49352393,4796.839,0.0008823075,10.215038,-7.03297,-15.061131,-10.082367,3.8310332,1.1552857,0.2669656,0.24798526
0.4576675,5095.652,0.014020572,9.64908,-4.2672296,-8.182644,5.694011,7.3661923,0.8187782,0.6381274,1.0181843
0.39697853,5660.619,2.0875084,9.746316,0.7359712,-4.434347,-6.3726482,1.9114425,1.4632003,0.0046055797,1.9995766
0.4245364,4380.8877,0.013867553,9.06315,-4.2782035,0.13835493,-5.231499,4.6005006,0.05038974,1.0179372,1.0053316
0.5144938,2568.3672,0.1747528,9.285183,-1.7443829,1.1493845,1.0866655,8.493335,1.6474292,0.66096926,0.48654643
0.36542794,5991.4463,0.012849545,9.207794,-4.354447,1.9815508,2.3966389,9.00553,0.98111445,0.96692044,0.3002319
0.4259936,3080.5767,0.00015088852,9.113762,-8.798969,0.89415437,0.68349826,6.580783,1.1668853,2.1808748,2.1906903
0.49292547,4215.1665,1.0936553,10.027744,0.08952563,12.591765,2.324078,3.5205028,1.2736983,0.92383415,1.2351462
0.44382557,6050.833,1.6907673,9.248167,0.5251825,8.492705,4.0678782,3.7788808,0.94062454,1.1740569,1.1262896
0.47936696,6830.593,0.113892734,9.588618,-2.1724982,-3.5661337,3.7864614,-1.378342,0.32644442,0.67719585,2.8905451
0.38345185,4811.4136,0.07138959,9.218584,-2.6396031,-8.157873,-2.1648543,-8.127627,1.8027154,0.5462499,1.1697041
0.3524665,4898.678,0.11691025,8.808895,-2.1463487,3.9937358,3.9780333,-3.865099,0.61321056,3.9818938,0.66225785
0.5019592,4725.841,149.90219,9.659276,5.009983,-6.674835,0.17355213,-3.1892853,0.40596426,2.0485857,0.24262573
0.39917934,6291.7334,47.41075,9.094772,3.858849,13.391138,-6.3816433,-1.4718091,0.105325304,0.11436119,0.7344356
0.41576025,4442.9414,0.006746074,9.212757,-4.9987946,-10.847354,3.143998,2.8938727,0.11222449,1.4458106,0.40872484
0.47167417,3336.6445,2.0626168,9.623456,0.72397554,-5.1909122,-3.472359,-3.790539,1.5402806,0.43282542,1.2351227
0.36537585,5252.354,0.008621562,9.209563,-4.753489,-4.4572673,-4.9961195,-2.3812165,1.0682288,1.0859874,1.7722594
0.6174857,4001.92,0.004931856,10.917458,-5.31204,2.7499485,3.1263878,19.327345,1.4701545,1.1333643,1.9778862
0.4431145,5257.3687,0.007007285,9.770889,-4.960805,-7.415914,-10.836949,-5.852531,0.097050264,1.9705089,0.873878
0.40927163,4492.134,0.0021600872,9.145744,-6.1376066,-3.79483,-4.5495086,9.5333,0.16868557,1.9027536,1.9200773
0.29684561,5286.28,1.2772335,8.973776,0.24469638,1.1537802,-6.9710765,-1.2517321,0.50407124,0.624783,1.0879183
0.51197624,5597.1265,0.0001453919,9.487132,-8.836078,-6.536226,3.5711634,-4.6756277,0.46516642,2.2816453,1.2156713
0.45004505,4832.2124,0.38512877,9.738676,-0.95417756,-2.8180375,-3.68132,4.5514245,0.70795536,1.1804702,1.4895973
0.46766305,3861.6562,0.012279147,9.260424,-4.3998528,3.3373551,4.334374,-5.1963177,0.2293377,0.2629251,0.25684792
0.55725884,3780.5664,1.9005407,10.2591305,0.6421384,1.3375543,-0.07560193,-2.95706,0.05611376,1.3829913,0.01250806
0.47415736,4782.171,0.11583907,9.590524,-2.1555533,-2.0831487,17.960535,-4.1173644,1.0768979,1.3775917,0.83434266
0.4536055,7835.065,0.08904689,9.686373,-2.4185922,0.8709034,9.901573,7.8945875,2.72982,0.5662786,0.7117928
0.5140174,6354.7104,0.095366895,9.66657,-2.3500237,0.41804904,-6.982706,1.889447,0.09774693,0.3176127,1.0873251
0.38310897,6372.356,0.07335692,8.821757,-2.6124184,11.420957,-4.6583695,-1.0765,1.546761,2.1188583,1.2685158
0.30506772,5918.0312,0.0018649872,8.554351,-6.284501,2.342092,3.6296766,-2.1501365,0.058251753,0.02397149,0.7938964
0.4615829,6247.452,0.111891024,9.08124,-2.19023,-8.101502,8.849012,-8.128664,0.38441113,2.9862728,1.6085006
0.40938318,4729.2314,0.09256165,8.920553,-2.3798804,1.8319799,-7.1420875,3.4981022,0.15964995,1.0756803,0.26346904
0.34424242,4632.13,0.19973758,8.454766,-1.6107509,-8.270152,1.7411073,10.222264,1.1900729,1.5363231,0.8932542
0.3501634,4169.946,0.010626743,8.965079,-4.5443816,7.1629124,-4.1940303,-14.03169,2.843168,1.4783176,0.25054017
0.5193542,5073.544,0.0061197802,9.790066,-5.096229,-0.26112708,-2.1942594,-1.7048622,1.6582795,0.20382302,0.101310715
0.5159854,5727.246,7.0865126,9.999645,1.9581933,0.31562653,-3.5332835,-14.333987,0.15581267,0.6673619,3.030322
0.4875284,3289.6902,1.1232988,9.687762,0.11626971,1.214987,-4.778194,-6.2609777,0.06140906,0.8662865,1.9098144
0.45028102,4703.4033,0.3678965,9.5270815,-0.9999536,-5.215123,-5.221794,-2.8315077,0.99115753,2.0320096,1.8797141
0.38728628,5538.586,1.5335255,9.123488,0.42756936,-7.527083,-8.957172,2.9620805,0.6615875,2.4013696,2.3431625
0.4222659,4550.6553,0.028690085,9.429467,-3.5512037,-8.652718,-4.4301267,5.129806,0.007421769,0.70218575,2.7371035
0.28249627,5570.51,0.0017273803,8.5186205,-6.3611493,9.427711,2.4298239,-8.769689,0.2282324,1.4479942,0.34738114
0.4597452,5732.232,0.7300755,9.325215,-0.3146073,-4.4615,5.1681085,9.373889,1.4207845,1.922604,2.835175
0.51023173,6655.9883,1.1178999,9.788837,0.11145182,-3.026241,4.2214932,5.530676,0.15100664,1.4923713,1.3003242
0.3243826,5539.902,0.6391236,8.921517,-0.44765738,8.534097,-5.386709,-10.840533,0.23660988,0.022000657,2.2891893
0.39764,5762.6206,0.19242553,8.83049,-1.648046,-0.3965522,-0.7926528,3.1102107,2.7425206,2.7524014,0.3916522
0.22314642,3129.202,2.382058,8.800234,0.8679648,4.2960134,-3.5288706,3.247729,0.38566115,0.047116008,1.5468535
0.40212548,3245.4624,0.055908497,8.683155,-2.884039,7.891772,-8.084306,11.77274,0.82998914,0.5634121,2.8106132
0.37342885,5092.9893,0.00703073,9.318615,-4.9574647,11.109121,4.823923,-6.3614936,1.4942373,0.88318396,1.3727813
0.23786233,4355.7466,4.162357,7.9577227,1.4260814,-8.080841,4.4948645,-1.9260182,2.5319953,0.47202525,0.8691265
0.6599308,5793.355,0.9954897,10.470321,-0.004520458,4.3254724,-14.615999,3.061725,1.4675819,0.2536828,0.2582685
0.4071132,4846.971,0.10555006,9.233449,-2.24857,-6.25737,-7.4783945,6.148054,0.58047915,0.19094035,0.836656
0.38947502,5563.8506,0.0026782756,8.909548,-5.922582,-5.2499332,-1.7003266,3.9742413,0.7301441,1.9831597,0.5729093
0.4023855,5356.7847,221.05757,9.382105,5.398423,-2.5554912,-2.0375938,9.564541,0.28374773,2.0522106,1.836359
0.22056367,4997.2476,0.11912404,8.1566305,-2.12759,1.8306652,-4.320813,2.7204666,1.2673889,1.0991768,2.8101633
0.45783064,5249.3203,0.08279346,9.327492,-2.4914062,1.5715984,-1.1423248,5.428723,0.049666584,0.34265658,3.3841872
0.2714458,5388.4873,0.9050727,8.354585,-0.09974005,-8.56677,-6.6987863,7.110453,3.7157729,0.9177332,1.3458835
0.46074218,6221.9756,0.0722303,9.251281,-2.6278956,-3.6124094,13.594726,-7.755841,0.20602813,2.2185838,0.22383228
0.4465552,6117.4033,0.13130851,9.673677,-2.0302057,14.971831,9.392451,-1.1261662,1.1756617,2.3960288,0.20085628
0.37786585,3500.7769,2.6912858,9.207359,0.9900191,-4.2499228,7.8569336,3.132554,1.1523441,1.695012,0.36002684
0.3526759,5265.841,3.1027985,9.699784,1.1323044,13.003623,-7.736821,0.6826121,0.35355005,0.57703656,1.5071596
0.5157984,4034.1333,0.040593926,9.993198,-3.2041368,2.260832,-0.9235351,-2.6010365,0.344542,0.17792821,0.19941932
0.42648166,4113.4375,7.6732407,9.422697,2.037739,-7.303056,8.390897,4.63192,0.1746597,2.5652354,0.77059126
0.368903,4089.2722,0.09849826,9.090788,-2.3177164,-4.0499434,-0.8260192,3.7914946,1.26108,2.7714849,0.544556
0.38085312,4621.409,0.017044276,9.295994,-4.071941,-8.256181,8.756778,11.331826,1.0199014,0.25569975,1.9628212
0.3738749,5047.6807,40.42463,9.000627,3.6994393,3.4719892,-6.856768,-4.073334,1.5766863,0.9988845,2.2750044
0.04803264,4926.655,18.918756,7.2119446,2.9401538,-0.73944545,1.8894602,-3.8439028,2.5123272,1.6434594,0.58602107
0.41665956,2764.1243,0.0011922823,8.88022,-6.731886,8.643743,12.894841,2.177148,0.99649143,1.3110131,0.6882584
0.4636403,3565.8462,4.536633,9.713807,1.5121851,1.6501986,-11.148783,12.394723,3.3575654,0.3170636,1.2449081
0.46913344,5692.691,0.2495202,9.884471,-1.3882154,4.530058,-0.97115964,-7.3479934,1.7934077,0.67231107,0.28625372
0.50046057,5115.6055,0.13650844,9.659331,-1.9913689,12.311883,4.1813116,-3.0917475,2.7788317,0.58905786,0.2390627
0.4703062,4702.846,0.020757867,9.42094,-3.87483,-4.9495625,-6.676963,-0.9984502,0.14270064,0.078822695,0.6249423
0.30418473,4056.2312,0.0732802,8.807354,-2.6134648,-3.051354,-10.607259,-4.0014772,0.7318976,0.9615226,0.7689415
0.2679643,4902.4287,0.022325415,8.864073,-3.8020296,3.1585217,-5.94338,0.56435704,0.8068358,2.6354892,0.51427454
0.55963206,4080.8508,2.4688582,9.968247,0.9037558,0.8841937,1.43587,-5.711571,0.05474665,1.7699374,0.7736065
0.33510965,5366.8384,0.005708006,8.622216,-5.1658854,4.157446,2.441873,2.2721996,0.9725534,0.73434514,1.0698954
0.30990067,4461.1436,85.63423,8.580411,4.450085,-6.643277,-7.4942756,8.415249,0.27601972,0.23681612,0.27409366
0.21591263,4442.128,1.3215395,8.27809,0.2787974,5.3823576,-2.2517312,-6.31296,0.3512453,0.35366663,1.5169797
0.43137124,5354.6533,0.0010827715,9.141819,-6.8282313,-4.0401635,8.850631,-0.019174438,0.05278174,1.2534994,1.9566641
0.5181484,6111.345,131.94545,9.886495,4.8823886,4.379476,2.995677,7.298558,0.06305881,1.895928,3.3465712
0.25158983,5545.8774,0.11919953,8.344062,-2.1269565,11.656092,1.9998026,-3.1013665,0.18740773,2.4518237,2.595768
0.34769893,7029.8975,0.03678767,9.199485,-3.3025925,-3.8824387,2.6075857,-6.436514,0.6565795,2.145741,0.0723691
0.5096922,6082.4395,0.18012756,9.429253,-1.71409,-3.4910908,-3.8855493,-1.105586,2.4526696,0.8552502,1.2900515
0.5037731,4064.7937,2.2660294,9.473301,0.8180291,-9.020953,-7.2910333,-1.3256073,1.3013883,0.4685387,0.123102844
0.3532749,4030.7761,1.1108906,9.128894,0.10516203,-0.5960119,4.6672945,-6.5889244,0.24157062,2.62896,2.6240237
0.34497157,5034.3955,0.098805584,8.96756,-2.3146012,2.5107238,0.88817036,3.4639564,0.9035247,0.016398793,0.24441332
0.46913248,4964.837,0.2531047,9.320847,-1.3739522,7.00085,-7.2545795,-14.056415,1.1637013,0.7994583,0.00333532
0.5175252,4909.698,0.009839534,9.850817,-4.621347,4.8957267,4.711615,-2.818634,2.0321116,1.4326648,1.4422445
0.29864994,5711.36,0.13799833,8.840541,-1.9805137,-2.3918388,7.959898,0.40206587,0.23883413,1.9792764,1.0105191
0.46738145,5003.2686,10.631357,9.206438,2.363808,2.429349,-0.82891166,7.4273405,1.4059857,0.85103834,0.6994612
0.26035124,5529.6367,1.274503,8.415323,0.24255624,1.9659712,-6.947462,4.922788,2.046422,1.136356,2.2933235
0.50044847,3907.4148,0.044058815,9.789481,-3.1222298,3.702421,-3.1587448,3.0268345,1.4939266,0.22637777,3.29659
0.4513598,4557.1733,2.3251195,9.086465,0.8437714,-15.281045,3.9930506,-6.9806104,0.55750996,0.20831606,0.94227755
0.31483877,5149.376,0.1448503,9.173611,-1.9320545,-7.934281,-1.2193564,14.069484,0.45601085,0.7234133,1.3125972
0.45579782,4224.876,0.2304646,9.068137,-1.467658,-13.701634,-7.564397,4.020558,1.1556776,1.8050482,1.2437294
0.5457531,3228.2776,0.091321945,9.733493,-2.3933642,0.007817408,6.691263,0.9506285,0.31926283,1.321016,1.8302798
0.36688712,3604.311,0.020326294,8.635124,-3.89584,-0.7706095,-0.012763075,1.830913,0.092408895,0.8187322,1.5809107
0.56217986,3872.8599,1.5815461,10.034116,0.4584029,-12.363342,-4.868073,-0.13572139,0.43943712,0.28765586,0.42729163
0.31734753,5270.758,0.03369426,9.016307,-3.3904278,3.0570385,-11.902667,1.6983792,1.7816792,2.4063506,2.911122
0.49954244,5546.4873,0.27987328,9.538263,-1.2734183,-6.290738,3.105903,-4.5484548,0.02290908,0.7966376,0.5367296
0.42429417,4492.211,2.3134415,9.401473,0.8387363,4.726504,-10.030994,2.262647,0.31847426,1.6408113,0.84996665
0.54560983,5624.7954,0.11528739,10.105244,-2.1603272,0.5059154,-8.70944,-8.944565,2.923161,1.6052805,0.1495676
0.2197923,5211.318,0.39224893,8.536757,-0.9358586,1.5142376,-12.785301,-7.6097775,0.015205563,3.9560888,0.21808527
0.53411925,4559.0146,28.44696,10.031718,3.3480413,5.1572804,9.04256,4.6223397,1.2674266,1.5522089,0.24869435
0.6847588,3338.9214,0.0070481044,10.777252,-4.9549966,2.4990184,8.198779,-1.2791367,0.4876121,0.6811603,1.7532073
0.50676996,2742.7256,1.336441,10.056391,0.29001012,5.3974876,-2.0116265,3.8586926,0.9706708,0.23756137,1.2864332
0.38006875,5510.4644,0.7778001,9.484813,-0.25128573,5.2346396,-1.225344,5.960622,0.5133648,0.9990994,3.1815877
0.44749203,4743.351,0.59814274,9.226965,-0.51392585,1.0279583,-2.6845698,2.5152845,0.11749396,2.2659292,1.3441879
0.3996516,5230.166,1.9966995,9.52337,0.69149554,-2.8562803,7.199332,8.031542,0.10082688,2.5606933,0.71146
0.38942495,5411.5947,0.04243554,9.020586,-3.159769,-1.6913141,6.0028405,10.728223,2.0212133,1.5135734,1.9477674
0.38485205,5942.571,0.07450445,9.094081,-2.5968964,2.0201468,-5.0551972,-0.44092107,0.58614945,1.8748531,3.2242517
0.3817883,4962.1987,0.20578378,9.049699,-1.5809293,0.94718826,0.9470539,4.5819755,0.76576895,2.8416982,1.2334641
0.24483031,4329.753,0.04364487,8.444586,-3.1316695,3.9729106,9.951064,-0.5917942,2.0222094,0.06490962,2.1088216
0.47647503,5980.1763,0.20171608,9.281798,-1.6008941,3.8923476,7.282129,-3.008132,0.25631055,0.536047,1.6367714
0.46569616,5559.471,0.0016528679,10.067442,-6.4052434,2.8532033,-5.4355254,-2.0695844,2.4690907,2.468127,1.1649084
0.36651728,4682.2197,0.012369678,8.924795,-4.392507,4.681516,-9.701558,2.7585762,0.22221118,1.1569756,0.7894801
0.44938755,4584.5303,0.0011954845,9.318497,-6.7292037,6.371679,-3.950142,-1.6803792,0.5535372,1.467112,0.7545944
0.32309523,3809.2122,0.17363328,8.848263,-1.7508098,-1.9307454,0.042111963,-3.711416,3.2866595,0.3292212,0.9809238
0.23202781,4814.5034,0.0050676465,8.253817,-5.2848787,-4.077211,8.672827,0.7596189,2.1753714,0.6532512,1.6317672
0.43906128,5261.246,0.016801862,9.626794,-4.0862656,-5.824109,-7.7909484,1.3366904,1.4889717,0.61706245,0.23229739
0.47626662,3450.7769,0.10718496,9.242372,-2.2331994,13.821847,6.20837,-3.574474,0.2059098,0.8012061,3.2776046
0.38484633,5422.8574,0.0048279124,8.828276,-5.333341,-2.1642287,0.2615551,-8.606557,0.8947315,1.1102546,2.0019276
0.58336645,4808.2983,7.3810167,10.009572,1.9989114,2.2035122,2.2782683,3.3925505,2.0284076,1.5800846,0.70111316
0.19334762,4011.228,1.3089464,8.294579,0.26922256,-0.7480653,8.239456,-4.8791394,1.0354083,0.8908984,2.0007257
0.36357203,5927.6724,0.044289865,9.04922,-3.1169994,2.4359493,-10.733019,-1.1538833,0.77878207,2.420405,0.3881824
0.49175662,4936.5576,23.739294,9.698813,3.1671317,6.585071,0.10765075,-6.0306377,1.2899324,1.1904565,1.223866
0.54746014,4516.41,0.14516105,10.3458605,-1.9299115,5.342088,1.8062414,-1.0216156,2.0753267,0.38443244,2.4951305
0.35448444,4729.488,0.0016731553,9.58295,-6.393044,2.369719,-8.002194,17.862177,0.17957158,1.9379417,1.3710582
0.41956186,4797.5693,0.2524327,9.402538,-1.3766106,2.0574043,-10.978787,0.15236144,1.0576015,1.5526853,0.31888044
0.39749712,6569.009,3.20997,9.558951,1.1662616,8.885728,-0.6583045,2.8409295,3.6031752,0.12081992,3.5625696
0.42017788,5547.7383,4.3431597,8.893872,1.4686021,10.810449,-5.3554935,10.182576,2.6558077,1.6761564,1.7819047
0.45192003,6096.268,60.987747,9.986557,4.110673,-9.169215,-1.3049634,7.4634185,1.5381417,0.78900313,0.41460988
0.20921318,3935.3528,0.0048601455,8.123228,-5.326687,-0.76882714,1.8557659,-6.2890162,4.53158,0.010913021,0.3172728
0.32962736,5035.375,8.626232,8.935846,2.1548078,7.075253,-6.041906,1.7954482,1.9419862,0.7575261,1.6897048
0.41944888,4691.2886,0.028943561,9.767105,-3.5424075,-0.4506456,3.0538876,-7.775021,0.5854019,0.41934577,0.26507577
0.4208939,3824.2563,0.07372365,9.115313,-2.6074317,-12.899384,-4.271473,-9.062074,0.47576407,0.38628015,0.06985737
0.38505384,5091.6064,0.20262106,9.19962,-1.5964178,-2.2582307,-12.756612,-5.2953243,0.23600902,0.557564,0.83653235
0.3621889,5914.9624,2.581342,8.807966,0.9483094,2.2595904,7.078409,0.6961497,1.0161307,1.184124,1.0933362
0.45443282,6086.6064,0.10719015,9.41496,-2.233151,-14.440331,-10.77074,-3.8939111,1.7208843,0.08576487,1.8034489
0.41424397,5807.532,15.168713,8.786063,2.719235,1.358521,-3.3955877,-8.020553,1.3678467,2.739731,2.2347054
0.55550027,6089.1978,0.05285562,10.50296,-2.9401913,-0.8600743,-3.776097,-10.574939,2.7700458,1.888495,1.4168192
0.28508827,4666.539,0.13177797,8.3081045,-2.0266368,5.190718,-5.7667384,1.7286066,0.48646778,0.32350007,0.5958097
0.3851077,5627.454,0.14001483,9.188556,-1.966007,9.270678,4.5946646,11.545345,1.2578883,2.085705,1.9871037
0.51267785,2917.9414,0.08600636,9.28385,-2.453334,-5.9267178,-11.461138,-6.5536866,0.86346626,0.41021547,0.41840205
0.3212277,5217.935,0.40040535,8.96278,-0.91527784,8.558973,-2.7704577,-2.0379736,0.7476287,0.8177724,1.1564828
0.5574199,4498.007,0.005943816,9.871481,-5.125404,3.18896,3.7830923,-4.932312,0.42753503,0.41417357,0.77726436
0.38775828,5130.564,0.006137478,9.087608,-5.0933414,-6.1921644,7.1227555,0.38608915,1.5567106,0.8725423,0.86058277
0.3076884,5217.6987,0.16319256,8.659482,-1.8128245,-1.0532725,4.2566547,0.15477723,0.87073064,1.4989725,2.9155612
0.3108782,5889.0015,0.37285823,8.953544,-0.986557,8.819733,-2.2840009,8.190318,3.5186894,0.14569171,0.5592605
0.3967563,4780.4663,0.8610265,9.585386,-0.14962995,1.1443979,-6.025307,-7.0613737,0.45598122,1.3655641,3.9147286
0.40021142,5353.198,0.0039645364,9.4893675,-5.5303664,5.711017,-11.343556,-2.7407644,0.060472183,0.17299281,0.18945561
0.27367774,5444.2393,0.0030974965,8.804434,-5.777161,-10.4216385,2.9494135,2.7683144,0.18613797,0.054251492,0.26491347
0.24219786,5279.0195,0.0004223047,8.714931,-7.7697835,-4.0228553,9.255635,-1.9258238,1.2978115,0.9469599,2.6507354
0.18284626,5482.5557,81.673805,8.1737,4.4027333,-4.8491225,-8.112454,19.492168,1.8668523,0.75692075,1.3864635
0.2817093,5281.1855,4.89711,8.378669,1.5886452,-12.190927,-1.8920124,4.6316104,1.811801,1.0639242,2.427481
0.35169753,5611.74,1.5390095,8.823378,0.43113902,-3.1087558,-3.0175362,-13.46392,1.6235788,2.1606376,1.4641352
0.3363641,4106.3794,0.01322959,9.101455,-4.3252993,5.500953,-0.3108806,-2.6658545,0.519997,0.13198231,0.1818229
0.5234088,8290.768,0.0072681466,9.91282,-4.924254,12.744497,3.522933,2.872448,0.0610937,2.3832436,0.6274332
0.33119586,4519.31,0.00055836956,8.55362,-7.4904895,4.1277785,-7.9495726,-0.7119882,0.5583145,0.4661257,0.6778183
0.2909639,4922.8657,0.25648755,8.33608,-1.3606752,1.072974,6.8123226,5.701396,2.5821848,0.63936955,0.017585082
0.48094213,4828.163,0.5887714,9.348181,-0.52971727,-2.4387267,2.8443193,2.1658254,0.96174467,0.30186915,0.39886615
0.20244703,3797.733,0.02786928,8.566184,-3.5802302,3.333492,-9.131004,3.6425204,0.21600606,0.14109151,0.8790957
0.28616855,5877.9834,0.091230586,8.658968,-2.394365,9.361738,-1.5853022,1.4174087,0.10703776,0.94991755,0.020815894
0.35716903,3727.8003,0.0014192364,8.849393,-6.5576363,-4.1952205,1.5980502,-7.504777,0.35969353,1.0921589,0.62429047
0.3300187,4606.993,0.29186955,8.907378,-1.2314483,-3.7357955,-2.063502,9.971893,0.5191382,0.08439335,1.0707562
0.44910932,5455.4453,0.021698223,9.614795,-3.830525,-3.710717,3.5444877,-5.5964346,1.0156095,0.37506503,1.3505712
0.4729432,5679.13,0.28573576,9.79394,-1.2526878,-1.6961875,13.53442,8.973166,0.97172177,0.5438837,1.1021415
0.38612017,5711.108,1.7517134,8.603149,0.5605944,-2.1249259,-16.08541,14.287765,2.2395272,0.74405044,3.834292
0.30372965,5519.1797,0.014021896,9.483737,-4.267135,2.6582391,-5.835711,-2.2773948,0.20455863,0.58437294,1.445597
0.5000391,6451.805,6.2514715,9.671693,1.8328168,1.6427577,10.446643,-7.6831093,1.8750259,0.6284058,3.176991
0.32413653,3564.1492,0.1009502,8.4611845,-2.293128,-6.8320527,3.3537102,6.6116304,2.776937,1.401969,1.4442295
0.38949025,5441.105,0.0014666036,9.439309,-6.524806,-0.09953765,4.3476534,7.3476043,3.003413,1.5693892,0.1549763
0.3881136,6306.2236,0.7901729,9.716423,-0.23550355,-0.11171678,2.402885,-5.924023,0.18408547,1.9253327,1.8624269
0.40297762,3463.9673,0.71908355,9.463306,-0.32977775,1.3359222,-0.5792129,-10.9447775,0.52709234,1.6843616,0.16836423
0.49979237,4874.882,0.005826499,9.213602,-5.145339,-0.27867565,-0.119153224,-3.9607894,2.893263,1.0103891,0.881887
0.33176073,6725.923,0.01903471,9.350161,-3.961491,-7.1793613,7.140903,4.9819975,2.6138203,1.4014933,0.09779364
0.41982898,4749.538,0.0017211062,9.322503,-6.364788,5.76839,1.9147738,7.8692427,2.602581,0.02955429,2.0141075
0.3857164,5094.6377,0.04150536,8.982075,-3.1819327,-0.9509036,2.0118644,-9.433516,0.3478579,4.2877164,0.5140585
0.42502487,4214.627,0.0007630646,8.978215,-7.178168,1.3767599,2.1915312,-3.1294916,0.5000154,0.47302684,0.61464745
0.5252309,4697.961,0.006460541,9.367077,-5.0420423,9.724473,-3.1144493,-0.27416176,1.4242188,0.541755,0.3840274
0.60893804,5996.1353,0.005744346,10.229408,-5.159539,-12.488767,2.57302,6.2361717,0.6239808,0.45067576,1.6601217
0.46593168,4438.832,3.043529,9.14872,1.1130177,8.092546,-2.4026804,-0.21304923,1.1556404,1.1295562,0.78148013
0.47297844,4920.9507,0.0045667165,9.973321,-5.388961,3.1625917,9.112354,10.464648,0.28228128,0.21431872,0.85674375
0.44363466,4100.626,0.016333653,9.406004,-4.1145277,5.5852804,6.9566407,4.928883,1.6376832,1.093577,0.75154126
0.3615165,3907.0093,0.033558864,9.035044,-3.3944542,4.2345767,-4.006932,1.2043109,1.9506973,1.5287141,1.2437062
0.46963584,5305.9756,0.36519653,9.301872,-1.0073197,3.3043947,-3.7515984,-7.137847,3.7295473,1.0437751,1.7552459
0.2787309,7115.8486,6.7361927,8.316827,1.9074949,0.44118804,6.625836,4.6206417,0.18013047,0.437634,0.8912444
0.3234567,4382.6343,61.359135,8.832571,4.116744,1.1616253,-2.1487715,-4.05502,0.10208275,0.43083754,0.548713
0.53568137,5917.673,0.0011201774,9.236622,-6.794268,5.3088365,-3.2562025,1.4663323,1.1962394,2.6510248,1.6411762
0.4233902,6686.843,2.1356995,9.311922,0.75879425,-1.2549206,-7.3575244,4.002475,0.60173565,0.39286992,2.6142054
0.39975435,2175.279,0.0003196504,9.38989,-8.048283,-12.965673,1.9952565,1.1337243,1.1460837,0.2923905,2.2767298
0.13259137,5015.368,0.017661404,7.6784134,-4.0363736,-2.4609306,-4.5977383,-8.079731,2.6711273,1.2025733,1.3370086
0.50443476,5766.073,0.07555302,9.883579,-2.5829206,8.271106,15.174045,-2.638629,1.4316962,1.4332272,0.9577896
0.47680542,5985.8125,0.017445449,9.58799,-4.0486765,7.024082,9.207535,-11.084309,2.1161754,0.21417949,0.35729066
0.23549867,5046.9,6.2782855,8.673153,1.8370969,9.408473,-1.0473975,1.597049,1.1048828,0.36468902,2.8264437
0.42358315,5502.136,1.041141,9.501341,0.040317252,15.616917,-2.4110062,-1.0600772,0.53443676,0.32958418,2.2896152
0.35318226,4382.0,0.0032236937,9.173796,-5.7372274,-0.67221105,7.8384657,1.6714469,0.6550853,0.7489711,0.80697155
0.5563524,5225.5376,0.23295124,9.178546,-1.4569261,-6.2793455,1.0803456,-1.2254813,1.9749331,1.0475527,0.00785722
0.3997159,4136.873,4.845873,8.724176,1.5781274,0.9620027,1.8228323,8.208572,0.8297708,1.7960968,0.28889775
0.33833095,5683.165,0.024334293,8.8639765,-3.7158687,-0.07416572,-6.3277855,-7.02492,2.830786,0.8667213,0.4091524
0.34642494,4539.1333,0.013340607,9.220558,-4.3169427,1.9892263,6.176719,5.2236466,1.6499557,0.06503479,0.5647225
0.46816865,5848.293,0.14272183,9.64703,-1.9468578,0.32605445,1.5763155,-3.3121772,2.1432602,2.55255,1.0828538
0.55294704,4847.1104,0.081128426,9.8806715,-2.5117218,1.4069724,-5.1336503,0.045905795,0.37775037,0.9867108,1.2865806
0.4690599,5291.762,0.003237115,9.316751,-5.7330728,3.903469,-5.4279466,0.5649585,1.4276408,1.4199843,1.247286
0.43315318,6244.137,0.444083,9.056712,-0.8117438,0.990706,-1.8289887,-3.446875,0.19358677,1.0217787,0.9110491
0.41449708,4975.921,0.45711577,9.140298,-0.7828186,6.543924,7.326735,4.459192,0.45697626,0.55782336,1.4508818
0.40390667,6120.1987,0.31789777,9.387833,-1.1460254,5.8107395,9.709742,1.2207009,0.46142617,2.0540137,1.5632175
0.47241002,4390.7324,0.016501423,9.65401,-4.1043086,2.6615005,3.0844066,3.2944283,1.3613253,2.284268,0.52990663
0.3968675,5157.8975,0.014328757,9.137873,-4.2454867,-5.508424,1.152195,7.6119766,0.7273419,0.35710946,0.37210235
0.20338863,5661.7935,0.3198086,8.142859,-1.1400325,-5.0227966,-1.4473697,5.5801206,2.0895298,0.023917472,0.44227186
0.39983797,5427.63,0.015038687,9.154346,-4.1971292,-0.10012221,-3.2896025,-1.1518872,3.2401767,2.4872618,1.1342422
0.46539062,4561.987,0.0547702,9.114077,-2.904609,3.2937238,-3.3806624,-1.4632026,0.9831949,2.247159,1.5251169
0.31693667,5096.758,0.0023900606,8.765508,-6.0364366,-5.2183337,8.501258,-3.9462054,0.06678612,0.5166472,0.009548159
0.23807168,5578.188,0.08393518,8.376614,-2.4777105,0.42995656,2.9782305,-2.871689,3.4587739,0.074480504,1.419004
0.41074723,4414.6494,0.033258703,9.412492,-3.4034388,-5.9553576,0.13556089,-0.37496263,1.2623537,1.282071,1.9637965
0.3076626,4432.001,0.1112372,8.990791,-2.1960905,-3.1776161,-4.490369,-6.0676417,0.27371153,4.0848665,0.59613323
0.32216433,3263.5337,0.066574775,9.023796,-2.7094295,5.0550194,-8.42545,-4.302212,0.41895425,0.304369,2.8731353
0.43581468,3080.1992,0.074338794,9.528449,-2.5991223,6.163799,-10.591588,-7.104083,0.052149132,0.81376994,0.24179064
0.46787667,5410.545,3.0101748,10.356403,1.1019981,-0.17471172,-17.457676,-5.1000853,0.07473182,1.7621448,0.65611607
0.33675492,4014.7727,2.3324182,9.545018,0.8469056,3.4399579,4.39945,-4.08041,2.214465,1.1514541,0.11096713
0.27095783,4261.617,42.748734,8.952611,3.7553396,-8.115537,4.748318,-2.3243823,3.120877,0.3709256,0.46739805
0.498094,6029.1304,0.47701323,9.243923,-0.74021107,-13.207802,-8.5083,0.30352283,0.70652246,0.4515055,1.5637928
0.37855306,5379.173,0.6763628,9.553398,-0.39102566,7.232751,4.771281,2.6238751,1.7317142,1.593255,1.0793132
0.52915424,4313.3735,0.04344827,10.148653,-3.1361842,-8.34411,3.884427,-1.2796758,3.4193087,1.9026718,0.69122523
0.48728266,5101.966,0.14252478,9.52281,-1.9482394,2.5918605,-1.2416762,-6.913491,0.8727769,2.2666025,0.106158145
0.2737345,5213.4883,13.5904665,8.164387,2.6093686,12.859895,-0.08849932,6.157973,0.45035428,1.676679,0.40163618
0.49066615,5512.668,0.02976504,9.830668,-3.5144207,0.28974742,2.2425299,-8.169333,2.0315237,0.120347545,0.23004879
0.40311697,3876.6707,2.5213552,9.200445,0.9247965,0.05135454,13.369909,-0.5351821,1.1369966,0.40545958,1.1333543
0.3812272,6911.9663,0.0099265035,9.402014,-4.612547,-2.2848222,-5.585912,4.975825,1.3909581,1.2359737,1.0624499
0.356268,4779.912,0.027911386,8.537552,-3.5787206,3.9191146,1.3044393,-8.357149,2.492557,1.2695976,0.38955566
0.26657945,4396.995,0.010983343,8.810354,-4.5113754,-5.051974,6.414263,-4.117493,0.16531657,1.7632517,0.55455065
0.2823122,4303.3667,0.8561449,8.945068,-0.1553156,0.3351223,6.691727,8.548365,0.32482606,0.1922461,1.6519455
0.37338245,6710.5415,0.026150778,9.118674,-3.6438763,9.661471,-4.8482804,0.25290188,3.8353446,0.49841318,0.47823435
0.324369,5732.6514,1.2590761,8.743485,0.23037826,-2.5537796,4.3830175,-6.81101,1.7581654,0.7042514,1.531861
0.2733661,4806.579,0.5701622,8.948372,-0.56183445,-11.168633,-2.8274503,-7.1031003,0.4104104,1.3146187,1.5433384
0.31994623,3062.3274,2.030308,8.566922,0.70818746,0.10018765,-3.9038026,7.132406,0.45942655,0.21287115,1.7767564
0.37016746,4057.825,1.0549154,9.283328,0.05346062,0.4715198,-4.049828,1.577969,0.88752365,0.5679428,1.4446872
0.5357443,5218.456,0.00017519892,9.653738,-8.649589,-0.9372804,-5.3509665,5.2569256,0.27804837,2.4390743,0.15859656
0.3693106,5126.829,0.020799883,8.551743,-3.872808,-3.788272,-10.612842,-3.122003,0.091207646,1.2704228,0.009387469
0.374789,4576.1353,0.00489241,8.715113,-5.3200703,-6.620928,14.853435,14.856279,0.6021907,1.1435653,1.8541552
0.24023402,6483.779,0.108448885,8.249676,-2.2214763,-4.2958016,18.922495,-2.4115193,0.1993922,1.141637,0.7743238
0.23659928,5027.4697,0.28694785,8.540242,-1.2484548,2.0031974,7.916211,-4.5860023,1.0768005,0.7652326,2.7964962
0.28883016,4825.2217,0.00052045815,8.068204,-7.560801,-3.1570973,2.5819385,0.8992634,1.8363713,0.65747243,0.12021286
0.45875722,6019.995,3.529872,9.497985,1.2612616,-10.098013,6.4231443,-7.5096607,0.84914446,0.46989906,0.24279898
0.29584697,5075.2705,0.20929316,8.704929,-1.5640193,8.071382,-6.5489,1.4109458,1.7663546,2.9962757,0.21793987
0.53859395,6996.9346,0.02029004,9.010956,-3.8976252,4.851635,4.679503,-12.237324,2.012749,0.15979105,1.2288008
0.43024465,4538.3784,0.5968925,9.134622,-0.51601833,-2.3172894,4.3375654,8.47328,0.36587334,1.5370439,1.8483683
0.22451614,5198.662,23.0803,8.532855,3.1389794,-3.4958298,0.78160083,2.013488,0.5742045,0.56156915,0.82815236
0.42973056,3472.645,0.032775003,8.7660885,-3.4180892,8.845296,-0.8029231,-6.8880873,0.8684419,2.0052788,2.6814637
0.293267,4860.2334,0.006155996,8.171138,-5.0903287,-5.2453313,-6.118746,-1.243475,1.2517036,0.72615504,0.19226551
0.36444297,5158.599,8.426695,8.566059,2.1314046,-0.5931868,3.4901512,-0.61333823,0.6688953,2.0378451,0.36458287
0.3720552,5090.2524,0.004879112,9.303943,-5.322792,1.3954848,-3.6194804,5.569668,2.6720576,0.3950433,1.2271577
0.45601204,2897.0408,0.35205615,9.392801,-1.0439646,-1.8937176,-6.081246,6.6438575,0.11257666,1.1501889,0.75674456
0.57597375,5622.882,0.7270231,10.017575,-0.31879702,-1.436596,-11.187453,-3.2767372,0.22217765,0.097614184,1.5259805
0.39331904,3733.7915,0.00052212883,8.783891,-7.557596,2.5172577,1.0054687,-2.5543566,1.0434077,0.16043974,1.3477596
0.70602834,3527.2832,0.9256921,11.218241,-0.07721365,-1.0349119,8.082225,-2.8461921,3.0729542,1.499122,2.6250687
0.24374327,6295.566,0.0041889204,8.095438,-5.475312,-5.0663896,1.4074128,1.4176484,0.31916404,1.5449514,1.3817244
0.2097031,5116.2656,0.12452971,8.284838,-2.083211,5.805278,2.8684053,3.8996682,0.33313796,1.6022573,0.92220277
0.4308449,5758.96,0.40236455,9.553845,-0.91039675,-2.9543052,1.7668077,3.6411345,0.8129716,2.5024636,0.12365174
0.32385728,6164.706,7.0190625e-05,9.121229,-9.564296,-5.481125,7.652594,8.102298,0.23314981,0.2260255,0.8275018
0.31441554,3341.1335,0.008647203,8.61377,-4.7505193,2.1752982,3.8832335,8.1454315,0.58561033,0.17599371,2.4680634
0.48363,5453.1113,27.188711,9.465881,3.3028018,8.0187025,11.563415,-0.7631875,1.4133292,0.63574106,1.7669151
0.40652564,4923.5684,1.717916,9.3558235,0.54111195,-7.269367,-0.9307964,-6.5854487,0.5938081,0.6141863,1.5101086
0.29605517,5136.0654,0.057000753,8.506964,-2.8646908,2.0480096,3.4688714,1.6992899,0.94664615,3.5459173,1.5906196
0.33668277,2418.233,0.30600393,8.654126,-1.1841574,-7.2404785,-0.39529625,-3.4511812,0.57627314,0.84209436,1.1395892
0.26911733,5944.339,0.030116417,8.406953,-3.5026848,-0.94460416,14.065367,-4.105828,1.447843,3.2710547,4.0152097
0.33452377,5154.3843,0.0352215,9.303633,-3.3460987,4.507706,-0.76505643,7.095271,0.89063007,0.46129745,0.75920755
0.46247208,5924.078,0.5676162,9.748122,-0.5663098,1.88901,-6.328442,-3.7779508,3.2086427,0.4198184,1.0146639
0.28145322,5206.0977,2.3792477,8.673794,0.86678433,-6.0207253,-2.2817168,-9.351322,1.2125326,0.41799384,0.02666478
0.5080922,7814.4023,0.49213403,9.404339,-0.70900416,-0.45735937,-0.011660451,0.49823835,0.37797016,0.05201257,2.5359237
0.23553522,5240.3013,0.15049037,7.9908423,-1.8938562,2.1030035,-8.437351,1.3003513,0.6310178,1.5020238,0.53234327
0.42630315,7124.1885,0.00092272816,9.010395,-6.988176,0.38764322,-1.368685,3.429659,3.1863253,1.1230379,0.63720703
0.3180043,5954.947,8.767379,8.960437,2.171038,-8.86741,-2.2196243,-6.130347,0.3333787,0.534513,0.2725818
0.40401614,5199.5713,0.0049677603,9.444397,-5.304786,-2.446586,-11.172945,-2.0071359,0.52533764,0.5606825,0.42270097
0.33482352,4926.8027,0.014427917,8.991083,-4.2385902,-5.7288814,0.4793703,-5.7502913,0.09427372,0.49891597,0.93662375
0.3587338,4549.5874,13.949972,9.223464,2.6354775,3.979896,8.755525,2.6850326,1.2327839,1.7897495,1.624212
0.4429224,4618.3794,3.345488,9.432416,1.2076126,-0.98681223,9.405532,-5.3231387,0.9702174,0.30485603,0.78948903
0.5459985,4641.0205,0.15287541,9.819929,-1.878132,0.06898662,2.2020104,11.829491,0.39521822,2.2996986,0.79693186
0.21376447,4975.7197,1.7625403,7.659594,0.5667561,-2.409533,-4.2433085,13.441084,0.8033659,1.1145815,0.49609163
0.44008303,3927.355,0.004164424,9.628906,-5.4811773,0.46606714,4.6563525,6.2576737,0.4074411,0.14883474,1.3751918
0.42699918,3637.0007,0.02173896,9.479161,-3.8286493,-1.563142,-4.9891896,-3.0204642,1.5358847,1.0703001,0.2568413
0.49995384,4426.5044,0.008616133,9.464578,-4.754119,-5.5604687,7.0598927,-5.9184647,1.1443357,0.8178737,1.6645004
0.4784389,5341.837,0.01147593,9.003888,-4.4675035,1.6784838,11.227777,11.806117,0.4908282,2.8183515,0.2001241
0.44447872,5540.2285,10.240441,9.919924,2.3263447,4.195538,-5.3387556,-8.394533,2.1793792,0.79281896,0.9691717
0.34143677,6435.718,0.0053617256,8.731283,-5.2284694,-5.3846626,7.795806,4.2106543,0.75082767,0.05334304,3.5074053
0.4192553,4094.3188,0.123739645,9.396524,-2.0895755,-2.4476619,-0.62473154,-0.9252224,0.6403219,1.1838934,1.567469
0.42842346,4506.154,0.03505016,9.129747,-3.350975,4.850136,-0.2749048,-5.540065,1.2290772,0.5018253,1.5596427
0.46270853,5902.3096,0.00570882,9.512368,-5.165743,-6.4059753,11.683415,4.6245255,2.9843633,0.048456866,3.7310486
0.35304397,4364.3174,0.004212422,8.731863,-5.4697175,0.5547666,-5.476052,7.1297684,2.331561,2.138884,0.6005452
0.27066976,6104.6826,0.028362129,8.987603,-3.5627005,-1.0124197,-2.2756393,-5.200722,2.3757572,1.75202,1.2635839
0.46584252,4301.04,0.038865454,9.487264,-3.2476494,1.2145039,-10.877392,13.867674,1.8979293,1.0090663,0.4824607
0.24518727,4781.8184,0.101073086,8.069916,-2.2919114,5.1311135,5.8457994,-5.413084,0.41955876,2.018435,1.0400596
0.5521982,4535.7744,0.0026032417,9.330487,-5.950998,-9.33039,9.262765,-8.958779,0.73614347,1.6311582,0.0008288709
0.50017047,5902.0107,4.7859445,9.803577,1.5656834,7.9095197,9.737437,3.7409341,1.5469686,0.88986784,2.8240056
0.4535436,3120.3862,0.00068448565,9.252982,-7.286843,6.255389,-8.913659,-4.876058,2.9935043,0.9079965,0.37185365
0.4547435,5243.947,1.1977898,9.184658,0.18047798,1.2024304,5.578568,3.8439634,1.6051751,0.11631515,0.9039022
0.24389856,2694.984,0.0114457905,8.680413,-4.4701333,-2.167045,-6.8844705,2.358539,2.2328534,0.6704338,0.100757256
0.4733387,4954.741,0.033010818,9.927197,-3.41092,-0.0016059723,-4.8920226,-2.5695188,0.88548505,0.6102786,0.32301378
0.3867426,6183.9595,0.20694004,9.571148,-1.5753262,1.1108721,-2.8861363,-11.463906,0.53951544,1.9690751,1.2759691
0.47272924,5167.522,0.41496354,9.700193,-0.8795646,0.35903984,11.319104,-10.414806,0.75019085,1.2213637,1.7480353
0.102538615,4269.633,1.8507584,7.9967127,0.6155955,6.951826,-10.622248,0.1906067,0.24811839,2.3177419,0.06401325
0.5906582,6060.934,0.001569582,10.535158,-6.456946,8.673947,4.0508294,-4.2067413,1.7824944,0.19784354,2.4586086
0.35799062,6161.904,0.0020799136,8.943312,-6.175429,3.2743058,0.5329078,-1.814598,2.0104892,2.3939452,1.1188202
0.23787348,6400.878,2.2889576,8.3761835,0.82809657,-11.599005,7.476257,-8.807495,0.082307026,0.42245173,1.1422163
0.26227307,4659.757,0.157267,8.198015,-1.8498102,-0.34278563,3.8676486,5.8589664,0.29662246,1.2335602,1.1292338
0.36534953,3500.582,3.6945848,8.649302,1.3068682,0.90013015,11.058547,-12.176328,0.14490004,1.0412468,0.06179239
0.33655176,5885.7593,0.0026497045,9.130559,-5.933307,-6.453417,-0.08666142,-0.3810597,0.9535867,0.28931466,1.9281608
0.3055583,3925.3188,13.270489,8.65373,2.5855427,-4.3120112,2.9164364,0.42952517,1.6756159,1.3362014,2.5278757
0.4953704,3990.5962,88.09884,9.525355,4.4784594,3.0224698,-2.5887089,-6.512547,0.988553,3.5448594,0.30955064
0.3607335,4075.3938,0.101324745,9.197277,-2.2894247,-0.4555631,2.731503,3.6849272,0.122822665,2.47956,1.0962595
0.391116,8778.484,0.07252452,9.767733,-2.6238306,-6.2403874,-4.322451,0.9993637,1.756009,0.69043857,0.6920325
0.4667939,4533.115,0.16842256,9.670307,-1.7812792,-6.6047955,5.778625,3.1923077,1.1837027,0.40768388,2.8391752
0.33773625,7112.372,0.24205993,9.059635,-1.4185699,-1.3762251,1.3343914,-1.0172411,0.884067,0.74038166,0.19468376
0.25847024,3977.9043,0.007820995,8.669346,-4.8509436,-4.5305696,-0.46204174,1.2230585,0.61232513,0.87932986,0.48755658
0.43355128,5456.1245,3.4184532,8.943929,1.2291882,4.4990144,-3.6683261,12.407608,1.9347777,1.9742941,0.35191703
0.19967666,4446.972,0.009589678,8.294334,-4.647068,-5.5531344,-4.7015686,2.1833205,0.10287414,1.1476479,2.5944276
0.51430005,5568.817,0.025928572,9.170585,-3.6524098,10.390615,-2.6242175,7.2541423,1.9509466,0.58055764,1.9609452
0.41660404,5058.0776,0.03684558,8.509158,-3.3010197,2.7902255,1.4571128,1.4275341,3.2870302,0.1744853,0.40204483
0.22460037,5245.213,9.13689,8.483215,2.21232,2.052963,0.99214,4.452422,0.70623904,2.4296052,1.371118
0.5686022,4778.585,0.10163247,10.113087,-2.2863922,-6.810197,1.5598824,5.9033055,0.9257074,0.8575,0.0037700946
0.5205236,6071.97,0.006097561,9.686038,-5.0998664,6.3563395,2.07562,-2.5129657,1.0215054,0.3801426,0.34086463
0.6358227,5046.7705,0.012603079,10.616459,-4.373814,7.3156867,1.1041919,-4.7172484,2.4359179,2.727692,1.7245678
0.25909993,6413.5835,0.91867185,8.720932,-0.08482626,6.036174,-3.741852,5.023704,0.9253263,0.56252086,1.0713594
0.43235406,4243.425,0.016923696,9.382645,-4.0790405,10.827139,-9.037124,-8.670043,0.44322267,1.9431509,0.09079857
0.34692442,4785.5186,0.0050255083,8.650128,-5.2932286,-0.21542451,-11.684423,-12.745397,1.8309675,2.9548383,0.8858687
0.4583353,5662.5283,0.0013921668,9.524155,-6.576894,-14.72111,0.9887377,11.999498,1.8207617,3.198901,0.3300815
0.6248596,5122.509,0.020038359,10.088946,-3.910107,1.588569,11.322506,3.008275,2.0453856,2.0273998,0.87221694
0.3862534,3831.802,0.23269965,9.403333,-1.4580067,-8.945485,6.6509156,-2.7421854,2.379008,0.5084878,0.41494352
0.29900134,6240.587,2.8397374,8.629286,1.0437115,2.4688303,8.082252,4.8045664,1.3448539,1.1352959,0.16826138
0.40748578,4334.326,0.798058,9.552715,-0.22557405,7.8782506,10.49276,-3.3131356,1.3331379,0.53008413,1.0343251
0.5709908,5633.8467,0.0015575992,10.3466625,-6.4646096,-3.3941548,3.7679496,4.4818034,4.0361614,1.3913995,2.0354846
0.3023734,5949.306,0.025573876,8.658522,-3.666184,-2.3587434,-5.0646615,8.491973,0.92129594,1.9264454,0.13425161
0.17558168,6822.514,0.048897374,8.429942,-3.0180316,-13.740687,-8.816869,-4.2200503,1.6344966,1.7398329,1.702735
0.31057608,5640.234,0.002489662,9.62978,-5.9956083,4.9943914,5.9588366,-1.5674342,1.6790353,0.44262996,1.0031451
0.3498956,6323.397,0.009408197,9.044035,-4.666174,10.502153,10.944413,0.36145023,1.6531096,0.9305064,0.95429385
0.47732195,4422.757,0.02871526,9.767556,-3.5503266,-4.598474,3.2764075,3.0225718,0.73778987,0.63779694,0.5011352
0.43866235,5205.1045,0.06709631,9.478758,-2.7016263,2.4999082,-2.352866,-6.90072,1.513499,2.8383534,0.86492056
0.4235535,7369.168,0.01537645,9.320761,-4.174918,1.7309803,3.6102467,-5.2398634,1.2082189,0.49529257,1.9111855
0.50638324,6900.0,0.41445374,9.57503,-0.88079387,-16.851282,-6.0032387,0.8835485,1.0888412,0.5776747,0.32143506
0.34496507,6815.215,3.0774884,8.38991,1.1241138,-3.8135984,-3.0913463,-3.7724655,0.6130457,0.36724216,2.7974253
0.434067,5227.447,0.6768714,9.794398,-0.390274,-12.50065,0.92443764,-8.113851,2.25447,3.5492938,0.46049154
0.23692597,3918.9895,3.531336,8.514311,1.2616763,-0.10243534,-12.012568,13.995944,0.62601554,1.1203846,0.27397016
0.41455564,4966.9854,0.22058079,9.330582,-1.5114913,3.10938,-0.58944666,4.327867,2.0186777,1.1686306,0.83107746
0.3617758,4986.5063,0.011775268,9.089304,-4.441754,0.34646258,-0.036465168,-16.819132,1.9939556,0.28424948,0.052851032
0.188466,3496.9214,0.19776446,8.209235,-1.6206785,-1.5493779,-2.56234,1.4327153,1.2743907,0.6260906,0.18652914
0.58781224,4473.027,0.013675804,10.318116,-4.292127,-4.8367443,-3.83298,0.6726305,0.09015869,0.069939926,0.36342308
0.3702246,4249.894,0.3311535,9.370913,-1.1051732,1.0374278,-7.595546,-7.302394,0.7049597,0.6383963,0.34109807
0.42205685,3914.934,0.88965017,9.7265625,-0.11692698,-0.17687486,4.812536,9.350563,1.1406171,0.02836539,0.8048979
0.46764368,4806.9717,0.00026630904,9.440469,-8.230853,5.9143906,11.008371,2.496768,0.21954194,0.35138974,1.4978789
0.4572924,6802.724,0.0154141905,9.693313,-4.1724668,-0.40476397,-10.332261,-1.1725907,3.8323076,0.8452438,0.87273693
0.3347269,4701.046,0.0018545274,8.690217,-6.2901254,-3.3596761,-0.9965778,-0.03839613,1.1329786,0.012373142,0.71106076
0.3347082,5636.5693,1.7420237,8.681845,0.55504745,-4.8226814,-7.5119014,-4.415837,1.1447697,2.9122293,0.23179933
0.50217646,3314.8782,0.07806974,9.434154,-2.5501528,4.3155365,3.4025185,-4.55551,1.629212,0.16691956,1.0388453
0.38744828,3228.6162,0.033854526,9.062385,-3.3856826,14.109052,-4.0531816,4.8496213,3.9619052,0.86897165,1.1908547
0.14766762,5277.91,0.089839205,7.830813,-2.4097338,-4.5833087,-2.653698,6.132219,2.8903754,0.37795836,0.46430424
0.4015141,4854.382,0.019399218,9.305391,-3.9425225,11.956039,4.1648364,4.1977406,0.35755488,0.21294202,2.540384
0.442434,5062.0186,0.15073964,9.704077,-1.8922012,-3.1659386,-0.7870193,1.0872087,0.9156122,0.5617838,1.3405943
0.24193141,6025.244,0.07901612,8.362769,-2.5381033,1.0598943,-0.6972227,0.82900304,2.402316,0.73409563,0.9721589
0.32032993,2932.0613,0.0076302793,9.054363,-4.875631,-3.4753628,6.2537684,8.3431835,1.4045224,0.5972782,1.5666537
0.3428117,6597.8374,50.594563,9.040056,3.923844,3.568816,-1.3270679,-7.184455,0.57661456,2.9688623,0.8453473
0.4471696,4929.4404,0.0035239714,9.88574,-5.6481667,-1.6540524,-4.490348,-5.815016,1.0298669,0.22548766,1.625718
0.45787767,5062.4604,0.00078521774,9.050865,-7.1495495,7.0779777,11.517168,-5.8994155,1.6600764,1.4485571,0.3353706
0.3597058,4043.8853,2.8516927,9.44743,1.0479127,-10.607131,2.2200973,-7.457447,2.3186238,0.55696607,0.22953045
0.3405679,5705.797,0.01116284,8.927794,-4.495165,-7.403681,-4.237996,6.07236,0.73265725,2.497948,0.05858257
0.26531303,5824.296,0.00021533523,8.108119,-8.443315,0.86168015,-4.247778,3.2142913,0.4434706,1.9725167,2.6065714
0.6314226,4752.719,0.65769756,10.395004,-0.41901013,-0.16767897,-2.074483,-3.9056883,0.94468856,0.7510037,2.9268036
0.4043,4335.313,1.9779031,9.548624,0.68203723,-1.7557967,-12.22708,-10.038247,2.6696424,1.8952676,0.76693237
0.5969603,5741.198,2.7910802,10.544739,1.0264287,-2.9549468,-3.7015045,1.337071,0.11717811,3.948453,0.092090726
0.40525004,4375.7666,2.111262,9.221751,0.7472859,5.631798,0.09248086,-1.955703,0.0023682835,0.27269003,0.7744893
0.4659447,5734.2974,0.02008779,9.349572,-3.907643,2.0475936,-8.847653,13.280433,0.5296509,3.0261307,1.4167995
0.44722855,4707.9614,52.39647,8.799402,3.9588392,-0.49504778,-1.7782179,-2.5847898,0.44583184,0.4346965,1.2881373
0.34103492,5772.913,6.6174545,9.180608,1.8897108,-0.06451042,8.1615095,0.8816781,1.3778849,0.17844573,0.3889741
0.5713581,5280.4043,0.2865354,10.199047,-1.2498932,-5.4993825,-1.6109653,2.6861126,0.20429103,0.9728996,0.83975726
0.42751262,4640.0156,0.09290822,9.1719475,-2.3761432,-10.875872,-2.7167087,-3.8219028,1.5596206,0.712739,1.8650436
0.3344082,5290.832,5.113245,8.653124,1.6318343,2.8729625,0.96724063,-1.5928503,0.7264526,1.6835753,0.8572488
0.30100518,6461.962,15.315291,9.116398,2.7288518,6.873804,7.628829,-0.49524385,0.67587817,2.1822088,1.2205253
0.46229103,4507.3696,76.326706,9.229636,4.335023,0.58965296,1.2303468,9.249229,1.7339435,0.48780537,0.11650487
0.52076054,6621.2383,0.70131505,9.765382,-0.35479805,4.515023,-3.2912383,-2.427433,0.39814064,0.32862112,1.2470592
0.16967133,4142.722,0.038629375,7.7490053,-3.2537422,4.283638,8.780537,5.0492563,0.9282109,1.1801019,1.0467603
0.5058763,3181.4263,0.00052378536,9.396318,-7.5544286,1.3078943,-4.4361663,2.2877884,2.294172,0.4381158,0.12283368
0.26800817,6725.7173,0.0067912918,8.283882,-4.992114,4.550435,-4.7865543,-3.505097,1.0043597,1.4764417,0.2593028
0.3232398,6412.9907,26.627684,9.175851,3.2819514,1.5528011,11.916841,-4.4672885,0.49511626,1.6706462,0.5001909
0.31474438,5174.2764,8.335142,9.12897,2.1204805,3.1780567,0.22357951,3.6549125,0.94817775,1.1075438,0.66420376
0.37188357,3559.0781,0.33290341,9.411669,-1.0999029,4.9835057,10.087259,-0.55916995,0.25158268,0.22100379,0.86870503
0.6162508,4487.9907,0.0013987925,10.947474,-6.572146,7.527553,-12.700854,3.185217,1.9950621,2.280352,1.3140814
0.5217412,5429.3877,0.004732652,9.570103,-5.3532696,-5.200365,3.3592367,6.756695,0.79811925,2.2688904,1.2521373
0.2549656,5638.6987,0.22192137,8.59598,-1.5054321,-10.270662,-2.3029706,-7.2563224,1.8878193,3.0642188,1.9846629
0.30979338,5805.5903,0.011799015,9.028278,-4.439739,5.4979672,6.8976583,8.317942,0.8165851,1.0617571,0.58358693
0.47925386,6856.9336,0.008219415,9.673569,-4.801256,-1.401764,-0.43996826,1.9444765,0.109052345,1.5306698,1.466413
0.52431893,5824.4673,1.7070218,9.56384,0.5347502,-14.484243,6.624454,-6.317331,0.24444127,1.2763859,0.37348548
0.44768724,5456.664,0.34123012,9.458976,-1.0751982,-5.5582814,-3.8505952,4.09898,0.3869643,1.9922321,0.54812926
0.261751,3185.679,0.0057013393,8.761002,-5.167054,8.4352665,-6.0656185,2.6996872,0.093623884,0.7402888,0.7183364
0.22199549,5464.6475,0.2649411,8.0383835,-1.3282478,4.7498264,-5.966,-15.033415,1.7183878,1.6577256,0.4351394
0.25146532,4237.6885,0.0025922037,8.535614,-5.955247,2.9103265,0.67707443,5.827291,2.3478386,0.19012545,1.1859502
0.2119499,5258.1616,0.050735682,8.719523,-2.9811258,0.65430313,15.703124,6.155144,0.77150583,0.31904897,0.96133673
0.27416497,3565.4727,12.449407,8.786605,2.521673,-7.06953,-10.712975,-12.956171,0.07398686,3.0096505,1.4782946
0.5476595,3308.1282,0.96566856,9.847944,-0.03493459,1.9236276,-8.544214,-4.111079,1.570139,2.0883398,0.7384073
0.3642293,5679.736,0.00032198668,9.413816,-8.041,-8.521689,-9.454511,-16.831562,0.17809814,0.1778587,1.0112984
0.23829079,4326.888,0.0017181338,8.672162,-6.3665166,-1.8976604,3.0620823,-4.5635004,2.294603,2.0662959,0.68855524
0.33706632,3488.6946,7.0632644,8.839735,1.9549073,3.925306,-7.8015075,-4.32112,1.5451012,1.6704731,2.4236856
0.46184862,4376.043,0.021838918,9.019009,-3.8240616,-3.8181615,6.470453,-3.852919,0.36255172,0.8526889,0.9387359
0.286207,6563.427,0.029725417,8.440551,-3.5157528,-1.7132978,-2.7559972,-0.49799994,1.0114202,0.14797804,1.2087561
0.5312829,4699.37,0.20292942,10.25061,-1.594897,0.47648716,1.1225178,-10.500946,0.0585875,1.9071307,0.8669215
0.43319884,5323.3584,5.6074066,9.198357,1.7240883,7.9079347,4.658465,-0.6438353,0.18132487,0.8440673,1.5674651
0.57367665,4664.3936,95.599655,9.778061,4.560169,-11.13822,-7.7610984,8.731057,0.2255135,0.27247587,0.12724759
0.5918364,3630.6157,0.10924337,9.980927,-2.2141771,-6.0428734,5.764049,1.1895642,0.49740723,1.6000577,1.1955521
0.2932919,4524.5767,0.20085058,8.4952135,-1.6051941,0.84917927,-7.531641,-3.3083088,0.45890447,0.21153063,0.20789585
0.3489105,5822.424,0.009703763,9.0935755,-4.6352415,15.450242,-3.406706,4.6092305,1.8742702,0.73486996,0.09099525
0.4107126,5745.5186,0.011572126,9.269379,-4.459156,-12.55717,-10.589435,7.3673654,0.45148274,0.9762303,1.200051
0.30887723,4331.8267,0.06510863,8.637464,-2.7316983,-3.951041,10.134644,8.847905,0.6475659,1.0958307,4.142651
0.51688707,6580.3525,0.21765329,9.94313,-1.5248519,-10.319577,-1.7589761,-4.725121,0.5701208,1.0117676,4.122966
0.37531528,4804.538,2.4759953,9.117764,0.90664244,-2.481196,-5.0099425,1.3748418,1.1248738,0.42998493,1.2302351
0.4168547,5871.455,2.738172,9.189463,1.0072906,4.9811954,0.6009029,9.725715,0.8620518,1.5515022,0.06658847
0.26958698,3924.2024,1.3938513,8.298911,0.3320706,0.87917536,9.265654,-4.108699,0.12544699,1.1709597,0.29689327
0.33494616,6528.7344,0.029425295,9.207869,-3.5259006,-5.3894544,0.23001516,-0.9069165,1.2632401,0.42372453,2.4625053
0.46207786,5620.284,0.8472178,9.49608,-0.16579752,10.1673975,3.2082314,-5.023026,0.54450697,0.9363734,1.0703781
0.3032863,4382.7373,0.02977059,8.790742,-3.5142343,-11.856234,-0.7458826,-2.1206923,0.76583964,0.77058256,1.5206332
0.33142138,3577.685,0.08123829,9.0149,-2.5103686,5.3524647,2.6845667,8.498588,0.8862594,0.9901291,0.018057989
0.29115963,5135.409,0.065603636,8.180749,-2.7241242,0.71324396,5.657563,-1.0991275,2.2028556,1.091052,0.4893263
0.33886775,5257.6455,1.502542,8.780116,0.40715832,-4.316257,7.714249,-2.2430038,1.1834346,1.8312967,1.3989983
0.373735,3522.9402,0.07175781,9.294016,-2.6344585,-14.327584,2.9280336,-6.1432114,0.2303513,0.9314702,0.33693376
0.3939016,5457.712,0.2606615,9.317023,-1.3445326,-6.1864176,-5.5339246,-9.700571,0.03214084,0.2958336,0.3036333
0.30625948,5639.895,0.0073072687,9.099808,-4.9188857,3.3171885,-6.25236,-3.4394133,0.44605595,3.5019,1.4551535
0.1663767,6175.839,8.059798,8.553444,2.0868886,2.55786,0.82120234,10.357215,4.8674974,2.2076845,1.1877725
0.4148868,5625.3867,0.030448696,9.495892,-3.491712,-7.129709,0.68030244,-1.0935746,0.9060686,1.7531054,2.9549506
0.5063504,6373.761,0.08554718,9.570396,-2.4586873,1.7751093,0.18513213,-2.131593,1.2696931,2.5309165,1.7646986
0.24636231,4928.259,0.06624645,8.10801,-2.7143734,2.7124794,2.774516,-1.8607401,2.576295,1.2495272,1.4796243
0.5504138,4474.293,0.5926865,10.034984,-0.52308977,6.1188083,-9.322793,-2.715928,1.5413915,0.16557361,0.11779001
0.37793306,3738.8335,39.154663,9.329852,3.6675196,6.745261,-4.3133225,4.097162,1.8840252,0.15322281,1.2917634
0.45885754,5546.54,0.0032090396,9.539912,-5.7417836,-1.2579186,9.80156,0.7380029,0.5941834,1.6511735,1.9012984
0.5261639,5396.7354,0.08661929,10.051984,-2.4462328,4.9307523,-2.3430643,5.388481,0.01679549,3.150823,2.428227
0.2720338,3044.7363,0.63120687,8.303356,-0.46012163,-3.0344617,4.315186,2.4981894,0.07710347,2.9315717,0.8564441
0.41635942,3518.989,0.54481083,9.199353,-0.6073166,-3.109336,-6.309833,-8.810124,0.15057509,3.0697305,1.4434669
0.2439739,5078.734,0.016077517,7.9566107,-4.1303334,0.6548785,-1.3288152,-3.8072224,1.7228949,0.73055714,1.297641
0.5049205,4695.2607,0.01579714,9.855412,-4.1479263,0.06411147,-10.789064,5.3439803,1.5721726,0.68150586,0.5317204
0.38978377,6167.5195,10.395234,9.138551,2.3413475,2.7081273,-2.1627994,1.9457331,0.11612813,3.7233524,1.266519
0.5140279,5589.2725,0.7695038,9.923106,-0.2620094,3.3179195,-3.4939985,-4.2444158,1.100277,0.60921514,1.6837718
0.54601544,6479.4097,0.11905502,9.97126,-2.1281695,-2.1141038,-0.86120284,1.689125,1.9659725,0.68818176,2.5826526
0.4107474,4270.548,77.35221,9.134557,4.348369,2.1792622,2.7041497,3.1219668,0.70329845,2.1966906,0.6050144
0.3268095,4204.9316,1.4581938,8.444313,0.3771985,-2.563283,-6.4231296,-9.134175,0.25191814,0.92116797,0.06615731
0.47505426,4245.708,18.782125,9.855324,2.9329057,-6.2821736,-7.3529325,6.6208673,0.15346205,0.50927687,1.2989945
0.28695565,6127.542,0.15149008,7.752142,-1.8872352,10.255165,2.0985432,-7.703639,0.033805262,0.18799342,0.64819545
0.39664936,5312.3467,0.0012185031,9.10282,-6.710132,5.7113047,-0.08238318,-5.8060293,0.7928798,1.193474,0.64986455
0.3178459,5039.9688,0.18180895,8.732263,-1.7047988,2.056655,-3.5050416,6.8156476,0.075677395,0.58644557,2.4842396
0.3063128,4280.6885,0.7222772,8.560707,-0.32534626,-1.525602,14.605445,-8.04991,2.5193133,0.8587828,2.8269427
0.40062758,5106.492,0.02382712,8.89375,-3.7369308,-3.6290402,3.7546124,-1.0852612,0.052763574,0.36535,0.73300344
0.5203787,5592.4272,0.17509606,9.6153145,-1.7424206,-8.471543,5.228834,-6.1518574,0.006256161,0.3698887,1.6790407
0.31002235,4665.648,0.42738846,9.054496,-0.85006195,3.6845398,3.5731263,-9.981133,0.27293816,0.14210382,0.5705601
0.52601206,7451.146,0.24600583,9.669245,-1.4024,4.4527144,0.3619765,1.3873478,0.3389835,0.5117041,0.47818813
0.3719514,5477.5566,0.26771092,9.578857,-1.3178475,0.79262286,5.000859,7.567468,0.37542805,0.095581785,1.1556482
0.72878253,4016.4575,0.090335086,11.140406,-2.4042294,6.228746,-7.4275355,-1.0666174,1.265151,1.5088811,0.9518143
0.44687656,5710.0156,0.044266164,9.211567,-3.1175346,9.744215,1.2411442,-8.480569,2.3978076,3.0452194,1.0555545
0.37993327,5940.2925,0.009982795,9.033518,-4.606892,4.085584,5.790022,1.2902178,1.1183133,0.0010399825,0.077401936
0.3302895,5969.505,0.09893018,8.792382,-2.313341,-0.28664663,-7.0349565,-4.4139266,0.039475594,0.84617984,1.7619879
0.22395685,4249.954,0.41452545,8.746446,-0.8806209,-5.3218975,1.941869,-9.851928,1.7781851,3.0234554,2.0961368
0.36771375,5670.704,0.5737292,8.98269,-0.5555978,5.2893887,-1.7155838,5.894033,0.14484645,2.0504236,0.45728216
0.4729778,4822.5664,9.16666,9.424092,2.215573,-3.3130748,0.92004913,-9.110142,1.2591277,0.96379286,0.28709027
0.47311965,5719.761,0.06394844,9.590685,-2.7496781,9.216128,2.9934232,-3.5973575,1.5020574,1.0585073,0.7787546
0.43011624,4337.9824,0.061575625,9.145988,-2.7874892,-0.9044538,3.8621902,6.079033,0.0893262,1.0380809,0.11291602
0.404985,6125.5225,1.0171325,9.484595,0.016987456,11.530868,-9.459253,-6.715386,0.91416764,0.50213456,0.20196459
0.38895428,6131.7607,0.10600349,9.290448,-2.2442832,2.061896,1.1257219,-1.9176445,0.47904935,0.33003348,3.5754755
0.39445528,5179.085,0.21168743,9.543714,-1.5526445,10.257322,7.5163217,2.1155984,0.9877506,2.2591805,1.1783648
0.41316837,5430.837,0.086397134,9.025781,-2.4488008,-4.1635027,5.705644,11.441797,2.1804166,1.5114874,0.0978646
0.3906239,4049.5886,0.0076463083,9.400877,-4.8735323,-1.9436424,2.5516233,5.0400987,0.30497617,0.8242822,0.24884886
0.43027034,5399.328,0.008310068,8.98092,-4.7902875,9.073164,2.741289,-3.7451456,0.10059149,0.3130677,0.62581104
0.5091622,4045.6304,0.7270453,10.002049,-0.31876653,-2.5466151,-0.39517587,-9.910965,1.2062895,1.1447791,0.38878426
0.5875242,5529.2754,0.17663014,10.626836,-1.7336973,8.069495,-6.2666636,5.521481,0.98387486,1.2220405,0.69030845
0.4025922,3952.5513,0.6599293,9.208454,-0.41562265,4.6646314,-9.199614,-8.071398,2.244162,2.4603992,0.42411733
0.464157,4501.8237,0.000630803,9.412991,-7.368517,0.6178937,-2.9439046,1.1873426,0.1127405,0.73626965,0.94948506
0.32376158,5666.1514,24.08212,8.6611395,3.1814697,-5.6895647,2.3461268,-1.1899492,0.649996,0.90373427,1.0065279
0.48797017,5154.818,0.69106585,9.6976185,-0.36952016,-2.8831077,-5.2981725,-1.849932,1.2911044,1.3853945,1.0145507
0.36256942,4041.548,0.026491892,8.694054,-3.6309166,-0.13371284,-1.5675085,-5.058565,1.0046508,1.9540936,1.9781235
0.48001495,5503.835,0.8243388,9.631037,-0.19317366,-1.4275553,0.1281814,-9.395679,1.2761593,1.1431282,0.026169421
0.40743113,5219.55,0.0066520497,8.876503,-5.0128303,-1.2281853,2.1300147,-0.17852503,0.841532,1.180138,1.3080938
0.41886288,5995.9897,0.0014650247,8.936003,-6.525883,-1.1485143,13.700138,2.3700156,2.4587908,1.6700957,0.3983461
0.51517904,3596.9019,0.07145529,10.199961,-2.6386833,-1.017272,15.473563,-6.498654,0.06687831,0.7823989,0.70429415
0.448847,6429.68,0.016982125,9.071715,-4.075594,8.131454,5.104027,0.9663379,1.3370848,2.060774,0.9429616
0.31775036,5392.1807,11.27514,9.220033,2.4226003,5.525556,1.0097238,-4.2535343,1.2660961,0.0077655585,1.586956
0.30818415,5313.3853,0.16284189,8.306938,-1.8149756,3.5687368,-0.2173567,9.879688,0.50500613,2.5018654,1.5198616
0.33615717,4355.5557,0.6369697,8.991932,-0.4510332,-9.040709,2.6424775,-1.1012262,0.0030856607,1.1867998,0.15227914
0.4876853,4368.6865,0.09746682,10.0007715,-2.3282433,-0.5393276,-1.9878465,-1.2696157,0.6232439,1.8195505,2.5876398
0.28461373,4944.806,8.689237,8.834524,2.162085,-5.9667444,0.17969899,0.54518646,1.2775853,1.7157698,1.2077298
0.3147543,3775.023,0.00860494,9.138342,-4.755419,-3.89261,0.9268507,7.058406,0.31076777,2.5772033,2.5104706
0.3465313,5361.9443,0.0075549386,9.217588,-4.885554,-0.80595875,3.5953095,6.498913,0.020512195,0.72476095,0.7549884
0.39821646,5068.9043,0.015699578,9.106634,-4.1541214,-8.719895,3.1293492,-6.0802565,1.8421619,0.90195334,3.2840762
0.48285913,4077.3098,5.5264235,9.593015,1.7095408,0.7853385,-8.45885,0.5224328,0.83201253,1.2908847,2.338983
0.35892907,5264.1387,0.007298452,9.182516,-4.920093,3.0146506,2.8999689,-2.8566258,0.5831498,0.6661992,2.0325363
0.35986623,4539.8433,0.09332237,8.8997755,-2.3716955,3.7935133,-0.6320128,3.287495,0.056621052,1.7377619,1.6627029
0.55242765,5730.8076,0.73173296,10.175342,-0.31233957,7.6362414,0.89045626,2.435774,0.37900433,0.91128737,2.2283657
0.40346834,4898.5986,0.027519854,8.755605,-3.5928476,-0.7295863,1.4047979,9.224151,0.04127316,2.5448008,1.1875367
0.45378408,4547.5815,1.118154,9.161961,0.11167916,7.9596953,9.032558,6.9652786,0.6292867,0.16347186,0.2691879
0.33851922,4646.9946,0.61240554,9.107188,-0.49036053,-3.4762154,7.4628434,13.6840725,0.41251218,0.33958313,2.4173903
0.47498673,5162.9854,0.0057331156,9.239574,-5.161496,10.352215,5.299344,-9.52282,0.47788563,2.8188899,1.6430981
0.3729535,4227.5713,0.23857138,9.180164,-1.4330868,12.313827,-0.34640065,3.4535813,0.48274514,1.1610899,0.56179625
0.2922971,6148.956,0.781926,8.371933,-0.24599521,-3.6725392,1.8552035,-6.1637607,0.933904,1.5395912,0.28442404
0.4991123,6655.318,28.996313,9.7945,3.3671687,8.815166,-1.0407447,3.675023,0.29381907,0.38648933,1.0425401
0.18535255,4211.2656,10.223451,8.146439,2.3246841,-5.149597,7.4711475,-3.6270409,1.4579208,0.573565,2.0892022
0.22542521,3866.4949,0.050565228,7.937451,-2.984491,-11.5926,2.981161,-6.790632,1.1428531,2.6556873,2.025855
0.26139653,4217.147,0.006469999,8.202429,-5.0405793,-5.050147,5.7751966,-11.178472,1.4509995,2.8642056,0.40692192
0.43806854,4380.995,0.047950685,9.26008,-3.0375822,4.1736875,-1.6635877,7.591394,0.79399025,2.5937743,1.126519
0.29819474,4873.01,1.2485534,9.089737,0.22198562,-12.888918,9.917344,5.3651977,1.382374,1.0559599,0.37097138
0.39242142,3905.5981,0.073040694,9.539493,-2.6167386,5.10431,-3.4796598,4.1771045,2.4844058,2.0072484,1.7720131
0.5014527,5177.968,0.18361557,10.0929165,-1.694911,-3.0559807,-0.4296213,6.0015426,1.0206312,2.9174576,1.3362434
0.27861923,3283.216,0.0016881591,8.686315,-6.3841166,1.4652092,-12.349086,-7.430086,0.8197444,0.70603424,2.1811078
0.3201904,6509.124,3.6108465,8.455735,1.2839422,-2.4474862,1.4234823,-8.1725235,0.114676535,0.42282015,0.1595445
0.28946084,5562.478,0.28922302,8.676941,-1.2405572,1.4338609,-0.5684027,-4.7497177,1.8435073,1.1313261,1.6190367
0.49524438,3391.9692,0.20151715,9.571736,-1.6018808,-8.866383,-8.016826,-8.544877,0.9891684,3.405259,2.2528553
0.49342826,2787.875,1.2295176,9.620867,0.20662184,0.42112595,-2.7203226,0.24952114,0.54616594,1.8698424,1.615875
0.5885887,5582.647,0.080218606,10.359049,-2.5229998,4.7287264,-2.0251765,-7.429831,0.15322912,0.9692404,0.5795129
0.40786356,4181.791,0.33122426,9.5080595,-1.1049596,-7.497625,-6.0370116,-6.2315106,0.085744664,1.0990648,0.08578058
0.44887567,4774.4346,0.00033547,9.515975,-7.999978,4.8967566,4.865608,10.017267,2.376864,0.4865235,0.6793875
0.44119886,6137.782,0.0014864991,9.769383,-6.5113316,-2.9468977,-4.101723,2.6446369,2.449598,2.6613612,0.0614057
0.3148656,6056.0435,0.18862173,8.40555,-1.6680117,-8.137947,-2.04239,0.8094876,3.0583274,1.368827,0.3604365
0.29024372,5024.075,0.0013576846,8.73263,-6.6019745,2.139542,2.1093304,-4.333339,0.93655676,0.552321,0.94307697
0.4471612,3678.3672,0.0872365,9.326506,-2.4391325,5.4572554,0.14507471,-5.030172,1.1877964,0.9963621,1.2874439
0.29980135,3674.44,5.845762,8.795997,1.7657169,3.4639966,3.886384,1.0573813,0.047504358,1.5624074,0.13666545
0.4696203,4773.559,21.308876,9.529293,3.0591238,6.7928042,6.002122,-9.976622,0.45805112,2.4415953,1.4229984
0.5363047,6383.329,0.24906206,9.756295,-1.3900532,9.767676,6.712494,-1.437074,0.05217896,0.6179811,0.67836463
0.5392153,5715.86,0.042832807,9.835812,-3.150451,-5.2093706,3.4516115,1.8673623,0.6962241,1.0320163,2.0339909
0.5727271,5506.517,2.2577379,9.768733,0.81436336,7.0858073,0.9027104,4.1397057,1.731502,1.2294551,3.1108692
0.42456198,4251.2197,0.00031989987,9.17883,-8.0475025,13.790714,0.04340287,-9.523927,0.19634727,1.708492,0.17142923
0.3713861,6014.964,0.44557172,9.219101,-0.80839705,-4.5212903,3.4492655,-3.6143157,1.0832746,1.142824,0.7641084
0.42967546,3229.2876,2.4288347,9.290861,0.8874116,-1.8647587,1.4063808,-9.816347,2.5879388,1.0967013,1.5902381
0.4256945,5573.668,3.4411104,9.295118,1.2357942,2.6336105,-9.570514,-13.369062,1.1732918,2.2467844,1.2349641
0.6109507,4721.864,1.8216062,10.6296625,0.59971863,-2.9831138,7.3657966,-2.8629565,0.70639384,2.732177,2.0074713
0.20997082,5105.873,0.01752397,8.198226,-4.0441856,-12.985427,-7.3827624,-3.4585602,0.55899453,0.020671552,1.8251128
0.4282008,3482.2134,0.06572514,9.734963,-2.7222738,0.594094,-5.790863,-9.611305,1.5082185,0.288151,2.1001682
0.3977333,4653.096,3.9512596,9.283536,1.3740344,3.2310152,-0.72748584,-3.401134,1.6057959,1.3251028,2.0467653
0.22943033,4701.8315,0.056172013,8.355994,-2.8793366,-6.634547,-11.911838,-12.923282,1.1494118,0.2058071,0.20196503
0.40031734,6299.257,1.8859651,8.825914,0.6344397,5.7912817,1.5958306,-5.817797,2.4369717,0.9823335,0.67039376
0.47629017,4194.1914,0.54524773,9.701044,-0.606515,-2.8504884,-1.0526025,-2.4064415,1.2241883,1.0874708,0.94249874
0.4845639,5368.845,0.45603198,9.634267,-0.7851923,-6.8888187,3.6346295,6.28727,1.7224121,0.47013068,1.8037983
0.5050846,5435.5083,0.0005077905,9.584456,-7.5854416,8.692202,-1.5694824,0.36783034,2.6971467,2.1339006,0.11126825
0.33109027,5749.034,0.010565963,9.2984295,-4.5501175,-2.5690806,-5.741922,-3.4465978,0.7496168,1.4658911,2.2539685
0.37296423,6359.9736,0.18900663,9.050945,-1.6659732,-2.169587,-8.024151,0.76995414,1.100056,0.37176934,0.48943388
0.2767041,5815.286,0.04980795,8.585104,-2.9995806,2.2885923,-16.957151,9.182513,1.7517395,1.5960284,0.045564875
0.35904944,2935.318,0.027199043,9.285888,-3.6045735,-9.031749,-1.3227727,3.1439857,2.9525034,0.50223154,1.4920475
0.27476424,6935.95,0.018799579,9.088506,-3.9739208,7.0290365,14.97793,-3.676086,2.1731734,1.0788647,1.5234435
0.22901236,5133.1973,0.6599531,7.962841,-0.4155865,-2.629113,-14.543824,3.9165764,1.1347524,2.9243276,0.100594856
0.37549293,6279.703,0.008184967,9.301425,-4.805456,1.810309,1.3843576,14.3423195,0.29887363,1.1915947,1.5812331
0.4184325,5810.1924,0.9732246,9.040455,-0.027140418,8.432618,-5.6019163,3.668191,0.85247236,0.13344024,1.0336341
0.43791756,6960.7954,0.00034525208,9.138005,-7.9712358,-1.0704662,10.979855,1.7660043,0.7948393,1.0570108,1.8461992
0.47104594,5404.5396,0.034584034,9.580903,-3.3643632,6.2973843,2.9243484,0.83029914,0.91855896,1.0933187,0.9872373
0.37437677,5129.8057,1.670757,9.1433525,0.5132768,4.3221245,-10.0721035,-8.268253,2.5458276,1.0195538,1.7733912
0.34411162,4327.598,0.014423955,8.804963,-4.238865,-7.7824626,4.062447,-2.38538,1.5409881,0.9232,1.8224909
0.35788327,5167.3096,0.05435472,8.859312,-2.9122238,3.1337829,4.0072308,6.4572406,1.8695469,0.43991557,0.022328122
0.47129023,4685.74,0.022810027,9.330597,-3.780555,6.384771,-5.9056554,8.671216,0.79946035,0.022170555,0.77252257
0.37032083,6735.686,0.026095316,9.112663,-3.6459994,2.8155906,-9.695368,-4.774478,1.3898864,2.4829652,0.7469056
0.4299891,4358.023,0.08724717,9.363067,-2.4390101,-5.0486293,-4.6055474,7.332274,0.05426472,0.6463422,3.7673693
0.460036,5347.336,0.012550874,9.866331,-4.377965,-6.8728657,-6.794895,0.13691843,2.2121048,0.32337576,0.6458471
0.4454462,5693.0806,0.07611646,9.395191,-2.5754907,-0.1466036,6.358043,9.920937,0.7480553,1.5326407,2.290495
0.36393547,6325.3564,0.0054198964,9.080229,-5.2176785,-4.9858236,1.0408074,7.308921,2.5158834,0.15528813,2.147292
0.29676077,3357.3855,0.46180126,8.480608,-0.7726207,-6.45767,-1.5891346,11.102609,1.1672322,0.3480619,2.726163
0.3678654,5625.8115,0.03572674,8.998304,-3.3318558,-5.9945583,6.5080986,-2.2305825,0.08423174,1.4648622,1.8472971
0.5700995,5560.321,6.587921,10.225424,1.8852378,-3.3762524,-2.323795,-7.9111767,1.8904703,0.44478375,3.453691
0.2848253,4157.1904,1.0932156,8.429697,0.08912343,-1.8616657,4.3290157,-7.4024296,0.33518746,0.3640248,0.27345994
0.3825149,4271.982,9.183484e-05,9.245558,-9.295519,2.2715468,-1.1006701,1.8254666,0.3535966,1.5802644,0.025535319
0.3465548,7369.0337,0.013094023,9.35152,-4.3355994,4.93533,0.06658759,-3.7126017,2.0644476,0.91147363,1.1922185
0.1519531,5683.892,0.007663618,8.041037,-4.871271,1.2941867,6.04356,11.48306,1.5911304,0.96753263,1.734298
0.59278697,4165.9106,0.048794203,10.493709,-3.0201437,5.4394464,2.0153337,6.808379,1.4840147,1.2987047,1.5879364
0.31919318,4662.0107,0.001986687,8.74851,-6.221287,5.455409,4.0934186,3.5670097,1.3167728,2.1482596,0.57722604
0.44471157,3979.4512,0.45570424,9.09576,-0.78591126,12.8754835,-1.5754422,-0.35016304,0.8398236,1.1196245,0.3260554
0.49191058,6016.6514,0.006408501,9.923557,-5.05013,-12.168259,-3.095192,5.914848,1.7325644,2.4345324,1.1168032
0.47360066,5064.5537,0.06419479,9.512946,-2.7458332,-2.9673402,-1.6557472,-2.3547559,0.30988628,3.0237148,2.696393
0.44034234,5888.6143,0.061579794,9.435273,-2.7874215,3.4488027,6.3063297,9.058657,2.0625951,0.35364935,0.18281583
0.5366743,4696.872,0.009258786,9.657562,-4.6821823,1.0825943,4.5684977,0.58183473,0.7978683,1.7560627,0.026962224
0.30483103,5335.8506,0.50928575,9.030707,-0.674746,-10.715905,6.4676,0.5962452,1.1393156,0.15344493,3.4334986
0.40715894,6898.2666,0.2541577,9.030706,-1.3698003,-2.8822966,0.9821757,5.040101,2.9675307,1.4558,0.9238011
0.3664579,4158.726,0.042159338,9.168576,-3.166299,-5.3960385,0.32884654,-2.9075243,1.6317838,0.4345967,1.512811
0.35605386,5939.0215,0.055161435,8.7417345,-2.8974912,4.862099,-6.4092445,-8.897999,1.0171789,1.4659114,0.18565018
0.31689915,5732.878,0.00026279385,8.901051,-8.244141,3.4064393,-10.127389,0.40316555,1.536628,2.8673546,1.2372313
0.35850558,4947.8716,0.19779271,8.848044,-1.6205357,12.24312,4.841734,-0.15843864,0.44060928,0.01616772,0.2426155
0.22972114,5500.8145,0.0012451088,8.906685,-6.6885324,-7.4936657,-2.1763468,4.3135605,0.99534994,0.02413399,0.19138747
0.2330951,4684.163,2.2792187,8.540398,0.82383275,1.5996032,-0.27180168,-7.369487,3.2981265,1.8839699,0.3289563
0.48542804,4525.9277,0.012530907,9.635432,-4.379557,-7.3096185,7.258225,3.9885259,2.1900811,1.0431393,0.83234364
0.36453792,5165.233,7.0281096,8.465207,1.9499178,-0.72958094,-0.524183,4.946529,1.1624405,1.5369442,1.6983582
0.38392523,5797.7065,0.011687772,8.887744,-4.449212,1.0229391,-3.8075507,-8.50735,0.053511,2.0196505,0.86282647
0.5357654,5039.042,7.0676904,10.3331785,1.9555337,1.404328,-9.442542,-18.290087,1.3856667,1.3795077,2.486313
0.22577891,4390.2847,7.7707996,8.148217,2.050373,7.3459306,-7.9838147,-3.2239323,0.674256,1.906356,0.98719895
0.425467,3883.427,0.0011093174,9.464127,-6.8040104,0.39690173,0.19800441,-8.441492,0.14305565,0.87778974,1.5693586
0.32902008,4512.3203,0.04289811,9.061395,-3.1489275,-0.014376671,-2.5744913,-4.953023,1.2227184,0.09010122,0.5221561
0.34159935,3528.8608,0.4324742,9.115145,-0.8382326,0.82148826,5.0164022,-0.41322628,1.8070112,1.9460944,0.4401205
0.52282095,6679.8633,0.00015422063,10.135171,-8.777126,12.101309,5.160617,7.9859076,0.02506507,0.51538867,2.3361971
0.54950225,4763.815,0.039493814,9.972077,-3.2316113,-0.9336145,3.1199245,-0.8832739,0.44781238,0.83505136,2.2198257
0.29422313,5439.112,0.050865956,8.878887,-2.9785614,7.742009,-10.562303,5.803812,2.6329312,2.5288868,0.121234745
0.48412716,7208.6846,0.22808821,9.590573,-1.4780228,-5.923714,0.30346715,-7.955964,0.7793552,0.6392861,2.9708638
0.40553868,6470.8276,1.6088793,9.373912,0.47553787,-0.4222951,-6.899768,4.0198555,0.6025219,2.0493958,0.37826094
0.46460617,5034.0854,0.08213265,9.646533,-2.4994197,4.468475,3.882705,-8.548045,2.41348,0.51198536,1.483166
0.40572405,5210.4067,1.116185,9.176872,0.109916575,2.1617038,-0.22588228,-6.1659346,0.9138781,0.8216949,2.323844
0.51706564,5440.4854,0.67038035,9.502722,-0.39991,-2.8909519,1.033426,2.2879386,2.34329,0.7965381,1.989772
0.39342633,3232.8174,0.015954182,9.146785,-4.1380343,0.2640478,1.7362647,2.4606023,0.7284942,1.0855687,0.49231532
0.24924132,3851.6711,37.229153,8.642971,3.6170921,14.309483,-1.7587572,-7.409976,0.8164068,0.6350228,2.1451344
0.48777512,4740.172,183.36676,9.931181,5.2114882,7.5428634,2.3066714,3.2945218,0.3107396,1.014078,0.12236462
0.35206607,2865.0513,4.7394075,8.679292,1.5559121,-8.530123,-0.35814267,-0.8208575,0.957486,1.9438374,0.62010735
0.2912861,3142.4185,0.0046713273,8.6479225,-5.366312,12.306808,-2.3207166,-6.3259945,1.149831,1.7704726,0.43070745
0.30897266,5696.9326,1.9543917,8.549182,0.670079,8.009685,1.2233825,-7.3353825,1.6409205,0.45293823,0.03689772
0.38643107,4227.105,0.6119384,9.160258,-0.4911236,-1.1224366,1.4248912,0.32151368,7.720589e-05,3.0543077,0.9142853
0.21358833,4790.1133,3.914428,8.351942,1.3646692,-8.455446,17.1702,3.2360842,2.5338774,1.9010953,1.8516532
0.54234946,5056.052,0.0050686663,10.22663,-5.2846775,0.1704994,-7.8203006,-8.007652,1.0200466,0.10852699,0.9040092
0.52964395,4173.348,0.007604893,9.562696,-4.8789635,6.83154,-4.2693896,-3.3641903,0.93290335,0.73785865,1.2742261
0.3594074,4925.511,0.055771504,8.990845,-2.8864923,6.3373313,0.9525421,4.7366114,2.347405,0.32357833,1.101945
0.5530927,4386.6943,0.051115945,9.755969,-2.9736588,1.6063032,5.319731,13.829111,1.753135,0.7555287,1.3666707
0.43745244,5305.9463,0.013340207,9.361383,-4.3169727,5.903733,7.2410965,0.042111963,1.3650776,1.438221,0.5947021
0.27935147,5412.204,0.15403816,8.720969,-1.8705549,1.6338936,2.508458,-0.9810319,0.16693625,1.5456647,1.4453093
0.32999334,5371.05,9.329779e-06,8.807743,-11.582299,-0.8029141,-6.2904706,0.08619253,2.3787773,0.7977121,1.2358966
0.3976579,5085.88,0.14505643,8.848228,-1.9306325,11.330344,3.013426,5.316839,2.171102,2.0571682,1.2679336
0.42741722,3931.183,0.002483165,8.9670315,-5.9982214,0.4427503,4.339435,0.0023975286,1.876141,1.9672909,0.119049855
0.42012167,3596.0945,0.9145767,9.323171,-0.08929391,8.295017,-4.0624146,-11.490281,2.4153292,0.2586711,0.026785146
0.49329922,5352.176,98.95206,9.654313,4.5946355,-2.5859346,6.533272,-0.07330866,1.5957818,0.532476,0.73116684
0.37550345,4571.1064,0.07084826,9.350372,-2.647215,1.1981099,-2.0770335,13.328878,1.4952444,1.2035909,1.6933173
0.52466375,7094.712,5.8321667,9.938034,1.7633886,6.7002497,8.508112,1.5133733,0.49054492,1.4949923,0.5233494
0.32068104,5395.4014,0.09157346,9.229663,-2.3906138,0.033202965,11.204768,-3.0243335,1.0467767,0.045448728,0.91849464
0.59664184,5810.1367,26.356174,10.29207,3.2717025,3.1945324,3.2761512,1.5077585,0.916907,1.0087314,1.440891
0.40526175,4548.693,0.022014067,8.454847,-3.8160737,7.5623035,-2.4104176,3.4593213,0.00025739035,1.656076,0.009457393
0.4130788,4803.8677,0.30166224,8.91839,-1.1984473,-0.35318562,-5.5413604,1.7686688,1.2996593,0.23934504,0.8447122
0.45672905,4408.1016,1.1121438,9.32594,0.1062895,6.109051,0.23686734,-6.8467994,0.6571872,2.2711067,2.361727
0.5296993,6326.8125,3.3393462,9.744024,1.205775,3.626043,-6.621831,-5.0743194,0.9457485,0.4672581,0.12128511
0.36572737,2745.61,0.13474,9.007212,-2.0044084,-2.4401622,2.9095538,3.3919468,0.7237351,0.32272023,1.4856538
0.39830765,4156.451,0.02104083,9.347358,-3.8612905,0.98453796,-1.845482,3.1432085,0.7036207,0.8409833,0.48987237
0.46648863,6812.257,0.26183242,9.645498,-1.3400506,-10.881539,-6.6438794,0.70679116,1.7880058,2.0733104,0.43524927
0.4692753,4087.0103,0.4852067,9.496055,-0.7231803,-1.7317026,-3.52808,-3.6067352,0.82970595,0.27044722,0.5338802
0.48494232,4988.2964,0.121873915,9.802629,-2.1047683,-7.494952,11.949532,3.2147965,0.3000739,2.9507482,0.15280853
0.42318445,3968.7065,0.051432222,8.8991165,-2.9674904,-2.9447255,-1.0975358,-7.7675548,1.749439,0.28512818,2.4091828
0.49366355,3727.9995,0.003526202,9.891922,-5.647534,-3.9268773,-5.5797095,3.8351932,3.0135877,1.8505143,2.7954879
0.49966732,5792.2285,11.594524,10.281287,2.450533,11.562185,5.5532403,-6.7923326,0.67039895,1.0406355,1.699021
0.3170439,5530.9775,1.6846561,9.051964,0.52156144,1.4220551,-4.2918944,-8.489169,2.016525,1.527981,0.2386328
0.5195632,6868.776,25.153273,9.971974,3.224988,-3.5836139,5.830912,1.6354437,2.0234787,1.6733813,2.6146924
0.44910926,5739.217,0.8779923,9.508752,-0.1301175,17.541979,3.3796442,0.5555354,1.6298112,0.51944107,0.04610232
0.26136488,4905.5796,9.918982,8.346672,2.2944503,-9.32827,-1.4744033,0.7032166,1.8792316,1.8269036,0.7935901
0.5255492,5236.4355,2.6367648,10.389702,0.9695527,-2.9483159,2.944399,-3.6360674,0.18443434,0.3384513,1.5803134
0.44206014,4461.7656,3.2151384,9.571395,1.1678704,-3.948456,5.3571377,-1.8552854,0.4241567,2.0325127,0.45272413
0.17360361,4547.546,0.76055837,8.222302,-0.27370238,-1.5990505,-7.336106,-7.149397,0.8370011,0.8691968,0.037299223
0.3783987,6369.7217,0.10003286,9.364336,-2.3022566,6.2408752,-6.4895496,3.099728,0.92662805,0.1719226,0.39823535
0.40545714,4441.2124,0.22223437,9.344377,-1.5040227,1.1731308,-9.53991,7.773529,0.18155491,2.8394334,0.28797615
0.40830007,6095.146,0.0013046239,8.64753,-6.6418405,2.7319822,7.093799,1.5087559,0.0650736,1.9582243,1.7075903
0.3225501,5190.2627,11.424826,8.874127,2.4357886,-12.706825,-6.7573385,-3.3235981,3.2884636,1.7522794,0.901666
0.49709994,3739.4343,0.022262184,9.824631,-3.8048658,-3.2530203,0.6948646,-0.5867823,0.789264,0.9291847,1.5507498
0.31332678,5892.562,0.13761277,8.649993,-1.9833115,4.5588846,0.009676626,6.4818625,1.0562723,0.45605168,1.2252758
0.50431305,3838.7664,0.024289979,9.879234,-3.7176914,2.5002737,3.3584504,-10.266791,2.891964,0.13969435,1.4690804
0.43127152,4700.163,0.28195205,9.626154,-1.2660183,1.260623,2.2402248,5.569577,1.4092448,0.7013459,2.2832701
0.26868713,4714.2236,0.053483266,8.341466,-2.9283864,-4.9291954,9.415511,-1.4535686,1.3126048,3.1049068,2.0883126
0.27080685,4176.493,23.244904,7.9597125,3.146086,2.0777044,-2.0706937,1.4893191,0.0016681631,0.7261508,1.5462533
0.17037581,4370.872,0.16803427,7.870915,-1.7835873,9.223134,-0.24884015,-3.6898353,0.3873,3.1404428,1.7184081
0.44006816,3962.5757,0.26301643,9.424967,-1.3355387,-1.0424373,3.509056,-1.4776392,1.0592943,1.7422705,1.0087395
0.36683205,3787.5952,0.45661286,9.2084675,-0.7839194,-0.9174379,-3.0577848,-1.4279149,0.31279376,0.77681327,0.1155772
0.34124762,5612.5376,0.042224683,8.729695,-3.1647503,12.770437,-6.3027062,10.358599,0.5245276,1.3235432,0.417089
0.5776168,4182.9014,0.42947817,10.092925,-0.8451844,2.8200946,-0.6386909,-2.217908,2.0747013,1.3571739,0.50147074
0.50772446,4668.9707,0.088852674,9.529265,-2.4207757,-3.3560655,6.5252724,-1.5849347,2.4926043,1.6098269,0.832008
0.31886172,5200.7153,0.066878475,8.893573,-2.704878,2.2261424,-9.218646,-2.0208137,0.6562674,1.5436698,2.375585
0.31892288,3880.5266,7.037112,8.753275,1.9511979,-4.0326796,4.4706516,0.18874297,1.2107396,1.1116931,0.649548
0.28079644,6788.876,0.017300157,8.382928,-4.0570397,-22.674295,0.09372707,7.4933076,0.6875723,2.6568913,1.3285608
0.39571875,5978.2046,0.2698262,9.217208,-1.3099772,0.72042525,2.4188304,-4.5730877,2.0230234,1.7052819,0.86078346
0.44929606,4400.478,0.91085,9.2836685,-0.093377054,-3.6857748,-2.7628167,2.24666,1.3673072,0.7918342,0.5637108
0.39283994,4985.229,4.5893235,9.169806,1.5237327,1.815558,10.509886,5.045188,1.4860586,0.3610981,1.2122891
0.14822966,3610.5632,0.35487488,8.269751,-1.03599,-2.8797455,-2.3084621,-0.89180946,2.1041555,1.1965804,1.474043
0.46760777,4103.2065,0.043299526,9.416651,-3.1396136,3.6437404,0.084829815,3.5879102,1.1903883,1.1598717,1.043456
0.2728654,6030.552,4.18165,8.258942,1.4307059,-2.6206512,-2.5424528,-8.95013,1.0678834,1.2701513,3.7145069
0.38670427,5126.787,0.0019700464,9.55091,-6.229698,5.98025,3.0283213,-2.8346407,0.13240978,1.3887554,1.0609474
0.44999686,3310.2085,0.101466745,9.008046,-2.2880242,-5.8187933,6.8490047,3.850953,2.2918427,0.5258384,3.2717607
0.3936047,6868.2515,0.0038018643,9.3499155,-5.5722637,1.8779354,2.3085384,-4.1914096,2.6452518,0.73332316,1.5396116
0.38169143,5806.2153,0.009434199,8.9842005,-4.663414,-7.2979593,4.3495317,0.9016931,1.6338496,1.5409387,0.7846252
0.3702612,3889.8867,0.036320943,9.354599,-3.3153608,-6.958392,-7.6568403,1.4683735,0.2333188,0.5122585,0.5421656
0.51389116,4395.9565,0.012595648,9.730194,-4.374404,-6.544147,1.1883372,-3.8221905,0.9074175,0.64145744,0.62379533
0.34734058,3503.0688,38.330666,8.76937,3.6462502,4.3222804,-2.9312785,2.7525418,2.0878189,1.0167533,1.4991202
0.4449431,5250.597,0.13258979,9.244808,-2.0204952,-1.172536,-1.9794258,-3.5954885,0.742792,2.2793477,1.1263945
0.34890375,5842.0537,1.491357,9.17207,0.39968643,-6.778987,-1.9327092,5.8634186,1.7251533,0.3112303,0.12882411
0.536198,5467.751,6.1022583e-05,9.172893,-9.704267,-6.9147058,-4.4342837,5.723065,0.53267837,1.074732,0.3572194
0.27304506,5958.729,0.040112335,8.422917,-3.2160714,0.8813773,-6.187173,5.131041,1.851644,0.1354937,1.530429
0.4988273,3718.7212,1.8612733,9.893447,0.6212608,-2.033676,4.8097415,-14.220871,1.6558509,1.1486267,2.66757
0.585116,3789.7004,0.03463457,10.100256,-3.3629029,-3.690793,2.0392435,-2.668839,1.3962368,1.6350999,0.82408786
0.49953014,6468.6875,1.3855491,9.844236,0.3260965,9.945996,8.81734,-4.6867623,1.8994101,0.42831,0.33213305
0.5744739,5546.2188,0.5158435,10.128138,-0.66195184,5.2613726,4.8309116,-0.40490413,1.106153,1.049716,0.54749787
0.3664533,3779.1165,1.2887287,8.857433,0.2536562,-1.2127737,13.035568,-0.6326726,0.891192,1.514501,0.67747456
0.19375567,4265.5845,0.016769981,8.081098,-4.088165,-0.6454583,1.0163726,-4.557017,0.42051783,1.1251055,1.1428211
0.53904283,5482.4893,0.23942319,9.773827,-1.4295226,7.336237,2.3937285,0.21975626,0.43654442,2.1082923,1.5739915
0.4909087,5949.403,1.3181949,9.494917,0.27626327,1.6649021,2.8743782,-10.449465,0.22060528,4.325228,0.72264606
0.30518213,4183.776,0.0009950801,8.753641,-6.9126873,-1.7914369,11.113095,8.988406,0.010911901,2.0077765,0.83846843
0.33424473,4447.023,0.07658639,9.169657,-2.569336,-4.904487,0.49094886,-14.876371,0.27923724,0.48224553,0.3808751
0.4118086,5440.414,0.48993376,8.935854,-0.71348506,-3.7999604,10.824272,1.3353764,1.698569,2.5218213,0.6005319
0.4937163,5442.2627,0.3605591,10.371502,-1.0200994,-4.4033837,-8.361023,1.3853868,0.1599477,2.631084,1.0154841
0.44655752,4705.764,0.67726946,9.931021,-0.38968602,-5.405124,-4.741023,6.645225,0.24408448,0.25775763,1.4907486
0.42249972,6401.4062,0.001821024,9.394495,-6.3083563,1.4598975,-0.13662164,-13.315243,2.1929271,0.5438554,0.9280271
0.41463047,4830.9536,0.4299706,9.066192,-0.8440385,-5.782077,-0.45885,-2.5653162,0.23504655,0.07484378,0.34522453
0.5706475,3781.8013,0.0025227922,9.504566,-5.982389,-4.233136,-2.6651776,2.001793,0.97500736,2.0054476,1.1526189
0.39474586,6199.114,3.9742045,9.30668,1.3798246,-0.83358365,2.072434,-1.4344577,1.4798976,1.2583361,0.76234806
0.34700602,5665.1094,0.2654892,9.31832,-1.3261812,4.153034,7.384787,-5.8614755,0.88965344,0.8255328,0.76170605
0.42469555,3620.478,0.0010855409,9.472364,-6.825677,-2.1702073,-3.1827621,-2.284726,1.2291684,0.29261458,0.21204084
0.412782,4625.594,2.675486,9.192655,0.98413104,2.5340302,-0.9039171,-2.979657,0.32112363,1.32892,0.02300613
0.47258225,5518.522,6.671646e-05,9.562085,-9.615059,-14.218495,-7.705234,0.7624636,0.558461,0.3264228,1.9792945
0.28890392,5412.411,0.022564024,9.145308,-3.7913985,-1.2071528,1.5143319,9.322916,1.60604,0.7635461,0.61453044
0.3746765,4264.824,0.13406298,8.992538,-2.0094457,-7.9268937,-8.326106,-9.752351,0.2741137,1.5404431,0.101254776
0.4058561,6020.124,0.056697663,8.636998,-2.8700223,2.0421557,1.661433,0.60955447,3.9255116,1.4499562,2.126717
0.41823024,4005.8816,0.81936836,9.374757,-0.19922157,0.22681972,-0.9037757,-8.242157,0.13419895,0.43118015,0.5265586
0.4102556,4521.838,0.025126807,9.323061,-3.68382,0.79149973,-8.177627,5.739642,2.0304763,1.2098954,2.2769167
0.47689015,5336.3354,1.1451385,9.6058655,0.13552558,3.6402807,-0.021304391,0.973809,0.85377514,0.6404434,1.7816286
0.3661821,6384.748,0.84313256,9.332887,-0.17063108,5.5666757,12.734352,-1.0238369,0.8383752,0.51748997,0.07340548
0.26736423,4838.7095,1.0244849,8.527499,0.02418989,6.296429,-8.6110935,-4.5029306,1.7748873,0.8186105,1.1902664
0.45804507,4486.063,0.6377329,9.529556,-0.4498357,5.2955956,0.59146714,7.649313,1.0735838,1.0577245,0.53101766
0.34835598,5792.283,0.006184388,8.530047,-5.085727,8.505095,5.206344,-2.0086796,1.0354761,0.73214185,1.0301425
0.45323798,3394.0222,0.0036718682,9.821034,-5.6070547,-4.597587,-4.7673283,1.9404786,0.09318714,0.11370669,1.2328614
0.36232075,3004.478,0.008654814,9.186611,-4.7496395,-11.942342,5.168236,-6.204949,0.6781054,0.44140399,0.7454909
0.2938758,3935.1382,0.00088617264,8.88492,-7.028599,-10.066093,1.9566512,-4.242709,0.055095825,0.4459363,1.1983964
0.4220871,4546.5127,2.8719192,9.107919,1.0549805,2.2109706,1.106229,-2.6953623,1.5974402,0.6248091,0.555339
0.39729235,5529.487,0.04984497,9.362023,-2.9988377,-9.319395,-11.065193,2.1376543,0.575988,1.608108,1.2775692
0.37463042,5363.379,0.0015492999,9.313941,-6.469952,-2.4341185,4.068501,-7.446041,0.2259634,0.982551,0.5731699
0.3425336,5464.5566,1.6899945,9.0106945,0.52472526,-10.425101,-1.2040209,6.3071485,1.0203333,0.25472954,0.0010437923
0.4098868,4676.204,0.0009818808,8.64378,-6.9260406,-1.7576512,0.7430054,1.2302185,0.9027843,0.52150446,2.1973655
0.55288315,6037.7534,0.6106122,9.944237,-0.4932932,-11.101898,-8.375325,4.1069345,1.7316883,0.024162905,1.4337593
0.5572095,3010.4038,1.2539451,10.033644,0.22629473,9.458865,-6.578577,-8.223864,1.4422091,4.7305584,0.6841776
0.35499385,4939.008,0.0010828567,9.157323,-6.8281527,2.2896721,1.4024577,-3.5800614,0.5620264,1.038168,2.0379875
0.45906937,4605.192,0.0024553132,9.418129,-6.009501,-4.6886816,-3.2192044,-7.6023383,0.98409855,0.9576182,2.5108287
0.28715485,4450.823,0.061965086,8.81906,-2.7811842,-0.7799708,1.8415886,3.731647,0.4363592,1.2320756,0.31026793
0.6180235,4940.252,0.030262768,9.831105,-3.497837,-0.6455917,1.9998008,-7.1709237,2.077865,0.02228845,0.9817959
0.39186615,4986.4873,0.02883594,9.472353,-3.5461328,-9.229635,6.1907306,-5.348,0.04941724,0.217818,1.5058322
0.2983287,4388.058,68.507385,8.680471,4.2269416,7.3294606,-5.5828795,-2.4575455,0.17950612,1.0904164,0.68547815
0.2762276,4215.5894,0.009760695,8.224831,-4.6293917,2.3919327,-6.4382253,10.252362,1.9986516,2.950829,0.75186527
0.42184946,4745.4033,0.012791871,9.529115,-4.3589454,6.703183,-4.338184,2.565545,1.1548747,2.933505,0.7268733
0.40590596,6012.3076,0.07547721,8.934058,-2.5839245,0.1853958,-3.267686,9.174582,3.6733387,0.61070174,0.49845126
0.4575605,4121.8174,15.961739,9.368793,2.7701945,18.195538,-1.443023,6.8754077,0.6342636,1.2363145,0.630068
0.44014844,5489.906,0.0624547,8.760084,-2.7733138,-1.4446102,-5.681882,-0.96946484,0.07301888,1.1531799,0.5148283
0.29972312,5338.2,0.09182331,8.362059,-2.3878891,-0.03087667,-2.5718536,0.5791688,0.09995987,0.88419074,0.9802964
0.25878873,6620.5225,3.55928e-05,8.097348,-10.243367,-2.2909653,-7.7601633,14.89945,0.5564449,2.6199222,1.900211
0.25529385,3015.5952,0.07172499,8.067953,-2.634916,1.7644804,-5.338996,9.596649,2.1460192,1.531336,1.8699218
0.25036573,6302.9287,6.125963,8.865912,1.812536,-6.7935677,-2.8840733,12.399301,3.2928293,0.33344346,0.49705184
0.3722157,3388.0574,0.33259454,9.607235,-1.1008312,12.383675,-3.7650468,3.2024539,0.050125144,0.09774423,1.0339326
0.319162,4351.754,0.10098765,8.439926,-2.292757,1.0340648,0.35033813,-1.236896,0.08039726,2.5401988,0.48073986
0.4269648,5773.583,0.022276891,9.6149435,-3.8042054,4.103237,0.50345945,10.561615,2.709093,2.5476623,0.9311277
0.41582093,4165.333,2.0170805,8.812371,0.7016512,4.63708,-9.101884,-2.369001,0.07722644,0.23304954,2.2310522
0.29468784,6676.983,0.018190201,9.018729,-4.006872,-2.0796702,3.3559635,11.961305,0.33606252,1.6912221,0.951036
0.4872527,5322.6333,0.071716905,9.905014,-2.6350288,5.5924797,-1.9308587,-2.780197,0.8875443,0.94653624,1.5907903
0.5362709,3717.7852,2.6733162,9.7191925,0.98331976,-5.340634,-2.290857,-5.7694907,0.16316143,0.2709488,0.6363786
0.2782587,3284.028,1.8042254,8.556426,0.5901314,-8.314303,4.568831,5.715624,1.065628,1.1780599,0.77500427
0.23591326,5969.3193,0.05024895,8.685804,-2.9907656,0.6956894,12.756295,-9.228611,0.79421145,0.31146297,1.5077622
0.2720279,5077.518,1.3790076,7.788163,0.3213641,3.9792058,0.16613021,6.91197,1.4597497,2.081373,0.28215972
0.5975331,6000.542,0.115116335,10.099298,-2.161812,11.578494,3.4640415,-2.1456752,1.2845075,1.6773293,3.607221
0.33269143,5959.5967,4.369239,9.110491,1.4745889,-2.4059324,-3.4883585,12.175099,2.228992,1.3798056,0.48821932
0.44147524,6631.047,115.13855,9.532742,4.746136,7.061519,-2.9496632,3.6655395,2.0296407,1.2724508,0.45668027
0.42051858,6191.053,0.0035421054,9.628624,-5.643034,6.8318725,-1.1313233,1.0861353,2.2345698,0.46508557,2.1141512
0.44826937,6154.4014,0.6593481,9.455053,-0.4165037,-1.8330985,5.8167033,9.932583,0.30967864,1.9358304,1.9885538
0.525232,4641.153,0.21181564,9.449818,-1.552039,-5.382941,5.6142554,-6.0063744,0.44331354,2.339915,2.4879372
0.42549178,5432.981,0.06004101,9.185616,-2.8127275,-9.742663,0.8181422,-4.028314,2.8143148,2.3319123,1.2133597
0.3844036,3869.944,4.6191373,9.640775,1.530208,0.19035198,-6.5251703,-11.829096,2.3845313,0.63042027,0.3851506
0.4285848,4973.501,0.06786518,9.536408,-2.6902323,3.023561,-1.3339272,4.625312,1.5071886,1.0676849,0.9153584
0.4724321,7202.4014,0.02742093,9.574865,-3.5964487,-8.593681,-1.2406412,2.9782932,1.327914,0.085093684,1.3064791
0.26551378,5850.3813,3.0411847,9.094304,1.1122471,0.48616755,5.1869082,-8.427815,1.6845168,0.92167866,2.626933
0.3623677,7725.9478,0.739442,8.849009,-0.3018594,-0.607564,11.263247,-1.9782141,0.6334047,0.90334845,1.3468899
0.5509486,4435.363,0.0012451278,9.707241,-6.688517,-5.675342,3.0016048,3.2279212,0.7289318,2.7044017,0.08620731
0.27166665,3123.7476,0.0018072895,8.050063,-6.315927,-2.21977,5.329542,0.6763743,2.363667,0.006691611,0.13572909
0.46496698,4816.1006,0.005726681,9.608762,-5.162619,-5.480725,0.7444634,0.44997764,2.0047286,1.6985513,0.720007
0.37764174,6034.9424,0.13336356,9.224453,-2.0146763,0.8086119,-2.3018878,-9.408329,1.5962433,0.27914718,0.45702392
0.3369732,5264.292,0.16443178,8.911922,-1.8052595,7.9699807,4.346968,-2.867104,1.372677,0.12451798,1.9009546
0.39241543,5449.3667,0.14895473,9.408708,-1.9041128,-9.342941,5.899127,2.341084,1.1270758,1.8408122,0.45708075
0.4645277,5020.9746,0.0014834387,10.027278,-6.5133924,5.0388207,3.6027699,-5.468462,0.046739314,2.108549,1.2305193
0.46993378,4442.7686,136.536,9.612142,4.9165883,6.586937,-3.174011,4.3677955,1.0884221,1.4575934,1.5825093
0.24655607,5405.8247,0.23576847,8.42694,-1.444905,11.5566,-4.5889635,-2.7423944,0.10667152,4.3247976,0.35604832
0.45555416,3772.7993,1.3515891,9.564995,0.30128103,-4.0519495,5.913388,-5.1002297,2.8626838,1.3787093,3.3651025
0.27220872,4419.289,3.7529418,9.440519,1.32254,-14.627454,1.0614877,-2.7817316,2.9804838,0.9405456,0.653656
0.3160251,5666.894,0.0008447431,8.974643,-7.076478,-9.393754,-2.5843117,-5.26178,0.13667558,0.2227192,0.06036677
0.501836,4582.2686,0.00779897,9.545701,-4.8537636,-0.59959924,-10.012259,3.9112086,1.5044243,2.4520206,0.67913747
0.47711086,4861.1167,8.462118e-05,9.958152,-9.377326,-4.386107,-9.383059,-3.2441685,1.1465235,1.5224591,1.1866072
0.3057174,6513.4893,0.4323463,8.492104,-0.83852834,-5.021837,6.2331047,3.1714098,0.7356073,0.59576035,2.048304
0.5654535,5527.8857,4.604201,10.003873,1.5269691,6.992927,-4.9737043,7.011458,2.1567984,0.23352364,0.8781193
0.39180875,4464.486,0.7863842,9.328484,-0.2403098,-8.0586,2.3431058,-2.4606109,1.9080428,0.1313697,0.33880833
0.4078699,2027.0264,0.056007702,9.929075,-2.882266,-1.8319733,3.6016705,6.249832,0.19941185,1.7812498,1.0305175
0.3899691,5900.5986,3.0847168,9.15046,1.1264598,4.1307845,-7.9837713,-0.4947887,0.60857195,1.9440366,1.7161208
0.5027061,4932.7954,0.015798489,9.652116,-4.147841,4.514447,4.293663,0.45825934,0.84373575,1.1042069,1.164743
0.3263631,6090.899,0.023583565,8.62414,-3.7472053,3.354737,-0.09526465,1.9993725,0.17253846,0.8344766,0.5536823
0.34298933,5820.137,0.0013317047,8.837636,-6.6212955,-2.4679728,-0.522709,-1.9491698,1.3492534,0.43685466,0.19964181
0.20091741,5228.6313,0.21042323,7.9789066,-1.5586344,6.174256,-5.7016764,-1.6836742,1.5941838,0.40342003,0.5069794
0.4709831,5646.582,0.21826312,9.25109,-1.522054,-5.5542903,-12.020106,-3.9145653,1.63519,0.3772519,0.5441319
0.38944235,4814.3965,0.22878976,9.322995,-1.4749517,-3.3078852,-7.914908,3.7462316,2.302412,1.5814881,0.05000518
0.4804901,5348.9307,0.33529592,9.142755,-1.0927418,4.6001396,-3.619545,-3.7346683,1.5179883,0.07314566,1.1397365
0.32324326,4444.0566,0.04622953,9.168793,-3.0741365,-5.4757605,-5.831348,-2.4250886,0.9391124,0.36204958,0.40869904
0.5394984,3191.2524,0.34754643,9.5487385,-1.056857,8.73494,6.2196507,5.0629935,1.0175365,1.2787317,0.6516314
0.33286142,4591.069,0.014484698,8.600513,-4.2346625,-2.204875,5.709221,-1.223841,1.4863551,0.60424846,1.9056214
0.312154,4404.26,18.25907,9.055259,2.904662,-5.2839746,12.388582,-6.734172,0.74710095,1.187497,3.469238
0.27835932,4995.852,15.760279,8.641681,2.7574928,1.1619085,-6.885004,2.6734369,0.4399497,2.1318157,1.661682
0.45064908,4179.457,0.0004613324,9.601399,-7.6813917,9.340565,2.6991951,0.34427524,0.98519456,3.0231068,2.024618
0.41053826,4546.5967,10.321097,9.400219,2.3341901,3.2351882,-7.62384,-1.6029167,0.47316727,0.3382575,1.257743
0.3934306,3908.6265,0.0046680765,9.267934,-5.367008,-3.0461888,3.0947444,6.345926,0.09360345,0.15558147,1.8882061
0.38551322,5696.184,0.13537282,8.496635,-1.9997227,-6.2107854,-11.742589,-2.303586,2.975064,0.72900385,0.28827178
0.40602073,4866.376,0.054378245,9.318079,-2.911791,-8.592502,-4.376674,0.71133727,1.234343,1.4827384,0.6905504
0.29961234,3507.7695,0.012091136,8.633801,-4.4152827,-6.13222,-1.0700272,2.4861813,0.4104961,0.81753206,0.12769721
0.427322,5921.7715,0.10820378,9.331409,-2.223739,7.9345617,0.45940655,-2.5555246,0.6664705,0.38623032,1.6359786
0.31692666,4000.3875,0.0040629166,8.96456,-5.505854,4.8196073,-3.8522387,-7.535171,2.3712714,0.60293305,0.23363864
0.28424862,4337.8745,0.007217785,8.149171,-4.931207,-2.9980829,-2.9563293,2.061835,1.359912,0.87907046,0.9319738
0.4881507,5783.594,0.06651896,9.8658,-2.7102683,5.9006357,-0.9857037,6.0605264,1.2466313,1.9744427,1.1495087
0.37447453,5672.333,0.23191378,9.163614,-1.4613897,-2.2130556,-1.2844614,-8.064937,0.28253976,0.12209795,0.8341174
0.47011697,5061.927,0.88090277,9.48768,-0.12680806,-11.464607,1.0007617,4.889934,0.24983844,0.1917648,2.4067318
0.41662267,3976.3542,0.11845828,9.808118,-2.1331944,-4.2159047,3.036767,-3.2137232,0.54186773,2.2740698,1.3089468
0.28718027,4915.559,0.38446683,8.811071,-0.95589775,6.789198,-6.3650618,1.0784105,1.8141692,0.47240064,1.852842
0.3896633,4423.1836,0.02906111,8.909547,-3.5383544,-3.7791026,-0.7729379,-5.9587,1.7125045,1.2865705,1.5136483
0.34191754,6267.8647,0.019519761,8.319345,-3.936328,8.006553,-3.0863476,1.1148429,0.10013349,0.45168677,0.8255253
0.4274617,7314.039,0.037439805,9.233181,-3.2850208,3.9946797,1.7604445,-0.53899825,0.11783026,0.31812745,0.348704
0.49914056,5257.964,7.6582212,9.802968,2.0357797,9.0752125,-7.834526,7.406336,0.7237633,0.31095806,1.5497171
0.40263498,5084.3735,0.01941625,8.713972,-3.941645,-8.373754,3.0866516,-2.4811218,0.81031156,1.191336,3.532325
0.4078703,5197.8623,6.8474095e-05,9.289178,-9.589055,6.8143415,-7.30036,-5.7955093,0.100458294,1.7428436,2.6465814
0.36836267,5603.8125,0.030815491,9.235056,-3.4797378,5.481632,8.680846,16.118025,0.5992362,0.85962147,2.3106692
0.5342024,3463.317,0.0013757705,9.438448,-6.5887413,-8.431938,0.9697146,-1.8332188,1.8404516,0.9497343,0.6170573
0.3817743,4177.344,0.63744426,9.146502,-0.45028847,-2.9520226,6.066433,-8.709454,1.9537328,0.6069872,0.9884012
0.3791235,4498.5166,0.025119685,8.866207,-3.6841035,-2.2942553,12.193138,2.9522257,0.29847428,1.9146054,3.701862
0.33630243,2926.19,4.9264107,9.126964,1.5946107,5.545906,-1.0122306,3.2061052,1.0451456,0.07527843,0.4800534
0.4018568,4971.318,0.08287143,8.873134,-2.490465,-3.4908082,-0.3358145,2.7987542,0.14627874,1.455781,1.3133004
0.43950218,6384.8506,6.628921,9.436516,1.8914421,-1.6728905,5.0019326,-5.5115147,1.1967949,2.3210523,3.234892
0.11051431,6232.46,0.32315928,7.959499,-1.12961,-2.8140945,1.9273895,2.1884708,3.1164634,0.8414813,0.55027467
0.4670689,3857.8347,0.041757293,9.929145,-3.1758811,1.9591641,-1.3017491,-0.5071776,1.7691114,1.0012935,2.5623827
0.39251184,6409.8125,0.4055126,8.508575,-0.9026033,-5.576567,-1.2474008,6.3890963,2.4844313,0.24658607,2.4214058
0.2786546,4523.909,0.032516975,8.612944,-3.425993,5.0249696,2.6974795,1.4684752,0.92608297,0.008939241,0.8338548
0.38414264,5188.6206,1.933518,8.891349,0.65934116,4.5057197,5.6354084,1.2002462,1.4672147,0.4460398,1.7461092
0.58532214,4507.6387,0.015248941,10.504224,-4.183245,3.6379728,-11.313408,-0.5235243,1.4872053,3.6441054,0.21514289
0.71236223,5950.71,0.983307,11.149051,-0.01683387,7.014308,-1.4090282,2.4829116,1.7295561,1.7651778,0.016537301
0.53484386,6332.7866,36.70385,9.952025,3.6028817,2.1785095,1.7593251,4.7780995,0.52101046,1.3885655,0.056300126
0.5590421,4334.5337,0.12099767,9.833136,-2.111984,11.038363,4.8244042,4.4248433,2.182682,1.8562566,0.01186193
0.3726787,4692.963,0.006965699,9.111944,-4.9667573,-1.556727,5.0935616,1.5502224,2.6592972,0.93823904,2.3833647
0.3645011,5416.3677,0.38265324,9.095804,-0.9606261,-1.7160339,-2.0382566,0.742355,0.066017784,0.98081994,3.4443126
0.3884265,4793.7705,0.010765109,8.601978,-4.531445,-3.1795702,-10.60892,4.016876,0.9561206,0.614013,1.5558192
0.49669883,5289.7954,0.004524787,9.489093,-5.398185,11.108672,8.7136965,1.5481575,1.1162442,0.5192117,0.83133143
0.3051682,5135.0044,0.16907115,8.949392,-1.7774357,5.1849804,2.5304556,-0.9886241,1.0628532,0.4226443,0.111844905
0.42212546,4322.3877,13.715992,9.684675,2.6185625,10.085292,-0.38087645,-10.463603,3.0312364,2.4446654,0.63829815
0.46930194,4526.0923,0.039841935,9.58424,-3.2228353,-6.532988,2.0197122,2.7524123,1.1999713,1.0937893,1.1070098
0.35425103,4390.483,0.2914187,9.415976,-1.2329942,3.090719,-2.639166,2.8197403,0.52702844,1.3507802,1.6364095
0.3938328,6646.9326,4.563505,9.104439,1.518091,5.797812,-3.0074794,-0.31539938,1.4064369,0.32638013,1.3739318
0.21863079,5407.2607,2.98027,8.281081,1.0920138,0.9317954,0.6504707,-0.7001505,0.6793185,1.0196289,0.84739697
0.26650733,4660.6,0.80314255,8.584413,-0.21922307,5.182033,0.03159652,-6.829424,0.8799253,1.2019694,0.2652738
0.42083138,6012.3765,1.2410235,9.653142,0.21593647,-2.684104,1.0878484,2.9465086,1.3971864,0.7405594,1.4485455
0.4390098,6180.2295,0.4222215,9.571109,-0.8622252,0.81089884,-2.3521554,-13.987474,2.051625,1.934768,1.4872928
0.41721487,5232.749,0.00064047857,9.784667,-7.353295,-4.9312987,5.69889,11.423734,1.1224066,2.4913669,1.825287
0.34663513,4106.6113,0.022588618,8.597425,-3.7903092,13.640519,2.2501988,-2.8037817,0.24689205,1.8247819,0.6460991
0.4783129,5911.218,0.0058039217,9.465522,-5.1492214,4.044772,0.13276689,-0.034254506,2.6766286,2.0044231,1.0925086
0.52409184,6276.482,0.036562756,9.526479,-3.308725,-3.3850884,11.247394,7.6774974,0.18141246,0.61105484,1.8183947
0.45524293,6262.4053,1.7150091,8.907537,0.5394184,-6.0105395,-7.0576167,7.731334,1.7428339,0.48844972,0.950264
0.43750882,4032.3093,0.42694873,8.9815445,-0.8510913,8.125834,-6.037133,-10.591062,0.90687585,2.6275318,4.3163233
0.52388,5823.614,0.06816753,9.992562,-2.685787,-3.7063792,-4.454678,15.359947,1.7981943,1.6341772,1.1226072
0.47445977,5572.1294,0.10670153,9.084195,-2.2377198,0.11000877,3.695667,-0.39331445,0.7126332,2.2417486,0.2665043
0.23446628,4107.938,0.65618694,7.8746247,-0.42130956,-1.6462619,10.07323,0.6269478,0.6281482,2.0621102,1.9336866
0.4410486,5701.2544,2.5203664,9.438437,0.9244043,5.528782,-0.5160379,-6.3188195,2.8230343,3.2421825,0.2962429
0.33446753,4082.6433,0.9549852,8.411571,-0.046059463,3.5934796,-1.4694811,-1.6611731,3.1548557,0.18093185,1.2587944
0.23413208,3829.9155,0.2557213,7.813472,-1.3636671,13.294278,0.820017,-0.46963054,1.4564668,1.5221858,1.0973674
0.4469311,3286.1655,0.026392931,9.360563,-3.634659,-4.0873303,-6.9900093,5.8970604,0.16221935,1.5623943,0.54558074
0.4837227,5218.258,0.0010761357,9.576096,-6.8343787,-1.4049832,-3.778751,4.6028123,0.10228313,0.6692003,0.2106153
0.5325623,5278.1367,0.10014134,10.820695,-2.3011727,-7.3965764,-3.167278,-3.146397,0.34103873,3.1025887,0.49555525
0.33211672,5715.2236,0.013314876,8.890649,-4.3188734,6.6393976,1.76203,-8.052636,0.014000916,3.9533083,0.4146094
0.4657748,3297.6453,0.028603146,9.206874,-3.5542386,10.83342,-7.661376,6.2105846,0.2637592,1.8778746,2.2903316
0.39224607,5446.1396,0.05624729,8.482918,-2.8779974,-8.814636,6.3758273,-2.8449624,1.9054496,0.7959002,0.39789966
0.4255153,3826.7004,0.03090401,9.299318,-3.4768693,-6.6336155,1.8181745,-0.98284525,1.8367527,1.2695034,0.30938035
0.64449203,3940.8015,0.7234049,10.343338,-0.32378623,0.30660158,-2.5956886,10.430081,0.55453604,2.050645,0.1840823
0.39306948,5977.8003,0.08288167,9.060704,-2.4903414,9.388582,-3.9260514,1.2190572,0.7247298,2.585696,2.9017546
0.6393101,5757.7188,0.0018120814,10.731217,-6.313279,-8.789436,-3.5214155,1.1893942,1.2173873,0.4246487,0.46114352
0.4034468,5235.445,0.0003035335,9.958057,-8.1000185,-11.190289,-3.1623123,-2.3690746,0.23186533,0.8541273,0.7322581
0.5467661,5156.0947,0.17664063,10.033036,-1.7336379,-5.844873,2.9701498,2.7956984,1.190416,0.1784692,0.03826903
0.35697156,4173.7812,0.7411076,9.177616,-0.29960942,4.085821,-4.731046,-9.951386,1.2084913,1.0248913,0.2697978
0.16952007,5306.275,24.213923,8.280574,3.1869278,3.629739,5.3560905,12.279897,1.3557717,0.90941113,1.822521
0.43259075,4933.3257,227.07018,9.47305,5.425259,-10.016867,0.85091424,5.197081,1.3665326,0.037560392,0.1407023
0.24274224,4432.009,0.026801446,8.316193,-3.6192994,-1.3828523,-3.4501681,-2.8711805,0.34619823,0.21699068,0.18745269
0.2524899,6217.1685,15.599578,8.874232,2.747244,-1.3287233,-0.14041461,-3.2512178,1.2951232,0.9896772,2.063541
0.3917476,4927.507,0.016563663,9.347381,-4.100544,-18.541893,-9.323279,3.0898752,0.5319688,4.204883,2.9238918
0.43910164,5884.382,0.040952086,9.3098135,-3.1953526,-1.3057216,8.286555,-3.0024042,0.3382998,1.123585,1.6312279
0.5222174,6101.6987,0.085166946,9.877815,-2.463142,-7.3232727,-1.5167762,-4.3624024,1.1284363,0.84273386,0.7433474
0.48284107,4656.919,3.0807567,9.91278,1.1251752,-2.870334,8.080919,5.4994164,0.11197482,1.6681639,0.88360476
0.3411065,5902.2124,0.00426989,8.782155,-5.456167,-5.9694285,1.7907369,10.784549,2.366461,0.22919734,0.8929648
0.36946496,5184.953,0.21768826,9.244253,-1.5246912,7.510651,-3.3882926,-4.6218944,1.8599439,1.1276041,1.7570807
0.52155423,4372.4473,0.08059567,9.479095,-2.5183103,3.492243,3.03617,-5.0184894,0.62169087,0.44658822,0.5037291
0.4162328,5074.991,0.012245282,9.671336,-4.4026146,-5.3130584,-6.9686475,2.1968217,1.2884331,0.71259123,1.962771
0.3753563,6747.053,0.19096695,9.214245,-1.6556549,-13.758146,-2.696697,-5.680187,2.9885252,0.7687488,1.6130549
0.48227856,4427.287,0.60644853,9.584862,-0.50013536,1.2431425,-2.8230553,12.307308,1.259551,0.2128363,0.85764295
0.26679215,2410.7437,1.1716536,8.258651,0.15841614,2.7131388,5.124872,2.057195,1.1816195,2.3157992,0.7210805
0.32840666,5807.6714,111.85785,8.948876,4.717229,7.9126368,4.25339,3.736826,1.8725001,1.0280354,3.0539944
0.3785635,4045.6204,0.014592665,9.155198,-4.2272363,-3.9684618,1.8643346,-3.2219834,0.31944624,0.8576216,0.6649422
0.3796065,5778.7393,0.0021306279,9.134709,-6.1513386,-4.9660745,-5.8179874,9.222334,3.185911,0.5443646,1.398366
0.432615,4005.914,8.81113,9.696253,2.1760156,2.2156727,0.79008013,3.4333644,1.4369297,0.9326041,1.4875995
0.5111949,5361.9775,0.12249893,10.166373,-2.099653,-2.7683456,3.5054934,1.9209589,0.09574033,0.013139402,1.2487297
0.35819834,5452.5244,0.0056127477,8.265577,-5.182715,-6.5805097,-2.0378938,-6.280939,1.3710037,3.193449,0.54247975
0.5571397,6586.4546,0.30120638,9.396529,-1.1999596,-8.256033,1.9499155,-0.9550015,0.25377828,1.750314,0.319159
0.40364474,4202.395,0.030484267,9.029098,-3.4905446,2.3508902,-2.1678011,15.747273,0.29046044,1.13072,1.6672773
0.47555408,6743.53,0.11793666,9.314012,-2.1376076,8.618128,0.7221571,-0.6278321,2.4098766,0.4982964,4.4279857
0.5404321,5947.008,0.059752144,9.982513,-2.8175502,-10.425669,-0.85725224,-1.104895,1.4367858,1.7968571,2.497188
0.18493517,5610.468,0.016220352,8.299462,-4.1214886,-4.816705,-5.773409,-0.27289826,0.77667075,0.71411294,0.09167399
0.42900884,4906.7305,8.198922,9.256634,2.1040027,-0.8986896,-0.2831412,5.601835,0.08550964,0.99834406,0.73460364
0.5267885,3866.5286,0.48329195,10.021948,-0.72713435,0.5060863,-7.972163,6.977266,0.26470497,1.626036,0.06549825
0.42869568,2920.5447,1.172352,9.714262,0.15901192,8.273146,12.128167,-2.8197255,2.5300527,1.6658436,0.121003605
0.32066715,5870.66,3.4667203,8.639603,1.243209,6.961939,-8.362458,3.596661,2.844448,0.44526267,1.5578487
0.44109452,5853.0127,0.25317845,9.653566,-1.3736607,10.603237,-6.3572965,-3.620184,0.30879888,0.049470384,2.9252772
0.3577985,5124.1465,0.025271086,9.322135,-3.6780944,3.6572068,7.0446615,1.4211516,0.35297954,1.1573383,0.14455579
0.27920336,5427.157,0.22602847,8.536615,-1.4870943,-7.1184216,5.800498,0.36387143,1.0870641,0.49643034,0.7551323
0.3193229,5489.1084,0.026978165,9.239251,-3.6127274,7.2095475,12.248301,-8.913028,0.029181302,0.8190467,0.30725756
0.30862007,4561.396,0.12979774,8.6606245,-2.0417778,6.327538,1.6315606,-1.0061734,1.1702155,0.6292111,0.011406301
0.15514039,5409.458,0.020620707,7.658994,-3.8814595,5.2170625,0.08917262,8.495259,0.51377946,0.8104511,3.2869291
0.2597224,6461.9644,0.9320671,8.306875,-0.07035046,8.743133,0.86090845,-0.32235485,0.33214682,0.39730847,1.5757415
0.5259983,6562.246,0.0024538243,9.681051,-6.0101075,4.527631,6.23055,3.6722248,0.3476003,2.2487137,1.9421484
0.35946694,4471.4956,0.0041571883,8.887709,-5.4829164,3.1837618,2.9997783,9.752555,1.5159822,1.8223292,1.0226055
0.382421,7076.6533,1.401594,8.978028,0.3376102,-2.8345044,1.4705907,7.1306076,1.4095612,1.4998698,0.39737952
0.2396286,4770.47,0.041695364,8.081791,-3.1773653,4.665264,1.3646195,1.2472148,0.92882246,2.4980404,2.4801295
0.53982884,3598.3667,1.0403204,10.261111,0.039528772,-0.1493314,0.065545864,-7.3715987,2.2681181,1.6114033,0.5910463
0.44689733,4805.777,6.1838555,9.262887,1.821942,15.523867,2.2884245,-5.0467134,2.1599138,3.2067397,2.217473
0.3385829,5211.876,0.0788904,9.034029,-2.5396957,3.3623617,-5.6310525,6.544967,0.7746316,0.42908996,2.0743456
0.42141858,4103.0356,7.8403783,9.600606,2.059287,-7.813062,5.774641,5.407548,0.27151898,2.4748425,0.42475694
0.43005273,3929.4438,169.00214,9.836206,5.1299114,-9.249939,0.18139762,4.7447734,2.1943905,1.1167402,1.9282976
0.24473052,5409.8057,0.17150588,8.405858,-1.7631377,3.8359497,-2.4756486,2.5803082,1.0597425,1.6587826,0.3361011
0.550173,4485.5166,0.05888294,9.707909,-2.8322039,-0.49298793,-5.1762443,-10.469439,0.48846987,0.024807306,1.3279436
0.42390552,3397.5872,0.06600931,9.241162,-2.7179594,8.751352,-4.81202,3.2077394,0.74590725,0.53530604,0.7400969
0.39836475,4825.6753,5.7207146,9.228161,1.7440938,2.6983857,1.0902506,8.916539,1.4042125,4.568495,0.6103621
0.5447526,4818.188,0.042101208,9.669147,-3.1676788,5.272442,4.8392143,-3.9503198,0.29364294,1.2446052,0.32593817
0.47627127,5751.0396,0.11688885,9.696761,-2.1465318,-5.458968,2.1487648,-17.61783,1.1028143,1.2066215,1.7502577
0.14869055,4269.3877,0.099094294,7.9773545,-2.3116834,6.187218,-1.0016935,-4.5089726,0.20905487,0.14466994,0.30453393
0.4180014,2956.5728,0.026204078,9.412734,-3.6418402,2.6413355,-7.7819467,-1.4515489,0.97421265,0.76899797,1.1623205
0.22811267,5233.8813,4.758295,8.0439625,1.5598894,-2.9096558,-0.25706962,-7.6393676,0.3453918,2.0960166,0.01792441
0.3194706,4710.9463,0.05958337,8.694825,-2.8203788,0.00789988,5.272413,-1.462508,2.0458896,2.1748607,1.5692327
0.39242953,4252.324,0.024223056,8.860852,-3.7204504,-3.8115451,-9.479542,-3.327867,0.59132916,2.2744665,2.071496
0.3891079,4601.285,0.0016853472,9.09018,-6.3857837,12.027753,1.7090414,2.3730457,2.3023143,1.0943109,0.22246723
0.3006269,4724.4067,1.1087048,8.891778,0.10319247,5.542425,-14.525619,-4.8741326,0.13528669,0.48426446,0.014087203
0.27839777,5442.764,0.22282352,8.529694,-1.5013752,4.57512,1.4392282,5.561566,0.66144127,0.8302133,0.9276858
0.314818,6777.694,0.5087546,8.765618,-0.6757895,-5.4044876,3.7915337,6.1129365,2.6545641,0.12824357,2.3887777
0.42827708,6145.259,0.77479565,9.288811,-0.25515595,0.8476636,10.561942,-5.40809,1.4010642,0.8686589,0.057604037
0.44356748,4549.8965,0.065217175,9.348854,-2.7300324,-1.6215196,-0.42771062,10.621074,2.159892,2.5244794,0.16172093
0.41022474,4379.224,15.606531,9.135311,2.7476895,2.9926047,-7.185362,-4.3531904,0.21225384,1.5095954,0.26211017
0.53986955,3664.5913,0.05785485,10.309027,-2.849818,-16.3865,7.9725156,4.290226,0.68597084,0.6757065,1.3869927
0.4092114,5780.98,1.464421,9.885516,0.38146,-7.162958,7.3247404,-1.0245336,1.2117052,0.50409025,0.4905799
0.50990033,6325.6885,59.30599,9.551313,4.0827103,-2.1057348,1.5318555,6.610801,1.6274179,2.2242932,2.3251872
0.23939453,3874.1086,0.040456474,8.484833,-3.2075286,-15.31016,6.456831,-0.17965505,1.4708551,1.4045904,0.18260948
0.36816427,5273.954,3.0329216,9.17052,1.1095264,-15.112201,-3.836325,11.321463,2.680493,1.1609602,2.3876116
0.5261215,5062.692,0.018143484,10.137241,-4.0094438,-2.4631329,0.07146275,0.97343844,0.12734184,1.2905234,1.4496926
0.24948023,4430.4697,41.471092,8.102375,3.7249966,3.6723526,4.8756304,2.8355558,2.5628688,0.107869536,3.470312
0.5032978,4975.594,0.3449032,9.627724,-1.0644915,-3.9102895,-0.0614731,-10.951438,0.37968186,0.19538552,0.54194003
0.28790954,4500.924,51.839188,8.871707,3.9481463,-4.8498535,9.4398365,8.123879,3.4563403,2.1834097,1.8443197
0.2994065,5328.8325,4.581944,8.790575,1.5221233,-12.589229,1.0717278,7.756066,2.2200985,1.232786,0.7074316
0.33427656,4163.0596,0.041301005,9.001001,-3.1868684,5.966951,-10.162725,7.6501327,0.05167755,0.33592,0.6240256
0.4591977,3501.9214,4.323147,9.539655,1.4639835,-7.9084454,-0.13042213,-1.6436723,0.83892566,0.7556958,0.7409283
0.66213024,6238.3486,0.012195913,11.321275,-4.4066544,-12.022974,-4.576819,-8.786136,1.9188507,3.6075845,3.540692
0.5387093,5718.681,10.614386,9.675631,2.3622103,-1.7338334,2.4466457,4.1074877,2.728636,0.34340796,2.4755158
0.28517878,5746.4844,0.024312105,8.632324,-3.716781,9.759077,-8.982665,-1.0657085,1.4853553,0.09359873,1.7191082
0.550551,6520.214,0.0049906434,9.327328,-5.3001904,4.5668974,3.1227944,0.40382144,1.2145817,2.177423,2.6086798
0.58275497,4052.6125,0.022325367,10.251758,-3.8020318,-4.23573,-12.978405,1.5393528,0.39130065,0.303386,1.6770993
0.51107717,4911.554,0.00028476643,9.661148,-8.163841,6.7548223,0.5739832,4.729898,0.8289305,1.2705495,0.5377024
0.34842908,6548.8374,0.07216899,8.630366,-2.6287448,-7.069932,5.2963967,-7.8066664,1.5125703,3.951915,0.3957069
0.41634578,3956.1206,0.15903315,9.4637165,-1.8386426,1.469096,13.501049,-10.017508,2.2116501,1.206405,1.2969443
0.41110897,5593.0884,0.075432956,9.0826235,-2.584511,6.7992435,-0.56410766,-2.7273662,0.023345921,2.0083892,0.9060161
0.3282991,4113.009,0.15351826,8.391554,-1.8739358,-4.8249083,-3.6850107,11.094502,0.27886647,2.2692108,0.5445089
0.39986113,4958.0303,4.641205,9.244432,1.534974,-3.695291,-4.7345266,-1.516841,2.3282075,1.7732034,0.7373326
0.535202,3365.6157,0.3681497,9.635009,-0.9992657,6.754565,2.7599893,2.2164137,1.1238921,2.54479,1.1599321
0.46714774,4929.6733,0.0076505574,9.720934,-4.872977,1.5130513,-0.15705764,-1.251133,0.5832699,0.7432689,0.033072688
0.51991844,4234.3374,0.017634088,9.814477,-4.0379214,14.955593,-4.78618,2.6830568,1.5318508,3.8320794,1.7890176
0.37246487,4466.376,0.18143989,8.967425,-1.7068309,3.8043883,13.316728,-1.9253385,0.1346375,1.4818459,0.85706407
0.5571984,4984.7256,0.04091104,10.305331,-3.1963553,-3.376164,6.6962337,3.7711601,0.5383797,0.57816184,0.18862906
0.2869053,5026.3867,2.366852,8.701358,0.8615608,4.1184773,-1.9288348,-3.7313697,0.53509665,0.7238884,0.9823576
0.3467347,4981.9106,0.037236225,9.230824,-3.2904732,-1.3124582,4.7499347,14.829742,0.82507807,1.9911876,0.462349
0.45132458,4208.78,2.8946824,9.28738,1.0628754,0.570952,-12.855007,-7.002783,0.13050628,0.7502465,2.27297
0.32312435,6012.731,0.02971107,8.632032,-3.5162356,1.21347,4.177114,4.6680784,3.2673252,1.2042015,1.5818777
0.4176052,3123.0974,0.004389526,8.978938,-5.428534,-2.137858,-5.9250507,3.6727157,3.8976755,1.6605011,1.1890328
0.54018545,6256.0107,0.07219895,9.747725,-2.6283298,8.187374,-2.8567421,2.2523687,0.6370827,0.5848236,0.4181751
0.4589154,7275.241,4.7807145,9.359134,1.56459,-0.38981086,5.5694275,-6.584892,0.44450647,2.467675,2.4407833
0.2156189,5695.9478,0.9646597,7.7221694,-0.035979874,-10.270507,5.795791,2.4659622,2.7836804,1.2209814,3.0161116
0.16926017,4329.3916,0.021391984,8.072137,-3.844739,-4.5943627,0.84300447,-3.264278,0.29163697,0.3261867,2.1325607
0.25562215,4131.2344,0.031232726,8.729707,-3.4662888,-4.698766,-0.7943112,-0.60011464,2.1645374,0.36238647,0.3901894
0.46647844,5216.926,9.618934,9.7836075,2.2637334,-4.775007,1.3844275,-6.347947,0.43746266,0.23510054,2.220667
0.5009783,4948.058,0.34795028,9.242393,-1.0556957,1.9286752,2.131042,-3.9630282,2.2865863,1.9966595,2.4235773
0.40164337,5302.0415,0.032720372,9.016899,-3.4197574,-3.5800312,-1.6578202,-5.197382,1.3654484,0.21852195,0.6116804
0.48150188,6216.6353,0.1619679,9.58346,-1.8203571,-5.2457933,-1.2177788,-3.4300232,1.5945011,1.4510412,1.3087575
0.3518684,4157.4927,0.27527803,8.985789,-1.2899736,-4.0451307,-2.4000695,-0.59372914,2.0251892,0.11305424,0.22504385
0.41786122,4942.76,0.6450349,9.3022175,-0.43845087,-0.29164383,2.3991382,0.7428211,0.7579734,0.19563031,0.72039205
0.4255919,3363.2898,0.007715902,9.281476,-4.864472,-9.46021,2.5060866,11.374683,1.2293485,0.25151968,1.1374263
0.17746435,5521.191,0.35978615,8.090154,-1.0222454,10.402643,3.165991,1.4879582,1.7183434,1.391159,0.04201794
0.5355886,4796.148,0.00247853,10.222059,-6.0000896,5.9033227,-1.10749,2.367965,0.37375966,0.78757596,0.5013344
0.28953993,5842.818,0.030968526,8.911934,-3.474784,2.3354397,6.362797,5.0432277,0.79805374,0.07968964,0.6127107
0.352193,3447.9395,0.08205624,8.636749,-2.5003505,5.0009274,-2.6366699,5.2195044,2.3298209,1.1935531,1.1104116
0.4267613,4834.103,0.009778645,9.942067,-4.6275544,-6.6397676,-16.424534,2.721208,0.3684306,0.2971545,0.4664129
0.35093176,4529.012,0.083050415,9.002371,-2.4883075,0.3525867,-0.86796,-0.6898985,0.9376469,0.8391028,1.1329663
0.4158076,6098.3154,0.014414219,9.082226,-4.23954,3.8905976,3.5931404,-4.5233455,0.39831612,0.81558,1.7130519
0.10560852,6137.741,0.018250324,7.6480007,-4.0035725,-11.024298,9.862626,5.3824925,1.0345868,0.6436322,1.0519521
0.4728312,4149.743,3.9330432,9.529218,1.3694135,-12.570417,3.8555624,7.8664885,0.25293875,4.3510785,1.9129182
0.48029682,5244.7236,0.12870674,9.707848,-2.0502188,-0.10575985,-6.679417,2.5917702,0.8052126,1.4527749,1.4676892
0.3937824,3702.2156,0.6289774,9.339052,-0.46365994,1.4540071,0.95919704,2.3706841,0.5843009,0.42801377,3.6312363
0.26984757,4796.0156,0.9841047,9.094922,-0.016023006,-11.092279,1.8741041,-6.9847283,0.6149421,1.8081229,3.009605
0.4241682,5178.5864,0.0203969,9.363695,-3.8923724,-12.712961,-7.77388,9.166769,1.3779812,0.11004151,0.50291395
0.19213675,2866.313,0.032424536,8.228749,-3.42884,-7.4495077,7.5432067,13.125571,0.3763235,0.45044503,1.1866064
0.5937625,5971.3306,1.5185993,10.211197,0.41778842,-6.622952,5.505647,-22.950571,2.1459415,0.42209002,1.3115376
0.32805726,4306.499,0.11364961,8.775295,-2.1746352,4.730921,1.8443213,-8.574021,0.43917865,0.16464083,0.28883338
0.48139566,5609.3438,15.463221,9.821379,2.7384644,-16.947641,4.012207,-15.048316,0.82319385,1.7679713,1.3196805
0.33245462,3977.2183,0.0002934511,8.578661,-8.1338,-0.4287783,-6.258454,-4.9984045,1.421617,1.5320934,2.5236032
0.384342,6495.2373,2.2735648,9.228527,0.82134897,4.541092,-1.064011,4.8949184,1.5089006,0.77958685,1.1029623
0.5046581,6034.3975,0.010401845,9.880245,-4.565772,0.3759138,1.9270781,7.182728,2.2303991,1.1265609,0.42281315
0.35771826,3627.1575,12.243732,9.264659,2.5050142,-0.6773658,-2.2770495,-8.263973,1.957827,2.7400956,3.872394
0.29655272,4308.098,0.026556432,8.971721,-3.6284833,-0.9032788,8.508994,-10.178565,1.0297194,0.14341542,2.2331424
0.3954002,4492.2744,0.04482966,9.496673,-3.1048853,-1.5585887,5.2011285,0.9137476,1.0044293,0.7778874,2.154208
0.5089947,7175.2266,5.9786606,10.327607,1.7881966,-0.59076357,1.4334347,-1.84564,0.7220071,0.769192,0.22139484
0.27894393,5477.9546,0.23936112,8.703026,-1.4297819,-1.7814572,2.7539082,-0.09576134,0.08790399,0.47440356,0.26687932
0.2482835,4531.665,0.3680475,8.934403,-0.99954325,-9.806094,-7.521041,0.51701236,1.281486,1.70158,1.2262403
0.34488592,6103.3438,0.025078723,8.968033,-3.6857355,-6.3764815,-5.130673,-2.2823741,0.22261497,1.515851,0.34869713
0.3604987,5523.9883,3.438126,9.064296,1.2349266,-0.3947033,0.3126014,3.013717,2.3125112,1.3380545,3.3403077
0.32647076,6087.0947,0.002141743,9.083188,-6.1461353,0.14088894,0.23344392,-4.033288,0.7713002,1.7511917,0.23113868
0.56843656,4332.702,32.217342,10.329277,3.4725049,4.268407,-1.7206701,-2.2237275,3.0058224,0.9803587,0.40501216
0.35649228,4012.9966,3.588233,9.259461,1.2776599,-7.4806876,0.3032733,-2.6026733,1.6245764,1.2922506,0.25088745
