x1,x2,x3,x4,log_x3,b43,b21,s21,s43
0.4575728,4957.4053,0.6307532,9.137889,-0.4608406,0.861604,0.3846473,0.3750144,0.30316117
0.44891906,5979.234,0.02980976,9.329538,-3.5129194,-0.6980962,-0.020355301,1.0865468,1.3848736
0.24971412,5252.323,2.3357096,8.274053,0.8483158,1.2790235,-0.17577334,4.5163646,1.5919591
0.43828338,4336.838,0.017581051,9.670922,-4.0409336,-0.19449775,1.2309686,1.7005695,2.4482064
0.3352127,5519.8594,0.15340233,9.217848,-1.8746912,1.1324471,0.007215882,1.9352345,0.26611292
0.18674386,2914.78,4.623325,8.070905,1.5311141,-0.5300421,-0.65966016,1.2511234,0.70123893
0.56962293,4173.503,0.13615774,10.025046,-1.9939412,0.43905154,-0.64627725,1.6435977,2.005304
0.42416063,5022.2256,0.19983774,9.440643,-1.6102495,0.23594321,-0.674448,0.48127547,2.3972352
0.26184636,7523.8687,0.017755562,8.261649,-4.0310564,-0.8045473,0.05448785,3.342625,0.82534045
0.49931002,7057.919,0.00087573275,9.79226,-7.0404496,0.13107209,1.0235565,1.0561842,0.6253958
0.39988112,4404.1826,2.4054785,9.249957,0.8777488,2.3130448,0.47558242,0.31925574,0.42007828
0.36983332,4895.33,0.38521925,9.325352,-0.95394266,-0.53109676,-0.07572161,0.12629576,1.790421
0.44063538,5205.198,0.21098262,8.967021,-1.5559795,-1.9147873,-0.060672637,0.06980666,0.16188459
0.3336481,4254.173,0.07515926,8.773539,-2.588146,1.4890612,0.5480968,0.8258523,0.3493112
0.4375741,5019.8267,0.17437208,9.804893,-1.7465639,0.18334125,1.449415,2.1228418,3.20399
0.41844264,5256.7896,0.23270535,9.254877,-1.4579822,1.1426901,0.015562304,1.2991902,0.64401716
0.49111372,5177.786,0.23166183,9.986299,-1.4624766,2.0800126,-0.7885833,2.904521,0.30827838
0.42341974,5432.114,0.20206253,9.303076,-1.5991781,-0.48620877,0.72468,1.8969157,1.1799883
0.4246236,5512.4487,1.0742102,9.340433,0.071585715,1.0920895,-1.070012,1.2286177,1.2578834
0.30791637,4781.434,0.044722117,8.835318,-3.1072872,1.3799804,1.2658886,0.010993255,0.8046947
0.5377545,5851.8604,0.14095984,9.902188,-1.9592803,-0.19909349,-1.0013999,0.93707377,0.9354998
0.3744293,4161.698,5.0386267,9.101558,1.6171336,-0.0033054047,1.2832654,0.24182174,0.70241183
0.5007766,3856.2722,1.8996284,9.348707,0.6416583,-0.8459524,-0.33040002,0.07132691,2.1602721
0.47101098,5209.4624,0.91342974,9.244088,-0.09054883,0.33297828,0.039336447,0.03143967,1.0494452
0.43901333,5819.6084,0.051350947,9.799545,-2.9690719,-0.24731903,-0.733471,3.0298564,0.936959
0.60274583,4357.512,0.68951035,10.158654,-0.37177357,0.77547896,0.026525859,0.37076992,1.9546659
0.5365114,4907.7295,0.25931367,9.924689,-1.3497169,0.732067,0.96235996,0.31437635,2.0667958
0.4125199,5882.016,0.63493234,9.24542,-0.4542368,0.6353443,0.7993582,0.93464726,0.33826438
0.27159047,5223.1724,0.036062513,8.740386,-3.3225014,-0.54588324,0.48220947,2.6283915,2.5185156
0.18720499,3778.6821,0.07118362,8.435266,-2.6424925,-0.077265605,0.31544673,3.5300763,3.5395672
0.45186114,4360.695,0.031107543,9.4485655,-3.470305,0.279408,-1.4401082,0.8642516,2.4016466
0.32150435,7002.6304,0.56509936,8.875125,-0.5707537,-1.7929348,-0.5839673,0.20173278,1.5771381
0.43086505,5627.6953,0.5345482,8.929629,-0.62633336,0.59094936,-0.48540652,0.8755152,0.9994119
0.4047815,4607.535,0.21547398,9.338187,-1.5349151,0.5043085,0.158134,2.7916691,0.59688616
0.44891614,5041.208,0.19565521,9.416162,-1.6314013,0.39803082,-0.6034206,1.8207295,0.115193956
0.40783283,4461.215,3.4403105,9.3748,1.2355617,0.24756567,-0.475687,0.30994216,0.32770184
0.3154595,5753.554,0.002205122,8.334973,-6.1169724,-0.4927975,-0.78218406,1.0262882,1.6657554
0.4325021,5503.08,0.1193334,9.751833,-2.125834,1.849882,0.089405075,1.449305,0.2015686
0.44585723,6161.574,0.23178287,10.065849,-1.4619542,1.3305261,-1.6126167,0.23583746,1.9541297
0.43739134,5794.512,7.773811,8.939972,2.0507605,-0.6439633,-0.84073085,0.612043,0.5216406
0.47709092,5106.052,0.003286683,9.437161,-5.7178764,-2.3971913,-0.07052541,0.29945752,1.7372546
0.52818084,6240.697,0.17380482,10.208861,-1.7498224,-0.8325095,-1.4155799,0.6116105,0.9442472
0.34501746,3346.218,3.1480849,8.866532,1.1467943,-0.63049513,-1.392785,1.8930511,1.3239584
0.50948536,5476.934,0.46551993,9.7435665,-0.76460034,-0.4184535,1.0100335,1.3715249,3.0926204
0.39341128,4929.392,0.3889095,9.426105,-0.94440866,0.78406626,-0.5386807,0.7591908,1.094332
0.40812117,3855.8855,9.472972,9.75053,2.2484426,-0.31752223,-0.35240117,0.34382758,2.1233284
0.42615995,4824.017,10.519175,9.483871,2.3531997,1.1024464,-0.6726448,1.4186823,0.16111368
0.4282755,3364.4702,0.1101054,9.217742,-2.2063172,1.7550094,2.0683684,0.3617734,3.0353646
0.28382313,4594.479,0.103196114,8.7237015,-2.2711241,0.18250048,-1.5511304,1.2640469,1.3109916
0.530958,4915.392,0.012509331,9.60479,-4.3812804,-0.53902787,2.2496004,1.1467984,1.287802
0.4657841,7018.715,0.14110376,9.930378,-1.9582598,0.8008476,0.5630142,0.49310985,0.5361993
0.43303272,5090.3535,0.18233162,9.923596,-1.7019281,0.38041514,1.5275298,1.2789412,2.8455694
0.45154795,4804.3394,0.06661825,8.938363,-2.7087767,0.36942878,1.3235914,1.0700612,0.9889905
0.26953956,6403.09,0.009811919,8.505233,-4.6241574,-1.1654905,-0.8711953,1.2825855,0.023497662
0.4707188,4716.2524,1.3006253,9.944229,0.26284516,-0.4444595,0.45568776,0.77535105,1.6823919
0.4856549,4919.37,0.06959075,9.922498,-2.6651237,0.9099453,-2.2053182,0.9485887,0.8977272
0.43866596,3626.0532,0.1787129,9.191325,-1.7219746,-1.4061311,-0.2409877,0.5526127,0.9688089
0.37137815,5190.008,5.2044997,8.832355,1.6495236,-0.48334208,0.43782192,1.4481155,1.9306287
0.41557813,4527.845,11.29766,9.308011,2.4245956,-0.3470544,1.1839298,0.50734144,3.719083
0.27943075,5895.708,0.47513285,8.34099,-0.74416083,-0.06748762,2.5456529,0.9025971,2.6482923
0.40113348,6211.7217,2.2055435,9.824031,0.79097396,-1.5067182,-1.2661493,1.3157114,0.6894924
0.4108843,5238.6714,3.7459817,8.789376,1.3206837,0.15835549,0.99700856,0.094302244,2.12922
0.37787268,4510.679,0.01612661,9.353836,-4.1272845,-2.0216596,-0.57684237,0.29377612,1.8885564
0.4974956,5107.5625,0.12988253,9.486265,-2.0411248,1.8921936,-0.7791956,0.41831422,1.5600276
0.5361297,3550.0469,2.4853473,10.203549,0.91041243,0.0078033656,-0.32673493,0.6087274,1.6850613
0.31264147,4554.176,0.9384676,8.579586,-0.0635069,-0.7911136,-0.34207037,2.3067746,0.6417323
0.34283295,4333.385,1.294061,8.847001,0.25778535,-0.5008102,1.3238453,0.6772202,1.167887
0.43672734,4603.368,0.060863473,9.386316,-2.799122,-0.93031,-0.809006,1.1264727,1.6075981
0.46227,4508.6055,0.36475682,9.234388,-1.0085244,0.49258715,-1.1436489,1.1741986,0.9535886
0.37238434,5835.3086,0.011524741,8.940821,-4.463259,0.84139454,1.2392569,2.3573093,0.82437897
0.15533815,6775.3984,0.90305483,8.115238,-0.10197197,0.8481394,-1.1820178,2.1963592,1.9304246
0.40303248,4718.021,0.8939291,9.249731,-0.11212877,-1.9095604,0.037814353,0.9672838,0.9542297
0.5206125,5738.826,0.18349504,9.762663,-1.6955676,-0.7637713,-1.8681701,0.25442487,0.48503417
0.4513255,4755.2764,1.0573757,9.677039,0.05579,-0.19535321,-0.92152095,0.36464474,1.8022462
0.25928867,5017.464,0.11627591,8.9759,-2.1517894,-0.42073703,-0.06878389,1.7453879,0.225897
0.47853518,3945.923,0.15775219,9.878477,-1.8467299,-1.4891516,-1.5617992,0.29984295,0.3152845
0.42567247,4664.662,0.41445065,9.503032,-0.8808014,0.13546163,0.39205867,0.24042715,0.18978724
0.34186026,4649.8506,0.08952223,8.465951,-2.4132683,-0.028976027,0.14320429,0.29355615,5.0144343
0.3718276,5190.2124,3.2594666,9.148691,1.1815636,-0.47982413,-0.9287781,1.7018725,0.08897935
0.40675497,3710.9126,0.06046734,9.124084,-2.805652,0.38595882,-0.8559015,0.2735372,0.47697136
0.3286992,3576.2507,0.103050806,8.99777,-2.2725332,0.16681816,-1.2306408,2.105883,0.91511524
0.4276447,4477.4136,5.9203477,9.115192,1.7783952,-0.2358982,-0.8119279,0.24031568,2.2032022
0.54155594,6102.2524,1.0740005,10.096333,0.071390405,0.011628958,-1.2839645,1.5738058,1.6430094
0.39956984,4367.1533,22.537428,8.93592,3.1151774,0.28205997,-0.4029626,0.34729528,1.5041015
0.5012502,5069.8467,0.57700366,9.905275,-0.5499067,0.56543666,-1.0612245,2.4765415,2.1019847
0.025117874,5826.288,0.02376151,6.9807005,-3.7396882,-1.6089753,-0.429867,0.9827238,2.4683013
0.59522724,4709.712,1.8916243,10.525945,0.6374359,1.5683835,0.92228633,1.1479099,2.015431
0.32593673,3952.9563,0.11669632,9.146359,-2.1481802,0.37046072,0.91307986,2.6507525,0.37168682
0.31000966,6843.9385,0.19679546,9.220571,-1.6255903,-0.8078463,1.217264,1.9318248,1.7181878
0.43992096,3308.8315,0.74237424,9.332723,-0.29790178,0.3511419,-0.15293746,0.42434636,0.82107335
0.49063122,5462.1475,6.6173797,10.0494175,1.8896995,1.5492263,-0.6192696,0.38298282,0.75316626
0.51188064,4774.238,0.040123276,9.734381,-3.2157986,-0.40307248,0.4416298,1.8905233,0.62985015
0.38426733,4787.29,31.32421,8.926174,3.4443913,-0.90072995,1.1160423,2.8326328,1.8538979
0.5063362,6083.769,6.0814466,9.367835,1.8052427,2.8827317,0.3625028,0.4715381,0.6826831
0.4347703,5178.472,0.10189127,8.991053,-2.283849,-0.3519542,0.12762345,0.44114608,1.2258309
0.36432296,5217.167,1.3453332,9.473558,0.2966417,-1.8322067,-0.37533084,3.1713843,3.307151
0.47729033,4981.409,0.21130785,10.0400305,-1.5544392,2.5185614,0.12118095,1.0853738,2.4647646
0.42458788,5833.4795,1.9312205,9.066045,0.6581522,0.018582555,0.9195498,1.3410211,1.95481
0.43556467,5338.9946,0.17055494,9.488758,-1.7686979,0.08731779,0.8114645,0.07807988,0.29031086
0.4533246,4790.5317,0.30383703,9.315386,-1.1912638,-0.10617563,0.34748808,0.3994422,0.12073651
0.37679946,5378.436,4.2074018,9.062658,1.4368453,1.5541602,-1.6800466,0.19989933,0.60147333
0.42460647,4883.968,8.769239,9.7484,2.17125,0.34348607,0.2349153,0.0015814325,2.0051098
0.34045345,3849.0737,0.45631677,8.708096,-0.784568,-1.2456737,0.10938479,1.88964,1.8560402
0.5139828,5649.1006,0.115105055,9.679443,-2.16191,1.0859658,0.21913186,0.06934808,0.26220345
0.43926346,4455.515,0.41170806,8.959984,-0.8874408,-1.3642408,-0.5040957,1.0434664,1.6543822
0.4245078,4932.663,2.6696005,8.749973,0.9819289,-0.26598585,2.6482518,0.79013914,0.4894124
0.46633393,4785.6523,0.29506567,9.837759,-1.2205573,0.49202284,-2.2297788,0.98522776,1.3736684
0.38582984,6574.676,1.7436322,9.555368,0.55597043,-0.840106,-2.0528924,0.50665694,0.91189474
0.43996742,6223.9814,17.922884,9.658563,2.8860784,0.94627815,-1.1489865,1.497927,2.0200012
0.17956531,5756.5127,0.14307,8.531277,-1.9444213,-0.66699016,-0.8512697,0.68902385,0.5194059
0.3597593,4885.3843,0.0351467,9.121758,-3.3482246,1.2800112,-0.7277489,0.92347574,0.53981507
0.42233452,6174.228,0.8100147,9.229677,-0.21070284,-0.51522136,0.5898399,0.8012451,1.6137271
0.36535546,4887.9834,0.4800579,9.0091505,-0.7338486,0.59910417,0.7621871,0.95556104,0.5617831
0.3877071,3750.571,1.9038945,9.152483,0.6439015,0.7733435,0.64611834,3.4941053,1.223836
0.217809,4493.75,0.21533124,8.363468,-1.5355778,-0.5737083,-0.21316011,2.6962996,1.087856
0.36557832,3577.3723,0.5887906,9.016662,-0.5296847,-0.6889268,-0.91349906,0.54308075,0.48399034
0.37231925,3987.9238,6.21249,9.331838,1.8265618,-0.3182071,-0.6538996,0.81286573,0.22049382
0.41382506,4238.3926,0.14256589,9.410552,-1.947951,1.4159474,0.66341096,0.4951984,0.45197567
0.33075678,4527.7876,0.48178834,8.544043,-0.7302504,0.021479234,-1.2645305,0.24789324,1.2025528
0.36965147,3037.4595,0.021441413,8.784976,-3.842431,-2.512224,1.7208477,1.3953526,0.6129236
0.40169287,4525.504,5.2165427,8.863609,1.6518348,-0.6734633,-0.9779678,2.1835024,1.4404947
0.36955494,4159.297,0.20405565,9.03882,-1.5893625,0.4800238,1.4860781,1.157939,2.0378695
0.37238058,5601.5654,0.07775373,9.356984,-2.5542088,0.48198923,0.024196755,0.83960634,1.2542543
0.3775591,6051.205,0.8794367,9.3449335,-0.12847374,-1.5081785,1.1125672,0.92114574,0.1220071
0.44328335,5300.3096,0.036610052,9.5669565,-3.3074324,0.27145147,1.1346935,0.17366357,0.522534
0.16321929,5894.925,0.3703944,7.8337827,-0.9931869,1.6462011,-0.3952709,0.8184599,1.8692795
0.28095067,5592.611,2.282051,8.811648,0.8250747,1.4814211,1.227556,0.5254899,1.493486
0.4384322,3614.0718,0.9029301,9.07732,-0.10211013,1.0061613,0.6192278,0.29872343,0.007343106
0.2581826,4427.0806,0.15988427,8.434157,-1.833305,-1.4256256,0.7080496,1.6199094,1.2132568
0.4468214,6420.7573,0.063366964,9.3120575,-2.7588127,1.2073033,-0.32666683,0.5741064,1.0648657
0.44209296,5916.9697,0.01013465,9.674924,-4.591795,0.013657764,0.6664638,2.6051717,2.0482576
0.29873666,4198.061,11.061958,8.714191,2.403512,-0.20767663,-0.49972045,0.36070132,0.36599156
0.32197267,3451.6187,0.13202131,8.84368,-2.024792,-1.3726479,0.04057063,0.12891972,0.21317497
0.43031812,5710.4956,0.42504966,9.739854,-0.8555493,0.32059014,-0.4185794,0.07336936,3.7781935
0.43588945,5878.5464,9.482252,9.12684,2.2494218,-1.2828329,-0.24856114,0.12531589,1.7934339
0.41595477,4973.818,0.6470976,9.525038,-0.43525815,-0.24194236,1.8174201,1.2304041,0.7645407
0.4246509,3297.3464,0.62953377,9.745335,-0.46277583,0.61689883,0.9382825,2.058315,0.41737038
0.31723177,4028.662,0.047382724,9.100966,-3.0494976,-0.5393358,-0.47304457,1.7807078,3.2113
0.49467245,5718.193,0.05038152,9.832137,-2.9881308,-2.1654735,-0.5169224,0.8325785,1.0474321
0.6352055,3620.5493,2.800184,10.800182,1.0296851,-0.8297941,-0.10928214,0.39780402,2.3978784
0.5052646,4540.3696,0.11627507,9.398754,-2.1517966,0.39567533,0.6002287,0.8369678,0.35263765
0.61973757,4162.501,0.13454103,9.839448,-2.005886,-1.1023062,0.06449222,0.9707916,0.7814883
0.61522585,5177.6367,0.014153762,10.374074,-4.257775,1.2615209,0.23416921,1.4168082,0.348413
0.50230765,4055.148,1.73913,10.23916,0.55338496,-0.42576408,1.3248594,1.9875964,0.26634175
0.2725497,5493.8857,0.35694548,8.52873,-1.0301722,-0.75220585,-0.962639,0.44430017,2.679689
0.32114682,4232.688,0.14859661,8.293005,-1.9065199,1.3271592,-1.2604591,0.36146635,0.80379844
0.36394987,4435.8086,0.34436437,9.2021265,-1.0660549,-1.2214253,1.0289757,1.1676248,1.1116035
0.3119023,6847.9717,6.588891,8.596589,1.885385,0.6013619,-0.8796285,0.50286466,1.9615968
0.32538247,5281.42,0.4190171,9.053827,-0.86984354,0.18227382,-0.20396864,0.40405533,0.19429141
0.36333597,5855.657,0.32343343,9.132432,-1.128762,0.31442776,0.47768337,0.057005007,2.1004114
0.4821331,6955.8047,0.048143055,9.977889,-3.0335784,-0.9685945,0.0047733374,2.7476285,3.4457943
0.5493777,6317.846,1.099807,9.976647,0.095134676,0.3364837,1.1130406,1.5837376,2.7270973
0.15114431,5796.757,2.1913977,8.188627,0.7845395,-0.95790994,-0.18218617,3.0734656,0.7991669
0.29719958,3901.0515,6.2251825,9.103771,1.8286028,0.18646388,-1.6770295,1.6015332,2.6140404
0.4856158,4502.164,0.6016987,9.202958,-0.50799847,0.46071845,-1.0168958,2.726303,0.40136907
0.5799992,4031.987,0.093671486,9.965987,-2.3679614,0.6731883,-0.2911797,1.5028806,0.26380336
0.25342268,3608.8457,0.14080992,8.355635,-1.9603443,1.3500842,-0.16677438,0.74260813,0.09064926
0.40516034,4049.3257,0.07836965,8.69795,-2.5463185,0.33575046,-0.16404802,2.5265896,0.13955796
0.39910436,4372.6484,0.7851099,8.784108,-0.24193162,-1.2361013,-0.8890985,0.10247294,1.9064298
0.34728545,4324.723,0.5300655,8.939956,-0.6347547,0.6724344,-0.5831794,2.6012232,3.427689
0.45006654,5423.5664,0.1413252,8.976904,-1.9566916,1.1268846,-0.79377896,0.6181688,1.8189414
0.6640122,4068.1929,1.3633138,10.5544195,0.30991837,0.6322409,-0.5549502,1.1055471,0.08432578
0.54081255,5076.8413,6.492472,10.432198,1.8706434,-0.7033773,1.7372485,0.5392216,0.8042319
0.4455306,5562.876,0.11964527,9.551511,-2.123224,0.07435623,0.6714136,0.14283459,2.3358476
0.32671237,5773.7324,1.3472397,8.405935,0.29805782,2.3117197,0.89777887,2.2127357,0.09477269
0.5403826,5121.183,3.5641549,9.891867,1.270927,-0.24722044,-0.32238638,0.07169195,0.9123347
0.38157275,4555.793,0.051846385,8.726717,-2.95947,0.49665403,-1.1166679,2.1323407,0.4093808
0.36928496,5847.804,0.0018210171,9.260526,-6.30836,-0.56203395,0.13716477,1.2532464,1.8148758
0.35609528,5099.847,0.83967763,8.903964,-0.17473724,0.70828503,1.1894991,0.86915857,4.229051
0.36813092,3597.9316,0.16623117,8.862269,-1.7943759,1.7155844,0.2757032,1.7651618,3.0792766
0.22918162,5975.043,1.9980847,7.8811765,0.69218904,-0.9934896,0.8036067,0.539072,0.08552198
0.4090856,4578.297,0.067738265,9.376987,-2.692104,0.38730606,-2.3670437,0.32171318,1.6735667
0.48782653,7446.425,10.103707,9.533882,2.3129025,-0.5106689,0.54231876,1.0339696,1.1383479
0.24213524,6482.0283,0.2581958,8.558346,-1.3540372,0.5667744,1.5214449,0.8191471,0.13131954
0.31887513,5911.927,0.035884287,8.929293,-3.3274558,0.32312724,-1.2754612,0.1921121,0.098798454
0.38530016,4102.3457,0.2534745,9.298309,-1.3724921,-0.44290748,1.3094163,2.7795453,1.3853419
0.44556397,5177.593,2.3008676,9.564599,0.8332862,-2.2198987,-0.22234543,2.3468673,3.423202
0.43830895,6805.8086,0.45126057,8.844407,-0.7957104,0.2773769,0.3106243,0.93330526,2.5654194
0.537135,4543.6157,0.054437384,9.493887,-2.9107041,0.30196372,0.8217925,1.4753596,1.2920353
0.40724424,6123.5713,2.1606302,8.762636,0.7703999,-0.25975648,0.9164139,0.5458764,0.19803749
0.2810419,3073.8608,0.58391386,8.382089,-0.53800184,-1.3355585,1.9912238,1.1791042,3.6937814
0.28946462,5567.4365,0.22380243,9.284599,-1.4969916,0.4859261,-0.17002493,0.12608594,0.2544344
0.44996196,4981.212,0.49264133,9.396664,-0.7079739,-0.20637459,0.32714644,1.4538729,2.6837363
0.41255385,6136.4326,1.5121479,9.675292,0.4135311,-1.672615,-0.9661227,2.286144,0.56580585
0.3988505,6081.3438,2.8732238,8.917423,1.0554347,-1.299104,-2.040272,2.2439325,0.656504
0.3161413,4777.089,0.07170454,9.215076,-2.6352012,-1.7126287,0.5942386,1.5456302,0.5515889
0.3480896,4272.2314,0.35992992,8.688809,-1.0218459,0.7813503,-1.0758014,0.46630096,0.21400493
0.4901502,5553.0757,0.09024422,10.154281,-2.4052358,2.573661,-1.601674,0.057362497,0.33699235
0.3134578,5090.4004,6.9534054,9.100511,1.9392315,-0.60093105,0.6450087,1.7900376,2.5923984
0.6260699,5460.522,0.032622796,10.851935,-3.422744,0.68363166,-2.4913094,1.791045,1.1763258
0.40763745,4560.198,0.46773893,9.443618,-0.75984496,0.10458715,0.2182364,1.2533325,1.247906
0.22474824,3760.4414,2.3920438,8.426816,0.87214816,-0.15717508,-0.74597883,0.70880026,0.06911364
0.48536336,3717.9473,0.7099638,9.641546,-0.34254134,-0.1717335,-0.23939241,0.5059699,2.2015185
0.3047883,5937.763,0.6890395,8.901273,-0.3724566,-0.2884922,-0.061910555,0.15605533,0.5486802
0.4635588,4187.296,1.6653724,9.832571,0.51004875,0.34981307,1.3897485,0.21366192,0.6851804
0.28005898,4925.5654,0.31128627,8.065075,-1.1670423,0.9356056,0.13935922,3.6835093,0.7390679
0.41345403,3308.3406,0.09489018,9.4915285,-2.355035,-1.0383812,-0.08349504,1.361105,2.6170137
0.45356953,3357.7964,0.2389108,9.810939,-1.4316651,0.8138649,0.16748632,0.7649064,0.97659844
0.440637,4901.0146,0.46214965,9.53347,-0.7718665,1.0765694,1.1885642,3.05382,2.5152078
0.5453118,4418.298,0.33108416,9.88581,-1.1053827,-0.33394003,-2.486283,0.20781122,1.3633444
0.44038177,5133.1973,0.13957988,9.303357,-1.9691182,-0.8293474,-0.3685481,1.4029903,1.9475341
0.40277907,6147.981,0.13689865,9.436881,-1.9885144,0.18378827,0.33867908,1.7889824,0.48788196
0.33331245,4970.286,0.0007690927,8.716699,-7.170299,-2.2741315,-1.7102299,2.2318885,0.15703644
0.5048772,3948.8398,0.0957252,9.524689,-2.3462737,0.9794455,-0.04156218,2.4322474,0.49518132
0.41977784,6368.1084,0.6065724,8.9591255,-0.4999312,-0.85434234,1.06815,0.52803904,0.5911742
0.28274477,4413.7407,0.03727737,8.657197,-3.2893689,-0.19566268,0.11862573,1.4747674,0.5040264
0.36780095,4880.9116,2.2559001,8.82106,0.81354904,-0.51031965,1.0756608,0.8864816,1.5993378
0.50418866,4492.434,0.03273547,9.859499,-3.419296,0.31286058,-1.260627,1.6557192,0.16775304
0.47502306,4095.1704,0.35615933,9.713996,-1.0323771,0.3936897,0.3102063,0.036122963,1.7706791
0.49688777,3668.3105,0.076878086,9.702166,-2.5655344,0.9551769,-0.26904228,0.82235736,1.8480848
0.4800204,5530.0967,1.0208082,9.2830105,0.020594686,0.118180975,-1.418153,2.588631,0.5604203
0.48678163,5510.126,0.58492804,9.572798,-0.5362665,-0.470578,-0.09130294,0.23877057,0.22792904
0.39258602,5601.677,2.250638,8.967885,0.81121373,-1.0105284,-0.29896903,0.9853281,0.097566575
0.30906138,3953.481,0.33209518,9.027593,-1.1023337,-0.5853053,-1.3995765,0.6570261,0.2944078
0.3210101,5951.6904,2.0606236,9.017862,0.72300863,-0.8067854,1.6392947,1.4413515,3.6367264
0.35846314,4526.6396,0.2943262,8.957652,-1.2230667,2.3793542,1.8877975,0.53642786,1.517152
0.37021977,4936.755,0.036478534,9.357039,-3.3110313,0.41845754,-1.5675913,1.6416371,2.1903667
0.38605696,5505.822,0.71647334,9.219998,-0.33341426,-1.6068887,-0.23381837,0.53584236,4.4385905
0.66752255,5295.672,0.070650294,10.449036,-2.650013,1.7998815,-0.34407145,0.18041287,0.23961245
0.24250048,6524.087,0.16308038,8.123163,-1.8135121,0.11302346,0.4060636,0.30840194,1.4203727
0.35440093,7204.25,0.0645598,8.971626,-2.7401633,-2.199548,-0.7847086,0.061922256,1.9411421
0.26604527,5186.3193,0.024147678,9.0662365,-3.723567,-1.1911457,1.7608671,0.011161118,1.6786366
0.31621462,6575.167,0.6523833,8.544364,-0.42712292,2.2535772,1.4808054,0.07121967,0.22722763
0.53640467,7227.957,0.095040515,9.624682,-2.353452,-0.43975043,-0.7273758,1.5835079,1.9492856
0.45993382,5110.3955,0.02782395,9.311644,-3.5818582,1.6502774,-0.17899644,0.4878517,0.66965437
0.3562563,6305.659,0.21645701,8.828786,-1.5303633,-1.1772338,0.87510866,0.47773758,1.1376805
0.5507446,4137.2607,1.1567794,10.565066,0.14563975,-0.4645721,-0.12926652,2.382096,0.014390661
0.34005296,5857.7646,1.7620394,8.7822075,0.5664719,-0.035630796,1.865689,2.4436274,2.1029632
0.4495174,4808.341,0.17031386,9.301931,-1.7701123,-0.7175351,-0.19477214,3.3088424,3.4563372
0.54936844,4127.8765,0.029023582,10.18974,-3.5396466,-1.6312193,0.55260575,0.82740027,1.191408
0.30138293,4160.689,0.09408908,8.094814,-2.3635132,-1.8811336,-0.21100219,1.1275896,1.786516
0.28435674,6796.87,10.138557,8.335764,2.3163457,0.04345882,0.27793434,1.1034868,0.48811987
0.39782813,5291.864,0.22973701,9.11366,-1.4708201,1.5329114,0.65515625,0.18301116,3.6555834
0.33109623,5137.11,3.6248307,9.090395,1.2878076,0.1474203,1.8520247,1.7960944,1.9371961
0.57767963,4362.759,17.056969,10.099084,2.8365588,0.2640891,1.1230385,2.3348196,1.1129987
0.30740762,6975.4297,2.0023444,8.328074,0.69431865,0.5418878,0.11658813,1.8930511,1.3200833
0.36066076,4696.8335,0.06846341,8.703935,-2.6814559,-0.0057052,-0.48882455,1.0276859,0.080781944
0.35266185,4605.01,1.4445947,8.853319,0.36782882,1.1735342,-0.09273043,3.6643517,2.581479
0.33652177,2755.5757,11.215625,8.538693,2.4173079,-0.42475763,0.38247442,0.49429655,0.47352344
0.52371407,7026.435,0.00012154461,9.727703,-9.015229,0.12981659,-0.8015591,1.8361329,0.13472277
0.40887707,6329.6333,0.13765343,8.958669,-1.9830161,-0.20967388,-0.13932618,1.3973294,0.6401417
0.36618668,4058.6594,0.15153684,8.561286,-1.8869265,-0.6943944,0.14766891,1.3543848,2.4001184
0.45847118,5619.8247,0.06668474,10.049352,-2.7077792,1.2339433,0.20272781,2.5640068,2.7739096
0.5306355,5453.357,1.1765598,9.957831,0.16259475,0.06613291,0.04045071,1.4068103,0.7724417
0.45205918,3702.27,0.07460787,9.324182,-2.5955093,-2.3232234,0.68029064,1.3703921,0.6587234
0.34440508,4919.6104,0.15902881,8.995912,-1.8386699,0.35341865,0.5543314,1.8661379,0.09833894
0.3026471,5199.9253,0.103325285,8.2906275,-2.2698731,-0.28003588,3.3005922,1.8586688,1.9857324
0.3345695,4747.406,0.81031305,8.5552025,-0.21033464,-0.24068041,2.1016967,0.73554295,2.827855
0.3252957,4546.5337,0.1344076,9.211042,-2.0068784,2.051549,0.2924237,1.48641,1.4913456
0.4301998,5402.5464,0.0056746025,9.441559,-5.171755,0.03374101,0.67821366,0.7116724,0.45957455
0.36778674,4520.3955,0.061374914,9.246299,-2.790754,1.1212019,-1.0601227,3.3890808,0.7663304
0.41865304,5498.0195,0.74063164,9.150391,-0.30025187,0.24958369,0.0771222,2.1096823,0.98284096
0.4384635,6502.0215,0.24036846,8.987238,-1.4255823,-0.27816927,-0.8850875,1.9013718,2.597954
0.25594372,4465.6606,0.16292313,8.208582,-1.8144768,1.2830299,-1.1576382,1.3672379,1.0823545
0.5714187,5521.806,0.20795208,10.740076,-1.5704476,-0.5488614,-0.5649359,1.0398296,2.1041675
0.391685,6568.8804,0.10592627,9.105995,-2.245012,0.32739705,-0.98631555,0.75528264,0.28360403
0.3885734,6339.135,0.52664906,9.344703,-0.6412209,-0.65281427,-0.5966048,0.6550077,0.07735076
0.41066086,4119.0093,28.92298,9.474556,3.3646364,-0.13290371,0.9099914,2.6606522,0.3798267
0.46754712,5127.995,0.4758821,9.358512,-0.7425851,-0.24759817,0.35027534,2.1029668,1.7963653
0.33663008,6087.4004,5.9255056,8.821348,1.779266,-1.7334429,0.3516158,0.082944684,1.5471982
0.35899407,5224.403,0.02601811,9.328956,-3.6489625,1.6246192,1.1855178,2.3298728,2.0016296
0.44374576,5836.6924,0.31568286,9.522424,-1.1530172,-0.5605396,0.63707185,1.4100693,0.26356393
0.2990774,5645.0205,0.2890538,9.003222,-1.2411425,-0.034929343,0.3173269,0.27789336,1.288022
0.53572226,5329.911,0.056063,9.407804,-2.8812792,-0.1679471,1.6438968,0.8120166,0.45370278
0.4731766,6374.037,0.0045890016,9.215916,-5.384093,1.0314837,-0.06729115,1.8560663,2.0734658
0.23703173,6081.43,1.0915678,8.700012,0.087614916,-2.1639862,-0.0037536277,0.37706175,1.964342
0.32725355,6469.5244,1.0598788,8.324861,0.05815461,0.1614862,-0.7342811,0.62399524,0.1804544
0.5634402,4654.8647,0.04275556,10.127212,-3.152256,-0.051469635,0.3412222,2.1551764,1.1599686
0.3510536,7277.7695,1.1053413,9.051365,0.10015419,-0.96267116,-0.72521687,0.56527984,0.8969044
0.58005613,4846.46,0.25368604,10.362738,-1.3716578,0.49550027,-0.906498,1.6073195,0.2718263
0.23180424,3176.9165,0.02312117,8.054795,-3.7670066,-0.8257799,0.15345007,0.090475485,0.560098
0.42476234,3623.1516,0.011106444,8.951834,-4.50023,-0.9231263,-0.67116326,3.3308096,1.8627235
0.39261898,2764.0735,0.12114416,8.973693,-2.110774,1.222211,0.98860854,1.1667882,0.61025256
0.4569753,7271.7593,0.063084126,9.405444,-2.763286,-0.9918874,0.45452875,1.0196466,0.19890879
0.3027741,6954.5845,0.0038899246,8.715068,-5.5493655,0.7457573,-0.6636693,1.2201619,2.4940093
0.3930289,4698.5186,11.481825,8.931271,2.4407654,0.8815829,-0.2392488,2.495441,1.5440546
0.58767223,6188.3975,1.0986744,9.95839,0.09410435,-1.0259771,-1.6069463,1.4097396,0.36164996
0.12319821,3930.4973,0.033746894,8.029769,-3.388867,1.4159704,1.2822769,0.56386244,0.84327954
0.43865654,4940.6826,0.25238812,9.266476,-1.3767872,0.732122,-2.677011,0.8565789,1.9317945
0.348064,4046.1985,0.3942052,9.445835,-0.9308837,-1.2237216,0.9809581,1.0449362,0.19081157
0.3463513,4299.0557,0.047950022,9.011272,-3.037596,-1.4236447,0.30986264,1.6067897,1.6982433
0.49690425,7170.8696,0.36765882,9.660979,-1.0005999,0.8451819,0.70428777,0.42404756,1.0511957
0.28934872,3508.3196,0.65738857,8.174067,-0.41948003,-0.95780027,-1.6664859,0.7958538,2.6420658
0.37639755,5249.1416,11.048866,9.518587,2.4023278,-0.6468322,0.38829443,0.55883235,0.55935365
0.4746452,3114.1702,0.11636681,9.208434,-2.151008,-0.28704864,-0.28461325,0.5159288,1.6631769
0.5263972,6544.925,2.3678913,10.015681,0.86199987,1.1372455,0.0055708806,1.3761857,0.978122
0.15070169,5593.795,0.0368882,7.8917756,-3.2998636,-0.19684127,0.065598376,0.9743527,0.2583074
0.2684025,5464.252,0.33602047,8.70482,-1.0905832,0.43212935,0.6362536,1.6689456,0.0014122294
0.29228193,4050.1816,1.4314184,8.359463,0.35866585,0.26489678,0.5741372,0.83990985,1.0134697
0.42818296,5490.8447,0.24927552,9.650814,-1.3891965,-1.8635515,0.43868437,0.67572045,2.4771266
0.21350895,5182.7207,0.41688663,8.341699,-0.87494093,0.7469578,-0.84258014,0.5131946,0.9941571
0.39471298,6088.251,1.0813844,9.226031,0.07824205,-1.9492043,-0.2381217,1.8338759,1.3561038
0.6240519,4751.6753,0.7030052,9.74602,-0.352391,1.6153034,0.30536693,0.11557404,0.082014576
0.431191,6062.8047,1.0934583,9.170398,0.08934538,0.8609237,1.7703365,0.086254224,0.43254462
0.42227685,5321.5283,0.0776515,8.790994,-2.5555243,-0.39047593,-0.69492877,2.5643828,0.86837935
0.37967,2682.2788,21.235165,9.210014,3.0556586,1.6631628,1.4020023,1.3619163,1.2997558
0.43297008,5078.672,0.6802081,9.284987,-0.38535652,-0.9319792,-0.80063653,0.3286434,1.9488592
0.22805832,5461.4863,12.109935,8.145863,2.4940262,0.55714655,-0.96166295,0.34704253,2.0947976
0.2790362,3636.4888,0.09228996,8.595809,-2.38282,-0.3517113,-0.00090981205,2.6013513,2.138782
0.55985874,5808.3813,0.7287775,9.985911,-0.31638673,1.5488889,0.71703446,1.0741602,0.07348895
0.14049047,3217.9463,0.0392711,7.8159723,-3.2372663,-1.5888016,0.37852278,0.18674958,0.89588684
0.4882829,5334.304,0.455108,9.609404,-0.78722054,-0.8678639,0.33784628,0.16391441,0.96638477
0.3855217,4219.0083,0.031518623,9.30274,-3.4571767,-0.08204623,1.5835634,3.4282048,1.8002234
0.2358674,5004.3984,1.4387075,8.689124,0.36374512,0.067659676,-1.1697301,0.83901423,0.7819331
0.5331609,5255.0464,0.028105184,10.167154,-3.5718012,0.60353047,-2.135048,1.3513243,1.1715066
0.2674175,5725.535,0.7637409,8.416979,-0.2695267,-1.7604865,0.096698955,1.5290241,0.22327596
0.2800532,5114.2974,1.3319901,8.3569765,0.28667414,1.5097939,0.36059904,0.41018245,0.41617733
0.46359324,4638.0664,0.568118,9.785315,-0.5654262,0.57112044,0.76868206,1.969391,1.1073924
0.51565105,5165.2227,0.2040786,10.013701,-1.5892501,1.1716889,1.1410762,1.5472386,0.013948696
0.4518438,4646.698,2.554414,9.157303,0.9378229,0.037836183,-0.85656625,1.3957341,0.89069444
0.43301737,5617.328,0.049520552,9.080642,-3.0053675,0.5688532,0.6563881,1.9560419,0.6590349
0.43771455,5742.3623,0.7998725,9.288021,-0.22330289,-1.3853701,0.1433951,0.97520524,0.48072144
0.33627883,3465.231,4.8925037,8.717666,1.5877042,-1.058234,0.7330729,3.0885267,1.6666458
0.44797635,5843.6494,2.565417,9.676663,0.942121,-1.6382574,-0.1919188,2.0708618,1.3473237
0.4862134,4338.6147,0.16446395,9.706335,-1.8050638,0.67595214,1.231575,1.4753042,0.467662
0.36427307,4507.9116,3.4826689,9.515552,1.2477989,0.1486097,1.4008495,2.5251107,1.2449768
0.3868379,5225.7314,0.018316202,9.135328,-3.9999692,-0.5191918,0.035200384,0.79214257,1.6189649
0.3724186,5583.7456,0.032681413,9.040143,-3.4209487,-0.005246514,0.34074432,0.73776865,0.23543134
0.3233115,5742.8994,0.9490536,9.060966,-0.052290026,-0.6380207,1.3350394,0.018466795,1.6615663
0.6057594,7187.507,0.41820985,10.117826,-0.87177193,0.23596072,1.6255324,1.8291967,0.557773
0.29010707,3147.8315,0.48644665,8.653608,-0.720628,-0.26391166,-1.0337136,2.5774484,2.5738003
0.3560079,5096.514,0.29211807,9.346661,-1.2305973,0.07081883,-1.2599487,0.012709768,2.7955542
0.45525306,3313.0435,5.2621813,9.149702,1.6605456,-0.78161573,-0.7086228,2.4585702,2.134806
0.533909,4934.4507,0.24797128,9.693477,-1.3944423,-0.6707434,-0.867762,2.2846224,0.06382662
0.51854193,4556.172,0.35404402,9.613649,-1.038334,-0.16026524,0.10497985,0.32271612,1.1889834
0.3712299,6473.891,0.021215383,9.373484,-3.8530288,-1.1294822,-0.9276812,1.4445783,1.4170587
0.47070596,3757.714,0.49928346,9.913918,-0.6945813,-0.24992234,0.8725502,0.56078774,0.40733692
0.37634555,6700.457,1.3618711,9.033709,0.30885956,1.2486234,0.40840948,1.0334163,1.6018676
0.2059639,5528.1714,0.066639364,8.119022,-2.7084599,0.97251034,-0.14390698,0.8403262,0.33492965
0.37655202,3250.7427,2.2017655,9.469254,0.7892596,-0.42020264,1.4431207,0.5685915,1.5363322
0.32193533,2971.3118,0.026762707,8.492941,-3.620746,-0.8004896,-0.5556499,0.5012771,0.5506754
0.6041494,5399.999,1.965683,10.4263,0.6758398,0.5324566,-0.042695392,0.5701271,2.3429732
0.30485898,4757.947,0.7414293,8.888119,-0.29917544,-1.0980945,0.93123275,0.43397596,1.5700829
0.28941622,5904.0835,0.06890708,8.802922,-2.6749964,-2.170755,-0.18223418,1.1430424,1.7114435
0.59850246,5560.3174,0.124079205,10.355191,-2.0868351,-1.6294843,0.81835943,1.2141795,0.23419645
0.503511,4063.187,0.4553835,9.652486,-0.7866153,0.058453448,0.91307944,2.1106253,0.4634076
0.41628304,5259.367,1.0397401,9.069049,0.038970795,-0.1851051,1.5805886,0.1563325,0.7214944
0.29882073,6085.4272,0.16079277,8.156763,-1.8276389,0.3513008,-0.36239323,0.6665554,1.1145484
0.5356438,5510.9014,0.23938298,10.029795,-1.4296906,-1.103142,0.25870752,0.742676,0.24289706
0.41635242,3653.5098,0.105999276,9.078929,-2.244323,-1.0863622,0.69985855,1.0858722,0.44672713
0.4320295,4949.9956,4.0583124,9.266516,1.4007672,0.3264246,-0.61058277,1.138093,1.402457
0.5249387,4818.798,0.30936894,10.068977,-1.1732208,1.412147,1.755873,0.4180982,1.139847
0.2531805,4307.9307,4.0936255,8.392081,1.409431,1.1184983,0.07854347,0.9027064,0.060446166
0.37866858,3152.1985,1.2216713,9.168356,0.20021982,1.552394,-1.3579351,3.2445362,1.0402896
0.39431667,4224.499,2.232038,8.494081,0.80291504,-0.73272043,-1.522528,1.4055843,1.4007522
0.40724945,4694.2144,0.015385816,8.903122,-4.1743093,-1.0186859,-0.5169538,0.03896176,2.8468685
0.28595108,4950.764,1.3006139,9.007423,0.2628364,-0.541068,0.4044991,1.2029132,1.0326254
0.43681198,5930.1807,1.9358083,9.562782,0.66052496,0.08974798,0.14539456,2.7994652,0.39402458
0.3648335,4698.624,0.052234575,9.320165,-2.9520106,-0.12210889,0.48169497,0.45763764,1.4753915
0.440214,3913.2173,0.0143300835,9.39354,-4.245394,1.4754963,2.2857652,1.1175828,0.077090226
0.32096732,5498.483,1.6040372,9.214835,0.4725237,-1.0454979,0.404097,0.2236077,2.3919308
0.37599233,5526.0596,1.28321,9.624534,0.24936482,0.26779312,-1.2336454,2.4465022,0.5846423
0.4785558,4898.3105,0.7658762,9.361831,-0.26673478,0.06590562,0.10042889,1.8347715,1.4684982
0.50138307,5436.872,3.3719306,10.049047,1.2154855,0.51699704,0.218129,1.1666386,1.5625427
0.2652682,6201.2593,1.4753989,8.473351,0.38892838,0.26297134,-0.18084075,0.398569,1.3569596
0.6805055,5323.7886,41.011612,10.685319,3.7138553,0.81702036,-1.1525009,0.9825368,2.7711267
0.37701467,3770.1907,0.03069533,8.784124,-3.4836447,-1.1038616,0.79852027,1.126437,0.7265245
0.37123722,5272.5986,0.04942818,8.83706,-3.0072346,-1.7290739,-1.3405095,3.2878294,0.8890959
0.33556917,6774.431,1.5593286,8.872487,0.4442553,-0.09503575,1.5184749,0.14139156,1.2341142
0.3022484,5979.3647,1.9543382,8.0633335,0.67005163,0.82238364,1.6129376,0.98765254,2.3656492
0.42990825,5395.2505,0.16381653,9.341457,-1.8090082,0.32780597,1.7515825,0.048061106,1.2972617
0.33782858,4393.9146,0.7938421,8.423885,-0.2308707,-0.33898336,-1.3046955,1.6266856,0.4923087
0.4711405,4414.883,0.0153208785,9.358508,-4.178539,0.3068403,0.024139067,1.7789694,1.1901135
0.45026264,5570.9272,0.07726538,9.447757,-2.5605092,-0.52454805,0.079775445,0.43224135,2.0701947
0.509821,5394.704,0.3825194,9.758961,-0.96097594,-0.6835616,0.2809355,2.080111,1.9267155
0.48429403,4171.495,1.602123,9.646812,0.4713296,0.6861213,-0.2477775,0.26193312,2.2768388
0.42188993,4982.2246,0.34614655,9.226502,-1.060893,0.051050898,0.5275323,1.2543626,0.101736374
0.37615824,7070.267,0.08863494,8.485449,-2.4232292,0.9733844,-1.4365261,1.0459403,1.0467188
0.40008697,4540.4087,0.53472084,8.916139,-0.6260105,-0.1365671,-0.09462063,1.3850724,1.0020212
0.4516257,4964.448,1.3650227,9.230681,0.311171,0.38064387,0.09266546,1.2031915,1.8531251
0.08267808,6136.2837,0.14400144,7.919095,-1.937932,-0.47359473,0.02290612,0.6445014,0.8006161
0.36262628,5943.415,0.6370735,8.93742,-0.45087028,0.101729386,-0.5866087,1.1786649,0.21070743
0.5585686,2507.498,0.039977707,9.740945,-3.2194333,-1.6607534,0.3667125,0.18815358,1.0604366
0.38651362,5734.918,0.017230269,8.987895,-4.0610876,-0.44279248,0.78736347,1.784425,1.4205084
0.32958126,6348.878,14.627901,8.342016,2.6829307,-1.4114546,-0.5238038,0.51072246,0.88219225
0.38531667,3514.4656,6.914576,8.847908,1.9336317,-2.0812554,0.5122885,2.4311452,1.6202222
0.4106866,4531.021,0.036392253,8.931518,-3.3133993,-0.18545741,0.370728,1.5278485,1.8205141
0.38095012,5354.907,0.025397312,9.073332,-3.673112,-0.99856013,0.721148,0.58099365,0.6051634
0.42940688,5495.5713,0.10269284,9.19757,-2.276013,-1.7899878,-0.5300817,2.1160088,1.4259555
0.53812635,5005.4204,0.5997061,9.993719,-0.5113155,1.2195604,-0.8410454,0.7065333,0.42535576
0.5165088,5443.8164,2.0779958,9.981575,0.7314038,-0.0012934885,0.565064,1.0766721,0.9398007
0.45062178,5545.012,11.985706,9.061113,2.4837148,0.40493527,-1.1327182,0.6678328,1.6392298
0.5703919,4636.5264,4.7178297,10.126924,1.5513489,0.007471972,0.8550091,1.6755536,0.6543431
0.4008907,4481.5205,0.025579814,9.423517,-3.6659517,0.13574299,-0.32961115,0.6635846,0.08552647
0.3758363,4588.5264,0.4631733,9.057424,-0.769654,0.08998801,1.5534567,1.3828373,1.0770069
0.47738785,5105.5903,0.027868876,9.297139,-3.5802448,0.11639948,-0.7540946,2.1875987,0.50838506
0.33159083,4586.689,0.05012567,8.951498,-2.993222,-0.0020470968,-0.95241755,3.162103,0.3827997
0.44156444,4747.1885,0.12453758,9.497376,-2.0831478,0.42406887,1.5900353,2.3519185,1.5176876
0.47135013,5684.2056,1.6456697,9.622066,0.49814746,-0.4781826,0.45432067,1.5866507,2.8658404
0.38233712,6162.933,0.5110049,9.052287,-0.67137605,-0.35483748,0.38432658,0.9749622,0.1260513
0.39991927,5516.939,2.9835029,9.6360855,1.093098,1.6172826,-0.2602405,0.20065005,1.4167826
0.4080765,5633.632,0.042986806,9.309758,-3.146862,-0.6474659,0.94987506,0.58371514,0.15894115
0.2656729,3360.8606,0.055189494,9.263777,-2.8969827,-1.3342985,0.06686004,2.2466497,0.87556624
0.36534676,5295.4917,0.12419733,8.6126585,-2.0858836,-0.251527,0.14820455,0.050620258,2.2624583
0.37573814,5760.702,3.6520662,8.604184,1.2952931,0.450646,-1.045195,1.5091592,1.0574945
0.55184615,4417.9233,0.020249706,9.968723,-3.899615,-1.2385914,0.7991485,1.4581816,3.2856343
0.39472634,6568.0186,0.76118445,9.019464,-0.27287954,2.0569808,-0.3993869,0.15708172,0.55548155
0.3248598,3924.5579,0.4347436,8.529315,-0.8329988,-0.45704883,-2.4905713,2.5629826,1.9493858
0.25002825,4068.004,0.52983165,8.157061,-0.6351959,-0.70247144,0.63653165,0.41311112,0.04668483
0.13716218,5490.7485,16.931131,7.9653335,2.829154,0.26836023,1.4344076,0.33229658,1.3133024
0.55149645,7064.6885,0.27437854,9.9823065,-1.2932466,-0.18321833,-0.37227035,1.7015238,0.30359372
0.48238367,4209.5356,1.1052914,9.967588,0.10010901,-0.87554634,1.3198402,1.3855057,0.79255116
0.42005605,3894.9414,3.473662,9.047409,1.2452093,0.18812945,0.9740286,1.2100545,0.0037965395
0.4048627,6971.4697,0.2722716,8.954245,-1.3009552,-0.88930845,1.9409477,0.6091409,2.0801082
0.3115694,5885.7686,0.028326428,8.911932,-3.56396,-0.4204269,1.8248721,1.0288266,1.1955047
0.3442282,4284.7197,0.2300808,8.965633,-1.4693247,-0.71048456,-0.08717427,1.2038058,0.33098593
0.39340663,6256.8687,0.050746582,9.144884,-2.980911,-0.26836878,0.5106803,3.3940215,2.4648683
0.21518558,5106.13,0.40935877,8.184253,-0.8931633,1.0416675,-0.7066108,2.932515,1.8931063
0.40263543,6010.344,0.030970128,9.813831,-3.4747322,0.47939086,-0.29681745,2.5431757,0.74701345
0.5260071,4051.912,0.18922114,9.530196,-1.6648389,-0.16921675,0.77321506,1.8612252,1.0931947
0.28593692,5434.9126,1.6944336,8.587433,0.5273485,0.94993,-0.56895983,0.36229765,1.3719624
0.33912972,5314.076,7.1652455,8.933586,1.9692423,-2.0556483,-1.9022659,0.3511472,0.5808536
0.46510333,4203.538,0.050131336,9.486539,-2.993109,1.4269456,-0.19627889,0.39797115,3.3693008
0.3069552,5094.304,0.013300541,8.985164,-4.3199506,-0.4147584,0.27072328,0.49776408,0.6052986
0.2946183,4955.857,11.645302,8.254624,2.454903,-0.7158029,-1.519416,0.36497694,2.089762
0.49334443,5104.547,0.19823977,9.761805,-1.618278,-0.41209704,0.6656528,0.06379589,1.1768708
0.35004523,5416.749,0.37573665,8.844551,-0.97886676,0.44455463,-0.8232956,1.4279957,0.18293166
0.5469054,3758.6782,0.46157128,9.63475,-0.7731188,0.06361041,-0.3577712,1.7623137,1.127637
0.22215,4372.8076,0.60664123,8.101435,-0.49981773,0.028720282,1.4212954,1.6235331,2.1923792
0.38077492,4501.005,0.7869576,8.9937935,-0.23958084,0.37858954,0.42111006,0.042423293,1.8791497
0.42012587,5154.16,0.044237923,9.289068,-3.118173,0.93350327,-0.42661384,2.1520538,0.34610754
0.30483794,3973.73,3.836875,8.495232,1.3446583,1.781667,-0.9305154,2.733058,1.4496943
0.44156516,4782.87,3.586581,9.468466,1.2771994,1.008431,-0.55043155,0.49138007,0.9697337
0.61045915,5858.0254,0.86933875,9.690212,-0.1400224,0.15991338,1.170582,0.5199368,0.29161713
0.43765062,4565.3506,1.0606151,9.415095,0.058848936,0.6865721,0.6728499,0.79905355,3.5865605
0.44022343,5481.01,1.263355,9.477752,0.2337709,1.2313715,0.48635554,3.6176798,0.17520371
0.47080255,5641.744,0.026917644,9.352415,-3.6149733,1.3506932,-1.2060616,2.573318,1.8420534
0.42021903,4063.2578,1.3134085,9.657647,0.27262568,0.42506522,-0.73438203,0.78186333,1.0877156
0.40105343,4377.2603,0.12208519,8.809541,-2.1030362,-0.020860104,-1.8696833,0.012231276,0.10250662
0.38476592,5425.5547,4.88147,9.622812,1.5854465,0.37264815,1.4378392,0.03843246,0.05292503
0.32491776,4739.059,0.013044566,9.057986,-4.3393836,0.6051524,1.694731,1.0123612,0.19663526
0.44711763,5425.7285,0.01299873,9.435747,-4.3429036,-0.9767802,-0.5590637,0.69663745,3.2739117
0.4498035,4596.9766,1.7845374,9.867401,0.57915926,0.10926335,0.013557951,0.24864936,0.60468745
0.35379183,6031.44,0.10376209,9.258765,-2.2656546,1.8078747,0.9552241,1.9167435,2.102731
0.43760094,5227.4893,0.06349106,9.350978,-2.7568562,-0.3173921,-0.70331305,2.6900666,1.1767318
0.37405258,4268.0635,0.33412427,8.759118,-1.0962423,0.30491522,-1.2582837,1.4325424,0.03378329
0.33737037,4769.979,6.424953,9.3711195,1.8601893,0.21099623,-1.1752132,0.5413496,1.1623673
0.46575996,5066.206,1.7397218,9.762228,0.5537252,-1.4342916,-0.2926066,0.15578651,1.8142176
0.4687433,5121.644,11.868447,9.721191,2.4738834,0.6755181,-0.28447852,2.6444583,0.41378775
0.29668853,4998.7944,0.5133126,8.600346,-0.6668703,-1.0870817,-0.5844551,1.5936841,1.1241632
0.38894182,5882.588,1.2521347,9.426806,0.22484986,1.9530605,0.0852051,0.12712726,1.1278384
0.33643383,5244.628,0.28747076,8.930067,-1.2466341,-0.28530252,-1.1246504,0.78186023,1.8033916
0.43738925,5647.1094,0.7602816,9.235238,-0.27406633,1.8783488,-1.5120484,1.4920354,1.2528801
0.45679256,4254.2773,2.196407,9.353208,0.78682286,1.2199205,0.37522042,0.50493115,1.5163583
0.40739036,6491.8076,0.11863097,9.722406,-2.1317377,-0.54458827,-1.510628,0.36307043,1.0619578
0.35644388,5198.0234,0.34460577,8.692872,-1.0653542,1.6217765,0.20336168,0.52323675,0.810747
0.41819495,4465.0713,0.040343963,9.366797,-3.2103136,0.73223877,-0.597698,2.1213229,0.98177373
0.45176747,3527.2446,0.40498626,9.235405,-0.9039022,-0.628564,-0.04512081,0.78644305,0.28279662
0.5124292,3974.569,0.0016878331,10.089146,-6.38431,-0.60639006,-0.8858056,1.2910067,0.4160937
0.19726343,4218.2144,0.30018878,7.615432,-1.2033437,1.0758853,0.43149006,1.4260637,0.45871025
0.27092153,4654.1494,0.055376723,8.564462,-2.893596,1.0502217,-0.9004036,2.1546152,2.3067877
0.3718182,7003.904,4.317809,9.556597,1.4627482,0.7684471,-1.2886622,3.0331922,1.9088898
0.36052066,4935.587,0.21145436,8.98553,-1.5537461,-0.3125909,0.5661454,0.72903675,2.5064948
0.387478,3016.513,0.19995351,9.380233,-1.6096704,1.4162122,0.54022914,1.5870626,2.3851702
0.33300385,6725.289,3.2683673,9.251503,1.1842905,0.18095359,1.1297387,1.0993996,0.51132524
0.51237607,6926.582,0.65573215,9.80598,-0.42200282,-0.83808476,0.6179177,1.2892609,0.64892334
0.3424391,4109.01,8.149677,8.977557,2.0979784,-2.041716,1.5879709,0.94579357,0.29357556
0.47334898,3994.0242,1.7232827,9.543811,0.544231,0.25950813,-0.6869343,0.17561981,4.19109
0.16358791,4720.715,0.4600597,8.12463,-0.776399,0.023739439,1.9972414,0.5974506,0.089026935
0.49686456,4863.58,46.53115,9.520377,3.840122,0.87486327,0.3054408,0.7031936,0.3439173
0.13648504,3984.9565,0.09482378,7.5380263,-2.355735,0.1288382,-0.72141993,1.0783551,0.98414713
0.37862337,3565.944,0.5509334,8.890567,-0.59614134,1.0217856,0.63869464,0.068880536,2.1337895
0.27721408,4716.123,32.322582,8.861294,3.4757662,-0.5917108,-1.8432342,1.0596173,1.6068385
0.55676335,5351.113,0.115220726,10.370805,-2.1609056,0.12582725,-0.18384099,0.36238742,0.049960107
0.46076536,5966.978,1.7696712,9.274449,0.5707938,1.6116713,-0.780037,0.63654536,0.6913316
0.4811443,5045.042,0.6041751,9.902476,-0.5038913,-2.15472,1.3572702,1.3704754,0.43285254
0.4636656,6077.265,0.36676827,9.568542,-1.003025,-0.83983725,-0.106535934,2.2557178,0.90151113
0.30638576,3471.9546,2.9070687,8.712294,1.0671452,0.8039101,0.22057892,0.31151745,0.33349445
0.44727147,4839.1963,1.8287021,9.144233,0.60360646,-1.0109783,-0.7542062,2.3258336,0.8944657
0.39703968,6483.073,1.0358996,9.129843,0.035270303,-0.92386365,0.23444903,0.42437714,0.124426
0.28984678,4851.631,0.12567425,8.648929,-2.074062,0.68385553,0.6197491,1.5907383,2.5116308
0.40006998,5261.6025,2.3979433,9.471974,0.8746114,-0.7099993,-0.28434688,0.7848004,1.0252385
0.37490216,5008.71,0.7026657,8.805342,-0.35287404,1.2113256,1.6103741,0.050909303,2.7110486
0.42439687,6150.5024,0.9859713,9.556368,-0.014128079,0.33843982,0.54009986,0.20787956,0.24198043
0.4201541,4535.8525,0.07434779,9.520142,-2.5990014,-0.7167638,0.4283807,1.1110632,2.6108122
0.35781878,3481.377,0.3984545,9.340741,-0.920162,0.023481492,1.6223389,1.6925259,1.5422753
0.4199679,5934.778,0.18866801,9.283499,-1.6677663,-0.9197575,-0.63739854,0.52069247,0.33575204
0.36480093,5929.3364,7.337006,8.820744,1.9929309,-1.367632,-2.1611834,2.5495424,2.0544555
0.32962516,4696.232,0.20492353,8.914474,-1.5851184,0.042427562,0.87505305,1.4644158,2.11364
0.40247035,3384.0645,1.3271447,9.360873,0.2830298,-0.7066783,-1.3830537,0.072671995,0.8693184
0.28627133,3879.3706,1.1685739,8.32702,0.15578407,2.5061798,0.35466197,1.8595513,2.6003246
0.27270898,5976.7603,1.4955335,8.00739,0.402483,-0.29190493,-1.2425605,1.1095666,2.464109
0.30513507,5201.704,1.6794258,8.578065,0.518452,-0.51209307,1.1140015,1.8494083,1.5267297
0.39775378,4627.094,0.049905792,9.702084,-2.9976182,1.8281487,-0.19005308,0.03997935,0.47373658
0.5199242,4847.27,0.42687187,9.663858,-0.8512714,-0.42742962,0.8326412,0.9305415,0.3378019
0.14708641,6117.354,0.60874045,8.094808,-0.49636328,0.49482942,0.036635913,0.13641429,0.51932234
0.40042025,6253.8516,0.07910204,9.019311,-2.5370166,0.04588372,-0.36930323,1.3710065,3.0779355
0.2782811,6782.573,0.027491806,8.70501,-3.5938673,1.6791984,-0.6721054,1.3590078,2.6905346
0.4373529,5029.7124,2.2314157,9.509019,0.8026362,-2.016927,1.3087336,0.42981914,2.5539286
0.32117715,4203.7266,1.3772166,8.98761,0.32006449,-0.2684778,1.5188752,3.1026917,1.6332057
0.27902403,5640.038,0.14045472,8.313271,-1.9628701,0.51145595,-0.9885225,0.9105694,1.8533452
0.29731846,3844.1633,3.080451,8.804105,1.125076,0.580801,0.2225324,0.9267197,1.1151023
0.52955353,4807.837,2.7793474,9.903054,1.0222162,-1.2894742,1.7802471,1.2210221,0.14633526
0.27763855,6600.411,0.77152485,8.261238,-0.2593864,0.14489117,-0.26638398,1.4257001,0.492102
0.2930354,4763.7705,3.4651098,8.271863,1.2427443,-0.44762486,-1.0859537,0.8724449,0.6565257
0.43505135,5727.8594,0.0062986766,9.446097,-5.0674157,-0.71885383,-0.022175187,0.2466876,0.27355337
0.47969624,5957.736,0.15091054,9.660119,-1.8910681,-0.58274275,-0.27452934,0.7583044,1.331591
0.28780997,4386.9033,1.1775477,8.519473,0.16343406,0.5502103,0.25953752,3.9560523,2.675909
0.4044383,4547.5664,0.22656804,9.359789,-1.48471,0.6410129,0.46719086,1.4099035,0.21070969
0.46147192,4219.1753,0.26621678,9.334665,-1.3234444,-0.063717745,0.08307241,0.9532038,0.24178973
0.46041185,3274.4224,3.733301,9.652741,1.3172928,-1.8988686,1.7908283,1.2534819,1.0805022
0.32995048,5357.4346,0.9208836,9.190998,-0.08242165,-0.014783358,0.047620226,0.34828934,2.3278377
0.28982043,6686.258,20.13401,9.253409,3.0024104,-0.6238562,1.1747324,1.7199054,1.0606886
0.31854513,6198.2573,0.0010543249,8.862607,-6.8548546,1.5039963,-0.34383813,2.1952088,1.3643653
0.33079854,5721.8047,0.5503813,8.749752,-0.597144,-0.7336822,-0.5698133,1.4592888,1.0134201
0.3909213,3653.504,0.15984114,9.313613,-1.8335749,-0.6691192,0.6612283,0.65644747,1.3174633
0.5138477,3891.4878,0.8009714,9.666515,-0.22193007,-1.3573238,0.62610674,2.9752853,0.6764669
0.33157408,4826.13,0.14275675,8.980079,-1.9466132,1.3930957,0.42566606,1.0056332,2.4061472
0.18633293,4677.014,2.3344028,8.618436,0.8477561,-0.2125335,-0.42096913,0.86145425,1.9742899
0.54805726,3918.6733,0.031999126,9.991169,-3.4420466,0.71804446,0.6633458,0.45569584,0.64200485
0.42058128,5731.703,1.3975915,9.402359,0.33475038,-0.230418,-0.57431954,1.9080749,0.034916244
0.46713772,4522.952,0.020456582,9.767745,-3.8894506,-0.080456376,-1.1505096,0.22398026,0.468326
0.474427,3915.3215,7.6873493,9.672496,2.039576,-1.2900187,2.5996146,0.13344789,0.8046182
0.32009855,4963.4736,3.6268938,9.102137,1.2883766,-0.33887544,-0.77473146,0.33279824,2.4016995
0.30396333,4831.48,0.39038318,9.02626,-0.9406265,-0.9767162,-0.42034334,0.6506578,0.18954302
0.47659492,5323.2188,0.28303802,9.477652,-1.262174,-1.2623466,-0.4906053,0.005369351,0.8880353
0.4639098,5496.303,0.42635727,9.866699,-0.85247767,-0.62938595,1.0942075,0.7410177,1.1199269
0.53820145,4069.3325,0.17507064,10.325773,-1.7425658,-0.2579631,-0.37792593,0.9841699,0.8276327
0.4374661,5541.247,7.9125733,9.2375,2.068453,1.6200804,-2.4919748,0.85406184,1.38263
0.40965223,5920.3184,0.0038842675,9.316306,-5.550821,0.33479968,0.677503,1.0403284,0.7730124
0.16837977,5044.0415,0.07614492,8.172374,-2.5751169,-1.7121186,-1.1706036,2.3710485,1.990854
0.35466963,5277.876,0.17250411,8.457228,-1.7573342,-0.87517464,-0.28940877,3.4600322,2.0180082
0.58041096,3525.0872,0.09859662,10.035561,-2.3167183,0.8837802,-0.11553055,0.9411206,0.56271833
0.2996658,4832.3667,0.4130247,8.556622,-0.8842479,1.7704569,0.6804839,1.4658706,1.5483512
0.45300138,5412.829,0.36261415,8.947161,-1.014416,-1.1347029,-0.40032366,1.7831056,2.0540662
0.47752786,4182.8184,0.006673358,9.448572,-5.009632,-0.0052187243,1.005918,1.4604245,3.5605762
0.5910732,4824.5933,2.1223488,10.158405,0.7525234,-1.9737934,0.3789292,0.44099212,1.7412843
0.43541613,5123.0566,0.13082153,9.645258,-2.0339212,0.024692336,0.45332703,0.3376109,1.7103479
0.33816206,5050.241,5.7656937,8.676377,1.7519255,1.4670707,-0.91551596,1.086568,1.722417
0.4278644,3220.4048,0.9911883,9.297416,-0.008850788,0.14857101,-1.0966905,0.44165415,2.0217102
0.539582,3597.859,6.773385,9.998111,1.913001,1.1432809,0.18440188,0.40285447,1.1090113
0.3152398,4592.3735,1.3225243,8.584209,0.2795423,-0.8535876,-0.35016686,1.1161191,1.2821063
0.44260675,3861.8228,0.015200287,9.526971,-4.186441,0.6447012,1.0870484,0.047792487,2.2494419
0.36615598,5103.137,0.71105576,9.273648,-0.3410045,-2.268108,0.2485804,4.1600614,2.9814963
0.41787693,3128.827,0.25205025,9.475666,-1.3781269,-0.08534471,-0.7044151,0.9642219,0.94165933
0.4929273,6368.0034,6.821773,9.286814,1.9201194,-1.3430663,-1.8928446,0.97211766,1.2262206
0.37136453,4153.193,4.349477,9.065308,1.4700556,-0.27094075,-0.17982271,2.5896358,1.2765852
0.46467704,4893.591,0.78107643,9.969561,-0.24708231,-0.55452883,1.147777,2.0317693,2.3930182
0.2574585,6850.0127,2.5143173,8.3881035,0.9220013,-1.7686442,0.866786,1.5252924,1.0033376
0.5019147,4798.9336,2.9035182,9.727063,1.0659232,0.9253131,-0.8950394,1.716832,2.3063176
0.38505524,6639.4,5.6964846,8.922894,1.7398492,0.23174459,-1.0571164,2.0622509,0.22564563
0.5421494,4069.4993,3.1299412,10.1881895,1.1410142,0.7362684,-0.55455184,3.4213812,0.5312804
0.32714757,6236.3633,1.0666555,8.684749,0.064528055,0.6371645,0.16007258,0.3172382,1.6749816
0.21660021,5556.6387,0.20674048,7.5757184,-1.576291,-1.6934677,-0.8939614,2.5461817,1.8396782
0.44698885,4948.583,0.099094436,9.504802,-2.311682,-1.9176694,-2.0113933,0.06784161,0.05080077
0.42426908,5850.2515,0.82815456,9.056517,-0.18855551,0.81382835,1.3359864,0.8347937,1.9835497
0.19584452,5478.876,0.5481254,7.7415,-0.60125124,2.263029,2.1347954,0.39275235,0.062566906
0.35500047,5694.672,0.010242743,8.8640585,-4.581186,0.63196427,0.30981407,0.48609078,1.5429564
0.339002,4928.52,2.2403412,8.739124,0.80662817,0.14337425,0.87940073,0.027618077,3.6902509
0.63411516,5151.292,0.3107062,9.9515,-1.1689075,0.59432054,0.008896762,1.2907449,2.4187763
0.45514497,4780.915,0.009818157,9.775835,-4.623522,-0.071623325,-0.61538243,0.5943591,2.0809486
0.5871014,4871.88,2.0811892,9.972288,0.7329395,1.8260139,-0.40986878,0.11490152,0.6733958
0.328133,5368.9805,3.0234313,9.383034,1.1063924,0.3103063,-0.35713857,0.16023012,0.013577554
0.38903627,5217.6455,0.028959982,8.97697,-3.5418403,0.18314554,-1.0456203,0.01673677,0.4627302
0.41255277,3181.9539,0.2006916,9.01919,-1.6059859,-0.5574378,0.04977992,1.1286918,0.11588155
0.4273953,5799.8506,0.015775515,9.092664,-4.1492963,0.24728222,-1.4705521,0.60337114,0.36508286
0.5906637,3719.1172,0.09815576,10.370076,-2.3211997,0.713641,-0.6604478,2.1578336,0.32811797
0.425223,5921.9775,0.028304176,9.623246,-3.564746,-0.40834084,1.8395991,1.5119097,1.1899699
0.28357115,6197.657,0.056523282,8.321357,-2.8731027,0.674993,0.29433283,0.51064265,2.55717
0.30513602,3289.729,0.71035665,8.57721,-0.34198812,1.5511597,-0.8673833,1.7787974,1.270494
0.5217929,4588.241,0.40843838,9.667019,-0.8954142,1.5209696,0.9746064,1.1555201,3.073148
0.49077812,4799.5415,0.4537229,9.547731,-0.79026866,-1.6499912,0.34879133,2.1555824,1.6682183
0.39284652,3362.1265,5.3884606,9.50457,1.6842598,-0.05417767,-0.9507587,1.1699073,0.2526903
0.24216297,5235.997,0.21509007,8.910159,-1.5366985,-0.35468027,-1.4544672,0.770803,1.8914286
0.5562206,5320.2124,14.907039,10.231282,2.7018335,-0.5324874,-0.22487701,0.6698596,1.420133
0.3674808,4127.156,1.5608692,9.162868,0.44524288,-0.113133386,-0.88820755,1.6016043,0.27250367
0.34423375,5982.419,0.12766312,8.783623,-2.0583603,-1.2423201,0.8219956,1.3170189,1.422849
0.5149621,6951.6914,0.0034474623,9.150668,-5.670117,-2.188717,1.8045431,2.6229012,1.2176223
0.5374136,4488.3823,0.8899903,9.825701,-0.116544664,-0.23525517,0.14384554,0.8422935,0.49178746
0.5579363,2964.938,0.029500028,10.2775755,-3.523364,-0.6328119,-0.99557555,2.212124,0.82592636
0.38401276,5742.6953,9.314399,8.997522,2.2315614,-1.9125587,-0.5021575,0.043556858,0.5523225
0.39047253,6014.3247,0.11360063,8.978087,-2.1750662,-0.50799835,-0.479083,0.5653901,0.7725372
0.37637767,4938.2056,0.047017686,9.256856,-3.0572314,1.0660906,0.98015106,0.6168278,2.6841276
0.3215821,6978.829,0.41855988,8.640734,-0.8709353,0.20740415,-1.6889548,2.203036,0.6765299
0.17527369,4185.7646,14.980255,7.929099,2.706733,0.67952037,-1.0379909,0.53374386,0.4518195
0.25371832,4007.4507,0.07191734,8.5668745,-2.632238,-0.19737078,-0.19471122,1.6256802,0.32532322
0.45100027,6023.925,0.1772309,9.591258,-1.7303019,-1.1755762,1.1931719,2.5043526,0.048318963
0.34894052,5914.9346,0.036387715,9.024305,-3.313524,0.61202055,-0.46812934,1.3256625,1.1057847
0.30622172,3886.1394,1.261543,8.980252,0.23233564,-0.37122688,-0.05689,0.43915874,2.7511065
0.42959955,5710.1006,0.28464398,8.838543,-1.2565161,-0.8156009,-0.38627836,0.96231174,0.108068615
0.35986978,4295.332,8.4911995,9.558724,2.1390302,1.6132087,0.7203123,0.9189009,1.749843
0.37317684,6059.5674,0.07157956,8.403855,-2.6369457,-1.1203274,-1.3476875,0.48888674,2.387744
0.49672192,4014.937,0.0781057,9.654221,-2.5496922,-0.17233549,-0.4968438,1.1689193,0.8301001
0.39675003,5972.109,0.12575226,9.258126,-2.0734415,1.7072701,0.54261714,2.9748032,0.010012076
0.42968768,4354.96,4.300874,8.855583,1.4588183,-0.0923262,0.58426666,1.401474,0.5706863
0.5299168,4280.8306,0.15275888,10.056824,-1.8788946,1.8868397,0.9368427,0.69913644,1.5046772
0.40113634,5975.1567,0.022589102,8.986798,-3.7902877,-0.16886179,0.87569165,0.10301072,0.80205685
0.352146,2857.8577,4.068853,9.082864,1.4033611,-2.1343799,-0.36433652,0.6751356,0.2035222
0.30830848,5990.417,0.38306212,8.857675,-0.95955807,-0.005941565,-0.58922327,1.9975027,1.6861652
0.398585,4291.5566,0.13824357,8.929582,-1.9787382,-1.3526103,-0.64488715,0.85965025,1.5420287
0.282351,4127.2505,0.8870088,8.905019,-0.1199004,-1.819898,0.62691945,0.38674903,0.84610575
0.56605715,3601.559,0.0075868806,10.162702,-4.881335,0.9887498,0.35536373,2.425183,1.6449565
0.35294855,4481.617,0.68578684,8.664467,-0.3771884,-1.1260338,-2.2158055,1.6385368,1.4063487
0.3344219,4930.3823,0.5867122,9.177445,-0.53322095,0.62980694,0.37671295,0.16423094,0.46390763
0.48099455,4800.6646,25.620358,9.496071,3.2433872,0.94764525,-0.21349269,2.0429268,0.54163647
0.42098066,3446.5066,5.1278443,9.5321245,1.6346854,-1.2302712,-0.93625355,1.9468127,0.69996345
0.34421045,5186.8853,0.22677253,8.770903,-1.4838078,0.97533166,-0.7757028,0.6426727,0.6101549
0.46453288,5485.434,0.028042361,9.572882,-3.574039,-0.33771864,-0.360582,0.4667062,2.1504002
0.50268555,5461.5996,0.24988666,9.91532,-1.3867478,-1.7060759,-0.18557292,3.2754295,2.5060759
0.47908223,6382.9443,0.3205715,9.485899,-1.1376499,0.45536187,-0.4128788,0.40071526,0.51958126
0.3888902,4956.8916,0.3282405,8.928033,-1.1140087,0.86604404,-0.8638434,0.8776411,0.705237
0.47424525,3740.8052,0.016336394,9.85158,-4.11436,-1.648879,0.8973815,0.7692732,1.616159
0.45010883,4849.332,2.8961215,9.740482,1.0633725,-0.9151125,0.72589433,3.513271,1.0132602
0.44586122,6484.747,0.12221412,9.433591,-2.1019807,-0.5237164,0.8158861,0.34131426,0.62039775
0.3943579,4473.826,0.06258344,8.867567,-2.7712545,-0.047235973,-0.97370136,0.5306455,1.1442667
0.51482606,6911.0415,0.10127301,9.98462,-2.2899354,1.7284127,2.5650427,0.2667716,0.6667424
0.5213759,5333.7607,1.0341171,9.318323,0.033548012,1.5636833,-1.2219665,0.65560013,2.0868735
0.17013024,5522.157,0.36917055,8.253251,-0.99649656,1.3315972,1.440235,0.2781813,0.29884046
0.43657166,2807.2002,0.9525159,9.355243,-0.048648454,-0.104660615,0.030713353,1.7527792,1.6009914
0.3983162,4869.2476,1.5838678,9.134936,0.45986986,-0.48151997,1.3359163,2.671855,0.9637645
0.30073592,7068.089,2.6478593,8.125503,0.97375154,-1.0157629,0.5800729,0.81153846,0.9787614
0.30988854,4274.0146,0.77981997,8.644456,-0.24869223,-0.16449839,-1.5046998,2.2988467,0.75219405
0.507141,5272.4985,6.7153473,9.963799,1.9043956,-1.0870547,-0.52988017,1.932631,0.48026755
0.06600243,5954.0425,0.034115657,7.6382866,-3.3779988,-0.106560275,0.04651309,0.84607846,3.081721
0.39062405,5708.78,0.0208605,9.117797,-3.8698978,0.1963558,1.2846676,1.8154421,0.72995085
0.21887587,6012.7144,0.45334542,8.371882,-0.7911009,-2.0714195,-0.046731915,0.9175525,1.0688227
0.63533866,4723.808,0.021584282,10.131752,-3.83579,1.0625012,-0.83119726,0.06793763,1.853602
0.37367135,5758.616,0.028366255,9.899498,-3.562555,-0.0047373297,0.55110604,0.8724539,1.4261799
0.512983,5085.0903,0.010350132,9.629717,-4.570756,1.7939668,1.35996,2.0011826,1.1227454
0.29887432,4647.589,0.1826798,8.6030245,-1.7000204,-1.469238,0.017753808,1.0181338,0.098975
0.3277525,5989.4507,5.0601826,9.106463,1.6214026,-0.24587525,0.38345355,0.10678229,0.10509861
0.21740328,4786.9287,2.9650087,7.663638,1.08688,0.14893901,-0.0015564446,1.9778792,2.3490756
0.45479235,4706.56,3.5279927,9.12443,1.2607291,-2.3320925,0.2484972,1.9222777,1.3710957
0.34390107,4365.495,3.6982338,8.774413,1.3078554,-0.16136192,1.061725,1.2890209,2.7631059
0.3640096,5107.3438,0.7480625,9.211201,-0.29026875,0.39633492,-1.0433172,2.6993036,1.5673213
0.5181602,4460.3945,0.028336126,9.692476,-3.5636177,1.2942048,0.027280634,0.5123809,2.6974084
0.42261004,6628.3906,1.1216599,9.33125,0.11480966,0.12109156,-0.19535565,0.5893989,0.82309484
0.4002306,5423.0557,0.021500057,9.144219,-3.8396997,-1.5506272,-1.1445476,0.051938124,0.26089305
0.45551792,4602.628,0.4589147,9.55335,-0.7788909,-2.098394,-1.5518036,0.091409504,1.4426723
0.46835014,5048.8525,0.521686,10.247522,-0.65068936,-3.0810628,-0.30661997,1.2528883,2.7596054
0.49170667,4864.76,0.41909716,9.327114,-0.8696525,-1.8226081,0.73300594,1.609839,0.7499245
0.4973142,3730.891,0.23157668,9.31325,-1.4628443,1.1487532,-0.030549973,1.2499766,0.9546762
0.50429064,4424.0625,0.19231567,9.981614,-1.6486171,-0.41820365,-0.40934822,0.41625208,0.12309002
0.32512856,5125.0713,0.6082352,8.517791,-0.49719363,-0.0012310366,1.2762321,1.1107855,0.95237434
0.39492708,7593.9834,0.26169088,9.0517845,-1.3405913,-0.37073454,-0.14806542,1.156475,2.0298183
0.44899333,4651.554,5.8033104,9.564115,1.7584286,1.5208024,0.7000552,1.1990964,1.1558012
0.28213382,5727.616,0.1287742,8.767295,-2.0496948,1.384079,0.08005513,2.3079004,0.3230416
0.52191633,4879.796,0.07744089,9.580888,-2.5582404,-1.4113711,-0.90242225,1.053039,1.3579108
0.3520552,5208.6885,5.350819,8.675734,1.6772497,1.596441,1.3554709,1.5912147,0.005919097
0.4297364,4964.8237,0.3986645,9.413208,-0.91963506,-0.19133902,-0.122340396,0.5542689,1.2964661
0.48883736,6091.219,0.019669574,9.345103,-3.9286823,-0.53648514,0.57234716,1.4252867,0.9433941
0.36701262,4675.99,1.3351878,9.460294,0.28907195,-0.19577323,0.43682536,1.4830731,1.1318402
0.30579466,5843.784,0.4692227,8.466218,-0.7566778,-0.79726344,0.6563692,1.8379095,0.9571146
0.46266782,5462.747,0.17129777,9.108927,-1.7643518,-1.4594808,0.4609228,1.7912369,2.4819705
0.3330388,5281.766,1.6192142,9.09485,0.48194098,0.20131151,-0.258991,1.1344692,0.24448736
0.70396674,4808.673,0.040602937,10.920065,-3.2039149,-1.0660013,0.98944473,0.5870339,1.0490178
0.4699103,5125.8916,0.010761573,9.602501,-4.5317736,1.1839298,0.30159685,0.53938967,0.54652447
0.4346449,4912.1357,1.040122,9.363036,0.039338063,-0.30823955,1.933362,1.005064,0.20801759
0.5243563,5100.1553,2.093508,10.201897,0.7388412,0.21877347,1.2276849,2.8209245,0.5849305
0.4784826,5351.0127,0.14717482,9.639663,-1.9161341,0.25195745,-0.7390763,2.870439,1.0456161
0.45873052,6793.932,0.9210926,9.118576,-0.08219465,-1.1458054,-0.5595696,0.14558724,0.023549661
0.22657456,3691.7063,2.0170202,8.41382,0.7016213,0.22177283,-0.32175916,0.37981558,0.5747104
0.25926858,3531.9656,2.0406325,8.597321,0.71325976,0.5217845,-0.41678676,0.99409395,0.9433444
0.4283981,4519.0254,0.6833141,9.2525625,-0.3808007,-2.3706362,0.70505387,0.5588379,0.75305194
0.3973914,5645.541,0.58338654,8.740851,-0.5389053,0.21791598,0.5702283,0.1849422,3.4578724
0.52433676,4934.13,0.6846256,9.540569,-0.37888312,-1.4547734,-1.2324613,0.31545863,0.93523735
0.4102487,4444.9033,18.652973,9.360774,2.9260056,1.6432648,0.3340713,0.6921689,1.3256774
0.44674402,4665.639,0.26657435,9.348584,-1.3221021,0.9827683,-1.00048,0.4600417,1.2475276
0.100266725,6575.2705,0.41500434,7.50172,-0.8794663,0.4031585,1.5464938,2.3471565,0.5937764
0.3642121,2735.05,0.70200276,8.800142,-0.35381794,0.92201346,-0.47030032,3.958315,0.54955775
0.39267853,3697.6304,1.4584712,9.530869,0.37738875,-0.60945445,1.074478,1.2079021,2.1937704
0.53925073,4529.809,0.054465428,9.837913,-2.9101892,0.88332427,1.1051449,0.50821507,0.18941675
0.5169983,4742.582,0.044543542,9.495146,-3.111288,-1.0324448,0.6732629,0.17985578,1.8165809
0.42562008,4474.082,0.31861395,9.409201,-1.1437751,-1.162071,-1.3211054,1.6033784,0.12157426
0.4180755,4073.65,0.029615114,9.4505625,-3.5194705,-0.9166119,1.529242,2.2847462,1.9187963
0.32030654,5911.025,0.22225374,8.454611,-1.5039356,0.26421875,-0.98526585,2.2045388,1.3905592
0.44889715,3352.0813,1.607939,9.534633,0.4749532,0.81864774,-0.40364486,0.35631594,0.34586662
0.5245363,6758.346,0.1549906,9.681552,-1.8643909,0.096236944,-0.18777345,0.29098222,0.762698
0.122176886,5698.39,0.059306137,7.6572976,-2.8250425,-1.5450208,1.6756393,0.44077402,0.10802121
0.30195493,5781.672,0.16400297,8.8777275,-1.8078707,-0.28731206,-1.1596823,0.28248844,0.64108497
0.5603688,4346.5967,0.034988,10.037972,-3.35275,0.036334805,-0.86501557,0.19237104,1.2790934
0.39345574,4530.228,0.29104632,9.012559,-1.2342728,1.5646237,0.19206293,0.3959605,2.5871358
0.30755782,4866.2183,0.9279092,8.335316,-0.0748214,2.1498055,0.4589545,1.7370465,1.7934792
0.32105067,5419.5723,0.005480961,8.859768,-5.206475,-0.42841065,0.14303221,0.2324641,0.34114152
0.41614565,5060.7466,0.11760424,9.486148,-2.1404302,-1.273768,-0.4647229,0.6034807,2.9722245
0.48230153,4864.961,0.40733805,9.406524,-0.8981118,-0.18474245,1.2235711,2.8099575,1.3537478
0.49095356,4647.182,0.07207792,9.762645,-2.6300075,0.6773842,-0.113784194,2.8223867,0.6472734
0.42738655,5694.1523,0.10541531,9.122939,-2.2498474,0.75531805,-0.6829322,0.0029171298,0.8575646
0.26918858,4618.5913,0.012079546,8.538824,-4.4162416,-2.4771657,-0.656233,1.8479139,1.3930081
0.3047654,4399.384,0.48034337,8.458694,-0.7332541,-0.6373473,-0.22148392,1.4562286,0.4464795
0.35167032,4786.387,0.46520996,9.152536,-0.7652665,0.33440372,-0.4249208,1.2170376,0.92745
0.34425294,4635.8853,1.0219973,8.643571,0.021758866,-0.7880198,-0.23697186,0.9685508,2.083245
0.39917305,4501.5405,0.035408895,8.700378,-3.3407922,-0.9961382,-0.3506622,0.48583734,0.31658393
0.55209386,5601.837,1.0542818,10.338992,0.052859783,-0.6301293,0.86568105,1.4561777,1.4302956
0.29734898,4677.4253,0.17948535,8.970661,-1.7176617,-0.28514507,0.8319913,0.32812923,2.2330332
0.4798404,3177.463,1.6296958,9.627615,0.48839334,0.3082626,0.10586236,0.36586574,0.20637631
0.41420576,5206.1987,1.8891417,9.741019,0.6361226,-0.8179441,-1.3097041,1.1536242,1.4099271
0.4107577,2782.2136,1.4662164,9.71481,0.38268524,-1.0623271,1.3819592,1.4465975,0.5968939
0.32224044,6321.202,0.4614097,8.807743,-0.7734689,-0.9955661,-0.74247634,0.7823863,1.5858299
0.39572626,5906.7275,0.3748722,9.761243,-0.9811701,-0.49240786,-1.5784783,3.2926142,0.9626818
0.34868225,5373.686,0.34026876,8.679811,-1.0780195,-2.4678423,-0.5815134,0.49576285,1.7790605
0.36914638,3400.9336,1.7758075,8.679785,0.5742552,-1.7203861,0.77199674,0.7066811,1.2075658
0.4602341,7214.6562,1.943403,9.318581,0.6644406,0.38343102,1.158432,0.92963755,0.3586195
0.4330286,5225.4907,0.4572314,9.760383,-0.78256565,-0.25683102,0.11085488,2.9893131,0.16110083
0.30504864,4583.097,1.7028732,8.483519,0.5323169,-1.3771662,0.67717224,1.2318115,1.3794354
0.44112492,6516.077,0.22350064,9.556934,-1.498341,-0.28301018,0.96729535,0.30812797,0.56946236
0.41125223,5477.7324,0.19137046,8.76181,-1.6535442,-2.2084844,0.24467385,0.41593605,1.8054398
0.3988883,5187.508,0.036091197,8.668428,-3.3217063,0.64098096,-0.5828253,1.4304997,2.847811
0.34675285,4840.7173,0.07125791,8.842089,-2.6414495,-0.29751074,-0.2267355,0.13254185,1.9795655
0.46628952,3813.621,0.31778112,9.975336,-1.1463925,0.33594492,-0.5641506,0.33784738,0.82461095
0.40473875,5634.1567,2.2631876,9.792066,0.81677425,0.079027854,0.7079606,0.6035646,0.38835415
0.29061234,5839.9814,0.027348576,8.359892,-3.5990908,0.7664883,-0.6929519,1.3101447,2.424665
0.5094176,4741.174,1.4448707,9.394385,0.3680199,1.5460899,1.4380828,0.27204934,1.7507617
0.38306805,2874.8247,2.8395104,9.014465,1.0436317,0.62004864,-0.9643562,1.9882765,0.032197107
0.4258772,5453.198,0.4450813,9.228925,-0.80949837,0.45660555,0.16671574,0.81965214,1.1753522
0.41188797,4682.6567,0.024361646,9.776567,-3.7147453,1.3865432,1.1384541,0.60467213,0.82225084
0.47254357,4830.5435,0.50991875,9.8376,-0.6735039,-0.8650277,0.3413999,3.8637538,0.018798728
0.4559858,5576.4854,0.5316018,9.225259,-0.6318606,-1.0300323,1.041338,1.404298,0.13114586
0.39847487,3393.689,0.115218036,9.697297,-2.160929,1.1130689,0.1307918,1.774591,0.7885703
0.38747394,4497.7065,0.019639429,9.267925,-3.930216,-0.5551106,0.029006667,2.414922,1.7703257
0.45802653,4023.8118,0.48266202,9.580766,-0.7284386,0.36634117,0.020832457,0.25994956,0.090992786
0.3514464,5510.349,0.1986074,8.665246,-1.6164253,1.0149571,-1.586005,3.2421896,3.5291555
0.338438,4935.995,0.07708427,8.832116,-2.562856,-0.91228604,0.88274884,0.85716325,0.11934976
0.42399973,5202.0566,3.3253944,9.481004,1.2015883,0.70068294,0.75954133,1.0986403,1.1054235
0.5655307,3751.5808,0.053204447,9.960087,-2.9336133,-1.4762479,0.9206074,0.39893275,3.5125475
0.24033095,5027.9834,0.9071504,8.175072,-0.097447,1.0388273,-0.29342818,0.1257344,1.1300353
0.4447428,3449.9243,0.3209239,9.579384,-1.1365513,1.0525907,1.0741609,0.07541329,0.34762356
0.47036982,6324.6455,0.03305492,9.105348,-3.4095848,1.2311121,-0.25842154,1.3347409,1.4997993
0.5014299,4820.679,0.5126083,9.737351,-0.66824335,-1.1495713,-1.2039568,0.6113351,0.4120702
0.47163728,5518.35,0.98041046,9.91969,-0.019783933,-0.58989877,0.47844645,0.44463292,2.6603022
0.44037563,5028.6987,1.0247272,9.321685,0.024426425,1.2931967,0.11939192,0.13256164,0.5277837
0.20053987,5232.2886,0.4417838,8.150563,-0.8169347,1.4778084,-1.9444808,0.4447854,1.5795211
0.42955106,5706.9434,0.06900735,9.066511,-2.6735423,-0.889384,2.2852647,0.0923797,1.0221176
0.51194245,3534.9995,7.8722076,10.462354,2.0633385,-0.5588139,-0.019149354,2.5252528,0.042551536
0.33959445,4401.426,32.290733,8.801243,3.4747803,-0.39040107,-0.21104069,1.6309539,2.201535
0.26907694,4796.8545,1.3373933,8.478969,0.29072243,1.0614389,-0.4407637,1.0309304,0.68656003
0.36697978,5190.269,0.53596175,9.399849,-0.62369245,-0.032563485,0.35165453,1.456827,0.74519247
0.4746266,5189.5537,0.5669221,9.868875,-0.5675333,-0.21481411,-0.4281814,1.3745656,0.7098127
0.44448847,6061.1396,0.067914546,9.4827585,-2.689505,-0.07460958,1.0013882,0.6527559,1.4025538
0.35746956,4921.085,0.022813123,9.092176,-3.7804193,-0.08165527,-2.363618,0.49386758,0.86417645
0.38269693,5589.6436,0.2359058,9.2916355,-1.4443227,-0.23662952,-0.948258,2.1327722,2.8046107
0.18656813,5105.508,0.114124045,8.087992,-2.1704693,-1.3512518,0.09313993,0.40499145,1.1870245
0.43964216,4715.726,15.795349,9.479908,2.7597156,0.3170843,-2.7557046,1.7548405,1.7178639
0.3179079,4398.606,2.221626,8.909596,0.7982394,0.9941559,-0.065608114,2.0143743,2.2465868
0.35144657,5974.099,0.58864915,8.956369,-0.5299249,-0.7282501,1.4944005,0.40356082,2.1147156
0.48805425,4837.2007,0.8131817,9.332982,-0.20680071,-0.9183125,0.8540198,0.43918097,0.13487737
0.4734444,5621.102,1.9304918,9.479213,0.6577748,-0.5363116,0.683655,0.867895,2.0875816
0.5552815,6042.0537,1.0000331,9.812597,3.3093194e-05,-2.3698778,0.6127908,1.9073308,0.5332587
0.4427755,5261.5947,1.3690779,9.6650505,0.31413746,1.4324816,-0.6677368,1.0277486,0.041570667
0.45422167,3740.8386,0.37098545,9.467787,-0.9915924,-0.44827297,-2.1259217,3.2716808,0.5661459
0.42429864,3164.683,0.19802424,8.962834,-1.6193658,0.20954485,0.25782886,0.9090833,1.3390232
0.5140644,3461.746,0.22014856,9.484251,-1.5134526,1.077982,1.4107053,1.5237476,2.9484446
0.28894123,5360.3267,1.2479923,9.09442,0.2215361,1.9158713,0.3240029,0.7310566,1.4430138
0.38937497,5598.995,2.6939313,9.068149,0.9910016,-0.8016329,0.478867,1.5333159,0.84385383
0.2899839,5441.171,7.083339,8.831148,1.9577454,0.11638444,0.7366113,2.923589,0.90409404
0.39368996,4865.5596,0.2919571,9.329206,-1.2311484,0.42607343,0.116242744,2.5280268,1.2425663
0.5342554,4890.1733,0.4923305,10.399846,-0.70860505,0.45135558,0.621284,3.0184653,2.0644872
0.36625433,5831.8286,6.660331,9.258947,1.8961692,-0.041336685,-1.4382058,0.9269419,2.1693904
0.46918634,5820.1724,4.1203527,9.617357,1.4159387,-1.1462162,-0.11120681,0.7367313,1.0861069
0.40972328,6058.248,0.9812521,9.229226,-0.018925907,0.012409215,-3.0434654,0.61846906,0.26825964
0.40971726,4925.88,0.12711073,9.167731,-2.0626967,-1.1412461,0.96128225,0.110127345,1.0727595
0.24343996,4506.966,0.4172965,8.597424,-0.8739583,-0.020745035,1.3346075,3.0534463,0.7058738
0.43935,3683.6348,0.113383405,9.605907,-2.1769803,-0.44101137,1.3024552,2.4667735,2.817437
0.52711254,4005.944,0.025803702,9.828359,-3.6572373,0.15119915,0.31688416,0.70450985,1.7328135
0.36672765,3149.3357,0.17705005,9.595361,-1.7313228,-1.4560196,-0.0787903,0.06156719,0.07108953
0.5896049,4276.239,0.78492737,9.933508,-0.2421641,0.6450422,-0.19810331,2.300089,1.4886527
0.23921478,4538.1226,0.017470147,8.103632,-4.0472617,1.2751144,-0.013524032,0.38378704,1.4761671
0.30266666,4757.879,1.5681249,8.600877,0.44988057,-0.10600975,0.24409595,0.23754233,0.6577902
0.46825466,4282.9365,0.10184495,9.231391,-2.2843037,-0.270884,1.8780856,0.044979457,1.3111311
0.41846812,6368.9385,1.0854679,9.240608,0.082011156,0.11914544,0.4054303,1.9482559,1.110769
0.42574638,5272.2827,1.8080969,9.208799,0.59227484,0.6568504,0.6690252,0.39127168,1.3644255
0.2633161,3748.8699,0.7395038,8.720424,-0.30177584,1.4983772,0.17270687,3.7006624,0.38569707
0.4887572,5441.0586,0.15998967,9.739149,-1.832646,-0.19142881,1.2138181,1.947724,3.7925348
0.5681361,3917.166,2.7091498,9.831734,0.9966349,0.079239175,-0.4646343,0.36876807,0.03139887
0.41194686,3591.5015,0.28713718,8.581877,-1.2477952,0.42255497,0.058306783,0.9292375,2.331211
0.45780665,3021.6802,33.46575,9.8894415,3.5105226,1.6265457,1.3747886,0.7937747,1.743032
0.468363,5137.567,0.08102957,9.543988,-2.5129411,1.3409688,1.0538223,0.63338137,0.990009
0.23521942,2547.0208,0.07498478,8.495471,-2.59047,-0.752973,0.5176772,0.20618378,1.7800757
0.38017622,3734.2668,0.1074003,8.892692,-2.2311924,1.1757495,0.4231938,0.24716307,1.7674363
0.27491057,6361.3936,0.014972873,8.661501,-4.201515,0.46679628,-0.96167904,2.5544963,2.3618956
0.35673368,5860.7227,0.026769504,9.678199,-3.620492,0.39857233,-0.10739334,1.0527388,1.404149
0.41163322,4917.8506,17.865618,9.235424,2.882878,0.42190722,0.9524789,2.2474487,0.41879022
0.29202583,4766.2534,0.16869427,8.988296,-1.7796673,-0.25086796,-0.3216493,1.6925237,0.7724026
0.40667763,6214.2866,0.27492237,9.524672,-1.2912666,1.8167022,0.8623266,2.2578309,0.25620955
0.43513724,5253.076,0.17081727,8.828218,-1.7671609,-0.5918183,0.7335858,3.048461,2.6449516
0.43958864,5293.997,0.15377301,9.833304,-1.8722777,-0.5046253,-2.0976923,1.3570597,1.989759
0.42735112,6178.749,7.8360014,8.872033,2.0587287,1.290449,-2.5165386,0.7927048,0.46493763
0.48351428,4706.2617,0.57310003,9.770798,-0.55669504,0.10655953,2.1508825,2.3824146,1.7637333
0.49404144,5864.245,0.7905701,9.68505,-0.235001,-0.649284,0.41433594,0.8451169,0.76865405
0.22151805,4645.793,0.18081833,8.012192,-1.7102624,-0.10958695,-0.036072128,1.9865241,2.0517962
0.36811727,4861.602,1.4979429,9.192623,0.40409282,0.9169466,2.5963154,1.1476856,1.2978407
0.41270682,4417.9775,0.035509694,9.15962,-3.3379495,-0.7585275,-0.46822903,0.4414063,0.62672806
0.2965853,4083.4702,2.1655867,8.785981,0.77269137,1.0393271,-0.24822862,2.2291172,2.8997786
0.47252303,3812.9426,0.08166905,9.529061,-2.5050802,1.0573528,-0.96202743,0.33225453,1.5352689
0.3578737,6444.451,1.9817237,9.126115,0.683967,-1.9664088,1.3764697,1.1255157,0.26985976
0.4477415,3094.224,5.4543896,9.926602,1.6964207,0.31634188,0.0325732,0.15353392,0.19291246
0.41288668,6058.4863,1.2091786,9.449407,0.18994123,-0.6742117,-1.1728059,1.4917047,0.18985389
0.56138515,5767.8735,4.09168,10.316385,1.4089557,-1.2985331,0.24174252,0.065228604,1.8348639
0.4615532,5451.403,0.9009924,9.825907,-0.10425844,0.0007447176,1.6020691,0.22413166,0.6101985
0.46678287,8070.1846,23.304453,9.532032,3.1486444,-0.4312534,-1.3491478,0.839311,0.2863122
0.43633616,7152.7188,0.07097562,9.549803,-2.645419,0.2684225,0.65030205,1.6131827,2.2489293
0.17053945,4384.7817,0.35951692,7.783186,-1.022994,0.9859611,0.68648773,0.34898376,1.2227843
0.32579818,6084.8516,1.1990625,8.661139,0.18154001,0.44999152,-0.022489619,1.0392059,1.3168514
0.3355403,4819.245,1.1691138,8.98658,0.156246,0.31349578,-1.5853485,0.13755035,0.3598211
0.46141312,5577.0493,0.080320366,9.175866,-2.521732,0.40108702,-2.8959453,2.6675484,1.5278885
0.36863476,5559.4443,36.030785,8.773579,3.5843737,0.33404288,-2.1901152,0.71870667,0.47619164
0.36392307,6073.646,0.058104694,8.532687,-2.8455088,0.59278995,-0.041385133,1.4072868,0.32390222
0.6355019,3373.9695,0.0072557675,10.249718,-4.9259586,0.9115105,-0.72165096,0.7109645,0.045665998
0.5478606,5035.3467,0.010490779,9.833529,-4.5572586,0.40158546,-0.085047506,0.50886047,1.1782005
0.47877482,4747.6655,0.5521153,9.538243,-0.5939984,0.41519108,0.009264018,0.3131373,1.019431
0.42161542,4847.2812,0.06346478,8.990904,-2.75727,0.58465695,0.102023736,0.6148912,0.8702846
0.3995892,4987.2236,1.01069,9.294559,0.010633279,0.815131,-1.2905607,0.87233955,1.9688201
0.4362668,5020.1562,4.01506,9.702728,1.3900523,2.9193764,1.1315777,0.5206748,1.5439781
0.3645779,5102.7725,0.47388294,8.74376,-0.74679494,-0.5511055,0.15588234,1.7953043,0.38262445
0.35002488,4985.3345,1.3895413,8.8209,0.32897365,-1.6073594,-0.57744026,0.6767695,0.32998803
0.5210679,4020.4214,0.059415355,9.884002,-2.8232026,-1.181718,-0.25537208,0.18327035,0.40145504
0.34751034,4333.856,0.039290547,8.873515,-3.2367713,0.5228719,-0.6324651,0.040691152,0.53661114
0.39738432,5012.05,0.8240734,9.335143,-0.1934957,-0.8510967,1.5740595,0.02781757,1.4093692
0.55688405,6148.8765,0.10058524,9.864232,-2.2967498,-1.7261567,-0.16217086,0.28462484,0.13281521
0.56810164,1258.484,23.96832,9.537953,3.176733,-1.8007553,0.76387066,0.34605464,1.7676252
0.34002537,4943.683,2.6817589,8.858375,0.98647285,-0.2409314,0.0323128,1.8663803,0.24779303
0.42184967,5000.639,2.78415,9.202055,1.0239426,-1.2519038,-1.4341121,3.1466901,0.7548202
0.520702,5585.33,0.08232089,9.97036,-2.4971304,-0.9490143,-0.5449304,0.0037602338,0.43517795
0.52887803,2884.8447,0.016692355,10.035007,-4.0928044,-0.10350484,-3.0122604,2.8826003,1.1182355
0.35598198,3906.3774,0.81377393,9.299413,-0.20607266,1.5876672,-0.5045585,0.30682892,1.2087642
0.80980504,3135.7778,0.082636364,10.492218,-2.4933054,0.14160292,0.12587513,0.7058964,0.39552194
0.5227585,6524.305,1.2146174,9.854145,0.1944291,0.617538,-0.12986225,0.060198773,0.48297364
0.320748,5629.4463,0.15223272,9.025785,-1.8823448,0.2264067,1.2205471,1.9128458,0.92022014
0.2918424,5809.1025,0.015600909,8.748766,-4.160426,-1.136218,-0.65527683,0.45556584,1.5531105
0.3865314,5781.014,0.32591844,8.941356,-1.1211082,-1.4851615,-0.86540705,0.058404036,2.0275993
0.47138003,6516.663,0.4471456,9.6685505,-0.80487096,-0.8607763,2.4426594,1.5007479,1.0972663
0.45758078,5363.744,13.638604,9.561003,2.6129043,-2.548644,1.8782179,0.5989765,0.30430973
0.29671758,4657.8833,0.2702785,8.365056,-1.3083023,-0.85869557,-1.9387695,3.2054129,0.2777527
0.43836206,4416.5205,0.15401843,9.718199,-1.870683,1.4685503,-1.2421939,2.1920369,0.0031822526
0.4452283,3684.3892,4.69449,9.448162,1.5463895,0.81946135,-1.9816234,0.8450106,0.04279479
0.5857123,4234.2407,0.019387875,10.133492,-3.9431074,0.66491944,-1.6581721,2.4562564,3.30259
0.39182848,4028.4253,0.39577904,9.365496,-0.9268992,0.41122228,-1.4380026,2.4175622,1.9242873
0.42585412,4705.028,1.2847036,9.408442,0.250528,-0.39843535,0.64850813,2.0080807,0.87056255
0.31412077,5109.794,0.46092293,8.156527,-0.77452445,0.18926342,-1.0725791,0.49919286,2.6453578
0.4280481,5907.936,0.085380256,9.46287,-2.4606404,0.3305479,2.1628027,1.522951,2.4705064
0.5250363,5685.5938,2.0533156,10.274445,0.71945584,-1.0304921,-1.0901123,1.8165548,1.6433614
0.392242,6494.4893,9.731634,8.923051,2.2753818,-0.63005966,-0.12417766,0.6621773,1.1221797
0.36298996,4653.994,0.1905595,8.976846,-1.6577908,-1.5435538,-0.43867797,1.6752275,1.1342795
0.3937364,4395.468,1.1679453,9.290794,0.15524602,0.6012738,3.06661,1.2497157,0.9312218
0.35412216,6001.827,0.2098602,8.740999,-1.5613136,0.5382259,-1.1674258,0.1367791,1.0006316
0.29926032,3833.618,5.5053477,8.94275,1.70572,1.128202,-0.75273025,2.6769724,0.15498981
0.42420146,3071.6902,0.64964396,9.346704,-0.4313308,0.12539627,0.15259871,2.239384,0.4898726
0.22235523,6017.9575,1.0121709,8.553534,0.01209746,-1.2948765,-0.30430248,3.0046833,0.686467
0.49309582,6257.6587,0.10453857,10.159567,-2.2581992,0.94407386,0.08422477,0.3972474,0.13833581
0.27567905,4943.841,1.234468,8.77719,0.21064004,-1.243557,0.3681015,3.0912948,0.21683511
0.20978726,5034.1294,0.07885228,8.155811,-2.540179,0.84171015,-1.2231578,3.1278358,2.30302
0.32206506,4763.9053,0.59282637,8.719194,-0.52285373,-0.63651794,0.7628381,1.9441918,0.44654414
0.34367314,5921.302,0.322659,9.081054,-1.1311593,1.2198746,-0.6597415,3.1999755,1.2716798
0.23531723,4323.3213,1.7208152,8.462779,0.54279816,1.3344307,1.7784164,1.1515208,2.0637934
0.26369518,4591.307,0.3547327,8.104168,-1.0363908,-0.76090866,2.0136905,1.8732222,1.0988618
0.47905478,4321.0796,1.0339483,9.352888,0.033384737,-1.0730487,2.580793,0.36673316,1.5898851
0.5175438,4189.32,0.11393904,9.487995,-2.1720917,-0.5292909,-1.6512969,0.7056645,0.15342173
0.48679075,6086.7686,0.87347925,9.912151,-0.13527094,-0.04543788,-0.123119265,3.9557412,0.38106674
0.218798,4541.841,0.08545996,8.279061,-2.4597073,1.5656722,1.5515153,0.8787687,0.22923113
0.16945155,4765.4062,2.9467673,8.3921385,1.0807087,0.16340038,-1.3405874,0.5190125,1.8613877
0.39770716,5193.8984,0.39103332,9.419747,-0.9389625,-0.971852,0.7227216,0.71826124,0.17443407
0.49801505,6043.14,3.2016063,9.642973,1.1636527,-0.82339245,-0.0424968,1.2748057,0.89558744
0.61477286,6178.9307,0.44261923,10.253725,-0.8150454,-0.77563745,0.28757352,1.5198176,1.103891
0.5374138,6812.203,4.1252356,10.538713,1.4171231,1.9619739,-1.1532344,0.728372,0.9804476
0.49656984,3892.237,1.1314508,9.798537,0.12350068,1.8242216,-0.7119764,1.072736,0.48677272
0.48626497,3127.7144,0.7444031,10.046942,-0.29517254,-0.35942563,-1.3006954,0.5541727,2.5676568
0.3031847,6072.085,0.039159767,9.173688,-3.2401054,1.1545931,0.96803075,0.3786589,0.57944936
0.3801298,4844.926,6.871899,8.725731,1.9274405,1.9515312,-0.410121,1.8077704,0.5794397
0.37610462,4436.663,1.0462384,9.706858,0.04520128,-0.8826352,1.3007996,0.310259,1.6759785
0.50641835,6337.3623,0.57796764,9.393514,-0.54823744,0.67675364,-0.19716725,1.450679,0.049459394
0.3880187,4616.967,0.20168582,8.731824,-1.6010442,-0.028971544,0.86282116,1.2159811,1.4231391
0.55612534,2141.3794,0.2751418,10.394072,-1.2904687,-0.045821052,-0.54381037,0.24018855,1.064023
0.51475513,5729.508,0.25091624,10.05267,-1.3826361,-1.2955484,0.8730395,2.0035965,1.8414843
0.24739084,4092.94,0.049358144,8.627003,-3.0086524,-2.6694732,-1.3950806,1.0714204,0.64207953
0.46617496,5333.959,0.07750936,9.320398,-2.5573566,-0.6642593,-0.406757,2.198582,1.2479426
0.45227623,4619.136,2.4704285,9.206431,0.90439165,-1.1578916,0.11949062,1.1720182,0.10114742
0.35892123,4774.6904,0.33355397,9.018997,-1.0979506,0.48948345,0.20412163,2.2001085,0.6649308
0.22333327,4332.9976,1.1111946,7.6652584,0.1054357,-1.4038326,1.2460083,0.24464042,0.86775297
0.40746236,5093.0386,0.4229597,9.214061,-0.8604784,0.8623226,0.2511876,1.8420081,1.8654428
0.32647496,5602.5693,4.4188514,8.581387,1.4858798,-0.5602026,0.91693336,0.4530682,1.3859318
0.46364564,6007.7905,0.0587561,9.743724,-2.8343604,0.6575327,-2.334739,0.87056726,1.3361056
0.34089777,5818.1143,0.26922157,8.66092,-1.3122206,0.7679418,1.1683918,0.82662535,0.38252282
0.37591022,5318.8193,0.78906614,9.035859,-0.23690511,-1.1521428,-0.8595142,0.6185278,0.67149967
0.36679488,3972.6375,0.035792153,9.361461,-3.3300266,1.410786,0.040674105,0.12111109,1.7621027
0.29364643,5495.813,353.8335,9.038493,5.8688264,0.5174937,0.17549703,1.9499382,2.3720272
0.5384398,5543.1025,0.2852693,10.054106,-1.2543217,1.3684216,1.0411904,0.49807945,1.9867297
0.30267584,2922.6846,0.044642344,8.926793,-3.1090724,1.122276,0.8436552,0.78105426,0.52881205
0.48647198,6603.29,3.0050697,9.38815,1.1003008,-0.9606387,-1.1237104,0.87779456,0.22039938
0.40301573,4370.884,1.242556,9.1394,0.21717054,-1.5876771,1.0428233,0.36208928,0.3697196
0.5498183,5474.437,0.27138197,9.604684,-1.304228,1.5473272,-1.5179256,0.37189525,0.28008577
0.4365085,6350.3013,14.890851,9.110847,2.700747,-0.84916973,0.20266162,1.7030222,0.98578525
0.47734126,4667.5356,0.04133869,9.738036,-3.1859565,3.0877223,-0.51195,1.6228645,1.1378266
0.35094726,5630.5576,12.102185,8.963476,2.493386,0.8086253,-0.45110434,0.8891817,3.0316856
0.42525303,6511.159,0.27471966,9.709154,-1.2920041,-0.018395016,-0.8053291,0.3095676,0.79533225
0.6783364,5555.6567,0.12773395,11.057907,-2.0578058,1.0048417,-0.5625887,0.3134864,0.043085355
0.27733123,5772.991,0.92806226,8.205523,-0.074656434,-0.16685225,0.5802755,2.292285,0.77088
0.50599194,6302.7104,0.42097342,9.459143,-0.8651856,0.5552453,-0.97585225,1.299779,0.6705604
0.3130716,3116.0137,2.7603238,8.676037,1.015348,0.29553097,0.24731272,0.35652825,0.851627
0.27608782,4217.7686,0.104334615,8.941707,-2.260152,-0.6479793,0.3407725,0.48158714,1.1991669
0.550567,4277.7803,0.18100822,9.82173,-1.7092129,0.0412516,-0.7364948,1.0845779,0.4887071
0.30387825,4601.139,0.6545746,8.770022,-0.42376977,1.7474147,0.9176929,1.3932886,1.6021061
0.29990935,3674.4683,0.31074086,8.549088,-1.168796,-0.18625455,0.90470344,1.1994463,0.14075296
0.22609875,3931.1816,0.17263973,8.184204,-1.7565484,0.45901227,0.2994023,2.1783025,0.08255818
0.31284776,4270.259,0.08147528,9.044147,-2.5074556,1.2892097,-0.28886166,0.18417941,0.9342626
0.3438559,4448.223,0.029369231,9.113207,-3.5278077,1.96418,1.3082812,0.5626639,0.004692311
0.41749588,7113.7812,48.789066,8.980367,3.8875062,0.25470853,-0.99165684,2.4375749,0.5750054
0.5723556,5062.1836,1.3591121,9.949896,0.30683163,-0.14444955,0.020113064,2.4232516,1.4829066
0.3391682,4601.054,0.09345366,9.0391445,-2.3702896,0.88682824,0.49561682,0.28203014,0.79029334
0.352822,4194.687,0.1753608,8.702197,-1.7409097,0.84425634,0.17334597,1.3671672,0.7590132
0.29312992,4102.328,1.3721591,9.176351,0.31638548,0.57408965,-0.30279773,0.91801244,1.9770116
0.3292702,5509.583,0.02154284,9.322111,-3.8377118,-2.8987455,1.2663083,0.58262557,3.00757
0.5096556,5692.559,7.247819,9.854444,1.9807006,-0.9336791,0.9016522,1.3513772,0.76520807
0.5014063,4795.8354,0.0013463375,9.979929,-6.6103673,0.7450377,1.2348728,2.0465207,0.50481236
0.48475933,5045.91,0.24010204,9.41032,-1.4266913,0.2450929,-0.6662076,0.40306288,1.6518337
0.44483495,6025.8,3.0702922,9.482449,1.1217728,-0.3481647,-0.41652736,0.5658352,0.15382658
0.4052177,6775.835,0.047407866,8.8881235,-3.0489671,1.4933225,-0.41630283,0.35521367,2.2563527
0.4218088,5604.269,0.008958797,9.11558,-4.7151194,0.20220962,-1.1260518,0.29215065,0.08990993
0.36286822,4613.43,0.0608818,8.615048,-2.798821,-0.14469746,-1.9842677,1.2063308,1.1018325
0.3479208,4422.042,2.6475067,8.63248,0.9736184,0.9483711,1.4814998,1.6754683,1.4987147
0.4466569,4717.995,2.9808192,9.679533,1.0921981,0.9359556,0.07089611,0.8969096,2.549192
0.39267096,3608.7441,10.151292,9.187318,2.317601,0.043784842,0.3773334,0.027204523,2.4274418
0.51543474,5130.8096,22.342396,9.658071,3.106486,-0.02174599,-1.3813558,3.1577888,3.5399735
0.39651603,5240.3647,0.03653096,8.715556,-3.309595,0.9301845,0.7156826,0.1823415,1.5648696
0.46283713,5297.2637,8.059416,9.509529,2.086841,0.35510018,-0.14069615,0.13327463,0.06717826
0.44320345,5015.959,0.7845062,9.365693,-0.2427008,-0.5257664,1.1137977,3.0483568,2.787256
0.5792618,6126.128,0.3475401,9.89529,-1.0568752,-0.64628494,1.3360505,1.5507717,0.31982473
0.2694795,4691.745,0.2186178,8.450168,-1.5204303,1.4997991,-0.86658657,1.5775993,2.1372516
0.48558408,5052.186,0.31861413,9.727853,-1.1437745,-1.7731366,-1.617753,0.7406244,0.08038156
0.33365962,3653.4565,0.032335237,8.800284,-3.4315977,-0.05840481,-0.08235864,0.89850444,0.73173475
0.34621477,4409.9346,0.11113675,9.171409,-2.1969938,-0.47751877,0.22660169,2.3520985,0.4444744
0.3993914,3548.0735,0.04789784,10.049232,-3.0386848,0.23940824,-0.6666024,1.8406234,1.3952926
0.46067843,6836.425,8.1064625,9.215965,2.0926616,0.84176505,-0.3946946,1.8685596,2.329443
0.42334777,5371.376,0.13986272,8.809339,-1.967094,-0.67798144,1.2799218,1.2955651,0.5773679
0.38804194,6179.2104,0.111639075,9.073324,-2.1924841,-1.0236967,-0.57393444,0.012391295,1.6030484
0.44359675,5311.1846,0.3941446,8.957587,-0.9310374,-1.595154,0.45150873,0.43671435,0.92796934
0.37621197,4286.7725,0.8058704,8.329041,-0.21583235,1.6353105,-1.6971598,1.0237218,1.7866644
0.23387042,4345.445,0.21093583,8.355748,-1.5562013,0.2989261,-0.10572879,1.4461459,0.8309773
0.5061605,5800.9033,0.2213854,9.273597,-1.5078502,-1.240487,1.1832502,2.4840674,1.2629187
0.5495998,4086.3738,82.698,9.999784,4.4151955,1.1101202,1.614313,0.65545696,1.015976
0.38396,3248.8074,0.010707311,8.660907,-4.5368285,0.8275459,0.2884263,1.742367,0.3113826
0.32355356,6580.936,0.19429083,8.897354,-1.6383991,-1.5306112,0.1958794,0.5563786,1.0670075
0.38026008,5110.415,0.0902728,9.467749,-2.4049191,0.4152103,1.2626367,0.26486474,1.7260451
0.34048095,5887.359,0.21006641,8.198382,-1.5603316,0.7485093,-0.24373257,1.2640952,0.6863739
0.43613482,4305.4424,0.23990849,9.213649,-1.4274977,-0.70061666,-0.33130145,0.22027656,1.8182527
0.29935944,5255.5576,0.5388661,8.86345,-0.61828816,-0.13424353,-0.45398432,2.1636128,0.25612974
0.4527163,5644.6865,0.3126523,9.162599,-1.1626636,0.9077581,-0.19206247,0.19480784,1.4362371
0.37139985,3917.2805,0.088235736,8.66286,-2.4277432,0.84153295,-0.14227284,0.14727768,1.3008938
0.19770677,4280.9097,13.103134,8.314749,2.5728514,0.0410279,0.22557229,1.3707569,3.8302608
0.42615667,4522.2803,1.4097134,9.433588,0.34338644,-1.5394286,-0.008358131,2.3930974,1.8198421
0.3453347,4765.827,0.74212134,9.058794,-0.2982425,0.08745727,1.5299612,0.73465014,1.3921877
0.33992478,3431.0781,0.58739537,8.959943,-0.5320571,1.2900404,-1.0481555,3.0250888,0.28731328
0.34038603,3459.2144,0.023934051,8.815274,-3.732453,2.1277506,-0.110657506,2.2024448,0.40181693
0.33364633,5830.666,0.0077698096,8.279075,-4.8575096,-0.82438433,-1.5290829,1.5067606,0.3688071
0.42396566,5372.16,0.12623334,9.516336,-2.0696232,0.4201346,0.13641253,0.75736564,0.47670266
0.5628649,5578.5635,0.059242416,10.345604,-2.8261175,-1.8712797,0.4937682,0.70402646,0.74494195
0.32164282,5073.3154,0.08202258,9.037791,-2.5007608,-0.6937454,-0.8924795,0.39720052,1.2260541
0.4904109,3184.3262,0.17018697,9.403501,-1.7708577,0.025151754,-0.1562497,0.48688778,1.3105155
0.29868254,5758.9233,0.18213192,7.880774,-1.703024,-0.2913811,0.90475565,1.6253147,0.64262635
0.36797732,4782.565,1.427875,8.662569,0.35618737,-0.33398014,-1.8628991,0.03608665,0.36458704
0.42728165,5521.7266,5.3154974,10.3700905,1.6706266,-0.34213722,0.11807386,0.1651619,0.3214068
0.33286208,4141.625,0.58187103,8.573821,-0.54150647,-0.26931152,0.12373186,3.1732912,0.20116314
0.60863,3733.9211,0.049948238,9.91915,-2.996768,1.1818144,0.558146,3.2660959,0.6501179
0.37137198,4036.9434,0.48641527,9.242068,-0.7206926,-0.3581847,1.1587124,0.803347,0.8488533
0.5543497,4974.7036,1.5824677,10.52105,0.45898545,-0.06489481,0.26891693,2.528667,2.7591007
0.51594055,4041.2175,7.92751,9.982485,2.070339,-0.41384807,-0.22021167,0.086717784,0.6303889
0.4134171,5099.6123,0.58224744,9.217962,-0.54085976,0.04958336,-0.3393255,1.0904188,1.7375944
0.3334747,5265.862,6.903264,8.982828,1.9319943,-0.35379452,-0.0004971507,1.7641499,0.42764685
0.41592577,5959.4175,1.1022109,9.272795,0.097318046,-0.975006,0.94660497,1.088613,0.52561843
0.3594672,4700.249,0.240942,8.497633,-1.423199,-1.7043418,-0.79401195,1.7684865,2.006953
0.34408942,4962.497,1.5970459,8.752742,0.4681556,-1.2390267,-0.15869424,1.4961175,2.8365886
0.37665543,5463.372,7.032109,9.22352,1.9504867,-2.0055432,0.053088274,2.8507078,3.1219845
0.4224029,4350.61,0.3146267,9.484189,-1.1563685,-1.2877142,-0.15853569,0.67533624,4.230702
0.2667806,2745.8982,0.09123106,8.502163,-2.3943598,-1.6999972,-0.9641817,3.7047563,1.9515884
0.389971,4553.7734,0.87807757,9.544435,-0.13002037,-1.0270985,2.7618358,0.95920026,0.21314348
0.3305256,4719.1787,0.01854956,8.640225,-3.9873092,0.99242973,-0.6955931,0.5003181,1.0722353
0.1903703,3928.5327,0.23703752,8.163399,-1.4395368,-1.2241666,-0.1848066,1.8696133,0.5246439
0.37938145,3413.062,0.040530264,9.473472,-3.2057064,-0.1411941,-0.5658005,2.196143,0.018253872
0.46861917,4581.577,8.694614,9.594184,2.1627038,0.9753701,0.22220162,1.2865998,2.2605379
0.48500678,6814.161,0.12669194,9.32111,-2.065997,-0.4268217,1.8453155,1.8443184,0.39930633
0.591169,4184.146,16.20828,9.991235,2.7855222,2.069405,-1.6278274,0.13750917,1.2234374
0.41294,4302.73,0.13552883,9.101787,-1.9985709,-1.3506953,-0.18684502,0.6995297,0.25539413
0.33402786,5539.907,2.599467,8.967301,0.9553064,-0.84826803,-0.064006396,1.5743942,0.9380627
0.44834337,4096.584,0.16819093,9.779488,-1.7826555,0.29844803,-1.4786108,2.3624642,0.30175483
0.46301973,6109.586,0.1033145,9.753544,-2.2699776,0.8454715,0.63658214,0.11974455,0.3420926
0.5005049,4623.597,0.058163878,9.240683,-2.8444908,-1.5277694,0.78594816,2.4302275,0.49851617
0.3849763,3685.4695,0.008878086,8.840157,-4.7241693,1.2136657,0.6358143,2.2493715,0.21668588
0.40909004,3168.8406,1.0960376,9.0063715,0.09170156,0.41981477,1.2086247,0.63072604,3.7609658
0.3241074,3613.8022,0.79562414,8.919669,-0.2286284,0.050928816,0.49201068,0.12849323,0.37456352
0.5706447,4287.438,0.57449895,10.455076,-0.554257,-0.73232687,0.14484255,0.5737471,2.4782307
0.5259508,4777.887,0.8228699,10.101792,-0.1949572,1.2823638,-0.4826799,0.59865415,0.07048421
0.5214378,4478.522,0.1615413,10.044761,-1.8229945,-0.1561983,0.5545217,2.9061592,0.06615507
0.46628463,5128.7686,0.7118077,9.852012,-0.3399475,0.5223424,0.63668495,0.31425035,1.0599737
0.27653196,3596.8843,0.022301279,8.874742,-3.8031113,-0.84417295,0.4789387,1.3780549,1.3193223
0.34991053,4319.1157,0.08223757,9.407878,-2.498143,-1.8428552,0.25897878,3.2880616,0.71667224
0.5428541,7063.448,2.7769947,9.8782015,1.0213693,-2.9013517,1.0128182,0.7158841,1.7060502
0.27255428,4467.933,0.40710533,8.918884,-0.8986833,0.8202559,1.0220764,0.15935247,1.3374904
0.30406392,6032.326,0.57878816,8.574355,-0.54681873,0.62728024,0.30372524,1.0422028,1.2976706
0.17986964,4400.5283,0.3256578,8.156735,-1.1219081,0.5082379,-0.36937815,0.20286426,1.5920563
0.25258988,5224.0425,0.005282498,8.279578,-5.243356,-0.64635897,-1.1341501,2.4912653,0.117675826
0.33461624,3732.791,0.6079978,8.7797165,-0.49758407,-0.9973606,-0.121516146,1.3628937,3.0787823
0.23340468,4753.1665,0.045110438,8.4676075,-3.0986416,1.5573734,0.60177296,3.20415,1.0683124
0.31984657,6646.875,0.6747728,8.770522,-0.39337924,0.6916474,1.6001399,1.1906765,0.7065375
0.4453822,5196.147,0.16775644,9.480715,-1.7852421,0.085027866,-0.08881572,0.14893585,0.7730984
0.5286851,6704.2593,2.284195,10.39563,0.8260137,-0.77400315,-1.5475641,1.5142126,0.04756131
0.40544337,5200.6294,0.9751611,9.428811,-0.0251526,0.18209732,-1.051773,2.65964,0.22188151
0.6039859,5399.815,0.21700911,10.800304,-1.5278159,-0.29058555,-0.29949716,1.6760777,0.16164947
0.47379273,6018.0537,0.21416923,10.534309,-1.5409888,0.4109238,-0.9194027,3.0207467,2.2252686
0.41109678,3317.0,2.0336637,8.89096,0.7098389,0.4344226,-1.019576,1.5458155,0.8748507
0.6850459,5113.826,186.18704,10.884139,5.226752,1.6320646,-2.86766,0.8763776,1.429183
0.34643966,3401.1646,0.11099855,8.883469,-2.1982381,-2.859065,1.7939576,1.0809551,0.6836231
0.3041495,3684.3254,0.89416444,9.144172,-0.11186561,-0.33468416,0.22590607,0.16417278,0.18257314
0.46772933,4219.16,21.52941,9.903607,3.0694199,-1.0190963,-0.95525175,0.11418542,0.34320825
0.49653265,4304.1523,0.06903516,10.437949,-2.6731393,-1.2290182,-1.9621202,1.3568608,2.2630506
0.5875238,2348.712,0.1707963,10.15493,-1.7672837,-1.0889617,-0.989502,3.7331228,0.5345027
0.54333055,4943.37,0.46284658,9.924196,-0.77035964,-0.45012197,1.2405672,0.76015204,2.1681526
0.45797384,3518.9348,0.47791123,9.498552,-0.73833025,-0.85509706,0.9114218,1.5647845,1.4732616
0.26001674,5540.7295,3.326538,8.354718,1.2019322,-1.8772277,-1.0931693,0.24144621,0.7719556
0.6521429,3659.8574,0.017108455,10.467357,-4.0681825,1.0695531,-1.071302,1.104099,0.15672208
0.28902882,6533.164,0.09493472,8.682158,-2.3545659,-0.7490038,-0.7787989,3.4987345,0.038875002
0.48225743,5703.806,0.72671884,9.811948,-0.31921563,0.1750176,-0.18798786,2.336793,2.4404655
0.49352393,4796.839,0.012838417,10.215038,-4.3553133,-1.6803945,-2.5101886,0.9577583,1.1552857
0.4576675,5095.652,0.08114754,9.64908,-2.5114863,0.94900185,-1.3637741,1.8415481,0.8187782
0.39697853,5660.619,2.2795563,9.746316,0.82398087,-1.062108,-0.7390579,0.47786063,1.4632003
0.4245364,4380.8877,0.08055602,9.06315,-2.5188024,-0.87191653,0.023059154,1.1501251,0.05038974
0.5144938,2568.3672,0.43622872,9.285183,-0.8295886,0.18111093,0.19156408,2.1233337,1.6474292
0.36542794,5991.4463,0.07656377,9.207794,-2.5696313,0.39943984,0.3302585,2.2513826,0.98111445
0.4259936,3080.5767,0.003955508,9.113762,-5.532646,0.113916375,0.14902574,1.6451957,1.1668853
0.49292547,4215.1665,1.4814438,10.027744,0.39301714,0.38734636,2.0986276,0.8801257,1.2736983
0.44382557,6050.833,1.9807093,9.248167,0.683455,0.6779797,1.4154509,0.9447202,0.94062454
0.47936696,6830.593,0.32791567,9.588618,-1.1149988,0.6310769,-0.59435564,0.3445855,0.32644442
0.38345185,4811.4136,0.24017149,9.218584,-1.4264021,-0.36080906,-1.3596455,2.0319068,1.8027154
0.3524665,4898.678,0.3336823,8.808895,-1.0975659,0.6630056,0.66562265,0.96627474,0.61321056
0.5019592,4725.841,39.382515,9.659276,3.673322,0.028925356,-1.1124725,0.7973213,0.40596426
0.39917934,6291.7334,18.281681,9.094772,2.9058995,-1.0636072,2.2318566,0.3679523,0.105325304
0.41576025,4442.9414,0.049827088,9.212757,-2.9991965,0.5239997,-1.8078924,0.7234682,0.11222449
0.47167417,3336.6445,2.2613993,9.623456,0.8159838,-0.57872653,-0.86515206,0.94763476,1.5402806
0.36537585,5252.354,0.05867981,9.209563,-2.8356595,-0.8326866,-0.7428779,0.59530413,1.0682288
0.6174857,4001.92,0.04043634,10.917458,-3.2080264,0.52106464,0.45832476,4.831836,1.4701545
0.4431145,5257.3687,0.05110516,9.770889,-2.9738698,-1.8061583,-1.2359858,1.4631327,0.097050264
0.40927163,4492.134,0.02332092,9.145744,-3.7584045,-0.7582515,-0.6324717,2.383325,0.16868557
0.29684561,5286.28,1.6429021,8.973776,0.49646428,-1.1618462,0.1922967,0.31293303,0.50407124
0.51197624,5597.1265,0.0038588543,9.487132,-5.557385,0.5951939,-1.089371,1.1689069,0.46516642
0.45004505,4832.2124,0.7387579,9.738676,-0.302785,-0.61355335,-0.46967292,1.1378561,0.70795536
0.46766305,3861.6562,0.07428088,9.260424,-2.5999017,0.7223957,0.55622584,1.2990794,0.2293377
0.55725884,3780.5664,2.141327,10.2591305,0.7614257,-0.012600321,0.22292572,0.739265,0.05611376
0.47415736,4782.171,0.33164096,9.590524,-1.1037023,2.9934225,-0.34719145,1.0293411,1.0768979
0.4536055,7835.065,0.27829835,9.686373,-1.2790616,1.6502622,0.14515056,1.9736469,2.72982
0.5140174,6354.7104,0.29131526,9.66657,-1.2333492,-1.1637844,0.06967484,0.47236174,0.09774693
0.38310897,6372.356,0.24456383,8.821757,-1.408279,-0.7763949,1.9034928,0.269125,1.546761
0.30506772,5918.0312,0.021145377,8.554351,-3.856334,0.6049461,0.39034867,0.5375341,0.058251753
0.4615829,6247.452,0.32406217,9.08124,-1.1268198,1.4748354,-1.3502504,2.032166,0.38441113
0.40938318,4729.2314,0.28557414,8.920553,-1.2532536,-1.1903479,0.30533,0.87452555,0.15964995
0.34424242,4632.13,0.47687513,8.454766,-0.7405006,0.29018456,-1.3783588,2.555566,1.1900729
0.3501634,4169.946,0.06745772,8.965079,-2.6962543,-0.69900507,1.1938187,3.5079224,2.843168
0.5193542,5073.544,0.04669339,9.790066,-3.0641527,-0.36570993,-0.043521184,0.42621556,1.6582795
0.5159854,5727.246,5.1489644,9.999645,1.6387956,-0.5888806,0.052604422,3.5834968,0.15581267
0.4875284,3289.6902,1.5080938,9.687762,0.4108465,-0.7963657,0.20249784,1.5652444,0.06140906
0.45028102,4703.4033,0.71655345,9.5270815,-0.3333024,-0.87029904,-0.8691872,0.7078769,0.99115753
0.38728628,5538.586,1.8559183,9.123488,0.6183796,-1.4928621,-1.2545139,0.7405201,0.6615875
0.4222659,4550.6553,0.13079347,9.429467,-2.0341358,-0.73835444,-1.4421196,1.2824515,0.007421769
0.28249627,5570.51,0.020092016,8.5186205,-3.9074328,0.40497065,1.571285,2.1924222,0.2282324
0.4597452,5732.232,1.1315577,9.325215,0.12359518,0.86135143,-0.7435833,2.3434722,1.4207845
0.51023173,6655.9883,1.5032578,9.788837,0.4076346,0.7035822,-0.5043735,1.382669,0.15100664
0.3243826,5539.902,1.0355111,8.921517,0.03489511,-0.89778495,1.4223496,2.7101333,0.23660988
0.39764,5762.6206,0.4651646,8.83049,-0.765364,-0.1321088,-0.06609204,0.77755266,2.7425206
0.22314642,3129.202,2.4892378,8.800234,0.9119766,-0.5881451,0.7160023,0.81193227,0.38566115
0.40212548,3245.4624,0.20405631,8.683155,-1.5893593,-1.3473845,1.3152953,2.943185,0.82998914
0.37342885,5092.9893,0.05121909,9.318615,-2.971643,0.8039872,1.8515203,1.5903734,1.4942373
0.23786233,4355.7466,3.6112516,7.9577227,1.2840544,0.74914414,-1.3468069,0.48150456,2.5319953
0.6599308,5793.355,1.391413,10.470321,0.33031973,-2.4359999,0.72091204,0.7654312,1.4675819
0.4071132,4846.971,0.31170025,9.233449,-1.1657133,-1.2463992,-1.042895,1.5370135,0.58047915
0.38947502,5563.8506,0.02691545,8.909548,-3.6150548,-0.28338778,-0.87498885,0.9935603,0.7301441
0.4023855,5356.7847,51.023304,9.382105,3.9322824,-0.33959895,-0.4259152,2.3911352,0.28374773
0.22056367,4997.2476,0.3378815,8.1566305,-1.08506,-0.72013557,0.30511087,0.68011665,1.2673889
0.45783064,5249.3203,0.26511165,9.327492,-1.3276042,-0.19038747,0.26193306,1.3571807,0.049666584
0.2714458,5388.4873,1.3058314,8.354585,0.26684,-1.1164644,-1.4277949,1.7776133,3.7157729
0.46074218,6221.9756,0.24205339,9.251281,-1.418597,2.2657878,-0.60206825,1.9389602,0.20602813
0.4465552,6117.4033,0.36054546,9.673677,-1.0201372,1.5654086,2.4953053,0.28154156,1.1756617
0.37786585,3500.7769,2.7002547,9.207359,0.9933461,1.309489,-0.7083205,0.7831385,1.1523441
0.3526759,5265.841,2.968934,9.699784,1.088203,-1.2894702,2.1672704,0.17065303,0.35355005
0.5157984,4034.1333,0.16484365,9.993198,-1.8027579,-0.15392253,0.37680534,0.65025914,0.344542
0.42648166,4113.4375,5.429386,9.422697,1.6918261,1.3984828,-1.217176,1.15798,0.1746597
0.368903,4089.2722,0.29765776,9.090788,-1.211811,-0.13766988,-0.6749906,0.94787365,1.26108
0.38085312,4621.409,0.09243089,9.295994,-2.381294,1.4594631,-1.3760301,2.8329566,1.0199014
0.3738749,5047.6807,16.438503,9.000627,2.7996264,-1.1427947,0.5786649,1.0183336,1.5766863
0.04803264,4926.655,9.908927,7.2119446,2.293436,0.31491002,-0.12324091,0.9609757,2.5123272
0.41665956,2764.1243,0.015692214,8.88022,-4.1545906,2.1491404,1.4406238,0.544287,0.99649143
0.4636403,3565.8462,3.8246114,9.713807,1.3414569,-1.8581305,0.27503312,3.0986807,3.3575654
0.46913344,5692.691,0.5531403,9.884471,-0.5921436,-0.16185994,0.7550097,1.8369983,1.7934077
0.50046057,5115.6055,0.37000236,9.659331,-0.9942459,0.6968853,2.0519805,0.7729369,2.7788317
0.4703062,4702.846,0.105411164,9.42094,-2.2498868,-1.1128272,-0.8249271,0.24961255,0.14270064
0.30418473,4056.2312,0.2443933,8.807354,-1.4089764,-1.7678765,-0.508559,1.0003693,0.7318976
0.2679643,4902.4287,0.11065333,8.864073,-2.201353,-0.9905634,0.5264203,0.14108926,0.8068358
0.55963206,4080.8508,2.549347,9.968247,0.93583727,0.23931168,0.14736561,1.4278928,0.05474665
0.33510965,5366.8384,0.04457464,8.622216,-3.1105902,0.40697885,0.6929077,0.5680499,0.9725534
0.30990067,4461.1436,27.114176,8.580411,3.3000567,-1.249046,-1.1072129,2.1038122,0.27601972
0.21591263,4442.128,1.6806797,8.27809,0.5191983,-0.37528855,0.8970597,1.57824,0.3512453
0.43137124,5354.6533,0.0147159835,9.141819,-4.218821,1.4751052,-0.6733606,0.0047936095,0.05278174
0.5181484,6111.345,36.171055,9.886495,3.5882592,0.49927953,0.7299127,1.8246396,0.06305881
0.25158983,5545.8774,0.33802426,8.344062,-1.0846376,0.33330044,1.942682,0.77534163,0.18740773
0.34769893,7029.8975,0.15437122,9.199485,-1.8683951,0.43459764,-0.64707315,1.6091285,0.6565795
0.5096922,6082.4395,0.44512805,9.429253,-0.8093933,-0.6475916,-0.5818485,0.2763965,2.4526696
0.5037731,4064.7937,2.4077342,9.473301,0.87868613,-1.2151723,-1.5034922,0.33140182,1.3013883
0.3532749,4030.7761,1.4969676,9.128894,0.4034414,0.77788246,-0.09933531,1.6472311,0.24157062
0.34497157,5034.3955,0.2982766,8.96756,-1.2097341,0.1480284,0.41845396,0.8659891,0.9035247
0.46913248,4964.837,0.5584251,9.320847,-0.58263475,-1.2090967,1.1668084,3.5141037,1.1637013
0.5175252,4909.698,0.06408374,9.850817,-2.7475646,0.7852692,0.81595445,0.7046585,2.0321116
0.29864994,5711.36,0.37268966,8.840541,-0.98700917,1.3266497,-0.3986398,0.10051647,0.23883413
0.46738145,5003.2686,6.747725,9.206438,1.9092054,-0.13815196,0.4048915,1.8568351,1.4059857
0.26035124,5529.6367,1.6405598,8.415323,0.49503753,-1.1579103,0.32766187,1.230697,2.046422
0.50044847,3907.4148,0.17409517,9.789481,-1.7481532,-0.5264575,0.6170702,0.7567086,1.4939266
0.4513598,4557.1733,2.4494112,9.086465,0.8958477,0.66550845,-2.546841,1.7451526,0.55750996
0.31483877,5149.376,0.38492644,9.173611,-0.95470303,-0.20322607,-1.3223802,3.517371,0.45601085
0.45579782,4224.876,0.52460724,9.068137,-0.64510536,-1.2607329,-2.2836058,1.0051395,1.1556776
0.5457531,3228.2776,0.28301856,9.733493,-1.2622428,1.1152105,0.0013029013,0.23765713,0.31926283
0.36688712,3604.311,0.103945,8.635124,-2.2638934,-0.0021271792,-0.12843493,0.45772824,0.092408895
0.56217986,3872.8599,1.8944628,10.034116,0.6389353,-0.8113455,-2.0605571,0.033930346,0.43943712
0.31734753,5270.758,0.1455913,9.016307,-1.9269519,-1.983778,0.50950646,0.4245948,1.7816792
0.49954244,5546.4873,0.59713495,9.538263,-0.5156122,0.5176505,-1.0484563,1.1371137,0.02290908
0.42429417,4492.211,2.4412029,9.401473,0.8924909,-1.6718324,0.78775066,0.5656617,0.31847426
0.54560983,5624.7954,0.3305872,10.105244,-1.1068848,-1.4515734,0.084319234,2.2361412,2.923161
0.2197923,5211.318,0.7478354,8.536757,-0.29057238,-2.1308837,0.25237295,1.9024444,0.015205563
0.53411925,4559.0146,13.005353,10.031718,2.565361,1.5070934,0.8595468,1.1555849,1.2674266
0.6847588,3338.9214,0.051303416,10.777252,-2.969998,1.3664633,0.41650307,0.31978416,0.4876121
0.50676996,2742.7256,1.6932902,10.056391,0.5266735,-0.3352711,0.8995813,0.96467316,0.9706708
0.38006875,5510.4644,1.1803483,9.484813,0.16580954,-0.204224,0.87244,1.4901555,0.5133648
0.44749203,4743.351,0.9907591,9.226965,-0.009283889,-0.44742832,0.17132638,0.62882113,0.11749396
0.3996516,5230.166,2.2129588,9.52337,0.7943304,1.1998887,-0.47604674,2.0078855,0.10082688
0.38942495,5411.5947,0.1697923,9.020586,-1.7731794,1.0004735,-0.28188568,2.6820557,2.0212133
0.38485205,5942.571,0.2471077,9.094081,-1.397931,-0.84253293,0.33669114,0.11023027,0.58614945
0.3817883,4962.1987,0.4864508,9.049699,-0.72061956,0.15784232,0.15786472,1.1454939,0.76576895
0.24483031,4329.753,0.17300299,8.444586,-1.7544464,1.6585107,0.6621518,0.14794855,2.0222094
0.47647503,5980.1763,0.4800191,9.281798,-0.7339294,1.2136881,0.6487246,0.752033,0.25631055
0.46569616,5559.471,0.01950998,10.067442,-3.936829,-0.9059209,0.4755339,0.5173961,2.4690907
0.36651728,4682.2197,0.07464552,8.924795,-2.5950048,-1.6169264,0.7802527,0.68964404,0.22221118
0.44938755,4584.5303,0.015720299,9.318497,-4.1528025,-0.65835696,1.0619465,0.4200948,0.5535372
0.32309523,3809.2122,0.43436363,8.848263,-0.8338732,0.0070186607,-0.3217909,0.927854,3.2866595
0.23202781,4814.5034,0.041175198,8.253817,-3.1899192,1.4454712,-0.6795352,0.18990472,2.1753714
0.43906128,5261.246,0.09155239,9.626794,-2.3908439,-1.2984915,-0.9706849,0.3341726,1.4889717
0.47626662,3450.7769,0.31491065,9.242372,-1.1554663,1.0347284,2.303641,0.8936185,0.2059098
0.38484633,5422.8574,0.039866153,8.828276,-3.2222276,0.04359252,-0.36070478,2.1516392,0.8947315
0.58336645,4808.2983,5.2906494,10.009572,1.665941,0.3797114,0.36725205,0.8481376,2.0284076
0.19334762,4011.228,1.6699857,8.294579,0.51281506,1.3732426,-0.124677554,1.2197849,1.0354083
0.36357203,5927.6724,0.1747033,9.04922,-1.7446662,-1.7888365,0.40599155,0.28847083,0.77878207
0.49175662,4936.5576,11.5277195,9.698813,2.4447546,0.017941792,1.0975119,1.5076594,1.2899324
0.54746014,4516.41,0.38547677,10.3458605,-0.95327437,0.30104023,0.890348,0.2554039,2.0753267
0.35448444,4729.488,0.019669302,9.58295,-3.9286962,-1.3336991,0.3949532,4.465544,0.17957158
0.41956186,4797.5693,0.5574363,9.402538,-0.58440703,-1.829798,0.3429007,0.03809036,1.0576015
0.39749712,6569.009,3.0369115,9.558951,1.110841,-0.10971742,1.4809548,0.7102324,3.6031752
0.42017788,5547.7383,3.7150846,8.893872,1.3124014,-0.8925823,1.8017415,2.545644,2.6558077
0.45192003,6096.268,21.623533,9.986557,3.0737822,-0.21749389,-1.5282025,1.8658546,1.5381417
0.20921318,3935.3528,0.040043402,8.123228,-3.2177913,0.3092943,-0.12813786,1.5722541,4.53158
0.32962736,5035.375,5.870102,8.935846,1.769872,-1.0069844,1.1792089,0.44886205,1.9419862
0.41944888,4691.2886,0.13156271,9.767105,-2.0282717,0.5089813,-0.0751076,1.9437553,0.5854019
0.4208939,3824.2563,0.24537821,9.115313,-1.4049546,-0.71191216,-2.1498973,2.2655184,0.47576407
0.38505384,5091.6064,0.48145372,9.19962,-0.73094517,-2.126102,-0.37637177,1.3238311,0.23600902
0.3621889,5914.9624,2.6262045,8.807966,0.96553963,1.1797348,0.3765984,0.17403743,1.0161307
0.45443282,6086.6064,0.31492087,9.41496,-1.1554339,-1.7951232,-2.4067218,0.9734778,1.7208843
0.41424397,5807.532,8.551927,8.786063,2.1461565,-0.5659313,0.22642018,2.0051382,1.3678467
0.55550027,6089.1978,0.19655871,10.50296,-1.6267941,-0.6293495,-0.14334571,2.6437347,2.7700458
0.28508827,4666.539,0.3614043,8.3081045,-1.017758,-0.9611231,0.8651197,0.43215165,0.48646778
0.3851077,5627.454,0.37631154,9.188556,-0.97733796,0.76577747,1.5451131,2.8863363,1.2578883
0.51267785,2917.9414,0.2719267,9.28385,-1.3022227,-1.9101897,-0.9877863,1.6384217,0.86346626
0.3212277,5217.935,0.7581668,8.96278,-0.2768519,-0.46174294,1.4264957,0.5094934,0.7476287
0.5574199,4498.007,0.04579398,9.871481,-3.0836027,0.6305154,0.53149337,1.233078,0.42753503
0.38775828,5130.564,0.04678337,9.087608,-3.0622275,1.187126,-1.0320275,0.09652229,1.5567106
0.3076884,5217.6987,0.41677183,8.659482,-0.87521636,0.70944244,-0.17554542,0.038694307,0.87073064
0.3108782,5889.0015,0.72298175,8.953544,-0.3243713,-0.38066682,1.4699554,2.0475795,3.5186894
0.3967563,4780.4663,1.263114,9.585386,0.23358007,-1.0042179,0.19073299,1.7653434,0.45598122
0.40021142,5353.198,0.03495905,9.4893675,-3.3535779,-1.8905928,0.9518362,0.6851911,0.060472183
0.27367774,5444.2393,0.029655507,8.804434,-3.5181074,0.49156892,-1.7369399,0.6920786,0.18613797
0.24219786,5279.0195,0.007855649,8.714931,-4.8465223,1.542606,-0.6704759,0.48145595,1.2978115
0.18284626,5482.5557,26.271616,8.1737,3.2684891,-1.3520758,-0.8081871,4.873042,1.8668523
0.2817093,5281.1855,4.0246186,8.378669,1.3924302,-0.3153354,-2.0318213,1.1579026,1.811801
0.35169753,5611.74,1.8603401,8.823378,0.62075937,-0.5029227,-0.518126,3.36598,1.6235788
0.3363641,4106.3794,0.07806607,9.101455,-2.5501997,-0.05181343,0.91682553,0.6664636,0.519997
0.5234088,8290.768,0.05236574,9.91282,-2.9495027,0.5871555,2.124083,0.718112,0.0610937
0.33119586,4519.31,0.009463373,8.55362,-4.6603265,-1.3249288,0.6879631,0.17799705,0.5583145
0.2909639,4922.8657,0.5633899,8.33608,-0.5737834,1.1353871,0.17882898,1.425349,2.5821848
0.48094213,4828.163,0.98038346,9.348181,-0.019811498,0.47405323,-0.40645447,0.54145634,0.96174467
0.20244703,3797.733,0.12828681,8.566184,-2.0534868,-1.5218341,0.55558205,0.9106301,0.21600606
0.28616855,5877.9834,0.2828298,8.658968,-1.26291,-0.26421705,1.5602897,0.35435218,0.10703776
0.35716903,3727.8003,0.017625228,8.849393,-4.038424,0.26634172,-0.69920343,1.8761942,0.35969353
0.3300187,4606.993,0.6140787,8.907378,-0.48763216,-0.34391704,-0.6226326,2.4929733,0.5191382
0.44910932,5455.4453,0.1085711,9.614795,-2.22035,0.59074795,-0.61845285,1.3991086,1.0156095
0.4729432,5679.13,0.6054448,9.79394,-0.5017919,2.2557368,-0.28269792,2.2432916,0.97172177
0.38612017,5711.108,2.028026,8.603149,0.70706296,-2.6809015,-0.35415432,3.5719411,2.2395272
0.30372965,5519.1797,0.08115263,9.483737,-2.5114236,-0.9726185,0.44303986,0.5693487,0.20455863
0.5000391,6451.805,4.7360873,9.671693,1.5552113,1.7411072,0.27379295,1.9207773,1.8750259
0.32413653,3564.1492,0.30257723,8.4611845,-1.1954187,0.55895174,-1.1386755,1.6529076,2.776937
0.38949025,5441.105,0.018015232,9.439309,-4.0165377,0.7246089,-0.01658961,1.8369011,3.003413
0.3881136,6306.2236,1.1928328,9.716423,0.176331,0.40048084,-0.018619463,1.4810058,0.18408547
0.40297762,3463.9673,1.1201712,9.463306,0.11348154,-0.09653549,0.2226537,2.7361944,0.52709234
0.49979237,4874.882,0.045189396,9.213602,-3.0968928,-0.019858873,-0.046445943,0.99019736,2.893263
0.33176073,6725.923,0.09949371,9.350161,-2.3076608,1.1901505,-1.1965603,1.2454994,2.6138203
0.41982898,4749.538,0.020043328,9.322503,-3.909859,0.319129,0.9613984,1.9673107,2.602581
0.3857164,5094.6377,0.16730192,8.982075,-1.7879552,0.33531076,-0.15848394,2.358379,0.3478579
0.42502487,4214.627,0.011653926,8.978215,-4.452112,0.3652552,0.22945997,0.7823729,0.5000154
0.5252309,4697.961,0.04841101,9.367077,-3.028028,-0.5190749,1.6207455,0.06854044,1.4242188
0.60893804,5996.1353,0.044763625,10.229408,-3.1063595,0.42883667,-2.0814612,1.5590429,0.6239808
0.46593168,4438.832,2.9310045,9.14872,1.0753452,-0.4004467,1.3487577,0.05326231,1.1556404
0.47297844,4920.9507,0.038415004,9.973321,-3.2593071,1.5187258,0.52709866,2.616162,0.28228128
0.44363466,4100.626,0.08984358,9.406004,-2.4096851,1.1594402,0.93088007,1.2322208,1.6376832
0.3615165,3907.0093,0.14520103,9.035044,-1.9296361,-0.667822,0.7057628,0.30107772,1.9506973
0.46963584,5305.9756,0.71304333,9.301872,-0.33821312,-0.6252664,0.5507325,1.7844617,3.7295473
0.2787309,7115.8486,4.9778433,8.316827,1.6049967,1.104306,0.07353134,1.1551604,0.18013047
0.3234567,4382.6343,21.71123,8.832571,3.0778296,-0.3581286,0.19360422,1.013755,0.10208275
0.53568137,5917.673,0.015052985,9.236622,-4.196179,-0.5427004,0.88480616,0.36658308,1.1962394
0.4233902,6686.843,2.3145058,9.311922,0.8391962,-1.2262541,-0.20915344,1.0006187,0.60173565
0.39975435,2175.279,0.0065245167,9.38989,-5.0321884,0.33254275,-2.1609457,0.28343108,1.1460837
0.13259137,5015.368,0.094648756,7.6784134,-2.3575826,-0.7662897,-0.41015512,2.0199327,2.6711273
0.50443476,5766.073,0.24942084,9.883579,-1.3886137,2.5290074,1.3785176,0.65965724,1.4316962
0.47680542,5985.8125,0.09387563,9.58799,-2.3657844,1.5345892,1.1706804,2.7710772,2.1161754
0.23549867,5046.9,4.7496204,8.673153,1.5580647,-0.17456625,1.5680789,0.39926225,1.1048828
0.42358315,5502.136,1.4336326,9.501341,0.36021155,-0.40183437,2.6028194,0.2650193,0.53443676
0.35318226,4382.0,0.030455615,9.173796,-3.4914849,1.306411,-0.112035185,0.41786173,0.6550853
0.5563524,5225.5376,0.5283741,9.178546,-0.6379507,0.18005762,-1.0465577,0.30637032,1.9749331
0.3997159,4136.873,3.9964976,8.724176,1.3854184,0.30380538,0.16033378,2.052143,0.8297708
0.33833095,5683.165,0.11719541,8.8639765,-2.1439126,-1.054631,-0.012360953,1.75623,2.830786
0.34642494,4539.1333,0.07850222,9.220558,-2.5446284,1.0294532,0.33153772,1.3059117,1.6499557
0.46816865,5848.293,0.38114634,9.64703,-0.9645719,0.26271924,0.05434241,0.8280443,2.1432602
0.55294704,4847.1104,0.26154524,9.8806715,-1.341148,-0.8556084,0.23449542,0.011476449,0.37775037
0.4690599,5291.762,0.030540086,9.316751,-3.4887152,-0.90465784,0.6505782,0.14123963,1.4276408
0.43315318,6244.137,0.8123458,9.056712,-0.20782918,-0.30483145,0.16511767,0.8617188,0.19358677
0.41449708,4975.921,0.8281626,9.140298,-0.18854573,1.2211225,1.090654,1.114798,0.45697626
0.40390667,6120.1987,0.6500646,9.387833,-0.43068358,1.6182903,0.96845657,0.30517522,0.46142617
0.47241002,4390.7324,0.09045775,9.65401,-2.4028723,0.5140678,0.44358343,0.8236071,1.3613253
0.3968675,5157.8975,0.08233233,9.137873,-2.4969914,0.1920325,-0.9180706,1.9029942,0.7273419
0.20338863,5661.7935,0.6526669,8.142859,-0.4266883,-0.24122828,-0.8371328,1.3950301,2.0895298
0.39983797,5427.63,0.08502985,9.154346,-2.464753,-0.5482671,-0.016687036,0.2879718,3.2401767
0.46539062,4561.987,0.2012771,9.114077,-1.6030726,-0.5634438,0.54895395,0.36580065,0.9831949
0.31693667,5096.758,0.024948096,8.765508,-3.6909578,1.4168764,-0.8697223,0.98655134,0.06678612
0.23807168,5578.188,0.26754338,8.376614,-1.3184736,0.49637178,0.07165943,0.7179223,3.4587739
0.41074723,4414.6494,0.1443339,9.412492,-1.9356259,0.022593481,-0.9925596,0.09374066,1.2623537
0.3076626,4432.001,0.32279852,8.990791,-1.1307269,-0.74839485,-0.5296027,1.5169104,0.27371153
0.32216433,3263.5337,0.22924753,9.023796,-1.472953,-1.4042418,0.84250325,1.075553,0.41895425
0.43581468,3080.1992,0.24674132,9.528449,-1.3994148,-1.7652647,1.0272999,1.7760208,0.052149132
0.46787667,5410.545,2.909551,10.356403,1.0679988,-2.9096127,-0.02911862,1.2750213,0.07473182
0.33675492,4014.7727,2.4545345,9.545018,0.8979371,0.7332417,0.5733263,1.0201025,2.214465
0.27095783,4261.617,17.062675,8.952611,2.8368933,0.79138637,-1.3525895,0.5810956,3.120877
0.498094,6029.1304,0.8520239,9.243923,-0.1601407,-1.41805,-2.2013004,0.07588071,0.70652246
0.37855306,5379.173,1.0753536,9.553398,0.07264958,0.79521346,1.2054585,0.6559688,1.7317142
0.52915424,4313.3735,0.17248307,10.148653,-1.7574562,0.64740455,-1.390685,0.31991896,3.4193087
0.48728266,5101.966,0.38079542,9.52281,-0.96549296,-0.20694605,0.4319768,1.7283727,0.8727769
0.2737345,5213.4883,7.9479375,8.164387,2.0729125,-0.014749887,2.1433158,1.5394932,0.45035428
0.49066615,5512.668,0.1340404,9.830668,-2.009614,0.373755,0.048291236,2.0423334,2.0315237
0.40311697,3876.6707,2.585359,9.200445,0.9498644,2.2283185,0.00855909,0.13379553,1.1369966
0.3812272,6911.9663,0.0644608,9.402014,-2.741698,-0.93098545,-0.38080373,1.2439562,1.3909581
0.356268,4779.912,0.12841597,8.537552,-2.0524805,0.21740656,0.6531858,2.0892873,2.492557
0.26657945,4396.995,0.068958506,8.810354,-2.6742504,1.0690439,-0.84199566,1.0293733,0.16531657
0.2823122,4303.3667,1.2583354,8.945068,0.22978964,1.1152879,0.055853713,2.1370912,0.32482606
0.37338245,6710.5415,0.122957386,9.118674,-2.0959175,-0.80804676,1.6102452,0.06322547,3.8353446
0.324369,5732.6514,1.6272945,8.743485,0.48691887,0.7305029,-0.42562994,1.7027525,1.7581654
0.2733661,4806.579,0.9596152,8.948372,-0.041222937,-0.4712417,-1.861439,1.7757751,0.4104104
0.31994623,3062.3274,2.237722,8.566922,0.80545837,-0.6506338,0.016697943,1.7831016,0.45942655
0.37016746,4057.825,1.4462497,9.283328,0.3689738,-0.6749714,0.07858663,0.39449224,0.88752365
0.5357443,5218.456,0.0043697073,9.653738,-5.433059,-0.8918278,-0.1562134,1.3142314,0.27804837
0.3693106,5126.829,0.10555336,8.551743,-2.2485387,-1.7688069,-0.63137865,0.78050077,0.091207646
0.374789,4576.1353,0.040220425,8.715113,-3.2133803,2.4755726,-1.103488,3.7140698,0.6021907
0.24023402,6483.779,0.31738147,8.249676,-1.1476508,3.1537492,-0.71596694,0.6028798,0.1993922
0.23659928,5027.4697,0.6071558,8.540242,-0.49896985,1.3193686,0.33386624,1.1465006,1.0768005
0.28883016,4825.2217,0.009030022,8.068204,-4.7072005,0.43032312,-0.5261829,0.22481585,1.8363713
0.45875722,6019.995,3.2354708,9.497985,1.1741744,1.0705241,-1.6830022,1.8774152,0.84914446
0.29584697,5075.2705,0.49196574,8.704929,-0.7093462,-1.0914834,1.3452303,0.35273644,1.7663546
0.53859395,6996.9346,0.10382136,9.010956,-2.2650836,0.77991724,0.8086058,3.059331,2.012749
0.43024465,4538.3784,0.989378,9.134622,-0.010678865,0.7229276,-0.3862149,2.11832,0.36587334
0.22451614,5198.662,11.313385,8.532855,2.4259865,0.13026682,-0.5826383,0.503372,0.5742045
0.42973056,3472.645,0.14293107,8.7660885,-1.9453927,-0.13382052,1.474216,1.7220218,0.8684419
0.293267,4860.2334,0.046877414,8.171138,-3.0602193,-1.019791,-0.87422186,0.31086874,1.2517036
0.36444297,5158.599,5.7792263,8.566059,1.7542698,0.58169186,-0.09886447,0.15333456,0.6688953
0.3720552,5090.2524,0.040147517,9.303943,-3.2151947,-0.60324675,0.23258081,1.392417,2.6720576
0.45601204,2897.0408,0.69583476,9.392801,-0.3626431,-1.013541,-0.31561962,1.6609644,0.11257666
0.57597375,5622.882,1.1284015,10.017575,0.12080202,-1.8645755,-0.23943268,0.8191843,0.22217765
0.39331904,3733.7915,0.009049333,8.783891,-4.7050643,0.16757813,0.41954297,0.63858914,1.0434077
0.70602834,3527.2832,1.3255899,11.218241,0.2818576,1.3470374,-0.1724853,0.71154803,3.0729542
0.24374327,6295.566,0.036265988,8.095438,-3.316875,0.2345688,-0.84439826,0.3544121,0.31916404
0.2097031,5116.2656,0.34802747,8.284838,-1.0554739,0.47806758,0.9675463,0.97491705,0.33313796
0.4308449,5758.96,0.76063794,9.553845,-0.2735978,0.29446796,-0.49238423,0.9102836,0.8129716
0.32385728,6164.706,0.002374747,9.121229,-6.0428643,1.2754323,-0.9135209,2.0255744,0.23314981
0.31441554,3341.1335,0.058796104,8.61377,-2.8336797,0.6472056,0.36254972,2.0363579,0.58561033
0.48363,5453.1113,12.618971,9.465881,2.5352013,1.9272357,1.3364505,0.19079688,1.4133292
0.40652564,4923.5684,2.0018559,9.3558235,0.6940747,-0.15513274,-1.2115612,1.6463622,0.5938081
0.29605517,5136.0654,0.20670545,8.506964,-1.5764605,0.57814527,0.34133494,0.42482248,0.94664615
0.33668277,2418.233,0.63374734,8.654126,-0.4561049,-0.06588271,-1.2067465,0.8627953,0.57627314
0.26911733,5944.339,0.13509327,8.406953,-2.0017898,2.3442278,-0.15743403,1.026457,1.447843
0.33452377,5154.3843,0.14995815,9.303633,-1.8973991,-0.12750942,0.7512844,1.7738178,0.89063007
0.46247208,5924.078,0.95675635,9.748122,-0.044206515,-1.0547404,0.31483498,0.9444877,3.2086427
0.28145322,5206.0977,2.4872797,8.673794,0.9111896,-0.38028616,-1.0034542,2.3378305,1.2125326
0.5080922,7814.4023,0.86993563,9.404339,-0.13933608,-0.0019434086,-0.07622656,0.12455959,0.37797016
0.23553522,5240.3013,0.3948547,7.9908423,-0.9292374,-1.4062252,0.3505006,0.32508782,0.6310178
0.42630315,7124.1885,0.013227584,9.010395,-4.325451,-0.22811417,0.0646072,0.8574147,3.1863253
0.3180043,5954.947,5.933962,8.960437,1.7806921,-0.3699374,-1.4779017,1.5325867,0.3333787
0.40401614,5199.5713,0.04063235,9.444397,-3.2031908,-1.8621575,-0.40776435,0.50178397,0.52533764
0.33482352,4926.8027,0.082711756,8.991083,-2.4923935,0.07989505,-0.9548136,1.4375728,0.09427372
0.3587338,4549.5874,8.08749,9.223464,2.0903184,1.4592541,0.663316,0.67125815,1.2327839
0.4429224,4618.3794,3.1217961,9.432416,1.1384085,1.5675886,-0.1644687,1.3307847,0.9702174
0.5459985,4641.0205,0.39901567,9.819929,-0.91875464,0.3670017,0.0114977695,2.9573727,0.39521822
0.21376447,4975.7197,2.036374,7.659594,0.7111708,-0.7072181,-0.40158886,3.360271,0.8033659
0.44008303,3927.355,0.03612446,9.628906,-3.320785,0.77605873,0.07767786,1.5644184,0.4074411
0.42699918,3637.0007,0.10870695,9.479161,-2.2190995,-0.8315316,-0.26052365,0.75511605,1.5358847
0.49995384,4426.5044,0.058655195,9.464578,-2.8360791,1.1766487,-0.92674476,1.4796162,1.1443357
0.4784389,5341.837,0.07100519,9.003888,-2.6450024,1.871296,0.2797473,2.9515293,0.4908282
0.44447872,5540.2285,6.581284,9.919924,1.8842299,-0.8897926,0.6992563,2.0986333,2.1793792
0.34143677,6435.718,0.042753123,8.731283,-3.152313,1.299301,-0.8974438,1.0526636,0.75082767
0.4192553,4094.3188,0.34655386,9.396524,-1.059717,-0.10412192,-0.40794364,0.2313056,0.6403219
0.42842346,4506.154,0.14947143,9.129747,-1.90065,-0.045817465,0.808356,1.3850162,1.2290772
0.46270853,5902.3096,0.04457887,9.512368,-3.1104953,1.947236,-1.0676626,1.1561314,2.9843633
0.35304397,4364.3174,0.036401514,8.731863,-3.313145,-0.9126753,0.0924611,1.7824421,2.331561
0.27066976,6104.6826,0.12979484,8.987603,-2.0418003,-0.37927324,-0.1687366,1.3001806,2.3757572
0.46584252,4301.04,0.16013049,9.487264,-1.8317662,-1.8128986,0.20241731,3.4669185,1.8979293
0.24518727,4781.8184,0.3028228,8.069916,-1.1946075,0.9742999,0.85518557,1.353271,0.41955876
0.5521982,4535.7744,0.026410362,9.330487,-3.6339989,1.5437942,-1.5550652,2.2396948,0.73614347
0.50017047,5902.0107,3.9634795,9.803577,1.3771223,1.6229062,1.3182534,0.93523353,1.5469686
0.4535436,3120.3862,0.010839462,9.252982,-4.524562,-1.48561,1.0425649,1.2190145,2.9935043
0.4547435,5243.947,1.5740502,9.184658,0.45365202,0.9297613,0.20040506,0.96099085,1.6051751
0.24389856,2694.984,0.070880815,8.680413,-2.6467555,-1.1474118,-0.3611742,0.5896348,2.2328534
0.4733387,4954.741,0.14361583,9.927197,-1.9406134,-0.8153371,-0.00026766205,0.6423797,0.88548505
0.3867426,6183.9595,0.4882713,9.571148,-0.7168841,-0.48102275,0.18514536,2.8659766,0.53951544
0.47272924,5167.522,0.7764344,9.700193,-0.25304306,1.8865174,0.059839975,2.6037016,0.75019085
0.102538615,4269.633,2.1037688,7.9967127,0.7437304,-1.7703747,1.1586378,0.047651675,0.24811839
0.5906582,6060.934,0.018848961,10.535158,-3.9712975,0.67513824,1.445658,1.0516853,1.7824944
0.35799062,6161.904,0.022740241,8.943312,-3.7836192,0.08881797,0.54571766,0.4536495,2.0104892
0.23787348,6400.878,2.4239483,8.3761835,0.8853978,1.2460428,-1.9331675,2.2018738,0.082307026
0.26227307,4659.757,0.4066211,8.198015,-0.8998735,0.64460814,-0.057130937,1.4647416,0.29662246
0.36534953,3500.582,3.335354,8.649302,1.2045789,1.8430912,0.15002169,3.044082,0.14490004
0.33655176,5885.7593,0.026723685,9.130559,-3.622205,-0.014443571,-1.0755695,0.09526493,0.9535867
0.3055583,3925.3188,7.8226905,8.65373,2.0570285,0.48607278,-0.7186686,0.10738129,1.6756159
0.4953704,3990.5962,27.631954,9.525355,3.3189728,-0.4314515,0.50374496,1.6281368,0.988553
0.3607335,4075.3938,0.30332524,9.197277,-1.1929497,0.45525053,-0.07592718,0.9212318,0.122822665
0.391116,8778.484,0.24271023,9.767733,-1.415887,-0.72040856,-1.0400646,0.24984093,1.756009
0.4667939,4533.115,0.42562947,9.670307,-0.8541861,0.9631042,-1.1007993,0.7980769,1.1837027
0.33773625,7112.372,0.5420593,9.059635,-0.6123799,0.22239856,-0.22937086,0.25431028,0.884067
0.25847024,3977.9043,0.05498862,8.669346,-2.900629,-0.07700696,-0.75509495,0.30576462,0.61232513
0.43355128,5456.1245,3.1670237,8.943929,1.1527922,-0.61138767,0.7498357,3.101902,1.9347777
0.19967666,4446.972,0.06299425,8.294334,-2.7647119,-0.7835948,-0.92552245,0.54583013,0.10287414
0.51430005,5568.817,0.12225985,9.170585,-2.1016066,-0.43736959,1.7317693,1.8135356,1.9509466
0.41660404,5058.0776,0.15453316,8.509158,-1.8673465,0.24285214,0.4650376,0.35688353,3.2870302
0.22460037,5245.213,6.0995407,8.483215,1.8082135,0.16535667,0.3421605,1.1131055,0.70623904
0.5686022,4778.585,0.303939,10.113087,-1.1909282,0.2599804,-1.1350328,1.4758264,0.9257074
0.5205236,6071.97,0.046580296,9.686038,-3.0665777,0.34593666,1.05939,0.6282414,1.0215054
0.6358227,5046.7705,0.075581565,10.616459,-2.582543,0.184032,1.2192812,1.1793121,2.4359179
0.25909993,6413.5835,1.3188796,8.720932,0.27678254,-0.623642,1.006029,1.255926,0.9253263
0.43235406,4243.425,0.091994464,9.382645,-2.3860269,-1.5061874,1.8045232,2.1675107,0.44322267
0.34692442,4785.5186,0.04094663,8.650128,-3.1954858,-1.947404,-0.035904087,3.1863492,1.8309675
0.4583353,5662.5283,0.017400395,9.524155,-4.0512624,0.16478962,-2.4535184,2.9998746,1.8207617
0.6248596,5122.509,0.10296104,10.088946,-2.2734046,1.8870844,0.26476154,0.75206876,2.0453856
0.3862534,3831.802,0.52799356,9.403333,-0.63867116,1.1084859,-1.4909142,0.68554634,2.379008
0.29900134,6240.587,2.798661,8.629286,1.0291411,1.347042,0.41147175,1.2011416,1.3448539
0.40748578,4334.326,1.2007551,9.552715,0.18295066,1.7487932,1.3130418,0.8282839,1.3331379
0.5709908,5633.8467,0.01875291,10.3466625,-3.9764063,0.6279916,-0.5656925,1.1204509,4.0361614
0.3023734,5949.306,0.12114231,8.658522,-2.1107893,-0.84411025,-0.39312392,2.1229932,0.92129594
0.17558168,6822.514,0.18661872,8.429942,-1.6786877,-1.4694781,-2.2901146,1.0550126,1.6344966
0.31057608,5640.234,0.02563648,9.62978,-3.663739,0.99313945,0.83239853,0.39185855,1.6790353
0.3498956,6323.397,0.062196963,9.044035,-2.7774491,1.8240689,1.7503589,0.09036256,1.6531096
0.47732195,4422.757,0.13086995,9.767556,-2.0335512,0.5460679,-0.7664124,0.75564295,0.73778987
0.43866235,5205.1045,0.2304432,9.478758,-1.4677509,-0.39214435,0.4166514,1.72518,1.513499
0.4235535,7369.168,0.08629827,9.320761,-2.4499457,0.6017078,0.2884967,1.3099658,1.2082189
0.50638324,6900.0,0.77579844,9.57503,-0.25386256,-1.0005398,-2.8085473,0.22088712,1.0888412
0.34496507,6815.215,2.9527667,8.38991,1.0827426,-0.5152244,-0.63559973,0.94311637,0.6130457
0.434067,5227.447,1.0758927,9.794398,0.07315071,0.15407294,-2.0834417,2.0284626,2.25447
0.23692597,3918.9895,3.2363658,8.514311,1.174451,-2.0020947,-0.017072558,3.498986,0.62601554
0.41455564,4966.9854,0.50949895,9.330582,-0.6743275,-0.09824111,0.51823,1.0819668,2.0186777
0.3617758,4986.5063,0.07223461,9.089304,-2.627836,-0.006077528,0.05774376,4.204783,1.9939556
0.188466,3496.9214,0.4737294,8.209235,-0.747119,-0.4270567,-0.25822967,0.35817882,1.2743907
0.58781224,4473.027,0.079811715,10.318116,-2.528085,-0.63883,-0.80612403,0.16815762,0.09015869
0.3702246,4249.894,0.6680122,9.370913,-0.40344885,-1.2659243,0.17290463,1.8255985,0.7049597
0.42205685,3914.934,1.2909547,9.7265625,0.25538206,0.80208933,-0.029479144,2.3376408,1.1406171
0.46764368,4806.9717,0.0057768193,9.440469,-5.153902,1.8347286,0.98573184,0.624192,0.21954194
0.4572924,6802.724,0.08643943,9.693313,-2.4483113,-1.7220435,-0.06746066,0.29314768,3.8323076
0.3347269,4701.046,0.021066234,8.690217,-3.8600838,-0.1660963,-0.55994606,0.009599033,1.1329786
0.3347082,5636.5693,2.0205405,8.681845,0.703365,-1.2519835,-0.80378026,1.1039592,1.1447697
0.50217646,3314.8782,0.25492945,9.434154,-1.3667685,0.5670864,0.7192561,1.1388775,1.629212
0.38744828,3228.6162,0.1460526,9.062385,-1.9237884,-0.67553025,2.3515086,1.2124053,3.9619052
0.14766762,5277.91,0.27994674,7.830813,-1.2731559,-0.442283,-0.7638848,1.5330547,2.8903754
0.4015141,4854.382,0.10075987,9.305391,-2.295015,0.6941394,1.9926733,1.0494351,0.35755488
0.442434,5062.0186,0.39529058,9.704077,-0.92813414,-0.1311699,-0.52765644,0.2718022,0.9156122
0.24193141,6025.244,0.2569855,8.362769,-1.3587357,-0.11620379,0.17664905,0.20725076,2.402316
0.32032993,2932.0613,0.054091007,9.054363,-2.9170873,1.0422947,-0.57922715,2.0857959,1.4045224
0.3428117,6597.8374,19.091238,9.040056,2.9492295,-0.22117798,0.5948027,1.7961137,0.57661456
0.4471696,4929.4404,0.032318637,9.88574,-3.4321113,-0.7483913,-0.27567542,1.453754,1.0298669
0.45787767,5062.4604,0.0118784085,9.050865,-4.433033,1.9195281,1.179663,1.4748539,1.6600764
0.3597058,4043.8853,2.8065104,9.44743,1.0319419,0.37001625,-1.7678553,1.8643618,2.3186238
0.3405679,5705.797,0.069707796,8.927794,-2.663443,-0.70633274,-1.2339468,1.51809,0.73265725
0.26531303,5824.296,0.00501389,8.108119,-5.295543,-0.70796305,0.14361335,0.80357283,0.4434706
0.6314226,4752.719,1.0554775,10.395004,0.05399328,-0.34574714,-0.027946495,0.9764221,0.94468856
0.4043,4335.313,2.1990488,9.548624,0.7880249,-2.0378468,-0.2926328,2.5095618,2.6696424
0.5969603,5741.198,2.7666001,10.544739,1.0176191,-0.61691743,-0.49249116,0.33426774,0.11717811
0.40525004,4375.7666,2.2968163,9.221751,0.83152395,0.015413478,0.93863297,0.48892576,0.0023682835
0.4659447,5734.2974,0.10313029,9.349572,-2.2717621,-1.474609,0.3412656,3.3201082,0.5296509
0.44722855,4707.9614,19.541872,8.799402,2.9725595,-0.29636967,-0.08250797,0.64619744,0.44583184
0.34103492,5772.913,4.9191737,9.180608,1.5931406,1.3602517,-0.010751736,0.22041953,1.3778849
0.5713581,5280.4043,0.6065739,10.199047,-0.49992874,-0.26849422,-0.9165638,0.67152816,0.20429103
0.42751262,4640.0156,0.28628653,9.1719475,-1.2507621,-0.4527848,-1.8126454,0.9554757,1.5596206
0.3344082,5290.832,4.142183,8.653124,1.4212229,0.16120677,0.4788271,0.39821258,0.7264526
0.30100518,6461.962,8.606934,9.116398,2.152568,1.2714715,1.145634,0.12381096,0.67587817
0.46229103,4507.3696,25.112076,9.229636,3.2233489,0.2050578,0.09827549,2.3123074,1.7339435
0.52076054,6621.2383,1.1016415,9.765382,0.096801326,-0.54853976,0.7525039,0.60685825,0.39814064
0.16967133,4142.722,0.15948138,7.7490053,-1.8358282,1.4634229,0.7139397,1.2623141,0.9282109
0.5058763,3181.4263,0.009068464,9.396318,-4.7029524,-0.73936105,0.2179824,0.5719471,2.294172
0.26800817,6725.7173,0.050049506,8.283882,-2.9947426,-0.79775906,0.75840586,0.8762742,1.0043597
0.3232398,6412.9907,12.444777,9.175851,2.521301,1.9861403,0.25880018,1.1168221,0.49511626
0.31474438,5174.2764,5.7372904,9.12897,1.7469871,0.03726325,0.52967614,0.9137281,0.94817775
0.37188357,3559.0781,0.6703635,9.411669,-0.39993522,1.6812099,0.8305843,0.13979249,0.25158268
0.6162508,4487.9907,0.01745555,10.947474,-4.0480976,-2.1168091,1.2545922,0.7963042,1.9950621
0.5217412,5429.3877,0.03934002,9.570103,-3.235513,0.5598728,-0.86672753,1.6891737,0.79811925
0.2549656,5638.6987,0.51156116,8.59598,-0.6702881,-0.38382843,-1.711777,1.8140806,1.8878193
0.30979338,5805.5903,0.07233169,9.028278,-2.626493,1.1496097,0.91632795,2.0794854,0.8165851
0.47925386,6856.9336,0.056840617,9.673569,-2.8675041,-0.07332805,-0.23362735,0.48611912,0.109052345
0.52431893,5824.4673,1.9933836,9.56384,0.6898335,1.1040757,-2.4140406,1.5793327,0.24444127
0.44768724,5456.664,0.68149567,9.458976,-0.3834654,-0.6417659,-0.9263803,1.024745,0.3869643
0.261751,3185.679,0.04453992,8.761002,-3.1113694,-1.0109365,1.4058778,0.6749218,0.093623884
0.22199549,5464.6475,0.57570195,8.0383835,-0.55216515,-0.9943334,0.7916378,3.7583537,1.7183878
0.25146532,4237.6885,0.026335662,8.535614,-3.6368313,0.11284574,0.4850544,1.4568228,2.3478386
0.2119499,5258.1616,0.1912672,8.719523,-1.6540838,2.6171875,0.10905052,1.538786,0.77150583
0.27416497,3565.4727,7.496595,8.786605,2.014449,-1.7854958,-1.178255,3.2390428,0.07398686
0.5476595,3308.1282,1.3634846,9.847944,0.31004363,-1.4240358,0.3206046,1.0277698,1.570139
0.3642293,5679.736,0.006556268,9.413816,-5.0273337,-1.5757518,-1.4202816,4.2078905,0.17809814
0.23829079,4326.888,0.020020247,8.672162,-3.9110112,0.51034707,-0.31627673,1.1408751,2.294603
0.33706632,3488.6946,5.137697,8.839735,1.636605,-1.3002512,0.6542177,1.08028,1.5451012
0.46184862,4376.043,0.10903993,9.019009,-2.216041,1.0784088,-0.6363602,0.9632298,0.36255172
0.286207,6563.427,0.13392144,8.440551,-2.0105019,-0.45933288,-0.28554967,0.124499984,1.0114202
0.5312829,4699.37,0.48194206,10.25061,-0.7299314,0.18708631,0.07941453,2.6252365,0.0585875
0.43319884,5323.3584,4.4049354,9.198357,1.4827256,0.7764109,1.3179891,0.16095883,0.18132487
0.57367665,4664.3936,29.178911,9.778061,3.3734462,-1.2935164,-1.8563701,2.1827643,0.2255135
0.5918364,3630.6157,0.31892967,9.980927,-1.1427847,0.9606748,-1.0071456,0.29739106,0.49740723
0.2932919,4524.5767,0.478645,8.4952135,-0.7367961,-1.2552736,0.14152989,0.8270772,0.45890447
0.3489105,5822.424,0.06349286,9.0935755,-2.7568278,-0.56778437,2.5750403,1.1523076,1.8742702
0.4107126,5745.5186,0.071401425,9.269379,-2.6394374,-1.7649058,-2.0928617,1.8418413,0.45148274
0.30887723,4331.8267,0.22586928,8.637464,-1.4877988,1.6891073,-0.6585069,2.2119763,0.6475659
0.51688707,6580.3525,0.5049809,9.94313,-0.6832346,-0.29316267,-1.7199296,1.1812803,0.5701208
0.37531528,4804.538,2.5542579,9.117764,0.93776166,-0.83499044,-0.41353264,0.34371045,1.1248738
0.4168547,5871.455,2.7315264,9.189463,1.0048605,0.10015049,0.83019924,2.4314287,0.8620518
0.26958698,3924.2024,1.7414424,8.298911,0.5547138,1.5442756,0.14652923,1.0271747,0.12544699
0.33494616,6528.7344,0.13301851,9.207869,-2.017267,0.03833586,-0.8982424,0.22672912,1.2632401
0.46207786,5620.284,1.2495728,9.49608,0.22280169,0.5347053,1.6945662,1.2557565,0.54450697
0.3032863,4382.7373,0.13405709,8.790742,-2.0094895,-0.124313764,-1.9760389,0.53017306,0.76583964
0.33142138,3577.685,0.26178133,9.0149,-1.3402457,0.4474278,0.8920775,2.124647,0.8862594
0.29115963,5135.409,0.22701266,8.180749,-1.4827495,0.94292724,0.11887399,0.27478188,2.2028556
0.33886775,5257.6455,1.8308352,8.780116,0.60477227,1.2857082,-0.7193762,0.56075096,1.1834346
0.373735,3522.9402,0.24099663,9.294016,-1.4229723,0.4880056,-2.3879309,1.5358028,0.2303513
0.3939016,5457.712,0.56948566,9.317023,-0.5630217,-0.9223208,-1.0310696,2.4251428,0.03214084
0.30625948,5639.895,0.05255349,9.099808,-2.9459238,-1.04206,0.5528648,0.8598533,0.44605595
0.1663767,6175.839,5.6102343,8.553444,1.7245924,0.13686706,0.42631,2.5893037,4.8674974
0.4148868,5625.3867,0.13608511,9.495892,-1.9944748,0.11338375,-1.1882849,0.27339366,0.9060686
0.5063504,6373.761,0.27095798,9.570396,-1.3057915,0.030855358,0.29585156,0.53289825,1.2696931
0.24636231,4928.259,0.22849317,8.10801,-1.476249,0.46241936,0.4520799,0.46518502,2.576295
0.5504138,4474.293,0.9847247,10.034984,-0.015393158,-1.5537988,1.0198014,0.678982,1.5413915
0.37793306,3738.8335,16.09239,9.329852,2.7783465,-0.71888715,1.1242102,1.0242904,1.8840252
0.45885754,5546.54,0.030363249,9.539912,-3.4945223,1.6335934,-0.20965311,0.18450072,0.5941834
0.5261639,5396.7354,0.27321708,10.051984,-1.2974886,-0.39051074,0.82179207,1.3471203,0.01679549
0.2720338,3044.7363,1.0269421,8.303356,0.026585607,0.7191977,-0.5057436,0.62454736,0.07710347
0.41635942,3518.989,0.93095493,9.199353,-0.071544394,-1.0516388,-0.5182227,2.202531,0.15057509
0.2439739,5078.734,0.088901855,7.9566107,-2.4202223,-0.22146921,0.109146416,0.9518056,1.7228949
0.5049205,4695.2607,0.08786523,9.855412,-2.431951,-1.7981774,0.010685246,1.3359951,1.5721726
0.38978377,6167.5195,6.64744,9.138551,1.8942318,-0.36046657,0.45135456,0.48643327,0.11612813
0.5140279,5589.2725,1.17194,9.923106,0.15866043,-0.5823331,0.55298656,1.0611039,1.100277
0.54601544,6479.4097,0.337751,9.97126,-1.0854464,-0.14353381,-0.35235065,0.42228124,1.9659725
0.4107474,4270.548,25.336502,9.134557,3.2322462,0.45069164,0.36321038,0.7804917,0.70329845
0.3268095,4204.9316,1.7946303,8.444313,0.58479905,-1.0705216,-0.42721385,2.2835438,0.25191814
0.47505426,4245.708,9.861159,9.855324,2.2886038,-1.2254888,-1.0470289,1.6552168,0.15346205
0.28695565,6127.542,0.39660144,7.752142,-0.9248234,0.3497572,1.7091943,1.9259098,0.033805262
0.39664936,5312.3467,0.01592145,9.10282,-4.140088,-0.013730531,0.9518841,1.4515073,0.7928798
0.3178459,5039.9688,0.44789377,8.732263,-0.8031992,-0.5841736,0.34277585,1.7039119,0.075677395
0.3063128,4280.6885,1.1234854,8.560707,0.116435856,2.4342408,-0.254267,2.0124774,2.5193133
0.40062758,5106.492,0.11556132,8.89375,-2.157954,0.6257687,-0.60484004,0.2713153,0.052763574
0.5203787,5592.4272,0.43679976,9.6153145,-0.8282804,0.8714724,-1.411924,1.5379643,0.006256161
0.31002235,4665.648,0.7918569,9.054496,-0.23337463,0.59552103,0.61408997,2.4952834,0.27293816
0.52601206,7451.146,0.54793423,9.669245,-0.6016,0.06032942,0.7421191,0.34683695,0.3389835
0.3719514,5477.5566,0.57970744,9.578857,-0.5452317,0.8334765,0.13210382,1.891867,0.37542805
0.72878253,4016.4575,0.2809759,11.140406,-1.2694863,-1.2379227,1.0381243,0.26665434,1.265151
0.44687656,5710.0156,0.17464095,9.211567,-1.7450231,0.20685737,1.6240358,2.1201422,2.3978076
0.37993327,5940.2925,0.064704284,9.033518,-2.737928,0.96500367,0.68093073,0.32255444,1.1183133
0.3302895,5969.505,0.29852727,8.792382,-1.208894,-1.1724927,-0.04777444,1.1034817,0.039475594
0.22395685,4249.954,0.7758879,8.746446,-0.25374722,0.32364485,-0.8869829,2.462982,1.7781851
0.36771375,5670.704,0.96361333,8.98269,-0.037065152,-0.28593063,0.8815648,1.4735082,0.14484645
0.4729778,4822.5664,6.112783,9.424092,1.8103821,0.15334153,-0.55217916,2.2775354,1.2591277
0.47311965,5719.761,0.22317801,9.590685,-1.4997855,0.49890387,1.5360215,0.8993394,1.5020574
0.43011624,4337.9824,0.21762262,9.145988,-1.5249928,0.6436984,-0.1507423,1.5197582,0.0893262
0.404985,6125.5225,1.4115076,9.484595,0.34465834,-1.5765423,1.9218113,1.6788465,0.91416764
0.38895428,6131.7607,0.31259233,9.290448,-1.1628554,0.18762031,0.34364933,0.47941113,0.47904935
0.39445528,5179.085,0.49571058,9.543714,-0.70176303,1.2527204,1.7095537,0.5288996,0.9877506
0.41316837,5430.837,0.27274975,9.025781,-1.2992005,0.95094067,-0.69391716,2.8604493,2.1804166
0.3906239,4049.5886,0.054166734,9.400877,-2.9156883,0.4252706,-0.3239404,1.2600247,0.30497617
0.43027034,5399.328,0.05725779,8.98092,-2.8601916,0.4568815,1.512194,0.9362864,0.10059149
0.5091622,4045.6304,1.1284244,10.002049,0.12082233,-0.06586265,-0.42443588,2.4777412,1.2062895
0.5875242,5529.2754,0.4393474,10.626836,-0.8224649,-1.044444,1.3449159,1.3803703,0.98387486
0.4025922,3952.5513,1.0578638,9.208454,0.056251593,-1.5332689,0.7774386,2.0178494,2.244162
0.464157,4501.8237,0.010265039,9.412991,-4.5790114,-0.4906508,0.10298228,0.29683566,0.1127405
0.32376158,5666.1514,11.638438,8.6611395,2.4543133,0.39102113,-0.94826084,0.2974873,0.649996
0.48797017,5154.818,1.0908821,9.6976185,0.086986594,-0.8830288,-0.48051795,0.462483,1.2911044
0.36256942,4041.548,0.12402429,8.694054,-2.087278,-0.26125142,-0.022285474,1.2646413,1.0046508
0.48001495,5503.835,1.2269739,9.631037,0.20455092,0.021363568,-0.23792589,2.3489199,1.2761593
0.40743113,5219.55,0.049363032,8.876503,-3.0085535,0.35500243,-0.20469755,0.044631258,0.841532
0.41886288,5995.9897,0.018002309,8.936003,-4.0172553,2.2833564,-0.19141905,0.5925039,2.4587908
0.51517904,3596.9019,0.24031878,10.199961,-1.425789,2.5789273,-0.16954534,1.6246635,0.06687831
0.448847,6429.68,0.09220606,9.071715,-2.3837295,0.8506712,1.3552424,0.24158448,1.3370848
0.31775036,5392.1807,7.0174522,9.220033,1.9484003,0.16828729,0.9209261,1.0633836,1.2660961
0.30818415,5313.3853,0.4161746,8.306938,-0.87665045,-0.036226116,0.59478945,2.469922,0.50500613
0.33615717,4355.5557,1.0331832,8.991932,0.032644555,0.44041294,-1.5067849,0.27530655,0.0030856607
0.4876853,4368.6865,0.29557616,10.0007715,-1.2188288,-0.33130774,-0.08988794,0.3174039,0.6232439
0.28461373,4944.806,5.898649,8.834524,1.7747234,0.029949833,-0.9944574,0.13629662,1.2775853
0.3147543,3775.023,0.058604386,9.138342,-2.8369458,0.15447512,-0.64876837,1.7646015,0.31076777
0.3465313,5361.9443,0.053734355,9.217588,-2.9237027,0.59921825,-0.13432646,1.6247282,0.020512195
0.39821646,5068.9043,0.08750311,9.106634,-2.436081,0.5215582,-1.4533159,1.5200641,1.8421619
0.48285913,4077.3098,4.362422,9.593015,1.4730273,-1.4098084,0.13088976,0.1306082,0.83201253
0.35892907,5264.1387,0.052511193,9.182516,-2.946729,0.48332816,0.50244176,0.71415645,0.5831498
0.35986623,4539.8433,0.28713667,8.8997755,-1.247797,-0.10533547,0.6322522,0.8218737,0.056621052
0.55242765,5730.8076,1.1332697,10.175342,0.12510698,0.14840938,1.272707,0.6089435,0.37900433
0.40346834,4898.5986,0.12721226,8.755605,-2.0618982,0.23413299,-0.12159772,2.3060377,0.04127316
0.45378408,4547.5815,1.5034856,9.161961,0.40778613,1.5054264,1.3266159,1.7413197,0.6292867
0.33851922,4646.9946,1.0064471,9.107188,0.0064263484,1.2438073,-0.57936925,3.4210181,0.41251218
0.47498673,5162.9854,0.04470526,9.239574,-3.107664,0.883224,1.7253692,2.380705,0.47788563
0.3729535,4227.5713,0.5368386,9.180164,-0.62205786,-0.057733443,2.0523045,0.86339533,0.48274514
0.2922971,6148.956,1.1845187,8.371933,0.16933656,0.30920058,-0.61208993,1.5409402,0.933904
0.4991123,6655.318,13.172254,9.7945,2.5781126,-0.17345744,1.4691944,0.91875577,0.29381907
0.18535255,4211.2656,6.5740027,8.146439,1.8831229,1.2451912,-0.8582662,0.9067602,1.4579208
0.22542521,3866.4949,0.19083858,7.937451,-1.6563274,0.4968602,-1.9321,1.697658,1.1428531
0.26139653,4217.147,0.04845824,8.202429,-3.0270529,0.96253276,-0.8416912,2.794618,1.4509995
0.43806854,4380.995,0.18420216,9.26008,-1.6917214,-0.27726462,0.69561464,1.8978485,0.79399025
0.29819474,4873.01,1.6182152,9.089737,0.4813238,1.6528908,-2.148153,1.3412994,1.382374
0.39242142,3905.5981,0.24386048,9.539493,-1.411159,-0.5799433,0.8507184,1.0442761,2.4844058
0.5014527,5177.968,0.45085597,10.0929165,-0.7966073,-0.07160355,-0.5093301,1.5003856,1.0206312
0.27861923,3283.216,0.01978671,8.686315,-3.9227448,-2.058181,0.24420156,1.8575215,0.8197444
0.3201904,6509.124,3.2847643,8.455735,1.1892949,0.23724705,-0.4079144,2.0431309,0.114676535
0.28946084,5562.478,0.610361,8.676941,-0.49370477,-0.09473379,0.23897682,1.1874294,1.8435073
0.49524438,3391.9692,0.47970346,9.571736,-0.7345872,-1.3361377,-1.4777305,2.1362193,0.9891684
0.49342826,2787.875,1.6017251,9.620867,0.47108126,-0.45338714,0.070187666,0.062380284,0.54616594
0.5885887,5582.647,0.2595862,10.359049,-1.3486665,-0.33752945,0.7881211,1.8574578,0.15322912
0.40786356,4181.791,0.6681074,9.5080595,-0.4033064,-1.0061686,-1.2496042,1.5578777,0.085744664
0.44887567,4774.4346,0.0067380466,9.515975,-4.999985,0.81093466,0.81612617,2.5043168,2.376864
0.44119886,6137.782,0.018177794,9.769383,-4.0075545,-0.6836205,-0.49114966,0.6611592,2.449598
0.3148656,6056.0435,0.45901403,8.40555,-0.7786745,-0.34039837,-1.3563246,0.2023719,3.0583274
0.29024372,5024.075,0.017111866,8.73263,-4.067983,0.35155508,0.35659036,1.0833348,0.93655676
0.4471612,3678.3672,0.27451348,9.326506,-1.2927549,0.02417912,0.90954256,1.257543,1.1877964
0.29980135,3674.44,4.5288954,8.795997,1.510478,0.64773065,0.5773328,0.26434532,0.047504358
0.4696203,4773.559,10.726843,9.529293,2.3727493,1.0003537,1.1321341,2.4941554,0.45805112
0.5363047,6383.329,0.55246305,9.756295,-0.59336877,1.118749,1.6279461,0.3592685,0.05217896
0.5392153,5715.86,0.17085034,9.835812,-1.7669673,0.5752686,-0.86822844,0.46684057,0.6962241
0.5727271,5506.517,2.4018571,9.768733,0.8762423,0.15045173,1.1809679,1.0349264,1.731502
0.42456198,4251.2197,0.006527912,9.17883,-5.031668,0.0072338115,2.2984524,2.3809817,0.19634727
0.3713861,6014.964,0.8141603,9.219101,-0.20559801,0.5748776,-0.7535484,0.90357894,1.0832746
0.42967546,3229.2876,2.5217197,9.290861,0.9249411,0.2343968,-0.31079313,2.4540868,2.5879388
0.4256945,5573.668,3.1810017,9.295118,1.1571962,-1.5950857,0.4389351,3.3422656,1.1732918
0.6109507,4721.864,2.0816188,10.6296625,0.73314583,1.2276328,-0.49718562,0.71573913,0.70639384
0.20997082,5105.873,0.09415713,8.198226,-2.3627903,-1.2304604,-2.164238,0.86464006,0.55899453
0.4282008,3482.2134,0.22729288,9.734963,-1.4815159,-0.96514386,0.09901566,2.4028263,1.5082185
0.3977333,4653.096,3.4880972,9.283536,1.2493564,-0.12124764,0.5385026,0.8502835,1.6057959
0.22943033,4701.8315,0.204697,8.355994,-1.5862244,-1.9853064,-1.1057578,3.2308204,1.1494118
0.40031734,6299.257,2.1303647,8.825914,0.7562932,0.26597178,0.96521366,1.4544493,2.4369717
0.47629017,4194.1914,0.93145263,9.701044,-0.07100997,-0.17543375,-0.4750814,0.60161036,1.2241883
0.4845639,5368.845,0.82685316,9.634267,-0.19012818,0.6057716,-1.1481365,1.5718175,1.7224121
0.5050846,5435.5083,0.008882892,9.584456,-4.723628,-0.2615804,1.4487003,0.091957584,2.6971467
0.33109027,5749.034,0.06720025,9.2984295,-2.7000782,-0.956987,-0.4281801,0.86164945,0.7496168
0.37296423,6359.9736,0.45963827,9.050945,-0.7773155,-1.3373585,-0.36159784,0.19248854,1.100056
0.2767041,5815.286,0.18892843,8.585104,-1.6663871,-2.826192,0.38143206,2.2956283,1.7517395
0.35904944,2935.318,0.12622166,9.285888,-2.0697157,-0.22046213,-1.5052916,0.78599644,2.9525034
0.27476424,6935.95,0.098672666,9.088506,-2.3159473,2.4963217,1.1715062,0.9190215,2.1731734
0.22901236,5133.1973,1.0578893,7.962841,0.056275703,-2.4239707,-0.4381855,0.9791441,1.1347524
0.37549293,6279.703,0.056681674,9.301425,-2.8703043,0.23072626,0.30171818,3.5855799,0.29887363
0.4184325,5810.1924,1.3705878,9.040455,0.31523976,-0.93365276,1.4054365,0.91704774,0.85247236
0.43791756,6960.7954,0.0068684006,9.138005,-4.980824,1.8299758,-0.17841104,0.44150108,0.7948393
0.47104594,5404.5396,0.14814326,9.580903,-1.9095755,0.4873914,1.0495641,0.20757478,0.91855896
0.37437677,5129.8057,1.9650505,9.1433525,0.6755179,-1.678684,0.72035414,2.0670633,2.5458276
0.34411162,4327.598,0.08269662,8.804963,-2.4925766,0.67707455,-1.2970772,0.596345,1.5409881
0.35788327,5167.3096,0.2002579,8.859312,-1.6081493,0.66787183,0.52229714,1.6143101,1.8695469
0.47129023,4685.74,0.112248875,9.330597,-2.1870368,-0.9842759,1.0641285,2.167804,0.79946035
0.37032083,6735.686,0.12278346,9.112663,-2.097333,-1.6158947,0.4692651,1.1936195,1.3898864
0.4299891,4358.023,0.27453586,9.363067,-1.2926733,-0.7675913,-0.84143823,1.8330685,0.05426472
0.460036,5347.336,0.07537271,9.866331,-2.58531,-1.1324826,-1.1454777,0.034229606,2.2121048
0.4454462,5693.0806,0.25065935,9.395191,-1.3836604,1.0596739,-0.024433935,2.4802341,0.7480553
0.36393547,6325.3564,0.043061793,9.080229,-3.1451192,0.1734679,-0.83097064,1.8272302,2.5158834
0.29676077,3357.3855,0.8338122,8.480608,-0.18174711,-0.26485577,-1.0762784,2.7756522,1.1672322
0.3678654,5625.8115,0.15138882,8.998304,-1.8879038,1.0846831,-0.99909306,0.5576456,0.08423174
0.5700995,5560.321,4.9045267,10.225424,1.5901586,-0.38729918,-0.56270874,1.9777942,1.8904703
0.2848253,4157.1904,1.4810466,8.429697,0.39274898,0.7215026,-0.31027764,1.8506074,0.33518746
0.3825149,4271.982,0.002840772,9.245558,-5.8636794,-0.18344502,0.37859115,0.45636666,0.3535966
0.3465548,7369.0337,0.07753187,9.35152,-2.5570662,0.011097931,0.822555,0.9281504,2.0644476
0.1519531,5683.892,0.054248456,8.041037,-2.9141808,1.00726,0.2156978,2.870765,1.5911304
0.59278697,4165.9106,0.18635613,10.493709,-1.6800958,0.33588895,0.90657437,1.7020948,1.4840147
0.31919318,4662.0107,0.022055548,8.74851,-3.814191,0.68223643,0.9092349,0.8917524,1.3167728
0.44471157,3979.4512,0.8264569,9.09576,-0.19060747,-0.2625737,2.145914,0.08754076,0.8398236
0.49191058,6016.6514,0.04815069,9.923557,-3.0334198,-0.5158653,-2.028043,1.478712,1.7325644
0.47360066,5064.5537,0.22375083,9.512946,-1.4972222,-0.27595788,-0.49455673,0.58868897,0.30988628
0.44034234,5888.6143,0.21763244,9.435273,-1.5249476,1.051055,0.5748005,2.2646642,2.0625951
0.5366743,4696.872,0.061536703,9.657562,-2.7881215,0.76141626,0.18043238,0.14545868,0.7978683
0.30483103,5335.8506,0.89003253,9.030707,-0.11649729,1.0779333,-1.7859843,0.1490613,1.1393156
0.40715894,6898.2666,0.5599729,9.030706,-0.5798669,0.16369596,-0.48038277,1.2600253,2.9675307
0.3664579,4158.726,0.16905475,9.168576,-1.7775327,0.05480776,-0.8993398,0.7268811,1.6317838
0.35605386,5939.0215,0.20223449,8.7417345,-1.5983274,-1.0682075,0.8103499,2.2244997,1.0171789
0.31689915,5732.878,0.0057258704,8.901051,-5.1627607,-1.6878982,0.5677399,0.10079139,1.536628
0.35850558,4947.8716,0.4737745,8.848044,-0.7470238,0.8069557,2.0405202,0.03960966,0.44060928
0.22972114,5500.8145,0.016152369,8.906685,-4.1256886,-0.36272445,-1.2489443,1.0783901,0.99534994
0.2330951,4684.163,2.417068,8.540398,0.8825552,-0.04530028,0.26660055,1.8423717,3.2981265
0.48542804,4525.9277,0.07529275,9.635432,-2.5863714,1.2097042,-1.2182698,0.99713147,2.1900811
0.36453792,5165.233,5.120636,8.465207,1.6332786,-0.08736383,-0.12159683,1.2366322,1.1624405
0.38392523,5797.7065,0.07187633,8.887744,-2.6328082,-0.6345918,0.17048985,2.1268375,0.053511
0.5357654,5039.042,5.1398435,10.3331785,1.6370226,-1.573757,0.23405468,4.5725217,1.3856667
0.22577891,4390.2847,5.475309,8.148217,1.7002487,-1.3306358,1.2243217,0.80598307,0.674256
0.425467,3883.427,0.014955541,9.464127,-4.2026734,0.033000737,0.066150285,2.110373,0.14305565
0.32902008,4512.3203,0.17102396,9.061395,-1.7659516,-0.4290819,-0.0023961118,1.2382557,1.2227184
0.34159935,3528.8608,0.79812634,9.115145,-0.22548836,0.8360671,0.13691472,0.10330657,1.8070112
0.52282095,6679.8633,0.0040135304,10.135171,-5.518084,0.86010283,2.0168848,1.9964769,0.02506507
0.54950225,4763.815,0.16185181,9.972077,-1.8210741,0.51998746,-0.15560243,0.22081847,0.44781238
0.29422313,5439.112,0.19159448,8.878887,-1.6523743,-1.7603838,1.2903349,1.450953,2.6329312
0.48412716,7208.6846,0.52099484,9.590573,-0.65201515,0.05057786,-0.9872857,1.988991,0.7793552
0.40553868,6470.8276,1.9162279,9.373912,0.6503586,-1.1499614,-0.07038252,1.0049639,0.6025219
0.46460617,5034.0854,0.26369914,9.646533,-1.3329464,0.6471175,0.74474585,2.1370113,2.41348
0.40572405,5210.4067,1.50172,9.176872,0.40661108,-0.037647046,0.36028397,1.5414836,0.9138781
0.51706564,5440.4854,1.0690032,9.502722,0.066726685,0.1722377,-0.48182532,0.57198465,2.34329
0.39342633,3232.8174,0.08844659,9.146785,-2.4253564,0.28937745,0.04400797,0.6151506,0.7284942
0.24924132,3851.6711,15.560382,8.642971,2.744728,-0.2931262,2.3849137,1.852494,0.8164068
0.48777512,4740.172,45.04486,9.931181,3.807659,0.38444525,1.257144,0.82363045,0.3107396
0.35206607,2865.0513,3.9377444,8.679292,1.3706081,-0.059690446,-1.4216872,0.20521438,0.957486
0.2912861,3142.4185,0.038999435,8.6479225,-3.244208,-0.38678613,2.0511348,1.5814986,1.149831
0.30897266,5696.9326,2.1815872,8.549182,0.7800527,0.20389709,1.3349476,1.8338456,1.6409205
0.38643107,4227.105,1.0059352,9.160258,0.005917636,0.23748188,-0.18707278,0.08037842,7.720589e-05
0.21358833,4790.1133,3.4663873,8.351942,1.2431129,2.8617,-1.4092411,0.80902106,2.5338774
0.54234946,5056.052,0.041180715,10.22663,-3.1897852,-1.3033835,0.028416567,2.001913,1.0200466
0.52964395,4173.348,0.053970974,9.562696,-2.919309,-0.71156496,1.13859,0.8410476,0.93290335
0.3594074,4925.511,0.20372283,8.990845,-1.5909948,0.15875703,1.056222,1.1841528,2.347405
0.5530927,4386.6943,0.1922217,9.755969,-1.6491059,0.8866219,0.2677172,3.4572778,1.753135
0.43745244,5305.9463,0.07850064,9.361383,-2.5446484,1.2068495,0.9839555,0.010527991,1.3650776
0.27935147,5412.204,0.40103632,8.720969,-0.91370326,0.41807634,0.27231562,0.24525797,0.16693625
0.32999334,5371.05,0.0006185084,8.807743,-7.3882,-1.0484117,-0.13381901,0.021548133,2.3787773
0.3976579,5085.88,0.38529155,8.848228,-0.95375496,0.5022377,1.8883907,1.3292098,2.171102
0.42741722,3931.183,0.025591861,8.9670315,-3.6654809,0.72323924,0.07379172,0.00059938215,1.876141
0.42012167,3596.0945,1.3149571,9.323171,0.2738041,-0.6770691,1.3825028,2.8725703,2.4153292
0.49329922,5352.176,29.857128,9.654313,3.3964236,1.0888786,-0.43098912,0.018327165,1.5957818
0.37550345,4571.1064,0.23895583,9.350372,-1.4314766,-0.34617224,0.19968498,3.3322196,1.4952444
0.52466375,7094.712,4.5218706,9.938034,1.5089258,1.4180187,1.1167083,0.3783433,0.49054492
0.32068104,5395.4014,0.28353798,9.229663,-1.2604092,1.8674614,0.005533828,0.75608337,1.0467767
0.59664184,5810.1367,12.360037,10.29207,2.5144684,0.5460252,0.53242207,0.37693962,0.916907
0.40526175,4548.693,0.10962216,8.454847,-2.2107158,-0.40173626,1.260384,0.8648303,0.00025739035
0.4130788,4803.8677,0.62773854,8.91839,-0.46563154,-0.9235601,-0.058864273,0.4421672,1.2996593
0.45672905,4408.1016,1.4980931,9.32594,0.40419304,0.039477892,1.0181752,1.7116998,0.6571872
0.5296993,6326.8125,3.117974,9.744024,1.1371834,-1.1036385,0.60434055,1.2685798,0.9457485
0.36572737,2745.61,0.36679983,9.007212,-1.002939,0.48492566,-0.4066937,0.8479867,0.7237351
0.39830765,4156.451,0.10636696,9.347358,-2.2408602,-0.30758035,0.16408966,0.7858021,0.7036207
0.46648863,6812.257,0.5711898,9.645498,-0.5600337,-1.1073133,-1.8135899,0.17669779,1.7880058
0.4692753,4087.0103,0.86175275,9.496055,-0.14878684,-0.58801335,-0.2886171,0.9016838,0.82970595
0.48494232,4988.2964,0.3430615,9.802629,-1.0698456,1.9915886,-1.2491587,0.80369914,0.3000739
0.42318445,3968.7065,0.19301379,8.8991165,-1.6449937,-0.18292265,-0.4907876,1.9418887,1.749439
0.49366355,3727.9995,0.032332275,9.891922,-3.4316893,-0.92995167,-0.65447956,0.9587983,3.0135877
0.49966732,5792.2285,7.1493545,10.281287,1.9670221,0.92554003,1.9270309,1.6980832,0.67039895
0.3170439,5530.9775,1.9759337,9.051964,0.681041,-0.7153158,0.2370092,2.1222923,2.016525
0.5195632,6868.776,11.981041,9.971974,2.4833255,0.97181875,-0.597269,0.40886092,2.0234787
0.44910926,5739.217,1.2796522,9.508752,0.24658836,0.563274,2.9236631,0.13888384,1.6298112
0.26136488,4905.5796,6.4428234,8.346672,1.8629669,-0.24573389,-1.5547117,0.17580415,1.8792316
0.5255492,5236.4355,2.663662,10.389702,0.9797018,0.4907332,-0.491386,0.90901685,0.18443434
0.44206014,4461.7656,3.0401707,9.571395,1.1119137,0.8928563,-0.65807605,0.46382135,0.4241567
0.17360361,4547.546,1.1628398,8.222302,0.15086511,-1.2226844,-0.26650843,1.7873492,0.8370011
0.3783987,6369.7217,0.30074146,9.364336,-1.2015043,-1.0815916,1.040146,0.774932,0.92662805
0.40545714,4441.2124,0.5120421,9.344377,-0.6693484,-1.5899851,0.1955218,1.9433823,0.18155491
0.40830007,6095.146,0.016663065,8.64753,-4.0945606,1.1823,0.4553304,0.37718898,0.0650736
0.3225501,5190.2627,7.079423,8.874127,1.9571924,-1.1262231,-2.1178043,0.83089954,3.2884636
0.49709994,3739.4343,0.1104443,9.824631,-2.203244,0.11581076,-0.54217005,0.14669557,0.789264
0.31332678,5892.562,0.37199518,8.649993,-0.9888744,0.0016127711,0.7598141,1.6204656,1.0562723
0.50431305,3838.7664,0.11705311,9.879234,-2.1451275,0.55974174,0.41671228,2.5666978,2.891964
0.43127152,4700.163,0.60008806,9.626154,-0.5106788,0.37337083,0.21010382,1.3923943,1.4092448
0.26868713,4714.2236,0.19811168,8.341466,-1.6189244,1.5692519,-0.8215326,0.36339214,1.3126048
0.27080685,4176.493,11.36711,7.9597125,2.4307241,-0.34511563,0.34628406,0.37232977,0.0016681631
0.17037581,4370.872,0.42497504,7.870915,-0.8557249,-0.04147336,1.5371891,0.9224588,0.3873
0.44006816,3962.5757,0.5729105,9.424967,-0.5570258,0.5848427,-0.17373955,0.3694098,1.0592943
0.36683205,3787.5952,0.8275551,9.2084675,-0.18927959,-0.50963086,-0.15290631,0.3569787,0.31279376
0.34124762,5612.5376,0.16922937,8.729695,-1.7765002,-1.050451,2.1284063,2.5896497,0.5245276
0.5776168,4182.9014,0.7944359,10.092925,-0.23012292,-0.10644848,0.4700158,0.554477,2.0747013
0.50772446,4668.9707,0.27789357,9.529265,-1.2805171,1.0875455,-0.55934423,0.39623368,2.4926043
0.31886172,5200.7153,0.22994417,8.893573,-1.4699187,-1.5364411,0.37102374,0.5052034,0.6562674
0.31892288,3880.5266,5.125007,8.753275,1.6341319,0.74510866,-0.67211324,0.04718574,1.2107396
0.28079644,6788.876,0.093353696,8.382928,-2.3713598,0.015621179,-3.7790492,1.8733269,0.6875723
0.39571875,5978.2046,0.5827572,9.217208,-0.5399847,0.4031384,0.12007088,1.1432719,2.0230234
0.44929606,4400.478,1.3113827,9.2836685,0.271082,-0.46046945,-0.61429584,0.561665,1.3673072
0.39283994,4985.229,3.8541682,9.169806,1.3491552,1.7516476,0.302593,1.261297,1.4860586
0.14822966,3610.5632,0.69954395,8.269751,-0.35732663,-0.3847437,-0.4799576,0.22295237,2.1041555
0.46760777,4103.2065,0.17208919,9.416651,-1.7597424,0.014138303,0.6072901,0.89697754,1.1903883
0.2728654,6030.552,3.6224017,8.258942,1.2871373,-0.42374215,-0.4367752,2.2375326,1.0678834
0.38670427,5126.787,0.02193221,9.55091,-3.819799,0.5047202,0.9967084,0.7086602,0.13240978
0.44999686,3310.2085,0.30360854,9.008046,-1.1920161,1.1415008,-0.96979886,0.9627383,2.2918427
0.3936047,6868.2515,0.033996105,9.3499155,-3.3815093,0.38475642,0.31298923,1.0478524,2.6452518
0.38169143,5806.2153,0.0623115,8.9842005,-2.7756093,0.724922,-1.2163266,0.22542328,1.6338496
0.3702612,3889.8867,0.15306278,9.354599,-1.8769071,-1.2761401,-1.1597321,0.36709338,0.2333188
0.51389116,4395.9565,0.07555185,9.730194,-2.582936,0.19805622,-1.0906912,0.95554763,0.9074175
0.34734058,3503.0688,15.865819,8.76937,2.764167,-0.4885464,0.72038007,0.68813545,2.0878189
0.4449431,5250.597,0.36288708,9.244808,-1.0136635,-0.32990432,-0.19542266,0.89887214,0.742792
0.34890375,5842.0537,1.821738,9.17207,0.599791,-0.32211822,-1.1298312,1.4658546,1.7251533
0.536198,5467.751,0.0021631755,9.172893,-6.136178,-0.73904735,-1.152451,1.4307662,0.53267837
0.27304506,5958.729,0.1635373,8.422917,-1.8107142,-1.0311955,0.14689623,1.2827603,1.851644
0.4988273,3718.7212,2.1117294,9.893447,0.7475073,0.8016236,-0.338946,3.5552177,1.6558509
0.585116,3789.7004,0.14828756,10.100256,-1.9086019,0.3398739,-0.6151322,0.66720974,1.3962368
0.49953014,6468.6875,1.7345206,9.844236,0.55073106,1.4695567,1.6576661,1.1716906,1.8994101
0.5744739,5546.2188,0.89765644,10.128138,-0.10796787,0.805152,0.8768954,0.10122603,1.106153
0.3664533,3779.1165,1.652745,8.857433,0.50243753,2.1725948,-0.20212895,0.15816815,0.891192
0.19375567,4265.5845,0.091436565,8.081098,-2.3921099,0.16939545,-0.107576385,1.1392542,0.42051783
0.53904283,5482.4893,0.5381157,9.773827,-0.6196818,0.39895478,1.2227062,0.054939065,0.43654442
0.4909087,5949.403,1.6778427,9.494917,0.51750886,0.47906303,0.2774837,2.6123662,0.22060528
0.30518213,4183.776,0.013910309,8.753641,-4.275125,1.8521826,-0.2985728,2.2471015,0.010911901
0.33424473,4447.023,0.25168997,9.169657,-1.3795573,0.08182481,-0.8174145,3.7190928,0.27923724
0.4118086,5440.414,0.86734074,8.935854,-0.14232336,1.8040454,-0.6333267,0.3338441,1.698569
0.4937163,5442.2627,0.7069942,10.371502,-0.34673288,-1.3935039,-0.7338973,0.3463467,0.1599477
0.44655752,4705.764,1.0763144,9.931021,0.07354268,-0.79017055,-0.90085405,1.6613063,0.24408448
0.42249972,6401.4062,0.020811751,9.394495,-3.8722374,-0.022770274,0.24331626,3.3288107,2.1929271
0.41463047,4830.9536,0.7950431,9.066192,-0.22935897,-0.076475,-0.9636795,0.64132905,0.23504655
0.5706475,3781.8013,0.025863403,9.504566,-3.6549263,-0.44419628,-0.70552266,0.5004482,0.97500736
0.39474586,6199.114,3.5015876,9.30668,1.2532165,0.34540567,-0.13893062,0.35861441,1.4798976
0.34700602,5665.1094,0.57649565,9.31832,-0.55078745,1.2307979,0.6921724,1.4653689,0.88965344
0.42469555,3620.478,0.014741063,9.472364,-4.2171183,-0.53046036,-0.36170122,0.5711815,1.2291684
0.412782,4625.594,2.6896758,9.192655,0.9894207,-0.15065286,0.4223384,0.74491423,0.32112363
0.47258225,5518.522,0.0022957264,9.562085,-6.076706,-1.2842057,-2.3697493,0.1906159,0.558461
0.28890392,5412.411,0.111440346,9.145308,-2.1942658,0.25238866,-0.20119216,2.330729,1.60604
0.3746765,4264.824,0.36557013,8.992538,-1.0062971,-1.3876843,-1.321149,2.4380877,0.2741137
0.4058561,6020.124,0.20597205,8.636998,-1.5800148,0.2769055,0.3403593,0.15238862,3.9255116
0.41823024,4005.8816,1.2220368,9.374757,0.200519,-0.15062928,0.03780329,2.0605392,0.13419895
0.4102556,4521.838,0.11972634,9.323061,-2.1225467,-1.3629378,0.13191663,1.4349105,2.0304763
0.47689015,5336.3354,1.5275785,9.6058655,0.42368376,-0.003550732,0.6067135,0.24345225,0.85377514
0.3661821,6384.748,1.2455527,9.332887,0.21957931,2.122392,0.9277793,0.2559592,0.8383752
0.26736423,4838.7095,1.4183013,8.527499,0.34945998,-1.4351822,1.049405,1.1257327,1.7748873
0.45804507,4486.063,1.0340084,9.529556,0.0334429,0.098577864,0.88259935,1.9123282,1.0735838
0.34835598,5792.283,0.047021456,8.530047,-3.0571513,0.867724,1.4175159,0.5021699,1.0354761
0.45323798,3394.0222,0.033216678,9.821034,-3.4047031,-0.7945547,-0.7662645,0.48511964,0.09318714
0.36232075,3004.478,0.05883061,9.186611,-2.833093,0.86137265,-1.9903903,1.5512372,0.6781054
0.2938758,3935.1382,0.012875882,8.88492,-4.3523993,0.32610855,-1.6776823,1.0606773,0.055095825
0.4220871,4546.5127,2.8197653,9.107919,1.0366536,0.18437149,0.3684951,0.6738406,1.5974402
0.39729235,5529.487,0.18902202,9.362023,-1.6658918,-1.8441988,-1.5532326,0.5344136,0.575988
0.37463042,5363.379,0.018686231,9.313941,-3.9799683,0.6780835,-0.4056864,1.8615103,0.2259634
0.3425336,5464.5566,1.9801058,9.0106945,0.68315023,-0.20067014,-1.737517,1.5767871,1.0203333
0.4098868,4676.204,0.013787028,8.64378,-4.284027,0.12383424,-0.29294187,0.30755463,0.9027843
0.55288315,6037.7534,1.0044812,9.944237,0.0044712406,-1.3958876,-1.8503164,1.0267336,1.7316883
0.5572095,3010.4038,1.6228706,10.033644,0.4841965,-1.0964295,1.5764775,2.055966,1.4422091
0.35499385,4939.008,0.014716756,9.157323,-4.2187686,0.23374297,0.381612,0.89501536,0.5620264
0.45906937,4605.192,0.025400134,9.418129,-3.6730008,-0.5365341,-0.781447,1.9005846,0.98409855
0.28715485,4450.823,0.21853928,8.81906,-1.5207895,0.30693144,-0.12999515,0.93291175,0.4363592
0.6180235,4940.252,0.13553058,9.831105,-1.998558,0.33330014,-0.10759862,1.7927309,2.077865
0.39186615,4986.4873,0.13123636,9.472353,-2.0307553,1.0317885,-1.5382726,1.337,0.04941724
0.2983287,4388.058,23.366291,8.680471,3.1512945,-0.93047994,1.2215768,0.6143864,0.17950612
0.2762276,4215.5894,0.06374097,8.224831,-2.7529278,-1.0730376,0.39865547,2.5630906,1.9986516
0.42184946,4745.4033,0.076334506,9.529115,-2.5726302,-0.7230307,1.1171972,0.6413863,1.1548747
0.40590596,6012.3076,0.24925397,8.934058,-1.389283,-0.5446143,0.030899303,2.2936454,3.6733387
0.4575605,4121.8174,8.847454,9.368793,2.1801298,-0.24050385,3.0325897,1.7188519,0.6342636
0.44014844,5489.906,0.21968897,8.760084,-1.5155425,-0.9469803,-0.24076837,0.24236621,0.07301888
0.29972312,5338.2,0.2840535,8.362059,-1.2585927,-0.4286423,-0.005146112,0.1447922,0.09995987
0.25878873,6620.5225,0.0015101016,8.097348,-6.4955783,-1.2933606,-0.38182756,3.7248626,0.5564449
0.25529385,3015.5952,0.24092312,8.067953,-1.4232774,-0.8898327,0.29408008,2.3991623,2.1460192
0.25036573,6302.9287,4.672484,8.865912,1.5416908,-0.4806789,-1.1322613,3.0998251,3.2928293
0.3722157,3388.0574,0.66994876,9.607235,-0.40055406,-0.6275078,2.0639458,0.80061346,0.050125144
0.319162,4351.754,0.3026521,8.439926,-1.1951714,0.05838969,0.17234413,0.309224,0.08039726
0.4269648,5773.583,0.110492945,9.6149435,-2.2028036,0.08390991,0.6838729,2.6404037,2.709093
0.41582093,4165.333,2.2279923,8.812371,0.80110085,-1.5169806,0.77284676,0.5922502,0.07722644
0.29468784,6676.983,0.096528724,9.018729,-2.3379147,0.5593273,-0.34661168,2.9903262,0.33606252
0.4872527,5322.6333,0.24090503,9.905014,-1.4233525,-0.3218098,0.93208,0.6950492,0.8875443
0.5362709,3717.7852,2.6882217,9.7191925,0.9888799,-0.3818095,-0.89010566,1.4423727,0.16316143
0.2782587,3284.028,2.0683565,8.556426,0.7267543,0.7614718,-1.3857173,1.428906,1.065628
0.23591326,5969.3193,0.19004197,8.685804,-1.6605103,2.1260493,0.11594823,2.3071527,0.79421145
0.2720279,5077.518,1.729057,7.788163,0.5475761,0.02768837,0.66320103,1.7279925,1.4597497
0.5975331,6000.542,0.3302601,10.099298,-1.1078748,0.57734025,1.929749,0.5364188,1.2845075
0.33269143,5959.5967,3.7299418,9.110491,1.3163927,-0.58139306,-0.40098873,3.0437748,2.228992
0.44147524,6631.047,33.03027,9.532742,3.4974244,-0.49161053,1.1769198,0.9163849,2.0296407
0.42051858,6191.053,0.032429412,9.628624,-3.4286895,-0.18855388,1.1386455,0.27153382,2.2345698
0.44826937,6154.4014,1.0572426,9.455053,0.055664234,0.9694506,-0.30551642,2.4831457,0.30967864
0.525232,4641.153,0.49591073,9.449818,-0.70135933,0.93570924,-0.89715683,1.5015936,0.44331354
0.42549178,5432.981,0.21399166,9.185616,-1.5418183,0.13635704,-1.6237773,1.0070785,2.8143148
0.3844036,3869.944,3.8708422,9.640775,1.3534721,-1.0875285,0.031725332,2.957274,2.3845313
0.4285848,4973.501,0.23220031,9.536408,-1.4601549,-0.22232121,0.5039269,1.156328,1.5071886
0.4724321,7202.4014,0.12690721,9.574865,-2.064299,-0.20677355,-1.4322802,0.7445733,1.327914
0.26551378,5850.3813,2.9294991,9.094304,1.0748315,0.8644847,0.081027925,2.1069539,1.6845168
0.3623677,7725.9478,1.1412153,8.849009,0.13209376,1.8772078,-0.10126067,0.49455354,0.6334047
0.5509486,4435.363,0.016152538,9.707241,-4.125678,0.5002675,-0.9458904,0.8069803,0.7289318
0.27166665,3123.7476,0.020706974,8.050063,-3.8772848,0.888257,-0.36996165,0.16909358,2.363667
0.46496698,4816.1006,0.044671796,9.608762,-3.108413,0.12407723,-0.9134542,0.11249441,2.0047286
0.37764174,6034.9424,0.36429757,9.224453,-1.0097842,-0.38364795,0.13476865,2.3520823,1.5962433
0.3369732,5264.292,0.41887912,8.911922,-0.8701729,0.7244947,1.3283302,0.716776,1.372677
0.39241543,5449.3667,0.392164,9.408708,-0.9360752,0.98318785,-1.5571569,0.585271,1.1270758
0.4645277,5020.9746,0.018152831,10.027278,-4.008929,0.60046166,0.8398035,1.3671155,0.046739314
0.46993378,4442.7686,37.00522,9.612142,3.611059,-0.52900183,1.0978229,1.0919489,1.0884221
0.24655607,5405.8247,0.5326255,8.42694,-0.6299367,-0.7648273,1.9261,0.6855986,0.10667152
0.45555416,3772.7993,1.7060614,9.564995,0.53418744,0.98556465,-0.675325,1.2750574,2.8626838
0.27220872,4419.289,3.3703842,9.440519,1.2150267,0.17691462,-2.4379091,0.6954329,2.9804838
0.3160251,5666.894,0.012471381,8.974643,-4.384319,-0.4307186,-1.5656258,1.315445,0.13667558
0.501836,4582.2686,0.054885328,9.545701,-2.9025092,-1.6687099,-0.09993321,0.97780216,1.5044243
0.47711086,4861.1167,0.0026899902,9.958152,-5.9182177,-1.5638431,-0.7310178,0.81104213,1.1465235
0.3057174,6513.4893,0.797969,8.492104,-0.22568554,1.0388509,-0.83697295,0.79285246,0.7356073
0.5654535,5527.8857,3.8624928,10.003873,1.3513128,-0.82895076,1.1654879,1.7528645,2.1567984
0.39180875,4464.486,1.1890169,9.328484,0.17312683,0.39051765,-1.3431002,0.6151527,1.9080428
0.4078699,2027.0264,0.20429765,9.929075,-1.5881773,0.60027844,-0.3053289,1.562458,0.19941185
0.3899691,5900.5986,2.9573884,9.15046,1.0843066,-1.3306286,0.6884641,0.12369718,0.60857195
0.5027061,4932.7954,0.08787024,9.652116,-2.431894,0.7156105,0.7524079,0.114564836,0.84373575
0.3263631,6090.899,0.11477248,8.62414,-2.1648035,-0.015877442,0.55912286,0.49984312,0.17253846
0.34298933,5820.137,0.016892865,8.837636,-4.080864,-0.08711816,-0.4113288,0.48729244,1.3492534
0.20091741,5228.6313,0.49373502,7.9789066,-0.7057563,-0.9502794,1.0290427,0.42091855,1.5941838
0.4709831,5646.582,0.50592375,9.25109,-0.6813693,-2.0033512,-0.925715,0.97864133,1.63519
0.38944235,4814.3965,0.52206254,9.322995,-0.64996785,-1.3191513,-0.5513142,0.9365579,2.302412
0.4804901,5348.9307,0.6735714,9.142755,-0.39516124,-0.60325754,0.76668996,0.93366706,1.5179883
0.32324326,4444.0566,0.1797675,9.168793,-1.7160909,-0.9718914,-0.91262674,0.60627216,0.9391124
0.5394984,3191.2524,0.6898798,9.5487385,-0.371238,1.0366085,1.4558233,1.2657484,1.0175365
0.33286142,4591.069,0.08292861,8.600513,-2.4897752,0.95153683,-0.36747918,0.30596024,1.4863551
0.312154,4404.26,9.67722,9.055259,2.2697747,2.0647638,-0.88066244,1.683543,0.74710095
0.27835932,4995.852,8.772851,8.641681,2.1716619,-1.1475008,0.19365142,0.6683592,0.4399497
0.45064908,4179.457,0.008332474,9.601399,-4.787595,0.44986588,1.5567608,0.08606881,0.98519456
0.41053826,4546.5967,6.6157956,9.400219,1.8894601,-1.27064,0.53919804,0.40072918,0.47316727
0.3934306,3908.6265,0.038981337,9.267934,-3.2446723,0.51579076,-0.5076981,1.5864815,0.09360345
0.38551322,5696.184,0.36794746,8.496635,-0.99981517,-1.9570981,-1.035131,0.5758965,2.975064
0.40602073,4866.376,0.20031567,9.318079,-1.6078608,-0.7294457,-1.4320836,0.17783432,1.234343
0.29961234,3507.7695,0.07352067,8.633801,-2.6101887,-0.17833787,-1.0220367,0.6215453,0.4104961
0.427322,5921.7715,0.3169031,9.331409,-1.1491592,0.07656776,1.322427,0.63888115,0.6664705
0.31692666,4000.3875,0.035535034,8.96456,-3.3372362,-0.6420398,0.8032679,1.8837928,2.3712714
0.28424862,4337.8745,0.052123558,8.149171,-2.9541383,-0.49272156,-0.49968052,0.51545876,1.359912
0.4881507,5783.594,0.22911933,9.8658,-1.4735123,-0.16428396,0.98343927,1.5151316,1.2466313
0.37447453,5672.333,0.52680415,9.163614,-0.6409264,-0.2140769,-0.36884263,2.0162342,0.28253976
0.47011697,5061.927,1.2824787,9.48768,0.24879466,0.16679363,-1.910768,1.2224835,0.24983844
0.41662267,3976.3542,0.33662146,9.808118,-1.0887963,0.50612783,-0.7026508,0.8034308,0.54186773
0.28718027,4915.559,0.73791116,8.811071,-0.30393183,-1.0608437,1.131533,0.26960263,1.8141692
0.3896633,4423.1836,0.13191867,8.909547,-2.0255697,-0.12882298,-0.62985045,1.489675,1.7125045
0.34191754,6267.8647,0.101176836,8.319345,-2.2908854,-0.5143913,1.3344256,0.27871072,0.10013349
0.4274617,7314.039,0.15619025,9.233181,-1.8566805,0.29340744,0.66577995,0.13474956,0.11783026
0.49914056,5257.964,5.4222994,9.802968,1.6905199,-1.3057543,1.5125353,1.851584,0.7237633
0.40263498,5084.3735,0.10081884,8.713972,-2.29443,0.51444197,-1.3956256,0.62028044,0.81031156
0.4078703,5197.8623,0.002335872,9.289178,-6.05937,-1.2167268,1.1357236,1.4488773,0.100458294
0.36836267,5603.8125,0.1371758,9.235056,-1.9864919,1.4468077,0.9136054,4.029506,0.5992362
0.5342024,3463.317,0.017263502,9.438448,-4.0591607,0.16161911,-1.405323,0.4583047,1.8404516
0.3817743,4177.344,1.0336963,9.146502,0.033141043,1.0110722,-0.49200377,2.1773634,1.9537328
0.3791235,4498.5166,0.1197037,8.866207,-2.1227357,2.0321896,-0.3823759,0.7380564,0.29847428
0.33630243,2926.19,4.0406566,9.126964,1.3964072,-0.1687051,0.9243177,0.8015263,1.0451456
0.4018568,4971.318,0.26527807,8.873134,-1.3269767,-0.055969086,-0.5818014,0.69968855,0.14627874
0.43950218,6384.8506,4.9248548,9.436516,1.5942948,0.8336555,-0.2788151,1.3778787,1.1967949
0.11051431,6232.46,0.65721774,7.959499,-0.41973993,0.3212316,-0.46901578,0.5471177,3.1164634
0.4670689,3857.8347,0.16797823,9.929145,-1.7839209,-0.2169582,0.32652736,0.1267944,1.7691114
0.39251184,6409.8125,0.7646002,8.508575,-0.2684022,-0.20790014,-0.92942786,1.5972741,2.4844313
0.2786546,4523.909,0.14217994,8.612944,-1.9506619,0.44957992,0.83749497,0.3671188,0.92608297
0.38414264,5188.6206,2.1660259,8.891349,0.77289414,0.93923473,0.7509533,0.30006155,1.4672147
0.58532214,4507.6387,0.08582055,10.504224,-2.4554968,-1.885568,0.6063288,0.13088107,1.4872053
0.71236223,5950.71,1.3800377,11.149051,0.3221108,-0.23483804,1.1690514,0.6207279,1.7295561
0.53484386,6332.7866,15.413666,9.952025,2.7352545,0.29322088,0.36308494,1.1945249,0.52101046
0.5590421,4334.5337,0.34141517,9.833136,-1.074656,0.8040674,1.8397273,1.1062108,2.182682
0.3726787,4692.963,0.050902765,9.111944,-2.977838,0.84892696,-0.25945452,0.3875556,2.6592972
0.3645011,5416.3677,0.7355888,9.095804,-0.30708408,-0.33970946,-0.28600568,0.18558875,0.066017784
0.3884265,4793.7705,0.06804201,8.601978,-2.68763,-1.7681533,-0.5299284,1.004219,0.9561206
0.49669883,5289.7954,0.038179494,9.489093,-3.2654567,1.4522828,1.8514454,0.38703936,1.1162442
0.3051682,5135.0044,0.42672145,8.949392,-0.8516238,0.4217426,0.86416346,0.24715602,1.0628532
0.42212546,4322.3877,7.996802,9.684675,2.0790417,-0.06347941,1.6808821,2.6159008,3.0312364
0.46930194,4526.0923,0.1628015,9.58424,-1.8152236,0.33661872,-1.0888313,0.6881031,1.1999713
0.35425103,4390.483,0.6134461,9.415976,-0.4886628,-0.43986103,0.51511985,0.7049351,0.52702844
0.3938328,6646.9326,3.8396993,9.104439,1.345394,-0.50124663,0.96630204,0.078849845,1.4064369
0.21863079,5407.2607,2.8902488,8.281081,1.0613426,0.10841179,0.15529923,0.17503762,0.6793185
0.26650733,4660.6,1.2058499,8.584413,0.18718465,0.0052660867,0.8636722,1.707356,0.8799253
0.42083138,6012.3765,1.6117024,9.653142,0.47729102,0.18130808,-0.44735068,0.73662716,1.3971864
0.4390098,6180.2295,0.7854618,9.571109,-0.24148344,-0.39202592,0.1351498,3.4968686,2.051625
0.41721487,5232.749,0.0103697395,9.784667,-4.5688634,0.94981503,-0.8218832,2.8559334,1.1224066
0.34663513,4106.6113,0.11152133,8.597425,-2.1935394,0.37503314,2.2734199,0.70094544,0.24689205
0.4783129,5911.218,0.045072585,9.465522,-3.099481,0.022127815,0.67412865,0.008563627,2.6766286
0.52409184,6276.482,0.15374137,9.526479,-1.8724835,1.8745657,-0.5641814,1.9193743,0.18141246
0.45524293,6262.4053,1.999597,8.907537,0.69294566,-1.1762694,-1.0017567,1.9328336,1.7428339
0.43750882,4032.3093,0.79131365,8.9815445,-0.23406087,-1.0061889,1.3543057,2.6477654,0.90687585
0.52388,5823.614,0.23288946,9.992562,-1.4571913,-0.7424464,-0.61772984,3.8399868,1.7981943
0.47445977,5572.1294,0.31396312,9.084195,-1.1584798,0.6159445,0.018334795,0.09832861,0.7126332
0.23446628,4107.938,1.0538608,7.8746247,0.052460317,1.6788716,-0.274377,0.15673696,0.6281482
0.4410486,5701.2544,2.584683,9.438437,0.9496029,-0.08600631,0.9214637,1.5797049,2.8230343
0.33446753,4082.6433,1.3534096,8.411571,0.30262706,-0.24491352,0.59891325,0.41529328,3.1548557
0.23413208,3829.9155,0.56226724,7.813472,-0.57577807,0.1366695,2.215713,0.117407635,1.4564668
0.4469311,3286.1655,0.12371525,9.360563,-2.0897727,-1.1650016,-0.6812218,1.4742651,0.16221935
0.4837227,5218.258,0.0146558015,9.576096,-4.222919,-0.62979186,-0.23416387,1.1507031,0.10228313
0.5325623,5278.1367,0.3009588,10.820695,-1.2007818,-0.5278797,-1.2327628,0.7865993,0.34103873
0.33211672,5715.2236,0.07840124,8.890649,-2.5459156,0.29367167,1.1065663,2.013159,0.014000916
0.4657748,3297.6453,0.1305291,9.206874,-2.036159,-1.2768961,1.80557,1.5526462,0.2637592
0.39224607,5446.1396,0.20487982,8.482918,-1.5853317,1.0626379,-1.4691061,0.7112406,1.9054496
0.4255153,3826.7004,0.13743839,9.299318,-1.9845796,0.3030291,-1.1056026,0.24571131,1.8367527
0.64449203,3940.8015,1.1246545,10.343338,0.117475875,-0.43261477,0.051100265,2.6075203,0.55453604
0.39306948,5977.8003,0.2652999,9.060704,-1.3268944,-0.65434194,1.5647638,0.3047643,0.7247298
0.6393101,5757.7188,0.020743558,10.731217,-3.8755195,-0.5869026,-1.4649061,0.29734856,1.2173873
0.4034468,5235.445,0.006303319,9.958057,-5.066679,-0.52705204,-1.865048,0.59226865,0.23186533
0.5467661,5156.0947,0.4393648,10.033036,-0.82242525,0.49502498,-0.9741455,0.6989246,1.190416
0.35697156,4173.7812,1.1429284,9.177616,0.13359375,-0.78850776,0.68097025,2.4878466,1.2084913
0.16952007,5306.275,11.680864,8.280574,2.457952,0.8926818,0.6049565,3.0699742,1.3557717
0.43259075,4933.3257,51.944347,9.47305,3.950173,0.14181904,-1.6694778,1.2992703,1.3665326
0.24274224,4432.009,0.124988586,8.316193,-2.0795329,-0.575028,-0.2304754,0.71779513,0.34619823
0.2524899,6217.1685,8.713116,8.874232,2.1648295,-0.023402436,-0.22145389,0.81280446,1.2951232
0.3917476,4927.507,0.090685055,9.347381,-2.4003627,-1.55388,-3.0903153,0.7724688,0.5319688
0.43910164,5884.382,0.16581184,9.3098135,-1.7969017,1.3810925,-0.21762027,0.75060105,0.3382998
0.5222174,6101.6987,0.2701545,9.877815,-1.3087612,-0.25279602,-1.2205455,1.0906006,1.1284363
0.48284107,4656.919,2.9548569,9.91278,1.0834502,1.3468199,-0.47838902,1.3748541,0.11197482
0.3411065,5902.2124,0.036731835,8.782155,-3.3041115,0.29845616,-0.99490476,2.6961372,2.366461
0.36946496,5184.953,0.50503504,9.244253,-0.68312746,-0.56471545,1.2517751,1.1554736,1.8599439
0.52155423,4372.4473,0.26039898,9.479095,-1.3455403,0.50602835,0.5820405,1.2546223,0.62169087
0.4162328,5074.991,0.074144214,9.671336,-2.6017432,-1.1614413,-0.8855097,0.5492054,1.2884331
0.3753563,6747.053,0.46281096,9.214245,-0.7704366,-0.4494495,-2.2930243,1.4200468,2.9885252
0.48227856,4427.287,0.99990976,9.584862,-9.022848e-05,-0.47050923,0.20719042,3.076827,1.259551
0.26679215,2410.7437,1.5510687,8.258651,0.43894413,0.8541454,0.45218983,0.51429874,1.1816195
0.32840666,5807.6714,32.399815,8.948876,3.4781528,0.70889837,1.3187728,0.9342065,1.8725001
0.3785635,4045.6204,0.08334018,9.155198,-2.4848244,0.31072244,-0.66141033,0.80549586,0.31944624
0.3796065,5778.7393,0.023108397,9.134709,-3.7675593,-0.96966463,-0.8276791,2.3055835,3.185911
0.432615,4005.914,5.9536858,9.696253,1.7840105,0.13168003,0.3692788,0.8583411,1.4369297
0.5111949,5361.9775,0.3442334,10.166373,-1.0664353,0.5842489,-0.46139094,0.48023972,0.09574033
0.35819834,5452.5244,0.04407732,8.265577,-3.12181,-0.33964896,-1.0967517,1.5702348,1.3710037
0.5571397,6586.4546,0.62710595,9.396529,-0.4666398,0.32498592,-1.3760055,0.23875037,0.25377828
0.40364474,4202.395,0.13619107,9.029098,-1.9936965,-0.3613002,0.39181507,3.9368184,0.29046044
0.47555408,6743.53,0.3356325,9.314012,-1.0917385,0.120359525,1.4363546,0.15695803,2.4098766
0.5404321,5947.008,0.21330473,9.982513,-1.5450335,-0.14287537,-1.7376115,0.27622375,1.4367858
0.18493517,5610.468,0.08942762,8.299462,-2.4143257,-0.96223485,-0.80278426,0.068224564,0.77667075
0.42900884,4906.7305,5.67461,9.256634,1.7360018,-0.047190204,-0.1497816,1.4004587,0.08550964
0.5267885,3866.5286,0.8594842,10.021948,-0.15142287,-1.3286939,0.08434772,1.7443165,0.26470497
0.42869568,2920.5447,1.5516849,9.714262,0.4393413,2.0213614,1.3788577,0.7049314,2.5300527
0.32066715,5870.66,3.1967652,8.639603,1.1621394,-1.393743,1.1603233,0.8991653,2.844448
0.44109452,5853.0127,0.5585336,9.653566,-0.5824405,-1.0595495,1.7672062,0.905046,0.30879888
0.3577985,5124.1465,0.12018421,9.322135,-2.1187296,1.1741103,0.6095345,0.3552879,0.35297954
0.27920336,5427.157,0.51785356,8.536615,-0.6580628,0.9667497,-1.1864036,0.09096786,1.0870641
0.3193229,5489.1084,0.12553738,9.239251,-2.0751517,2.0413835,1.2015913,2.228257,0.029181302
0.30862007,4561.396,0.35777467,8.6606245,-1.0278519,0.27192676,1.0545896,0.25154334,1.1702155
0.15514039,5409.458,0.104946315,7.658994,-2.2543063,0.014862103,0.8695105,2.1238148,0.51377946
0.2597224,6461.9644,1.3316691,8.306875,0.28643307,0.14348476,1.4571888,0.08058871,0.33214682
0.5259983,6562.246,0.025389865,9.681051,-3.6734052,1.038425,0.7546052,0.9180562,0.3476003
0.35946694,4471.4956,0.036082603,8.887709,-3.3219445,0.49996307,0.530627,2.4381387,1.5159822
0.382421,7076.6533,1.7478856,8.978028,0.55840683,0.24509846,-0.4724174,1.7826519,1.4095612
0.2396286,4770.47,0.16781214,8.081791,-1.7849102,0.22743659,0.777544,0.3118037,0.92882246
0.53982884,3598.3667,1.4328792,10.261111,0.3596859,0.01092431,-0.024888568,1.8428997,2.2681181
0.44689733,4805.777,4.7018747,9.262887,1.5479614,0.3814041,2.5873113,1.2616783,2.1599138
0.3385829,5211.876,0.25671282,9.034029,-1.3597972,-0.9385088,0.56039363,1.6362418,0.7746316
0.42141858,4103.0356,5.507944,9.600606,1.7061914,0.9624402,-1.3021771,1.351887,0.27151898
0.43005273,3929.4438,42.66053,9.836206,3.7532742,0.030232938,-1.5416565,1.1861933,2.1943905
0.24473052,5409.8057,0.43080842,8.405858,-0.84209174,-0.41260812,0.63932496,0.64507705,1.0597425
0.550173,4485.5166,0.21123108,9.707909,-1.5548025,-0.8627074,-0.08216466,2.6173596,0.48846987
0.42390552,3397.5872,0.22794758,9.241162,-1.4786396,-0.8020033,1.4585588,0.80193484,0.74590725
0.39836475,4825.6753,4.464078,9.228161,1.4960626,0.18170844,0.44973096,2.2291348,1.4042125
0.5447526,4818.188,0.16889931,9.669147,-1.7784525,0.8065357,0.8787404,0.98757994,0.29364294
0.47627127,5751.0396,0.3336416,9.696761,-1.097688,0.3581275,-0.90982807,4.4044576,1.1028143
0.14869055,4269.3877,0.29885733,7.9773545,-1.207789,-0.16694891,1.031203,1.1272432,0.20905487
0.4180014,2956.5728,0.12312439,9.412734,-2.0945601,-1.2969912,0.4402226,0.36288723,0.97421265
0.22811267,5233.8813,3.9481995,8.0439625,1.3732597,-0.042844936,-0.48494264,1.9098419,0.3453918
0.3194706,4710.9463,0.21290287,8.694825,-1.5469192,0.8787355,0.0013166467,0.365627,2.0458896
0.39242953,4252.324,0.116838,8.860852,-2.146967,-1.5799236,-0.63525754,0.83196676,0.59132916
0.3891079,4601.285,0.019764734,9.09018,-3.923856,0.28484023,2.0046256,0.5932614,2.3023143
0.3006269,4724.4067,1.4950032,8.891778,0.40212834,-2.4209366,0.9237375,1.2185332,0.13528669
0.27839777,5442.764,0.5129466,8.529694,-0.66758347,0.23987137,0.76252,1.3903915,0.66144127
0.314818,6777.694,0.88941354,8.765618,-0.11719297,0.6319223,-0.90074795,1.5282341,2.6545641
0.42827708,6145.259,1.1773068,9.288811,0.16322939,1.7603238,0.14127727,1.3520225,1.4010642
0.44356748,4549.8965,0.22612026,9.348854,-1.4866883,-0.071285106,-0.27025327,2.6552684,2.159892
0.41022474,4379.224,8.715703,9.135311,2.1651263,-1.1975603,0.4987675,1.0882976,0.21225384
0.53986955,3664.5913,0.20876515,10.309027,-1.5665454,1.3287526,-2.7310832,1.0725565,0.68597084
0.4092114,5780.98,1.7997361,9.885516,0.58764005,1.2207901,-1.1938264,0.2561334,1.2117052
0.50990033,6325.6885,21.224167,9.551313,3.0551405,0.25530925,-0.3509558,1.6527003,1.6274179
0.23939453,3874.1086,0.16447131,8.484833,-1.8050191,1.0761385,-2.5516934,0.04491376,1.4708551
0.36816427,5273.954,2.9241905,9.17052,1.0730177,-0.6393875,-2.5187001,2.8303657,2.680493
0.5261215,5062.692,0.096363366,10.137241,-2.3396292,0.011910458,-0.41052213,0.24335961,0.12734184
0.24948023,4430.4697,16.720984,8.102375,2.8166645,0.812605,0.61205876,0.70888895,2.5628688
0.5032978,4975.594,0.6863774,9.627724,-0.37632763,-0.010245518,-0.6517149,2.7378595,0.37968186
0.28790954,4500.924,19.403065,8.871707,2.965431,1.5733061,-0.80830896,2.0309699,3.4563403
0.2994065,5328.8325,3.8500352,8.790575,1.3480823,0.17862129,-2.0982049,1.9390165,2.2200985
0.33427656,4163.0596,0.16675234,9.001001,-1.7912456,-1.6937876,0.9944919,1.9125332,0.05167755
0.4591977,3501.9214,3.703663,9.539655,1.3093224,-0.021737022,-1.3180743,0.4109181,0.83892566
0.66213024,6238.3486,0.07394482,11.321275,-2.6044362,-0.76280314,-2.003829,2.196534,1.9188507
0.5387093,5718.681,6.7405415,9.675631,1.9081403,0.4077743,-0.28897226,1.0268719,2.728636
0.28517878,5746.4844,0.117124155,8.632324,-2.1445208,-1.4971108,1.6265129,0.26642713,1.4853553
0.550551,6520.214,0.04075703,9.327328,-3.200127,0.52046573,0.7611496,0.10095536,1.2145817
0.58275497,4052.6125,0.11065318,10.251758,-2.2013545,-2.1630676,-0.7059551,0.3848382,0.39130065
0.51107717,4911.554,0.0060407496,9.661148,-5.109227,0.095663875,1.1258037,1.1824745,0.8289305
0.34842908,6548.8374,0.24191633,8.630366,-1.4191633,0.88273287,-1.178322,1.9516666,1.5125703
0.41634578,3956.1206,0.40965974,9.4637165,-0.8924284,2.2501748,0.24484932,2.504377,2.2116501
0.41110897,5593.0884,0.24915653,9.0826235,-1.389674,-0.094017945,1.1332073,0.68184155,0.023345921
0.3282991,4113.009,0.40013346,8.391554,-0.91595715,-0.61416847,-0.8041514,2.7736256,0.27886647
0.39986113,4958.0303,3.8831606,9.244432,1.3566494,-0.7890878,-0.61588186,0.37921026,2.3282075
0.535202,3365.6157,0.7168822,9.635009,-0.33284375,0.45999825,1.1257608,0.55410343,1.1238921
0.46714774,4929.6733,0.054186795,9.720934,-2.915318,-0.026176274,0.2521752,0.31278324,0.5832699
0.51991844,4234.3374,0.09455116,9.814477,-2.3586142,-0.7976967,2.492599,0.6707642,1.5318508
0.37246487,4466.376,0.4472874,8.967425,-0.8045539,2.2194548,0.63406473,0.48133463,0.1346375
0.5571984,4984.7256,0.16570102,10.305331,-1.7975702,1.116039,-0.562694,0.94279003,0.5383797
0.2869053,5026.3867,2.4786332,8.701358,0.9077073,-0.32147247,0.6864129,0.93284243,0.53509665
0.3467347,4981.9106,0.15562353,9.230824,-1.8603154,0.7916558,-0.21874303,3.7074356,0.82507807
0.45132458,4208.78,2.8346457,9.28738,1.041917,-2.1425014,0.09515867,1.7506957,0.13050628
0.32312435,6012.731,0.13387835,8.632032,-2.0108237,0.69618565,0.202245,1.1670196,3.2673252
0.4176052,3123.0974,0.037414774,8.978938,-3.2856896,-0.9875085,-0.35630965,0.9181789,3.8976755
0.54018545,6256.0107,0.24198331,9.747725,-1.4188865,-0.47612372,1.3645624,0.5630922,0.6370827
0.4589154,7275.241,3.9605913,9.359134,1.3763933,0.928238,-0.06496848,1.646223,0.44450647
0.2156189,5695.9478,1.3625348,7.7221694,0.3093468,0.9659652,-1.7117512,0.61649054,2.7836804
0.16926017,4329.3916,0.10754715,8.072137,-2.229826,0.14050075,-0.76572716,0.8160695,0.29163697
0.25562215,4131.2344,0.13841127,8.729707,-1.9775258,-0.13238521,-0.7831277,0.15002866,2.1645374
0.46647844,5216.926,6.31223,9.7836075,1.842489,0.23073794,-0.7958345,1.5869868,0.43746266
0.5009783,4948.058,0.6904141,9.242393,-0.3704638,0.35517368,0.32144588,0.99075705,2.2865863
0.40164337,5302.0415,0.1427722,9.016899,-1.946505,-0.27630338,-0.5966719,1.2993455,1.3654484
0.48150188,6216.6353,0.4146842,9.58346,-0.880238,-0.20296314,-0.87429893,0.8575058,1.5945011
0.3518684,4157.4927,0.59058064,8.985789,-0.5266491,-0.4000116,-0.67418844,0.14843228,2.0251892
0.41786122,4942.76,1.0418862,9.3022175,0.041032787,0.3998564,-0.048607305,0.18570527,0.7579734
0.4255919,3363.2898,0.05449491,9.281476,-2.909648,0.41768113,-1.5767016,2.8436708,1.2293485
0.17746435,5521.191,0.7059834,8.090154,-0.3481636,0.5276652,1.733774,0.37198955,1.7183434
0.5355886,4796.148,0.02556,10.222059,-3.6667266,-0.18458165,0.98388714,0.59199125,0.37375966
0.28953993,5842.818,0.13762958,8.911934,-1.9831893,1.0604662,0.38923997,1.2608069,0.79805374
0.352193,3447.9395,0.2635356,8.636749,-1.3335669,-0.439445,0.833488,1.3048761,2.3298209
0.4267613,4834.103,0.063819095,9.942067,-2.7517028,-2.7374225,-1.106628,0.680302,0.3684306
0.35093176,4529.012,0.2656599,9.002371,-1.3255384,-0.14466001,0.05876445,0.17247462,0.9376469
0.4158076,6098.3154,0.0826594,9.082226,-2.4930267,0.59885675,0.64843297,1.1308364,0.39831612
0.10560852,6137.741,0.096741304,7.6480007,-2.3357148,1.643771,-1.837383,1.3456231,1.0345868
0.4728312,4149.743,3.4773684,9.529218,1.2462758,0.64259374,-2.0950696,1.9666221,0.25293875
0.48029682,5244.7236,0.355767,9.707848,-1.0334792,-1.1132362,-0.017626643,0.64794254,0.8052126
0.3937824,3702.2156,1.0245225,9.339052,0.024226733,0.15986617,0.24233453,0.59267104,0.5843009
0.26984757,4796.0156,1.3807838,9.094922,0.32265136,0.3123507,-1.8487133,1.7461821,0.6149421
0.4241682,5178.5864,0.10418557,9.363695,-2.2615817,-1.2956467,-2.1188269,2.2916923,1.3779812
0.19213675,2866.313,0.14191033,8.228749,-1.95256,1.2572012,-1.2415847,3.2813928,0.3763235
0.5937625,5971.3306,1.8438559,10.211197,0.61185896,0.91760784,-1.1038253,5.737643,2.1459415
0.32805726,4306.499,0.32744884,8.775295,-1.1164235,0.30738688,0.78848684,2.1435053,0.43917865
0.48139566,5609.3438,8.662266,9.821379,2.1589763,0.6687012,-2.8246071,3.762079,0.82319385
0.33245462,3977.2183,0.006162948,8.578661,-5.0892,-1.0430757,-0.07146305,1.2496011,1.421617
0.384342,6495.2373,2.413069,9.228527,0.88089937,-0.17733516,0.75684863,1.2237296,1.5089006
0.5046581,6034.3975,0.06650258,9.880245,-2.7105145,0.3211797,0.0626523,1.795682,2.2303991
0.35771826,3627.1575,7.4137983,9.264659,2.0033429,-0.37950826,-0.112894304,2.0659933,1.957827
0.29655272,4308.098,0.12422564,8.971721,-2.0856557,1.4181657,-0.15054648,2.5446413,1.0297194
0.3954002,4492.2744,0.1761199,9.496673,-1.7365903,0.8668548,-0.2597648,0.2284369,1.0044293
0.5089947,7175.2266,4.597278,10.327607,1.5254644,0.2389058,-0.0984606,0.46141,0.7220071
0.27894393,5477.9546,0.53802264,8.703026,-0.6198546,0.4589847,-0.29690954,0.023940334,0.08790399
0.2482835,4531.665,0.71674955,8.934403,-0.33302882,-1.2535069,-1.6343491,0.12925309,1.281486
0.34488592,6103.3438,0.11957355,8.968033,-2.1238236,-0.8551122,-1.0627469,0.57059354,0.22261497
0.3604987,5523.9883,3.1791625,9.064296,1.1566178,0.05210023,-0.06578389,0.75342923,2.3125112
0.32647076,6087.0947,0.023188697,9.083188,-3.7640903,0.03890732,0.023481492,1.008322,0.7713002
0.56843656,4332.702,14.130515,10.329277,2.6483366,-0.28677836,0.7114012,0.55593187,3.0058224
0.35649228,4012.9966,3.271036,9.259461,1.1851068,0.05054555,-1.2467813,0.6506683,1.6245764
