x1,x2,x3,x4,log_x3,b43,s43
0.4575728,4957.4053,0.6307532,9.137889,-0.4608406,0.3846473,1.292406
0.44891906,5979.234,0.02980976,9.329538,-3.5129194,-0.020355301,1.0471443
0.24971412,5252.323,2.3357096,8.274053,0.8483158,-0.17577334,1.9185352
0.43828338,4336.838,0.017581051,9.670922,-4.0409336,1.2309686,0.29174662
0.3352127,5519.8594,0.15340233,9.217848,-1.8746912,0.007215882,1.6986706
0.18674386,2914.78,4.623325,8.070905,1.5311141,-0.65966016,0.7950632
0.56962293,4173.503,0.13615774,10.025046,-1.9939412,-0.64627725,0.6585773
0.42416063,5022.2256,0.19983774,9.440643,-1.6102495,-0.674448,0.35391483
0.26184636,7523.8687,0.017755562,8.261649,-4.0310564,0.05448785,1.206821
0.49931002,7057.919,0.00087573275,9.79226,-7.0404496,1.0235565,0.19660813
0.39988112,4404.1826,2.4054785,9.249957,0.8777488,0.47558242,3.469567
0.36983332,4895.33,0.38521925,9.325352,-0.95394266,-0.07572161,0.79664505
0.44063538,5205.198,0.21098262,8.967021,-1.5559795,-0.060672637,2.8721807
0.3336481,4254.173,0.07515926,8.773539,-2.588146,0.5480968,2.2335918
0.4375741,5019.8267,0.17437208,9.804893,-1.7465639,1.449415,0.27501187
0.41844264,5256.7896,0.23270535,9.254877,-1.4579822,0.015562304,1.714035
0.49111372,5177.786,0.23166183,9.986299,-1.4624766,-0.7885833,3.1200187
0.42341974,5432.114,0.20206253,9.303076,-1.5991781,0.72468,0.72931314
0.4246236,5512.4487,1.0742102,9.340433,0.071585715,-1.070012,1.6381341
0.30791637,4781.434,0.044722117,8.835318,-3.1072872,1.2658886,2.0699706
0.5377545,5851.8604,0.14095984,9.902188,-1.9592803,-1.0013999,0.29864022
0.3744293,4161.698,5.0386267,9.101558,1.6171336,1.2832654,0.004958107
0.5007766,3856.2722,1.8996284,9.348707,0.6416583,-0.33040002,1.2689285
0.47101098,5209.4624,0.91342974,9.244088,-0.09054883,0.039336447,0.4994674
0.43901333,5819.6084,0.051350947,9.799545,-2.9690719,-0.733471,0.37097853
0.60274583,4357.512,0.68951035,10.158654,-0.37177357,0.026525859,1.1632185
0.5365114,4907.7295,0.25931367,9.924689,-1.3497169,0.96235996,1.0981004
0.4125199,5882.016,0.63493234,9.24542,-0.4542368,0.7993582,0.95301646
0.27159047,5223.1724,0.036062513,8.740386,-3.3225014,0.48220947,0.8188248
0.18720499,3778.6821,0.07118362,8.435266,-2.6424925,0.31544673,0.1158984
0.45186114,4360.695,0.031107543,9.4485655,-3.470305,-1.4401082,0.41911203
0.32150435,7002.6304,0.56509936,8.875125,-0.5707537,-0.5839673,2.689402
0.43086505,5627.6953,0.5345482,8.929629,-0.62633336,-0.48540652,0.886424
0.4047815,4607.535,0.21547398,9.338187,-1.5349151,0.158134,0.75646275
0.44891614,5041.208,0.19565521,9.416162,-1.6314013,-0.6034206,0.5970462
0.40783283,4461.215,3.4403105,9.3748,1.2355617,-0.475687,0.3713485
0.3154595,5753.554,0.002205122,8.334973,-6.1169724,-0.78218406,0.73919624
0.4325021,5503.08,0.1193334,9.751833,-2.125834,0.089405075,2.774823
0.44585723,6161.574,0.23178287,10.065849,-1.4619542,-1.6126167,1.9957892
0.43739134,5794.512,7.773811,8.939972,2.0507605,-0.84073085,0.9659449
0.47709092,5106.052,0.003286683,9.437161,-5.7178764,-0.07052541,3.5957868
0.52818084,6240.697,0.17380482,10.208861,-1.7498224,-1.4155799,1.2487642
0.34501746,3346.218,3.1480849,8.866532,1.1467943,-1.392785,0.94574267
0.50948536,5476.934,0.46551993,9.7435665,-0.76460034,1.0100335,0.62768024
0.39341128,4929.392,0.3889095,9.426105,-0.94440866,-0.5386807,1.1760993
0.40812117,3855.8855,9.472972,9.75053,2.2484426,-0.35240117,0.4762833
0.42615995,4824.017,10.519175,9.483871,2.3531997,-0.6726448,1.6536696
0.4282755,3364.4702,0.1101054,9.217742,-2.2063172,2.0683684,2.632514
0.28382313,4594.479,0.103196114,8.7237015,-2.2711241,-1.5511304,0.27375072
0.530958,4915.392,0.012509331,9.60479,-4.3812804,2.2496004,0.8085418
0.4657841,7018.715,0.14110376,9.930378,-1.9582598,0.5630142,1.2012714
0.43303272,5090.3535,0.18233162,9.923596,-1.7019281,1.5275298,0.5706227
0.45154795,4804.3394,0.06661825,8.938363,-2.7087767,1.3235914,0.5541432
0.26953956,6403.09,0.009811919,8.505233,-4.6241574,-0.8711953,1.7482357
0.4707188,4716.2524,1.3006253,9.944229,0.26284516,0.45568776,0.6666892
0.4856549,4919.37,0.06959075,9.922498,-2.6651237,-2.2053182,1.3649179
0.43866596,3626.0532,0.1787129,9.191325,-1.7219746,-0.2409877,2.1091967
0.37137815,5190.008,5.2044997,8.832355,1.6495236,0.43782192,0.7250131
0.41557813,4527.845,11.29766,9.308011,2.4245956,1.1839298,0.52058154
0.27943075,5895.708,0.47513285,8.34099,-0.74416083,2.5456529,0.101231426
0.40113348,6211.7217,2.2055435,9.824031,0.79097396,-1.2661493,2.260077
0.4108843,5238.6714,3.7459817,8.789376,1.3206837,0.99700856,0.23753323
0.37787268,4510.679,0.01612661,9.353836,-4.1272845,-0.57684237,3.0324895
0.4974956,5107.5625,0.12988253,9.486265,-2.0411248,-0.7791956,2.8382902
0.5361297,3550.0469,2.4853473,10.203549,0.91041243,-0.32673493,0.011705048
0.31264147,4554.176,0.9384676,8.579586,-0.0635069,-0.34207037,1.1866704
0.34283295,4333.385,1.294061,8.847001,0.25778535,1.3238453,0.7512153
0.43672734,4603.368,0.060863473,9.386316,-2.799122,-0.809006,1.3954649
0.46227,4508.6055,0.36475682,9.234388,-1.0085244,-1.1436489,0.7388807
0.37238434,5835.3086,0.011524741,8.940821,-4.463259,1.2392569,1.2620918
0.15533815,6775.3984,0.90305483,8.115238,-0.10197197,-1.1820178,1.272209
0.40303248,4718.021,0.8939291,9.249731,-0.11212877,0.037814353,2.8643405
0.5206125,5738.826,0.18349504,9.762663,-1.6955676,-1.8681701,1.1456568
0.4513255,4755.2764,1.0573757,9.677039,0.05579,-0.92152095,0.29302981
0.25928867,5017.464,0.11627591,8.9759,-2.1517894,-0.06878389,0.6311055
0.47853518,3945.923,0.15775219,9.878477,-1.8467299,-1.5617992,2.2337275
0.42567247,4664.662,0.41445065,9.503032,-0.8808014,0.39205867,0.20319243
0.34186026,4649.8506,0.08952223,8.465951,-2.4132683,0.14320429,0.04346404
0.3718276,5190.2124,3.2594666,9.148691,1.1815636,-0.9287781,0.71973616
0.40675497,3710.9126,0.06046734,9.124084,-2.805652,-0.8559015,0.57893825
0.3286992,3576.2507,0.103050806,8.99777,-2.2725332,-1.2306408,0.25022724
0.4276447,4477.4136,5.9203477,9.115192,1.7783952,-0.8119279,0.3538473
0.54155594,6102.2524,1.0740005,10.096333,0.071390405,-1.2839645,0.017443437
0.39956984,4367.1533,22.537428,8.93592,3.1151774,-0.4029626,0.42308992
0.5012502,5069.8467,0.57700366,9.905275,-0.5499067,-1.0612245,0.84815496
0.025117874,5826.288,0.02376151,6.9807005,-3.7396882,-0.429867,2.4134629
0.59522724,4709.712,1.8916243,10.525945,0.6374359,0.92228633,2.3525753
0.32593673,3952.9563,0.11669632,9.146359,-2.1481802,0.91307986,0.55569106
0.31000966,6843.9385,0.19679546,9.220571,-1.6255903,1.217264,1.2117695
0.43992096,3308.8315,0.74237424,9.332723,-0.29790178,-0.15293746,0.52671283
0.49063122,5462.1475,6.6173797,10.0494175,1.8896995,-0.6192696,2.3238392
0.51188064,4774.238,0.040123276,9.734381,-3.2157986,0.4416298,0.6046087
0.38426733,4787.29,31.32421,8.926174,3.4443913,1.1160423,1.351095
0.5063362,6083.769,6.0814466,9.367835,1.8052427,0.3625028,4.3240976
0.4347703,5178.472,0.10189127,8.991053,-2.283849,0.12762345,0.5279313
0.36432296,5217.167,1.3453332,9.473558,0.2966417,-0.37533084,2.74831
0.47729033,4981.409,0.21130785,10.0400305,-1.5544392,0.12118095,3.7778418
0.42458788,5833.4795,1.9312205,9.066045,0.6581522,0.9195498,0.02787383
0.43556467,5338.9946,0.17055494,9.488758,-1.7686979,0.8114645,0.13097668
0.4533246,4790.5317,0.30383703,9.315386,-1.1912638,0.34748808,0.15926345
0.37679946,5378.436,4.2074018,9.062658,1.4368453,-1.6800466,2.3312404
0.42460647,4883.968,8.769239,9.7484,2.17125,0.2349153,0.5152291
0.34045345,3849.0737,0.45631677,8.708096,-0.784568,0.10938479,1.8685105
0.5139828,5649.1006,0.115105055,9.679443,-2.16191,0.21913186,1.6289486
0.43926346,4455.515,0.41170806,8.959984,-0.8874408,-0.5040957,2.0463612
0.4245078,4932.663,2.6696005,8.749973,0.9819289,2.6482518,0.39897877
0.46633393,4785.6523,0.29506567,9.837759,-1.2205573,-2.2297788,0.73803425
0.38582984,6574.676,1.7436322,9.555368,0.55597043,-2.0528924,1.260159
0.43996742,6223.9814,17.922884,9.658563,2.8860784,-1.1489865,1.4194171
0.17956531,5756.5127,0.14307,8.531277,-1.9444213,-0.8512697,1.0004852
0.3597593,4885.3843,0.0351467,9.121758,-3.3482246,-0.7277489,1.9200168
0.42233452,6174.228,0.8100147,9.229677,-0.21070284,0.5898399,0.77283204
0.36535546,4887.9834,0.4800579,9.0091505,-0.7338486,0.7621871,0.89865625
0.3877071,3750.571,1.9038945,9.152483,0.6439015,0.64611834,1.1600152
0.217809,4493.75,0.21533124,8.363468,-1.5355778,-0.21316011,0.8605624
0.36557832,3577.3723,0.5887906,9.016662,-0.5296847,-0.91349906,1.0333902
0.37231925,3987.9238,6.21249,9.331838,1.8265618,-0.6538996,0.4773106
0.41382506,4238.3926,0.14256589,9.410552,-1.947951,0.66341096,2.1239212
0.33075678,4527.7876,0.48178834,8.544043,-0.7302504,-1.2645305,0.03221885
0.36965147,3037.4595,0.021441413,8.784976,-3.842431,1.7208477,3.768336
0.40169287,4525.504,5.2165427,8.863609,1.6518348,-0.9779678,1.0101949
0.36955494,4159.297,0.20405565,9.03882,-1.5893625,1.4860781,0.7200357
0.37238058,5601.5654,0.07775373,9.356984,-2.5542088,0.024196755,0.72298384
0.3775591,6051.205,0.8794367,9.3449335,-0.12847374,1.1125672,2.2622676
0.44328335,5300.3096,0.036610052,9.5669565,-3.3074324,1.1346935,0.4071772
0.16321929,5894.925,0.3703944,7.8337827,-0.9931869,-0.3952709,2.4693015
0.28095067,5592.611,2.282051,8.811648,0.8250747,1.227556,2.2221315
0.4384322,3614.0718,0.9029301,9.07732,-0.10211013,0.6192278,1.5092419
0.2581826,4427.0806,0.15988427,8.434157,-1.833305,0.7080496,2.1384382
0.4468214,6420.7573,0.063366964,9.3120575,-2.7588127,-0.32666683,1.8109549
0.44209296,5916.9697,0.01013465,9.674924,-4.591795,0.6664638,0.020486645
0.29873666,4198.061,11.061958,8.714191,2.403512,-0.49972045,0.31151494
0.32197267,3451.6187,0.13202131,8.84368,-2.024792,0.04057063,2.058972
0.43031812,5710.4956,0.42504966,9.739854,-0.8555493,-0.4185794,0.4808852
0.43588945,5878.5464,9.482252,9.12684,2.2494218,-0.24856114,1.9242493
0.41595477,4973.818,0.6470976,9.525038,-0.43525815,1.8174201,0.36291352
0.4246509,3297.3464,0.62953377,9.745335,-0.46277583,0.9382825,0.9253482
0.31723177,4028.662,0.047382724,9.100966,-3.0494976,-0.47304457,0.8090036
0.49467245,5718.193,0.05038152,9.832137,-2.9881308,-0.5169224,3.24821
0.6352055,3620.5493,2.800184,10.800182,1.0296851,-0.10928214,1.2446911
0.5052646,4540.3696,0.11627507,9.398754,-2.1517966,0.6002287,0.59351295
0.61973757,4162.501,0.13454103,9.839448,-2.005886,0.06449222,1.6534593
0.61522585,5177.6367,0.014153762,10.374074,-4.257775,0.23416921,1.8922812
0.50230765,4055.148,1.73913,10.23916,0.55338496,1.3248594,0.6386461
0.2725497,5493.8857,0.35694548,8.52873,-1.0301722,-0.962639,1.1283088
0.32114682,4232.688,0.14859661,8.293005,-1.9065199,-1.2604591,1.9907387
0.36394987,4435.8086,0.34436437,9.2021265,-1.0660549,1.0289757,1.8321378
0.3119023,6847.9717,6.588891,8.596589,1.885385,-0.8796285,0.90204275
0.32538247,5281.42,0.4190171,9.053827,-0.86984354,-0.20396864,0.27341074
0.36333597,5855.657,0.32343343,9.132432,-1.128762,0.47768337,0.47164163
0.4821331,6955.8047,0.048143055,9.977889,-3.0335784,0.0047733374,1.4528917
0.5493777,6317.846,1.099807,9.976647,0.095134676,1.1130406,0.5047255
0.15114431,5796.757,2.1913977,8.188627,0.7845395,-0.18218617,1.4368649
0.29719958,3901.0515,6.2251825,9.103771,1.8286028,-1.6770295,0.2796958
0.4856158,4502.164,0.6016987,9.202958,-0.50799847,-1.0168958,0.69107765
0.5799992,4031.987,0.093671486,9.965987,-2.3679614,-0.2911797,1.0097824
0.25342268,3608.8457,0.14080992,8.355635,-1.9603443,-0.16677438,2.0251262
0.40516034,4049.3257,0.07836965,8.69795,-2.5463185,-0.16404802,0.5036257
0.39910436,4372.6484,0.7851099,8.784108,-0.24193162,-0.8890985,1.8541518
0.34728545,4324.723,0.5300655,8.939956,-0.6347547,-0.5831794,1.0086516
0.45006654,5423.5664,0.1413252,8.976904,-1.9566916,-0.79377896,1.6903268
0.6640122,4068.1929,1.3633138,10.5544195,0.30991837,-0.5549502,0.94836134
0.54081255,5076.8413,6.492472,10.432198,1.8706434,1.7372485,1.0550659
0.4455306,5562.876,0.11964527,9.551511,-2.123224,0.6714136,0.111534335
0.32671237,5773.7324,1.3472397,8.405935,0.29805782,0.89777887,3.4675794
0.5403826,5121.183,3.5641549,9.891867,1.270927,-0.32238638,0.37083066
0.38157275,4555.793,0.051846385,8.726717,-2.95947,-1.1166679,0.74498105
0.36928496,5847.804,0.0018210171,9.260526,-6.30836,0.13716477,0.8430509
0.35609528,5099.847,0.83967763,8.903964,-0.17473724,1.1894991,1.0624275
0.36813092,3597.9316,0.16623117,8.862269,-1.7943759,0.2757032,2.5733764
0.22918162,5975.043,1.9980847,7.8811765,0.69218904,0.8036067,1.4902344
0.4090856,4578.297,0.067738265,9.376987,-2.692104,-2.3670437,0.5809591
0.48782653,7446.425,10.103707,9.533882,2.3129025,0.54231876,0.76600325
0.24213524,6482.0283,0.2581958,8.558346,-1.3540372,1.5214449,0.8501617
0.31887513,5911.927,0.035884287,8.929293,-3.3274558,-1.2754612,0.48469085
0.38530016,4102.3457,0.2534745,9.298309,-1.3724921,1.3094163,0.6643612
0.44556397,5177.593,2.3008676,9.564599,0.8332862,-0.22234543,3.329848
0.43830895,6805.8086,0.45126057,8.844407,-0.7957104,0.3106243,0.4160653
0.537135,4543.6157,0.054437384,9.493887,-2.9107041,0.8217925,0.45294553
0.40724424,6123.5713,2.1606302,8.762636,0.7703999,0.9164139,0.3896347
0.2810419,3073.8608,0.58391386,8.382089,-0.53800184,1.9912238,2.0033379
0.28946462,5567.4365,0.22380243,9.284599,-1.4969916,-0.17002493,0.7288891
0.44996196,4981.212,0.49264133,9.396664,-0.7079739,0.32714644,0.30956188
0.41255385,6136.4326,1.5121479,9.675292,0.4135311,-0.9661227,2.5089226
0.3988505,6081.3438,2.8732238,8.917423,1.0554347,-2.040272,1.948656
0.3161413,4777.089,0.07170454,9.215076,-2.6352012,0.5942386,2.568943
0.3480896,4272.2314,0.35992992,8.688809,-1.0218459,-1.0758014,1.1720254
0.4901502,5553.0757,0.09024422,10.154281,-2.4052358,-1.601674,3.8604918
0.3134578,5090.4004,6.9534054,9.100511,1.9392315,0.6450087,0.9013965
0.6260699,5460.522,0.032622796,10.851935,-3.422744,-2.4913094,1.0254475
0.40763745,4560.198,0.46773893,9.443618,-0.75984496,0.2182364,0.15688072
0.22474824,3760.4414,2.3920438,8.426816,0.87214816,-0.74597883,0.23576261
0.48536336,3717.9473,0.7099638,9.641546,-0.34254134,-0.23939241,0.25760025
0.3047883,5937.763,0.6890395,8.901273,-0.3724566,-0.061910555,0.4327383
0.4635588,4187.296,1.6653724,9.832571,0.51004875,1.3897485,0.5247196
0.28005898,4925.5654,0.31128627,8.065075,-1.1670423,0.13935922,1.4034083
0.41345403,3308.3406,0.09489018,9.4915285,-2.355035,-0.08349504,1.5575716
0.45356953,3357.7964,0.2389108,9.810939,-1.4316651,0.16748632,1.2207973
0.440637,4901.0146,0.46214965,9.53347,-0.7718665,1.1885642,1.6148542
0.5453118,4418.298,0.33108416,9.88581,-1.1053827,-2.486283,0.50091004
0.44038177,5133.1973,0.13957988,9.303357,-1.9691182,-0.3685481,1.244021
0.40277907,6147.981,0.13689865,9.436881,-1.9885144,0.33867908,0.2756824
0.33331245,4970.286,0.0007690927,8.716699,-7.170299,-1.7102299,3.4111972
0.5048772,3948.8398,0.0957252,9.524689,-2.3462737,-0.04156218,1.4691683
0.41977784,6368.1084,0.6065724,8.9591255,-0.4999312,1.06815,1.2815135
0.28274477,4413.7407,0.03727737,8.657197,-3.2893689,0.11862573,0.29349402
0.36780095,4880.9116,2.2559001,8.82106,0.81354904,1.0756608,0.76547945
0.50418866,4492.434,0.03273547,9.859499,-3.419296,-1.260627,0.46929085
0.47502306,4095.1704,0.35615933,9.713996,-1.0323771,0.3102063,0.5905345
0.49688777,3668.3105,0.076878086,9.702166,-2.5655344,-0.26904228,1.4327652
0.4800204,5530.0967,1.0208082,9.2830105,0.020594686,-1.418153,0.17727146
0.48678163,5510.126,0.58492804,9.572798,-0.5362665,-0.09130294,0.705867
0.39258602,5601.677,2.250638,8.967885,0.81121373,-0.29896903,1.5157927
0.30906138,3953.481,0.33209518,9.027593,-1.1023337,-1.3995765,0.8779578
0.3210101,5951.6904,2.0606236,9.017862,0.72300863,1.6392947,1.2101781
0.35846314,4526.6396,0.2943262,8.957652,-1.2230667,1.8877975,3.5690312
0.37021977,4936.755,0.036478534,9.357039,-3.3110313,-1.5675913,0.6276863
0.38605696,5505.822,0.71647334,9.219998,-0.33341426,-0.23381837,2.410333
0.66752255,5295.672,0.070650294,10.449036,-2.650013,-0.34407145,2.6998222
0.24250048,6524.087,0.16308038,8.123163,-1.8135121,0.4060636,0.16953519
0.35440093,7204.25,0.0645598,8.971626,-2.7401633,-0.7847086,3.2993217
0.26604527,5186.3193,0.024147678,9.0662365,-3.723567,1.7608671,1.7867185
0.31621462,6575.167,0.6523833,8.544364,-0.42712292,1.4808054,3.3803656
0.53640467,7227.957,0.095040515,9.624682,-2.353452,-0.7273758,0.65962565
0.45993382,5110.3955,0.02782395,9.311644,-3.5818582,-0.17899644,2.475416
0.3562563,6305.659,0.21645701,8.828786,-1.5303633,0.87510866,1.7658508
0.5507446,4137.2607,1.1567794,10.565066,0.14563975,-0.12926652,0.6968581
0.34005296,5857.7646,1.7620394,8.7822075,0.5664719,1.865689,0.053446192
0.4495174,4808.341,0.17031386,9.301931,-1.7701123,-0.19477214,1.0763026
0.54936844,4127.8765,0.029023582,10.18974,-3.5396466,0.55260575,2.4468288
0.30138293,4160.689,0.09408908,8.094814,-2.3635132,-0.21100219,2.8217
0.28435674,6796.87,10.138557,8.335764,2.3163457,0.27793434,0.06518823
0.39782813,5291.864,0.22973701,9.11366,-1.4708201,0.65515625,2.299367
0.33109623,5137.11,3.6248307,9.090395,1.2878076,1.8520247,0.22113043
0.57767963,4362.759,17.056969,10.099084,2.8365588,1.1230385,0.39613366
0.30740762,6975.4297,2.0023444,8.328074,0.69431865,0.11658813,0.81283176
0.36066076,4696.8335,0.06846341,8.703935,-2.6814559,-0.48882455,0.0085578
0.35266185,4605.01,1.4445947,8.853319,0.36782882,-0.09273043,1.7603011
0.33652177,2755.5757,11.215625,8.538693,2.4173079,0.38247442,0.6371364
0.52371407,7026.435,0.00012154461,9.727703,-9.015229,-0.8015591,0.19472487
0.40887707,6329.6333,0.13765343,8.958669,-1.9830161,-0.13932618,0.31451082
0.36618668,4058.6594,0.15153684,8.561286,-1.8869265,0.14766891,1.0415915
0.45847118,5619.8247,0.06668474,10.049352,-2.7077792,0.20272781,1.8509148
0.5306355,5453.357,1.1765598,9.957831,0.16259475,0.04045071,0.09919937
0.45205918,3702.27,0.07460787,9.324182,-2.5955093,0.68029064,3.484835
0.34440508,4919.6104,0.15902881,8.995912,-1.8386699,0.5543314,0.530128
0.3026471,5199.9253,0.103325285,8.2906275,-2.2698731,3.3005922,0.4200538
0.3345695,4747.406,0.81031305,8.5552025,-0.21033464,2.1016967,0.36102062
0.3252957,4546.5337,0.1344076,9.211042,-2.0068784,0.2924237,3.0773232
0.4301998,5402.5464,0.0056746025,9.441559,-5.171755,0.67821366,0.05061151
0.36778674,4520.3955,0.061374914,9.246299,-2.790754,-1.0601227,1.6818026
0.41865304,5498.0195,0.74063164,9.150391,-0.30025187,0.0771222,0.37437552
0.4384635,6502.0215,0.24036846,8.987238,-1.4255823,-0.8850875,0.4172539
0.25594372,4465.6606,0.16292313,8.208582,-1.8144768,-1.1576382,1.9245448
0.5714187,5521.806,0.20795208,10.740076,-1.5704476,-0.5649359,0.823292
0.391685,6568.8804,0.10592627,9.105995,-2.245012,-0.98631555,0.49109557
0.3885734,6339.135,0.52664906,9.344703,-0.6412209,-0.5966048,0.9792214
0.41066086,4119.0093,28.92298,9.474556,3.3646364,0.9099914,0.19935556
0.46754712,5127.995,0.4758821,9.358512,-0.7425851,0.35027534,0.37139726
0.33663008,6087.4004,5.9255056,8.821348,1.779266,0.3516158,2.6001642
0.35899407,5224.403,0.02601811,9.328956,-3.6489625,1.1855178,2.4369287
0.44374576,5836.6924,0.31568286,9.522424,-1.1530172,0.63707185,0.8408094
0.2990774,5645.0205,0.2890538,9.003222,-1.2411425,0.3173269,0.052394014
0.53572226,5329.911,0.056063,9.407804,-2.8812792,1.6438968,0.25192064
0.4731766,6374.037,0.0045890016,9.215916,-5.384093,-0.06729115,1.5472255
0.23703173,6081.43,1.0915678,8.700012,0.087614916,-0.0037536277,3.2459793
0.32725355,6469.5244,1.0598788,8.324861,0.05815461,-0.7342811,0.24222928
0.5634402,4654.8647,0.04275556,10.127212,-3.152256,0.3412222,0.07720445
0.3510536,7277.7695,1.1053413,9.051365,0.10015419,-0.72521687,1.4440067
0.58005613,4846.46,0.25368604,10.362738,-1.3716578,-0.906498,0.74325037
0.23180424,3176.9165,0.02312117,8.054795,-3.7670066,0.15345007,1.2386699
0.42476234,3623.1516,0.011106444,8.951834,-4.50023,-0.67116326,1.3846895
0.39261898,2764.0735,0.12114416,8.973693,-2.110774,0.98860854,1.8333164
0.4569753,7271.7593,0.063084126,9.405444,-2.763286,0.45452875,1.487831
0.3027741,6954.5845,0.0038899246,8.715068,-5.5493655,-0.6636693,1.1186359
0.3930289,4698.5186,11.481825,8.931271,2.4407654,-0.2392488,1.3223743
0.58767223,6188.3975,1.0986744,9.95839,0.09410435,-1.6069463,1.5389656
0.12319821,3930.4973,0.033746894,8.029769,-3.388867,1.2822769,2.1239555
0.43865654,4940.6826,0.25238812,9.266476,-1.3767872,-2.677011,1.098183
0.348064,4046.1985,0.3942052,9.445835,-0.9308837,0.9809581,1.8355825
0.3463513,4299.0557,0.047950022,9.011272,-3.037596,0.30986264,2.1354668
0.49690425,7170.8696,0.36765882,9.660979,-1.0005999,0.70428777,1.2677728
0.28934872,3508.3196,0.65738857,8.174067,-0.41948003,-1.6664859,1.4367003
0.37639755,5249.1416,11.048866,9.518587,2.4023278,0.38829443,0.9702483
0.4746452,3114.1702,0.11636681,9.208434,-2.151008,-0.28461325,0.43057293
0.5263972,6544.925,2.3678913,10.015681,0.86199987,0.0055708806,1.7058682
0.15070169,5593.795,0.0368882,7.8917756,-3.2998636,0.065598376,0.2952619
0.2684025,5464.252,0.33602047,8.70482,-1.0905832,0.6362536,0.648194
0.29228193,4050.1816,1.4314184,8.359463,0.35866585,0.5741372,0.39734516
0.42818296,5490.8447,0.24927552,9.650814,-1.3891965,0.43868437,2.7953272
0.21350895,5182.7207,0.41688663,8.341699,-0.87494093,-0.84258014,1.1204367
0.39471298,6088.251,1.0813844,9.226031,0.07824205,-0.2381217,2.9238064
0.6240519,4751.6753,0.7030052,9.74602,-0.352391,0.30536693,2.422955
0.431191,6062.8047,1.0934583,9.170398,0.08934538,1.7703365,1.2913855
0.42227685,5321.5283,0.0776515,8.790994,-2.5555243,-0.69492877,0.58571386
0.37967,2682.2788,21.235165,9.210014,3.0556586,1.4020023,2.494744
0.43297008,5078.672,0.6802081,9.284987,-0.38535652,-0.80063653,1.3979688
0.22805832,5461.4863,12.109935,8.145863,2.4940262,-0.96166295,0.8357198
0.2790362,3636.4888,0.09228996,8.595809,-2.38282,-0.00090981205,0.52756697
0.55985874,5808.3813,0.7287775,9.985911,-0.31638673,0.71703446,2.3233333
0.14049047,3217.9463,0.0392711,7.8159723,-3.2372663,0.37852278,2.3832023
0.4882829,5334.304,0.455108,9.609404,-0.78722054,0.33784628,1.3017957
0.3855217,4219.0083,0.031518623,9.30274,-3.4571767,1.5835634,0.123069346
0.2358674,5004.3984,1.4387075,8.689124,0.36374512,-1.1697301,0.101489514
0.5331609,5255.0464,0.028105184,10.167154,-3.5718012,-2.135048,0.90529567
0.2674175,5725.535,0.7637409,8.416979,-0.2695267,0.096698955,2.6407297
0.2800532,5114.2974,1.3319901,8.3569765,0.28667414,0.36059904,2.2646906
0.46359324,4638.0664,0.568118,9.785315,-0.5654262,0.76868206,0.8566807
0.51565105,5165.2227,0.2040786,10.013701,-1.5892501,1.1410762,1.7575333
0.4518438,4646.698,2.554414,9.157303,0.9378229,-0.85656625,0.056754272
0.43301737,5617.328,0.049520552,9.080642,-3.0053675,0.6563881,0.8532798
0.43771455,5742.3623,0.7998725,9.288021,-0.22330289,0.1433951,2.0780551
0.33627883,3465.231,4.8925037,8.717666,1.5877042,0.7330729,1.5873508
0.44797635,5843.6494,2.565417,9.676663,0.942121,-0.1919188,2.457386
0.4862134,4338.6147,0.16446395,9.706335,-1.8050638,1.231575,1.0139282
0.36427307,4507.9116,3.4826689,9.515552,1.2477989,1.4008495,0.22291453
0.3868379,5225.7314,0.018316202,9.135328,-3.9999692,0.035200384,0.7787877
0.3724186,5583.7456,0.032681413,9.040143,-3.4209487,0.34074432,0.007869771
0.3233115,5742.8994,0.9490536,9.060966,-0.052290026,1.3350394,0.957031
0.6057594,7187.507,0.41820985,10.117826,-0.87177193,1.6255324,0.35394108
0.29010707,3147.8315,0.48644665,8.653608,-0.720628,-1.0337136,0.39586747
0.3560079,5096.514,0.29211807,9.346661,-1.2305973,-1.2599487,0.10622824
0.45525306,3313.0435,5.2621813,9.149702,1.6605456,-0.7086228,1.1724236
0.533909,4934.4507,0.24797128,9.693477,-1.3944423,-0.867762,1.0061151
0.51854193,4556.172,0.35404402,9.613649,-1.038334,0.10497985,0.24039784
0.3712299,6473.891,0.021215383,9.373484,-3.8530288,-0.9276812,1.6942232
0.47070596,3757.714,0.49928346,9.913918,-0.6945813,0.8725502,0.3748835
0.37634555,6700.457,1.3618711,9.033709,0.30885956,0.40840948,1.872935
0.2059639,5528.1714,0.066639364,8.119022,-2.7084599,-0.14390698,1.4587655
0.37655202,3250.7427,2.2017655,9.469254,0.7892596,1.4431207,0.6303039
0.32193533,2971.3118,0.026762707,8.492941,-3.620746,-0.5556499,1.2007344
0.6041494,5399.999,1.965683,10.4263,0.6758398,-0.042695392,0.79868484
0.30485898,4757.947,0.7414293,8.888119,-0.29917544,0.93123275,1.6471417
0.28941622,5904.0835,0.06890708,8.802922,-2.6749964,-0.18223418,3.2561321
0.59850246,5560.3174,0.124079205,10.355191,-2.0868351,0.81835943,2.4442263
0.503511,4063.187,0.4553835,9.652486,-0.7866153,0.91307944,0.08768017
0.41628304,5259.367,1.0397401,9.069049,0.038970795,1.5805886,0.27765763
0.29882073,6085.4272,0.16079277,8.156763,-1.8276389,-0.36239323,0.5269512
0.5356438,5510.9014,0.23938298,10.029795,-1.4296906,0.25870752,1.654713
0.41635242,3653.5098,0.105999276,9.078929,-2.244323,0.69985855,1.6295433
0.4320295,4949.9956,4.0583124,9.266516,1.4007672,-0.61058277,0.48963687
0.5249387,4818.798,0.30936894,10.068977,-1.1732208,1.755873,2.1182203
0.2531805,4307.9307,4.0936255,8.392081,1.409431,0.07854347,1.6777474
0.37866858,3152.1985,1.2216713,9.168356,0.20021982,-1.3579351,2.3285909
0.39431667,4224.499,2.232038,8.494081,0.80291504,-1.522528,1.0990806
0.40724945,4694.2144,0.015385816,8.903122,-4.1743093,-0.5169538,1.5280288
0.28595108,4950.764,1.3006139,9.007423,0.2628364,0.4044991,0.811602
0.43681198,5930.1807,1.9358083,9.562782,0.66052496,0.14539456,0.13462196
0.3648335,4698.624,0.052234575,9.320165,-2.9520106,0.48169497,0.18316333
0.440214,3913.2173,0.0143300835,9.39354,-4.245394,2.2857652,2.2132442
0.32096732,5498.483,1.6040372,9.214835,0.4725237,0.404097,1.5682468
0.37599233,5526.0596,1.28321,9.624534,0.24936482,-1.2336454,0.40168965
0.4785558,4898.3105,0.7658762,9.361831,-0.26673478,0.10042889,0.09885843
0.50138307,5436.872,3.3719306,10.049047,1.2154855,0.218129,0.7754955
0.2652682,6201.2593,1.4753989,8.473351,0.38892838,-0.18084075,0.39445698
0.6805055,5323.7886,41.011612,10.685319,3.7138553,-1.1525009,1.2255305
0.37701467,3770.1907,0.03069533,8.784124,-3.4836447,0.79852027,1.6557924
0.37123722,5272.5986,0.04942818,8.83706,-3.0072346,-1.3405095,2.5936108
0.33556917,6774.431,1.5593286,8.872487,0.4442553,1.5184749,0.14255361
0.3022484,5979.3647,1.9543382,8.0633335,0.67005163,1.6129376,1.2335753
0.42990825,5395.2505,0.16381653,9.341457,-1.8090082,1.7515825,0.49170896
0.33782858,4393.9146,0.7938421,8.423885,-0.2308707,-1.3046955,0.508475
0.4711405,4414.883,0.0153208785,9.358508,-4.178539,0.024139067,0.46026045
0.45026264,5570.9272,0.07726538,9.447757,-2.5605092,0.079775445,0.7868221
0.509821,5394.704,0.3825194,9.758961,-0.96097594,0.2809355,1.0253425
0.48429403,4171.495,1.602123,9.646812,0.4713296,-0.2477775,1.029182
0.42188993,4982.2246,0.34614655,9.226502,-1.060893,0.5275323,0.076576345
0.37615824,7070.267,0.08863494,8.485449,-2.4232292,-1.4365261,1.4600766
0.40008697,4540.4087,0.53472084,8.916139,-0.6260105,-0.09462063,0.20485064
0.4516257,4964.448,1.3650227,9.230681,0.311171,0.09266546,0.57096577
0.08267808,6136.2837,0.14400144,7.919095,-1.937932,0.02290612,0.71039206
0.36262628,5943.415,0.6370735,8.93742,-0.45087028,-0.5866087,0.15259407
0.5585686,2507.498,0.039977707,9.740945,-3.2194333,0.3667125,2.49113
0.38651362,5734.918,0.017230269,8.987895,-4.0610876,0.78736347,0.6641887
0.32958126,6348.878,14.627901,8.342016,2.6829307,-0.5238038,2.1171818
0.38531667,3514.4656,6.914576,8.847908,1.9336317,0.5122885,3.1218832
0.4106866,4531.021,0.036392253,8.931518,-3.3133993,0.370728,0.2781861
0.38095012,5354.907,0.025397312,9.073332,-3.673112,0.721148,1.4978402
0.42940688,5495.5713,0.10269284,9.19757,-2.276013,-0.5300817,2.6849816
0.53812635,5005.4204,0.5997061,9.993719,-0.5113155,-0.8410454,1.8293405
0.5165088,5443.8164,2.0779958,9.981575,0.7314038,0.565064,0.0019402328
0.45062178,5545.012,11.985706,9.061113,2.4837148,-1.1327182,0.6074029
0.5703919,4636.5264,4.7178297,10.126924,1.5513489,0.8550091,0.011207958
0.4008907,4481.5205,0.025579814,9.423517,-3.6659517,-0.32961115,0.20361449
0.3758363,4588.5264,0.4631733,9.057424,-0.769654,1.5534567,0.134982
0.47738785,5105.5903,0.027868876,9.297139,-3.5802448,-0.7540946,0.17459922
0.33159083,4586.689,0.05012567,8.951498,-2.993222,-0.95241755,0.0030706453
0.44156444,4747.1885,0.12453758,9.497376,-2.0831478,1.5900353,0.6361033
0.47135013,5684.2056,1.6456697,9.622066,0.49814746,0.45432067,0.7172739
0.38233712,6162.933,0.5110049,9.052287,-0.67137605,0.38432658,0.5322562
0.39991927,5516.939,2.9835029,9.6360855,1.093098,-0.2602405,2.4259238
0.4080765,5633.632,0.042986806,9.309758,-3.146862,0.94987506,0.9711988
0.2656729,3360.8606,0.055189494,9.263777,-2.8969827,0.06686004,2.0014477
0.36534676,5295.4917,0.12419733,8.6126585,-2.0858836,0.14820455,0.37729052
0.37573814,5760.702,3.6520662,8.604184,1.2952931,-1.045195,0.675969
0.55184615,4417.9233,0.020249706,9.968723,-3.899615,0.7991485,1.857887
0.39472634,6568.0186,0.76118445,9.019464,-0.27287954,-0.3993869,3.0854714
0.3248598,3924.5579,0.4347436,8.529315,-0.8329988,-2.4905713,0.6855733
0.25002825,4068.004,0.52983165,8.157061,-0.6351959,0.63653165,1.0537071
0.13716218,5490.7485,16.931131,7.9653335,2.829154,1.4344076,0.40254033
0.55149645,7064.6885,0.27437854,9.9823065,-1.2932466,-0.37227035,0.27482748
0.48238367,4209.5356,1.1052914,9.967588,0.10010901,1.3198402,1.3133194
0.42005605,3894.9414,3.473662,9.047409,1.2452093,0.9740286,0.28219417
0.4048627,6971.4697,0.2722716,8.954245,-1.3009552,1.9409477,1.3339626
0.3115694,5885.7686,0.028326428,8.911932,-3.56396,1.8248721,0.6306403
0.3442282,4284.7197,0.2300808,8.965633,-1.4693247,-0.08717427,1.0657269
0.39340663,6256.8687,0.050746582,9.144884,-2.980911,0.5106803,0.40255314
0.21518558,5106.13,0.40935877,8.184253,-0.8931633,-0.7066108,1.5625011
0.40263543,6010.344,0.030970128,9.813831,-3.4747322,-0.29681745,0.7190862
0.5260071,4051.912,0.18922114,9.530196,-1.6648389,0.77321506,0.25382513
0.28593692,5434.9126,1.6944336,8.587433,0.5273485,-0.56895983,1.4248949
0.33912972,5314.076,7.1652455,8.933586,1.9692423,-1.9022659,3.0834723
0.46510333,4203.538,0.050131336,9.486539,-2.993109,-0.19627889,2.1404183
0.3069552,5094.304,0.013300541,8.985164,-4.3199506,0.27072328,0.6221376
0.2946183,4955.857,11.645302,8.254624,2.454903,-1.519416,1.0737044
0.49334443,5104.547,0.19823977,9.761805,-1.618278,0.6656528,0.6181455
0.35004523,5416.749,0.37573665,8.844551,-0.97886676,-0.8232956,0.6668319
0.5469054,3758.6782,0.46157128,9.63475,-0.7731188,-0.3577712,0.095415615
0.22215,4372.8076,0.60664123,8.101435,-0.49981773,1.4212954,0.043080423
0.38077492,4501.005,0.7869576,8.9937935,-0.23958084,0.42111006,0.56788427
0.42012587,5154.16,0.044237923,9.289068,-3.118173,-0.42661384,1.4002548
0.30483794,3973.73,3.836875,8.495232,1.3446583,-0.9305154,2.6725004
0.44156516,4782.87,3.586581,9.468466,1.2771994,-0.55043155,1.5126463
0.61045915,5858.0254,0.86933875,9.690212,-0.1400224,1.170582,0.23987006
0.43765062,4565.3506,1.0606151,9.415095,0.058848936,0.6728499,1.0298581
0.44022343,5481.01,1.263355,9.477752,0.2337709,0.48635554,1.8470573
0.47080255,5641.744,0.026917644,9.352415,-3.6149733,-1.2060616,2.0260398
0.42021903,4063.2578,1.3134085,9.657647,0.27262568,-0.73438203,0.6375978
0.40105343,4377.2603,0.12208519,8.809541,-2.1030362,-1.8696833,0.031290155
0.38476592,5425.5547,4.88147,9.622812,1.5854465,1.4378392,0.5589722
0.32491776,4739.059,0.013044566,9.057986,-4.3393836,1.694731,0.9077287
0.44711763,5425.7285,0.01299873,9.435747,-4.3429036,-0.5590637,1.4651703
0.4498035,4596.9766,1.7845374,9.867401,0.57915926,0.013557951,0.16389503
0.35379183,6031.44,0.10376209,9.258765,-2.2656546,0.9552241,2.711812
0.43760094,5227.4893,0.06349106,9.350978,-2.7568562,-0.70331305,0.47608814
0.37405258,4268.0635,0.33412427,8.759118,-1.0962423,-1.2582837,0.45737278
0.33737037,4769.979,6.424953,9.3711195,1.8601893,-1.1752132,0.31649432
0.46575996,5066.206,1.7397218,9.762228,0.5537252,-0.2926066,2.1514373
0.4687433,5121.644,11.868447,9.721191,2.4738834,-0.28447852,1.013277
0.29668853,4998.7944,0.5133126,8.600346,-0.6668703,-0.5844551,1.6306225
0.38894182,5882.588,1.2521347,9.426806,0.22484986,0.0852051,2.9295907
0.33643383,5244.628,0.28747076,8.930067,-1.2466341,-1.1246504,0.42795378
0.43738925,5647.1094,0.7602816,9.235238,-0.27406633,-1.5120484,2.817523
0.45679256,4254.2773,2.196407,9.353208,0.78682286,0.37522042,1.8298807
0.40739036,6491.8076,0.11863097,9.722406,-2.1317377,-1.510628,0.8168824
0.35644388,5198.0234,0.34460577,8.692872,-1.0653542,0.20336168,2.4326646
0.41819495,4465.0713,0.040343963,9.366797,-3.2103136,-0.597698,1.0983582
0.45176747,3527.2446,0.40498626,9.235405,-0.9039022,-0.04512081,0.942846
0.5124292,3974.569,0.0016878331,10.089146,-6.38431,-0.8858056,0.90958506
0.19726343,4218.2144,0.30018878,7.615432,-1.2033437,0.43149006,1.6138278
0.27092153,4654.1494,0.055376723,8.564462,-2.893596,-0.9004036,1.5753324
0.3718182,7003.904,4.317809,9.556597,1.4627482,-1.2886622,1.1526706
0.36052066,4935.587,0.21145436,8.98553,-1.5537461,0.5661454,0.46888632
0.387478,3016.513,0.19995351,9.380233,-1.6096704,0.54022914,2.1243181
0.33300385,6725.289,3.2683673,9.251503,1.1842905,1.1297387,0.27143037
0.51237607,6926.582,0.65573215,9.80598,-0.42200282,0.6179177,1.257127
0.3424391,4109.01,8.149677,8.977557,2.0979784,1.5879709,3.062574
0.47334898,3994.0242,1.7232827,9.543811,0.544231,-0.6869343,0.3892622
0.16358791,4720.715,0.4600597,8.12463,-0.776399,1.9972414,0.035609156
0.49686456,4863.58,46.53115,9.520377,3.840122,0.3054408,1.3122948
0.13648504,3984.9565,0.09482378,7.5380263,-2.355735,-0.72141993,0.1932573
0.37862337,3565.944,0.5509334,8.890567,-0.59614134,0.63869464,1.5326785
0.27721408,4716.123,32.322582,8.861294,3.4757662,-1.8432342,0.8875662
0.55676335,5351.113,0.115220726,10.370805,-2.1609056,-0.18384099,0.18874088
0.46076536,5966.978,1.7696712,9.274449,0.5707938,-0.780037,2.417507
0.4811443,5045.042,0.6041751,9.902476,-0.5038913,1.3572702,3.23208
0.4636656,6077.265,0.36676827,9.568542,-1.003025,-0.106535934,1.2597558
0.30638576,3471.9546,2.9070687,8.712294,1.0671452,0.22057892,1.205865
0.44727147,4839.1963,1.8287021,9.144233,0.60360646,-0.7542062,1.5164675
0.39703968,6483.073,1.0358996,9.129843,0.035270303,0.23444903,1.3857954
0.28984678,4851.631,0.12567425,8.648929,-2.074062,0.6197491,1.0257833
0.40006998,5261.6025,2.3979433,9.471974,0.8746114,-0.28434688,1.064999
0.37490216,5008.71,0.7026657,8.805342,-0.35287404,1.6103741,1.8169883
0.42439687,6150.5024,0.9859713,9.556368,-0.014128079,0.54009986,0.50765973
0.4201541,4535.8525,0.07434779,9.520142,-2.5990014,0.4283807,1.0751456
0.35781878,3481.377,0.3984545,9.340741,-0.920162,1.6223389,0.035222236
0.4199679,5934.778,0.18866801,9.283499,-1.6677663,-0.63739854,1.3796362
0.36480093,5929.3364,7.337006,8.820744,1.9929309,-2.1611834,2.051448
0.32962516,4696.232,0.20492353,8.914474,-1.5851184,0.87505305,0.06364134
0.40247035,3384.0645,1.3271447,9.360873,0.2830298,-1.3830537,1.0600173
0.28627133,3879.3706,1.1685739,8.32702,0.15578407,0.35466197,3.7592697
0.27270898,5976.7603,1.4955335,8.00739,0.402483,-1.2425605,0.4378574
0.30513507,5201.704,1.6794258,8.578065,0.518452,1.1140015,0.7681396
0.39775378,4627.094,0.049905792,9.702084,-2.9976182,-0.19005308,2.742223
0.5199242,4847.27,0.42687187,9.663858,-0.8512714,0.8326412,0.6411444
0.14708641,6117.354,0.60874045,8.094808,-0.49636328,0.036635913,0.74224406
0.40042025,6253.8516,0.07910204,9.019311,-2.5370166,-0.36930323,0.06882558
0.2782811,6782.573,0.027491806,8.70501,-3.5938673,-0.6721054,2.5187974
0.4373529,5029.7124,2.2314157,9.509019,0.8026362,1.3087336,3.0253906
0.32117715,4203.7266,1.3772166,8.98761,0.32006449,1.5188752,0.4027167
0.27902403,5640.038,0.14045472,8.313271,-1.9628701,-0.9885225,0.7671839
0.29731846,3844.1633,3.080451,8.804105,1.125076,0.2225324,0.8712015
0.52955353,4807.837,2.7793474,9.903054,1.0222162,1.7802471,1.9342114
0.27763855,6600.411,0.77152485,8.261238,-0.2593864,-0.26638398,0.21733674
0.2930354,4763.7705,3.4651098,8.271863,1.2427443,-1.0859537,0.67143726
0.43505135,5727.8594,0.0062986766,9.446097,-5.0674157,-0.022175187,1.0782808
0.47969624,5957.736,0.15091054,9.660119,-1.8910681,-0.27452934,0.8741141
0.28780997,4386.9033,1.1775477,8.519473,0.16343406,0.25953752,0.8253154
0.4044383,4547.5664,0.22656804,9.359789,-1.48471,0.46719086,0.9615193
0.46147192,4219.1753,0.26621678,9.334665,-1.3234444,0.08307241,0.095576614
0.46041185,3274.4224,3.733301,9.652741,1.3172928,1.7908283,2.8483028
0.32995048,5357.4346,0.9208836,9.190998,-0.08242165,0.047620226,0.022175036
0.28982043,6686.258,20.13401,9.253409,3.0024104,1.1747324,0.9357842
0.31854513,6198.2573,0.0010543249,8.862607,-6.8548546,-0.34383813,2.2559943
0.33079854,5721.8047,0.5503813,8.749752,-0.597144,-0.5698133,1.1005232
0.3909213,3653.504,0.15984114,9.313613,-1.8335749,0.6612283,1.0036788
0.5138477,3891.4878,0.8009714,9.666515,-0.22193007,0.62610674,2.0359857
0.33157408,4826.13,0.14275675,8.980079,-1.9466132,0.42566606,2.0896437
0.18633293,4677.014,2.3344028,8.618436,0.8477561,-0.42096913,0.31880024
0.54805726,3918.6733,0.031999126,9.991169,-3.4420466,0.6633458,1.0770667
0.42058128,5731.703,1.3975915,9.402359,0.33475038,-0.57431954,0.34562698
0.46713772,4522.952,0.020456582,9.767745,-3.8894506,-1.1505096,0.120684564
0.474427,3915.3215,7.6873493,9.672496,2.039576,2.5996146,1.935028
0.32009855,4963.4736,3.6268938,9.102137,1.2883766,-0.77473146,0.5083131
0.30396333,4831.48,0.39038318,9.02626,-0.9406265,-0.42034334,1.4650743
0.47659492,5323.2188,0.28303802,9.477652,-1.262174,-0.4906053,1.8935199
0.4639098,5496.303,0.42635727,9.866699,-0.85247767,1.0942075,0.9440789
0.53820145,4069.3325,0.17507064,10.325773,-1.7425658,-0.37792593,0.38694462
0.4374661,5541.247,7.9125733,9.2375,2.068453,-2.4919748,2.4301205
0.40965223,5920.3184,0.0038842675,9.316306,-5.550821,0.677503,0.50219953
0.16837977,5044.0415,0.07614492,8.172374,-2.5751169,-1.1706036,2.5681777
0.35466963,5277.876,0.17250411,8.457228,-1.7573342,-0.28940877,1.3127619
0.58041096,3525.0872,0.09859662,10.035561,-2.3167183,-0.11553055,1.3256702
0.2996658,4832.3667,0.4130247,8.556622,-0.8842479,0.6804839,2.6556852
0.45300138,5412.829,0.36261415,8.947161,-1.014416,-0.40032366,1.7020544
0.47752786,4182.8184,0.006673358,9.448572,-5.009632,1.005918,0.007828086
0.5910732,4824.5933,2.1223488,10.158405,0.7525234,0.3789292,2.96069
0.43541613,5123.0566,0.13082153,9.645258,-2.0339212,0.45332703,0.037038505
0.33816206,5050.241,5.7656937,8.676377,1.7519255,-0.91551596,2.200606
0.4278644,3220.4048,0.9911883,9.297416,-0.008850788,-1.0966905,0.2228565
0.539582,3597.859,6.773385,9.998111,1.913001,0.18440188,1.7149212
0.3152398,4592.3735,1.3225243,8.584209,0.2795423,-0.35016686,1.2803814
0.44260675,3861.8228,0.015200287,9.526971,-4.186441,1.0870484,0.96705174
0.36615598,5103.137,0.71105576,9.273648,-0.3410045,0.2485804,3.4021616
0.41787693,3128.827,0.25205025,9.475666,-1.3781269,-0.7044151,0.12801707
0.4929273,6368.0034,6.821773,9.286814,1.9201194,-1.8928446,2.0145993
0.37136453,4153.193,4.349477,9.065308,1.4700556,-0.17982271,0.40641108
0.46467704,4893.591,0.78107643,9.969561,-0.24708231,1.147777,0.8317932
0.2574585,6850.0127,2.5143173,8.3881035,0.9220013,0.866786,2.6529663
0.5019147,4798.9336,2.9035182,9.727063,1.0659232,-0.8950394,1.3879696
0.38505524,6639.4,5.6964846,8.922894,1.7398492,-1.0571164,0.34761688
0.5421494,4069.4993,3.1299412,10.1881895,1.1410142,-0.55455184,1.1044027
0.32714757,6236.3633,1.0666555,8.684749,0.064528055,0.16007258,0.95574665
0.21660021,5556.6387,0.20674048,7.5757184,-1.576291,-0.8939614,2.5402017
0.44698885,4948.583,0.099094436,9.504802,-2.311682,-2.0113933,2.8765042
0.42426908,5850.2515,0.82815456,9.056517,-0.18855551,1.3359864,1.2207425
0.19584452,5478.876,0.5481254,7.7415,-0.60125124,2.1347954,3.3945436
0.35500047,5694.672,0.010242743,8.8640585,-4.581186,0.30981407,0.9479464
0.339002,4928.52,2.2403412,8.739124,0.80662817,0.87940073,0.21506137
0.63411516,5151.292,0.3107062,9.9515,-1.1689075,0.008896762,0.8914808
0.45514497,4780.915,0.009818157,9.775835,-4.623522,-0.61538243,0.10743499
0.5871014,4871.88,2.0811892,9.972288,0.7329395,-0.40986878,2.7390208
0.328133,5368.9805,3.0234313,9.383034,1.1063924,-0.35713857,0.46545947
0.38903627,5217.6455,0.028959982,8.97697,-3.5418403,-1.0456203,0.2747183
0.41255277,3181.9539,0.2006916,9.01919,-1.6059859,0.04977992,0.83615667
0.4273953,5799.8506,0.015775515,9.092664,-4.1492963,-1.4705521,0.3709233
0.5906637,3719.1172,0.09815576,10.370076,-2.3211997,-0.6604478,1.0704614
0.425223,5921.9775,0.028304176,9.623246,-3.564746,1.8395991,0.6125112
0.28357115,6197.657,0.056523282,8.321357,-2.8731027,0.29433283,1.0124894
0.30513602,3289.729,0.71035665,8.57721,-0.34198812,-0.8673833,2.3267395
0.5217929,4588.241,0.40843838,9.667019,-0.8954142,0.9746064,2.2814543
0.49077812,4799.5415,0.4537229,9.547731,-0.79026866,0.34879133,2.4749866
0.39284652,3362.1265,5.3884606,9.50457,1.6842598,-0.9507587,0.08126651
0.24216297,5235.997,0.21509007,8.910159,-1.5366985,-1.4544672,0.5320204
0.5562206,5320.2124,14.907039,10.231282,2.7018335,-0.22487701,0.798731
0.3674808,4127.156,1.5608692,9.162868,0.44524288,-0.88820755,0.16970007
0.34423375,5982.419,0.12766312,8.783623,-2.0583603,0.8219956,1.8634801
0.5149621,6951.6914,0.0034474623,9.150668,-5.670117,1.8045431,3.283075
0.5374136,4488.3823,0.8899903,9.825701,-0.116544664,0.14384554,0.35288274
0.5579363,2964.938,0.029500028,10.2775755,-3.523364,-0.99557555,0.94921786
0.38401276,5742.6953,9.314399,8.997522,2.2315614,-0.5021575,2.868838
0.39047253,6014.3247,0.11360063,8.978087,-2.1750662,-0.479083,0.7619975
0.37637767,4938.2056,0.047017686,9.256856,-3.0572314,0.98015106,1.5991359
0.3215821,6978.829,0.41855988,8.640734,-0.8709353,-1.6889548,0.31110623
0.17527369,4185.7646,14.980255,7.929099,2.706733,-1.0379909,1.0192806
0.25371832,4007.4507,0.07191734,8.5668745,-2.632238,-0.19471122,0.29605615
0.45100027,6023.925,0.1772309,9.591258,-1.7303019,1.1931719,1.7633643
0.34894052,5914.9346,0.036387715,9.024305,-3.313524,-0.46812934,0.9180308
0.30622172,3886.1394,1.261543,8.980252,0.23233564,-0.05689,0.5568403
0.42959955,5710.1006,0.28464398,8.838543,-1.2565161,-0.38627836,1.2234012
0.35986978,4295.332,8.4911995,9.558724,2.1390302,0.7203123,2.419813
0.37317684,6059.5674,0.07157956,8.403855,-2.6369457,-1.3476875,1.680491
0.49672192,4014.937,0.0781057,9.654221,-2.5496922,-0.4968438,0.25850323
0.39675003,5972.109,0.12575226,9.258126,-2.0734415,0.54261714,2.5609052
0.42968768,4354.96,4.300874,8.855583,1.4588183,0.58426666,0.13848929
0.5299168,4280.8306,0.15275888,10.056824,-1.8788946,0.9368427,2.8302596
0.40113634,5975.1567,0.022589102,8.986798,-3.7902877,0.87569165,0.25329268
0.352146,2857.8577,4.068853,9.082864,1.4033611,-0.36433652,3.2015696
0.30830848,5990.417,0.38306212,8.857675,-0.95955807,-0.58922327,0.008912347
0.398585,4291.5566,0.13824357,8.929582,-1.9787382,-0.64488715,2.0289154
0.282351,4127.2505,0.8870088,8.905019,-0.1199004,0.62691945,2.729847
0.56605715,3601.559,0.0075868806,10.162702,-4.881335,0.35536373,1.4831246
0.35294855,4481.617,0.68578684,8.664467,-0.3771884,-2.2158055,1.6890507
0.3344219,4930.3823,0.5867122,9.177445,-0.53322095,0.37671295,0.9447104
0.48099455,4800.6646,25.620358,9.496071,3.2433872,-0.21349269,1.4214678
0.42098066,3446.5066,5.1278443,9.5321245,1.6346854,-0.93625355,1.8454068
0.34421045,5186.8853,0.22677253,8.770903,-1.4838078,-0.7757028,1.4629974
0.46453288,5485.434,0.028042361,9.572882,-3.574039,-0.360582,0.5065779
0.50268555,5461.5996,0.24988666,9.91532,-1.3867478,-0.18557292,2.5591137
0.47908223,6382.9443,0.3205715,9.485899,-1.1376499,-0.4128788,0.6830428
0.3888902,4956.8916,0.3282405,8.928033,-1.1140087,-0.8638434,1.2990661
0.47424525,3740.8052,0.016336394,9.85158,-4.11436,0.8973815,2.4733186
0.45010883,4849.332,2.8961215,9.740482,1.0633725,0.72589433,1.3726687
0.44586122,6484.747,0.12221412,9.433591,-2.1019807,0.8158861,0.78557456
0.3943579,4473.826,0.06258344,8.867567,-2.7712545,-0.97370136,0.070853956
0.51482606,6911.0415,0.10127301,9.98462,-2.2899354,2.5650427,2.592619
0.5213759,5333.7607,1.0341171,9.318323,0.033548012,-1.2219665,2.3455248
0.17013024,5522.157,0.36917055,8.253251,-0.99649656,1.440235,1.9973958
0.43657166,2807.2002,0.9525159,9.355243,-0.048648454,0.030713353,0.15699092
0.3983162,4869.2476,1.5838678,9.134936,0.45986986,1.3359163,0.72227997
0.30073592,7068.089,2.6478593,8.125503,0.97375154,0.5800729,1.5236443
0.30988854,4274.0146,0.77981997,8.644456,-0.24869223,-1.5046998,0.24674757
0.507141,5272.4985,6.7153473,9.963799,1.9043956,-0.52988017,1.630582
0.06600243,5954.0425,0.034115657,7.6382866,-3.3779988,0.04651309,0.1598404
0.39062405,5708.78,0.0208605,9.117797,-3.8698978,1.2846676,0.2945337
0.21887587,6012.7144,0.45334542,8.371882,-0.7911009,-0.046731915,3.107129
0.63533866,4723.808,0.021584282,10.131752,-3.83579,-0.83119726,1.5937518
0.37367135,5758.616,0.028366255,9.899498,-3.562555,0.55110604,0.0071059945
0.512983,5085.0903,0.010350132,9.629717,-4.570756,1.35996,2.6909502
0.29887432,4647.589,0.1826798,8.6030245,-1.7000204,0.017753808,2.2038572
0.3277525,5989.4507,5.0601826,9.106463,1.6214026,0.38345355,0.36881286
0.21740328,4786.9287,2.9650087,7.663638,1.08688,-0.0015564446,0.22340852
0.45479235,4706.56,3.5279927,9.12443,1.2607291,0.2484972,3.4981387
0.34390107,4365.495,3.6982338,8.774413,1.3078554,1.061725,0.24204288
0.3640096,5107.3438,0.7480625,9.211201,-0.29026875,-1.0433172,0.5945024
0.5181602,4460.3945,0.028336126,9.692476,-3.5636177,0.027280634,1.9413071
0.42261004,6628.3906,1.1216599,9.33125,0.11480966,-0.19535565,0.18163733
0.4002306,5423.0557,0.021500057,9.144219,-3.8396997,-1.1445476,2.3259408
0.45551792,4602.628,0.4589147,9.55335,-0.7788909,-1.5518036,3.1475909
0.46835014,5048.8525,0.521686,10.247522,-0.65068936,-0.30661997,4.621594
0.49170667,4864.76,0.41909716,9.327114,-0.8696525,0.73300594,2.733912
0.4973142,3730.891,0.23157668,9.31325,-1.4628443,-0.030549973,1.7231297
0.50429064,4424.0625,0.19231567,9.981614,-1.6486171,-0.40934822,0.62730545
0.32512856,5125.0713,0.6082352,8.517791,-0.49719363,1.2762321,0.0018465548
0.39492708,7593.9834,0.26169088,9.0517845,-1.3405913,-0.14806542,0.5561018
0.44899333,4651.554,5.8033104,9.564115,1.7584286,0.7000552,2.2812035
0.28213382,5727.616,0.1287742,8.767295,-2.0496948,0.08005513,2.0761185
0.52191633,4879.796,0.07744089,9.580888,-2.5582404,-0.90242225,2.1170566
0.3520552,5208.6885,5.350819,8.675734,1.6772497,1.3554709,2.3946614
0.4297364,4964.8237,0.3986645,9.413208,-0.91963506,-0.122340396,0.28700852
0.48883736,6091.219,0.019669574,9.345103,-3.9286823,0.57234716,0.8047277
0.36701262,4675.99,1.3351878,9.460294,0.28907195,0.43682536,0.29365984
0.30579466,5843.784,0.4692227,8.466218,-0.7566778,0.6563692,1.1958951
0.46266782,5462.747,0.17129777,9.108927,-1.7643518,0.4609228,2.1892211
0.3330388,5281.766,1.6192142,9.09485,0.48194098,-0.258991,0.30196726
0.70396674,4808.673,0.040602937,10.920065,-3.2039149,0.98944473,1.5990019
0.4699103,5125.8916,0.010761573,9.602501,-4.5317736,0.30159685,1.7758946
0.4346449,4912.1357,1.040122,9.363036,0.039338063,1.933362,0.46235934
0.5243563,5100.1553,2.093508,10.201897,0.7388412,1.2276849,0.3281602
0.4784826,5351.0127,0.14717482,9.639663,-1.9161341,-0.7390763,0.37793615
0.45873052,6793.932,0.9210926,9.118576,-0.08219465,-0.5595696,1.7187079
0.22657456,3691.7063,2.0170202,8.41382,0.7016213,-0.32175916,0.33265924
0.25926858,3531.9656,2.0406325,8.597321,0.71325976,-0.41678676,0.78267676
0.4283981,4519.0254,0.6833141,9.2525625,-0.3808007,0.70505387,3.5559542
0.3973914,5645.541,0.58338654,8.740851,-0.5389053,0.5702283,0.32687396
0.52433676,4934.13,0.6846256,9.540569,-0.37888312,-1.2324613,2.1821601
0.4102487,4444.9033,18.652973,9.360774,2.9260056,0.3340713,2.4648972
0.44674402,4665.639,0.26657435,9.348584,-1.3221021,-1.00048,1.4741524
0.100266725,6575.2705,0.41500434,7.50172,-0.8794663,1.5464938,0.6047377
0.3642121,2735.05,0.70200276,8.800142,-0.35381794,-0.47030032,1.3830202
0.39267853,3697.6304,1.4584712,9.530869,0.37738875,1.074478,0.91418165
0.53925073,4529.809,0.054465428,9.837913,-2.9101892,1.1051449,1.3249863
0.5169983,4742.582,0.044543542,9.495146,-3.111288,0.6732629,1.5486671
0.42562008,4474.082,0.31861395,9.409201,-1.1437751,-1.3211054,1.7431064
0.4180755,4073.65,0.029615114,9.4505625,-3.5194705,1.529242,1.3749179
0.32030654,5911.025,0.22225374,8.454611,-1.5039356,-0.98526585,0.3963281
0.44889715,3352.0813,1.607939,9.534633,0.4749532,-0.40364486,1.2279716
0.5245363,6758.346,0.1549906,9.681552,-1.8643909,-0.18777345,0.14435542
0.122176886,5698.39,0.059306137,7.6572976,-2.8250425,1.6756393,2.317531
0.30195493,5781.672,0.16400297,8.8777275,-1.8078707,-1.1596823,0.4309681
0.5603688,4346.5967,0.034988,10.037972,-3.35275,-0.86501557,0.054502208
0.39345574,4530.228,0.29104632,9.012559,-1.2342728,0.19206293,2.3469355
0.30755782,4866.2183,0.9279092,8.335316,-0.0748214,0.4589545,3.224708
0.32105067,5419.5723,0.005480961,8.859768,-5.206475,0.14303221,0.642616
0.41614565,5060.7466,0.11760424,9.486148,-2.1404302,-0.4647229,1.9106518
0.48230153,4864.961,0.40733805,9.406524,-0.8981118,1.2235711,0.27711368
0.49095356,4647.182,0.07207792,9.762645,-2.6300075,-0.113784194,1.0160763
0.42738655,5694.1523,0.10541531,9.122939,-2.2498474,-0.6829322,1.132977
0.26918858,4618.5913,0.012079546,8.538824,-4.4162416,-0.656233,3.7157483
0.3047654,4399.384,0.48034337,8.458694,-0.7332541,-0.22148392,0.9560209
0.35167032,4786.387,0.46520996,9.152536,-0.7652665,-0.4249208,0.5016056
0.34425294,4635.8853,1.0219973,8.643571,0.021758866,-0.23697186,1.1820296
0.39917305,4501.5405,0.035408895,8.700378,-3.3407922,-0.3506622,1.4942073
0.55209386,5601.837,1.0542818,10.338992,0.052859783,0.86568105,0.9451939
0.29734898,4677.4253,0.17948535,8.970661,-1.7176617,0.8319913,0.4277176
0.4798404,3177.463,1.6296958,9.627615,0.48839334,0.10586236,0.46239388
0.41420576,5206.1987,1.8891417,9.741019,0.6361226,-1.3097041,1.2269162
0.4107577,2782.2136,1.4662164,9.71481,0.38268524,1.3819592,1.5934907
0.32224044,6321.202,0.4614097,8.807743,-0.7734689,-0.74247634,1.4933491
0.39572626,5906.7275,0.3748722,9.761243,-0.9811701,-1.5784783,0.73861176
0.34868225,5373.686,0.34026876,8.679811,-1.0780195,-0.5815134,3.7017632
0.36914638,3400.9336,1.7758075,8.679785,0.5742552,0.77199674,2.580579
0.4602341,7214.6562,1.943403,9.318581,0.6644406,1.158432,0.57514656
0.4330286,5225.4907,0.4572314,9.760383,-0.78256565,0.11085488,0.38524652
0.30504864,4583.097,1.7028732,8.483519,0.5323169,0.67717224,2.0657492
0.44112492,6516.077,0.22350064,9.556934,-1.498341,0.96729535,0.42451525
0.41125223,5477.7324,0.19137046,8.76181,-1.6535442,0.24467385,3.3127265
0.3988883,5187.508,0.036091197,8.668428,-3.3217063,-0.5828253,0.9614714
0.34675285,4840.7173,0.07125791,8.842089,-2.6414495,-0.2267355,0.4462661
0.46628952,3813.621,0.31778112,9.975336,-1.1463925,-0.5641506,0.50391734
0.40473875,5634.1567,2.2631876,9.792066,0.81677425,0.7079606,0.11854178
0.29061234,5839.9814,0.027348576,8.359892,-3.5990908,-0.6929519,1.1497325
0.5094176,4741.174,1.4448707,9.394385,0.3680199,1.4380828,2.3191347
0.38306805,2874.8247,2.8395104,9.014465,1.0436317,-0.9643562,0.9300729
0.4258772,5453.198,0.4450813,9.228925,-0.80949837,0.16671574,0.6849083
0.41188797,4682.6567,0.024361646,9.776567,-3.7147453,1.1384541,2.0798147
0.47254357,4830.5435,0.50991875,9.8376,-0.6735039,0.3413999,1.2975415
0.4559858,5576.4854,0.5316018,9.225259,-0.6318606,1.041338,1.5450484
0.39847487,3393.689,0.115218036,9.697297,-2.160929,0.1307918,1.6696033
0.38747394,4497.7065,0.019639429,9.267925,-3.930216,0.029006667,0.8326658
0.45802653,4023.8118,0.48266202,9.580766,-0.7284386,0.020832457,0.54951173
0.3514464,5510.349,0.1986074,8.665246,-1.6164253,-1.586005,1.5224357
0.338438,4935.995,0.07708427,8.832116,-2.562856,0.88274884,1.3684291
0.42399973,5202.0566,3.3253944,9.481004,1.2015883,0.75954133,1.0510244
0.5655307,3751.5808,0.053204447,9.960087,-2.9336133,0.9206074,2.214372
0.24033095,5027.9834,0.9071504,8.175072,-0.097447,-0.29342818,1.5582409
0.4447428,3449.9243,0.3209239,9.579384,-1.1365513,1.0741609,1.578886
0.47036982,6324.6455,0.03305492,9.105348,-3.4095848,-0.25842154,1.8466681
0.5014299,4820.679,0.5126083,9.737351,-0.66824335,-1.2039568,1.7243569
0.47163728,5518.35,0.98041046,9.91969,-0.019783933,0.47844645,0.8848481
0.44037563,5028.6987,1.0247272,9.321685,0.024426425,0.11939192,1.939795
0.20053987,5232.2886,0.4417838,8.150563,-0.8169347,-1.9444808,2.2167125
0.42955106,5706.9434,0.06900735,9.066511,-2.6735423,2.2852647,1.3340759
0.51194245,3534.9995,7.8722076,10.462354,2.0633385,-0.019149354,0.8382209
0.33959445,4401.426,32.290733,8.801243,3.4747803,-0.21104069,0.58560157
0.26907694,4796.8545,1.3373933,8.478969,0.29072243,-0.4407637,1.5921582
0.36697978,5190.269,0.53596175,9.399849,-0.62369245,0.35165453,0.048845224
0.4746266,5189.5537,0.5669221,9.868875,-0.5675333,-0.4281814,0.32222116
0.44448847,6061.1396,0.067914546,9.4827585,-2.689505,1.0013882,0.11191437
0.35746956,4921.085,0.022813123,9.092176,-3.7804193,-2.363618,0.1224829
0.38269693,5589.6436,0.2359058,9.2916355,-1.4443227,-0.948258,0.35494426
0.18656813,5105.508,0.114124045,8.087992,-2.1704693,0.09313993,2.0268776
0.43964216,4715.726,15.795349,9.479908,2.7597156,-2.7557046,0.47562644
0.3179079,4398.606,2.221626,8.909596,0.7982394,-0.065608114,1.4912338
0.35144657,5974.099,0.58864915,8.956369,-0.5299249,1.4944005,1.092375
0.48805425,4837.2007,0.8131817,9.332982,-0.20680071,0.8540198,1.3774687
0.4734444,5621.102,1.9304918,9.479213,0.6577748,0.683655,0.8044674
0.5552815,6042.0537,1.0000331,9.812597,3.3093194e-05,0.6127908,3.5548165
0.4427755,5261.5947,1.3690779,9.6650505,0.31413746,-0.6677368,2.1487224
0.45422167,3740.8386,0.37098545,9.467787,-0.9915924,-2.1259217,0.6724095
0.42429864,3164.683,0.19802424,8.962834,-1.6193658,0.25782886,0.3143173
0.5140644,3461.746,0.22014856,9.484251,-1.5134526,1.4107053,1.6169729
0.28894123,5360.3267,1.2479923,9.09442,0.2215361,0.3240029,2.873807
0.38937497,5598.995,2.6939313,9.068149,0.9910016,0.478867,1.2024493
0.2899839,5441.171,7.083339,8.831148,1.9577454,0.7366113,0.17457666
0.39368996,4865.5596,0.2919571,9.329206,-1.2311484,0.116242744,0.63911015
0.5342554,4890.1733,0.4923305,10.399846,-0.70860505,0.621284,0.6770333
0.36625433,5831.8286,6.660331,9.258947,1.8961692,-1.4382058,0.062005024
0.46918634,5820.1724,4.1203527,9.617357,1.4159387,-0.11120681,1.7193242
0.40972328,6058.248,0.9812521,9.229226,-0.018925907,-3.0434654,0.01861382
0.40971726,4925.88,0.12711073,9.167731,-2.0626967,0.96128225,1.711869
0.24343996,4506.966,0.4172965,8.597424,-0.8739583,1.3346075,0.031117553
0.43935,3683.6348,0.113383405,9.605907,-2.1769803,1.3024552,0.661517
0.52711254,4005.944,0.025803702,9.828359,-3.6572373,0.31688416,0.2267987
0.36672765,3149.3357,0.17705005,9.595361,-1.7313228,-0.0787903,2.1840293
0.5896049,4276.239,0.78492737,9.933508,-0.2421641,-0.19810331,0.9675632
0.23921478,4538.1226,0.017470147,8.103632,-4.0472617,-0.013524032,1.9126716
0.30266666,4757.879,1.5681249,8.600877,0.44988057,0.24409595,0.15901463
0.46825466,4282.9365,0.10184495,9.231391,-2.2843037,1.8780856,0.406326
0.41846812,6368.9385,1.0854679,9.240608,0.082011156,0.4054303,0.17871815
0.42574638,5272.2827,1.8080969,9.208799,0.59227484,0.6690252,0.98527557
0.2633161,3748.8699,0.7395038,8.720424,-0.30177584,0.17270687,2.2475657
0.4887572,5441.0586,0.15998967,9.739149,-1.832646,1.2138181,0.2871432
0.5681361,3917.166,2.7091498,9.831734,0.9966349,-0.4646343,0.11885876
0.41194686,3591.5015,0.28713718,8.581877,-1.2477952,0.058306783,0.63383245
0.45780665,3021.6802,33.46575,9.8894415,3.5105226,1.3747886,2.4398184
0.468363,5137.567,0.08102957,9.543988,-2.5129411,1.0538223,2.0114532
0.23521942,2547.0208,0.07498478,8.495471,-2.59047,0.5176772,1.1294595
0.38017622,3734.2668,0.1074003,8.892692,-2.2311924,0.4231938,1.7636243
0.27491057,6361.3936,0.014972873,8.661501,-4.201515,-0.96167904,0.7001944
0.35673368,5860.7227,0.026769504,9.678199,-3.620492,-0.10739334,0.5978585
0.41163322,4917.8506,17.865618,9.235424,2.882878,0.9524789,0.63286084
0.29202583,4766.2534,0.16869427,8.988296,-1.7796673,-0.3216493,0.37630194
0.40667763,6214.2866,0.27492237,9.524672,-1.2912666,0.8623266,2.7250533
0.43513724,5253.076,0.17081727,8.828218,-1.7671609,0.7335858,0.8877274
0.43958864,5293.997,0.15377301,9.833304,-1.8722777,-2.0976923,0.756938
0.42735112,6178.749,7.8360014,8.872033,2.0587287,-2.5165386,1.9356736
0.48351428,4706.2617,0.57310003,9.770798,-0.55669504,2.1508825,0.15983929
0.49404144,5864.245,0.7905701,9.68505,-0.235001,0.41433594,0.973926
0.22151805,4645.793,0.18081833,8.012192,-1.7102624,-0.036072128,0.16438042
0.36811727,4861.602,1.4979429,9.192623,0.40409282,2.5963154,1.3754199
0.41270682,4417.9775,0.035509694,9.15962,-3.3379495,-0.46822903,1.1377913
0.2965853,4083.4702,2.1655867,8.785981,0.77269137,-0.24822862,1.5589906
0.47252303,3812.9426,0.08166905,9.529061,-2.5050802,-0.96202743,1.586029
0.3578737,6444.451,1.9817237,9.126115,0.683967,1.3764697,2.9496133
0.4477415,3094.224,5.4543896,9.926602,1.6964207,0.0325732,0.47451282
0.41288668,6058.4863,1.2091786,9.449407,0.18994123,-1.1728059,1.0113175
0.56138515,5767.8735,4.09168,10.316385,1.4089557,0.24174252,1.9477996
0.4615532,5451.403,0.9009924,9.825907,-0.10425844,1.6020691,0.0011170764
0.46678287,8070.1846,23.304453,9.532032,3.1486444,-1.3491478,0.6468801
0.43633616,7152.7188,0.07097562,9.549803,-2.645419,0.65030205,0.40263376
0.17053945,4384.7817,0.35951692,7.783186,-1.022994,0.68648773,1.4789416
0.32579818,6084.8516,1.1990625,8.661139,0.18154001,-0.022489619,0.67498726
0.3355403,4819.245,1.1691138,8.98658,0.156246,-1.5853485,0.47024366
0.46141312,5577.0493,0.080320366,9.175866,-2.521732,-2.8959453,0.6016305
0.36863476,5559.4443,36.030785,8.773579,3.5843737,-2.1901152,0.5010643
0.36392307,6073.646,0.058104694,8.532687,-2.8455088,-0.041385133,0.8891849
0.6355019,3373.9695,0.0072557675,10.249718,-4.9259586,-0.72165096,1.3672658
0.5478606,5035.3467,0.010490779,9.833529,-4.5572586,-0.085047506,0.60237813
0.47877482,4747.6655,0.5521153,9.538243,-0.5939984,0.009264018,0.6227866
0.42161542,4847.2812,0.06346478,8.990904,-2.75727,0.102023736,0.8769854
0.3995892,4987.2236,1.01069,9.294559,0.010633279,-1.2905607,1.2226964
0.4362668,5020.1562,4.01506,9.702728,1.3900523,1.1315777,4.379064
0.3645779,5102.7725,0.47388294,8.74376,-0.74679494,0.15588234,0.8266582
0.35002488,4985.3345,1.3895413,8.8209,0.32897365,-0.57744026,2.411039
0.5210679,4020.4214,0.059415355,9.884002,-2.8232026,-0.25537208,1.7725769
0.34751034,4333.856,0.039290547,8.873515,-3.2367713,-0.6324651,0.7843079
0.39738432,5012.05,0.8240734,9.335143,-0.1934957,1.5740595,1.276645
0.55688405,6148.8765,0.10058524,9.864232,-2.2967498,-0.16217086,2.589235
0.56810164,1258.484,23.96832,9.537953,3.176733,0.76387066,2.7011328
0.34002537,4943.683,2.6817589,8.858375,0.98647285,0.0323128,0.3613971
0.42184967,5000.639,2.78415,9.202055,1.0239426,-1.4341121,1.8778555
0.520702,5585.33,0.08232089,9.97036,-2.4971304,-0.5449304,1.4235215
0.52887803,2884.8447,0.016692355,10.035007,-4.0928044,-3.0122604,0.15525725
0.35598198,3906.3774,0.81377393,9.299413,-0.20607266,-0.5045585,2.3815007
0.80980504,3135.7778,0.082636364,10.492218,-2.4933054,0.12587513,0.21240439
0.5227585,6524.305,1.2146174,9.854145,0.1944291,-0.12986225,0.92630696
0.320748,5629.4463,0.15223272,9.025785,-1.8823448,1.2205471,0.33961004
0.2918424,5809.1025,0.015600909,8.748766,-4.160426,-0.65527683,1.7043267
0.3865314,5781.014,0.32591844,8.941356,-1.1211082,-0.86540705,2.2277422
0.47138003,6516.663,0.4471456,9.6685505,-0.80487096,2.4426594,1.2911644
0.45758078,5363.744,13.638604,9.561003,2.6129043,1.8782179,3.822966
0.29671758,4657.8833,0.2702785,8.365056,-1.3083023,-1.9387695,1.2880434
0.43836206,4416.5205,0.15401843,9.718199,-1.870683,-1.2421939,2.2028253
0.4452283,3684.3892,4.69449,9.448162,1.5463895,-1.9816234,1.229192
0.5857123,4234.2407,0.019387875,10.133492,-3.9431074,-1.6581721,0.9973792
0.39182848,4028.4253,0.39577904,9.365496,-0.9268992,-1.4380026,0.6168334
0.42585412,4705.028,1.2847036,9.408442,0.250528,0.64850813,0.59765303
0.31412077,5109.794,0.46092293,8.156527,-0.77452445,-1.0725791,0.2838951
0.4280481,5907.936,0.085380256,9.46287,-2.4606404,2.1628027,0.4958218
0.5250363,5685.5938,2.0533156,10.274445,0.71945584,-1.0901123,1.5457381
0.392242,6494.4893,9.731634,8.923051,2.2753818,-0.12417766,0.94508946
0.36298996,4653.994,0.1905595,8.976846,-1.6577908,-0.43867797,2.3153305
0.3937364,4395.468,1.1679453,9.290794,0.15524602,3.06661,0.9019106
0.35412216,6001.827,0.2098602,8.740999,-1.5613136,-1.1674258,0.80733883
0.29926032,3833.618,5.5053477,8.94275,1.70572,-0.75273025,1.692303
0.42420146,3071.6902,0.64964396,9.346704,-0.4313308,0.15259871,0.18809439
0.22235523,6017.9575,1.0121709,8.553534,0.01209746,-0.30430248,1.9423147
0.49309582,6257.6587,0.10453857,10.159567,-2.2581992,0.08422477,1.4161108
0.27567905,4943.841,1.234468,8.77719,0.21064004,0.3681015,1.8653355
0.20978726,5034.1294,0.07885228,8.155811,-2.540179,-1.2231578,1.2625651
0.32206506,4763.9053,0.59282637,8.719194,-0.52285373,0.7628381,0.9547769
0.34367314,5921.302,0.322659,9.081054,-1.1311593,-0.6597415,1.8298118
0.23531723,4323.3213,1.7208152,8.462779,0.54279816,1.7784164,2.0016458
0.26369518,4591.307,0.3547327,8.104168,-1.0363908,2.0136905,1.1413629
0.47905478,4321.0796,1.0339483,9.352888,0.033384737,2.580793,1.609573
0.5175438,4189.32,0.11393904,9.487995,-2.1720917,-1.6512969,0.7939363
0.48679075,6086.7686,0.87347925,9.912151,-0.13527094,-0.123119265,0.068156816
0.218798,4541.841,0.08545996,8.279061,-2.4597073,1.5515153,2.3485081
0.16945155,4765.4062,2.9467673,8.3921385,1.0807087,-1.3405874,0.24510056
0.39770716,5193.8984,0.39103332,9.419747,-0.9389625,0.7227216,1.457778
0.49801505,6043.14,3.2016063,9.642973,1.1636527,-0.0424968,1.2350886
0.61477286,6178.9307,0.44261923,10.253725,-0.8150454,0.28757352,1.1634562
0.5374138,6812.203,4.1252356,10.538713,1.4171231,-1.1532344,2.9429607
0.49656984,3892.237,1.1314508,9.798537,0.12350068,-0.7119764,2.7363324
0.48626497,3127.7144,0.7444031,10.046942,-0.29517254,-1.3006954,0.53913844
0.3031847,6072.085,0.039159767,9.173688,-3.2401054,0.96803075,1.7318896
0.3801298,4844.926,6.871899,8.725731,1.9274405,-0.410121,2.9272966
0.37610462,4436.663,1.0462384,9.706858,0.04520128,1.3007996,1.3239527
0.50641835,6337.3623,0.57796764,9.393514,-0.54823744,-0.19716725,1.0151305
0.3880187,4616.967,0.20168582,8.731824,-1.6010442,0.86282116,0.043457314
0.55612534,2141.3794,0.2751418,10.394072,-1.2904687,-0.54381037,0.068731576
0.51475513,5729.508,0.25091624,10.05267,-1.3826361,0.8730395,1.9433227
0.24739084,4092.94,0.049358144,8.627003,-3.0086524,-1.3950806,4.0042095
0.46617496,5333.959,0.07750936,9.320398,-2.5573566,-0.406757,0.996389
0.45227623,4619.136,2.4704285,9.206431,0.90439165,0.11949062,1.7368375
0.35892123,4774.6904,0.33355397,9.018997,-1.0979506,0.20412163,0.73422515
0.22333327,4332.9976,1.1111946,7.6652584,0.1054357,1.2460083,2.105749
0.40746236,5093.0386,0.4229597,9.214061,-0.8604784,0.2511876,1.293484
0.32647496,5602.5693,4.4188514,8.581387,1.4858798,0.91693336,0.8403039
0.46364564,6007.7905,0.0587561,9.743724,-2.8343604,-2.334739,0.98629904
0.34089777,5818.1143,0.26922157,8.66092,-1.3122206,1.1683918,1.1519127
0.37591022,5318.8193,0.78906614,9.035859,-0.23690511,-0.8595142,1.728214
0.36679488,3972.6375,0.035792153,9.361461,-3.3300266,0.040674105,2.116179
0.29364643,5495.813,353.8335,9.038493,5.8688264,0.17549703,0.7762405
0.5384398,5543.1025,0.2852693,10.054106,-1.2543217,1.0411904,2.0526323
0.30267584,2922.6846,0.044642344,8.926793,-3.1090724,0.8436552,1.6834137
0.48647198,6603.29,3.0050697,9.38815,1.1003008,-1.1237104,1.440958
0.40301573,4370.884,1.242556,9.1394,0.21717054,1.0428233,2.3815157
0.5498183,5474.437,0.27138197,9.604684,-1.304228,-1.5179256,2.3209906
0.4365085,6350.3013,14.890851,9.110847,2.700747,0.20266162,1.2737546
0.47734126,4667.5356,0.04133869,9.738036,-3.1859565,-0.51195,4.631583
0.35094726,5630.5576,12.102185,8.963476,2.493386,-0.45110434,1.212938
0.42525303,6511.159,0.27471966,9.709154,-1.2920041,-0.8053291,0.027592525
0.6783364,5555.6567,0.12773395,11.057907,-2.0578058,-0.5625887,1.5072623
0.27733123,5772.991,0.92806226,8.205523,-0.074656434,0.5802755,0.25027838
0.50599194,6302.7104,0.42097342,9.459143,-0.8651856,-0.97585225,0.83286786
0.3130716,3116.0137,2.7603238,8.676037,1.015348,0.24731272,0.44329646
0.27608782,4217.7686,0.104334615,8.941707,-2.260152,0.3407725,0.9719689
0.550567,4277.7803,0.18100822,9.82173,-1.7092129,-0.7364948,0.0618774
0.30387825,4601.139,0.6545746,8.770022,-0.42376977,0.9176929,2.621122
0.29990935,3674.4683,0.31074086,8.549088,-1.168796,0.90470344,0.2793818
0.22609875,3931.1816,0.17263973,8.184204,-1.7565484,0.2994023,0.68851835
0.31284776,4270.259,0.08147528,9.044147,-2.5074556,-0.28886166,1.9338146
0.3438559,4448.223,0.029369231,9.113207,-3.5278077,1.3082812,2.94627
0.41749588,7113.7812,48.789066,8.980367,3.8875062,-0.99165684,0.3820628
0.5723556,5062.1836,1.3591121,9.949896,0.30683163,0.020113064,0.21667433
0.3391682,4601.054,0.09345366,9.0391445,-2.3702896,0.49561682,1.3302424
0.352822,4194.687,0.1753608,8.702197,-1.7409097,0.17334597,1.2663845
0.29312992,4102.328,1.3721591,9.176351,0.31638548,-0.30279773,0.8611344
0.3292702,5509.583,0.02154284,9.322111,-3.8377118,1.2663083,4.3481183
0.5096556,5692.559,7.247819,9.854444,1.9807006,0.9016522,1.4005187
0.5014063,4795.8354,0.0013463375,9.979929,-6.6103673,1.2348728,1.1175565
0.48475933,5045.91,0.24010204,9.41032,-1.4266913,-0.6662076,0.36763933
0.44483495,6025.8,3.0702922,9.482449,1.1217728,-0.41652736,0.5222471
0.4052177,6775.835,0.047407866,8.8881235,-3.0489671,-0.41630283,2.2399838
0.4218088,5604.269,0.008958797,9.11558,-4.7151194,-1.1260518,0.30331442
0.36286822,4613.43,0.0608818,8.615048,-2.798821,-1.9842677,0.21704619
0.3479208,4422.042,2.6475067,8.63248,0.9736184,1.4814998,1.4225566
0.4466569,4717.995,2.9808192,9.679533,1.0921981,0.07089611,1.4039333
0.39267096,3608.7441,10.151292,9.187318,2.317601,0.3773334,0.065677255
0.51543474,5130.8096,22.342396,9.658071,3.106486,-1.3813558,0.03261898
0.39651603,5240.3647,0.03653096,8.715556,-3.309595,0.7156826,1.3952767
0.46283713,5297.2637,8.059416,9.509529,2.086841,-0.14069615,0.53265023
0.44320345,5015.959,0.7845062,9.365693,-0.2427008,1.1137977,0.78864956
0.5792618,6126.128,0.3475401,9.89529,-1.0568752,1.3360505,0.9694274
0.2694795,4691.745,0.2186178,8.450168,-1.5204303,-0.86658657,2.2496986
0.48558408,5052.186,0.31861413,9.727853,-1.1437745,-1.617753,2.659705
0.33365962,3653.4565,0.032335237,8.800284,-3.4315977,-0.08235864,0.08760721
0.34621477,4409.9346,0.11113675,9.171409,-2.1969938,0.22660169,0.71627814
0.3993914,3548.0735,0.04789784,10.049232,-3.0386848,-0.6666024,0.35911235
0.46067843,6836.425,8.1064625,9.215965,2.0926616,-0.3946946,1.2626475
0.42334777,5371.376,0.13986272,8.809339,-1.967094,1.2799218,1.0169722
0.38804194,6179.2104,0.111639075,9.073324,-2.1924841,-0.57393444,1.5355449
0.44359675,5311.1846,0.3941446,8.957587,-0.9310374,0.45150873,2.392731
0.37621197,4286.7725,0.8058704,8.329041,-0.21583235,-1.6971598,2.4529657
0.23387042,4345.445,0.21093583,8.355748,-1.5562013,-0.10572879,0.4483891
0.5061605,5800.9033,0.2213854,9.273597,-1.5078502,1.1832502,1.8607303
0.5495998,4086.3738,82.698,9.999784,4.4151955,1.614313,1.6651802
0.38396,3248.8074,0.010707311,8.660907,-4.5368285,0.2884263,1.2413187
0.32355356,6580.936,0.19429083,8.897354,-1.6383991,0.1958794,2.2959168
0.38026008,5110.415,0.0902728,9.467749,-2.4049191,1.2626367,0.62281543
0.34048095,5887.359,0.21006641,8.198382,-1.5603316,-0.24373257,1.1227639
0.43613482,4305.4424,0.23990849,9.213649,-1.4274977,-0.33130145,1.050925
0.29935944,5255.5576,0.5388661,8.86345,-0.61828816,-0.45398432,0.2013653
0.4527163,5644.6865,0.3126523,9.162599,-1.1626636,-0.19206247,1.3616371
0.37139985,3917.2805,0.088235736,8.66286,-2.4277432,-0.14227284,1.2622994
0.19770677,4280.9097,13.103134,8.314749,2.5728514,0.22557229,0.061541848
0.42615667,4522.2803,1.4097134,9.433588,0.34338644,-0.008358131,2.3091428
0.3453347,4765.827,0.74212134,9.058794,-0.2982425,1.5299612,0.1311859
0.33992478,3431.0781,0.58739537,8.959943,-0.5320571,-1.0481555,1.9350606
0.34038603,3459.2144,0.023934051,8.815274,-3.732453,-0.110657506,3.1916258
0.33364633,5830.666,0.0077698096,8.279075,-4.8575096,-1.5290829,1.2365764
0.42396566,5372.16,0.12623334,9.516336,-2.0696232,0.13641253,0.6302019
0.5628649,5578.5635,0.059242416,10.345604,-2.8261175,0.4937682,2.8069196
0.32164282,5073.3154,0.08202258,9.037791,-2.5007608,-0.8924795,1.0406181
0.4904109,3184.3262,0.17018697,9.403501,-1.7708577,-0.1562497,0.037727628
0.29868254,5758.9233,0.18213192,7.880774,-1.703024,0.90475565,0.43707162
0.36797732,4782.565,1.427875,8.662569,0.35618737,-1.8628991,0.5009702
0.42728165,5521.7266,5.3154974,10.3700905,1.6706266,0.11807386,0.5132058
0.33286208,4141.625,0.58187103,8.573821,-0.54150647,0.12373186,0.40396726
0.60863,3733.9211,0.049948238,9.91915,-2.996768,0.558146,1.7727216
0.37137198,4036.9434,0.48641527,9.242068,-0.7206926,1.1587124,0.53727704
0.5543497,4974.7036,1.5824677,10.52105,0.45898545,0.26891693,0.097342215
0.51594055,4041.2175,7.92751,9.982485,2.070339,-0.22021167,0.6207721
0.4134171,5099.6123,0.58224744,9.217962,-0.54085976,-0.3393255,0.07437503
0.3334747,5265.862,6.903264,8.982828,1.9319943,-0.0004971507,0.53069174
0.41592577,5959.4175,1.1022109,9.272795,0.097318046,0.94660497,1.4625089
0.3594672,4700.249,0.240942,8.497633,-1.423199,-0.79401195,2.5565126
0.34408942,4962.497,1.5970459,8.752742,0.4681556,-0.15869424,1.8585399
0.37665543,5463.372,7.032109,9.22352,1.9504867,0.053088274,3.0083148
0.4224029,4350.61,0.3146267,9.484189,-1.1563685,-0.15853569,1.9315714
0.2667806,2745.8982,0.09123106,8.502163,-2.3943598,-0.9641817,2.5499957
0.389971,4553.7734,0.87807757,9.544435,-0.13002037,2.7618358,1.5406477
0.3305256,4719.1787,0.01854956,8.640225,-3.9873092,-0.6955931,1.4886445
0.1903703,3928.5327,0.23703752,8.163399,-1.4395368,-0.1848066,1.83625
0.37938145,3413.062,0.040530264,9.473472,-3.2057064,-0.5658005,0.21179116
0.46861917,4581.577,8.694614,9.594184,2.1627038,0.22220162,1.4630551
0.48500678,6814.161,0.12669194,9.32111,-2.065997,1.8453155,0.64023256
0.591169,4184.146,16.20828,9.991235,2.7855222,-1.6278274,3.1041074
0.41294,4302.73,0.13552883,9.101787,-1.9985709,-0.18684502,2.0260427
0.33402786,5539.907,2.599467,8.967301,0.9553064,-0.064006396,1.272402
0.44834337,4096.584,0.16819093,9.779488,-1.7826555,-1.4786108,0.44767204
0.46301973,6109.586,0.1033145,9.753544,-2.2699776,0.63658214,1.2682072
0.5005049,4623.597,0.058163878,9.240683,-2.8444908,0.78594816,2.291654
0.3849763,3685.4695,0.008878086,8.840157,-4.7241693,0.6358143,1.8204986
0.40909004,3168.8406,1.0960376,9.0063715,0.09170156,1.2086247,0.6297221
0.3241074,3613.8022,0.79562414,8.919669,-0.2286284,0.49201068,0.076393224
0.5706447,4287.438,0.57449895,10.455076,-0.554257,0.14484255,1.0984902
0.5259508,4777.887,0.8228699,10.101792,-0.1949572,-0.4826799,1.9235456
0.5214378,4478.522,0.1615413,10.044761,-1.8229945,0.5545217,0.23429744
0.46628463,5128.7686,0.7118077,9.852012,-0.3399475,0.63668495,0.78351355
0.27653196,3596.8843,0.022301279,8.874742,-3.8031113,0.4789387,1.2662594
0.34991053,4319.1157,0.08223757,9.407878,-2.498143,0.25897878,2.7642827
0.5428541,7063.448,2.7769947,9.8782015,1.0213693,1.0128182,4.3520274
0.27255428,4467.933,0.40710533,8.918884,-0.8986833,1.0220764,1.2303838
0.30406392,6032.326,0.57878816,8.574355,-0.54681873,0.30372524,0.94092035
0.17986964,4400.5283,0.3256578,8.156735,-1.1219081,-0.36937815,0.7623568
0.25258988,5224.0425,0.005282498,8.279578,-5.243356,-1.1341501,0.9695384
0.33461624,3732.791,0.6079978,8.7797165,-0.49758407,-0.121516146,1.4960408
0.23340468,4753.1665,0.045110438,8.4676075,-3.0986416,0.60177296,2.33606
0.31984657,6646.875,0.6747728,8.770522,-0.39337924,1.6001399,1.037471
0.4453822,5196.147,0.16775644,9.480715,-1.7852421,-0.08881572,0.1275418
0.5286851,6704.2593,2.284195,10.39563,0.8260137,-1.5475641,1.1610048
0.40544337,5200.6294,0.9751611,9.428811,-0.0251526,-1.051773,0.27314594
0.6039859,5399.815,0.21700911,10.800304,-1.5278159,-0.29949716,0.4358783
0.47379273,6018.0537,0.21416923,10.534309,-1.5409888,-0.9194027,0.6163857
0.41109678,3317.0,2.0336637,8.89096,0.7098389,-1.019576,0.6516339
0.6850459,5113.826,186.18704,10.884139,5.226752,-2.86766,2.4480968
0.34643966,3401.1646,0.11099855,8.883469,-2.1982381,1.7939576,4.2885976
0.3041495,3684.3254,0.89416444,9.144172,-0.11186561,0.22590607,0.5020262
0.46772933,4219.16,21.52941,9.903607,3.0694199,-0.95525175,1.5286442
0.49653265,4304.1523,0.06903516,10.437949,-2.6731393,-1.9621202,1.8435272
0.5875238,2348.712,0.1707963,10.15493,-1.7672837,-0.989502,1.6334425
0.54333055,4943.37,0.46284658,9.924196,-0.77035964,1.2405672,0.67518294
0.45797384,3518.9348,0.47791123,9.498552,-0.73833025,0.9114218,1.2826456
0.26001674,5540.7295,3.326538,8.354718,1.2019322,-1.0931693,2.8158414
0.6521429,3659.8574,0.017108455,10.467357,-4.0681825,-1.071302,1.6043297
0.28902882,6533.164,0.09493472,8.682158,-2.3545659,-0.7787989,1.1235057
0.48225743,5703.806,0.72671884,9.811948,-0.31921563,-0.18798786,0.2625264
0.49352393,4796.839,0.012838417,10.215038,-4.3553133,-2.5101886,2.5205917
0.4576675,5095.652,0.08114754,9.64908,-2.5114863,-1.3637741,1.4235028
0.39697853,5660.619,2.2795563,9.746316,0.82398087,-0.7390579,1.5931621
0.4245364,4380.8877,0.08055602,9.06315,-2.5188024,0.023059154,1.3078748
0.5144938,2568.3672,0.43622872,9.285183,-0.8295886,0.19156408,0.27166638
0.36542794,5991.4463,0.07656377,9.207794,-2.5696313,0.3302585,0.5991597
0.4259936,3080.5767,0.003955508,9.113762,-5.532646,0.14902574,0.17087457
0.49292547,4215.1665,1.4814438,10.027744,0.39301714,2.0986276,0.5810195
0.44382557,6050.833,1.9807093,9.248167,0.683455,1.4154509,1.0169696
0.47936696,6830.593,0.32791567,9.588618,-1.1149988,-0.59435564,0.94661534
0.38345185,4811.4136,0.24017149,9.218584,-1.4264021,-1.3596455,0.5412136
0.3524665,4898.678,0.3336823,8.808895,-1.0975659,0.66562265,0.9945083
0.5019592,4725.841,39.382515,9.659276,3.673322,-1.1124725,0.04338803
0.39917934,6291.7334,18.281681,9.094772,2.9058995,2.2318566,1.5954108
0.41576025,4442.9414,0.049827088,9.212757,-2.9991965,-1.8078924,0.7859995
0.47167417,3336.6445,2.2613993,9.623456,0.8159838,-0.86515206,0.86808974
0.36537585,5252.354,0.05867981,9.209563,-2.8356595,-0.7428779,1.2490299
0.6174857,4001.92,0.04043634,10.917458,-3.2080264,0.45832476,0.78159696
0.4431145,5257.3687,0.05110516,9.770889,-2.9738698,-1.2359858,2.7092373
0.40927163,4492.134,0.02332092,9.145744,-3.7584045,-0.6324717,1.1373771
0.29684561,5286.28,1.6429021,8.973776,0.49646428,0.1922967,1.7427691
0.51197624,5597.1265,0.0038588543,9.487132,-5.557385,-1.089371,0.89279085
0.45004505,4832.2124,0.7387579,9.738676,-0.302785,-0.46967292,0.92033
0.46766305,3861.6562,0.07428088,9.260424,-2.5999017,0.55622584,1.0835935
0.55725884,3780.5664,2.141327,10.2591305,0.7614257,0.22292572,0.018900482
0.47415736,4782.171,0.33164096,9.590524,-1.1037023,-0.34719145,4.490134
0.4536055,7835.065,0.27829835,9.686373,-1.2790616,0.14515056,2.4753933
0.5140174,6354.7104,0.29131526,9.66657,-1.2333492,0.06967484,1.7456765
0.38310897,6372.356,0.24456383,8.821757,-1.408279,1.9034928,1.1645924
0.30506772,5918.0312,0.021145377,8.554351,-3.856334,0.39034867,0.90741915
0.4615829,6247.452,0.32406217,9.08124,-1.1268198,-1.3502504,2.212253
0.40938318,4729.2314,0.28557414,8.920553,-1.2532536,0.30533,1.7855219
0.34424242,4632.13,0.47687513,8.454766,-0.7405006,-1.3783588,0.43527684
0.3501634,4169.946,0.06745772,8.965079,-2.6962543,1.1938187,1.0485076
0.5193542,5073.544,0.04669339,9.790066,-3.0641527,-0.043521184,0.54856485
0.5159854,5727.246,5.1489644,9.999645,1.6387956,0.052604422,0.88332087
0.4875284,3289.6902,1.5080938,9.687762,0.4108465,0.20249784,1.1945485
0.45028102,4703.4033,0.71655345,9.5270815,-0.3333024,-0.8691872,1.3054485
0.38728628,5538.586,1.8559183,9.123488,0.6183796,-1.2545139,2.239293
0.4222659,4550.6553,0.13079347,9.429467,-2.0341358,-1.4421196,1.1075317
0.28249627,5570.51,0.020092016,8.5186205,-3.9074328,1.571285,0.60745597
0.4597452,5732.232,1.1315577,9.325215,0.12359518,-0.7435833,1.2920271
0.51023173,6655.9883,1.5032578,9.788837,0.4076346,-0.5043735,1.0553733
0.3243826,5539.902,1.0355111,8.921517,0.03489511,1.4223496,1.3466773
0.39764,5762.6206,0.4651646,8.83049,-0.765364,-0.06609204,0.1981632
0.22314642,3129.202,2.4892378,8.800234,0.9119766,0.7160023,0.88221765
0.40212548,3245.4624,0.20405631,8.683155,-1.5893593,1.3152953,2.0210764
0.37342885,5092.9893,0.05121909,9.318615,-2.971643,1.8515203,1.2059808
0.23786233,4355.7466,3.6112516,7.9577227,1.2840544,-1.3468069,1.1237161
0.6599308,5793.355,1.391413,10.470321,0.33031973,0.72091204,3.6539998
0.4071132,4846.971,0.31170025,9.233449,-1.1657133,-1.042895,1.8695986
0.38947502,5563.8506,0.02691545,8.909548,-3.6150548,-0.87498885,0.42508164
0.4023855,5356.7847,51.023304,9.382105,3.9322824,-0.4259152,0.50939846
0.22056367,4997.2476,0.3378815,8.1566305,-1.08506,0.30511087,1.0802033
0.45783064,5249.3203,0.26511165,9.327492,-1.3276042,0.26193306,0.2855812
0.2714458,5388.4873,1.3058314,8.354585,0.26684,-1.4277949,1.6746966
0.46074218,6221.9756,0.24205339,9.251281,-1.418597,-0.60206825,3.3986814
0.4465552,6117.4033,0.36054546,9.673677,-1.0201372,2.4953053,2.3481128
0.37786585,3500.7769,2.7002547,9.207359,0.9933461,-0.7083205,1.9642334
0.3526759,5265.841,2.968934,9.699784,1.088203,2.1672704,1.9342053
0.5157984,4034.1333,0.16484365,9.993198,-1.8027579,0.37680534,0.23088378
0.42648166,4113.4375,5.429386,9.422697,1.6918261,-1.217176,2.0977242
0.368903,4089.2722,0.29765776,9.090788,-1.211811,-0.6749906,0.2065048
0.38085312,4621.409,0.09243089,9.295994,-2.381294,-1.3760301,2.1891944
0.3738749,5047.6807,16.438503,9.000627,2.7996264,0.5786649,1.714192
0.04803264,4926.655,9.908927,7.2119446,2.293436,-0.12324091,0.47236505
0.41665956,2764.1243,0.015692214,8.88022,-4.1545906,1.4406238,3.2237103
0.4636403,3565.8462,3.8246114,9.713807,1.3414569,0.27503312,2.7871957
0.46913344,5692.691,0.5531403,9.884471,-0.5921436,0.7550097,0.24278991
0.50046057,5115.6055,0.37000236,9.659331,-0.9942459,2.0519805,1.0453279
0.4703062,4702.846,0.105411164,9.42094,-2.2498868,-0.8249271,1.6692407
0.30418473,4056.2312,0.2443933,8.807354,-1.4089764,-0.508559,2.6518147
0.2679643,4902.4287,0.11065333,8.864073,-2.201353,0.5264203,1.485845
0.55963206,4080.8508,2.549347,9.968247,0.93583727,0.14736561,0.3589675
0.33510965,5366.8384,0.04457464,8.622216,-3.1105902,0.6929077,0.61046827
0.30990067,4461.1436,27.114176,8.580411,3.3000567,-1.1072129,1.8735689
0.21591263,4442.128,1.6806797,8.27809,0.5191983,0.8970597,0.5629328
0.43137124,5354.6533,0.0147159835,9.141819,-4.218821,-0.6733606,2.2126577
0.5181484,6111.345,36.171055,9.886495,3.5882592,0.7299127,0.74891925
0.25158983,5545.8774,0.33802426,8.344062,-1.0846376,1.942682,0.49995065
0.34769893,7029.8975,0.15437122,9.199485,-1.8683951,-0.64707315,0.6518964
0.5096922,6082.4395,0.44512805,9.429253,-0.8093933,-0.5818485,0.9713873
0.5037731,4064.7937,2.4077342,9.473301,0.87868613,-1.5034922,1.8227583
0.3532749,4030.7761,1.4969676,9.128894,0.4034414,-0.09933531,1.1668236
0.34497157,5034.3955,0.2982766,8.96756,-1.2097341,0.41845396,0.22204259
0.46913248,4964.837,0.5584251,9.320847,-0.58263475,1.1668084,1.8136449
0.5175252,4909.698,0.06408374,9.850817,-2.7475646,0.81595445,1.1779038
0.29864994,5711.36,0.37268966,8.840541,-0.98700917,-0.3986398,1.9899745
0.46738145,5003.2686,6.747725,9.206438,1.9092054,0.4048915,0.20722792
0.26035124,5529.6367,1.6405598,8.415323,0.49503753,0.32766187,1.7368655
0.50044847,3907.4148,0.17409517,9.789481,-1.7481532,0.6170702,0.7896862
0.4513598,4557.1733,2.4494112,9.086465,0.8958477,-2.546841,0.99826264
0.31483877,5149.376,0.38492644,9.173611,-0.95470303,-1.3223802,0.3048391
0.45579782,4224.876,0.52460724,9.068137,-0.64510536,-2.2836058,1.8910992
0.5457531,3228.2776,0.28301856,9.733493,-1.2622428,0.0013029013,1.6728158
0.36688712,3604.311,0.103945,8.635124,-2.2638934,-0.12843493,0.0031907686
0.56217986,3872.8599,1.8944628,10.034116,0.6389353,-2.0605571,1.2170182
0.31734753,5270.758,0.1455913,9.016307,-1.9269519,0.50950646,2.9756668
0.49954244,5546.4873,0.59713495,9.538263,-0.5156122,-1.0484563,0.7764757
0.42429417,4492.211,2.4412029,9.401473,0.8924909,0.78775066,2.5077486
0.54560983,5624.7954,0.3305872,10.105244,-1.1068848,0.084319234,2.17736
0.2197923,5211.318,0.7478354,8.536757,-0.29057238,0.25237295,3.1963253
0.53411925,4559.0146,13.005353,10.031718,2.565361,0.8595468,2.26064
0.6847588,3338.9214,0.051303416,10.777252,-2.969998,0.41650307,2.0496948
0.50676996,2742.7256,1.6932902,10.056391,0.5266735,0.8995813,0.5029066
0.38006875,5510.4644,1.1803483,9.484813,0.16580954,0.87244,0.306336
0.44749203,4743.351,0.9907591,9.226965,-0.009283889,0.17132638,0.67114246
0.3996516,5230.166,2.2129588,9.52337,0.7943304,-0.47604674,1.799833
0.38942495,5411.5947,0.1697923,9.020586,-1.7731794,-0.28188568,1.5007101
0.38485205,5942.571,0.2471077,9.094081,-1.397931,0.33669114,1.2637993
0.3817883,4962.1987,0.4864508,9.049699,-0.72061956,0.15786472,0.23676348
0.24483031,4329.753,0.17300299,8.444586,-1.7544464,0.6621518,2.487766
0.47647503,5980.1763,0.4800191,9.281798,-0.7339294,0.6487246,1.8205322
0.46569616,5559.471,0.01950998,10.067442,-3.936829,0.4755339,1.3588814
0.36651728,4682.2197,0.07464552,8.924795,-2.5950048,0.7802527,2.4253895
0.44938755,4584.5303,0.015720299,9.318497,-4.1528025,1.0619465,0.9875355
0.32309523,3809.2122,0.43436363,8.848263,-0.8338732,-0.3217909,0.010527991
0.23202781,4814.5034,0.041175198,8.253817,-3.1899192,-0.6795352,2.1682067
0.43906128,5261.246,0.09155239,9.626794,-2.3908439,-0.9706849,1.9477371
0.47626662,3450.7769,0.31491065,9.242372,-1.1554663,2.303641,1.5520926
0.38484633,5422.8574,0.039866153,8.828276,-3.2222276,-0.36070478,0.06538878
0.58336645,4808.2983,5.2906494,10.009572,1.665941,0.36725205,0.5695671
0.19334762,4011.228,1.6699857,8.294579,0.51281506,-0.124677554,2.059864
0.36357203,5927.6724,0.1747033,9.04922,-1.7446662,0.40599155,2.6832547
0.49175662,4936.5576,11.5277195,9.698813,2.4447546,1.0975119,0.026912687
0.54746014,4516.41,0.38547677,10.3458605,-0.95327437,0.890348,0.45156035
0.35448444,4729.488,0.019669302,9.58295,-3.9286962,0.3949532,2.0005486
0.41956186,4797.5693,0.5574363,9.402538,-0.58440703,0.3429007,2.7446969
0.39749712,6569.009,3.0369115,9.558951,1.110841,1.4809548,0.16457613
0.42017788,5547.7383,3.7150846,8.893872,1.3124014,1.8017415,1.3388734
0.45192003,6096.268,21.623533,9.986557,3.0737822,-1.5282025,0.32624084
0.20921318,3935.3528,0.040043402,8.123228,-3.2177913,-0.12813786,0.46394148
0.32962736,5035.375,5.870102,8.935846,1.769872,1.1792089,1.5104765
0.41944888,4691.2886,0.13156271,9.767105,-2.0282717,-0.0751076,0.7634719
0.4208939,3824.2563,0.24537821,9.115313,-1.4049546,-2.1498973,1.0678682
0.38505384,5091.6064,0.48145372,9.19962,-0.73094517,-0.37637177,3.189153
0.3621889,5914.9624,2.6262045,8.807966,0.96553963,0.3765984,1.7696023
0.45443282,6086.6064,0.31492087,9.41496,-1.1554339,-2.4067218,2.692685
0.41424397,5807.532,8.551927,8.786063,2.1461565,0.22642018,0.8488969
0.55550027,6089.1978,0.19655871,10.50296,-1.6267941,-0.14334571,0.94402426
0.28508827,4666.539,0.3614043,8.3081045,-1.017758,0.8651197,1.4416846
0.3851077,5627.454,0.37631154,9.188556,-0.97733796,1.5451131,1.1486661
0.51267785,2917.9414,0.2719267,9.28385,-1.3022227,-0.9877863,2.8652844
0.3212277,5217.935,0.7581668,8.96278,-0.2768519,1.4264957,0.69261444
0.5574199,4498.007,0.04579398,9.871481,-3.0836027,0.53149337,0.94577307
0.38775828,5130.564,0.04678337,9.087608,-3.0622275,-1.0320275,1.7806889
0.3076884,5217.6987,0.41677183,8.659482,-0.87521636,-0.17554542,1.0641637
0.3108782,5889.0015,0.72298175,8.953544,-0.3243713,1.4699554,0.5710002
0.3967563,4780.4663,1.263114,9.585386,0.23358007,0.19073299,1.5063268
0.40021142,5353.198,0.03495905,9.4893675,-3.3535779,0.9518362,2.835889
0.27367774,5444.2393,0.029655507,8.804434,-3.5181074,-1.7369399,0.7373534
0.24219786,5279.0195,0.007855649,8.714931,-4.8465223,-0.6704759,2.3139088
0.18284626,5482.5557,26.271616,8.1737,3.2684891,-0.8081871,2.0281136
0.2817093,5281.1855,4.0246186,8.378669,1.3924302,-2.0318213,0.4730031
0.35169753,5611.74,1.8603401,8.823378,0.62075937,-0.518126,0.75438404
0.3363641,4106.3794,0.07806607,9.101455,-2.5501997,0.91682553,0.07772015
0.5234088,8290.768,0.05236574,9.91282,-2.9495027,2.124083,0.88073325
0.33119586,4519.31,0.009463373,8.55362,-4.6603265,0.6879631,1.9873931
0.2909639,4922.8657,0.5633899,8.33608,-0.5737834,0.17882898,1.7030807
0.48094213,4828.163,0.98038346,9.348181,-0.019811498,-0.40645447,0.71107984
0.20244703,3797.733,0.12828681,8.566184,-2.0534868,0.55558205,2.282751
0.28616855,5877.9834,0.2828298,8.658968,-1.26291,1.5602897,0.39632556
0.35716903,3727.8003,0.017625228,8.849393,-4.038424,-0.69920343,0.39951256
0.3300187,4606.993,0.6140787,8.907378,-0.48763216,-0.6226326,0.5158755
0.44910932,5455.4453,0.1085711,9.614795,-2.22035,-0.61845285,0.8861219
0.4729432,5679.13,0.6054448,9.79394,-0.5017919,-0.28269792,3.383605
0.38612017,5711.108,2.028026,8.603149,0.70706296,-0.35415432,4.0213523
0.30372965,5519.1797,0.08115263,9.483737,-2.5114236,0.44303986,1.4589278
0.5000391,6451.805,4.7360873,9.671693,1.5552113,0.27379295,2.6116607
0.32413653,3564.1492,0.30257723,8.4611845,-1.1954187,-1.1386755,0.83842754
0.38949025,5441.105,0.018015232,9.439309,-4.0165377,-0.01658961,1.0869133
0.3881136,6306.2236,1.1928328,9.716423,0.176331,-0.018619463,0.60072124
0.40297762,3463.9673,1.1201712,9.463306,0.11348154,0.2226537,0.14480323
0.49979237,4874.882,0.045189396,9.213602,-3.0968928,-0.046445943,0.029788306
0.33176073,6725.923,0.09949371,9.350161,-2.3076608,-1.1965603,1.7852257
0.41982898,4749.538,0.020043328,9.322503,-3.909859,0.9613984,0.47869346
0.3857164,5094.6377,0.16730192,8.982075,-1.7879552,-0.15848394,0.5029661
0.42502487,4214.627,0.011653926,8.978215,-4.452112,0.22945997,0.5478828
0.5252309,4697.961,0.04841101,9.367077,-3.028028,1.6207455,0.7786123
0.60893804,5996.1353,0.044763625,10.229408,-3.1063595,-2.0814612,0.643255
0.46593168,4438.832,2.9310045,9.14872,1.0753452,1.3487577,0.6006701
0.47297844,4920.9507,0.038415004,9.973321,-3.2593071,0.52709866,2.2780886
0.44363466,4100.626,0.08984358,9.406004,-2.4096851,0.93088007,1.7391602
0.3615165,3907.0093,0.14520103,9.035044,-1.9296361,0.7057628,1.001733
0.46963584,5305.9756,0.71304333,9.301872,-0.33821312,0.5507325,0.9378996
0.2787309,7115.8486,4.9778433,8.316827,1.6049967,0.07353134,1.656459
0.3234567,4382.6343,21.71123,8.832571,3.0778296,0.19360422,0.5371929
0.53568137,5917.673,0.015052985,9.236622,-4.196179,0.88480616,0.8140506
0.4233902,6686.843,2.3145058,9.311922,0.8391962,-0.20915344,1.8393811
0.39975435,2175.279,0.0065245167,9.38989,-5.0321884,-2.1609457,0.49881414
0.13259137,5015.368,0.094648756,7.6784134,-2.3575826,-0.41015512,1.1494346
0.50443476,5766.073,0.24942084,9.883579,-1.3886137,1.3785176,3.7935112
0.47680542,5985.8125,0.09387563,9.58799,-2.3657844,1.1706804,2.3018837
0.23549867,5046.9,4.7496204,8.673153,1.5580647,1.5680789,0.26184937
0.42358315,5502.136,1.4336326,9.501341,0.36021155,2.6028194,0.60275155
0.35318226,4382.0,0.030455615,9.173796,-3.4914849,-0.112035185,1.9596164
0.5563524,5225.5376,0.5283741,9.178546,-0.6379507,-1.0465577,0.2700864
0.3997159,4136.873,3.9964976,8.724176,1.3854184,0.16033378,0.4557081
0.33833095,5683.165,0.11719541,8.8639765,-2.1439126,-0.012360953,1.5819464
0.34642494,4539.1333,0.07850222,9.220558,-2.5446284,0.33153772,1.5441798
0.46816865,5848.293,0.38114634,9.64703,-0.9645719,0.05434241,0.39407888
0.55294704,4847.1104,0.26154524,9.8806715,-1.341148,0.23449542,1.2834126
0.4690599,5291.762,0.030540086,9.316751,-3.4887152,0.6505782,1.3569866
0.43315318,6244.137,0.8123458,9.056712,-0.20782918,0.16511767,0.45724717
0.41449708,4975.921,0.8281626,9.140298,-0.18854573,1.090654,1.8316838
0.40390667,6120.1987,0.6500646,9.387833,-0.43068358,0.96845657,2.4274354
0.47241002,4390.7324,0.09045775,9.65401,-2.4028723,0.44358343,0.77110165
0.3968675,5157.8975,0.08233233,9.137873,-2.4969914,-0.9180706,0.28804874
0.20338863,5661.7935,0.6526669,8.142859,-0.4266883,-0.8371328,0.36184242
0.39983797,5427.63,0.08502985,9.154346,-2.464753,-0.016687036,0.8224006
0.46539062,4561.987,0.2012771,9.114077,-1.6030726,0.54895395,0.8451656
0.31693667,5096.758,0.024948096,8.765508,-3.6909578,-0.8697223,2.1253145
0.23807168,5578.188,0.26754338,8.376614,-1.3184736,0.07165943,0.7445576
0.41074723,4414.6494,0.1443339,9.412492,-1.9356259,-0.9925596,0.03389022
0.3076626,4432.001,0.32279852,8.990791,-1.1307269,-0.5296027,1.1225922
0.32216433,3263.5337,0.22924753,9.023796,-1.472953,0.84250325,2.1063626
0.43581468,3080.1992,0.24674132,9.528449,-1.3994148,1.0272999,2.647897
0.46787667,5410.545,2.909551,10.356403,1.0679988,-0.02911862,4.364419
0.33675492,4014.7727,2.4545345,9.545018,0.8979371,0.5733263,1.0998625
0.27095783,4261.617,17.062675,8.952611,2.8368933,-1.3525895,1.1870795
0.498094,6029.1304,0.8520239,9.243923,-0.1601407,-2.2013004,2.127075
0.37855306,5379.173,1.0753536,9.553398,0.07264958,1.2054585,1.1928202
0.52915424,4313.3735,0.17248307,10.148653,-1.7574562,-1.390685,0.97110677
0.48728266,5101.966,0.38079542,9.52281,-0.96549296,0.4319768,0.31041905
0.2737345,5213.4883,7.9479375,8.164387,2.0729125,2.1433158,0.02212483
0.49066615,5512.668,0.1340404,9.830668,-2.009614,0.048291236,0.56063247
0.40311697,3876.6707,2.585359,9.200445,0.9498644,0.00855909,3.3424773
0.3812272,6911.9663,0.0644608,9.402014,-2.741698,-0.38080373,1.396478
0.356268,4779.912,0.12841597,8.537552,-2.0524805,0.6531858,0.32610983
0.26657945,4396.995,0.068958506,8.810354,-2.6742504,-0.84199566,1.6035657
0.2823122,4303.3667,1.2583354,8.945068,0.22978964,0.055853713,1.6729318
0.37338245,6710.5415,0.122957386,9.118674,-2.0959175,1.6102452,1.2120701
0.324369,5732.6514,1.6272945,8.743485,0.48691887,-0.42562994,1.0957544
0.2733661,4806.579,0.9596152,8.948372,-0.041222937,-1.861439,0.70686257
0.31994623,3062.3274,2.237722,8.566922,0.80545837,0.016697943,0.97595066
0.37016746,4057.825,1.4462497,9.283328,0.3689738,0.07858663,1.012457
0.5357443,5218.456,0.0043697073,9.653738,-5.433059,-0.1562134,1.3377416
0.3693106,5126.829,0.10555336,8.551743,-2.2485387,-0.63137865,2.6532104
0.374789,4576.1353,0.040220425,8.715113,-3.2133803,-1.103488,3.7133586
0.24023402,6483.779,0.31738147,8.249676,-1.1476508,-0.71596694,4.7306237
0.23659928,5027.4697,0.6071558,8.540242,-0.49896985,0.33386624,1.9790528
0.28883016,4825.2217,0.009030022,8.068204,-4.7072005,-0.5261829,0.6454846
0.45875722,6019.995,3.2354708,9.497985,1.1741744,-1.6830022,1.6057861
0.29584697,5075.2705,0.49196574,8.704929,-0.7093462,1.3452303,1.637225
0.53859395,6996.9346,0.10382136,9.010956,-2.2650836,0.8086058,1.1698757
0.43024465,4538.3784,0.989378,9.134622,-0.010678865,-0.3862149,1.0843914
0.22451614,5198.662,11.313385,8.532855,2.4259865,-0.5826383,0.19540021
0.42973056,3472.645,0.14293107,8.7660885,-1.9453927,1.474216,0.20073077
0.293267,4860.2334,0.046877414,8.171138,-3.0602193,-0.87422186,1.5296865
0.36444297,5158.599,5.7792263,8.566059,1.7542698,-0.09886447,0.8725378
0.3720552,5090.2524,0.040147517,9.303943,-3.2151947,0.23258081,0.9048701
0.45601204,2897.0408,0.69583476,9.392801,-0.3626431,-0.31561962,1.5203115
0.57597375,5622.882,1.1284015,10.017575,0.12080202,-0.23943268,2.7968633
0.39331904,3733.7915,0.009049333,8.783891,-4.7050643,0.41954297,0.25136718
0.70602834,3527.2832,1.3255899,11.218241,0.2818576,-0.1724853,2.0205562
0.24374327,6295.566,0.036265988,8.095438,-3.316875,-0.84439826,0.3518532
0.2097031,5116.2656,0.34802747,8.284838,-1.0554739,0.9675463,0.71710134
0.4308449,5758.96,0.76063794,9.553845,-0.2735978,-0.49238423,0.44170192
0.32385728,6164.706,0.002374747,9.121229,-6.0428643,-0.9135209,1.9131485
0.31441554,3341.1335,0.058796104,8.61377,-2.8336797,0.36254972,0.9708084
0.48363,5453.1113,12.618971,9.465881,2.5352013,1.3364505,2.8908536
0.40652564,4923.5684,2.0018559,9.3558235,0.6940747,-1.2115612,0.2326991
0.29605517,5136.0654,0.20670545,8.506964,-1.5764605,0.34133494,0.86721784
0.33668277,2418.233,0.63374734,8.654126,-0.4561049,-1.2067465,0.09882406
0.26911733,5944.339,0.13509327,8.406953,-2.0017898,-0.15743403,3.5163417
0.33452377,5154.3843,0.14995815,9.303633,-1.8973991,0.7512844,0.19126411
0.46247208,5924.078,0.95675635,9.748122,-0.044206515,0.31483498,1.5821105
0.28145322,5206.0977,2.4872797,8.673794,0.9111896,-1.0034542,0.5704292
0.5080922,7814.4023,0.86993563,9.404339,-0.13933608,-0.07622656,0.0029151128
0.23553522,5240.3013,0.3948547,7.9908423,-0.9292374,0.3505006,2.1093378
0.42630315,7124.1885,0.013227584,9.010395,-4.325451,0.0646072,0.34217125
0.3180043,5954.947,5.933962,8.960437,1.7806921,-1.4779017,0.5549061
0.40401614,5199.5713,0.04063235,9.444397,-3.2031908,-0.40776435,2.7932363
0.33482352,4926.8027,0.082711756,8.991083,-2.4923935,-0.9548136,0.119842574
0.3587338,4549.5874,8.08749,9.223464,2.0903184,0.663316,2.1888812
0.4429224,4618.3794,3.1217961,9.432416,1.1384085,-0.1644687,2.351383
0.5459985,4641.0205,0.39901567,9.819929,-0.91875464,0.0114977695,0.5505026
0.21376447,4975.7197,2.036374,7.659594,0.7111708,-0.40158886,1.0608271
0.44008303,3927.355,0.03612446,9.628906,-3.320785,0.07767786,1.1640881
0.42699918,3637.0007,0.10870695,9.479161,-2.2190995,-0.26052365,1.2472974
0.49995384,4426.5044,0.058655195,9.464578,-2.8360791,-0.92674476,1.7649732
0.4784389,5341.837,0.07100519,9.003888,-2.6450024,0.2797473,2.8069441
0.44447872,5540.2285,6.581284,9.919924,1.8842299,0.6992563,1.3346889
0.34143677,6435.718,0.042753123,8.731283,-3.152313,-0.8974438,1.9489515
0.4192553,4094.3188,0.34655386,9.396524,-1.059717,-0.40794364,0.15618289
0.42842346,4506.154,0.14947143,9.129747,-1.90065,0.808356,0.0687262
0.46270853,5902.3096,0.04457887,9.512368,-3.1104953,-1.0676626,2.9208539
0.35304397,4364.3174,0.036401514,8.731863,-3.313145,0.0924611,1.369013
0.27066976,6104.6826,0.12979484,8.987603,-2.0418003,-0.1687366,0.5689098
0.46584252,4301.04,0.16013049,9.487264,-1.8317662,0.20241731,2.719348
0.24518727,4781.8184,0.3028228,8.069916,-1.1946075,0.85518557,1.4614499
0.5521982,4535.7744,0.026410362,9.330487,-3.6339989,-1.5550652,2.3156912
0.50017047,5902.0107,3.9634795,9.803577,1.3771223,1.3182534,2.4343593
0.4535436,3120.3862,0.010839462,9.252982,-4.524562,1.0425649,2.2284148
0.4547435,5243.947,1.5740502,9.184658,0.45365202,0.20040506,1.394642
0.24389856,2694.984,0.070880815,8.680413,-2.6467555,-0.3611742,1.7211176
0.4733387,4954.741,0.14361583,9.927197,-1.9406134,-0.00026766205,1.2230057
0.3867426,6183.9595,0.4882713,9.571148,-0.7168841,0.18514536,0.7215341
0.47272924,5167.522,0.7764344,9.700193,-0.25304306,0.059839975,2.829776
0.102538615,4269.633,2.1037688,7.9967127,0.7437304,1.1586378,2.655562
0.5906582,6060.934,0.018848961,10.535158,-3.9712975,1.445658,1.0127074
0.35799062,6161.904,0.022740241,8.943312,-3.7836192,0.54571766,0.13322695
0.23787348,6400.878,2.4239483,8.3761835,0.8853978,-1.9331675,1.8690642
0.26227307,4659.757,0.4066211,8.198015,-0.8998735,-0.057130937,0.96691215
0.36534953,3500.582,3.335354,8.649302,1.2045789,0.15002169,2.7646368
0.33655176,5885.7593,0.026723685,9.130559,-3.622205,-1.0755695,0.021665355
0.3055583,3925.3188,7.8226905,8.65373,2.0570285,-0.7186686,0.7291091
0.4953704,3990.5962,27.631954,9.525355,3.3189728,0.50374496,0.6471772
0.3607335,4075.3938,0.30332524,9.197277,-1.1929497,-0.07592718,0.68287575
0.391116,8778.484,0.24271023,9.767733,-1.415887,-1.0400646,1.0806128
0.4667939,4533.115,0.42562947,9.670307,-0.8541861,-1.1007993,1.4446563
0.33773625,7112.372,0.5420593,9.059635,-0.6123799,-0.22937086,0.33359784
0.25847024,3977.9043,0.05498862,8.669346,-2.900629,-0.75509495,0.115510434
0.43355128,5456.1245,3.1670237,8.943929,1.1527922,0.7498357,0.91708153
0.19967666,4446.972,0.06299425,8.294334,-2.7647119,-0.92552245,1.1753922
0.51430005,5568.817,0.12225985,9.170585,-2.1016066,1.7317693,0.6560544
0.41660404,5058.0776,0.15453316,8.509158,-1.8673465,0.4650376,0.3642782
0.22460037,5245.213,6.0995407,8.483215,1.8082135,0.3421605,0.248035
0.5686022,4778.585,0.303939,10.113087,-1.1909282,-1.1350328,0.3899706
0.5205236,6071.97,0.046580296,9.686038,-3.0665777,1.05939,0.518905
0.6358227,5046.7705,0.075581565,10.616459,-2.582543,1.2192812,0.27604797
0.25909993,6413.5835,1.3188796,8.720932,0.27678254,1.006029,0.935463
0.43235406,4243.425,0.091994464,9.382645,-2.3860269,1.8045232,2.259281
0.34692442,4785.5186,0.04094663,8.650128,-3.1954858,-0.035904087,2.9211059
0.4583353,5662.5283,0.017400395,9.524155,-4.0512624,-2.4535184,0.24718443
0.6248596,5122.509,0.10296104,10.088946,-2.2734046,0.26476154,2.8306265
0.3862534,3831.802,0.52799356,9.403333,-0.63867116,-1.4909142,1.6627289
0.29900134,6240.587,2.798661,8.629286,1.0291411,0.41147175,2.020563
0.40748578,4334.326,1.2007551,9.552715,0.18295066,1.3130418,2.62319
0.5709908,5633.8467,0.01875291,10.3466625,-3.9764063,-0.5656925,0.9419874
0.3023734,5949.306,0.12114231,8.658522,-2.1107893,-0.39312392,1.2661654
0.17558168,6822.514,0.18661872,8.429942,-1.6786877,-2.2901146,2.2042172
0.31057608,5640.234,0.02563648,9.62978,-3.663739,0.83239853,1.4897091
0.3498956,6323.397,0.062196963,9.044035,-2.7774491,1.7503589,2.7361033
0.47732195,4422.757,0.13086995,9.767556,-2.0335512,-0.7664124,0.81910187
0.43866235,5205.1045,0.2304432,9.478758,-1.4677509,0.4166514,0.5882165
0.4235535,7369.168,0.08629827,9.320761,-2.4499457,0.2884967,0.90256166
0.50638324,6900.0,0.77579844,9.57503,-0.25386256,-2.8085473,1.5008097
0.34496507,6815.215,2.9527667,8.38991,1.0827426,-0.63559973,0.77283657
0.434067,5227.447,1.0758927,9.794398,0.07315071,-2.0834417,0.23110941
0.23692597,3918.9895,3.2363658,8.514311,1.174451,-0.017072558,3.003142
0.41455564,4966.9854,0.50949895,9.330582,-0.6743275,0.51823,0.14736167
0.3617758,4986.5063,0.07223461,9.089304,-2.627836,0.05774376,0.009116292
0.188466,3496.9214,0.4737294,8.209235,-0.747119,-0.25822967,0.640585
0.58781224,4473.027,0.079811715,10.318116,-2.528085,-0.80612403,0.958245
0.3702246,4249.894,0.6680122,9.370913,-0.40344885,0.17290463,1.8988864
0.42205685,3914.934,1.2909547,9.7265625,0.25538206,-0.029479144,1.203134
0.46764368,4806.9717,0.0057768193,9.440469,-5.153902,0.98573184,2.7520928
0.4572924,6802.724,0.08643943,9.693313,-2.4483113,-0.06746066,2.5830653
0.3347269,4701.046,0.021066234,8.690217,-3.8600838,-0.55994606,0.24914445
0.3347082,5636.5693,2.0205405,8.681845,0.703365,-0.80378026,1.8779753
0.50217646,3314.8782,0.25492945,9.434154,-1.3667685,0.7192561,0.8506296
0.38744828,3228.6162,0.1460526,9.062385,-1.9237884,2.3515086,1.0132954
0.14766762,5277.91,0.27994674,7.830813,-1.2731559,-0.7638848,0.6634245
0.4015141,4854.382,0.10075987,9.305391,-2.295015,1.9926733,1.0412091
0.442434,5062.0186,0.39529058,9.704077,-0.92813414,-0.52765644,0.19675483
0.24193141,6025.244,0.2569855,8.362769,-1.3587357,0.17664905,0.17430568
0.32032993,2932.0613,0.054091007,9.054363,-2.9170873,-0.57922715,1.5634421
0.3428117,6597.8374,19.091238,9.040056,2.9492295,0.5948027,0.33176696
0.4471696,4929.4404,0.032318637,9.88574,-3.4321113,-0.27567542,1.122587
0.45787767,5062.4604,0.0118784085,9.050865,-4.433033,1.179663,2.879292
0.3597058,4043.8853,2.8065104,9.44743,1.0319419,-1.7678553,0.5550243
0.3405679,5705.797,0.069707796,8.927794,-2.663443,-1.2339468,1.059499
0.26531303,5824.296,0.00501389,8.108119,-5.295543,0.14361335,1.0619445
0.6314226,4752.719,1.0554775,10.395004,0.05399328,-0.027946495,0.5186207
0.4043,4335.313,2.1990488,9.548624,0.7880249,-0.2926328,3.05677
0.5969603,5741.198,2.7666001,10.544739,1.0176191,-0.49249116,0.9253761
0.40525004,4375.7666,2.2968163,9.221751,0.83152395,0.93863297,0.023120215
0.4659447,5734.2974,0.10313029,9.349572,-2.2717621,0.3412656,2.2119133
0.44722855,4707.9614,19.541872,8.799402,2.9725595,-0.08250797,0.44455448
0.34103492,5772.913,4.9191737,9.180608,1.5931406,-0.010751736,2.0403774
0.5713581,5280.4043,0.6065739,10.199047,-0.49992874,-0.9165638,0.4027413
0.42751262,4640.0156,0.28628653,9.1719475,-1.2507621,-1.8126454,0.67917717
0.3344082,5290.832,4.142183,8.653124,1.4212229,0.4788271,0.24181016
0.30100518,6461.962,8.606934,9.116398,2.152568,1.145634,1.9072073
0.46229103,4507.3696,25.112076,9.229636,3.2233489,0.09827549,0.3075867
0.52076054,6621.2383,1.1016415,9.765382,0.096801326,0.7525039,0.8228096
0.16967133,4142.722,0.15948138,7.7490053,-1.8358282,0.7139397,2.1951342
0.5058763,3181.4263,0.009068464,9.396318,-4.7029524,0.2179824,1.1090416
0.26800817,6725.7173,0.050049506,8.283882,-2.9947426,0.75840586,1.1966386
0.3232398,6412.9907,12.444777,9.175851,2.521301,0.25880018,2.9792101
0.31474438,5174.2764,5.7372904,9.12897,1.7469871,0.52967614,0.055894878
0.37188357,3559.0781,0.6703635,9.411669,-0.39993522,0.8305843,2.5218148
0.6162508,4487.9907,0.01745555,10.947474,-4.0480976,1.2545922,3.1752136
0.5217412,5429.3877,0.03934002,9.570103,-3.235513,-0.86672753,0.8398092
0.2549656,5638.6987,0.51156116,8.59598,-0.6702881,-1.711777,0.57574266
0.30979338,5805.5903,0.07233169,9.028278,-2.626493,0.91632795,1.7244146
0.47925386,6856.9336,0.056840617,9.673569,-2.8675041,-0.23362735,0.109992065
0.52431893,5824.4673,1.9933836,9.56384,0.6898335,-2.4140406,1.6561135
0.44768724,5456.664,0.68149567,9.458976,-0.3834654,-0.9263803,0.9626488
0.261751,3185.679,0.04453992,8.761002,-3.1113694,1.4058778,1.5164046
0.22199549,5464.6475,0.57570195,8.0383835,-0.55216515,0.7916378,1.4915
0.25146532,4237.6885,0.026335662,8.535614,-3.6368313,0.4850544,0.16926861
0.2119499,5258.1616,0.1912672,8.719523,-1.6540838,0.10905052,3.925781
0.27416497,3565.4727,7.496595,8.786605,2.014449,-1.178255,2.6782436
0.5476595,3308.1282,1.3634846,9.847944,0.31004363,0.3206046,2.1360536
0.3642293,5679.736,0.006556268,9.413816,-5.0273337,-1.4202816,2.3636277
0.23829079,4326.888,0.020020247,8.672162,-3.9110112,-0.31627673,0.7655206
0.33706632,3488.6946,5.137697,8.839735,1.636605,0.6542177,1.9503769
0.46184862,4376.043,0.10903993,9.019009,-2.216041,-0.6363602,1.6176132
0.286207,6563.427,0.13392144,8.440551,-2.0105019,-0.28554967,0.6889993
0.5312829,4699.37,0.48194206,10.25061,-0.7299314,0.07941453,0.28062946
0.43319884,5323.3584,4.4049354,9.198357,1.4827256,1.3179891,1.1646162
0.57367665,4664.3936,29.178911,9.778061,3.3734462,-1.8563701,1.9402746
0.5918364,3630.6157,0.31892967,9.980927,-1.1427847,-1.0071456,1.4410123
0.2932919,4524.5767,0.478645,8.4952135,-0.7367961,0.14152989,1.8829103
0.3489105,5822.424,0.06349286,9.0935755,-2.7568278,2.5750403,0.8516765
0.4107126,5745.5186,0.071401425,9.269379,-2.6394374,-2.0928617,2.6473587
0.30887723,4331.8267,0.22586928,8.637464,-1.4877988,-0.6585069,2.533661
0.51688707,6580.3525,0.5049809,9.94313,-0.6832346,-1.7199296,0.43974403
0.37531528,4804.538,2.5542579,9.117764,0.93776166,-0.41353264,1.2524856
0.4168547,5871.455,2.7315264,9.189463,1.0048605,0.83019924,0.15022573
0.26958698,3924.2024,1.7414424,8.298911,0.5547138,0.14652923,2.3164134
0.33494616,6528.7344,0.13301851,9.207869,-2.017267,-0.8982424,0.05750379
0.46207786,5620.284,1.2495728,9.49608,0.22280169,1.6945662,0.80205786
0.3032863,4382.7373,0.13405709,8.790742,-2.0094895,-1.9760389,0.18647064
0.33142138,3577.685,0.26178133,9.0149,-1.3402457,0.8920775,0.6711417
0.29115963,5135.409,0.22701266,8.180749,-1.4827495,0.11887399,1.4143908
0.33886775,5257.6455,1.8308352,8.780116,0.60477227,-0.7193762,1.9285623
0.373735,3522.9402,0.24099663,9.294016,-1.4229723,-2.3879309,0.7320084
0.3939016,5457.712,0.56948566,9.317023,-0.5630217,-1.0310696,1.3834811
0.30625948,5639.895,0.05255349,9.099808,-2.9459238,0.5528648,1.56309
0.1663767,6175.839,5.6102343,8.553444,1.7245924,0.42631,0.20530058
0.4148868,5625.3867,0.13608511,9.495892,-1.9944748,-1.1882849,0.17007561
0.5063504,6373.761,0.27095798,9.570396,-1.3057915,0.29585156,0.046283033
0.24636231,4928.259,0.22849317,8.10801,-1.476249,0.4520799,0.693629
0.5504138,4474.293,0.9847247,10.034984,-0.015393158,1.0198014,2.3306983
0.37793306,3738.8335,16.09239,9.329852,2.7783465,1.1242102,1.0783306
0.45885754,5546.54,0.030363249,9.539912,-3.4945223,-0.20965311,2.45039
0.5261639,5396.7354,0.27321708,10.051984,-1.2974886,0.82179207,0.5857661
0.2720338,3044.7363,1.0269421,8.303356,0.026585607,-0.5057436,1.0787965
0.41635942,3518.989,0.93095493,9.199353,-0.071544394,-0.5182227,1.5774583
0.2439739,5078.734,0.088901855,7.9566107,-2.4202223,0.109146416,0.3322038
0.5049205,4695.2607,0.08786523,9.855412,-2.431951,0.010685246,2.697266
0.38978377,6167.5195,6.64744,9.138551,1.8942318,0.45135456,0.54069984
0.5140279,5589.2725,1.17194,9.923106,0.15866043,0.55298656,0.87349963
0.54601544,6479.4097,0.337751,9.97126,-1.0854464,-0.35235065,0.21530071
0.4107474,4270.548,25.336502,9.134557,3.2322462,0.36321038,0.67603743
0.3268095,4204.9316,1.7946303,8.444313,0.58479905,-0.42721385,1.6057824
0.47505426,4245.708,9.861159,9.855324,2.2886038,-1.0470289,1.8382331
0.28695565,6127.542,0.39660144,7.752142,-0.9248234,1.7091943,0.5246358
0.39664936,5312.3467,0.01592145,9.10282,-4.140088,0.9518841,0.020595795
0.3178459,5039.9688,0.44789377,8.732263,-0.8031992,0.34277585,0.8762604
0.3063128,4280.6885,1.1234854,8.560707,0.116435856,-0.254267,3.6513612
0.40062758,5106.492,0.11556132,8.89375,-2.157954,-0.60484004,0.9386531
0.5203787,5592.4272,0.43679976,9.6153145,-0.8282804,-1.411924,1.3072085
0.31002235,4665.648,0.7918569,9.054496,-0.23337463,0.61408997,0.8932816
0.52601206,7451.146,0.54793423,9.669245,-0.6016,0.7421191,0.090494126
0.3719514,5477.5566,0.57970744,9.578857,-0.5452317,0.13210382,1.2502147
0.72878253,4016.4575,0.2809759,11.140406,-1.2694863,1.0381243,1.8568839
0.44687656,5710.0156,0.17464095,9.211567,-1.7450231,1.6240358,0.31028605
0.37993327,5940.2925,0.064704284,9.033518,-2.737928,0.68093073,1.4475055
0.3302895,5969.505,0.29852727,8.792382,-1.208894,-0.04777444,1.7587391
0.22395685,4249.954,0.7758879,8.746446,-0.25374722,-0.8869829,0.48546726
0.36771375,5670.704,0.96361333,8.98269,-0.037065152,0.8815648,0.42889595
0.4729778,4822.5664,6.112783,9.424092,1.8103821,-0.55217916,0.23001228
0.47311965,5719.761,0.22317801,9.590685,-1.4997855,1.5360215,0.7483558
0.43011624,4337.9824,0.21762262,9.145988,-1.5249928,-0.1507423,0.96554756
0.404985,6125.5225,1.4115076,9.484595,0.34465834,1.9218113,2.3648133
0.38895428,6131.7607,0.31259233,9.290448,-1.1628554,0.34364933,0.28143048
0.39445528,5179.085,0.49571058,9.543714,-0.70176303,1.7095537,1.8790804
0.41316837,5430.837,0.27274975,9.025781,-1.2992005,-0.69391716,1.426411
0.3906239,4049.5886,0.054166734,9.400877,-2.9156883,-0.3239404,0.63790584
0.43027034,5399.328,0.05725779,8.98092,-2.8601916,1.512194,0.6853222
0.5091622,4045.6304,1.1284244,10.002049,0.12082233,-0.42443588,0.09879397
0.5875242,5529.2754,0.4393474,10.626836,-0.8224649,1.3449159,1.5666659
0.4025922,3952.5513,1.0578638,9.208454,0.056251593,0.7774386,2.2999034
0.464157,4501.8237,0.010265039,9.412991,-4.5790114,0.10298228,0.73597616
0.32376158,5666.1514,11.638438,8.6611395,2.4543133,-0.94826084,0.5865317
0.48797017,5154.818,1.0908821,9.6976185,0.086986594,-0.48051795,1.3245431
0.36256942,4041.548,0.12402429,8.694054,-2.087278,-0.022285474,0.3918771
0.48001495,5503.835,1.2269739,9.631037,0.20455092,-0.23792589,0.03204535
0.40743113,5219.55,0.049363032,8.876503,-3.0085535,-0.20469755,0.53250366
0.41886288,5995.9897,0.018002309,8.936003,-4.0172553,-0.19141905,3.4250345
0.51517904,3596.9019,0.24031878,10.199961,-1.425789,-0.16954534,3.8683908
0.448847,6429.68,0.09220606,9.071715,-2.3837295,1.3552424,1.2760067
0.31775036,5392.1807,7.0174522,9.220033,1.9484003,0.9209261,0.25243095
0.30818415,5313.3853,0.4161746,8.306938,-0.87665045,0.59478945,0.054339174
0.33615717,4355.5557,1.0331832,8.991932,0.032644555,-1.5067849,0.6606194
0.4876853,4368.6865,0.29557616,10.0007715,-1.2188288,-0.08988794,0.49696162
0.28461373,4944.806,5.898649,8.834524,1.7747234,-0.9944574,0.044924747
0.3147543,3775.023,0.058604386,9.138342,-2.8369458,-0.64876837,0.23171267
0.3465313,5361.9443,0.053734355,9.217588,-2.9237027,-0.13432646,0.8988274
0.39821646,5068.9043,0.08750311,9.106634,-2.436081,-1.4533159,0.7823373
0.48285913,4077.3098,4.362422,9.593015,1.4730273,0.13088976,2.1147125
0.35892907,5264.1387,0.052511193,9.182516,-2.946729,0.50244176,0.7249922
0.35986623,4539.8433,0.28713667,8.8997755,-1.247797,0.6322522,0.1580032
0.55242765,5730.8076,1.1332697,10.175342,0.12510698,1.272707,0.22261406
0.40346834,4898.5986,0.12721226,8.755605,-2.0618982,-0.12159772,0.35119948
0.45378408,4547.5815,1.5034856,9.161961,0.40778613,1.3266159,2.2581396
0.33851922,4646.9946,1.0064471,9.107188,0.0064263484,-0.57936925,1.8657109
0.47498673,5162.9854,0.04470526,9.239574,-3.107664,1.7253692,1.324836
0.3729535,4227.5713,0.5368386,9.180164,-0.62205786,2.0523045,0.08660016
0.2922971,6148.956,1.1845187,8.371933,0.16933656,-0.61208993,0.46380088
0.4991123,6655.318,13.172254,9.7945,2.5781126,1.4691944,0.26018617
0.18535255,4211.2656,6.5740027,8.146439,1.8831229,-0.8582662,1.8677869
0.22542521,3866.4949,0.19083858,7.937451,-1.6563274,-1.9321,0.7452903
0.26139653,4217.147,0.04845824,8.202429,-3.0270529,-0.8416912,1.4437991
0.43806854,4380.995,0.18420216,9.26008,-1.6917214,0.69561464,0.41589692
0.29819474,4873.01,1.6182152,9.089737,0.4813238,-2.148153,2.479336
0.39242142,3905.5981,0.24386048,9.539493,-1.411159,0.8507184,0.86991495
0.5014527,5177.968,0.45085597,10.0929165,-0.7966073,-0.5093301,0.10740533
0.27861923,3283.216,0.01978671,8.686315,-3.9227448,0.24420156,3.0872715
0.3201904,6509.124,3.2847643,8.455735,1.1892949,-0.4079144,0.35587057
0.28946084,5562.478,0.610361,8.676941,-0.49370477,0.23897682,0.14210068
0.49524438,3391.9692,0.47970346,9.571736,-0.7345872,-1.4777305,2.0042064
0.49342826,2787.875,1.6017251,9.620867,0.47108126,0.070187666,0.68008065
0.5885887,5582.647,0.2595862,10.359049,-1.3486665,0.7881211,0.50629413
0.40786356,4181.791,0.6681074,9.5080595,-0.4033064,-1.2496042,1.5092529
0.44887567,4774.4346,0.0067380466,9.515975,-4.999985,0.81612617,1.216402
0.44119886,6137.782,0.018177794,9.769383,-4.0075545,-0.49114966,1.0254308
0.3148656,6056.0435,0.45901403,8.40555,-0.7786745,-1.3563246,0.5105975
0.29024372,5024.075,0.017111866,8.73263,-4.067983,0.35659036,0.5273326
0.4471612,3678.3672,0.27451348,9.326506,-1.2927549,0.90954256,0.036268678
0.29980135,3674.44,4.5288954,8.795997,1.510478,0.5773328,0.971596
0.4696203,4773.559,10.726843,9.529293,2.3727493,1.1321341,1.5005305
0.5363047,6383.329,0.55246305,9.756295,-0.59336877,1.6279461,1.6781235
0.5392153,5715.86,0.17085034,9.835812,-1.7669673,-0.86822844,0.8629029
0.5727271,5506.517,2.4018571,9.768733,0.8762423,1.1809679,0.2256776
0.42456198,4251.2197,0.006527912,9.17883,-5.031668,2.2984524,0.010850717
0.3713861,6014.964,0.8141603,9.219101,-0.20559801,-0.7535484,0.86231637
0.42967546,3229.2876,2.5217197,9.290861,0.9249411,-0.31079313,0.3515952
0.4256945,5573.668,3.1810017,9.295118,1.1571962,0.4389351,2.3926284
0.6109507,4721.864,2.0816188,10.6296625,0.73314583,-0.49718562,1.8414491
0.20997082,5105.873,0.09415713,8.198226,-2.3627903,-2.164238,1.8456906
0.4282008,3482.2134,0.22729288,9.734963,-1.4815159,0.09901566,1.4477158
0.3977333,4653.096,3.4880972,9.283536,1.2493564,0.5385026,0.18187146
0.22943033,4701.8315,0.204697,8.355994,-1.5862244,-1.1057578,2.9779594
0.40031734,6299.257,2.1303647,8.825914,0.7562932,0.96521366,0.39895764
0.47629017,4194.1914,0.93145263,9.701044,-0.07100997,-0.4750814,0.26315063
0.4845639,5368.845,0.82685316,9.634267,-0.19012818,-1.1481365,0.9086574
0.5050846,5435.5083,0.008882892,9.584456,-4.723628,1.4487003,0.3923706
0.33109027,5749.034,0.06720025,9.2984295,-2.7000782,-0.4281801,1.4354805
0.37296423,6359.9736,0.45963827,9.050945,-0.7773155,-0.36159784,2.0060377
0.2767041,5815.286,0.18892843,8.585104,-1.6663871,0.38143206,4.239288
0.35904944,2935.318,0.12622166,9.285888,-2.0697157,-1.5052916,0.3306932
0.27476424,6935.95,0.098672666,9.088506,-2.3159473,1.1715062,3.7444825
0.22901236,5133.1973,1.0578893,7.962841,0.056275703,-0.4381855,3.635956
0.37549293,6279.703,0.056681674,9.301425,-2.8703043,0.30171818,0.3460894
0.4184325,5810.1924,1.3705878,9.040455,0.31523976,1.4054365,1.4004791
0.43791756,6960.7954,0.0068684006,9.138005,-4.980824,-0.17841104,2.7449636
0.47104594,5404.5396,0.14814326,9.580903,-1.9095755,1.0495641,0.7310871
0.37437677,5129.8057,1.9650505,9.1433525,0.6755179,0.72035414,2.5180259
0.34411162,4327.598,0.08269662,8.804963,-2.4925766,-1.2970772,1.0156118
0.35788327,5167.3096,0.2002579,8.859312,-1.6081493,0.52229714,1.0018077
0.47129023,4685.74,0.112248875,9.330597,-2.1870368,1.0641285,1.4764138
0.37032083,6735.686,0.12278346,9.112663,-2.097333,0.4692651,2.423842
0.4299891,4358.023,0.27453586,9.363067,-1.2926733,-0.84143823,1.1513869
0.460036,5347.336,0.07537271,9.866331,-2.58531,-1.1454777,1.6987238
0.4454462,5693.0806,0.25065935,9.395191,-1.3836604,-0.024433935,1.5895108
0.36393547,6325.3564,0.043061793,9.080229,-3.1451192,-0.83097064,0.26020184
0.29676077,3357.3855,0.8338122,8.480608,-0.18174711,-1.0762784,0.39728364
0.3678654,5625.8115,0.15138882,8.998304,-1.8879038,-0.99909306,1.6270247
0.5700995,5560.321,4.9045267,10.225424,1.5901586,-0.56270874,0.58094877
0.2848253,4157.1904,1.4810466,8.429697,0.39274898,-0.31027764,1.0822539
0.3825149,4271.982,0.002840772,9.245558,-5.8636794,0.37859115,0.27516752
0.3465548,7369.0337,0.07753187,9.35152,-2.5570662,0.822555,0.016646897
0.1519531,5683.892,0.054248456,8.041037,-2.9141808,0.2156978,1.51089
0.59278697,4165.9106,0.18635613,10.493709,-1.6800958,0.90657437,0.5038334
0.31919318,4662.0107,0.022055548,8.74851,-3.814191,0.9092349,1.0233546
0.44471157,3979.4512,0.8264569,9.09576,-0.19060747,2.145914,0.39386055
0.49191058,6016.6514,0.04815069,9.923557,-3.0334198,-2.028043,0.773798
0.47360066,5064.5537,0.22375083,9.512946,-1.4972222,-0.49455673,0.4139368
0.44034234,5888.6143,0.21763244,9.435273,-1.5249476,0.5748005,1.5765824
0.5366743,4696.872,0.061536703,9.657562,-2.7881215,0.18043238,1.1421244
0.30483103,5335.8506,0.89003253,9.030707,-0.11649729,-1.7859843,1.6169
0.40715894,6898.2666,0.5599729,9.030706,-0.5798669,-0.48038277,0.24554393
0.3664579,4158.726,0.16905475,9.168576,-1.7775327,-0.8993398,0.082211636
0.35605386,5939.0215,0.20223449,8.7417345,-1.5983274,0.8103499,1.6023111
0.31689915,5732.878,0.0057258704,8.901051,-5.1627607,0.5677399,2.5318472
0.35850558,4947.8716,0.4737745,8.848044,-0.7470238,2.0405202,1.2104335
0.22972114,5500.8145,0.016152369,8.906685,-4.1256886,-1.2489443,0.5440867
0.2330951,4684.163,2.417068,8.540398,0.8825552,0.26660055,0.06795042
0.48542804,4525.9277,0.07529275,9.635432,-2.5863714,-1.2182698,1.8145562
0.36453792,5165.233,5.120636,8.465207,1.6332786,-0.12159683,0.13104574
0.38392523,5797.7065,0.07187633,8.887744,-2.6328082,0.17048985,0.95188767
0.5357654,5039.042,5.1398435,10.3331785,1.6370226,0.23405468,2.3606355
0.22577891,4390.2847,5.475309,8.148217,1.7002487,1.2243217,1.9959537
0.425467,3883.427,0.014955541,9.464127,-4.2026734,0.066150285,0.049501102
0.32902008,4512.3203,0.17102396,9.061395,-1.7659516,-0.0023961118,0.6436228
0.34159935,3528.8608,0.79812634,9.115145,-0.22548836,0.13691472,1.2541006
0.52282095,6679.8633,0.0040135304,10.135171,-5.518084,2.0168848,1.2901542
0.54950225,4763.815,0.16185181,9.972077,-1.8210741,-0.15560243,0.77998114
0.29422313,5439.112,0.19159448,8.878887,-1.6523743,1.2903349,2.6405756
0.48412716,7208.6846,0.52099484,9.590573,-0.65201515,-0.9872857,0.07586679
0.40553868,6470.8276,1.9162279,9.373912,0.6503586,-0.07038252,1.724942
0.46460617,5034.0854,0.26369914,9.646533,-1.3329464,0.74474585,0.97067624
0.40572405,5210.4067,1.50172,9.176872,0.40661108,0.36028397,0.05647057
0.51706564,5440.4854,1.0690032,9.502722,0.066726685,-0.48182532,0.2583565
0.39342633,3232.8174,0.08844659,9.146785,-2.4253564,0.04400797,0.43406618
0.24924132,3851.6711,15.560382,8.642971,2.744728,2.3849137,0.4396893
0.48777512,4740.172,45.04486,9.931181,3.807659,1.257144,0.57666785
0.35206607,2865.0513,3.9377444,8.679292,1.3706081,-1.4216872,0.08953567
0.2912861,3142.4185,0.038999435,8.6479225,-3.244208,2.0511348,0.58017915
0.30897266,5696.9326,2.1815872,8.549182,0.7800527,1.3349476,0.30584562
0.38643107,4227.105,1.0059352,9.160258,0.005917636,-0.18707278,0.3562228
0.21358833,4790.1133,3.4663873,8.351942,1.2431129,-1.4092411,4.29255
0.54234946,5056.052,0.041180715,10.22663,-3.1897852,0.028416567,1.9550751
0.52964395,4173.348,0.053970974,9.562696,-2.919309,1.13859,1.0673474
0.3594074,4925.511,0.20372283,8.990845,-1.5909948,1.056222,0.23813553
0.5530927,4386.6943,0.1922217,9.755969,-1.6491059,0.2677172,1.3299328
0.43745244,5305.9463,0.07850064,9.361383,-2.5446484,0.9839555,1.8102741
0.27935147,5412.204,0.40103632,8.720969,-0.91370326,0.27231562,0.6271145
0.32999334,5371.05,0.0006185084,8.807743,-7.3882,-0.13381901,1.5726177
0.3976579,5085.88,0.38529155,8.848228,-0.95375496,1.8883907,0.7533565
0.42741722,3931.183,0.025591861,8.9670315,-3.6654809,0.07379172,1.0848588
0.42012167,3596.0945,1.3149571,9.323171,0.2738041,1.3825028,1.0156037
0.49329922,5352.176,29.857128,9.654313,3.3964236,-0.43098912,1.633318
0.37550345,4571.1064,0.23895583,9.350372,-1.4314766,0.19968498,0.5192584
0.52466375,7094.712,4.5218706,9.938034,1.5089258,1.1167083,2.127028
0.32068104,5395.4014,0.28353798,9.229663,-1.2604092,0.005533828,2.801192
0.59664184,5810.1367,12.360037,10.29207,2.5144684,0.53242207,0.8190378
0.40526175,4548.693,0.10962216,8.454847,-2.2107158,1.260384,0.6026044
0.4130788,4803.8677,0.62773854,8.91839,-0.46563154,-0.058864273,1.3853401
0.45672905,4408.1016,1.4980931,9.32594,0.40419304,1.0181752,0.059216835
0.5296993,6326.8125,3.117974,9.744024,1.1371834,0.60434055,1.6554577
0.36572737,2745.61,0.36679983,9.007212,-1.002939,-0.4066937,0.72738844
0.39830765,4156.451,0.10636696,9.347358,-2.2408602,0.16408966,0.4613705
0.46648863,6812.257,0.5711898,9.645498,-0.5600337,-1.8135899,1.6609699
0.4692753,4087.0103,0.86175275,9.496055,-0.14878684,-0.2886171,0.88202
0.48494232,4988.2964,0.3430615,9.802629,-1.0698456,-1.2491587,2.987383
0.42318445,3968.7065,0.19301379,8.8991165,-1.6449937,-0.4907876,0.27438396
0.49366355,3727.9995,0.032332275,9.891922,-3.4316893,-0.65447956,1.3949274
0.49966732,5792.2285,7.1493545,10.281287,1.9670221,1.9270309,1.3883101
0.3170439,5530.9775,1.9759337,9.051964,0.681041,0.2370092,1.0729736
0.5195632,6868.776,11.981041,9.971974,2.4833255,-0.597269,1.457728
0.44910926,5739.217,1.2796522,9.508752,0.24658836,2.9236631,0.84491104
0.26136488,4905.5796,6.4428234,8.346672,1.8629669,-1.5547117,0.36860082
0.5255492,5236.4355,2.663662,10.389702,0.9797018,-0.491386,0.7360998
0.44206014,4461.7656,3.0401707,9.571395,1.1119137,-0.65807605,1.3392844
0.17360361,4547.546,1.1628398,8.222302,0.15086511,-0.26650843,1.8340265
0.3783987,6369.7217,0.30074146,9.364336,-1.2015043,1.040146,1.6223874
0.40545714,4441.2124,0.5120421,9.344377,-0.6693484,0.1955218,2.3849776
0.40830007,6095.146,0.016663065,8.64753,-4.0945606,0.4553304,1.7734498
0.3225501,5190.2627,7.079423,8.874127,1.9571924,-2.1178043,1.6893346
0.49709994,3739.4343,0.1104443,9.824631,-2.203244,-0.54217005,0.17371614
0.31332678,5892.562,0.37199518,8.649993,-0.9888744,0.7598141,0.0024191565
0.50431305,3838.7664,0.11705311,9.879234,-2.1451275,0.41671228,0.8396126
0.43127152,4700.163,0.60008806,9.626154,-0.5106788,0.21010382,0.5600562
0.26868713,4714.2236,0.19811168,8.341466,-1.6189244,-0.8215326,2.3538778
0.27080685,4176.493,11.36711,7.9597125,2.4307241,0.34628406,0.51767343
0.17037581,4370.872,0.42497504,7.870915,-0.8557249,1.5371891,0.06221004
0.44006816,3962.5757,0.5729105,9.424967,-0.5570258,-0.17373955,0.877264
0.36683205,3787.5952,0.8275551,9.2084675,-0.18927959,-0.15290631,0.7644462
0.34124762,5612.5376,0.16922937,8.729695,-1.7765002,2.1284063,1.5756766
0.5776168,4182.9014,0.7944359,10.092925,-0.23012292,0.4700158,0.15967272
0.50772446,4668.9707,0.27789357,9.529265,-1.2805171,-0.55934423,1.6313181
0.31886172,5200.7153,0.22994417,8.893573,-1.4699187,0.37102374,2.3046615
0.31892288,3880.5266,5.125007,8.753275,1.6341319,-0.67211324,1.1176629
0.28079644,6788.876,0.093353696,8.382928,-2.3713598,-3.7790492,0.023431767
0.39571875,5978.2046,0.5827572,9.217208,-0.5399847,0.12007088,0.6047076
0.44929606,4400.478,1.3113827,9.2836685,0.271082,-0.61429584,0.69070417
0.39283994,4985.229,3.8541682,9.169806,1.3491552,0.302593,2.6274714
0.14822966,3610.5632,0.69954395,8.269751,-0.35732663,-0.4799576,0.57711554
0.46760777,4103.2065,0.17208919,9.416651,-1.7597424,0.6072901,0.021207454
0.2728654,6030.552,3.6224017,8.258942,1.2871373,-0.4367752,0.6356132
0.38670427,5126.787,0.02193221,9.55091,-3.819799,0.9967084,0.7570803
0.44999686,3310.2085,0.30360854,9.008046,-1.1920161,-0.96979886,1.7122512
0.3936047,6868.2515,0.033996105,9.3499155,-3.3815093,0.31298923,0.5771346
0.38169143,5806.2153,0.0623115,8.9842005,-2.7756093,-1.2163266,1.0873829
0.3702612,3889.8867,0.15306278,9.354599,-1.8769071,-1.1597321,1.9142101
0.51389116,4395.9565,0.07555185,9.730194,-2.582936,-1.0906912,0.2970843
0.34734058,3503.0688,15.865819,8.76937,2.764167,0.72038007,0.7328196
0.4449431,5250.597,0.36288708,9.244808,-1.0136635,-0.19542266,0.49485645
0.34890375,5842.0537,1.821738,9.17207,0.599791,-1.1298312,0.4831773
0.536198,5467.751,0.0021631755,9.172893,-6.136178,-1.152451,1.1085709
0.27304506,5958.729,0.1635373,8.422917,-1.8107142,0.14689623,1.5467932
0.4988273,3718.7212,2.1117294,9.893447,0.7475073,-0.338946,1.2024354
0.585116,3789.7004,0.14828756,10.100256,-1.9086019,-0.6151322,0.50981086
0.49953014,6468.6875,1.7345206,9.844236,0.55073106,1.6576661,2.204335
0.5744739,5546.2188,0.89765644,10.128138,-0.10796787,0.8768954,1.2077279
0.3664533,3779.1165,1.652745,8.857433,0.50243753,-0.20212895,3.258892
0.19375567,4265.5845,0.091436565,8.081098,-2.3921099,-0.107576385,0.25409314
0.53904283,5482.4893,0.5381157,9.773827,-0.6196818,1.2227062,0.5984321
0.4909087,5949.403,1.6778427,9.494917,0.51750886,0.2774837,0.71859455
0.30518213,4183.776,0.013910309,8.753641,-4.275125,-0.2985728,2.7782738
0.33424473,4447.023,0.25168997,9.169657,-1.3795573,-0.8174145,0.122737214
0.4118086,5440.414,0.86734074,8.935854,-0.14232336,-0.6333267,2.706068
0.4937163,5442.2627,0.7069942,10.371502,-0.34673288,-0.7338973,2.0902557
0.44655752,4705.764,1.0763144,9.931021,0.07354268,-0.90085405,1.1852558
0.42249972,6401.4062,0.020811751,9.394495,-3.8722374,0.24331626,0.03415541
0.41463047,4830.9536,0.7950431,9.066192,-0.22935897,-0.9636795,0.1147125
0.5706475,3781.8013,0.025863403,9.504566,-3.6549263,-0.70552266,0.6662944
0.39474586,6199.114,3.5015876,9.30668,1.2532165,-0.13893062,0.5181085
0.34700602,5665.1094,0.57649565,9.31832,-0.55078745,0.6921724,1.8461968
0.42469555,3620.478,0.014741063,9.472364,-4.2171183,-0.36170122,0.79569054
0.412782,4625.594,2.6896758,9.192655,0.9894207,0.4223384,0.22597927
0.47258225,5518.522,0.0022957264,9.562085,-6.076706,-2.3697493,1.9263085
0.28890392,5412.411,0.111440346,9.145308,-2.1942658,-0.20119216,0.37858298
0.3746765,4264.824,0.36557013,8.992538,-1.0062971,-1.321149,2.0815265
0.4058561,6020.124,0.20597205,8.636998,-1.5800148,0.3403593,0.41535825
0.41823024,4005.8816,1.2220368,9.374757,0.200519,0.03780329,0.22594392
0.4102556,4521.838,0.11972634,9.323061,-2.1225467,0.13191663,2.0444067
0.47689015,5336.3354,1.5275785,9.6058655,0.42368376,0.6067135,0.005326098
0.3661821,6384.748,1.2455527,9.332887,0.21957931,0.9277793,3.183588
0.26736423,4838.7095,1.4183013,8.527499,0.34945998,1.049405,2.1527734
0.45804507,4486.063,1.0340084,9.529556,0.0334429,0.88259935,0.14786679
0.34835598,5792.283,0.047021456,8.530047,-3.0571513,1.4175159,1.301586
0.45323798,3394.0222,0.033216678,9.821034,-3.4047031,-0.7662645,1.1918321
0.36232075,3004.478,0.05883061,9.186611,-2.833093,-1.9903903,1.292059
0.2938758,3935.1382,0.012875882,8.88492,-4.3523993,-1.6776823,0.4891628
0.4220871,4546.5127,2.8197653,9.107919,1.0366536,0.3684951,0.27655724
0.39729235,5529.487,0.18902202,9.362023,-1.6658918,-1.5532326,2.7662983
0.37463042,5363.379,0.018686231,9.313941,-3.9799683,-0.4056864,1.0171252
0.3425336,5464.5566,1.9801058,9.0106945,0.68315023,-1.737517,0.3010052
0.4098868,4676.204,0.013787028,8.64378,-4.284027,-0.29294187,0.18575135
0.55288315,6037.7534,1.0044812,9.944237,0.0044712406,-1.8503164,2.0938313
0.5572095,3010.4038,1.6228706,10.033644,0.4841965,1.5764775,1.6446443
0.35499385,4939.008,0.014716756,9.157323,-4.2187686,0.381612,0.35061443
0.45906937,4605.192,0.025400134,9.418129,-3.6730008,-0.781447,0.8048011
0.28715485,4450.823,0.21853928,8.81906,-1.5207895,-0.12999515,0.46039715
0.6180235,4940.252,0.13553058,9.831105,-1.998558,-0.10759862,0.4999502
0.39186615,4986.4873,0.13123636,9.472353,-2.0307553,-1.5382726,1.5476826
0.2983287,4388.058,23.366291,8.680471,3.1512945,1.2215768,1.3957199
0.2762276,4215.5894,0.06374097,8.224831,-2.7529278,0.39865547,1.6095563
0.42184946,4745.4033,0.076334506,9.529115,-2.5726302,1.1171972,1.084546
0.40590596,6012.3076,0.24925397,8.934058,-1.389283,0.030899303,0.8169215
0.4575605,4121.8174,8.847454,9.368793,2.1801298,3.0325897,0.36075574
0.44014844,5489.906,0.21968897,8.760084,-1.5155425,-0.24076837,1.4204705
0.29972312,5338.2,0.2840535,8.362059,-1.2585927,-0.005146112,0.6429634
0.25878873,6620.5225,0.0015101016,8.097348,-6.4955783,-0.38182756,1.9400408
0.25529385,3015.5952,0.24092312,8.067953,-1.4232774,0.29408008,1.334749
0.25036573,6302.9287,4.672484,8.865912,1.5416908,-1.1322613,0.7210183
0.3722157,3388.0574,0.66994876,9.607235,-0.40055406,2.0639458,0.9412617
0.319162,4351.754,0.3026521,8.439926,-1.1951714,0.17234413,0.08758453
0.4269648,5773.583,0.110492945,9.6149435,-2.2028036,0.6838729,0.12586486
0.41582093,4165.333,2.2279923,8.812371,0.80110085,0.77284676,2.275471
0.29468784,6676.983,0.096528724,9.018729,-2.3379147,-0.34661168,0.83899087
0.4872527,5322.6333,0.24090503,9.905014,-1.4233525,0.93208,0.48271468
0.5362709,3717.7852,2.6882217,9.7191925,0.9888799,-0.89010566,0.57271427
0.2782587,3284.028,2.0683565,8.556426,0.7267543,-1.3857173,1.1422077
0.23591326,5969.3193,0.19004197,8.685804,-1.6605103,0.11594823,3.1890738
0.2720279,5077.518,1.729057,7.788163,0.5475761,0.66320103,0.041532554
0.5975331,6000.542,0.3302601,10.099298,-1.1078748,1.929749,0.86601037
0.33269143,5959.5967,3.7299418,9.110491,1.3163927,-0.40098873,0.8720896
0.44147524,6631.047,33.03027,9.532742,3.4974244,1.1769198,0.7374158
0.42051858,6191.053,0.032429412,9.628624,-3.4286895,1.1386455,0.28283083
0.44826937,6154.4014,1.0572426,9.455053,0.055664234,-0.30551642,1.4541758
0.525232,4641.153,0.49591073,9.449818,-0.70135933,-0.89715683,1.4035639
0.42549178,5432.981,0.21399166,9.185616,-1.5418183,-1.6237773,0.20453554
0.3844036,3869.944,3.8708422,9.640775,1.3534721,0.031725332,1.6312926
0.4285848,4973.501,0.23220031,9.536408,-1.4601549,0.5039269,0.3334818
0.4724321,7202.4014,0.12690721,9.574865,-2.064299,-1.4322802,0.3101603
0.26551378,5850.3813,2.9294991,9.094304,1.0748315,0.081027925,1.2967271
0.3623677,7725.9478,1.1412153,8.849009,0.13209376,-0.10126067,2.8158116
0.5509486,4435.363,0.016152538,9.707241,-4.125678,-0.9458904,0.7504012
0.27166665,3123.7476,0.020706974,8.050063,-3.8772848,-0.36996165,1.3323855
0.46496698,4816.1006,0.044671796,9.608762,-3.108413,-0.9134542,0.18611585
0.37764174,6034.9424,0.36429757,9.224453,-1.0097842,0.13476865,0.57547194
0.3369732,5264.292,0.41887912,8.911922,-0.8701729,1.3283302,1.086742
0.39241543,5449.3667,0.392164,9.408708,-0.9360752,-1.5571569,1.4747818
0.4645277,5020.9746,0.018152831,10.027278,-4.008929,0.8398035,0.90069246
0.46993378,4442.7686,37.00522,9.612142,3.611059,1.0978229,0.79350275
0.24655607,5405.8247,0.5326255,8.42694,-0.6299367,1.9261,1.1472409
0.45555416,3772.7993,1.7060614,9.564995,0.53418744,-0.675325,1.478347
0.27220872,4419.289,3.3703842,9.440519,1.2150267,-2.4379091,0.26537192
0.3160251,5666.894,0.012471381,8.974643,-4.384319,-1.5656258,0.64607793
0.501836,4582.2686,0.054885328,9.545701,-2.9025092,-0.09993321,2.5030646
0.47711086,4861.1167,0.0026899902,9.958152,-5.9182177,-0.7310178,2.3457646
0.3057174,6513.4893,0.797969,8.492104,-0.22568554,-0.83697295,1.5582762
0.5654535,5527.8857,3.8624928,10.003873,1.3513128,1.1654879,1.2434261
0.39180875,4464.486,1.1890169,9.328484,0.17312683,-1.3431002,0.58577645
0.4078699,2027.0264,0.20429765,9.929075,-1.5881773,-0.3053289,0.9004176
0.3899691,5900.5986,2.9573884,9.15046,1.0843066,0.6884641,1.9959428
0.5027061,4932.7954,0.08787024,9.652116,-2.431894,0.7524079,1.0734158
0.3263631,6090.899,0.11477248,8.62414,-2.1648035,0.55912286,0.023816163
0.34298933,5820.137,0.016892865,8.837636,-4.080864,-0.4113288,0.13067725
0.20091741,5228.6313,0.49373502,7.9789066,-0.7057563,1.0290427,1.4254191
0.4709831,5646.582,0.50592375,9.25109,-0.6813693,-0.925715,3.0050266
0.38944235,4814.3965,0.52206254,9.322995,-0.64996785,-0.5513142,1.978727
0.4804901,5348.9307,0.6735714,9.142755,-0.39516124,0.76668996,0.90488625
0.32324326,4444.0566,0.1797675,9.168793,-1.7160909,-0.91262674,1.457837
0.5394984,3191.2524,0.6898798,9.5487385,-0.371238,1.4558233,1.5549127
0.33286142,4591.069,0.08292861,8.600513,-2.4897752,-0.36747918,1.4273052
0.312154,4404.26,9.67722,9.055259,2.2697747,-0.88066244,3.0971456
0.27835932,4995.852,8.772851,8.641681,2.1716619,0.19365142,1.721251
0.45064908,4179.457,0.008332474,9.601399,-4.787595,1.5567608,0.6747988
0.41053826,4546.5967,6.6157956,9.400219,1.8894601,0.53919804,1.90596
0.3934306,3908.6265,0.038981337,9.267934,-3.2446723,-0.5076981,0.7736861
0.38551322,5696.184,0.36794746,8.496635,-0.99981517,-1.035131,2.9356472
0.40602073,4866.376,0.20031567,9.318079,-1.6078608,-1.4320836,1.0941685
0.29961234,3507.7695,0.07352067,8.633801,-2.6101887,-1.0220367,0.2675068
0.427322,5921.7715,0.3169031,9.331409,-1.1491592,1.322427,0.11485164
0.31692666,4000.3875,0.035535034,8.96456,-3.3372362,0.8032679,0.96305966
0.28424862,4337.8745,0.052123558,8.149171,-2.9541383,-0.49968052,0.73908234
0.4881507,5783.594,0.22911933,9.8658,-1.4735123,0.98343927,0.24642593
0.37447453,5672.333,0.52680415,9.163614,-0.6409264,-0.36884263,0.32111534
0.47011697,5061.927,1.2824787,9.48768,0.24879466,-1.910768,0.25019044
0.41662267,3976.3542,0.33662146,9.808118,-1.0887963,-0.7026508,0.75919175
0.28718027,4915.559,0.73791116,8.811071,-0.30393183,1.131533,1.5912654
0.3896633,4423.1836,0.13191867,8.909547,-2.0255697,-0.62985045,0.19323447
0.34191754,6267.8647,0.101176836,8.319345,-2.2908854,1.3344256,0.7715869
0.4274617,7314.039,0.15619025,9.233181,-1.8566805,0.66577995,0.44011113
0.49914056,5257.964,5.4222994,9.802968,1.6905199,1.5125353,1.9586315
0.40263498,5084.3735,0.10081884,8.713972,-2.29443,-1.3956256,0.7716629
0.4078703,5197.8623,0.002335872,9.289178,-6.05937,1.1357236,1.82509
0.36836267,5603.8125,0.1371758,9.235056,-1.9864919,0.9136054,2.1702116
0.5342024,3463.317,0.017263502,9.438448,-4.0591607,-1.405323,0.24242865
0.3817743,4177.344,1.0336963,9.146502,0.033141043,-0.49200377,1.5166082
0.3791235,4498.5166,0.1197037,8.866207,-2.1227357,-0.3823759,3.0482845
0.33630243,2926.19,4.0406566,9.126964,1.3964072,0.9243177,0.25305766
0.4018568,4971.318,0.26527807,8.873134,-1.3269767,-0.5818014,0.08395363
0.43950218,6384.8506,4.9248548,9.436516,1.5942948,-0.2788151,1.2504832
0.11051431,6232.46,0.65721774,7.959499,-0.41973993,-0.46901578,0.48184738
0.4670689,3857.8347,0.16797823,9.929145,-1.7839209,0.32652736,0.32543728
0.39251184,6409.8125,0.7646002,8.508575,-0.2684022,-0.92942786,0.3118502
0.2786546,4523.909,0.14217994,8.612944,-1.9506619,0.83749497,0.6743699
0.38414264,5188.6206,2.1660259,8.891349,0.77289414,0.7509533,1.4088521
0.58532214,4507.6387,0.08582055,10.504224,-2.4554968,0.6063288,2.828352
0.71236223,5950.71,1.3800377,11.149051,0.3221108,1.1690514,0.35225704
0.53484386,6332.7866,15.413666,9.952025,2.7352545,0.36308494,0.4398313
0.5590421,4334.5337,0.34141517,9.833136,-1.074656,1.8397273,1.2061011
0.3726787,4692.963,0.050902765,9.111944,-2.977838,-0.25945452,1.2733904
0.3645011,5416.3677,0.7355888,9.095804,-0.30708408,-0.28600568,0.50956416
0.3884265,4793.7705,0.06804201,8.601978,-2.68763,-0.5299284,2.65223
0.49669883,5289.7954,0.038179494,9.489093,-3.2654567,1.8514454,2.1784241
0.3051682,5135.0044,0.42672145,8.949392,-0.8516238,0.86416346,0.6326139
0.42212546,4322.3877,7.996802,9.684675,2.0790417,1.6808821,0.09521911
0.46930194,4526.0923,0.1628015,9.58424,-1.8152236,-1.0888313,0.50492805
0.35425103,4390.483,0.6134461,9.415976,-0.4886628,0.51511985,0.6597915
0.3938328,6646.9326,3.8396993,9.104439,1.345394,0.96630204,0.75186986
0.21863079,5407.2607,2.8902488,8.281081,1.0613426,0.15529923,0.16261767
0.26650733,4660.6,1.2058499,8.584413,0.18718465,0.8636722,0.00789913
0.42083138,6012.3765,1.6117024,9.653142,0.47729102,-0.44735068,0.2719621
0.4390098,6180.2295,0.7854618,9.571109,-0.24148344,0.1351498,0.58803886
0.41721487,5232.749,0.0103697395,9.784667,-4.5688634,-0.8218832,1.4247226
0.34663513,4106.6113,0.11152133,8.597425,-2.1935394,2.2734199,0.5625497
0.4783129,5911.218,0.045072585,9.465522,-3.099481,0.67412865,0.033191722
0.52409184,6276.482,0.15374137,9.526479,-1.8724835,-0.5641814,2.8118484
0.45524293,6262.4053,1.999597,8.907537,0.69294566,-1.0017567,1.7644042
0.43750882,4032.3093,0.79131365,8.9815445,-0.23406087,1.3543057,1.5092833
0.52388,5823.614,0.23288946,9.992562,-1.4571913,-0.61772984,1.1136695
0.47445977,5572.1294,0.31396312,9.084195,-1.1584798,0.018334795,0.92391676
0.23446628,4107.938,1.0538608,7.8746247,0.052460317,-0.274377,2.5183074
0.4410486,5701.2544,2.584683,9.438437,0.9496029,0.9214637,0.12900947
0.33446753,4082.6433,1.3534096,8.411571,0.30262706,0.59891325,0.36737028
0.23413208,3829.9155,0.56226724,7.813472,-0.57577807,2.215713,0.20500425
0.4469311,3286.1655,0.12371525,9.360563,-2.0897727,-0.6812218,1.7475023
0.4837227,5218.258,0.0146558015,9.576096,-4.222919,-0.23416387,0.9446877
0.5325623,5278.1367,0.3009588,10.820695,-1.2007818,-1.2327628,0.7918195
0.33211672,5715.2236,0.07840124,8.890649,-2.5459156,1.1065663,0.4405075
0.4657748,3297.6453,0.1305291,9.206874,-2.036159,1.80557,1.915344
0.39224607,5446.1396,0.20487982,8.482918,-1.5853317,-1.4691061,1.5939568
0.4255153,3826.7004,0.13743839,9.299318,-1.9845796,-1.1056026,0.45454362
0.64449203,3940.8015,1.1246545,10.343338,0.117475875,0.051100265,0.64892215
0.39306948,5977.8003,0.2652999,9.060704,-1.3268944,1.5647638,0.98151284
0.6393101,5757.7188,0.020743558,10.731217,-3.8755195,-1.4649061,0.88035387
0.4034468,5235.445,0.006303319,9.958057,-5.066679,-1.865048,0.79057807
0.5467661,5156.0947,0.4393648,10.033036,-0.82242525,-0.9741455,0.74253744
0.35697156,4173.7812,1.1429284,9.177616,0.13359375,0.68097025,1.1827615
0.16952007,5306.275,11.680864,8.280574,2.457952,0.6049565,1.3390226
0.43259075,4933.3257,51.944347,9.47305,3.950173,-1.6694778,0.21272856
0.24274224,4432.009,0.124988586,8.316193,-2.0795329,-0.2304754,0.86254203
0.2524899,6217.1685,8.713116,8.874232,2.1648295,-0.22145389,0.035103653
0.3917476,4927.507,0.090685055,9.347381,-2.4003627,-3.0903153,2.3308198
0.43910164,5884.382,0.16581184,9.3098135,-1.7969017,-0.21762027,2.0716388
0.5222174,6101.6987,0.2701545,9.877815,-1.3087612,-1.2205455,0.37919405
0.48284107,4656.919,2.9548569,9.91278,1.0834502,-0.47838902,2.0202298
0.3411065,5902.2124,0.036731835,8.782155,-3.3041115,-0.99490476,0.44768423
0.36946496,5184.953,0.50503504,9.244253,-0.68312746,1.2517751,0.84707314
0.52155423,4372.4473,0.26039898,9.479095,-1.3455403,0.5820405,0.7590425
0.4162328,5074.991,0.074144214,9.671336,-2.6017432,-0.8855097,1.7421619
0.3753563,6747.053,0.46281096,9.214245,-0.7704366,-2.2930243,0.67417425
0.48227856,4427.287,0.99990976,9.584862,-9.022848e-05,0.20719042,0.7057638
0.26679215,2410.7437,1.5510687,8.258651,0.43894413,0.45218983,1.281218
0.32840666,5807.6714,32.399815,8.948876,3.4781528,1.3187728,1.0633475
0.3785635,4045.6204,0.08334018,9.155198,-2.4848244,-0.66141033,0.46608365
0.3796065,5778.7393,0.023108397,9.134709,-3.7675593,-0.8276791,1.4544969
0.432615,4005.914,5.9536858,9.696253,1.7840105,0.3692788,0.19752003
0.5111949,5361.9775,0.3442334,10.166373,-1.0664353,-0.46139094,0.87637335
0.35819834,5452.5244,0.04407732,8.265577,-3.12181,-1.0967517,0.50947344
0.5571397,6586.4546,0.62710595,9.396529,-0.4666398,-1.3760055,0.48747888
0.40364474,4202.395,0.13619107,9.029098,-1.9936965,0.39181507,0.5419503
0.47555408,6743.53,0.3356325,9.314012,-1.0917385,1.4363546,0.18053928
0.5404321,5947.008,0.21330473,9.982513,-1.5450335,-1.7376115,0.21431306
0.18493517,5610.468,0.08942762,8.299462,-2.4143257,-0.80278426,1.4433522
0.42900884,4906.7305,5.67461,9.256634,1.7360018,-0.1497816,0.0707853
0.5267885,3866.5286,0.8594842,10.021948,-0.15142287,0.08434772,1.9930408
0.42869568,2920.5447,1.5516849,9.714262,0.4393413,1.3788577,3.0320418
0.32066715,5870.66,3.1967652,8.639603,1.1621394,1.1603233,2.0906146
0.44109452,5853.0127,0.5585336,9.653566,-0.5824405,1.7672062,1.5893241
0.3577985,5124.1465,0.12018421,9.322135,-2.1187296,0.6095345,1.7611654
0.27920336,5427.157,0.51785356,8.536615,-0.6580628,-1.1864036,1.4501245
0.3193229,5489.1084,0.12553738,9.239251,-2.0751517,1.2015913,3.0620751
0.30862007,4561.396,0.35777467,8.6606245,-1.0278519,1.0545896,0.40789014
0.15514039,5409.458,0.104946315,7.658994,-2.2543063,0.8695105,0.022293154
0.2597224,6461.9644,1.3316691,8.306875,0.28643307,1.4571888,0.21522711
0.5259983,6562.246,0.025389865,9.681051,-3.6734052,0.7546052,1.5576375
0.35946694,4471.4956,0.036082603,8.887709,-3.3219445,0.530627,0.74994457
0.382421,7076.6533,1.7478856,8.978028,0.55840683,-0.4724174,0.36764768
0.2396286,4770.47,0.16781214,8.081791,-1.7849102,0.777544,0.34115487
0.53982884,3598.3667,1.4328792,10.261111,0.3596859,-0.024888568,0.016386466
0.44689733,4805.777,4.7018747,9.262887,1.5479614,2.5873113,0.5721061
0.3385829,5211.876,0.25671282,9.034029,-1.3597972,0.56039363,1.4077631
0.42141858,4103.0356,5.507944,9.600606,1.7061914,-1.3021771,1.4436603
0.43005273,3929.4438,42.66053,9.836206,3.7532742,-1.5416565,0.045349404
0.24473052,5409.8057,0.43080842,8.405858,-0.84209174,0.63932496,0.61891216
0.550173,4485.5166,0.21123108,9.707909,-1.5548025,-0.08216466,1.2940611
0.42390552,3397.5872,0.22794758,9.241162,-1.4786396,1.4585588,1.203005
0.39836475,4825.6753,4.464078,9.228161,1.4960626,0.44973096,0.27256265
0.5447526,4818.188,0.16889931,9.669147,-1.7784525,0.8787404,1.2098036
0.47627127,5751.0396,0.3336416,9.696761,-1.097688,-0.90982807,0.5371912
0.14869055,4269.3877,0.29885733,7.9773545,-1.207789,1.031203,0.25042337
0.4180014,2956.5728,0.12312439,9.412734,-2.0945601,0.4402226,1.9454867
0.22811267,5233.8813,3.9481995,8.0439625,1.3732597,-0.48494264,0.064267404
0.3194706,4710.9463,0.21290287,8.694825,-1.5469192,0.0013166467,1.3181032
0.39242953,4252.324,0.116838,8.860852,-2.146967,-0.63525754,2.3698854
0.3891079,4601.285,0.019764734,9.09018,-3.923856,2.0046256,0.42726034
0.3006269,4724.4067,1.4950032,8.891778,0.40212834,0.9237375,3.6314046
0.27839777,5442.764,0.5129466,8.529694,-0.66758347,0.76252,0.35980704
0.314818,6777.694,0.88941354,8.765618,-0.11719297,-0.90074795,0.9478834
0.42827708,6145.259,1.1773068,9.288811,0.16322939,0.14127727,2.6404855
0.44356748,4549.8965,0.22612026,9.348854,-1.4866883,-0.27025327,0.106927656
0.41022474,4379.224,8.715703,9.135311,2.1651263,0.4987675,1.7963405
0.53986955,3664.5913,0.20876515,10.309027,-1.5665454,-2.7310832,1.9931289
0.4092114,5780.98,1.7997361,9.885516,0.58764005,-1.1938264,1.8311851
0.50990033,6325.6885,21.224167,9.551313,3.0551405,-0.3509558,0.38296387
0.23939453,3874.1086,0.16447131,8.484833,-1.8050191,-2.5516934,1.6142077
0.36816427,5273.954,2.9241905,9.17052,1.0730177,-2.5187001,0.95908123
0.5261215,5062.692,0.096363366,10.137241,-2.3396292,-0.41052213,0.017865688
0.24948023,4430.4697,16.720984,8.102375,2.8166645,0.61205876,1.2189076
0.5032978,4975.594,0.6863774,9.627724,-0.37632763,-0.6517149,0.015368275
0.28790954,4500.924,19.403065,8.871707,2.965431,-0.80830896,2.3599591
0.2994065,5328.8325,3.8500352,8.790575,1.3480823,-2.0982049,0.26793194
0.33427656,4163.0596,0.16675234,9.001001,-1.7912456,0.9944919,2.5406814
0.4591977,3501.9214,3.703663,9.539655,1.3093224,-1.3180743,0.032605533
0.66213024,6238.3486,0.07394482,11.321275,-2.6044362,-2.003829,1.1442047
0.5387093,5718.681,6.7405415,9.675631,1.9081403,-0.28897226,0.61166143
0.28517878,5746.4844,0.117124155,8.632324,-2.1445208,1.6265129,2.2456663
0.550551,6520.214,0.04075703,9.327328,-3.200127,0.7611496,0.7806986
0.58275497,4052.6125,0.11065318,10.251758,-2.2013545,-0.7059551,3.2446012
0.51107717,4911.554,0.0060407496,9.661148,-5.109227,1.1258037,0.1434958
0.34842908,6548.8374,0.24191633,8.630366,-1.4191633,-1.178322,1.3240992
0.41634578,3956.1206,0.40965974,9.4637165,-0.8924284,0.24484932,3.3752623
0.41110897,5593.0884,0.24915653,9.0826235,-1.389674,1.1332073,0.14102691
0.3282991,4113.009,0.40013346,8.391554,-0.91595715,-0.8041514,0.92125267
0.39986113,4958.0303,3.8831606,9.244432,1.3566494,-0.61588186,1.1836317
0.535202,3365.6157,0.7168822,9.635009,-0.33284375,1.1257608,0.6899973
0.46714774,4929.6733,0.054186795,9.720934,-2.915318,0.2521752,0.03926441
0.51991844,4234.3374,0.09455116,9.814477,-2.3586142,2.492599,1.196545
0.37246487,4466.376,0.4472874,8.967425,-0.8045539,0.63406473,3.329182
0.5571984,4984.7256,0.16570102,10.305331,-1.7975702,-0.562694,1.6740584
0.2869053,5026.3867,2.4786332,8.701358,0.9077073,0.6864129,0.4822087
0.3467347,4981.9106,0.15562353,9.230824,-1.8603154,-0.21874303,1.1874837
0.45132458,4208.78,2.8346457,9.28738,1.041917,0.09515867,3.2137518
0.32312435,6012.731,0.13387835,8.632032,-2.0108237,0.202245,1.0442785
0.4176052,3123.0974,0.037414774,8.978938,-3.2856896,-0.35630965,1.4812627
0.54018545,6256.0107,0.24198331,9.747725,-1.4188865,1.3645624,0.71418554
0.4589154,7275.241,3.9605913,9.359134,1.3763933,-0.06496848,1.3923569
0.2156189,5695.9478,1.3625348,7.7221694,0.3093468,-1.7117512,1.4489478
0.16926017,4329.3916,0.10754715,8.072137,-2.229826,-0.76572716,0.21075112
0.25562215,4131.2344,0.13841127,8.729707,-1.9775258,-0.7831277,0.1985778
0.46647844,5216.926,6.31223,9.7836075,1.842489,-0.7958345,0.3461069
0.5009783,4948.058,0.6904141,9.242393,-0.3704638,0.32144588,0.5327605
0.40164337,5302.0415,0.1427722,9.016899,-1.946505,-0.5966719,0.41445506
0.48150188,6216.6353,0.4146842,9.58346,-0.880238,-0.87429893,0.3044447
0.3518684,4157.4927,0.59058064,8.985789,-0.5266491,-0.67418844,0.60001737
0.41786122,4942.76,1.0418862,9.3022175,0.041032787,-0.048607305,0.59978455
0.4255919,3363.2898,0.05449491,9.281476,-2.909648,-1.5767016,0.62652165
0.17746435,5521.191,0.7059834,8.090154,-0.3481636,1.733774,0.79149777
0.5355886,4796.148,0.02556,10.222059,-3.6667266,0.98388714,0.2768725
0.28953993,5842.818,0.13762958,8.911934,-1.9831893,0.38923997,1.5906992
0.352193,3447.9395,0.2635356,8.636749,-1.3335669,0.833488,0.65916747
0.4267613,4834.103,0.063819095,9.942067,-2.7517028,-1.106628,4.1061335
0.35093176,4529.012,0.2656599,9.002371,-1.3255384,0.05876445,0.21699
0.4158076,6098.3154,0.0826594,9.082226,-2.4930267,0.64843297,0.8982851
0.10560852,6137.741,0.096741304,7.6480007,-2.3357148,-1.837383,2.4656565
0.4728312,4149.743,3.4773684,9.529218,1.2462758,-2.0950696,0.9638906
0.48029682,5244.7236,0.355767,9.707848,-1.0334792,-0.017626643,1.6698543
0.3937824,3702.2156,1.0245225,9.339052,0.024226733,0.24233453,0.23979926
0.26984757,4796.0156,1.3807838,9.094922,0.32265136,-1.8487133,0.46852604
0.4241682,5178.5864,0.10418557,9.363695,-2.2615817,-2.1188269,1.94347
0.19213675,2866.313,0.14191033,8.228749,-1.95256,-1.2415847,1.8858017
0.5937625,5971.3306,1.8438559,10.211197,0.61185896,-1.1038253,1.3764118
0.32805726,4306.499,0.32744884,8.775295,-1.1164235,0.78848684,0.4610803
0.48139566,5609.3438,8.662266,9.821379,2.1589763,-2.8246071,1.0030518
0.33245462,3977.2183,0.006162948,8.578661,-5.0892,-0.07146305,1.5646135
0.384342,6495.2373,2.413069,9.228527,0.88089937,0.75684863,0.26600274
0.5046581,6034.3975,0.06650258,9.880245,-2.7105145,0.0626523,0.48176953
0.35771826,3627.1575,7.4137983,9.264659,2.0033429,-0.112894304,0.5692624
0.29655272,4308.098,0.12422564,8.971721,-2.0856557,-0.15054648,2.1272485
0.3954002,4492.2744,0.1761199,9.496673,-1.7365903,-0.2597648,1.3002821
0.5089947,7175.2266,4.597278,10.327607,1.5254644,-0.0984606,0.35835868
0.27894393,5477.9546,0.53802264,8.703026,-0.6198546,-0.29690954,0.68847704
0.2482835,4531.665,0.71674955,8.934403,-0.33302882,-1.6343491,1.8802602
0.34488592,6103.3438,0.11957355,8.968033,-2.1238236,-1.0627469,1.2826682
0.3604987,5523.9883,3.1791625,9.064296,1.1566178,-0.06578389,0.07815035
0.32647076,6087.0947,0.023188697,9.083188,-3.7640903,0.023481492,0.05836098
0.56843656,4332.702,14.130515,10.329277,2.6483366,0.7114012,0.43016753
0.35649228,4012.9966,3.271036,9.259461,1.1851068,-1.2467813,0.07581832
