x1_phys,x2_phys,x3_phys,x4_phys,sigma_0,sigma_1,sigma_2,sigma_3
0.6450124,2992.4922,0.4099747,3.086663,0.04133648,0.0873427,0.10973054,0.060982287
0.6583325,2514.1067,2.4510906,2.4495592,0.068028405,0.10542119,0.10684213,0.13624832
0.59714895,2916.9717,1.2488798,1.5338176,0.07573035,0.055786744,0.10214547,0.06162803
0.60582066,2358.1528,1.2141771,0.88478374,0.062509954,0.08673094,0.06040509,0.041590292
0.6336836,1963.7385,1.3626359,0.7745974,0.05375665,0.08376587,0.060999956,0.050985225
0.60018015,1662.455,1.8591746,0.36692476,0.043975867,0.07972145,0.06812134,0.050981283
0.6045549,2165.8572,0.6201307,0.7389827,0.050910242,0.0890553,0.088651165,0.05560348
0.63033897,2307.6804,1.0177749,1.1257441,0.06310821,0.061063338,0.068800814,0.034198448
0.60745627,2832.9429,3.113396,1.5947007,0.053338036,0.065429516,0.089727625,0.036059856
0.6664778,3676.545,0.98836654,7.275873,0.05815911,0.042095397,0.03618462,0.2931397
0.690171,3412.764,0.5878855,9.130292,0.054835755,0.052295547,0.040832713,0.31371722
0.5205657,3177.2522,0.57685566,0.8615848,0.40936384,0.1395221,0.05828558,0.15193652
0.68213814,3032.0583,1.8241582,5.491812,0.16084522,0.056587033,0.12451303,0.08050129
0.6130928,4545.064,1.1624756,5.1286564,0.07388839,0.11032576,0.17304,0.05511901
0.5906354,5138.2793,0.68706053,5.3181896,0.092599325,0.14399293,0.19644523,0.046392314
0.55562896,1789.443,0.5110275,0.34824476,0.04071238,0.10246258,0.04902689,0.07142846
0.60353154,5037.1694,1.1157805,6.713494,0.15075082,0.10557143,0.09516378,0.077370495
0.6571109,2098.61,1.8057386,1.3807405,0.07514602,0.18459725,0.085040554,0.09861312
0.629439,3643.6162,2.1406841,4.29784,0.08855114,0.11476885,0.06523424,0.059799876
0.61697865,3648.69,0.7833731,3.3556507,0.065972276,0.10597247,0.057012632,0.06691315
0.7189588,2887.5066,3.1575477,11.077405,0.10583735,0.0598092,0.06333597,0.030998288
0.6617873,4326.1685,2.0595381,10.769752,0.089826554,0.041208,0.07308768,0.03683524
0.66248864,4240.629,0.8462975,9.811045,0.058637887,0.15277281,0.1576016,0.090645105
0.700956,3426.0034,0.70951164,11.239869,0.058289208,0.102394275,0.13759384,0.11566044
0.6340682,1382.0338,1.9799848,0.27979967,0.09263207,0.06406558,0.046796724,0.12499991
0.5790899,1979.3347,4.0944996,0.5322658,0.095376134,0.06604812,0.05154839,0.13984336
0.76116014,1686.4111,0.059378516,2.8400211,0.07144318,0.04796626,0.11765534,0.07840161
0.70955735,2384.9429,0.09595495,3.9132316,0.10431412,0.061061215,0.07227452,0.073656924
0.7120544,2422.0442,0.10427714,4.356209,0.10430664,0.05382452,0.07207175,0.07580442
0.586452,5199.5996,0.41215682,5.3056073,0.16391492,0.10259094,0.06605525,0.08446564
0.65215707,2379.7312,4.4022226,1.5738795,0.19309783,0.10765612,0.04767646,0.18559188
0.6451778,2104.3164,2.800987,0.98849505,0.16666222,0.11635763,0.055487778,0.13624267
0.67094123,3687.0781,2.1194837,8.413133,0.056697134,0.08634894,0.059732858,0.055336114
0.6246482,4892.1396,4.514391,8.184083,0.056075126,0.058456797,0.04954945,0.04870328
0.64645934,4656.3706,1.1931627,10.373882,0.045944132,0.045644894,0.045136355,0.038308855
0.65775347,4235.1772,1.9674845,9.851283,0.03480874,0.057528876,0.0740953,0.04975344
0.6502027,3896.071,2.5349379,6.668611,0.041090958,0.06863547,0.06939414,0.040031128
0.6502041,4037.028,1.1012561,7.331662,0.11937455,0.08933914,0.14784746,0.038886562
0.6476603,2022.7948,3.4431968,0.960571,0.05399861,0.08916898,0.047626186,0.03915622
0.63395035,2039.3083,4.1224403,0.8708778,0.05115302,0.081673175,0.046560995,0.036921643
0.66443366,2924.8943,0.3434904,3.7651467,0.05070298,0.06804158,0.09422566,0.10388839
0.63429344,3474.5596,4.0930114,3.852229,0.08723654,0.09865427,0.05501794,0.054054227
0.5917356,3415.2522,0.75918746,1.9898716,0.15477957,0.111180164,0.03978982,0.032795217
0.70096695,3109.0342,3.718222,9.380123,0.14137453,0.07238244,0.07208876,0.06847148
0.7165718,2853.5625,5.4194727,9.117046,0.1267663,0.080776796,0.07373518,0.06546418
0.62977064,4419.173,1.7502699,5.9316015,0.12507479,0.11177807,0.09513918,0.055934787
0.67628443,2933.6953,1.8420316,3.9229927,0.06758933,0.0904026,0.108937785,0.05253292
0.6776793,2726.6365,3.7157638,3.8548968,0.039392136,0.06573711,0.13414037,0.052967906
0.6538913,3052.2075,1.6214162,3.4920292,0.037997723,0.037170675,0.2390379,0.047293495
0.6008997,3625.0713,1.1129776,2.7643042,0.038249422,0.03937685,0.2137295,0.044564977
0.73688805,1787.8525,1.1435829,2.0616105,0.04316418,0.077116944,0.08079659,0.06270726
0.58027846,3024.9243,2.8439941,1.2970382,0.04779913,0.046056665,0.059601612,0.060121715
0.62858194,3370.259,0.7550307,2.8659027,0.05248034,0.17820454,0.05178343,0.075771734
0.6109934,2918.073,2.1825533,1.6801035,0.065794826,0.16767596,0.068986736,0.038440887
0.6385832,2069.5547,2.2683363,0.9696076,0.052337307,0.13500431,0.0449177,0.030879999
0.71123916,2215.447,2.029661,3.1946812,0.03893589,0.1824359,0.03563185,0.02687766
0.6551962,3461.4346,1.9487695,4.7454667,0.071532644,0.22743256,0.06621359,0.05160064
0.6546804,2859.1902,1.7218505,2.6859713,0.05846488,0.20034693,0.101321116,0.058210615
0.6396102,2062.4062,2.2962296,0.9080876,0.113597244,0.3008238,0.10949336,0.046954952
0.71025354,3001.524,0.49521232,9.451797,0.13058215,0.10610631,0.032644324,0.056335937
0.46364185,1404.1483,0.10107631,0.105115876,0.041652065,0.060314488,0.13974546,0.06264628
0.53193396,1447.2986,0.084964,0.1703116,0.03523571,0.051458,0.20436063,0.08803714
0.6398795,4624.269,1.0491073,9.562541,0.13902712,0.06482041,0.105125375,0.050146375
0.5476277,1446.6173,1.00707,0.19334564,0.0394919,0.074216396,0.03917691,0.05144332
0.55763626,1506.8992,2.625566,0.24119765,0.09587124,0.06847872,0.13837294,0.09614679
0.66507035,3958.7053,1.8089337,9.831723,0.09123422,0.05528653,0.058129333,0.08324703
0.6996068,2656.716,2.0419154,5.1653576,0.045498922,0.05312597,0.050775204,0.031539597
0.6455565,3416.7444,2.6136,4.1682153,0.054463387,0.048039816,0.046001256,0.027791362
0.67550915,2316.5854,3.8708036,2.103569,0.05905877,0.04970937,0.046205908,0.03174259
0.6609562,3289.3354,2.8084223,4.6384463,0.06783892,0.06237552,0.04049718,0.028434318
0.6410089,2910.882,3.1610293,2.5012941,0.06144767,0.044974096,0.05567992,0.027204322
0.649508,3150.5566,4.2440376,3.6406155,0.050466925,0.041075166,0.058765806,0.02664313
0.6416002,3667.7766,0.42191207,5.0428796,0.04146989,0.114274696,0.040469017,0.04510394
0.6628811,3727.5168,0.6265238,6.605793,0.042026505,0.10692686,0.040736303,0.045407623
0.665589,2720.1147,2.96602,3.04531,0.06856209,0.036248196,0.063026235,0.023239832
0.61910427,2862.065,0.8861973,1.9541773,0.047270812,0.07226937,0.06434048,0.080918506
0.6677904,2919.911,2.197703,3.9304616,0.049744755,0.08696085,0.05963014,0.051712763
0.69568896,2740.3755,3.898586,5.278995,0.04619651,0.07192066,0.055820525,0.07200626
0.64081514,4106.1895,0.28445297,5.823342,0.12114404,0.16949214,0.049252033,0.03243468
0.70722365,2962.071,0.3306609,7.154,0.057559773,0.2649202,0.05640351,0.06850619
0.60952675,4522.0034,1.580884,4.7670646,0.04617987,0.2845482,0.04874245,0.054022484
0.6990642,3164.3086,1.8325717,9.599126,0.049395677,0.17536968,0.043279976,0.048204362
0.69988227,3253.477,2.605584,10.281352,0.07436911,0.1625579,0.038350187,0.06430573
0.58910555,6955.074,0.74374974,10.916613,0.24040018,0.067068286,0.06564631,0.06878866
0.5575213,1231.8628,2.5097892,0.1463242,0.09171535,0.12578708,0.054839768,0.058039814
0.4178547,1261.3634,2.143472,0.022930888,0.05059634,0.07027848,0.043681316,0.06604719
0.48298326,1148.9224,2.1231732,0.035040103,0.064819865,0.21746781,0.04352119,0.06598221
0.44206583,1097.7377,1.9067733,0.015909018,0.076897725,0.06308029,0.083070256,0.1472587
0.4413205,1226.8171,0.9497018,0.017075285,0.06406263,0.06699172,0.09211199,0.15583195
0.42912874,1094.1794,1.469719,0.013732826,0.0694146,0.070266604,0.092184275,0.1318159
0.48924744,1006.96814,2.4613192,0.028198488,0.10155978,0.11503641,0.068617456,0.19378015
0.54630727,1011.30865,0.7931548,0.02321209,0.10925103,0.103575036,0.09750896,0.1789878
0.49768144,1063.2805,2.1223402,0.018272242,0.09032741,0.048568446,0.08359483,0.13431908
0.48135605,1220.5552,0.7897594,0.04292633,0.08583913,0.05060346,0.039676234,0.08670832
0.4794301,1199.0978,0.8023998,0.045875654,0.08643842,0.051314197,0.040138435,0.08573815
0.46160978,1045.3619,2.2223263,0.011922329,0.14899157,0.05219017,0.09039329,0.05423122
0.4493815,1053.5387,2.651098,0.01257697,0.14318845,0.05187793,0.0944836,0.058268394
0.44048917,1156.6835,1.2649897,0.018634886,0.0923114,0.11980069,0.06609903,0.0550946
0.51713735,1450.2754,0.92889637,0.15499449,0.13181119,0.12721924,0.22435698,0.04783026
0.6703161,2849.0618,1.8004044,3.3177867,0.097221226,0.102429874,0.15319611,0.08086921
0.71510124,2332.3518,1.4214652,4.58077,0.09197933,0.096667245,0.12014012,0.07195063
0.609699,2230.676,2.9077199,0.7866452,0.03431597,0.099763215,0.08063844,0.23359294
0.61311865,3742.095,1.4823792,3.8157384,0.034262545,0.0866941,0.064965874,0.20514742
0.7340624,1227.4333,2.5248728,0.50384814,0.09366019,0.036277827,0.047058027,0.19594097
0.589563,4122.835,1.273343,2.9079375,0.106142595,0.079695664,0.05546105,0.030928135
0.7049089,3245.1567,2.2463586,10.752539,0.051804844,0.058828495,0.062540784,0.113583565
0.60850143,5797.7236,1.7665193,10.043558,0.08725347,0.063492104,0.08105341,0.07845409
0.6728508,3454.8943,1.4313092,7.526476,0.043181255,0.04418411,0.08624515,0.119252205
0.59408313,2073.687,2.5021472,0.61137044,0.07844671,0.10419856,0.04319018,0.10581475
0.6398347,2274.4705,2.0189276,1.108622,0.08428583,0.12859218,0.0560464,0.07814698
0.6196251,4621.0576,1.6448525,6.3179274,0.09015669,0.110744126,0.045309953,0.18910822
0.75021917,2284.2417,2.7364361,7.423333,0.06678125,0.119422145,0.08526087,0.24666995
0.6378016,3765.611,0.44234386,4.472267,0.23258217,0.09747991,0.059953354,0.02861026
0.59589237,3568.4392,2.354669,2.3627543,0.3656432,0.08675998,0.043557435,0.07146761
0.5700933,5643.0674,1.5044836,5.509346,0.34439373,0.23935995,0.09085773,0.14185527
0.49479088,7887.0645,3.3933694,3.6262724,0.3475254,0.22053137,0.07706362,0.09686421
0.80804276,1192.2678,0.14019506,2.15962,0.17468077,0.0313273,0.07401767,0.0740879
0.7037207,1352.4166,0.4276587,0.51049596,0.196071,0.07187964,0.08248873,0.15501717
0.5632966,3219.5496,0.08648708,1.2463158,0.08390245,0.055566587,0.05113763,0.042971745
0.6660679,2023.6713,0.20961118,1.2062842,0.08911662,0.05002344,0.07369732,0.04785686
0.5689155,3383.0073,4.231706,1.7581761,0.033564948,0.069588386,0.26523814,0.16266738
0.6559551,2918.1023,0.12233123,2.8735976,0.17448892,0.06491585,0.043042485,0.04748892
0.7120502,2323.7703,0.14194539,3.646564,0.1550783,0.0766637,0.056203965,0.049834725
0.59751135,6475.9106,1.6682944,10.470307,0.13736916,0.106779486,0.056660242,0.096576765
0.48260358,1111.9651,1.0802999,0.04780966,0.08659065,0.09056857,0.048087716,0.032907657
0.43604267,1417.1488,1.9354683,0.071454234,0.07929358,0.053586833,0.049397845,0.029719237
0.6325725,5290.5244,2.1119182,10.583968,0.041937962,0.15941574,0.08450971,0.15201008
0.6891411,3784.4307,1.4341569,11.323599,0.04638853,0.16498557,0.07553799,0.1132041
0.5521424,4326.805,0.743949,2.1467607,0.1802018,0.07802,0.085008584,0.18970278
0.51870716,2867.1099,1.3150055,0.71160024,0.136674,0.051494244,0.086770386,0.101713434
0.716724,2884.7075,2.2385957,9.202046,0.31286222,0.07259649,0.18278688,0.09574335
0.62744117,3445.9512,1.2376019,3.8099346,0.27060562,0.059516057,0.34668037,0.10018797
0.6409834,3448.1443,2.0339873,3.8261468,0.16932525,0.053992696,0.1316883,0.07285434
0.660616,3386.2449,2.1795394,5.889056,0.13357814,0.08253984,0.06593118,0.10723475
0.6672,2889.5862,4.1397123,3.6402848,0.10412222,0.11216463,0.06671506,0.07745228
0.6331842,2085.4912,0.7625287,0.73391783,0.053759113,0.16630894,0.106223576,0.11944143
0.63166213,4957.468,1.568593,8.081303,0.11278236,0.18647483,0.042525012,0.059738558
0.70489466,1967.1608,1.4744713,2.095555,0.22591758,0.07889478,0.09233418,0.051464126
0.49600363,4721.555,2.2814286,1.6103038,0.16477628,0.25949636,0.08194253,0.2932586
0.68952847,2275.6167,2.1800354,2.3029013,0.09181155,0.27134207,0.03512016,0.29013768
0.59233326,3181.5898,1.8688166,1.6096934,0.07404121,0.082866624,0.15065722,0.11266838
0.70630246,2676.4702,2.4470527,7.3863974,0.17155105,0.3801679,0.20441228,0.07678401
0.54435885,2059.3809,1.0285507,0.3688085,0.07767172,0.2976622,0.04281735,0.12807181
0.54360056,2833.2712,1.059878,0.825626,0.09182267,0.27220756,0.04580944,0.14232008
0.6928665,3319.8208,1.498345,9.369517,0.04768403,0.14263701,0.054211102,0.074803025
0.615741,2001.5889,1.0693709,0.6618617,0.060931697,0.046042226,0.06787493,0.08169772
0.58405393,2491.7856,3.1555502,0.8903316,0.072051995,0.08179544,0.13438532,0.12366721
0.6148899,1898.677,0.8215056,0.57123303,0.058434196,0.0392408,0.073017865,0.064338304
0.66895115,2024.9396,3.2064772,1.1904438,0.061324086,0.044950128,0.039381772,0.025343647
0.7278039,1452.1311,2.715586,0.8994776,0.06255186,0.027581723,0.02482561,0.035261273
0.66598815,2802.9724,1.3390359,3.2024877,0.06301743,0.07578084,0.08114526,0.071449056
0.7475015,1864.393,3.0244343,3.1306124,0.063178696,0.07256987,0.07337187,0.0736147
0.5391615,3293.509,0.93099916,1.2240214,0.101086974,0.036225855,0.09243852,0.24123557
0.5464075,5041.714,0.5338342,3.248818,0.08953135,0.054392822,0.089467004,0.4161036
0.64588267,2944.2686,3.831589,3.011904,0.034936246,0.08223426,0.21426488,0.11564632
0.61547905,4679.88,0.21239042,6.274381,0.114318185,0.08071272,0.02880986,0.094555534
0.6092604,2476.4736,0.8397538,0.9624092,0.13334636,0.13339569,0.0352096,0.054906074
0.5995895,2992.91,1.9280976,1.4725862,0.12386247,0.1377157,0.13250513,0.046888024
0.6630127,4131.8354,1.7853934,10.743877,0.12074119,0.05124397,0.3046906,0.08517206
0.52130383,1727.1564,1.5631111,0.23205133,0.43810004,0.14747305,0.029694045,0.1712094
0.5410742,1159.436,0.32774568,0.082442254,0.32629672,0.25199905,0.058431495,0.13554874
0.5997137,1441.4236,1.2201123,0.26467228,0.26349342,0.17009167,0.038146704,0.4533031
0.68905455,3501.653,0.18209942,10.936421,0.07031879,0.048426446,0.3403761,0.0342726
0.7263889,2902.9766,0.27115396,11.096559,0.06568732,0.050796527,0.35081294,0.037466843
0.7216798,2924.8818,0.46792036,10.74626,0.07743137,0.06795194,0.32094312,0.044302773
0.58975935,5705.354,1.8181548,6.9883275,0.072473444,0.053423494,0.4156583,0.040922716
0.7161925,1483.4583,1.4841245,0.82108665,0.18612286,0.29959044,0.037589736,0.06998891
0.4795429,7987.9517,1.9389478,4.0852246,0.27254248,0.048644375,0.09785084,0.14172783
0.56910914,3604.349,1.5819136,2.0860329,0.26382375,0.057675343,0.090470545,0.16559559
0.6440021,3891.1877,1.6663915,6.5118346,0.05459589,0.09280916,0.12250155,0.17026393
0.686702,3157.507,1.117978,6.4555197,0.1703217,0.088671476,0.04281004,0.040548407
0.63071895,4286.4556,0.18713972,6.2626753,0.107928514,0.11789415,0.059690677,0.03474187
0.6829861,3000.6594,1.1482186,4.948121,0.08917141,0.061226133,0.106286936,0.055697486
0.62685347,2639.0073,1.1511712,1.6671696,0.11666792,0.07976884,0.09838927,0.069083944
0.5448598,3622.058,2.0420413,1.3572999,0.1951317,0.06362474,0.057673305,0.03292767
0.7346041,1374.5604,1.6777332,0.84989756,0.14386629,0.055987235,0.2684888,0.047717147
0.7271529,1466.9381,1.5083003,0.9154823,0.13300928,0.055702295,0.2791893,0.049425624
0.5556097,4052.8298,2.351713,2.1125615,0.066759154,0.067853376,0.17635733,0.1027068
0.69308954,3429.853,2.4034843,9.874921,0.06316166,0.16543603,0.07182426,0.032617427
0.62775093,2807.0916,1.7143322,1.887959,0.036972046,0.1309009,0.033768777,0.047724225
0.6643968,3009.4434,1.484684,3.3915446,0.03638632,0.12894008,0.03237443,0.057117693
0.63329667,3794.8638,3.2127345,4.559838,0.04323776,0.11413942,0.034257367,0.077071466
0.65207267,3019.5264,0.895878,3.1212254,0.046329796,0.09061436,0.0878021,0.028122874
0.73246145,1725.7509,0.8169573,1.9006097,0.060878348,0.05143027,0.06456162,0.036118176
0.7152655,1782.745,0.84192413,1.8266513,0.057464294,0.046709843,0.06745446,0.032010045
0.5466829,2376.1252,3.3757915,0.6456492,0.047527783,0.07675321,0.22785085,0.19864286
0.59933615,1534.6838,0.76351804,0.33129886,0.06264108,0.06744331,0.116991,0.08046788
0.5088462,1779.6542,2.79097,0.23910043,0.08403083,0.0490396,0.1393907,0.08872481
0.6628355,2357.2192,0.5532114,1.7965493,0.043708693,0.124791436,0.032029252,0.12208487
0.66467345,4439.6855,0.17955205,11.145699,0.0970948,0.062345754,0.33699226,0.07354034
0.65547943,4015.827,0.22343889,7.147439,0.110190354,0.112282574,0.0430801,0.080712646
0.6132376,2646.426,0.93244374,1.4145744,0.100214064,0.13901407,0.056663472,0.09699884
0.5180968,1231.2255,3.4885578,0.09165264,0.10057794,0.048681535,0.035154834,0.14759763
0.5876172,5949.3687,0.87887317,8.630035,0.05369536,0.07550727,0.33491376,0.22554174
0.60066545,5680.876,2.274647,9.383031,0.0471158,0.054001287,0.28399435,0.28675464
0.6042899,5959.931,1.86329,11.094678,0.04806382,0.06758449,0.21612215,0.31680295
0.60868627,5860.4204,1.8685735,10.874367,0.046042033,0.06562977,0.20110336,0.26947692
0.5838713,1114.77,1.8530204,0.14026675,0.18667984,0.06348612,0.051698733,0.04835336
0.43221816,1284.281,0.74403733,0.03410281,0.12331011,0.07351327,0.051550888,0.17438765
0.41082618,1183.798,2.2052388,0.016404267,0.10231389,0.08901411,0.15680411,0.14412297
0.3845579,1359.5537,1.8378366,0.023214038,0.15445319,0.108604215,0.07578283,0.10320534
0.58459777,2781.2783,3.688459,1.1817297,0.10848693,0.20915185,0.05758062,0.037952606
0.66031075,2336.0786,1.2930089,1.6086216,0.046619404,0.5246412,0.10048142,0.076554656
0.6491635,2585.3933,2.3278637,2.043645,0.109548084,0.1414686,0.04289126,0.032174006
0.76265216,1704.4807,1.1262887,2.8796055,0.059155922,0.13277662,0.039629325,0.062532
0.6043503,2803.8506,2.5260596,1.5797982,0.13156882,0.03229968,0.06613739,0.12032651
0.5483699,1832.4601,2.8591003,0.31912363,0.044203997,0.18401507,0.069488995,0.045832753
0.6570605,4169.4565,1.8435315,9.778034,0.13819447,0.052375965,0.05118481,0.05296611
0.6715824,2947.1838,1.0394232,4.2419066,0.08298733,0.09021717,0.06257391,0.089084454
0.6400135,3370.3823,3.780975,3.6200986,0.06558485,0.053252492,0.06281895,0.060092866
0.5544583,1917.9569,1.3402869,0.3776003,0.14349961,0.032380283,0.07854934,0.10339929
0.5300177,2204.194,1.5972403,0.45748317,0.16863476,0.03927996,0.11171504,0.1033634
0.68111444,3769.296,0.87317264,10.8355665,0.3530178,0.06412755,0.10386011,0.0754931
0.6657911,3672.4592,2.2803578,7.521853,0.31722528,0.043218613,0.038297493,0.11020008
0.6229104,4593.167,1.6371491,6.482181,0.21053456,0.24691613,0.13500148,0.03787306
0.65545684,1540.7687,2.141613,0.47711504,0.09584284,0.036762383,0.053611137,0.077555165
0.68133104,1887.6364,0.2919978,1.1930329,0.0786991,0.04275503,0.06709162,0.13755725
0.652613,1800.207,0.44932103,0.7585419,0.06067414,0.03945265,0.08176878,0.12741828
0.5072225,1582.9684,1.248763,0.17737707,0.13503,0.04625863,0.07466286,0.15007496
0.53714746,1407.2072,0.9385301,0.155174,0.14171882,0.04993399,0.072909124,0.1427721
0.6644134,2137.7751,2.994067,1.4867501,0.14324345,0.08429005,0.043731365,0.09888792
0.59396386,2259.615,0.9566181,0.7678827,0.2855296,0.055414177,0.11675285,0.061358776
0.5995711,2214.0369,0.9682638,0.79942024,0.27907062,0.053533312,0.1110794,0.060648248
0.54274654,1666.6897,2.5196383,0.2276391,0.1844688,0.09978201,0.1870331,0.1245581
0.64154357,1873.1936,1.5564641,0.806099,0.2355964,0.13783191,0.19394164,0.19078922
0.622339,3125.499,1.6465772,2.465896,0.16424069,0.06571597,0.03368588,0.0626214
0.5722948,4458.943,1.0743809,2.9134655,0.1448904,0.07515213,0.03904577,0.06076014
0.62411857,2110.619,3.2892482,0.81093514,0.13852926,0.06752285,0.05762825,0.09774777
0.5924831,3463.6921,1.9958051,1.923237,0.097970776,0.108895905,0.06255742,0.11656407
0.5765106,2656.2478,0.8875094,0.98027575,0.09809739,0.09249974,0.040943906,0.11923466
0.6620093,4183.8843,2.5325253,10.745283,0.08096951,0.2848585,0.05492028,0.24340302
0.6240083,5751.04,3.0538814,11.24877,0.11633769,0.18463129,0.08364776,0.21277063
0.67116344,3069.2603,0.8946274,4.2340903,0.07092583,0.09862946,0.10478363,0.056099903
0.6000456,4177.352,3.135345,4.2426095,0.07556886,0.042600248,0.07156742,0.17638513
0.68311054,2916.0962,0.8496342,4.426892,0.049753167,0.08072152,0.037200615,0.18339987
0.6153202,1459.539,0.5415063,0.28332934,0.082563855,0.03478661,0.08216434,0.17773038
0.6195018,4544.1167,2.0420034,7.0133247,0.059486847,0.0720511,0.06598585,0.24566539
0.6286265,4505.47,1.861334,6.6199026,0.055841263,0.0761931,0.061725862,0.31911492
0.6310732,3783.5186,2.1623328,5.0397797,0.042719115,0.06651909,0.065962814,0.19487809
0.631897,4001.0789,1.7502007,5.468978,0.051214524,0.09975068,0.14054507,0.07374077
0.6221286,4249.8984,0.5720575,5.525033,0.05605593,0.19443356,0.086551845,0.0698282
0.61261386,4598.38,2.6430001,5.7068644,0.04671544,0.20714691,0.081998676,0.084381096
0.64892316,3623.104,2.8558228,5.1085157,0.07102112,0.3064495,0.075160064,0.07710635
0.6514885,3557.7783,1.4306087,5.0203104,0.039554264,0.1846422,0.035809334,0.035395913
0.68803906,2888.517,2.0629792,5.193611,0.083231926,0.048168417,0.05383376,0.043566607
0.64284945,3303.1394,1.8046658,3.4871864,0.09250228,0.053909115,0.03055994,0.08129657
0.67257947,2357.4304,1.2109333,2.3133264,0.09906663,0.04964948,0.10594697,0.091226496
0.69437444,2645.094,0.9669617,4.6013594,0.08146138,0.04263074,0.14461784,0.096825525
0.5514623,4497.5713,3.1208298,2.6211863,0.050637215,0.06102583,0.3355553,0.09884698
0.6486432,2318.875,1.191239,1.7769489,0.04807389,0.040643346,0.14292596,0.15648894
0.62470925,2275.6162,1.21906,1.1046044,0.05388281,0.05016613,0.08713388,0.15481849
0.6061467,5731.559,2.5923672,9.8008585,0.062203813,0.039670967,0.08211146,0.21859846
0.6738172,3678.1511,1.3771212,8.371407,0.060303587,0.089538984,0.05007425,0.1380909
0.58256835,3931.1255,2.463553,2.9603474,0.039029434,0.054320686,0.067274235,0.09517092
0.75063896,1315.25,1.7276534,0.9159366,0.14975886,0.08910752,0.20822404,0.17120415
0.77870923,1652.7799,0.8944014,4.0699897,0.1979464,0.062807105,0.10855891,0.20921746
0.58563644,2331.7861,1.9095088,0.73229223,0.17534149,0.06506733,0.121965855,0.20795895
0.58402216,2356.8972,1.9465675,0.6797973,0.17585146,0.06436905,0.12181137,0.20678577
0.6883278,1909.807,1.8551482,1.502358,0.095401965,0.09092961,0.062136266,0.06997317
0.57642025,2576.77,2.2225235,0.81128615,0.059565302,0.104596406,0.035001244,0.098906785
0.71702856,2258.249,0.59475684,3.2908597,0.10935146,0.06504288,0.09088323,0.4174852
0.7031758,2773.474,0.3594635,5.150459,0.10031647,0.08423774,0.08862173,0.31898582
0.5970778,3884.0557,1.1474637,2.8261971,0.17776497,0.14306502,0.06307814,0.044681117
0.6946908,2542.7112,2.3592112,3.7433064,0.1653024,0.117162414,0.0625104,0.048417833
0.63455284,4691.4653,0.7915657,8.264776,0.085712545,0.07279126,0.06297154,0.04074984
0.6836979,3677.4202,0.8980172,10.29965,0.07434037,0.04407925,0.0720152,0.04413846
0.65875465,2664.6987,1.7622185,2.2707474,0.13160343,0.17693287,0.07027285,0.09537874
0.633104,3265.3499,0.2752442,2.7530007,0.16768059,0.19557942,0.058388475,0.06910338
0.6341105,4037.549,2.168479,5.1718116,0.07881247,0.14255303,0.045597665,0.05800534
0.6689563,3130.617,1.2273024,4.8993835,0.11246433,0.17059106,0.076738276,0.05416396
0.650391,3351.823,1.4015361,4.43129,0.07518025,0.17573112,0.108850166,0.035882518
0.62942815,2302.1606,2.2113266,1.2027729,0.055978615,0.13638335,0.03320766,0.086053304
0.66102993,4137.1777,0.9575602,8.842992,0.05472148,0.12490339,0.1622814,0.05625892
0.64055073,2251.054,4.0802937,1.1653097,0.050201748,0.13657461,0.10806233,0.018297499
0.63322,2030.7189,0.4083965,0.8367839,0.05359949,0.039978746,0.037204366,0.33350983
0.6019782,2536.125,0.3473064,1.1624726,0.049135365,0.047089104,0.041555375,0.34926838
0.61638993,2462.031,0.4663826,1.26344,0.049051113,0.054190632,0.048444577,0.2859903
0.5809016,2635.571,0.5816339,0.9476115,0.05155263,0.05713187,0.04118793,0.28762466
0.6918623,2840.7969,0.123872876,5.45243,0.061676122,0.10724056,0.07840976,0.17318821
0.61809,3237.9133,0.25340864,2.5430562,0.094489165,0.07690698,0.040301,0.088263996
0.60108536,5959.3438,0.085190795,8.912195,0.09358622,0.055160318,0.03498505,0.11894091
0.6760386,2755.4126,2.0082922,3.6222675,0.07882494,0.056147806,0.07946108,0.08676395
0.61318463,4616.2676,0.99167204,5.7554617,0.04743033,0.053602498,0.047684267,0.06884929
0.6278388,2893.7124,2.0347922,2.4220872,0.09586105,0.043335743,0.13736646,0.15026137
0.67217636,2816.751,0.61516374,3.6597266,0.033766847,0.09559634,0.06055501,0.081948355
0.68314815,2665.6694,1.8813416,3.6828296,0.10984462,0.09087533,0.07233048,0.050620653
0.6080683,3397.2944,2.12383,2.5384448,0.12487641,0.056985304,0.06874086,0.06711053
0.66460913,3678.7202,1.6600808,7.486521,0.11355397,0.13839804,0.100452274,0.06466547
0.7292983,2857.11,3.1508958,10.794416,0.07942797,0.1901036,0.08103015,0.056572787
0.6701927,3743.7268,1.9859216,7.4309316,0.14520104,0.18050626,0.08334398,0.043959565
0.6253594,2275.4456,1.1708411,1.0233588,0.041668087,0.05357591,0.04826978,0.09943888
0.59294504,3637.1,2.6463923,2.2183151,0.14813694,0.13591619,0.17448217,0.024749015
0.59988886,3709.932,2.0336363,2.5750902,0.15704939,0.13885064,0.16865835,0.026948903
0.6623423,3720.6821,2.1295958,7.443427,0.03813971,0.05342211,0.25968862,0.0865152
0.60596234,3806.3367,1.3911446,3.18291,0.061851624,0.07122919,0.043174226,0.047484607
0.66962725,3334.5972,3.140505,6.3118744,0.107665926,0.1409055,0.08225056,0.038595803
0.57967013,3992.6511,1.3879949,2.5450215,0.110860415,0.09388606,0.07183484,0.104956955
0.70826364,2718.0227,2.1392157,6.156001,0.173792,0.05786747,0.03340507,0.076383404
0.61196417,4873.2334,1.6147435,6.013548,0.16554448,0.07826951,0.087742314,0.03428223
0.65772265,3047.616,0.53856534,3.5786326,0.09582817,0.09916281,0.03921819,0.042815316
0.6741966,2738.64,3.6032794,3.2700896,0.050533317,0.15866715,0.0663324,0.043638952
0.66742533,3547.3223,0.3708823,6.664027,0.07527394,0.17724597,0.033534717,0.058542155
0.63316846,4744.358,3.7410285,8.580282,0.07680188,0.11002277,0.07614173,0.06054016
0.5589862,2890.1616,1.0752275,0.9210514,0.16147453,0.11429739,0.05816589,0.060848527
0.6853482,3022.3062,3.1371243,5.883608,0.10326052,0.060717,0.044331297,0.026005048
0.6739369,3280.313,0.7162776,6.049687,0.049598217,0.051711466,0.1111243,0.035693828
0.64685905,4124.51,1.2053804,7.569249,0.049111955,0.09836778,0.05021112,0.08411658
0.6530219,4345.9937,0.57126325,9.218529,0.036410794,0.16610366,0.046317913,0.04258675
0.6547024,4273.46,3.1597712,9.36884,0.0976818,0.21304482,0.08301136,0.10846543
0.61092156,2191.595,0.28802657,0.69280654,0.09549907,0.34634858,0.10521863,0.11232785
0.5862574,2603.8838,0.34273878,1.1052114,0.053854927,0.24852444,0.09512791,0.10000023
0.6455387,4062.0925,0.8214498,7.89685,0.2599457,0.04871524,0.064737655,0.10879952
0.58517575,3837.209,1.1723353,2.209048,0.25283864,0.09548423,0.044348955,0.1296981
0.6120248,3375.921,3.4616864,2.5609221,0.24697684,0.085563734,0.03163862,0.13818736
0.61493236,3898.043,1.4795983,4.1739426,0.1412077,0.028270537,0.05492249,0.15576059
0.5961767,5656.4155,3.2991216,8.084905,0.028990338,0.23214453,0.09937106,0.27360392
0.69007456,1756.9884,1.2994192,1.0479648,0.056381084,0.22549364,0.0735304,0.0861887
0.5356959,5395.786,1.8962746,3.1516526,0.061580103,0.06084017,0.09057222,0.11069215
0.61930466,4154.369,2.7992013,4.4458437,0.1347144,0.12930278,0.042525873,0.099108614
0.6481135,1716.442,1.0118343,0.6119127,0.14315842,0.10089333,0.08256716,0.02439452
0.6359928,1705.8136,0.943644,0.5387774,0.1569789,0.11062749,0.12699568,0.032250352
0.6879233,3133.6724,3.0678802,6.9831495,0.115940146,0.0351603,0.02731051,0.04826872
0.6254939,3237.181,1.1613191,2.6551218,0.06719915,0.11883598,0.08120343,0.059307847
0.6212118,3791.5227,1.2661967,3.852949,0.06392413,0.14033683,0.079707205,0.07087698
0.649052,3931.8044,3.187813,6.4494524,0.05565355,0.10913531,0.044890624,0.115742505
0.6162993,4894.183,3.611065,7.0014944,0.08051048,0.07073777,0.06387806,0.09521395
0.6707786,2359.1462,0.4406721,2.1523983,0.0906881,0.077477746,0.16493846,0.053963408
0.7312076,1841.2181,1.2740206,2.292773,0.04749063,0.13678688,0.35146546,0.042437453
0.53129494,5766.5903,1.0513659,3.745115,0.13181593,0.03411473,0.1540928,0.12452639
0.67968875,2572.2468,2.4485846,3.63172,0.22757962,0.1575935,0.16437489,0.12070487
0.60335755,3332.8362,0.6513391,1.8726975,0.20295778,0.11894712,0.10635033,0.065624595
0.58494294,4933.4834,0.81735384,4.3801103,0.23620868,0.07056365,0.053563442,0.036589283
0.7030494,2166.8762,3.2652407,2.5194905,0.10425288,0.11330774,0.09049961,0.034928642
0.6813448,2639.52,2.049943,3.3569257,0.057388034,0.09766163,0.06378697,0.062129423
0.67382103,2757.6533,1.711782,3.6192837,0.04782001,0.08573821,0.05649794,0.07309454
0.62306607,3786.5078,2.3551934,3.8272142,0.0637885,0.062278662,0.10391641,0.07573628
0.629765,4162.6216,1.0401655,5.2120385,0.084468916,0.095056,0.1082355,0.044883292
0.64661086,3954.9697,3.4941845,6.245081,0.08281731,0.09051734,0.1134895,0.040351078
0.622985,3445.958,1.2321675,3.1175814,0.04669361,0.24657725,0.07610739,0.06629265
0.6706332,3808.911,2.4409635,8.681908,0.04983487,0.3201018,0.092438206,0.092153445
0.6364125,4793.404,1.2354429,9.04558,0.11500274,0.23834234,0.039136507,0.032606613
0.5485652,2734.2673,3.5443711,0.85440445,0.038165808,0.030772945,0.12406634,0.12932251
0.5944143,5363.0,1.3435118,6.090443,0.100825384,0.2478494,0.07641348,0.03772317
0.6943749,1878.5175,1.1653247,1.3624278,0.038967427,0.053244483,0.034851357,0.061040923
0.60289854,2453.7761,0.5001422,0.9593539,0.044102903,0.058569044,0.037185967,0.047954574
0.69245785,2219.714,2.8238451,2.284717,0.061971158,0.12214642,0.095550016,0.07426234
0.64886934,1524.4395,3.3124382,0.43774185,0.04841488,0.121531814,0.08555974,0.06936882
0.6048174,2429.8196,2.3985703,1.0493232,0.041356295,0.12146409,0.07797812,0.056596734
0.5905352,2604.7344,4.5420327,1.1054174,0.03701644,0.13407864,0.08696772,0.04099846
0.7093628,2074.2947,2.1840923,2.2792993,0.03870848,0.12748635,0.08121538,0.04771975
0.61526716,3867.8677,1.3436788,3.6172955,0.11520232,0.06741132,0.035564266,0.074896626
0.66651124,3889.5789,2.3994398,8.578246,0.10150928,0.14426975,0.05229525,0.06050224
0.65653753,4616.9287,1.44652,11.726797,0.068873376,0.07797277,0.19570357,0.04218402
0.593382,1874.4445,0.39534602,0.47846383,0.046028577,0.090146825,0.08436181,0.11229835
0.6443901,4846.4316,1.2687166,11.053484,0.042536642,0.07423574,0.12886907,0.038210165
0.68465185,3688.6138,1.1167127,11.47668,0.0759255,0.15586738,0.0689959,0.049446404
0.6452874,5057.0454,1.134765,11.771847,0.06732528,0.20309873,0.080783226,0.047667775
0.6082416,6294.9053,0.8952973,11.461107,0.057851925,0.18802255,0.090740144,0.039547786
0.45836374,1099.3468,2.6661153,0.01426869,0.110312715,0.06892778,0.098036624,0.095863014
0.6239825,1865.0247,1.0261862,0.5674949,0.039153084,0.04901232,0.11336167,0.06196825
0.7158512,3130.1191,0.121696465,11.64987,0.1958314,0.18397453,0.042342097,0.091033325
0.6214076,5948.534,0.8933612,11.823769,0.16323337,0.09774971,0.049647883,0.049160007
0.5062099,1699.9049,0.8646462,0.2066273,0.22862679,0.07481706,0.08493407,0.095120974
0.5031796,2659.8186,4.819206,0.54747117,0.1966088,0.10082968,0.06667102,0.082988456
0.7025217,3279.507,0.3938908,11.323833,0.14638597,0.20299743,0.07703261,0.045541964
0.6348795,2348.6243,0.7333177,1.144801,0.114859566,0.10050337,0.041509952,0.053581834
0.64288276,2320.4844,0.23069347,1.3005896,0.06846623,0.093139276,0.050756164,0.028257363
0.6052498,3143.5505,1.5305792,1.941654,0.12775682,0.17841215,0.046483755,0.05749831
0.6378184,4211.297,2.7581933,6.592072,0.07731046,0.14057489,0.042089283,0.035333663
0.6781106,3718.286,0.7300368,9.944463,0.05206796,0.09867674,0.11176214,0.04715302
0.6284538,4389.5674,3.4171555,6.1821194,0.06628123,0.08836024,0.1915147,0.04054509
0.6607979,4163.2544,2.0047703,9.651538,0.0793314,0.091963656,0.23382254,0.027999712
0.66751134,2735.5574,2.759984,3.1834655,0.15285188,0.04502931,0.1924169,0.03162843
0.68143755,2405.945,0.052232336,2.4644573,0.042301252,0.21649575,0.037447777,0.19610836
0.65027833,4131.124,0.07460517,7.641414,0.038942806,0.07825751,0.06745421,0.07732015
0.644897,4481.542,0.015125769,9.518565,0.069311224,0.04590617,0.10181755,0.043749742
0.67652893,3781.371,0.05529188,9.56126,0.10149989,0.09709875,0.038900174,0.035759814
0.6830934,3294.538,0.054693636,8.041414,0.109852135,0.06912522,0.049422204,0.05133287
0.70351636,2913.641,0.090727046,8.791816,0.10642615,0.06457677,0.04704241,0.044673264
0.6669998,3579.419,2.1911452,7.0362163,0.048830885,0.11151559,0.18176892,0.108062714
0.61439925,5151.575,0.7671308,7.707129,0.04188653,0.16402547,0.15115686,0.052594364
0.70566183,2997.8782,0.7821995,8.189123,0.095312096,0.12596384,0.089666285,0.051025145
0.5753889,4458.0264,0.7930321,2.7723978,0.08808012,0.1298272,0.0438461,0.05868495
0.7386921,1390.9746,3.268836,1.0218168,0.0635395,0.073548295,0.062948994,0.12804459
0.6669147,2301.3533,0.65729415,1.9533482,0.054234035,0.16177404,0.062225483,0.03715199
0.63456184,2993.1597,3.3885763,2.6110637,0.07870278,0.040756684,0.0702701,0.07196458
0.6604143,4108.7085,0.5059722,8.402546,0.050202142,0.12447765,0.0785097,0.039672196
0.7091317,3074.6384,0.44235212,9.187906,0.051172864,0.14396489,0.096023664,0.04599515
0.5850157,6220.409,0.34117502,7.6460013,0.07409601,0.10521697,0.08990698,0.08138132
0.5964616,5585.2764,0.6832238,7.928453,0.07071824,0.08160577,0.09307438,0.07403297
0.72179806,2837.1458,2.5936813,11.295295,0.07597177,0.033162158,0.061530616,0.047590792
0.56735724,2532.9548,1.029348,0.8180868,0.052216273,0.120819405,0.082138166,0.32504472
0.6019079,2549.0588,0.83221185,1.1121315,0.049137793,0.17972812,0.07003663,0.20468488
0.64173657,2426.9238,1.0366135,1.659455,0.045919806,0.19459674,0.085572556,0.20112582
0.67125744,3177.7966,0.94475204,6.0903373,0.0974756,0.040842887,0.087223835,0.09087767
0.6623593,2239.9507,2.8267622,1.39836,0.06345844,0.24292846,0.06224096,0.07635127
0.64503384,4175.3364,0.14861809,7.7385683,0.04714904,0.09402919,0.066620156,0.03472218
0.472537,1486.0392,0.47240546,0.10788766,0.08657099,0.1338241,0.073398925,0.06886841
0.7240478,2077.6035,1.4936562,2.6562252,0.06906682,0.08600127,0.1219298,0.07238108
0.64437187,3139.2478,1.9968145,3.3338177,0.09018868,0.07493858,0.19651148,0.04836565
0.7407313,1968.1945,0.981568,3.3712204,0.11446868,0.06925479,0.10360623,0.066532
0.71777326,1964.3098,1.5119615,2.257796,0.15098202,0.120831214,0.07791142,0.040191457
0.71181875,1883.1991,2.1568274,1.8381337,0.041981578,0.08568749,0.07543614,0.118475
0.680782,3027.2832,2.303348,5.571889,0.1846959,0.062260892,0.06389268,0.055886745
0.78066695,1703.6102,1.3979537,5.6797657,0.19149259,0.07043176,0.054060567,0.046434477
0.6733564,2567.0894,2.706706,2.8704042,0.2896281,0.10021719,0.04054934,0.10663055
0.6361545,3849.7058,2.4375718,5.071689,0.23967826,0.08365438,0.056129925,0.16716626
0.6364806,3199.9043,1.5059553,3.0142624,0.08483084,0.042157017,0.048759386,0.14215103
0.6710489,2955.5276,1.7851105,3.970299,0.03724233,0.09527852,0.24110709,0.026373746
0.6621067,2691.5957,2.5962448,2.6505814,0.059897304,0.060778093,0.05011802,0.1058177
0.65685976,2585.246,3.0920775,2.2488818,0.06225589,0.054537777,0.0482851,0.11318019
0.6316395,4311.75,0.7563355,6.476127,0.030474363,0.18224487,0.06431957,0.27738395
0.6429125,3137.361,2.262183,3.1267095,0.04555417,0.09437344,0.07621341,0.13752344
0.6452218,3348.2444,1.4871728,4.103413,0.039828476,0.11583562,0.058158595,0.13630557
0.578608,1622.1494,1.5370867,0.29083169,0.05384983,0.13435002,0.11122836,0.2773901
0.607043,1943.8789,2.3379316,0.55007,0.06571298,0.06787079,0.02326387,0.23122592
0.6905422,1733.6609,1.7247916,0.9922246,0.075280435,0.080239765,0.03680539,0.15483807
0.5322487,5191.2446,2.2663903,2.9640417,0.06771569,0.080713645,0.14019512,0.12341985
0.5725654,2914.6558,1.9945421,1.2085916,0.054291893,0.097648524,0.09612688,0.17593667
0.688633,2954.5483,1.487694,5.0979156,0.041567106,0.14881091,0.070239045,0.11322861
0.59278536,5189.715,3.3983777,5.696487,0.042288225,0.20180757,0.043461427,0.097951464
0.6655914,1672.2722,0.7119423,0.6211245,0.057762466,0.052249596,0.0459653,0.046815626
0.673821,3674.82,2.856245,8.153482,0.034346018,0.07771447,0.05541122,0.10535729
0.6993239,2808.9795,3.3844695,5.301535,0.03783537,0.08261095,0.08132185,0.14925651
0.66555893,3325.223,0.6347516,5.1345897,0.17414044,0.20139587,0.09370198,0.04793841
0.6421446,3254.244,0.88957626,3.3262353,0.15368876,0.15579945,0.11802791,0.038789056
0.6606945,2913.6038,2.8122003,3.1001341,0.061037283,0.09685245,0.04613728,0.036852773
0.5776756,1846.612,1.4091707,0.41156244,0.0695962,0.070008814,0.07519394,0.035620257
0.5126018,1394.9852,1.7139459,0.13982666,0.04650396,0.03379061,0.054241057,0.061960667
0.5015837,1383.0239,1.9224032,0.11676512,0.050792105,0.05516609,0.057769116,0.05723074
0.52871233,1653.4414,3.1377501,0.24511766,0.05037412,0.06198744,0.083383135,0.082931496
0.5044213,1389.8099,0.97293425,0.13603088,0.040490896,0.10359865,0.37624606,0.0498216
0.68989384,2430.2715,1.1690985,2.825482,0.10379226,0.17278844,0.043246888,0.048023555
0.56272376,2660.1,0.14570276,0.7603041,0.141866,0.15915273,0.0728337,0.04954736
0.6307242,5184.517,0.23804547,10.172073,0.045408357,0.048734024,0.06014573,0.1255442
0.6617701,3852.942,0.026131982,8.0969925,0.068194754,0.039243203,0.06334034,0.069670565
0.68104213,3435.3652,0.076124355,8.566605,0.20185481,0.08613194,0.11643281,0.04225547
0.678865,3731.3723,0.60985464,9.927179,0.20878112,0.12043528,0.037501127,0.052269958
0.6853471,3362.1057,1.2615498,7.9048595,0.31348586,0.10562691,0.05014421,0.032575056
0.5031397,3606.5815,1.020167,0.85623854,0.2729831,0.15352418,0.05406986,0.07956294
0.69683933,3199.3333,2.965533,8.85332,0.3033308,0.055064067,0.05463798,0.061308444
0.6440737,2511.102,2.2881749,1.7949358,0.06875284,0.10541516,0.19413465,0.14748593
0.5645102,1491.8265,2.2631614,0.25543845,0.09635215,0.091395,0.1618906,0.1548988
0.4412119,1234.7076,3.0499992,0.03785268,0.046584904,0.04612074,0.04732935,0.040070735
0.51158947,1307.3937,1.6476878,0.1161247,0.046607077,0.029035576,0.055680826,0.040527385
0.46999863,1240.8064,1.5241387,0.06431728,0.042166647,0.027071541,0.045304716,0.04442442
0.5230954,1422.009,2.3765385,0.15936728,0.03399565,0.045338538,0.04402806,0.074525714
0.66767293,3480.2727,1.9176621,6.1672134,0.11122635,0.1290618,0.11885952,0.054786593
0.6245708,3499.781,1.2974396,3.11103,0.05537626,0.07462586,0.044676766,0.061891127
0.60052973,1647.1284,0.498767,0.37322593,0.10559995,0.04789405,0.15786713,0.087179154
0.621669,2150.904,2.3706295,0.9132365,0.09441186,0.027992584,0.10408546,0.035296407
0.6628734,3073.545,1.3283112,3.8834167,0.06992639,0.13667051,0.03940667,0.06859274
0.6042765,3472.604,1.4895515,2.7241292,0.044402637,0.033561736,0.1956125,0.109820865
0.65889734,3329.0095,0.4904319,5.0040936,0.067590475,0.15331905,0.120214306,0.37878656
0.69555175,2147.9944,1.6369222,2.3695729,0.16420509,0.13210131,0.042195246,0.09627119
0.7596916,2242.6135,2.3895884,10.930794,0.25517693,0.110606015,0.041642442,0.12820147
0.7273824,2601.9656,2.0541687,10.235711,0.23457268,0.11604811,0.0665663,0.13452184
0.5918372,6608.309,1.0281464,10.55364,0.28383055,0.20078717,0.051821683,0.06062477
0.59357506,6152.2124,0.46888652,8.286189,0.2352636,0.21297148,0.038907215,0.07604251
0.6359794,4678.204,0.8155673,7.8564763,0.2141627,0.19453412,0.04638782,0.0642902
0.62711114,4644.171,3.3038454,7.589143,0.05911033,0.13447051,0.071102,0.06835288
0.61785525,5308.576,3.213874,8.861757,0.056883078,0.13329636,0.070282854,0.07083447
0.6092787,5822.8423,2.7386973,9.961893,0.065309785,0.11066769,0.07241748,0.073306024
0.6829572,3026.3691,1.129498,5.301999,0.080885254,0.06629258,0.08906749,0.040771194
0.5934628,5902.2812,2.8667352,7.728186,0.19507045,0.09095906,0.038177557,0.063401975
0.6906052,3256.8088,0.86453205,7.9432774,0.16586794,0.0926451,0.07403162,0.061785728
0.64868534,4516.141,1.9154958,9.861546,0.22955422,0.07005561,0.057039022,0.042015746
0.6430073,4130.2466,1.9582353,6.84948,0.17288399,0.13928708,0.073349684,0.035134263
0.63686424,2638.4382,1.1334933,2.0327647,0.065096654,0.07151228,0.13505974,0.17986515
0.68181014,3092.1853,0.0013232566,5.722831,0.0487128,0.054632716,0.07858317,0.056778014
0.6965413,2789.661,0.002628763,5.3620944,0.04356452,0.078033246,0.041890424,0.034138367
0.6532951,3214.608,0.0026395642,3.829298,0.042847097,0.08282495,0.039996356,0.036394518
0.6478647,3070.8574,0.024125455,3.1827018,0.07580115,0.056913953,0.05972352,0.06833427
0.64792854,3334.51,0.0668427,4.193463,0.05227585,0.046038903,0.1699309,0.15666585
0.66985464,3394.939,0.42079467,6.055519,0.049718365,0.06925608,0.056331437,0.041435428
0.6685946,3421.9683,0.83542037,6.3128376,0.04601091,0.06967869,0.05881063,0.03931877
0.67141044,3264.813,0.6551208,5.7256126,0.044046056,0.077503204,0.06579715,0.041450962
0.6254768,2972.3528,0.52106565,2.1671205,0.05123983,0.099606596,0.058264837,0.058768623
0.6232399,2948.577,0.5205307,2.0538015,0.05163938,0.098615095,0.05826278,0.058962032
0.698809,3467.8125,2.4914317,11.747744,0.0705059,0.10844294,0.04019646,0.032186482
0.5294517,3757.5906,0.33814695,1.2402688,0.16341422,0.0940848,0.061199132,0.0359619
0.58166873,3299.247,0.41167772,1.6265144,0.1902559,0.0999957,0.049527682,0.045297988
0.65799147,4538.4863,0.5366195,11.347249,0.10706191,0.07435975,0.061353717,0.183076
0.71935356,2774.805,3.7376375,9.368905,0.1282862,0.101374686,0.08198087,0.12625043
0.63560814,4890.272,1.2687204,10.77571,0.22795051,0.043550167,0.126033,0.14283061
0.6670606,4220.045,1.2020966,11.817535,0.15387665,0.07091885,0.07572745,0.15950553
0.6445629,2905.3098,1.2457591,2.337192,0.04450661,0.10897036,0.057883713,0.045700558
0.7052888,1901.881,3.0645828,1.5654881,0.06197581,0.14193067,0.059906673,0.047147542
0.68762916,1911.7352,0.8258378,1.49582,0.06429245,0.12548089,0.092243835,0.066003114
0.63618094,2387.5164,3.3330164,1.3799081,0.07296559,0.04955121,0.046615314,0.08825211
0.6878607,3041.1477,0.79493684,6.0572467,0.06823808,0.11557744,0.096203156,0.06872491
0.6258893,2501.5771,1.3224635,1.4299225,0.066807084,0.10729239,0.12023125,0.076899596
0.5380634,3614.9822,1.4946669,1.2906039,0.101907715,0.13131338,0.09186949,0.06278278
0.69873005,3085.7017,1.1512884,7.703104,0.08282592,0.28160468,0.112504266,0.06007559
0.6463727,4505.878,1.2492609,9.427593,0.05570475,0.077157624,0.11083388,0.050418496
0.6932745,3245.177,1.0107605,8.735499,0.09260155,0.046417937,0.047124594,0.0251697
0.7167159,2746.0713,1.4646623,8.087683,0.0862761,0.039171644,0.050238255,0.026199013
0.5974597,5021.1255,1.4556459,5.7605057,0.035645608,0.103125766,0.05180861,0.101814926
0.715666,2369.7727,0.69148564,4.417025,0.07007095,0.07038403,0.064861916,0.10919502
0.63678396,3110.6943,0.53948694,2.7179253,0.0703916,0.07587831,0.08238886,0.073415555
0.5734879,2718.0005,0.73572665,0.99294937,0.08565101,0.074497275,0.07825926,0.10677001
0.6476526,3746.42,0.7304275,5.5987873,0.14793333,0.05635184,0.08234951,0.08395817
0.60928303,3187.733,4.4244685,2.3341846,0.14170861,0.06640901,0.07038919,0.0953197
0.6394111,4165.766,0.39071772,7.363695,0.20264262,0.06533274,0.16389985,0.093094625
0.6842609,3694.561,2.2219193,11.615965,0.062291835,0.10741787,0.1715078,0.051201925
0.70906633,3402.6047,1.8169729,11.9825325,0.10204156,0.0832864,0.076098695,0.0747032
0.70612276,3225.6448,1.9841847,11.943998,0.105614774,0.098673634,0.08415836,0.07613023
0.6201974,5735.3916,1.2617071,11.974604,0.07536818,0.07498421,0.05029282,0.15962574
0.68803436,3542.916,2.487601,11.025274,0.08720818,0.03836961,0.12154659,0.121108405
0.69141227,3536.765,1.8749673,11.210123,0.086052895,0.042918503,0.114139885,0.13508475
0.63249236,5076.3887,5.608209,10.52099,0.08998957,0.06937428,0.14517649,0.22624514
0.6103609,2793.5405,0.21614861,1.478992,0.062395584,0.1249666,0.039424054,0.18564542
0.6822128,2706.6558,4.691129,3.6953893,0.041851092,0.2918215,0.05361139,0.08932005
0.6206488,3666.6897,0.46554208,3.5116286,0.040510826,0.3521679,0.04648269,0.113640696
0.6694218,3404.7097,2.4608727,6.0131288,0.03478644,0.050756082,0.08913462,0.08553584
0.59100205,1576.0458,1.8364645,0.29976848,0.032095805,0.09977683,0.0346934,0.09383218
0.5743883,1889.8656,0.5957015,0.41927427,0.038808934,0.22653733,0.056215502,0.04989229
0.6351677,4177.6,0.5962802,6.227171,0.06616685,0.112919636,0.26292515,0.08817048
0.63391876,3802.748,1.0071458,4.595069,0.0809203,0.094390996,0.32075635,0.05153361
0.65447986,3615.589,1.7924646,5.7294035,0.09297833,0.110003255,0.21628508,0.034542054
0.62830937,4008.5737,2.2893524,4.5005355,0.14191954,0.09978551,0.22713763,0.052449506
0.6075666,3544.5513,3.381613,3.081322,0.25212482,0.103085235,0.082280114,0.073713385
0.67000496,3185.5625,0.6043255,5.983473,0.18042973,0.07373277,0.06871431,0.10225505
0.60302484,5066.587,1.3367785,5.8371296,0.26059186,0.05154737,0.11993029,0.04819177
0.5990287,4599.9106,2.0282173,4.383123,0.22931539,0.04181765,0.11265312,0.04943352
0.66247874,2800.9438,0.27680337,2.8954067,0.121147536,0.13739763,0.08821882,0.15385847
0.52503246,3531.9658,0.97322893,1.1113064,0.10560055,0.1841546,0.0613743,0.13211729
0.50506705,4172.7236,2.866882,1.3056388,0.14106812,0.093750514,0.08863992,0.15305129
0.6878838,1528.1913,1.4921166,0.7026881,0.1616072,0.19924507,0.08180072,0.26393685
0.60906553,5027.579,2.015428,5.558781,0.313253,0.219119,0.11861081,0.07807482
0.6629272,3034.879,1.914947,4.126434,0.12136734,0.052977376,0.10328305,0.049202714
0.6562382,2956.5918,2.333489,3.3328824,0.17450008,0.08715717,0.09898346,0.09361255
0.6362966,1565.3176,1.8818946,0.41191986,0.076448396,0.13004112,0.05884993,0.11149972
0.6784597,2522.3123,2.0605159,2.663939,0.076718904,0.10573107,0.066434085,0.06986418
0.62861186,2322.9622,3.4800224,1.1700484,0.09329727,0.08680504,0.056200188,0.040355563
0.58182544,4037.3655,0.64700806,2.3991113,0.20994055,0.21011461,0.063950665,0.07526626
0.6618296,3318.9255,1.4379352,5.2091274,0.17475373,0.2445678,0.09701702,0.07336672
0.6554498,4404.208,3.6598709,9.341854,0.17837283,0.2652926,0.07697464,0.05410317
0.60135573,3264.1714,0.6328943,1.7868295,0.08133149,0.18646492,0.03880642,0.05505484
0.66823447,1800.8948,2.386975,0.90736413,0.063870504,0.051832385,0.06943792,0.048312817
0.58294785,2765.2915,2.6134531,1.0167856,0.08939619,0.23928626,0.050522737,0.04912061
0.6013213,2015.1509,0.70476776,0.57565767,0.13931207,0.03657362,0.090256825,0.03554434
0.6097074,1802.4033,2.6602097,0.49084654,0.16760159,0.047972094,0.12695387,0.058641676
0.58262354,1908.9736,0.814009,0.46216825,0.043737445,0.08485,0.06298255,0.041463416
0.6716033,2830.6184,0.7965179,3.4753032,0.049169302,0.1126949,0.048989534,0.06453607
0.59177166,4182.116,1.577488,3.0393384,0.103362195,0.06891896,0.063176855,0.038170848
0.6845992,2360.508,2.267638,2.4324722,0.27569097,0.102872975,0.041342236,0.07729136
0.58655703,4043.5186,1.5959663,2.6885571,0.10608298,0.32798728,0.082115084,0.028082967
0.59708333,4787.035,2.786781,5.061281,0.07537832,0.03495796,0.05028607,0.17708541
0.6959922,1857.6232,1.2954409,1.2713342,0.13514988,0.1274565,0.05457847,0.101135164
0.68620515,1930.3942,2.2793553,1.3279066,0.17021553,0.10308066,0.079438806,0.1209936
0.49797606,1303.5363,3.5110676,0.09778494,0.14801878,0.087731585,0.07769119,0.090679795
0.46826795,1742.2896,0.85290205,0.17782852,0.14171022,0.093300894,0.10045232,0.062997974
0.6331936,1973.575,2.0298705,0.7187614,0.1724242,0.121299386,0.10612771,0.059729684
0.61353695,5457.035,1.4907546,7.8606505,0.15812571,0.21417196,0.029592097,0.045882456
0.6698859,1710.051,1.5440484,0.7291948,0.106357604,0.13227329,0.047309995,0.070395954
0.6198285,3256.4265,3.0443873,2.580272,0.09880325,0.10170584,0.0625794,0.09530303
0.6424798,3758.7244,0.9523316,5.396694,0.06829352,0.16869773,0.07707992,0.113766454
0.67085326,3423.4202,0.6106602,6.867061,0.06252431,0.17199963,0.07625865,0.102492556
0.6638251,3361.6038,1.1589384,5.398777,0.026758796,0.3268788,0.040926043,0.09872095
0.6616614,3381.909,2.0796456,5.121518,0.033491004,0.2604413,0.045535266,0.04681558
0.63996255,3724.154,2.665133,4.6571274,0.03250448,0.2741844,0.037152786,0.023128755
0.65490425,4477.6436,1.328524,11.464619,0.07346313,0.10656582,0.1417852,0.09212109
0.6343439,5104.448,1.251857,11.445957,0.07947418,0.10947931,0.1620936,0.09708598
0.5826765,1714.9261,2.272851,0.36090174,0.10237001,0.05663676,0.028373478,0.051071823
0.5710023,1874.7858,3.2741551,0.3923769,0.09412256,0.058490552,0.030778654,0.051515218
0.5216422,1772.7085,1.9324285,0.25369933,0.10459509,0.05518847,0.042231258,0.05136083
0.5068343,1377.6079,1.527078,0.12876622,0.074993275,0.07489389,0.09767875,0.043493118
0.48655838,1072.1802,2.5650995,0.033956937,0.08973141,0.052233316,0.12730461,0.045805402
0.67714185,2235.048,1.779511,1.9524363,0.037945375,0.056261856,0.09468209,0.054344054
0.5898288,2456.6096,0.5584293,0.8874005,0.045265287,0.097651064,0.04536677,0.14494939
0.5875066,3079.0623,0.8383238,1.6752328,0.052111614,0.113814175,0.06400898,0.102242954
0.6121531,2500.1538,1.1781131,1.0975585,0.04979502,0.10989515,0.07865918,0.110233374
0.6147201,2518.256,1.1914845,1.0510336,0.049789656,0.11004564,0.078677036,0.10961176
0.66872406,4238.385,0.8836342,11.431915,0.09002367,0.058006253,0.18945277,0.24497011
0.6702342,1636.2477,1.9376533,0.6024662,0.0452014,0.26390588,0.039292015,0.123013474
0.6698944,2363.4968,2.9876757,2.1684284,0.06481534,0.1281506,0.059539717,0.13156685
0.69794,2900.5085,2.5119295,6.272528,0.05594954,0.09012443,0.11778781,0.05247721
0.47760308,1347.6643,0.066865504,0.091515906,0.13630447,0.05934959,0.05065277,0.0490721
0.61379373,3538.4136,4.552902,3.0844252,0.2544248,0.07965152,0.084285975,0.08286582
0.6011307,3394.9634,0.6551197,2.0606184,0.24961275,0.10026736,0.036238182,0.051072504
0.63178277,2067.8633,3.3986955,0.91889167,0.094673984,0.084777184,0.1249986,0.046491668
0.602571,2485.7046,1.942282,0.97102803,0.074007854,0.09757624,0.14102551,0.03815479
0.6377436,2540.147,4.1516113,1.4422368,0.08332088,0.1445767,0.093857706,0.060027156
0.7079943,1853.9077,0.5753699,1.7808793,0.08194202,0.1641215,0.09859474,0.058618777
0.7603642,1944.458,2.799639,5.654344,0.110314086,0.124822296,0.14926386,0.07192564
0.49779752,4014.6018,1.2324485,1.2448094,0.06869472,0.047936548,0.0797119,0.12191291
0.6013409,2562.7192,2.5760584,1.1070863,0.07552792,0.057018533,0.10179953,0.13048132
0.6002528,2560.5884,2.7201881,1.1985811,0.07761924,0.0576252,0.10384901,0.13428104
0.5838589,2833.1978,2.3857675,1.1344087,0.10513585,0.058388643,0.04209379,0.23433372
0.638282,2890.6362,0.9329027,2.2311335,0.099484205,0.15003107,0.10722388,0.11465231
0.5705825,4167.353,3.9574215,2.7031283,0.10001304,0.09771728,0.23060723,0.11601026
0.65289927,3372.1968,1.2109439,4.620387,0.104963586,0.06428861,0.2509072,0.09149365
0.5708277,2147.1392,0.8864848,0.5360129,0.044483073,0.09093523,0.11019472,0.03519518
0.5877856,1929.7968,2.1509852,0.47292572,0.035120077,0.10020601,0.08738192,0.053051457
0.62002045,2090.314,0.560583,0.7561252,0.05770168,0.12006361,0.14427906,0.046059184
0.73414135,1975.4165,0.34619698,2.770566,0.040954467,0.18718272,0.2667014,0.0667805
0.5822138,4620.1733,0.024223687,3.6701097,0.055228442,0.06963851,0.06402348,0.033624455
0.709563,1704.5739,0.0337273,1.3156323,0.043092296,0.054083284,0.044438675,0.08266484
0.58566546,3319.078,0.009728631,1.83321,0.04781512,0.07226079,0.06458801,0.07428361
0.7036115,1763.8604,0.023648033,1.3038771,0.044916384,0.077145815,0.07040513,0.09882992
0.5680087,3559.2083,0.019762406,1.9773921,0.06960281,0.052304175,0.08202398,0.13212916
0.71983767,2291.8472,1.0843875,4.108751,0.055742443,0.07478664,0.055110943,0.10281592
0.6787141,2385.155,1.1133356,2.3601587,0.060715813,0.10767476,0.05786746,0.12033265
0.6529436,3204.3938,3.1561456,4.2533712,0.040542856,0.054935966,0.065891355,0.051413804
0.6554541,4247.1577,0.862112,9.329305,0.04833858,0.15723763,0.055144496,0.04902494
0.64317334,3077.6926,2.570125,3.0946655,0.033109345,0.10191552,0.12544711,0.038087904
0.6732938,3432.1157,1.4833302,7.2485347,0.04542452,0.105570495,0.13780266,0.059184972
0.67281616,3503.273,2.3111444,8.109099,0.13961877,0.1520878,0.06522277,0.06367575
0.6597405,3225.1233,1.0525258,3.9357922,0.09638825,0.10557784,0.16049883,0.06955163
0.60357606,3175.9316,4.223833,1.6628639,0.22266686,0.18645556,0.04705512,0.05393822
0.63997597,4376.439,0.25965244,7.6987047,0.028057892,0.04637923,0.08614046,0.06410451
0.66132617,2631.089,0.45597187,2.5202532,0.04961519,0.057703443,0.0718487,0.03752814
0.5932668,4659.431,3.9687827,4.328014,0.07392587,0.07754124,0.04465467,0.1656896
0.59065217,4485.7456,1.8254024,3.6181426,0.066059284,0.17249753,0.034952734,0.09826734
0.6379961,2839.3232,1.9040114,2.2416003,0.08207187,0.335607,0.056740936,0.055560295
0.6310264,3472.345,1.6260439,3.3694725,0.09965688,0.057230618,0.057501696,0.055941682
0.6252234,3604.215,2.3246176,3.5145593,0.08446416,0.17094207,0.096526325,0.17783952
0.60330045,3726.4985,1.404628,3.1052032,0.05459074,0.10697059,0.14007482,0.18973665
0.6725375,3836.8215,1.2488245,9.247,0.05441387,0.057220083,0.033748817,0.059074655
0.64156824,4621.1353,4.179606,9.640747,0.08417155,0.12206401,0.18308267,0.07468496
0.6776767,3173.4558,1.5256875,5.5724325,0.064253025,0.103564024,0.123128995,0.05602449
0.70704824,2827.9507,1.0707847,5.5115447,0.07710773,0.15438594,0.0919787,0.0724249
0.65245074,3272.244,0.47984073,4.2712274,0.12547703,0.12543935,0.098119564,0.054784086
0.6269451,4816.763,3.2452672,8.634695,0.043495025,0.05710917,0.048924964,0.047362078
0.676249,3723.6392,0.9839735,8.653842,0.03442351,0.045027353,0.08692561,0.056282207
0.62166345,3718.9424,3.0702777,3.5990512,0.056374483,0.1260619,0.057432424,0.14961854
0.6520591,3380.0605,0.51549864,4.2144823,0.06873956,0.10732668,0.031044306,0.23458417
0.66164184,4073.8792,2.6682756,8.680802,0.04898262,0.08071221,0.06319296,0.12097845
0.6527314,4195.7686,1.7644607,9.073311,0.04542226,0.06683783,0.051060364,0.067146696
0.6486798,2831.1511,1.9496285,2.3619258,0.07046228,0.08599922,0.07342745,0.041638125
0.6425515,4616.899,2.1398542,9.4692,0.049448017,0.07116972,0.06377034,0.05890292
0.6545753,4510.29,0.4685266,10.445189,0.031198261,0.11534645,0.02874298,0.030652577
0.6313032,4686.5806,2.5031238,8.34328,0.057568733,0.041932285,0.07724157,0.063015535
0.68100625,3791.4387,2.450888,10.694219,0.06370926,0.07245432,0.1360833,0.05573823
0.6100947,4543.8066,1.5869321,5.0421486,0.073422045,0.086607784,0.06672652,0.03702317
0.70397747,2691.1309,0.27184623,5.746496,0.1510809,0.08729147,0.061352003,0.047193192
0.595176,4477.8853,4.47121,4.40178,0.065062985,0.04388352,0.077842295,0.07883751
0.6507608,2858.193,0.18802372,2.6313927,0.048680745,0.10687742,0.057039674,0.06339467
0.643435,2523.7368,0.24320966,1.7992358,0.052166894,0.09577581,0.05113858,0.061956193
0.6262659,2118.2397,0.028663624,0.7943634,0.04910563,0.27981487,0.12757066,0.048248332
0.6369592,2083.4404,3.1750684,0.91007614,0.04981693,0.102356076,0.08191665,0.042611226
0.6635914,3311.4355,0.39013886,5.6772537,0.11549456,0.057793982,0.06599353,0.13871095
0.6745386,3097.856,0.47488517,4.4022064,0.13240676,0.047898114,0.049728796,0.12963389
0.67101073,2980.336,0.49679726,4.5947957,0.13203107,0.04791815,0.05006063,0.12999427
0.6233066,4157.5957,1.9157968,5.300007,0.06610499,0.15215859,0.064161986,0.10764203
0.5877564,2229.0725,2.1329894,0.6412668,0.10687229,0.20304058,0.11752693,0.046578288
0.6108955,2286.0623,1.8053969,0.86352694,0.08547859,0.082583636,0.03185848,0.049415313
0.6237961,3522.0222,1.5170434,3.389354,0.046957515,0.05712893,0.19634092,0.12599021
0.5902596,3948.563,2.199265,3.065138,0.032825038,0.054187637,0.26596224,0.08235234
0.6427553,4575.7754,1.7066916,9.991733,0.05945995,0.0552741,0.36857882,0.118109435
0.65135545,4362.9146,1.4255852,10.618707,0.069940224,0.05614236,0.29529586,0.08292797
0.6967403,2615.6135,2.0912075,4.9600105,0.058862377,0.089578554,0.0375104,0.059608873
0.688856,2150.3367,0.22203746,2.0882318,0.10858842,0.105241254,0.10774715,0.08462611
0.659499,3232.531,3.7242951,4.4497614,0.12081249,0.12444118,0.091631964,0.073003836
0.6515529,3412.3857,2.87894,4.5065255,0.115693174,0.12624013,0.08448736,0.06550144
0.6660229,3820.7068,0.8050352,8.994129,0.045234002,0.053982,0.051410004,0.024871008
0.6292276,4391.2505,0.08926499,6.783052,0.08864683,0.0746847,0.14811555,0.40784678
0.64604604,3463.81,0.52616656,4.2824492,0.049648535,0.11457443,0.08339697,0.019160826
0.6598955,4332.4805,4.0554914,10.576358,0.057104867,0.10478736,0.11026862,0.06049116
0.6553411,4017.198,1.4878906,7.7107425,0.045455854,0.112251155,0.0726695,0.06262159
0.6682133,4166.215,0.5302857,11.105936,0.039060228,0.16927001,0.05450853,0.051794842
0.648936,3974.5737,2.9151127,7.0119934,0.17077121,0.1045696,0.24540591,0.07603535
0.6523126,2489.2231,2.2443974,1.7422084,0.07886516,0.08740726,0.025135608,0.049750403
0.6230186,4916.185,3.1304443,8.980296,0.19932298,0.059406374,0.30616134,0.0791516
0.62888545,2634.0881,1.1665747,1.7997088,0.07670559,0.08878364,0.15734369,0.13194427
0.65038645,2425.1165,1.1096979,1.6948975,0.075825915,0.09385133,0.17312934,0.13529061
0.73660696,1598.9683,3.4466984,1.3671521,0.05148328,0.35456693,0.03772573,0.05689842
0.6739607,2201.0166,2.0934677,2.0064857,0.05190287,0.33970094,0.0708184,0.071779065
0.6742179,2459.456,1.9397085,2.0846617,0.060844507,0.31944245,0.08707525,0.064303644
0.66487044,2388.787,2.0150928,2.195336,0.060534168,0.3142681,0.08669747,0.0649456
0.5776346,5257.1655,1.911878,4.384031,0.14985134,0.19326945,0.07842253,0.08617068
0.67213976,2443.7627,1.7535906,2.3972068,0.09551084,0.0835969,0.032276105,0.10670532
0.6553042,3093.4102,0.9565831,3.8674645,0.07265146,0.07179558,0.05306526,0.07783072
0.6380282,3221.276,1.4354811,3.3227973,0.06322618,0.08179003,0.074673034,0.07632648
0.6193363,3837.944,1.2782955,3.907859,0.06303917,0.13754675,0.051892713,0.061386067
0.6178226,2470.0715,1.3583534,1.2151603,0.14641775,0.03882876,0.08485876,0.051370405
0.65352505,4497.1943,0.6058087,10.599759,0.05860307,0.21702285,0.16885185,0.088285886
0.6645032,4235.1274,2.3615496,10.966045,0.036565468,0.08426285,0.022113135,0.30399007
0.65448266,4616.729,1.657206,11.434254,0.047144968,0.103248924,0.047817014,0.32753596
0.628524,4227.993,2.3371568,6.784351,0.04819293,0.06753477,0.09309875,0.3683216
0.6289561,4558.495,1.4910688,7.43037,0.117276244,0.058857873,0.13887063,0.11673125
0.58889705,6292.6587,1.7253913,9.325835,0.10826657,0.0775322,0.116293676,0.09890205
0.73234755,2733.6182,2.0750177,11.26107,0.07127616,0.047223344,0.2333421,0.037814215
0.731508,2720.3376,2.036957,10.983431,0.07429927,0.039550312,0.30412364,0.034655984
0.61951286,3937.4255,2.170612,3.9089806,0.07345614,0.04183125,0.26837146,0.023743946
0.6824402,2749.8477,0.71527106,3.9130945,0.057921525,0.0644164,0.16517234,0.048325963
0.69629693,2310.2263,0.92063636,2.8359938,0.048294954,0.05322183,0.08844027,0.05051049
0.65385604,3196.2808,2.5474577,3.873327,0.07656057,0.047219753,0.045093007,0.0374377
0.6458179,2515.5728,3.2480288,1.7948637,0.09704386,0.048223298,0.050985638,0.031175649
0.67241853,2124.2666,1.3432763,1.551305,0.041429117,0.17496812,0.06001176,0.0984246
0.6601292,3296.4895,2.3690627,4.567488,0.03484786,0.15102659,0.05044034,0.08221021
0.6808055,2955.325,1.2008793,4.856797,0.030828131,0.1257438,0.030702438,0.05119626
0.6808852,1703.3202,1.074395,0.7738544,0.08843373,0.13199817,0.41308108,0.073749945
0.6589364,2115.562,2.239303,1.3470616,0.10460155,0.13084923,0.46955246,0.060649086
0.5704223,2610.2595,0.43466544,0.75362605,0.09355566,0.1522857,0.52495766,0.07405565
0.64721775,4454.725,0.58727753,9.724488,0.14626184,0.05948417,0.023987185,0.050918084
0.5916725,1620.8187,3.4878078,0.3052578,0.12925689,0.08251967,0.2662392,0.10904318
0.68493193,3826.2354,2.3949027,10.908942,0.047479637,0.06946802,0.035134114,0.11233313
0.6654938,2441.6248,2.6905372,1.854392,0.07472837,0.11574245,0.19858058,0.045337576
0.57249993,2418.3877,1.1204761,0.85599107,0.122931,0.11404318,0.37001163,0.12357437
0.6338076,4726.6694,1.3003454,9.935746,0.060089186,0.04703493,0.08843134,0.104145736
0.6244865,4302.6313,0.43869168,6.309984,0.06674402,0.041055575,0.113578424,0.046971112
0.64050186,4198.862,0.26828825,6.6285133,0.06356963,0.0362797,0.10923678,0.038966052
0.6860128,3191.7783,3.882751,7.3880615,0.0512427,0.2810541,0.041716695,0.18537453
0.5990071,3052.5537,1.4266288,1.5495851,0.048191298,0.33285096,0.05209985,0.14531516
0.6488427,2572.219,2.4186103,2.1746974,0.042711742,0.3985952,0.06774495,0.1289899
0.6266798,3613.2188,1.4871149,4.3365088,0.11306163,0.045967788,0.09682772,0.10086746
0.7022221,2222.9749,0.8964009,2.8861394,0.09865926,0.0570285,0.05545556,0.08182099
0.662216,4016.591,0.99535024,8.396568,0.12358905,0.0634924,0.07007569,0.056218963
0.6075478,4355.0806,0.506149,4.8580966,0.08436732,0.062373705,0.080538526,0.0661536
0.6535297,4580.7734,0.5451711,10.870971,0.106426194,0.21308377,0.06474022,0.05461788
0.69812196,3421.1804,0.5757752,11.148356,0.047079753,0.08051802,0.051334657,0.0581299
0.65447164,4418.1816,4.6669602,9.6438,0.06614775,0.10212719,0.027273089,0.04894013
0.53124833,3195.3623,0.19786271,1.0174819,0.2436853,0.085117936,0.25192943,0.100004286
0.6189704,4074.2205,0.2710584,4.343363,0.20055643,0.13652737,0.20962638,0.08018308
0.6613173,3167.017,0.6607235,4.570122,0.19980508,0.037749216,0.17901093,0.069116585
0.6521011,3101.8704,0.6918583,3.4563417,0.029710269,0.23088592,0.071944125,0.10934314
0.5791217,2858.313,1.5989028,1.1124027,0.20372102,0.15145954,0.06474429,0.03499809
0.53985494,3433.2869,1.3797385,1.1249932,0.16821927,0.15523697,0.0492037,0.04394457
0.68997085,2249.1445,3.116285,2.2709718,0.07207808,0.059574008,0.0799406,0.07315354
0.6119463,3074.2844,3.6517143,2.154118,0.075628124,0.11418809,0.091838524,0.11197607
0.65838534,3251.0732,1.3424209,4.60936,0.069452345,0.14056568,0.06059743,0.07232626
0.6034245,3144.3354,1.805094,2.1193278,0.06202388,0.028586403,0.14662592,0.13532464
0.62295306,2488.3994,1.5059756,1.3768232,0.07780441,0.054811418,0.16755736,0.13487665
0.5406935,2625.9678,2.0967102,0.74419415,0.055614926,0.06196949,0.19792107,0.14825909
0.49967405,1989.011,2.30049,0.32677764,0.032272074,0.049686547,0.16746452,0.15091561
0.6693936,2017.706,1.2718617,1.314917,0.05708325,0.03597342,0.07549319,0.11325866
0.65841603,2065.5217,2.0199409,1.1366756,0.05423415,0.04805418,0.070261225,0.10400784
0.7187139,2852.0703,0.88000053,8.386143,0.29983738,0.13866052,0.07324991,0.095211886
0.5301659,1872.8666,1.2838563,0.3204885,0.10045433,0.10166446,0.19810411,0.023830676
0.46854767,1192.5809,3.2341683,0.047418583,0.14705001,0.09001496,0.124333225,0.059984963
0.456445,1774.2987,0.9243585,0.17404713,0.11921693,0.17945729,0.06564388,0.08986142
0.49543,1618.7878,0.8474901,0.16103186,0.12604183,0.17007098,0.07137283,0.08394212
0.6941652,2553.4104,3.5973635,3.419502,0.07981902,0.1276284,0.067325905,0.12823075
0.69407487,2510.0796,0.6455507,3.1293173,0.08528557,0.09167309,0.04960653,0.10043958
0.64575315,3253.3818,1.0170524,3.3323457,0.07388044,0.101515576,0.060934804,0.119237505
0.71852607,2909.1187,2.979781,9.388788,0.052880347,0.04696062,0.07460758,0.43048936
0.5935886,2098.9539,1.0768659,0.60295755,0.11515583,0.045990884,0.052014224,0.26055968
0.67424226,2168.008,0.5851002,1.9869297,0.11144744,0.039604776,0.05011469,0.34859377
0.6624005,2263.0225,0.5685689,1.9106319,0.14116536,0.045929816,0.05341131,0.36006197
0.6815184,1518.2703,0.5745312,0.5675702,0.11774306,0.13839304,0.04075846,0.08904801
0.5827139,5462.3594,3.734403,5.719891,0.063938245,0.15955752,0.058957268,0.06721161
0.6249208,2645.3901,0.55931413,1.5330712,0.040996946,0.14293057,0.049606673,0.03976951
0.67018086,1837.0697,0.31398666,0.9486705,0.065089546,0.1288243,0.04931674,0.04041715
0.6551206,3942.7202,3.775651,8.888859,0.09141977,0.05453904,0.11527024,0.111967266
0.71597105,2223.2017,0.9582417,3.412068,0.058049142,0.09208672,0.07918287,0.10969785
0.6920875,2700.672,0.9877781,4.2784085,0.047801785,0.08070445,0.05571421,0.14157535
0.72391415,2317.6226,2.1142302,4.7327695,0.07490623,0.06656264,0.045618415,0.09778526
0.613237,3952.8423,0.85217375,3.7055807,0.07325178,0.08473523,0.036540892,0.11087099
0.6590247,3585.3503,0.88105243,6.365425,0.28516522,0.09032406,0.101442486,0.039031036
0.6454269,3548.2063,0.9701118,4.488968,0.04138099,0.13390826,0.06112376,0.26615268
0.62536097,3558.2068,2.2976072,3.1371722,0.06329263,0.11457386,0.050651163,0.1524651
0.63333714,4127.257,0.7136485,6.0900106,0.07820586,0.055657014,0.09791724,0.03438252
0.6524028,3731.5303,1.7887423,5.760299,0.08073249,0.058364592,0.085487664,0.035744883
0.699386,3155.1663,2.4342785,8.80918,0.054463558,0.040542915,0.049992237,0.054863974
0.6916813,2510.821,1.28632,3.3837178,0.05794596,0.14014456,0.14254372,0.069055215
0.69370073,2622.1914,1.238921,4.0462275,0.056780126,0.1422644,0.14053313,0.066908844
0.6501044,2249.69,4.0200715,1.3493133,0.046963632,0.089779496,0.13138595,0.05709407
0.6687513,1829.061,3.3364882,0.8954948,0.043044053,0.1011866,0.11571869,0.07078997
0.5958082,2959.6956,1.0817959,1.493259,0.038532592,0.12669335,0.09523105,0.041031767
0.68430465,2481.382,2.0647306,2.8437872,0.04740841,0.080495685,0.11635097,0.104888536
0.6449623,3307.6838,1.1304127,4.020437,0.051545564,0.0440315,0.09957195,0.08291435
0.63324517,4202.3633,2.8370712,6.353522,0.048367135,0.044173863,0.13573346,0.08475586
0.6735071,2477.121,0.3234083,2.4715714,0.03813679,0.17421032,0.02325577,0.032126796
0.6757073,2290.1626,0.33795795,1.9308187,0.033094414,0.19426787,0.025230702,0.029433709
0.5943269,1729.3651,0.12841815,0.40138608,0.08913502,0.16282503,0.085199885,0.057218038
0.62343055,1860.882,2.2598424,0.600078,0.054949407,0.040456995,0.15825127,0.072171
0.5756966,3384.2659,2.1046805,1.9005319,0.05378528,0.0531899,0.16037431,0.07467576
0.6485884,4234.6953,1.7714207,7.5522323,0.08219882,0.086019605,0.048387643,0.101266414
0.63636744,2735.7834,1.4335642,2.1511533,0.053673677,0.049840335,0.077246726,0.098176874
0.59339035,2735.9253,2.0264523,1.1400465,0.124655396,0.09951549,0.07877706,0.059788454
0.65872663,3790.9526,2.0220802,7.6992226,0.1965343,0.044587545,0.08656514,0.062290233
0.6619585,4044.9375,1.7683182,8.966285,0.13627586,0.066198155,0.35457346,0.080912665
0.62710273,4051.2217,1.3520443,4.2790523,0.13175221,0.082090266,0.2978599,0.10535983
0.6718747,4220.6426,0.68531746,11.561515,0.112842314,0.21239074,0.105983734,0.07915749
0.6620604,4526.8403,0.4895514,11.358861,0.089281455,0.21462096,0.09547799,0.09730482
0.58156824,3204.6199,1.5914539,1.410964,0.15899979,0.13719176,0.030099405,0.08304867
0.65600866,3819.951,2.3107889,7.438884,0.29175985,0.085253306,0.09971777,0.13498957
0.57599145,2849.0303,1.3819075,1.0587553,0.13949375,0.105802566,0.035840776,0.12962942
0.60999984,4402.8315,2.5007944,4.7767744,0.14176758,0.16163552,0.054022443,0.06719366
0.54206353,1704.3037,1.5838087,0.25225753,0.14189854,0.18614256,0.037107967,0.03938038
0.62172526,3916.27,2.4410236,3.6227264,0.15896347,0.1217722,0.2601561,0.08374207
0.7237317,2123.5415,2.7798953,3.1356652,0.049627066,0.06844294,0.032234196,0.17098229
0.6162418,3450.514,0.21979357,2.9205601,0.037048835,0.048144765,0.04621148,0.19543175
0.67415917,3646.0864,3.5500424,7.682595,0.041956592,0.1897336,0.09922534,0.29187885
0.5973744,4181.489,0.98332304,4.0382123,0.055110287,0.22501816,0.122862056,0.12793201
0.7146252,2635.1692,2.4464223,7.2677264,0.14163592,0.094819166,0.2855992,0.025733756
0.6447563,3462.6423,1.1396424,4.7160664,0.16716556,0.06583398,0.34570253,0.10320204
0.50952095,1611.7103,0.08793163,0.17835715,0.22231366,0.0654948,0.059412904,0.3211186
0.5611507,2272.2566,3.0588465,0.5692589,0.20773344,0.19683883,0.21869051,0.10250994
0.7086032,3101.6458,2.7482626,10.91559,0.083213635,0.051122576,0.031018974,0.042597473
0.6696947,3126.122,0.63377696,4.851146,0.07556066,0.044648677,0.05715915,0.07422179
0.6711888,3044.6187,0.7838304,4.3913846,0.048664432,0.29472095,0.063499294,0.061528094
0.6259329,4722.12,3.5013275,7.710211,0.050623626,0.26741192,0.09698585,0.12166848
0.63007283,4783.7314,0.32294142,8.124147,0.06269201,0.3936846,0.06956586,0.1395692
0.6120385,5258.0884,1.3070035,7.7439246,0.1156391,0.25276864,0.101246335,0.06449875
0.5707049,2083.521,0.5295757,0.5163549,0.065087594,0.050295264,0.22399308,0.055850316
0.6059722,1749.2753,1.6866494,0.46042156,0.07242587,0.08946447,0.18138957,0.076639414
0.6425725,2653.5144,1.9053739,1.8895451,0.13748825,0.053992555,0.07011301,0.026771545
0.67075145,3919.0974,0.08334787,9.587377,0.081901826,0.11760847,0.061034665,0.06349966
0.6989575,2614.4883,0.10100075,4.613806,0.069254205,0.08088373,0.08639425,0.068332024
0.596663,2550.138,0.9886662,1.1210058,0.08091179,0.03150818,0.099364966,0.1383139
0.6993853,3316.2747,0.26892278,10.370796,0.11309619,0.24070524,0.04979209,0.037483186
0.6414311,3129.157,0.2059342,3.0890965,0.11984471,0.03689595,0.061671432,0.05848397
0.68304306,3057.9863,0.18388928,5.525911,0.099188276,0.056136858,0.11945313,0.09362121
0.6705693,4193.532,0.20805448,11.773394,0.088559546,0.13434845,0.06820355,0.04268806
0.6459261,4977.4907,3.4640882,11.644806,0.19308063,0.07516316,0.07575909,0.029160555
0.69418985,1523.7006,0.55428916,0.71248853,0.14721748,0.044284333,0.033571877,0.033237617
0.6934403,1864.5742,1.1033329,1.4159248,0.13716921,0.039886955,0.03446445,0.037206985
0.5637065,2616.723,0.3484439,0.7859423,0.09871886,0.10383527,0.044327304,0.055072207
0.562862,2419.4492,0.49988562,0.59882575,0.0942925,0.12181726,0.03802198,0.05679854
0.6398248,3352.2837,2.131495,3.1463375,0.10217548,0.26989323,0.05220381,0.070198715
0.5856023,4453.7085,1.0414925,3.5977328,0.10773305,0.32000694,0.057314962,0.076947056
0.6254397,2322.5266,2.2296798,1.0903345,0.04878014,0.062176485,0.11371214,0.038213838
0.6221884,2296.9805,1.646332,0.96145105,0.06509347,0.07927377,0.09427782,0.035549473
0.7016879,2308.634,1.9265244,3.3424454,0.056265235,0.08655062,0.15043087,0.036512665
0.5883438,5782.3813,2.545988,6.447119,0.11803765,0.066275366,0.057645813,0.20352106
0.59133756,5196.3228,2.6607814,6.171119,0.12404688,0.08083557,0.06449579,0.16247246
0.6869058,3188.6309,0.6047782,8.280972,0.512537,0.05651249,0.17227413,0.18008825
0.563382,4921.1226,0.72104484,2.9335694,0.20454277,0.2270073,0.16408129,0.07111119
0.61303824,2011.5349,1.5733659,0.6257983,0.15886094,0.07918735,0.057114426,0.10983836
0.67864776,3915.514,0.34191778,11.426094,0.03002042,0.059457157,0.055478953,0.027446898
0.67938095,3936.3103,2.9948437,11.696878,0.16107012,0.28461176,0.106873974,0.048754398
0.6110423,6069.1265,0.39068982,10.394608,0.16873449,0.164019,0.067066446,0.06419493
0.6523181,2824.7273,2.4607599,2.6996908,0.1637609,0.09328817,0.18616377,0.04354075
0.6313244,4234.8706,0.77524334,5.931594,0.03775971,0.048024412,0.09630953,0.06682467
0.6851742,1912.9365,0.8809685,1.2582964,0.050024003,0.054270253,0.07181583,0.09857128
0.5684434,3503.8313,3.116352,1.7241334,0.06728258,0.07040559,0.06807489,0.07983832
0.6845516,3475.7505,2.0977468,8.914248,0.06702302,0.07441537,0.051775657,0.062131096
0.6593167,2575.8633,1.1705459,2.18676,0.05127719,0.15406728,0.12462553,0.06519072
0.65299994,3119.352,3.338096,3.4738557,0.052465316,0.22430296,0.10105131,0.15250885
0.61282116,2488.4263,0.8273304,1.13151,0.07693383,0.096301034,0.09145753,0.17368516
0.6837946,3151.313,3.1201868,5.6944027,0.05824228,0.14493613,0.05396817,0.14844216
0.63314,4263.8613,2.4327016,5.821145,0.048738953,0.22932553,0.03381045,0.19764487
0.6450207,2951.8618,1.5900637,2.950245,0.08425425,0.034948677,0.10731846,0.1136931
0.6322758,4080.5176,1.7154003,5.5216904,0.042296626,0.20436992,0.0322351,0.13141665
0.6545322,2935.661,2.1122553,3.3934543,0.055209722,0.15273394,0.053626988,0.28883386
0.6741635,3407.5686,3.3549533,5.73473,0.050162386,0.16239338,0.04233387,0.360672
0.6621994,3898.4456,1.2277116,8.865607,0.06216734,0.14918599,0.05075591,0.21466945
0.67180085,4172.5947,1.8700349,10.281494,0.07316201,0.15071523,0.04145092,0.21545318
0.70194286,3502.503,1.7309794,11.629972,0.061368182,0.08973979,0.1256696,0.09326084
0.6658345,3459.741,1.3994184,7.293772,0.08220272,0.031055566,0.21144266,0.07132165
0.6694619,2839.3745,2.7301462,3.4181757,0.046458617,0.1098595,0.03698812,0.054716926
0.67624503,3297.2766,2.3601544,6.288751,0.113040954,0.07331975,0.09611441,0.04931707
0.64865893,3018.899,2.9257514,3.191811,0.11259233,0.051009614,0.16051972,0.0488794
0.69570094,2525.166,0.013061301,3.8434827,0.15094182,0.055444546,0.14536464,0.039091095
0.65348357,2980.562,0.033878446,3.1939886,0.14466366,0.06663895,0.1339189,0.06478543
0.65608764,4649.333,0.11272992,11.015474,0.17069979,0.0738812,0.037557065,0.14307211
0.6451699,3045.1,5.253164,3.5795176,0.32753772,0.12976952,0.07040023,0.10144599
0.63407403,3448.3733,5.308908,2.9810495,0.33692604,0.1341534,0.060968257,0.08932148
0.66207296,3611.0752,0.7189552,5.822486,0.31490022,0.16376933,0.07475715,0.053182494
0.67713434,2996.875,2.842992,4.573953,0.0597341,0.03560448,0.045846373,0.042672694
0.6366354,3909.5215,2.8356767,6.0166874,0.07484363,0.05058915,0.11770688,0.055464115
0.64186954,3786.9946,1.2428434,4.8213067,0.073672935,0.09126502,0.14333802,0.07604331
0.56459695,2994.6455,1.253306,1.244467,0.07256505,0.066080615,0.26392713,0.071374245
0.68121153,1867.8362,2.203785,1.0922185,0.17681658,0.1037219,0.39553547,0.065415196
0.5547252,2865.0708,0.15166874,0.91824496,0.20054522,0.079913676,0.31535178,0.044363316
0.6426391,4446.7515,4.168265,7.9959574,0.27993068,0.37227148,0.12769634,0.061455976
0.6270434,4858.7915,0.47167125,7.6808405,0.10136637,0.21922565,0.07897595,0.1392132
0.63111544,3502.9036,4.219896,3.6956747,0.06633733,0.22924805,0.06471472,0.1887797
0.58378404,2637.1067,1.6672573,0.97769535,0.093636885,0.34051287,0.060751695,0.23941614
0.6877122,3452.8606,2.3015416,10.214451,0.07251235,0.08202039,0.092815116,0.074619435
0.62122846,2593.7434,0.69359976,1.4242618,0.10723733,0.054401457,0.18708831,0.0696465
0.616921,1776.6357,0.31797138,0.4868413,0.101603374,0.11759381,0.30828893,0.041053586
0.60773075,2114.7415,0.35275656,0.7344537,0.10120161,0.116020806,0.35533726,0.039018445
0.61667264,3545.2258,0.74216986,3.0587502,0.12931211,0.11347822,0.101137646,0.033401843
0.61819303,4517.9062,1.3992436,5.3697615,0.10182915,0.13705416,0.03283258,0.07280358
0.6027251,3663.8396,2.2163334,2.7362578,0.2789554,0.2673861,0.082395405,0.056393344
0.6030991,3993.623,1.1478978,3.1027477,0.22909236,0.068231024,0.06712693,0.053352162
0.62840956,3808.1396,1.1780176,4.324206,0.028531706,0.12514773,0.07109227,0.104677536
0.6460486,3618.2307,2.0248969,5.2200093,0.08391505,0.036460456,0.086771294,0.044081565
0.69990444,2787.851,4.114954,7.0501485,0.114653625,0.06176979,0.17307238,0.049038615
0.5476684,4248.9756,0.3584482,1.7455475,0.12092237,0.23143932,0.05214061,0.106988646
0.55939907,4919.241,0.42276335,3.1537309,0.12791076,0.16651043,0.07800824,0.101626486
0.6432794,3279.0005,0.97406006,4.2995205,0.09749339,0.17099114,0.11149674,0.13651761
0.57840824,6754.407,3.2073677,8.644881,0.113309085,0.07220985,0.067207545,0.23962604
0.70935047,3254.4597,0.9000634,11.710766,0.06557764,0.050788254,0.15798219,0.11783115
0.6407766,5141.2627,0.30811906,11.536093,0.07525206,0.04816474,0.04070604,0.11819623
0.6932955,3270.8342,0.7982585,8.155989,0.056391463,0.117996454,0.043980114,0.18901414
0.65155756,4424.319,1.3404284,9.2983675,0.07006502,0.11831873,0.041916512,0.28542334
0.6310787,2866.7568,0.6797069,2.361364,0.51263267,0.04716028,0.095460966,0.09867302
0.67847943,3647.6155,2.711626,10.135075,0.537595,0.047936514,0.09426463,0.100363314
0.68140554,3142.6443,1.2338295,5.780205,0.048906446,0.08793308,0.06317886,0.029541364
0.6458575,3453.5867,0.40885115,4.598121,0.1483906,0.04033019,0.05549443,0.0535719
0.5963565,1935.0349,1.7425469,0.47631243,0.16422012,0.10667528,0.06402904,0.09985372
0.71326387,1797.4706,1.6530198,1.761147,0.07343719,0.042160355,0.043968067,0.3687023
0.44334847,1386.9883,2.0406032,0.08803437,0.043301187,0.039396334,0.08676999,0.14644462
0.48210505,1169.6082,2.9314628,0.04344679,0.056730114,0.034495246,0.05135086,0.118316725
0.48283863,1190.8282,2.7546217,0.063701086,0.052969836,0.032481365,0.0527386,0.116171606
0.47116402,1128.207,4.628299,0.030941963,0.0771434,0.07053946,0.08675408,0.090833664
0.4453879,1125.6359,0.20876041,0.026543949,0.06567706,0.052624866,0.17881233,0.20707768
0.44439057,1169.9127,5.5397754,0.02147418,0.053610474,0.06166054,0.085024014,0.11789559
0.43898073,1142.7675,0.3610995,0.025420751,0.03616573,0.045664456,0.071103744,0.13485655
0.50210917,1054.3582,0.109659255,0.028209832,0.041319422,0.032307066,0.09277907,0.0701248
0.4190992,1210.2498,0.91112584,0.016702013,0.11884981,0.10378867,0.0522452,0.070350446
0.4453199,1144.856,1.2118055,0.011409227,0.09489493,0.08768152,0.07549011,0.063557275
0.4352176,1341.674,3.5531569,0.056625903,0.05624909,0.05709237,0.073904335,0.09015929
0.65186185,1822.6793,0.61530554,0.68080264,0.06508046,0.072676614,0.44764346,0.08364858
0.6262863,3295.6318,3.3207848,2.5963116,0.1054928,0.054289132,0.08171875,0.06100922
0.5856197,3301.362,2.3804884,1.6333818,0.08494641,0.068411455,0.12365607,0.06787145
0.5683354,2971.8008,0.44798175,1.2938027,0.11197015,0.042181082,0.18726254,0.051842667
0.78320473,1157.707,2.1307962,1.0757248,0.11438875,0.08216628,0.028909195,0.14511812
0.69678557,2008.9669,1.757915,1.7897042,0.1039339,0.079461046,0.036667034,0.06496273
0.68895173,2921.6902,2.445786,5.305688,0.084308684,0.08702671,0.043452114,0.04319116
0.6761401,3092.5752,2.4253054,5.46911,0.06822056,0.064088345,0.08787341,0.07076579
0.5858109,3222.3403,0.6255477,1.6687752,0.09647049,0.07573204,0.0743578,0.08344497
0.6496945,4719.991,1.5582196,11.539319,0.04748127,0.06060409,0.10915501,0.107546225
0.66748166,3117.81,0.64929426,4.3614125,0.05730059,0.063371256,0.04448376,0.054618806
0.59932524,4073.9675,2.3640497,3.361464,0.19490455,0.101660386,0.06799112,0.047515877
0.6276354,3770.2593,2.369732,4.41111,0.034501355,0.1317555,0.14463797,0.054307826
0.71471524,2316.0842,0.88548243,3.4823456,0.04337377,0.11557854,0.19218092,0.04299751
0.67250144,3863.7478,3.0102654,11.335233,0.08002038,0.08061814,0.06413928,0.10485278
0.6044095,6625.108,1.0767742,11.380899,0.07354951,0.11626484,0.08572535,0.0456629
0.5324936,2098.0261,0.9233891,0.4563657,0.0599338,0.057456076,0.12640356,0.11908574
0.6504114,4168.1777,0.71623164,9.361099,0.5918679,0.09892077,0.13721262,0.09853201
0.64339703,4801.5024,1.8779409,10.142268,0.09352544,0.34986556,0.03353789,0.11176617
0.46203655,1119.0829,2.8540938,0.025944963,0.10907912,0.05076965,0.22858721,0.042835727
0.70077324,2426.6094,1.3053614,3.6791239,0.1141357,0.06591513,0.041296516,0.053803504
0.61413276,4273.4565,0.9058959,4.7015553,0.05045285,0.11371027,0.040449724,0.03978501
0.70035917,3044.4924,2.9966283,7.532369,0.055416267,0.14345586,0.06326712,0.03607903
0.64215,4160.0854,0.97845167,5.794938,0.15573539,0.08068821,0.06955183,0.06037054
0.59994495,5060.027,2.727228,5.9074287,0.09728896,0.050361153,0.062811896,0.07188664
0.6153034,4673.4937,3.0436728,6.496217,0.0931591,0.050920766,0.06112376,0.07686209
0.56766677,2584.7297,1.9741886,0.900763,0.19671492,0.052098967,0.1395011,0.12119116
0.6409344,1799.2249,1.7317675,0.6754954,0.21963063,0.043845005,0.15038939,0.10637891
0.59593695,5050.1406,0.47235364,5.1825104,0.21696457,0.24255647,0.0330358,0.030338753
0.5659871,5337.7075,0.56601524,3.8458629,0.17255926,0.21649393,0.03703359,0.029089775
0.65501505,1660.2903,3.6396239,0.5922015,0.084764816,0.07134718,0.07408297,0.060978375
0.57250386,3292.4163,1.2258921,1.515485,0.10824869,0.05590775,0.029461391,0.0805062
0.6952475,1878.3687,2.8306775,1.4541795,0.03905547,0.07746583,0.078164205,0.033413418
0.6587399,2073.947,2.285368,1.1810931,0.033520937,0.07495384,0.059147518,0.032000355
0.5941682,1824.0762,1.5326349,0.43012077,0.08892396,0.049222615,0.08517754,0.09074031
0.6362344,1617.9498,2.6021395,0.45888174,0.06806262,0.055806153,0.06702177,0.10351068
0.6227182,4812.2236,1.5587325,7.5498576,0.042915024,0.07056981,0.047419418,0.075412795
0.6643634,1611.2831,2.4377882,0.59255624,0.052031603,0.0809522,0.101130076,0.14795575
0.5493109,4451.7715,0.83282894,2.4296992,0.16605398,0.06387582,0.06215993,0.49040854
0.5430085,3967.076,1.2196469,1.7095956,0.17073122,0.066048734,0.051096242,0.40403467
0.68303335,2231.7668,2.5901005,1.9691439,0.03313604,0.27369145,0.0648023,0.035928838
0.66511923,2674.7297,2.3488994,3.0263677,0.112799466,0.041792583,0.074263364,0.16210365
0.53615004,4038.4177,1.7548766,1.7378896,0.080783166,0.10641303,0.10226951,0.15874122
0.73513454,2540.574,2.470835,10.11676,0.1483818,0.040919986,0.2877435,0.031953834
0.65390617,4429.488,1.1652318,10.230153,0.108677566,0.0395502,0.17228639,0.046101302
0.49554402,1056.4359,0.5778098,0.025191799,0.058221415,0.18156679,0.046352245,0.2157976
0.48288363,1065.92,0.45994556,0.013747338,0.068404555,0.15404676,0.03224407,0.22177066
0.4867005,1079.0442,0.21155721,0.018714793,0.045422085,0.15318032,0.039467853,0.17839944
0.58858174,1604.1857,0.058478672,0.32927424,0.08400647,0.21222746,0.12401379,0.19976583
0.60410815,4463.3486,3.4939127,4.344859,0.11007141,0.061587255,0.063711464,0.04481268
0.62610793,4133.475,3.19082,5.0246916,0.1037452,0.061686005,0.059937272,0.047822986
0.6975293,2357.9407,1.9258238,2.9335928,0.06254973,0.044445425,0.06729859,0.032359686
0.63176477,4872.4478,2.145935,9.043902,0.16953069,0.11313945,0.04650098,0.094735086
0.6684418,2840.8816,2.411664,3.1934435,0.10589342,0.13391826,0.05139253,0.10277861
0.65626395,2361.522,1.8726115,1.7561883,0.040912405,0.11571544,0.07575118,0.068795204
0.6680507,2907.8542,1.7622167,3.7262523,0.11914964,0.087427415,0.04984113,0.04871352
0.6743084,2819.398,1.4474953,3.386084,0.11059755,0.090399995,0.06389418,0.04409097
0.6743282,3326.521,1.9270436,6.124326,0.13337298,0.13583371,0.050350204,0.122771226
0.57231456,2293.2056,1.2663184,0.65558076,0.16239181,0.0725653,0.08333397,0.08370612
0.6151766,1925.3339,2.2238715,0.648958,0.22272043,0.08195693,0.199732,0.090950385
0.48759815,1265.045,2.7661753,0.07352734,0.13953483,0.065595075,0.101877645,0.070407316
0.44535488,1077.8289,0.96018267,0.016795462,0.16557778,0.04307365,0.0619892,0.057915464
0.42735305,1137.3757,1.8221705,0.016175585,0.10577633,0.057748377,0.06587103,0.10658041
0.4550196,1096.9528,3.73524,0.023625102,0.14832008,0.039622985,0.12123931,0.08580801
0.47150722,1149.741,2.2724144,0.026985545,0.042822197,0.12179821,0.050686836,0.059465777
0.45965475,1175.244,0.67248344,0.030408122,0.07446282,0.07023911,0.03799262,0.053966895
0.452719,1151.2043,2.9605582,0.025615493,0.03176376,0.042186063,0.0870115,0.02767117
0.4678856,1096.1145,1.8676807,0.014708372,0.06236239,0.03778506,0.07272355,0.06575548
0.4692806,1187.717,1.6565355,0.06205348,0.13282095,0.034998998,0.091742404,0.040488433
0.47484866,1265.3766,3.372888,0.048333094,0.10793207,0.12353534,0.065617725,0.077458814
0.45564002,1242.827,0.82259095,0.038964823,0.08344154,0.10782018,0.09222732,0.045033075
0.45327082,1137.6278,3.6551409,0.027829004,0.1360006,0.22132629,0.12365819,0.05241999
0.45026374,1486.2155,0.83135295,0.0779689,0.18962204,0.13795514,0.036783673,0.054911844
0.46503916,1085.335,3.4469547,0.012974066,0.05265593,0.045686375,0.072150394,0.04800589
0.4543224,1068.4729,0.7355575,0.01114665,0.10209817,0.10910438,0.16310859,0.049562693
0.40979037,1210.648,0.59655285,0.010444873,0.08855632,0.10218352,0.08769888,0.038534198
0.4767415,1094.7517,3.3409245,0.010278464,0.12511443,0.17739391,0.0310829,0.076957166
0.43972337,1137.0282,0.743617,0.015155011,0.17393218,0.26805484,0.05524297,0.06809453
0.4507776,1199.2522,3.6431313,0.04440195,0.082550295,0.24954638,0.04812225,0.061159093
0.47406653,1115.1582,0.6729487,0.020317394,0.09270196,0.043528907,0.06914994,0.08016385
0.4574625,1303.1112,0.42089996,0.05637158,0.0828971,0.17290759,0.086505264,0.070525065
0.5409343,1282.6879,0.71254545,0.13124688,0.055135373,0.11484272,0.037250068,0.218417
0.5255301,1264.7526,3.4383216,0.09422877,0.06372989,0.04580029,0.067309484,0.33697063
0.5629521,1925.9226,1.6864549,0.39436048,0.07317157,0.07528507,0.03237587,0.5653678
0.61083615,1576.8408,1.9382733,0.33275202,0.08353757,0.07629923,0.03154207,0.60017234
0.5010708,1224.3329,2.6365056,0.08406175,0.090607986,0.05915447,0.25189337,0.08219055
0.61882055,5592.4395,0.91116226,11.162399,0.078539155,0.0651967,0.082918644,0.09300329
0.64649755,4817.2334,3.817793,10.8021145,0.067394525,0.0806089,0.060272396,0.06791747
0.6471032,4792.0117,0.35395005,10.676429,0.18029591,0.077910125,0.055218082,0.0593681
0.62709194,4918.5625,0.17171538,8.547165,0.032331754,0.09200841,0.057997182,0.051879242
0.6704602,3781.0662,0.36006063,9.306405,0.04801989,0.09094271,0.075219296,0.028892975
0.639705,4890.0503,1.7682627,10.088011,0.09930959,0.114616014,0.04534486,0.0239206
0.577023,5571.6836,3.0961227,5.2256527,0.07856268,0.18522659,0.06106574,0.070439465
0.70935136,2546.9612,0.7954148,4.849084,0.30276936,0.310182,0.06438125,0.036727272
0.52388775,6435.3496,1.9723797,3.5667276,0.29498565,0.6293281,0.04825665,0.11073275
0.62905186,1719.1676,0.14246435,0.5126865,0.4271281,0.051332172,0.09015781,0.059783753
0.7193423,2387.7803,0.040436447,4.878473,0.19708858,0.06928748,0.056402758,0.043925025
0.68616956,2590.7227,0.018945688,3.3636053,0.23464014,0.05001174,0.05115047,0.04307244
0.70584595,2336.9263,0.011010217,3.8836346,0.24906197,0.05141464,0.041459113,0.052341986
0.6012633,5312.0513,1.6263322,6.4088035,0.052135427,0.13976525,0.12878953,0.048753865
0.71631545,2536.4656,1.4388654,4.8687205,0.027916497,0.17856956,0.11705947,0.09047197
0.61867785,5338.0977,2.1023088,9.091745,0.09940257,0.0773307,0.123710416,0.037358664
0.7009529,2777.7407,1.8017571,5.509982,0.043770835,0.08128169,0.13781582,0.055756412
0.67238617,3140.528,0.28421476,5.161929,0.046609625,0.077382065,0.042295463,0.0601602
0.64600754,4641.4917,0.43177024,9.974962,0.043339,0.059430923,0.06564122,0.047359627
0.63906276,4490.59,0.6317153,8.017085,0.05103376,0.10515748,0.29601985,0.043968435
0.68848693,3344.9802,0.11266788,7.984522,0.045171503,0.10199299,0.1095607,0.052548338
0.75037724,2183.2234,0.10314525,6.6044307,0.050451837,0.09029598,0.09189485,0.05223825
0.6273338,4984.5903,0.10675366,8.972106,0.038521644,0.092404515,0.05244293,0.067769244
0.6128581,3467.8286,4.9937963,3.1245472,0.06081417,0.036255084,0.06603647,0.15443385
0.6190736,3494.589,1.6321262,3.2626152,0.07078889,0.03874168,0.068321854,0.15552802
0.6339653,2583.5686,4.4577017,1.8142453,0.07003601,0.03046688,0.060760546,0.12213844
0.5860713,2872.1836,2.2624092,1.3207748,0.065976225,0.04431624,0.06547158,0.106980816
0.5686312,2543.248,3.6486616,0.8680551,0.0680236,0.031499024,0.058200806,0.10987141
0.60821927,4633.323,0.95904666,5.9736524,0.071548335,0.16502099,0.06778012,0.113516346
0.6700238,3305.4194,2.338037,4.98041,0.13608128,0.15490635,0.13106652,0.066470325
0.64525753,2098.5298,2.613657,0.9803582,0.09656997,0.21609458,0.101851754,0.061612852
0.6127205,4652.781,1.0893942,6.2505865,0.109878115,0.042317312,0.04501662,0.08658848
0.72937775,2058.343,1.0731791,3.4467254,0.13737552,0.09288496,0.053722147,0.08084199
0.66983867,1992.1,3.067665,1.2184792,0.12250547,0.0495494,0.040285435,0.083389975
0.6114468,1986.4199,1.0579387,0.5789111,0.19078046,0.085663654,0.07567843,0.13217226
0.61091304,4290.7764,2.91292,4.418257,0.1015462,0.16939078,0.06502521,0.12997788
0.635341,4190.4414,1.1658783,5.678782,0.12036886,0.20895359,0.054870334,0.15617338
0.62212783,4559.1226,3.0325217,6.0707874,0.057505716,0.09939572,0.031800162,0.06597148
0.6341932,3433.3623,1.4286997,3.3433962,0.071016155,0.12338904,0.027436495,0.055044223
0.6424186,2842.1184,2.3581111,2.6581073,0.1012904,0.23410569,0.14828734,0.08124013
0.59423316,2970.2065,0.6892906,1.33749,0.07980907,0.28556183,0.06134362,0.09129976
0.63426864,2565.4,2.440497,1.4584656,0.13877259,0.34870136,0.071430065,0.06669531
0.6319753,2447.66,2.340701,1.5598927,0.140987,0.3610599,0.07177867,0.068173215
0.6289996,2904.0703,1.2367845,2.1016905,0.038683634,0.16830507,0.12410903,0.18452774
0.60760164,3604.1008,1.789352,3.150257,0.04168973,0.18523133,0.12227599,0.17564796
0.6941467,3463.1519,2.0286307,10.119423,0.07693339,0.24655843,0.14174652,0.06955665
0.65569365,4291.883,1.645896,9.442969,0.07178567,0.27836156,0.27934155,0.06399748
0.62771153,2465.678,1.5444882,1.7016416,0.08389112,0.036519527,0.1359756,0.096396066
0.6460976,4412.1846,0.34944788,8.059783,0.10274988,0.31253487,0.0692912,0.050373197
0.5435075,2471.1758,5.153673,0.59177667,0.11865473,0.17498684,0.045696452,0.077173166
0.63694155,1638.9329,1.3151767,0.45124814,0.10875857,0.2492025,0.062743165,0.12878366
0.6911521,2717.689,2.484979,4.511718,0.06522882,0.13911444,0.06832515,0.17951748
0.51409894,4384.411,1.9786471,1.6090915,0.07694387,0.13556698,0.11605307,0.12537046
0.6829812,1592.9434,0.29466194,0.667997,0.07003465,0.16017537,0.08596084,0.10649833
0.5845434,1875.2517,0.103281625,0.44733474,0.06331086,0.19513535,0.08085111,0.102695286
0.59841436,2109.3447,0.081835054,0.64652586,0.063160144,0.17732215,0.06988459,0.11171144
0.7035331,2228.6963,1.0962859,2.7167645,0.05161032,0.061875857,0.032207854,0.10217711
0.6431097,2311.4143,1.5996094,1.3175397,0.05846031,0.07067078,0.033867635,0.059626684
0.6512737,2279.1667,1.4885864,1.3634081,0.060509767,0.06409698,0.030665712,0.06303956
0.6909711,2277.7537,2.0465713,2.3304725,0.04552086,0.08657603,0.1277803,0.16154227
0.55123544,3424.1257,1.5069008,1.4103245,0.05985569,0.20110376,0.08079076,0.22394232
0.72009194,2007.8439,2.3933077,2.6851041,0.05454307,0.065236986,0.053384736,0.05237769
0.72215754,1413.7883,1.3295063,0.8215618,0.048225425,0.061593745,0.04955343,0.054318085
0.5966486,5330.2183,3.0948944,6.186238,0.08294263,0.054489285,0.054608155,0.053389397
0.70061296,2779.9998,1.13107,5.7995462,0.12304111,0.14274217,0.045657966,0.022896077
0.5143365,4579.481,1.7221254,1.4779391,0.21522081,0.51341015,0.07315648,0.11580293
0.69882023,2801.1326,0.44599435,6.0178924,0.32219923,0.04867181,0.05329428,0.04277524
0.67172664,3824.1062,0.47005436,8.969244,0.28003144,0.05492054,0.03590778,0.04467617
0.6686695,2809.1782,0.07521161,3.1637852,0.15812123,0.070368916,0.08720173,0.061255407
0.6232499,4064.4465,0.47488672,4.946357,0.039849088,0.07656878,0.06187357,0.1117551
0.65016717,3731.7292,0.5163884,5.849944,0.033467863,0.04446142,0.08210725,0.0835498
0.5845499,2305.787,3.3164473,0.7667821,0.03667387,0.06997774,0.1259741,0.14988032
0.60722166,3046.9805,5.490808,2.1342514,0.04406249,0.060083296,0.19478187,0.1804825
0.48521635,1422.7928,0.03479596,0.119700134,0.060793888,0.085650116,0.18074521,0.10954472
0.5186778,1538.892,0.018132798,0.19276634,0.068572335,0.12660666,0.17067745,0.12722865
0.6014847,5867.6235,0.9711891,8.327149,0.09900715,0.11965308,0.053794526,0.039191663
0.6420943,1867.8147,1.9050528,0.6572432,0.060172465,0.17153656,0.053962532,0.06127881
0.6845976,2164.9788,2.1114383,1.7709553,0.07422766,0.19732717,0.056071356,0.05878098
0.63303876,4322.6655,1.0125166,6.2290325,0.03034457,0.1167723,0.051298674,0.05208311
0.65417594,3325.6462,1.5192182,4.7406483,0.08243771,0.05375532,0.054730926,0.043044753
0.7010301,2976.0752,1.878177,7.155889,0.077625886,0.052933186,0.07748946,0.046974562
0.6501925,3595.5178,1.4088649,5.7562914,0.05453583,0.041266035,0.06980925,0.051396854
0.66547376,3031.3542,2.644788,4.0934405,0.0452772,0.102152,0.072937116,0.15142608
0.68662715,2704.7104,1.4637394,4.2705684,0.07139482,0.0577711,0.21829498,0.05302796
0.59486,5391.5654,2.3800123,6.031052,0.09768467,0.13338408,0.11462878,0.039341107
0.6647413,3275.1702,2.0823872,4.540002,0.089127496,0.1273797,0.07056493,0.11053465
0.66597843,3177.6626,2.070981,5.1280646,0.090431884,0.12696683,0.07011425,0.113419876
0.6593683,3651.8123,2.2686713,5.3430824,0.08617641,0.12171281,0.063153096,0.12027663
0.67557347,1662.4927,1.4884051,0.8764447,0.13546482,0.0695517,0.058663364,0.052752584
0.699249,2600.1545,1.5486586,4.568764,0.053474277,0.061615687,0.108537585,0.09068756
0.7019854,2280.5498,1.220806,2.9953585,0.05908477,0.06742794,0.0885911,0.11616961
0.65306365,3113.902,2.6076012,3.8839564,0.08801259,0.11426309,0.052812323,0.048433177
0.6777925,3563.9026,2.13244,7.620426,0.07925944,0.06815547,0.044703096,0.104571775
0.58679056,2829.0247,2.43872,1.0827037,0.11462779,0.13265345,0.12869361,0.084805205
0.68444055,2403.1216,1.5718129,2.518857,0.037927087,0.13951264,0.036821023,0.11891267
0.6766721,2895.17,0.9063256,4.252399,0.038258415,0.09022991,0.03603963,0.09043643
0.52509165,1485.4631,0.58008057,0.18396905,0.20487238,0.047391728,0.38496268,0.043738633
0.67776346,3227.0862,2.5323095,6.1776943,0.122317106,0.1001575,0.0662033,0.07492075
0.5101377,2032.6304,0.048134033,0.34001923,0.08848612,0.10640478,0.13960293,0.12429381
0.5919033,1234.9896,0.5952869,0.2046983,0.12254383,0.13434246,0.094149314,0.124316245
0.6578762,2342.4167,1.0162473,1.6744819,0.055411577,0.055519193,0.1088148,0.06279944
0.67070025,2281.8962,0.9187536,1.8972056,0.059574462,0.047304545,0.09363864,0.080441594
0.5878178,6156.9175,1.0485001,8.175686,0.110559404,0.05719334,0.057759423,0.07201981
0.6023245,3120.909,0.7057676,1.8351176,0.11250979,0.08472806,0.04642888,0.08767042
0.66776055,3635.5044,0.7984696,7.6709723,0.04793369,0.08233912,0.07991238,0.08117827
0.5503565,3198.903,0.8439067,1.2203771,0.31976214,0.08887333,0.09733724,0.09847438
0.5841662,3229.793,0.34538278,1.7092141,0.33090228,0.0617829,0.0546625,0.13105926
0.63124084,4964.1743,1.9163961,9.303949,0.022689773,0.08506154,0.067839935,0.05274211
0.6642983,2635.2534,1.7177056,2.450167,0.1469036,0.15958618,0.048544735,0.11245447
0.6403194,2594.5195,0.6322655,1.7514485,0.11579161,0.0992468,0.038321607,0.12265499
0.7274004,2113.4204,2.340505,3.672963,0.12648147,0.15653384,0.060126014,0.12322935
0.7168665,2806.2388,2.0447927,8.485111,0.35547644,0.05988051,0.18004249,0.04679331
0.55893415,3656.5615,0.5004114,1.4986275,0.19090769,0.08504451,0.037204154,0.06460991
0.69314295,2147.306,0.3398444,1.967437,0.08149788,0.17572087,0.07814035,0.042020783
0.67823434,2726.3228,4.2047234,3.125922,0.03938775,0.09130977,0.064033926,0.12650359
0.6891067,3164.5422,3.610242,6.2025223,0.03422393,0.097850114,0.050271314,0.1487564
0.60166216,4424.86,0.3553376,4.441814,0.05727136,0.080560826,0.06345772,0.21803617
0.6509077,4464.83,0.81631577,9.208649,0.06255662,0.04777328,0.06954783,0.17697865
0.6224262,4204.2246,1.0017513,4.928479,0.07232627,0.06410951,0.08468914,0.12977079
0.6820652,3990.4917,1.956918,11.687629,0.083680116,0.21415865,0.102225065,0.16298017
0.74423623,1501.0648,1.7965918,1.6136036,0.098306894,0.05431784,0.09445228,0.066152215
0.5963348,2106.8767,2.0551689,0.6988084,0.10073309,0.07005605,0.12753224,0.081989236
0.64747506,2869.2979,1.7807931,2.4724102,0.090362266,0.07114098,0.09913189,0.16212778
0.6690178,3231.1047,1.6424003,4.895631,0.06885694,0.115322635,0.050897993,0.044665404
0.5992911,5137.463,1.5370862,6.1612744,0.0944452,0.14313653,0.07978949,0.09008604
0.7107522,2995.2021,0.31888,10.477739,0.079462186,0.049739905,0.074795336,0.07936076
0.62232155,4227.4966,4.7572236,5.217872,0.08220547,0.16875443,0.1261607,0.06878798
0.64521635,3066.1907,0.23878293,3.2170477,0.052879162,0.11464583,0.18203625,0.103440866
0.6347484,1625.7369,4.332346,0.5109417,0.12632519,0.09625831,0.24480197,0.057973128
0.50841635,1370.3513,1.4028162,0.13549542,0.122344874,0.10262308,0.43630117,0.031504776
0.5763254,2373.304,2.5055254,0.69861114,0.091925226,0.10414019,0.17989165,0.060503148
0.6241783,2265.9812,1.8454096,1.0614468,0.08854763,0.08094813,0.101954184,0.053772226
0.68727964,2293.7373,0.82132715,2.4660668,0.06553004,0.06829573,0.058892824,0.06385888
0.57519394,2953.3076,1.4783092,1.1717476,0.090275615,0.14221925,0.069341704,0.05900875
0.687638,3024.898,1.532004,5.946292,0.08639396,0.06912627,0.041888766,0.048409224
0.6103053,4167.509,0.48593473,3.9766653,0.064097635,0.2183635,0.0646494,0.07190564
0.6638129,3595.6226,5.0238147,6.34934,0.07900362,0.11672267,0.022447303,0.073379956
0.6072509,3616.4968,0.08587272,2.8867226,0.19488382,0.0711505,0.18659866,0.033622045
0.5781588,5007.9917,0.070536785,3.9836233,0.12096949,0.14487772,0.1243404,0.05712058
0.733268,2082.4727,0.13571934,3.2947326,0.10276309,0.14880599,0.07751374,0.062458247
0.58175415,2058.7573,0.4508498,0.5452016,0.06262185,0.050587296,0.06401634,0.036322985
0.67690253,2060.4993,1.5453508,1.510125,0.067780085,0.075502604,0.07631962,0.06789212
0.6118366,2324.2693,0.9847339,0.9701552,0.041057777,0.12256498,0.08106383,0.04979869
0.622173,1931.7068,1.3635701,0.6270629,0.037997894,0.10866052,0.05276778,0.054805875
0.6689034,2427.7236,1.951686,2.1769981,0.03352474,0.17311734,0.09100075,0.0839833
0.6343619,4997.9536,1.9178613,9.831831,0.046704978,0.19734691,0.1122659,0.04596162
0.6348292,4421.9453,2.1188188,7.9809704,0.09776258,0.17842534,0.10809381,0.05944243
0.6206825,1995.4556,1.0153683,0.68527186,0.075238004,0.17560655,0.06538833,0.051729545
0.6639481,3337.6985,1.7814305,5.5651298,0.07675247,0.06590312,0.054042898,0.08227829
0.63198566,3250.065,3.5919993,2.9747381,0.07538759,0.08254165,0.09937707,0.055531517
0.5907864,2670.5625,0.6928728,1.0688461,0.16051956,0.17358837,0.09319447,0.072984606
0.6176022,3984.3616,2.1731467,3.9890869,0.08945538,0.09301515,0.037998345,0.13598143
0.6731146,2835.5437,1.1797848,4.133733,0.094110064,0.03933548,0.106737405,0.04680602
0.6581491,2009.0673,1.4602758,0.984309,0.059595205,0.20526329,0.038986523,0.14402115
0.6778805,3767.837,2.2589438,10.499804,0.07205227,0.23140287,0.07541684,0.022523245
0.6283281,5194.8765,1.7698064,9.640335,0.053607225,0.21819507,0.08152223,0.023822792
0.67106825,3489.3767,1.2098944,6.8887362,0.07378491,0.07149206,0.05239875,0.029395467
0.62577486,4386.2646,1.8987615,6.646499,0.049575493,0.058380738,0.06170336,0.12166738
0.5648508,4023.7063,2.1089523,2.4332206,0.101559535,0.08446926,0.0975217,0.22096215
0.58345556,4624.424,4.382108,3.938702,0.08373761,0.09159659,0.075399764,0.22543134
0.6719122,3194.494,0.1318083,4.9097404,0.36195707,0.16477585,0.044582002,0.03114179
0.60846084,3722.709,0.057448253,2.7687988,0.22701177,0.14007841,0.048063565,0.028805608
0.60043836,4212.286,0.442708,3.4081252,0.24367891,0.1153423,0.044052936,0.058240034
0.5731907,2516.0222,1.0057617,0.7166889,0.29312876,0.18021992,0.08195617,0.07337086
0.62581027,2699.989,3.0727844,1.7562454,0.11049305,0.35813373,0.19068553,0.14970715
0.5718893,5224.7363,0.98238176,5.052624,0.13785276,0.16431542,0.17575955,0.07419622
0.65847546,3683.7603,3.3076565,5.587985,0.08861871,0.2722877,0.2681947,0.1393178
0.51680005,1519.5774,0.81694907,0.16498059,0.032524243,0.15744554,0.11032779,0.37597418
0.5971583,1592.8148,2.6124256,0.28798774,0.05142164,0.25668436,0.0678951,0.16657768
0.6261292,5307.985,3.0778723,10.418528,0.076630406,0.036832403,0.08901885,0.21632773
0.6802717,3910.5066,1.380356,11.932425,0.070498556,0.0552937,0.0927482,0.13959987
0.6477689,4842.286,1.8018719,11.444418,0.11577389,0.08290546,0.039424468,0.07595483
0.6362363,5200.3965,2.267055,11.488947,0.15492378,0.06556595,0.052424815,0.07048137
0.65662813,3272.0903,1.6831157,4.494226,0.09258515,0.047875762,0.08860162,0.07445093
0.5919605,4234.3916,1.9036136,3.5160565,0.076479696,0.052405357,0.1921111,0.120280646
0.6028436,3723.7688,2.9144974,2.9485,0.07646044,0.11391293,0.19522089,0.10642633
0.5916779,4116.3164,1.2300609,3.5115395,0.042246103,0.1299936,0.10017751,0.19621815
0.6740477,3198.3135,1.9272555,5.5062275,0.12387596,0.2305995,0.0786634,0.16888401
0.64926004,3225.7139,2.1303327,3.931658,0.23319554,0.03659871,0.05031593,0.0782202
0.694652,3164.164,0.29939353,7.7563343,0.018951101,0.1361273,0.09566577,0.042522315
0.6700546,3331.3928,0.4228702,5.4275856,0.01764323,0.1360839,0.09836002,0.043799702
0.676652,3347.4573,0.36963117,6.5202055,0.021789609,0.14494509,0.095809914,0.039267696
0.6426785,3738.5532,0.51691914,4.9917545,0.0227938,0.13400877,0.090158924,0.031915978
0.646901,2168.099,4.0388007,1.1900604,0.17822295,0.057410244,0.044113703,0.08144355
0.6490562,4023.1353,0.35626933,7.283019,0.080456235,0.121710114,0.14027485,0.076836385
0.66705865,4060.383,4.341035,10.327311,0.048297845,0.08193228,0.04481925,0.06334131
0.58762914,1603.1475,0.2607305,0.31404704,0.050251767,0.052344248,0.10791915,0.117794804
0.60916483,2366.3042,0.29135844,1.03823,0.061925475,0.03251244,0.14529188,0.056214232
0.62851536,1778.9221,0.33473715,0.5272902,0.071707055,0.07345763,0.17349744,0.0829466
0.5286975,1765.1597,0.30214223,0.28062016,0.07160807,0.060478497,0.134362,0.049691536
0.5355266,1683.5383,0.32615548,0.24603924,0.08184508,0.06280513,0.14365564,0.047554296
0.7576622,1926.8146,1.3541329,4.7089067,0.12271773,0.11316001,0.040981933,0.069662325
0.6397208,1804.765,1.4626564,0.6390663,0.091789424,0.18417208,0.050341383,0.053757533
0.6966783,3393.278,0.49474797,10.024138,0.03747263,0.33970028,0.08504751,0.06621609
0.6389014,4583.6416,0.6192984,8.463166,0.049620133,0.2933347,0.05764213,0.097588755
0.6030707,4869.8003,2.5782902,5.7180953,0.05110611,0.034535896,0.14268811,0.044765897
0.71067715,2972.5996,1.2600429,8.8903475,0.07660441,0.08342841,0.19009706,0.06498138
0.7088447,2903.8323,1.2796346,8.274411,0.09486408,0.08648786,0.18217799,0.07021743
0.51846695,4490.02,2.3771012,1.8254683,0.16590814,0.040709026,0.19794749,0.15476564
0.47351515,4446.044,2.8783875,1.2452145,0.15790677,0.052127596,0.18763778,0.17495254
0.5068772,4795.14,0.31205058,2.0421834,0.12942457,0.06488394,0.13524468,0.17927891
0.7320999,1723.2181,2.7434976,1.7042843,0.073188566,0.08346423,0.08927901,0.22179006
0.51434195,3374.269,0.89331263,0.9738756,0.137937,0.05224367,0.11271059,0.22947405
0.6514773,3827.0547,1.3594182,5.9727783,0.099718794,0.08932024,0.11065064,0.12955026
0.6431687,3749.215,2.1603303,5.778886,0.095659226,0.08256425,0.09877941,0.08378199
0.64936006,3085.5027,1.5954707,3.192144,0.20823608,0.22758955,0.053351007,0.09891846
0.6173575,5251.558,2.299552,8.044036,0.20934752,0.44391233,0.16265349,0.028968588
0.6026827,3790.8606,1.7140915,2.8137174,0.35008812,0.2528197,0.08055548,0.04210668
0.67269456,2853.1404,1.7777004,3.6964245,0.18254824,0.036743063,0.041246794,0.07852554
0.63069975,5274.488,1.2351519,10.555696,0.07896181,0.1402573,0.1390431,0.06448859
0.6109296,4017.439,0.8273624,3.978514,0.05051622,0.09393065,0.03509033,0.05201136
0.6256885,4228.5864,1.2339126,5.2651877,0.06024497,0.10644797,0.039416667,0.058501832
0.63494086,4400.173,1.6254616,6.77165,0.06612968,0.11622568,0.038859796,0.05770047
0.6802715,3707.39,0.88562244,9.843828,0.043886438,0.103684545,0.047560193,0.03487847
0.660405,4187.918,0.2160483,9.369321,0.074719355,0.053235598,0.0781004,0.06720157
0.5807219,2593.2717,1.0113918,1.0162225,0.08041159,0.6616368,0.18381035,0.05433435
0.6616706,2549.0515,2.8396924,2.3565419,0.09866373,0.32059497,0.08827673,0.06141918
0.67919785,2739.5186,1.3460419,3.8932197,0.09416577,0.2332264,0.072114706,0.062280905
0.7093223,2104.974,1.975331,2.497725,0.08166527,0.069738336,0.10792126,0.036329783
0.68702316,2349.5957,1.6924219,2.4421222,0.063427255,0.17321447,0.03613734,0.10755345
0.6255389,3831.3137,2.2546468,4.073404,0.04405573,0.20904501,0.078698725,0.13054784
0.61329323,3384.1472,3.1585937,2.7378426,0.04440485,0.21289018,0.080949634,0.12941276
0.60602796,4989.6313,1.5149938,7.1037397,0.051793903,0.06249906,0.1593895,0.18731658
0.6456014,3997.0393,2.1285746,7.812346,0.10961076,0.047047906,0.3223533,0.23123527
0.4894849,3561.407,1.9187361,0.8979417,0.05391212,0.043814115,0.11390644,0.46056968
0.62211865,4426.961,2.0468562,6.2368393,0.045380335,0.033075184,0.091620415,0.41502315
0.6096197,4814.1904,3.6284187,6.6282644,0.053418502,0.03731976,0.09690952,0.5349161
0.6342993,3690.983,1.3362973,5.774294,0.10741653,0.06459568,0.21914178,0.49640977
0.64599437,2238.426,1.7163908,1.3238857,0.052645788,0.09026046,0.13527241,0.31597388
0.63799214,2435.839,1.6399889,1.4541028,0.055886306,0.092752665,0.12993376,0.3044456
0.5953238,2543.9573,1.87425,0.98985445,0.048818815,0.05497007,0.03905776,0.08454316
0.5750894,1659.3656,0.9679579,0.35521555,0.08119547,0.12269927,0.12949622,0.049594067
0.43373185,1330.7504,3.341385,0.03893587,0.13765243,0.17017294,0.116444856,0.03305976
0.4324164,1361.1102,3.14159,0.056477588,0.10726628,0.1675049,0.09197837,0.038421288
0.4769685,1723.672,2.993022,0.19127494,0.074085444,0.20562115,0.122730896,0.080822065
0.45700294,1152.3702,1.2946936,0.019873168,0.07607285,0.16068344,0.07698066,0.09026471
0.45273912,1099.2213,2.4230855,0.011864494,0.06171968,0.059729356,0.049168766,0.06297276
0.45485497,1093.7262,2.9774103,0.012206327,0.07506809,0.035937455,0.030785743,0.06829098
0.46809652,1177.4218,0.60927224,0.052875824,0.03087062,0.14675674,0.08745347,0.078706115
0.48314288,1148.1669,1.1564467,0.048870206,0.10288711,0.038134735,0.04613086,0.05464857
0.6307547,1734.2535,1.9243584,0.5021118,0.030796116,0.12459674,0.07886266,0.07765645
0.6874676,3477.439,1.3999196,10.039977,0.12299828,0.044007447,0.082104005,0.045236006
0.64361185,3540.3433,2.7469063,4.5168285,0.09308058,0.07573229,0.037588913,0.054486897
0.5981956,3839.5303,2.5286934,2.9192286,0.0820198,0.073032126,0.03899154,0.057056732
0.60590726,4511.954,4.0639496,4.8628826,0.07183183,0.06687502,0.035082366,0.068041295
0.61941624,1944.1348,0.13454698,0.63057464,0.20870075,0.15355037,0.081094645,0.08384957
0.5905432,3569.0056,0.4526664,2.2061765,0.11954832,0.075977236,0.05611023,0.06447348
0.7309346,2458.235,0.49185762,7.036665,0.080754936,0.14574447,0.058458302,0.08539357
0.7499413,2267.6968,0.41324952,7.565626,0.06366855,0.17537129,0.07693728,0.07615309
0.6318079,4674.658,1.573028,7.9565716,0.059131164,0.07499772,0.047424518,0.029955786
0.5060994,1595.0333,2.050318,0.1962642,0.08153966,0.05028355,0.08193134,0.09162063
0.50997764,1859.9548,1.7740785,0.28892094,0.08635351,0.04480125,0.070272684,0.11150937
0.5197044,1668.5177,1.4122807,0.24147218,0.033541083,0.070844814,0.082820766,0.04465003
0.65790695,3997.5867,2.0862153,7.8606114,0.10608038,0.14465268,0.07289027,0.06339473
0.6524271,4111.982,2.5921168,7.810329,0.102071,0.108277366,0.079282746,0.06502817
0.67328435,3146.563,0.74929696,5.208865,0.07938761,0.09961947,0.043139983,0.052186552
0.52711475,3246.54,2.3570979,1.0535996,0.14698476,0.069290236,0.19412169,0.17888144
0.6252256,4152.549,0.979418,5.4343786,0.02957567,0.051084694,0.15120499,0.05686149
0.68508273,3229.7656,0.6856772,7.3362436,0.026188314,0.045539793,0.10293697,0.055625375
0.571716,4126.5337,2.1972442,2.8414328,0.10472916,0.065750524,0.14293113,0.19558348
0.6127703,2892.8489,1.8294684,1.7565312,0.078664586,0.06632354,0.07926148,0.10022145
0.6468109,4058.1626,2.1452851,7.1040487,0.04459557,0.32357097,0.3078609,0.07545261
0.6850221,3165.0122,1.4689146,6.4510493,0.05127912,0.27701086,0.1850112,0.08906158
0.6711543,3403.1738,2.9495296,7.200747,0.050486553,0.24287808,0.15851885,0.0717123
0.6385851,4358.7974,5.260087,8.257414,0.046218336,0.27416757,0.17832176,0.06854818
0.68655735,3041.3206,0.17900966,5.66442,0.07195191,0.61491114,0.10370101,0.0360258
0.5725254,4163.3887,0.31258184,2.667951,0.06241469,0.29408097,0.083398804,0.05016222
0.6153371,3794.2332,0.8105561,3.61594,0.05488225,0.29330263,0.08356372,0.054445174
0.6288533,4001.8875,1.8018445,4.6439304,0.047369722,0.048305422,0.043769084,0.044237956
0.63450956,4682.7974,1.6100295,8.2251425,0.046140864,0.16373539,0.10195426,0.04798088
0.67719984,4058.5095,1.0543387,11.385614,0.097795285,0.06479952,0.062332243,0.05860595
0.7032474,3282.5327,0.96988004,9.070331,0.083711945,0.07336535,0.06429428,0.071265385
0.6352335,4430.0615,1.0040764,5.9352903,0.07875789,0.09833821,0.06550253,0.042988498
0.6783948,3694.0457,1.9712683,9.454817,0.07427525,0.10922082,0.0555562,0.038034067
0.6872302,3410.9524,1.0472828,9.668226,0.06941135,0.11276999,0.04435566,0.034802034
0.63422126,3171.6084,0.07335335,3.0013669,0.04333879,0.07238453,0.09975042,0.07035594
0.6376936,3652.4102,0.053520657,4.7770123,0.088726714,0.063499,0.073804036,0.10313452
0.6204373,4606.077,0.026400317,6.0661225,0.13150854,0.08765063,0.09799867,0.039582357
0.69440186,2923.0144,0.14028253,6.0403347,0.20718312,0.045568213,0.043789804,0.060581613
0.6615762,3313.303,0.20456368,5.1517015,0.27596647,0.039455086,0.04873032,0.060807586
0.66668177,4208.4614,0.42672482,11.277594,0.31836212,0.08876239,0.061351713,0.068380624
0.5948765,1740.534,0.6807207,0.41369143,0.05669212,0.07437682,0.0967781,0.09381865
0.64049655,4412.3755,1.371384,8.135077,0.04680977,0.060699224,0.06356676,0.0717683
0.6580829,4175.769,0.7088998,9.114702,0.030461963,0.109075144,0.033541,0.074431375
0.67934185,3283.237,0.70493233,6.6204786,0.17207956,0.15155175,0.1769582,0.057410397
0.6479032,3818.9275,0.5672686,5.593797,0.15929605,0.16301063,0.15403937,0.05628723
0.7166912,2221.9446,0.3909258,3.4238355,0.060653195,0.037027095,0.036479395,0.04279148
0.730423,1623.4951,0.21650563,1.5238485,0.04463283,0.1429525,0.060631245,0.038197722
0.71826625,1907.7949,0.25104368,2.065369,0.034947444,0.2115486,0.06829213,0.031055396
0.71826625,1907.7949,0.25104368,2.065369,0.034947444,0.2115486,0.06829213,0.031055396
0.6797034,2714.1135,0.61753505,3.2944415,0.0393473,0.2886011,0.05231746,0.024381924
0.6112955,4403.0957,0.5501717,4.4603004,0.050509997,0.3129474,0.043983974,0.041157395
0.6260993,4285.645,0.7756467,5.085767,0.04935864,0.32976186,0.040288836,0.037538033
0.63043576,4514.3623,0.9187814,7.164728,0.04482112,0.28127432,0.035632454,0.04002822
0.6911614,2322.533,0.77823895,2.7837553,0.052646592,0.13049236,0.055015188,0.06486048
0.6187826,3512.897,0.27008867,3.2130191,0.17498025,0.08141008,0.10750125,0.068147846
0.6158451,2554.763,0.03921301,1.2704066,0.052552823,0.08574841,0.08494556,0.12314409
0.63438004,4107.622,0.2735215,6.488973,0.04681306,0.06512496,0.10204334,0.14114289
0.5762944,4025.3613,0.4836525,2.6069345,0.05097877,0.046007905,0.18321422,0.17033894
0.533078,4698.0737,0.89534706,2.2979307,0.05046754,0.056251004,0.17427374,0.13871032
0.77979106,1261.5447,1.2445698,1.6049528,0.05964679,0.090777636,0.030646022,0.031012267
0.537956,3286.0781,2.1735752,1.1370158,0.058096148,0.041551758,0.07884642,0.10397601
0.66929466,3344.4,3.0406215,6.0438633,0.058765735,0.04660728,0.190503,0.07219804
0.7135333,2795.836,1.0635395,8.285233,0.09122945,0.07123189,0.08489672,0.03959901
0.55782217,4159.3936,2.7901735,2.2874599,0.04426621,0.10601371,0.06731733,0.21478812
0.70050883,3000.1497,1.2323031,9.070716,0.12554681,0.031224342,0.17724079,0.098149374
0.6177169,3633.719,0.46351907,2.7412753,0.073958814,0.23562986,0.22024417,0.044173937
0.6703831,3928.2942,2.0781689,9.543155,0.05064241,0.112022266,0.19758989,0.08971838
0.65061945,2796.8364,2.2264779,2.494726,0.07660878,0.11029378,0.11541291,0.05725566
0.641446,4043.6768,0.4753495,6.392844,0.06432987,0.059287958,0.047855984,0.062057666
0.60626835,4807.2583,0.47994313,5.6524878,0.058366235,0.061673038,0.06385004,0.059163738
0.7032246,2275.5554,0.41586798,2.7775955,0.06840454,0.1287867,0.022440072,0.12015215
0.57319623,4570.5093,4.1218486,3.4217715,0.04676458,0.038570397,0.23411648,0.0869428
0.5758576,4191.9775,1.6176351,2.788063,0.08280195,0.043990128,0.1706237,0.07769708
0.64398205,3692.6072,1.7100159,5.058245,0.094552785,0.039805472,0.1241027,0.13506013
0.6285151,4148.216,2.665298,5.173261,0.22487175,0.28703982,0.18708855,0.04300576
0.6290314,4239.08,2.621873,5.5014358,0.23273873,0.2831664,0.18315193,0.042806804
0.58663213,2380.684,0.6701908,0.75711673,0.20506305,0.05551918,0.038550142,0.076623335
0.57452744,2788.7903,1.6739489,0.9574151,0.23118925,0.08305283,0.029253636,0.10333184
0.6532692,2662.8354,2.2755144,2.605452,0.030977402,0.058668062,0.119724825,0.09617062
0.65133435,2566.3806,2.4039955,2.0280468,0.034226514,0.07219978,0.13861373,0.10857858
0.54501826,3279.6467,2.2897408,1.269468,0.034568783,0.076813765,0.07491177,0.14858049
0.6867307,2301.2363,2.1682248,2.5372562,0.053078633,0.059094068,0.06870152,0.1698984
0.68576103,2529.8823,2.7810087,3.4811463,0.047894657,0.053172983,0.061723094,0.17241216
0.62921685,2951.1929,1.6115149,2.4707015,0.08561233,0.035108756,0.10293294,0.15539955
0.6263163,2734.0012,2.3002536,1.8662041,0.046446823,0.084377035,0.04219599,0.08903842
0.65396047,2196.4802,1.2002326,1.2385582,0.05153135,0.055072,0.10193766,0.1249882
0.6019363,2294.8464,1.0727525,0.8658547,0.075315535,0.045440327,0.12224,0.105461165
0.5844481,2618.778,1.6834897,1.0604299,0.07332244,0.050919697,0.13707647,0.081421435
0.64693725,4311.023,2.2217042,9.134074,0.07463486,0.08176668,0.099047005,0.10886317
0.62098163,2753.71,1.394689,1.508538,0.24011764,0.06538205,0.22569147,0.06198057
0.65166616,4405.679,1.5579735,10.638277,0.21211281,0.0502963,0.21847418,0.08517301
0.64889425,4456.048,2.2373765,10.476268,0.11391057,0.11135889,0.16417737,0.10991962
0.5166422,1792.351,1.3385106,0.25918683,0.10460943,0.07201552,0.06780965,0.26991954
0.6908254,2751.9028,1.1663809,5.2775207,0.17201823,0.05378169,0.1352861,0.075587474
0.59596974,4736.0273,2.1455295,4.431564,0.15842792,0.09576127,0.0732749,0.05921988
0.61683124,4627.2954,0.9316754,5.969357,0.12417249,0.085710585,0.07663846,0.048816092
0.6108163,3368.5774,1.8196477,2.601433,0.085813925,0.07434122,0.11493895,0.058412354
0.635911,3776.9749,0.8543396,4.3018885,0.07859072,0.07718964,0.10576294,0.0857678
0.6421519,3444.086,1.3014996,4.0756288,0.044534422,0.08101207,0.045853212,0.05204365
0.65913177,2945.5625,2.5704918,3.1793127,0.05255805,0.18335414,0.05321254,0.07688253
0.57849854,2534.9382,2.3854346,0.88958204,0.049191594,0.13125354,0.08777307,0.049209975
0.6786228,3756.1387,1.5568596,10.766206,0.13164535,0.040100124,0.036472037,0.039576806
0.6349535,5001.6265,1.0791994,10.78602,0.16793576,0.05915533,0.12761745,0.08981578
0.5273019,1654.697,1.7748405,0.23675685,0.066125676,0.15047914,0.04034988,0.09411536
0.6686995,3132.6228,1.8966184,5.025492,0.07194795,0.09584053,0.076014124,0.06451575
0.69741297,2950.6628,1.4174106,7.316131,0.09557141,0.078039885,0.06603063,0.066805676
0.5774745,4711.6646,1.0380024,3.445943,0.12297492,0.050806686,0.053638805,0.09325424
0.5584219,4535.1304,1.7983029,2.726398,0.1372869,0.05405713,0.04616513,0.086631805
0.67446005,2958.9368,2.003986,4.733648,0.06300896,0.052210733,0.056865655,0.14692569
0.5715316,3389.3892,1.2038275,1.7978511,0.1164977,0.048969634,0.073200785,0.1025905
0.5696304,5045.563,2.738041,3.9231882,0.0951785,0.07891984,0.115957975,0.07429252
0.69131774,3198.3953,1.6747123,8.274072,0.083200164,0.035465106,0.14055479,0.05973548
0.5540314,1809.218,2.1140423,0.35758305,0.0508247,0.45624554,0.0538833,0.05149509
0.57829547,1596.9827,3.3320796,0.302846,0.057059985,0.27627882,0.038821366,0.076522216
0.574318,2051.6584,1.0303063,0.47908702,0.06619183,0.26176348,0.03678703,0.07112996
0.64787674,2557.3923,0.3467061,2.0826998,0.037872426,0.034878362,0.09414303,0.04933673
0.6247495,4456.5483,1.5962476,6.490314,0.03097608,0.051007364,0.07388055,0.079184026
0.6866522,3151.2354,0.037347786,7.238282,0.028534617,0.061879396,0.10635931,0.07393724
0.63574046,2983.3445,0.09190998,2.5426524,0.03199487,0.06543109,0.09457955,0.081833586
0.71119696,2051.8877,0.084495954,2.421591,0.032650363,0.06921229,0.07403632,0.06961904
0.5522023,6073.5645,2.4828558,5.162906,0.04027059,0.08064519,0.05075625,0.13823202
0.75308007,2524.7305,1.271865,11.362616,0.038984682,0.13074854,0.06911706,0.13203695
0.6534134,4719.371,3.8125494,11.650141,0.03857883,0.1318021,0.06154115,0.12462092
0.5281015,1285.7993,0.75556153,0.13032219,0.10901332,0.11138358,0.0811141,0.05566089
0.47910222,1759.481,4.3689904,0.18459666,0.11616388,0.0669948,0.0640327,0.028860768
0.62667394,1737.2349,0.759035,0.52062386,0.06256001,0.06969842,0.050059266,0.058111787
0.6553558,2404.4656,0.8159712,1.7277124,0.03457109,0.10057525,0.05962936,0.022824511
0.647785,2153.0032,1.1059464,1.1707077,0.03759298,0.11677695,0.05900933,0.022643546
0.5886671,2625.3818,0.6747067,1.0200713,0.037801478,0.14835724,0.047330458,0.028995065
0.7079847,1870.2694,2.6435316,1.6745937,0.03685571,0.09969507,0.06351984,0.035677712
0.7527625,1545.6243,1.2258894,1.7726783,0.04816921,0.10208091,0.095984705,0.026373513
0.6579807,2244.776,1.6663346,1.5212729,0.08759263,0.060158193,0.06093976,0.08133339
0.66585857,2118.1191,1.4889418,1.3610892,0.04758534,0.16272289,0.12871186,0.04443656
0.68765175,2023.7812,2.1162915,1.6549098,0.053012792,0.09565584,0.026178189,0.04109989
0.63036656,2544.5154,1.0559789,1.4839215,0.04869419,0.08537443,0.030247642,0.037033167
0.6451094,1829.8585,1.3775507,0.68406355,0.0848202,0.03999824,0.10215528,0.048698287
0.6624088,1634.8995,0.9155679,0.64088964,0.086714566,0.038080577,0.117624514,0.047036525
0.6259468,2577.2334,3.475776,1.5888853,0.10108591,0.041863658,0.12681048,0.050094575
0.6277898,2672.27,3.4379869,1.4795814,0.10059598,0.042330075,0.12671606,0.04975052
0.62770313,3155.5757,1.9330087,2.7464468,0.09953488,0.048882067,0.117464066,0.035622075
0.6645374,3712.2036,2.3901598,7.4900327,0.07348295,0.1332269,0.041815475,0.044129033
0.652438,3042.006,0.6185425,3.5440116,0.041958712,0.04490018,0.07743056,0.06122584
0.69278806,2415.366,0.8052982,3.6616464,0.09455155,0.03185933,0.11799896,0.057456363
0.6777937,2617.6196,2.4011557,3.6343973,0.08108772,0.079971105,0.13449612,0.036471635
0.6536529,4330.8125,2.4381254,8.627877,0.058675475,0.0646534,0.0761459,0.21141835
0.65958834,4116.4395,2.9354305,8.043909,0.06511002,0.07021151,0.07325714,0.24061206
0.6023791,4638.5376,0.63634044,6.0822077,0.042608526,0.093540624,0.1286937,0.16993695
0.7352792,2582.5994,1.9099247,7.1284947,0.08716236,0.119356535,0.14438304,0.2777263
0.75069207,2123.4756,0.6007774,6.507617,0.07254076,0.10352221,0.19965552,0.3055612
0.5437963,6264.3,3.4291472,5.2747445,0.15733044,0.12475943,0.12106427,0.11049869
0.76308334,1478.8359,0.31944734,1.9810531,0.06555116,0.06616802,0.045194395,0.04345801
0.74723834,1861.2655,0.5920469,3.1697206,0.06574943,0.07465853,0.05027167,0.043599516
0.70232296,2266.2063,0.7272419,2.8304353,0.05464965,0.076729454,0.04500276,0.046809927
0.6835211,2833.8608,0.961451,4.178923,0.047196973,0.07397645,0.052850336,0.05126115
0.5781993,2126.515,3.0972,0.54993147,0.04519707,0.12592565,0.084131986,0.03627093
0.645167,2189.3694,0.8407788,1.1849833,0.039703537,0.042426698,0.09491964,0.032564208
0.5983816,2939.4023,0.43323615,1.5788885,0.08370683,0.095318004,0.0451149,0.2035178
0.529261,4729.207,4.4478774,2.0974903,0.21950358,0.20971847,0.10771684,0.08847019
0.6496534,4631.2646,3.4097457,11.105936,0.03909472,0.08752076,0.107775055,0.051510945
0.6832934,3712.0803,1.0710654,10.553235,0.043533057,0.043093115,0.11642359,0.040277693
0.6066877,4973.5034,2.270949,6.4420104,0.03803501,0.045133997,0.06374575,0.08625485
0.6983836,2294.888,0.8566473,2.7313673,0.09238148,0.11771384,0.081687525,0.11749875
0.7087076,2165.1223,3.0881824,2.7915754,0.07107766,0.06598725,0.09070919,0.049695503
0.7360865,1737.9274,0.6502211,2.0764987,0.10770383,0.10365819,0.066784546,0.053724118
0.6383378,2966.5002,1.3115194,2.5324368,0.050245576,0.080605894,0.08347517,0.07670147
0.63685274,3260.367,1.6750737,3.426256,0.058764964,0.06091604,0.060411256,0.06320215
0.6063915,3785.741,1.1247365,3.2687275,0.059489727,0.06269973,0.052499976,0.056988645
0.7132001,2241.554,2.4763253,3.664922,0.052637618,0.062136874,0.06153895,0.038292035
0.6139656,3797.3142,0.41411722,3.3951283,0.0759129,0.04137644,0.038356397,0.031848647
0.6936981,2678.918,0.36746478,4.484973,0.07675,0.0855833,0.06658165,0.06322562
0.55087256,2646.988,0.91391087,0.7094878,0.16893628,0.115690336,0.0682119,0.048413713
0.60361516,2701.913,0.5227051,1.2884322,0.09031708,0.1806787,0.07825178,0.124378085
0.5856302,2643.113,4.762098,0.9998416,0.07730467,0.17265531,0.056747593,0.07569373
0.59341174,1654.4937,0.055411328,0.36518753,0.10393392,0.13153805,0.048240844,0.06765025
0.6144931,1971.1498,0.089145474,0.6004579,0.16089918,0.14651573,0.067538925,0.05773731
0.57416487,2413.374,0.04730046,0.69567853,0.23361342,0.09872917,0.0731433,0.0892063
0.622943,2968.0637,0.97046226,2.1810231,0.171439,0.08734985,0.053509373,0.09260389
0.64394855,4372.28,1.549025,8.662974,0.059058405,0.17165919,0.053682096,0.10997627
0.6191799,3460.6067,1.6788497,2.867233,0.088251516,0.106096596,0.05463054,0.04633639
0.68369776,3111.4937,2.220296,5.6647196,0.13093393,0.19327281,0.13052362,0.084260516
0.6083074,4882.297,0.7737395,5.9858856,0.15273239,0.30668592,0.033615496,0.046459526
0.65459067,3621.995,2.567184,5.4105515,0.11702746,0.2489498,0.045424707,0.044328764
0.6571391,3871.665,1.6197066,6.566861,0.038921095,0.099941984,0.10482201,0.14492378
0.68166286,3436.2856,4.1577477,7.1985316,0.038962938,0.08691558,0.121376745,0.12148277
0.6475491,3706.498,3.7006106,6.258561,0.038235817,0.079104885,0.13190714,0.1316732
0.6293303,5512.052,0.5530377,10.86014,0.050060116,0.10752584,0.2096404,0.1553235
0.6901535,3318.3765,1.5729831,10.743118,0.16446395,0.089061454,0.0890291,0.11528165
0.6817645,3722.617,3.7929258,10.207631,0.10437786,0.06910772,0.08618656,0.118304595
0.5988861,5825.638,0.8764925,9.023147,0.09516664,0.2129276,0.07861563,0.14624135
0.61960804,5394.5366,0.98472786,8.577148,0.09373547,0.24230267,0.12483498,0.116727486
0.49121585,1146.5095,0.6337579,0.060662363,0.077910796,0.033989046,0.06870836,0.04479719
0.56779504,1981.1278,0.2757367,0.41545585,0.042556383,0.1986476,0.087161615,0.05893988
0.4975788,1373.7415,3.5070162,0.122403696,0.07389152,0.06389946,0.061954036,0.19342406
0.6872465,3321.1506,0.66516024,7.882554,0.048011065,0.09493829,0.35780916,0.080206424
0.5665964,1642.293,3.0130434,0.28439078,0.087102115,0.037383907,0.21252477,0.045948807
0.45472947,1222.9155,0.38293296,0.050515547,0.049330488,0.052858707,0.21772286,0.05603049
0.7066985,3031.1404,1.611069,8.46699,0.08166052,0.091330916,0.053266943,0.13143903
0.7202731,2170.3953,3.0730155,3.6072252,0.054369133,0.11664108,0.05496167,0.12190623
0.7074672,2939.5537,0.7509941,8.3237505,0.04001976,0.1089735,0.04823652,0.025883785
0.7008966,3124.8884,0.76589227,8.385785,0.041371826,0.108461455,0.04768835,0.0272801
0.68050504,2884.315,0.5037505,4.552184,0.032152656,0.0417081,0.05052081,0.07393313
0.6073805,3712.6409,1.1606956,3.101239,0.024008302,0.060277686,0.049111977,0.077828564
0.6876093,2863.9094,0.9935605,4.767473,0.03420616,0.08128155,0.060243778,0.07568733
0.64009637,4673.748,3.8953474,9.639502,0.039257135,0.09380856,0.066267855,0.07740992
0.6389544,4045.266,0.5479917,6.2110314,0.037406407,0.040931266,0.08580975,0.11798574
0.64221036,3852.6077,0.38540083,5.678794,0.04206556,0.068182126,0.060563732,0.05039656
0.65847105,3418.5889,3.2363622,5.060569,0.08387584,0.07685967,0.03752452,0.03974191
0.6393116,2939.8982,0.9904483,2.6137486,0.1270068,0.063182026,0.078100845,0.101559244
0.5555128,1505.272,2.330609,0.24555823,0.13039091,0.09528169,0.10615084,0.0951021
0.5452838,1463.3016,2.94315,0.19413011,0.07513022,0.1049799,0.12802672,0.05434916
0.4301118,1423.2081,1.3510852,0.079193294,0.08686674,0.08191419,0.08584364,0.12714735
0.44739872,1329.094,1.732404,0.055137884,0.07561135,0.085646704,0.091072224,0.1161762
0.5228191,1628.9089,1.5802165,0.24713437,0.08880011,0.06303881,0.083782405,0.087979645
0.5298565,1302.9465,3.6434722,0.1094505,0.07683724,0.14073844,0.062327147,0.06817876
0.6205218,3244.161,2.628104,2.2012882,0.060310103,0.10202752,0.069480814,0.099601984
0.6290896,2821.5488,0.8176222,2.3739822,0.05702189,0.08480144,0.06309273,0.10092449
0.6601079,4388.5034,2.9311638,11.767504,0.087646134,0.05963486,0.054422278,0.0648817
0.6340771,5324.098,1.4941367,11.441711,0.09883916,0.08180915,0.045435853,0.046305753
0.6295847,5416.321,1.9323958,11.308932,0.09124105,0.091088146,0.054902315,0.042364243
0.68319196,3499.9878,2.0588799,8.516573,0.06088186,0.2216485,0.100582235,0.03135784
0.6173759,5721.689,1.726886,11.127829,0.058681116,0.05459554,0.14016563,0.06301387
0.6313258,4013.6858,0.29295626,5.064651,0.076794975,0.08719217,0.05675291,0.20548072
0.615895,4704.6323,0.8309704,5.749666,0.08381899,0.11131984,0.051259305,0.19882599
0.6773851,3195.7542,3.7148674,5.9095163,0.12612274,0.08333951,0.089705095,0.022670522
0.6844976,1633.5314,1.0558218,0.82340395,0.10257519,0.08769183,0.07111539,0.036015578
0.7603403,1878.1112,1.6084532,5.4084253,0.13104376,0.07585605,0.0615528,0.06849701
0.652164,1998.5746,0.71982795,0.9893664,0.13319054,0.08824249,0.05958202,0.0599282
0.59403324,4281.2783,1.8657033,3.5156274,0.08658448,0.09603465,0.09054771,0.06422521
0.58700943,3761.716,1.8362353,2.360742,0.0810555,0.094437525,0.073961236,0.06518372
0.659305,4367.197,2.3309674,10.599754,0.067059696,0.11058023,0.06660548,0.03695059
0.66164607,4294.2437,2.586732,10.612795,0.06952847,0.14431097,0.08508235,0.032205764
0.66048527,4364.8076,0.9004357,10.812408,0.047630355,0.24590589,0.025507452,0.08996503
0.6478748,4426.6294,1.8469552,9.530585,0.05226041,0.06048497,0.083202325,0.038633633
0.67883414,3872.029,2.1050534,11.108269,0.056956127,0.059741464,0.05566345,0.051447943
0.58907723,1992.2882,1.9142594,0.49627727,0.122751236,0.28288445,0.06138443,0.046321016
0.60036176,4430.3076,1.505444,4.362607,0.10869231,0.1468254,0.1587356,0.087531716
0.6638048,2976.8071,0.4949148,4.0800557,0.035298787,0.04844343,0.06709171,0.069032624
0.5185412,1957.4043,3.674525,0.2980194,0.0906017,0.08908734,0.120880194,0.09649634
0.67612267,2456.5881,1.4423168,2.7759511,0.04674719,0.14382334,0.11729951,0.07445993
0.6504217,4193.687,2.1444144,8.624244,0.062176768,0.050712038,0.15203308,0.09019444
0.6336301,3384.0452,1.8049765,3.6639988,0.06113545,0.050129052,0.06972638,0.045251206
0.66912204,4011.9111,0.84476507,10.093302,0.051817704,0.08047229,0.038711883,0.048437044
0.62723863,3964.6367,2.571571,4.5886846,0.095390186,0.10037346,0.045548804,0.067350835
0.656901,4188.04,1.8345631,9.363229,0.03609407,0.03922656,0.08574243,0.044550627
0.6374443,3646.179,0.63648,4.571298,0.035556383,0.071734585,0.074354164,0.08726808
0.56671196,1989.759,0.46430388,0.4489925,0.10641397,0.056952097,0.079688296,0.1324052
0.6782921,1518.6956,3.3101087,0.5973189,0.07955907,0.048861817,0.032730352,0.37420148
0.5510805,5818.7607,0.2089581,4.711676,0.11903731,0.13198845,0.17090309,0.1508292
0.65264183,3618.2437,0.35039678,5.7084255,0.09759008,0.08229752,0.20862414,0.09105781
0.63625365,4308.8076,0.44434398,8.87745,0.12087527,0.11607756,0.1904749,0.08741093
0.6545805,3995.6572,0.2518694,9.530117,0.13965984,0.11530383,0.19948289,0.066759266
0.60131717,2080.948,4.4096694,0.71058905,0.07215588,0.07963914,0.24293058,0.055372167
0.60532856,2157.5532,0.17882475,0.75879294,0.05220863,0.056766685,0.03219197,0.061616894
0.57082546,2473.5083,0.19026,0.69087195,0.054732595,0.061634287,0.03325159,0.070652686
0.6075897,5036.5874,2.0115259,7.539506,0.041619495,0.069452144,0.13595241,0.15259811
0.63001955,3601.5986,1.4906354,4.378855,0.054840945,0.049197916,0.16735205,0.24251473
0.63273305,3682.0432,1.6020745,4.435365,0.054589257,0.047620736,0.16729124,0.24832742
0.58522856,3804.8633,1.8801223,2.7437205,0.08353755,0.03809669,0.09393813,0.19266158
0.64708483,4471.706,2.5604305,9.583302,0.064583264,0.05938025,0.06702941,0.07276402
0.6601207,3780.2773,1.3922645,7.4692326,0.048508756,0.095856294,0.057924826,0.043762334
0.64978105,3107.813,1.0831201,3.5468657,0.043437656,0.055302046,0.05823928,0.046696864
0.6345407,3518.3145,1.4500183,3.7063887,0.050555177,0.0715784,0.06851581,0.04984516
0.69011354,1432.6041,1.9393079,0.52308464,0.06490834,0.07246667,0.048094288,0.17727003
0.687787,1518.2921,1.3750296,0.59742945,0.062528275,0.06769599,0.04415308,0.17659649
0.64098686,3671.549,1.489491,4.959214,0.037965693,0.06208022,0.057717767,0.103928596
0.65307057,3058.4126,2.5914435,3.5598853,0.084536955,0.05383652,0.055566933,0.08376433
0.60392773,4404.4785,1.1589881,4.8624105,0.084347725,0.06044831,0.15496913,0.16537778
0.55957407,2163.1943,1.3134664,0.53451514,0.17575279,0.060771294,0.0942409,0.17927027
0.61223817,2944.2964,2.632171,1.8413128,0.03861912,0.13042462,0.060003415,0.091876805
0.68288064,2210.804,1.0482582,2.021682,0.2397491,0.1146361,0.039397556,0.24848606
0.5692335,5678.0933,1.3965671,4.9907484,0.08982235,0.17797738,0.077003695,0.06071001
0.6812022,2034.7058,2.591233,1.5253266,0.10939319,0.28123587,0.04202867,0.0601712
0.68784195,2622.5886,2.6730533,3.640945,0.10069138,0.24795997,0.03510701,0.052034814
0.60133207,6042.1763,0.6021498,9.259628,0.1834287,0.14354046,0.0625021,0.2041009
0.69277155,2225.586,2.889539,2.2008677,0.08555134,0.049335383,0.056718864,0.049112972
0.5984802,5457.2544,0.10953515,7.7134085,0.21356645,0.11179404,0.07880131,0.11394437
0.70541626,2245.4028,0.67611545,2.68485,0.22840258,0.068501614,0.0743983,0.038211267
0.55421096,3219.6118,1.6769543,1.1009083,0.15782622,0.093119465,0.038018346,0.11048133
0.5501792,3188.476,1.7306032,1.0934515,0.15930533,0.092640325,0.037801694,0.11095444
0.57670754,4079.0996,0.25486922,2.242741,0.18224117,0.11104771,0.027514134,0.13145469
0.54114884,3114.3008,3.0623965,0.867633,0.16183546,0.17575459,0.056300286,0.08505396
0.5471616,4181.8345,4.0674024,1.7529006,0.13998383,0.12130708,0.07388888,0.06451864
0.6339231,4233.175,3.5086815,6.833157,0.048942745,0.058695458,0.09156531,0.07411309
0.71181315,2040.6086,0.8491516,2.272819,0.04332845,0.079716645,0.046088718,0.1586107
0.5065083,2097.7512,3.1511776,0.3789763,0.05071141,0.045415133,0.08185357,0.22699496
0.48269275,2040.0726,0.7231946,0.28068227,0.1498918,0.07464913,0.052969873,0.035308048
0.51202023,1873.7761,1.4564201,0.28279093,0.14754178,0.07652035,0.047816634,0.03772198
0.6991449,2328.8057,1.9161057,3.2080996,0.076398164,0.053604554,0.090951994,0.22392702
0.617927,2476.7861,2.0021808,1.1528354,0.08664269,0.09929984,0.05706329,0.052597485
0.645123,2580.62,1.0376891,1.7586265,0.07102418,0.32143843,0.057472765,0.02949512
0.6500572,2349.8896,1.1770122,1.4846818,0.07053432,0.35852516,0.06553444,0.030226951
0.6568099,2701.1213,0.7285436,2.2105095,0.07698589,0.37249255,0.06435731,0.03985207
0.5755637,1658.1642,1.4318548,0.34473938,0.063537106,0.036344297,0.080768354,0.10580264
0.60776573,5792.0625,3.040002,10.490982,0.08613956,0.18180272,0.07162895,0.07218093
0.6697953,2763.1433,0.8698885,2.978483,0.13724813,0.18275216,0.083073005,0.085421264
0.68504,2871.292,0.16443199,4.5680323,0.26695034,0.051832594,0.05036203,0.05563986
0.5496188,5460.2397,0.7954723,3.47648,0.12282829,0.15455233,0.033410206,0.08401264
0.70905083,2078.5718,2.7144213,2.7126563,0.21643461,0.040130023,0.14509293,0.1486353
0.5656491,6167.1094,1.2456892,5.9162025,0.15726465,0.085071824,0.04894734,0.07324757
0.7137909,2614.3313,2.8918757,5.9635906,0.03895683,0.07840103,0.05501411,0.055369582
0.6397953,4683.333,1.4811177,9.359767,0.053594995,0.081309,0.055789936,0.044222537
0.6450533,2226.7139,0.17933534,1.1530167,0.046731677,0.09697226,0.04811969,0.053497165
0.651083,2417.1772,0.21574776,1.8274336,0.04896095,0.09691965,0.04933986,0.055801295
0.6214265,2078.5613,5.307305,0.6642308,0.09079394,0.08668883,0.068096966,0.04698465
0.7142633,1900.7544,0.5091515,2.0562499,0.057917617,0.11074127,0.041384377,0.087285124
0.75344974,2213.0916,2.245188,8.94585,0.11736226,0.11962753,0.08621441,0.046959564
0.5837164,6474.977,1.89863,7.812981,0.14487295,0.17694739,0.042177867,0.051897734
0.629809,4713.4507,2.8650262,8.010434,0.16067141,0.12551138,0.07472748,0.042879023
0.6314847,4551.9907,1.1047612,6.8106327,0.14620914,0.09351698,0.08225675,0.04195177
0.69797117,3141.0977,1.5657789,9.156733,0.17201485,0.042261798,0.058940217,0.042492785
0.67646563,3570.2197,1.2834988,8.253223,0.12471244,0.03801803,0.09676117,0.033825133
0.6871247,3747.3623,2.359303,11.034434,0.05132293,0.10564097,0.02916068,0.13880771
0.67380315,3926.3223,1.4093286,9.721073,0.063461214,0.09695415,0.042283528,0.103884324
0.55760694,3524.9158,0.75064576,1.6211172,0.0740195,0.10471667,0.18965678,0.09259511
0.66151917,4152.31,2.6036072,9.612835,0.098289624,0.10423203,0.045232285,0.13842799
0.6458096,2900.4102,1.1936219,2.3106475,0.081601545,0.0805091,0.05955735,0.11544197
0.71393734,2886.0698,2.761773,8.302822,0.0678111,0.11456315,0.067986034,0.09380905
0.6987118,3028.1128,1.7602361,6.8497405,0.05825803,0.10000214,0.055664364,0.104791775
0.63777816,4105.2812,1.4863219,5.790579,0.05604373,0.11843851,0.07686856,0.05528972
0.6837054,3147.4734,2.2420323,6.283844,0.042546146,0.043520138,0.051521324,0.02385917
0.6556697,3822.0244,0.7537795,6.750772,0.1535078,0.11523057,0.0835654,0.06656052
0.538027,1646.2009,0.7372799,0.24393523,0.06822796,0.055674758,0.10454714,0.038001098
0.5646528,1832.4932,2.0678709,0.35876885,0.059530944,0.12574701,0.049408928,0.027086338
0.63661,4650.5264,1.6552036,8.72239,0.27368355,0.41256395,0.10332758,0.1307677
0.6582114,2545.5837,1.9118546,2.197691,0.14928502,0.25458622,0.05752823,0.075182274
0.649565,3535.2405,1.7726994,4.5733776,0.098891295,0.22116934,0.045622688,0.056230478
0.52874804,3620.9194,4.729567,1.0842345,0.11507048,0.19588783,0.05426002,0.06626117
0.5924603,4335.357,3.010706,3.6384702,0.12269874,0.15791288,0.036615055,0.08034218
0.6611347,3078.013,1.7571795,3.4711452,0.11446139,0.09570544,0.061121587,0.09811671
0.55659443,5085.267,2.2359986,3.5895104,0.108530834,0.10147763,0.058931198,0.056353092
0.6427843,4479.5117,2.2221367,8.568433,0.14616115,0.096630454,0.034480147,0.055435877
0.6656021,3745.7224,1.8490337,7.7375946,0.07382348,0.10550819,0.06080927,0.037610542
0.6397268,3021.0432,0.78973633,2.6992016,0.06714799,0.08197151,0.046844076,0.031380665
0.60720986,4124.205,0.7937906,4.4519353,0.12839617,0.08173448,0.09475955,0.1549978
0.6610955,3908.8784,1.92197,8.2125,0.05738746,0.08761937,0.0969898,0.14859442
0.6527652,4122.583,2.000267,8.506938,0.044156436,0.061260168,0.06029781,0.03426122
0.62885565,3125.9568,0.9319666,2.4381337,0.09276607,0.17773494,0.07279834,0.17482121
0.58705413,3049.1367,2.8880808,1.406278,0.13244519,0.16965722,0.26492122,0.14829797
0.56349903,2158.698,2.7717261,0.5245523,0.075099,0.10798123,0.20348135,0.101336285
0.6398998,2662.1533,1.8737909,1.7799937,0.075221196,0.082416095,0.112184584,0.12809928
0.67913514,3424.6658,1.2216262,8.008624,0.09292773,0.16797674,0.1400148,0.051466357
0.607931,5250.888,0.84777063,6.9566903,0.15147728,0.14713931,0.033980362,0.045828536
0.62974757,1850.073,0.97110987,0.6116909,0.14686169,0.04339392,0.21600632,0.059839737
0.649752,4119.1475,1.3388981,7.8642197,0.42782757,0.0376794,0.18011168,0.08247556
0.60678065,4116.671,1.4537894,3.7360225,0.29449195,0.09651017,0.065617196,0.3904938
0.6064349,3817.5667,1.9516603,3.0152917,0.19629033,0.13193405,0.05564523,0.34581864
0.633525,4976.3477,0.8992435,9.60527,0.2673231,0.123814166,0.064031616,0.5625437
0.6680644,2919.2222,2.7433054,3.9645483,0.30782613,0.06412457,0.08497544,0.28804967
0.6042347,5066.128,1.7753233,6.650773,0.093578786,0.06713061,0.077392876,0.2345832
0.60479,2038.2655,1.1630957,0.59408724,0.042218875,0.31080905,0.059734926,0.16414125
0.6744535,3962.713,2.2441475,11.537294,0.071076795,0.035649765,0.08621367,0.028134577
0.5048287,1880.9404,2.341729,0.24926259,0.12315562,0.14783598,0.05821904,0.35437864
0.60034746,1778.3276,1.5727887,0.46327817,0.09756649,0.051967617,0.10520651,0.09268995
0.7345086,2185.5461,1.5980119,4.949744,0.10071957,0.05001762,0.12313255,0.24508698
0.6841452,1891.0967,2.371125,1.2494326,0.07128464,0.09502982,0.102075964,0.37059328
0.5821703,3536.5305,1.6948531,2.4017131,0.03856636,0.06696441,0.08878658,0.22280145
0.63493234,1334.108,2.3546195,0.31583235,0.08919535,0.056630883,0.07200233,0.11454013
0.66391766,1388.4459,2.5386944,0.42518753,0.09249937,0.03933519,0.07044175,0.1558159
0.7620998,1967.5807,1.2725142,6.5198803,0.09743146,0.0744829,0.06359253,0.07087799
0.7501365,2358.767,0.2654749,8.535264,0.1700905,0.084950946,0.047617316,0.08039936
0.6419838,1495.7719,5.0239406,0.37769002,0.1700037,0.09370142,0.1311253,0.11102965
0.63995,4818.884,0.077932864,10.58452,0.05799017,0.04007904,0.03472933,0.09121427
0.63561517,5051.7515,0.099834904,10.687686,0.060100272,0.02810609,0.03324563,0.10865505
0.7043671,3203.7688,0.051844425,9.980045,0.05918215,0.09350323,0.08114603,0.05917597
0.61701643,5472.657,0.042282544,9.594469,0.08322065,0.05947793,0.06961433,0.056127395
0.6841832,2684.7202,0.32043654,3.6682596,0.06179187,0.05519331,0.05340094,0.029118052
0.68274486,1696.7417,2.531199,0.9178108,0.08362287,0.061214164,0.07425877,0.059176054
0.5599826,3915.8582,1.4013139,1.8639374,0.08698727,0.07058381,0.03961217,0.084644794
0.6904063,1785.8353,1.2167187,1.0484875,0.36653787,0.1010821,0.07541519,0.07113863
0.4854728,1628.2891,3.4826849,0.17066637,0.36819658,0.054012306,0.106488734,0.038083673
0.48950893,1048.9673,0.4692707,0.0330828,0.07887605,0.085302934,0.25912288,0.0768057
0.587579,2537.8894,1.2411137,0.8766999,0.106408946,0.12273882,0.048629507,0.090338655
0.65524656,3019.7886,0.67814165,3.4637234,0.0277555,0.07530591,0.0967533,0.057216592
0.6285582,3969.9043,2.2457707,4.927459,0.094338216,0.33281517,0.07080339,0.13059416
0.5368753,4660.813,2.5158024,2.295709,0.118574046,0.37992474,0.045557927,0.11879833
0.73061466,2707.1035,1.2923431,8.12028,0.03865616,0.17356843,0.06208115,0.06692574
0.5439134,3093.7666,2.53938,0.92049646,0.10319535,0.1482904,0.022648633,0.060035385
0.53980005,3172.489,2.9532306,1.0207392,0.10237394,0.12362031,0.025809467,0.05756223
0.6808891,3930.8691,1.6970453,11.749781,0.04979889,0.047876548,0.19829361,0.05144517
0.6425616,2714.342,1.935823,2.2052517,0.04477209,0.14810732,0.054232962,0.0599627
0.5391141,2018.6725,1.9234978,0.3629724,0.12861171,0.13730647,0.08696228,0.0463926
0.5265917,2181.7576,2.9512582,0.3992663,0.13389869,0.13087846,0.07937306,0.03573073
0.658909,4254.668,0.44726402,10.245966,0.14555413,0.12884901,0.034066256,0.053436693
0.5856354,4872.8354,0.08910144,4.42921,0.16233408,0.11625174,0.072444454,0.0790171
0.5915458,3495.1377,0.040594246,2.0785637,0.12969093,0.20163487,0.09229553,0.1128442
0.66674566,3653.865,4.479288,7.2587633,0.0503509,0.26675892,0.18107477,0.025125615
0.6141902,3384.9011,0.20685618,2.8096347,0.034531828,0.048883606,0.10630158,0.087286636
0.6613798,3220.5024,1.3620995,4.605622,0.043443196,0.037512213,0.1449517,0.08003186
0.58958596,2364.8723,2.5321012,0.75672805,0.064598076,0.05823695,0.06711731,0.10432603
0.5442006,2587.1804,1.2424171,0.7017708,0.0795649,0.11013523,0.06696843,0.11372255
0.6789199,3810.7542,1.2739549,10.756169,0.086952955,0.21651737,0.036268182,0.03282743
0.58186,1365.9408,3.041172,0.2090096,0.057828538,0.05181569,0.075885035,0.077261776
0.56827897,2069.9731,1.8880748,0.4984799,0.05414409,0.07162507,0.20133284,0.047952447
0.6790377,2924.937,0.1451061,4.170839,0.039266743,0.09651461,0.059165247,0.06733464
0.6149518,1881.0431,3.3826096,0.53095716,0.044384994,0.06378221,0.047066376,0.038379878
0.5954204,4396.9263,1.4273534,3.9393897,0.065807015,0.06173559,0.03419168,0.07528812
0.718893,2193.9849,2.3479393,3.4387815,0.09257482,0.09948766,0.0320313,0.04474563
0.59601,4839.724,0.09470531,5.1537247,0.104357034,0.05045983,0.071399756,0.07599598
0.6591865,3667.81,0.24935526,6.3008947,0.10680874,0.105721645,0.06912405,0.05365676
0.6728293,3721.3435,0.2006867,9.189929,0.05932386,0.13501805,0.081312776,0.04096674
0.6181249,3140.2373,0.21870257,2.3302472,0.29769778,0.043662336,0.042646006,0.06612675
0.7173034,1448.7537,1.7184491,0.85655266,0.22886838,0.091739476,0.10699536,0.058031857
0.544961,3991.9753,0.65044856,1.6127657,0.18550587,0.092870295,0.05045089,0.1307025
0.5474502,2842.5955,0.7473396,0.7620112,0.26992854,0.109092146,0.042074397,0.12840845
0.71363425,2968.3716,0.3830565,10.598826,0.18033125,0.057645056,0.08601247,0.08210267
0.6019632,6515.9297,0.18756063,11.061942,0.12548798,0.09418578,0.10894078,0.09611512
0.7038657,3285.758,0.08526666,11.570259,0.06965269,0.054078437,0.038811482,0.04541716
0.51446605,2453.736,2.0216286,0.41681916,0.19075245,0.16559683,0.085452326,0.0939164
0.5152897,3355.5444,2.783892,0.92440605,0.22744533,0.253277,0.09521609,0.10148358
0.5929391,4481.2026,1.1791028,4.1938124,0.10279457,0.1643331,0.06449351,0.1447314
0.6396718,3221.3887,0.6499997,2.9165058,0.11623887,0.09728789,0.078431055,0.08801429
0.64270806,4942.3774,3.6305666,11.245742,0.059244324,0.04361951,0.25485846,0.07474764
0.6788884,3898.7922,0.24617702,10.652955,0.06737753,0.082753204,0.15878493,0.045548998
0.61187243,4439.7915,2.5697675,5.1514034,0.035110667,0.06144994,0.1172902,0.13346799
0.59720826,3551.9736,1.7629545,2.6150556,0.051870644,0.038584597,0.12962298,0.12394953
0.62205815,5438.387,0.6817302,10.430259,0.048595365,0.04186678,0.07657629,0.08318513
0.67959344,1473.0226,1.1884365,0.5659037,0.16997154,0.120511,0.04617036,0.03115674
0.5953665,6539.4087,1.5994922,10.297023,0.04652349,0.26678342,0.056090955,0.058605615
0.61059743,3937.2405,2.544206,3.7021556,0.03674355,0.10565185,0.057388104,0.094180994
0.696611,2487.0986,1.6579424,3.488753,0.038280513,0.060830627,0.05843831,0.12580255
0.6763959,2648.1438,0.70399654,3.2048283,0.039219677,0.1861847,0.08722991,0.11902593
0.61472756,4597.1665,2.9634278,6.3851247,0.05257196,0.04876735,0.09920781,0.067762844
0.6516853,2560.1096,1.2763251,1.9928877,0.042127505,0.12821642,0.117698796,0.12672855
0.5366368,1901.5546,2.7704709,0.31761754,0.043925956,0.41613966,0.098245926,0.1687915
0.48744458,1166.3013,0.08774499,0.043012507,0.10100116,0.24084869,0.040347714,0.08400723
0.42886865,1217.6926,1.6970648,0.032057375,0.25431415,0.14832038,0.063117735,0.110136226
0.44065827,1231.6738,1.8323835,0.037862074,0.2490836,0.14371558,0.064011306,0.105027065
0.6119932,1763.1676,1.7770699,0.53786653,0.11990768,0.053338047,0.08681649,0.05055161
0.73993486,2412.2947,2.015859,9.370579,0.10753663,0.08266866,0.07309494,0.10877081
0.65741867,4063.5408,2.621799,7.680185,0.09429286,0.11681661,0.05424777,0.077137664
0.6008281,3375.3784,1.0239176,2.0655365,0.12839562,0.15235591,0.10221381,0.05235216
0.59307814,5773.564,4.5254626,7.1196804,0.26075348,0.12268959,0.11929056,0.027126826
0.6415666,2804.7292,0.70763946,2.4655082,0.104229175,0.060851775,0.102904595,0.073998645
0.6686089,3412.94,1.0823464,6.1191673,0.12618744,0.07859293,0.05772291,0.05901784
0.615251,4969.24,0.7146234,6.400984,0.17850506,0.2482613,0.13472402,0.029175596
0.6040183,3256.494,1.0715325,1.9123056,0.1901916,0.29360184,0.122837834,0.027312256
0.6086188,2942.867,1.308836,1.4796414,0.15748082,0.32310075,0.114520654,0.025410455
0.6679113,3459.6733,0.72067124,7.1763463,0.08641289,0.021338021,0.090388425,0.111578435
0.61218005,4180.3096,3.2168853,4.8686547,0.046921212,0.039932247,0.09950401,0.07708971
0.59055984,3906.1099,5.275472,2.9821243,0.049171686,0.04247044,0.09427663,0.091032736
0.6673555,3142.735,1.0193188,4.5464263,0.03527269,0.065488756,0.09484419,0.08003813
0.66183734,3580.0786,2.5840123,6.0764422,0.061667815,0.16147643,0.025665045,0.03474849
0.7038591,2933.2097,1.9028692,6.8885384,0.0593296,0.14345191,0.062257893,0.046700135
0.592044,4887.381,2.11161,4.7545586,0.14331532,0.07449582,0.02884109,0.047893398
0.7519388,2126.5405,2.5556269,6.5221148,0.10253494,0.06976356,0.034776438,0.08127475
0.7624361,2021.7168,3.740912,7.563069,0.12940085,0.10955796,0.03014066,0.05774236
0.5119932,4641.6064,0.4861962,1.8451203,0.439265,0.037666198,0.16898634,0.105065435
0.6030631,4221.423,1.5960875,4.14206,0.24499096,0.10377724,0.22694972,0.20310704
0.62741274,3152.097,2.442407,2.7775097,0.05910396,0.033251345,0.052135304,0.10357452
0.68268657,2071.357,1.8342988,1.8964336,0.122243464,0.39503413,0.17333154,0.050079063
0.6880668,2842.001,0.24908797,4.6048436,0.14533985,0.4345681,0.080051415,0.051060926
0.48340854,3276.5813,4.4460335,0.63670295,0.3496272,0.16373196,0.18398069,0.11421306
0.7164375,2923.945,0.238984,10.186239,0.097779386,0.059196275,0.07115764,0.027484879
0.68149126,2222.0293,0.20432353,1.9178859,0.05431161,0.09487579,0.076444075,0.07207029
0.67149764,3186.718,0.48714507,5.422793,0.076279655,0.17762834,0.07118211,0.18785405
0.6630785,3640.846,0.8652641,7.6209674,0.0866198,0.056436736,0.051835313,0.059848282
0.6039114,2079.4114,1.2207569,0.7455228,0.05033213,0.099978566,0.08697089,0.07351392
0.6589675,4138.039,2.0735836,9.168162,0.05603006,0.07625325,0.03753467,0.07531514
0.70186585,3339.2786,2.756979,11.320438,0.057235435,0.066398285,0.033172045,0.08502669
0.65750456,4284.1953,0.45704252,10.035411,0.08050597,0.16622518,0.09067431,0.029848192
0.61027443,5373.649,3.2499511,8.160381,0.13373926,0.14163652,0.1072936,0.06808159
0.59211355,5923.8906,1.5811651,7.4022117,0.10110879,0.17432635,0.08936636,0.067990184
0.58657515,4195.974,1.175292,2.8358855,0.23990917,0.07383679,0.08273557,0.05071938
0.7324241,2422.7507,2.4788654,7.1590567,0.20925108,0.10622077,0.038380273,0.21377616
0.66795325,3659.6333,1.3805453,8.239018,0.27215427,0.036194403,0.079781406,0.08547665
0.58872837,1915.3198,1.1213793,0.5111451,0.035900906,0.3948158,0.07829112,0.111206725
0.48698813,2353.5896,3.1107528,0.35291502,0.13492869,0.19164038,0.04976128,0.04746926
0.7173403,2913.9058,1.7667701,10.038153,0.37382883,0.11088381,0.1587209,0.121223815
0.5870178,5239.215,1.9186312,5.124113,0.09672751,0.05591996,0.051778197,0.042883232
0.7016412,2174.5828,1.1670477,2.5604527,0.066490084,0.11241297,0.037376955,0.1510752
0.59286606,5332.9395,0.9968553,6.067774,0.05109393,0.11455509,0.049647436,0.13654684
0.62682194,4141.855,0.62840694,5.410734,0.04956064,0.076716945,0.05186754,0.23502937
0.6787462,3875.139,1.8066934,10.656019,0.044288546,0.18123862,0.054345444,0.089186445
0.67993903,2582.7854,1.048204,3.1732132,0.13448153,0.03852708,0.073894575,0.04200637
0.6262314,5506.2397,2.0656137,10.810171,0.058762442,0.15235393,0.03823744,0.07929513
0.60018027,1792.9797,1.5954962,0.42818674,0.14338505,0.3251512,0.13003057,0.09115877
0.55593127,1695.6927,1.8110387,0.30209976,0.109015346,0.163694,0.09288042,0.0840953
0.6928808,3058.3447,1.3049349,6.418667,0.036630876,0.048716858,0.03868609,0.07364709
0.64354676,4601.5146,1.4079062,9.719435,0.041338548,0.09629864,0.110510856,0.025255185
0.6160181,5099.885,1.8833671,7.9931,0.06491805,0.07682349,0.033186972,0.113217466
0.7021282,3199.9985,1.8092902,9.549307,0.053143658,0.052519053,0.039885312,0.07199843
0.6830802,3476.536,1.8658651,8.389052,0.16071141,0.10921113,0.09222281,0.046475552
0.7171787,2994.4614,1.5058532,11.453098,0.13516067,0.11433934,0.08320639,0.03482237
0.66538143,2465.8303,0.96171355,2.2088184,0.040328037,0.072531596,0.050211206,0.074039936
0.5466657,3899.4314,2.0577457,1.9847881,0.07309748,0.05552458,0.26889575,0.34198043
0.68574876,2037.6182,2.869262,1.6283624,0.08384235,0.07438358,0.025405562,0.028350811
0.6532661,2081.1973,2.1847193,1.0641003,0.06861474,0.066594176,0.030967122,0.029331535
0.6106328,4763.906,1.3388143,6.2767153,0.047769897,0.11903263,0.07097027,0.08515979
0.62321323,4216.936,1.3610578,5.702017,0.048346035,0.11041852,0.07231315,0.08054851
0.6194883,4518.3623,2.180476,5.7782655,0.03288483,0.13065891,0.15642482,0.10170982
0.67910254,3280.0134,1.4398683,6.990064,0.16880964,0.083657496,0.061390795,0.07507927
0.5492094,4360.2466,3.2081978,2.1721394,0.10126499,0.10874965,0.0978836,0.08309967
0.617911,5459.725,0.8835392,8.7646055,0.13188502,0.15234673,0.036800355,0.17033513
0.5944803,2763.8896,3.6802673,1.2121096,0.12595378,0.25326717,0.06726333,0.061976314
0.50669813,1627.7648,0.36973727,0.19466907,0.043908294,0.20999725,0.08807905,0.034083627
0.62052166,3846.5823,1.5990486,3.881172,0.13670497,0.13586889,0.07164121,0.054701716
0.58294785,3088.4006,1.3477436,1.3537242,0.12972108,0.13781707,0.042931683,0.050825708
0.68146104,1922.2291,1.0847849,1.1778866,0.0845163,0.07003067,0.118892655,0.04418173
0.6180433,2294.8264,2.2057714,1.0132763,0.09667361,0.065562904,0.04837332,0.06268285
0.5429709,1499.0939,1.2655829,0.1871169,0.084149614,0.086322725,0.035725985,0.07146671
0.60178363,2367.4626,3.729437,0.9311872,0.0627294,0.11380519,0.05225418,0.08215388
0.66864616,2333.7173,1.6834309,1.8717709,0.062110968,0.07743156,0.08763761,0.086154185
0.6584713,2323.6533,1.9365059,1.7032194,0.060565654,0.076218046,0.09354156,0.081076935
0.6388146,2477.3242,2.0883965,1.5775819,0.03721407,0.14810757,0.054495677,0.13011295
0.6250178,2593.2275,2.431765,1.5831366,0.035884287,0.16373038,0.05588752,0.12574443
0.6030565,3280.5212,1.3663943,2.1568708,0.04324392,0.17169963,0.0558286,0.1152844
0.6611419,3229.0984,2.2726989,4.553184,0.04514392,0.13909918,0.034892645,0.13027596
0.6509969,3129.16,1.348994,3.5381527,0.033531222,0.14322482,0.07497484,0.0544564
0.6043595,4292.614,0.88008094,4.178374,0.11283782,0.076886244,0.043771673,0.054801017
0.64088297,3229.7183,0.52790433,3.1610057,0.18585679,0.05508526,0.04891632,0.054951347
0.65065175,4454.5723,0.5664334,9.709242,0.15433347,0.07285005,0.04268803,0.059952967
0.6552471,3336.7283,0.32040045,4.427816,0.16347003,0.077043265,0.029156057,0.06918241
0.6795478,3520.2148,3.6853578,7.721265,0.077691115,0.080318585,0.17568749,0.07380106
0.6153785,2109.335,0.37677285,0.8571795,0.10457965,0.05125664,0.15151711,0.09540447
0.65365624,2265.9788,0.7034854,1.4400771,0.039728336,0.17246728,0.11355056,0.29877275
0.7124649,1512.4513,0.71323115,0.8641603,0.10384904,0.057150863,0.07079633,0.031383462
0.7626411,1593.4314,1.8052555,2.463265,0.11822077,0.054295387,0.06476314,0.025992092
0.61467606,3858.0461,2.1815746,3.7634015,0.110127956,0.080482595,0.040272444,0.045968607
0.69769615,2652.5325,2.4527967,5.015291,0.08317081,0.15520547,0.052412342,0.068541065
0.6253921,2191.715,1.8454708,1.0410801,0.09104001,0.066424824,0.17212947,0.06826056
0.5725586,2221.8105,2.0163918,0.63246363,0.06415073,0.07902743,0.088807225,0.0766816
0.7531398,1603.4866,0.53158754,2.0154753,0.05334448,0.05140519,0.04385482,0.071768075
0.5992958,4951.4785,2.017366,5.6894975,0.05421675,0.051335804,0.056336354,0.072181605
0.5624535,6106.2285,2.6991966,5.9775963,0.06426547,0.04940909,0.070392966,0.06923789
0.6576199,3677.7876,1.810314,6.434049,0.032919038,0.04647542,0.08376844,0.086273625
0.6444195,4262.9355,1.415846,8.064219,0.034268573,0.044378594,0.07999527,0.084909596
0.59853786,2983.4219,2.795348,1.5290446,0.18937077,0.3999678,0.069891505,0.035620164
0.59884083,4587.0645,0.98349774,4.2414727,0.17068136,0.12020436,0.09551825,0.076456614
0.5534026,4702.9453,1.6195632,2.5291598,0.1853821,0.12968382,0.06661242,0.065247454
0.6714753,3676.4778,1.3171912,8.347793,0.028653115,0.070996486,0.052092437,0.059819583
0.6815536,3191.59,1.1028355,6.278225,0.040525112,0.07186184,0.057887632,0.053650662
0.62566864,4854.7607,2.5891428,7.9080114,0.07913018,0.054804675,0.04073933,0.047880463
0.5864945,2472.932,1.2717074,0.8895377,0.055676524,0.10538563,0.07183364,0.05886552
0.63185984,2808.5854,3.1603432,1.9903578,0.095119156,0.056439213,0.038215913,0.085908145
0.6854392,2084.8274,1.0379541,1.9772793,0.040856592,0.07541785,0.06971495,0.11953472
0.60208106,3421.4927,0.6531578,2.6600096,0.037566442,0.07539643,0.08649301,0.118774906
0.63766307,2951.1934,1.1061807,2.7272325,0.04422926,0.07490513,0.07312987,0.12306149
0.48977402,1556.5656,2.393715,0.16011259,0.053214557,0.12710615,0.05148198,0.12730953
0.73713076,2118.1487,1.5596691,4.6364865,0.07115091,0.03627281,0.066882305,0.093490526
0.6486841,2835.3884,2.2995307,2.8317504,0.05671325,0.031416066,0.06981609,0.1241671
0.58902806,3076.599,1.2283951,1.6681244,0.031865038,0.37661403,0.1712015,0.17323764
0.6658983,2431.986,3.2248719,2.2252474,0.049662977,0.17436619,0.19640353,0.09311107
0.6313597,3316.757,2.1185896,3.3911762,0.04050168,0.05808057,0.10385696,0.07747139
0.6186995,2380.9792,2.0516417,1.0910149,0.063732974,0.12745641,0.074311435,0.031219825
0.61091864,2898.3875,2.8264189,1.5697889,0.09390776,0.18620741,0.119496055,0.04207863
0.59338784,2690.7437,3.3375351,1.0755394,0.11575915,0.17218453,0.14919549,0.047454897
0.6251371,4837.0938,1.2890579,7.9580517,0.053478982,0.037934683,0.21677041,0.09291646
0.67689395,3538.3315,1.7364581,7.942041,0.06802157,0.083981074,0.11741515,0.08261013
0.5973461,2650.5422,2.279701,1.1347284,0.18616542,0.06916481,0.043066442,0.15681677
0.631521,2686.5232,1.8197055,1.663039,0.20588984,0.08547033,0.084924884,0.029682763
0.618323,3007.355,3.6730604,1.9108983,0.20212859,0.08091563,0.068648055,0.039454933
0.75600624,2217.7527,1.4870754,7.969894,0.11340944,0.13031651,0.10146708,0.062889755
0.6407268,3610.4985,2.1631262,4.62522,0.09919686,0.1790295,0.04416746,0.08130285
0.619972,3502.7449,1.2309477,3.026045,0.28417227,0.055602066,0.05900868,0.19474488
0.63893807,4240.565,2.8102016,6.5827937,0.19229756,0.038269572,0.041235674,0.19548583
0.67255425,3287.2231,1.1030169,5.418308,0.181378,0.08299279,0.08837918,0.08436498
0.6492713,3764.3103,2.8485038,5.9940085,0.06655178,0.07755232,0.035890304,0.080613315
0.5981653,5092.4497,1.5271443,5.7629285,0.049668178,0.09441315,0.030051963,0.14781956
0.71402144,2474.1538,2.241738,5.11365,0.0680818,0.07923156,0.055863887,0.11647581
0.69403005,3202.2375,2.0804808,8.80128,0.07227347,0.06521394,0.0560773,0.1706456
0.64357615,4339.351,0.8851951,7.7513595,0.05788577,0.074771285,0.030914592,0.09755565
0.68435913,3494.7034,0.24856928,8.443568,0.04466206,0.081972994,0.15428717,0.14230987
0.6488279,3468.826,0.41947758,4.370798,0.067958385,0.1314681,0.073274046,0.09055337
0.6621265,3093.0403,1.1816868,3.877444,0.057781376,0.113603935,0.031088792,0.077516064
0.61483604,1854.9543,1.8374856,0.52519286,0.047505997,0.06868694,0.041116104,0.050428174
0.6783415,4019.794,1.9893098,11.990874,0.0668579,0.09701462,0.1631128,0.06317264
0.6652704,4291.86,1.8655111,11.499926,0.06305147,0.124487676,0.044803873,0.09136872
0.54352146,1296.2375,1.3230392,0.12913102,0.08839928,0.04716941,0.22117585,0.12224816
0.615879,5263.725,2.2070122,9.288332,0.061316688,0.0998491,0.06891135,0.06875489
0.6335867,3116.7903,1.9169406,2.814337,0.027961208,0.07616693,0.23292625,0.16260809
0.5889648,4205.0977,1.8596458,3.4557943,0.065073006,0.03200733,0.14647186,0.080704525
0.695556,3165.8306,0.9949366,8.80522,0.07068337,0.03214856,0.14815676,0.12293918
0.6832348,3265.1326,1.1790528,7.560538,0.06850371,0.03120134,0.16324149,0.11444295
0.550836,4472.36,1.723229,2.2407613,0.10186487,0.17314444,0.023796339,0.06287426
0.6914873,3335.4385,0.9329943,8.650174,0.12267201,0.34842584,0.11744651,0.039501175
0.5997548,5364.2134,0.79937863,7.676119,0.11879068,0.098133884,0.06839874,0.27372545
0.5692604,1205.5126,3.445226,0.15013087,0.18730964,0.043064162,0.09681406,0.08491889
0.57244986,2270.9983,0.3689326,0.5682631,0.18015344,0.074927166,0.10338919,0.06537218
0.6811358,2454.9233,4.605089,2.619441,0.04759743,0.06419868,0.08733189,0.032132298
0.67381614,2263.1094,4.011841,1.7808514,0.04297665,0.061578516,0.082316376,0.042182058
0.60298496,3474.9878,1.2878394,2.7707381,0.07971117,0.05120688,0.06954182,0.09656781
0.63490844,3550.685,1.6370624,4.270762,0.050716173,0.04344885,0.0649263,0.15706626
0.671327,2702.6943,2.2242267,3.0759096,0.04618171,0.05557055,0.03966257,0.094045416
0.60397375,3646.9983,3.5314803,2.9300084,0.064570405,0.04549829,0.055279516,0.24465361
0.6595244,4144.418,0.71237636,9.934193,0.047474395,0.03228759,0.07339532,0.25726405
0.61780167,5457.7153,0.57347786,10.387722,0.056796428,0.02526129,0.095619686,0.27631265
0.7087995,3091.5461,2.818022,9.674871,0.03586223,0.22899301,0.04849073,0.07076174
0.6631821,4294.17,1.0982081,11.7433605,0.11697759,0.035753287,0.056238577,0.042015385
0.66842914,4200.4,1.511648,11.728844,0.11331817,0.037091248,0.056936525,0.041328095
0.62512535,4839.5225,2.99209,7.6611247,0.052899983,0.15966828,0.06118889,0.053044412
0.6196281,2815.9688,2.047105,1.6689389,0.124012545,0.08790989,0.042103246,0.025360119
0.6140285,2753.079,1.3108499,1.5745953,0.08722126,0.08948395,0.05871718,0.19190511
0.6052179,2995.2363,1.0252357,1.6826501,0.06548901,0.091078565,0.06237219,0.14958176
0.626878,3457.117,0.99960285,3.2365901,0.06796811,0.090264246,0.06498297,0.16688532
0.70688903,2972.5833,1.9386526,8.75909,0.059386007,0.09126516,0.10992945,0.0879515
0.6420637,4093.2593,2.0239232,6.4532604,0.03586817,0.09613394,0.16902065,0.05644807
0.66175556,3125.591,1.3761683,4.4159184,0.093763635,0.051135056,0.06798162,0.073407836
0.6441748,3841.6506,0.7194063,5.874301,0.054504618,0.037442457,0.0789034,0.055204615
0.6927035,2577.2002,2.89998,4.0241785,0.44594556,0.09584521,0.05105265,0.043567374
0.64034694,4663.1406,1.6185063,8.757011,0.4539107,0.07818351,0.030443411,0.031333648
0.61656153,1518.5885,2.425084,0.34316087,0.15994015,0.070565775,0.10177185,0.06889172
0.6072049,4538.0913,1.273558,4.7131896,0.3077123,0.07108046,0.09737405,0.05939997
0.5565885,3127.5417,2.2940266,1.1565347,0.46964088,0.07847248,0.13689852,0.07699945
0.5699796,5673.573,1.2118391,5.653305,0.23556983,0.04781775,0.11240308,0.24149925
0.60330933,4391.701,3.7799013,4.8668466,0.2485203,0.05678753,0.13088807,0.15132707
0.7360607,2668.4019,0.72440976,10.840665,0.29436934,0.029278986,0.04768802,0.19587752
0.79929245,1809.6873,0.6675209,11.153294,0.20969664,0.036551766,0.053272646,0.10413059
0.58453166,7023.1934,2.1977227,9.798109,0.090846926,0.19546634,0.05154189,0.025909228
0.7084541,2848.3042,1.6233848,7.3123236,0.061576374,0.15227614,0.05148925,0.063137695
0.58216894,3889.0432,1.2657509,2.6541505,0.043345004,0.18653058,0.0815782,0.06463499
0.7156221,2932.36,1.9192983,9.720214,0.06844826,0.32702792,0.10854468,0.052722473
0.7018282,2412.6113,1.1932524,3.6183937,0.10053033,0.32381284,0.08558534,0.05290466
0.57891154,2601.0803,2.2432806,0.9187833,0.06305973,0.33600906,0.03769579,0.03387775
0.5982099,2654.2131,3.0681937,1.1888857,0.06350867,0.28673604,0.047165047,0.040915303
0.60460687,2132.2068,1.1213038,0.71787345,0.0825194,0.17574207,0.072703876,0.050834425
0.6316709,2033.9114,0.4998704,0.7893752,0.10125384,0.22747841,0.09335615,0.058283538
0.65781033,4065.063,2.0390868,7.994766,0.08479533,0.19742867,0.043472163,0.06050938
0.6291754,3006.2024,1.8935691,2.3632276,0.057968482,0.13921228,0.1255558,0.04681558
0.6814213,3069.3984,1.7205122,5.567113,0.05239225,0.089900166,0.0422526,0.029617924
0.6838154,2082.239,1.5203818,1.6320689,0.104597926,0.097114965,0.08025903,0.09766999
0.7647022,1363.2605,0.9502113,1.4049402,0.11256431,0.111530244,0.11069479,0.10731803
0.6932612,1299.2225,1.668407,0.5012313,0.14412645,0.21391822,0.22215053,0.04829247
0.5766216,6382.2686,0.14800423,7.070928,0.10403311,0.09565368,0.040617432,0.18019992
0.6202062,5404.334,0.26241046,9.7100725,0.1342451,0.12149554,0.02903539,0.15765405
0.6086211,5602.8574,1.1540085,8.195893,0.12927368,0.16225654,0.03262337,0.20126578
0.66931504,3138.0444,2.7575479,5.5613375,0.28923288,0.073965356,0.086748436,0.09916837
0.62771153,4118.0605,1.3141268,4.9279165,0.2081646,0.055759296,0.21601,0.063360766
0.58682615,4359.229,1.2544403,3.417806,0.13343646,0.13790683,0.035984304,0.062495768
0.58979577,4349.1147,2.9549003,3.1697702,0.16084325,0.28647462,0.06905557,0.06050045
0.6554363,3154.7463,2.177199,3.9435625,0.082396075,0.06445289,0.06928814,0.05989185
0.61455965,3799.4902,1.5576285,3.460595,0.14347057,0.10226007,0.04008186,0.04716848
0.6122116,4243.604,1.5479535,4.4238224,0.110108025,0.11855539,0.040760297,0.04524333
0.634275,4256.4844,1.8932165,6.287518,0.12399587,0.09615044,0.09082293,0.028257275
0.5270837,5501.1226,1.8375657,3.255913,0.037809543,0.07737838,0.17213053,0.22736675
0.69959694,2362.6614,1.8602374,3.7037864,0.09542499,0.05577016,0.19411425,0.12899157
0.62337106,2125.8718,2.1561604,0.8855514,0.053591356,0.104178265,0.1628539,0.13505492
0.6778225,2702.5127,0.9621451,3.1904626,0.04612362,0.12053074,0.18655524,0.088671505
0.6764975,2573.1135,2.89635,2.6949842,0.10691804,0.099589474,0.07165122,0.095611274
0.6397168,3498.421,2.365564,4.510563,0.080128714,0.08981223,0.07461714,0.07467895
0.6151365,3799.3406,2.9565163,4.165225,0.08214796,0.107252344,0.06914333,0.07930252
0.6434845,3447.0544,1.4938442,3.5943756,0.067330465,0.21181746,0.077906296,0.084622316
0.6676014,2876.4656,2.1832955,3.3427057,0.040992744,0.07525183,0.041720584,0.074710146
0.59886163,1941.1589,0.63493705,0.53608465,0.054827977,0.070024684,0.13207552,0.032244503
0.5984538,1783.7306,0.67129594,0.42678252,0.05778738,0.069957,0.1517762,0.030757094
0.6612406,3964.0327,2.941384,8.108781,0.18465903,0.12962948,0.077907,0.04730177
0.52995855,1228.3712,2.8860848,0.09592904,0.09432407,0.04842798,0.092127174,0.09229003
0.5417095,1288.1129,3.2993395,0.14816393,0.101774566,0.040742915,0.09012112,0.08868459
0.49118498,1390.7258,1.6462401,0.117698066,0.1050448,0.046216033,0.071689,0.07198911
0.70647496,2367.8162,0.4429059,3.9122527,0.06888213,0.08281526,0.13651715,0.035528503
0.5699422,4674.1206,0.5376865,3.0120544,0.08257334,0.08096778,0.107183576,0.03700428
0.56187624,4501.154,0.57411337,2.511421,0.084016606,0.07775916,0.10726316,0.039087337
0.6303241,3947.7258,0.088741906,5.024305,0.10576209,0.121488355,0.05720096,0.09095422
0.61043155,4739.2275,0.009578115,5.8565903,0.10862884,0.10355936,0.06375453,0.11520642
0.6263335,2865.1013,0.06493799,1.9726372,0.074310094,0.14912824,0.06006727,0.098485276
0.71807814,1520.7682,4.992819,0.9913842,0.087239556,0.39779264,0.084135495,0.19138555
0.6242732,1564.0503,0.10479592,0.34285885,0.057534788,0.035519745,0.057888836,0.3182043
0.5492593,1711.0416,0.07803471,0.3012541,0.04608085,0.03270741,0.10754484,0.3036866
0.56325084,1748.2867,0.6244625,0.32656527,0.059319474,0.04727879,0.10983359,0.08857334
0.5421621,1460.2855,1.3753206,0.18021023,0.03848261,0.04802303,0.09007481,0.08769333
0.54720396,1470.6987,1.2555029,0.19286725,0.03959834,0.050117496,0.08911578,0.086427584
0.6368269,2825.049,2.077539,2.1360433,0.064629875,0.099899575,0.38019618,0.03648777
0.628982,2486.4724,1.703684,1.3551977,0.08551049,0.0789534,0.10109871,0.050343495
0.660409,2146.2405,2.0276675,1.3897517,0.050785057,0.09871717,0.034237623,0.056456115
0.65062636,3786.5564,2.0170867,6.1129055,0.077759385,0.09502926,0.0495419,0.028212482
0.65420026,3397.3367,1.4032136,4.514804,0.07114931,0.11672368,0.17486969,0.030812714
0.6105081,5399.4624,0.2212101,8.555277,0.03136981,0.040082403,0.1888588,0.0900449
0.69803244,1783.9615,4.1710105,1.1325071,0.072387874,0.14203665,0.050725907,0.09403074
0.60428697,5247.949,0.21690677,6.7736425,0.06429811,0.11047901,0.0500578,0.056279633
0.73432434,1881.4904,0.9557419,2.6247854,0.049430806,0.0443367,0.069156684,0.048666008
0.60122323,4435.4297,0.2927797,4.2986593,0.07129448,0.06623511,0.044092905,0.05307055
0.60998815,4701.0693,0.5727835,5.4257,0.06801694,0.078753024,0.05232549,0.0555564
0.67283434,3270.377,0.44124612,5.9797287,0.091151945,0.10241105,0.04946482,0.10011202
0.6085681,2740.964,0.3335016,1.3402635,0.07637266,0.11646687,0.053629942,0.10447376
0.6550019,4166.629,2.0269408,9.499864,0.081094235,0.061674036,0.121989414,0.036279295
0.69903934,3273.2761,1.7424339,11.049925,0.07083863,0.06381811,0.10491169,0.03695362
0.6583771,2291.0066,2.8267806,1.4843996,0.06346831,0.07802876,0.14711174,0.08404051
0.62093467,2574.0981,0.52604306,1.3199795,0.047388032,0.243438,0.10115112,0.08895596
0.6363543,2845.706,0.38513875,2.1518445,0.05137963,0.27111235,0.1167099,0.12668982
0.6607145,4118.4946,3.7540712,9.240419,0.04968741,0.11675972,0.12681761,0.03256657
0.6320192,5007.257,0.48438472,9.731012,0.061388686,0.06861324,0.16549641,0.117369644
0.55359125,1339.2467,3.087132,0.15958472,0.072206214,0.055642765,0.08247563,0.16134042
0.620398,2801.9834,1.2234515,1.8062851,0.071042866,0.08225124,0.07188843,0.14560898
0.56668377,3108.5178,2.9486754,1.427995,0.094519764,0.05409369,0.13959739,0.23895599
0.51783365,4060.9456,1.5224043,1.6543078,0.07313662,0.086984634,0.160074,0.1882448
0.6806579,1815.7549,0.25738996,1.2310112,0.0898536,0.040775977,0.15578264,0.09587526
0.60766876,2453.678,0.5631293,1.0866821,0.069046944,0.0666213,0.25618562,0.13665384
0.5783821,1838.3246,2.7210732,0.40258121,0.035945613,0.07875772,0.08087038,0.04367261
0.55536413,1729.633,1.2427884,0.29929608,0.07741818,0.07727694,0.25803408,0.050420024
0.5460095,1624.293,1.076452,0.23662497,0.053911608,0.044139616,0.029818268,0.06751117
0.6628474,3302.9006,2.14889,5.35941,0.04581119,0.064569056,0.13534506,0.11822122
0.60045606,4270.7827,2.9809139,4.1264896,0.04106749,0.068130255,0.13359858,0.12929131
0.6899667,2998.4048,0.5603129,6.1755805,0.06947896,0.16232786,0.08541921,0.054494172
0.6392552,4629.9956,2.3179672,10.011458,0.23620783,0.11426236,0.15114595,0.114885636
0.6105654,4980.828,0.6867412,5.830286,0.35965163,0.11188713,0.11487309,0.109748624
0.7185689,2559.349,3.6735163,6.9969387,0.057550564,0.048347108,0.0770515,0.053507715
0.61246556,5616.1846,0.8117866,9.202598,0.03564033,0.09936954,0.024347594,0.073038705
0.5828556,6174.155,1.9340726,7.571509,0.1051736,0.08606609,0.6244407,0.05068772
0.61703986,3674.0159,1.2622885,2.8343616,0.11401032,0.1285285,0.18680689,0.053857088
0.6439397,4338.2183,1.7644819,9.622099,0.27005365,0.13006996,0.0933543,0.08397501
0.68540186,2227.7065,2.039337,2.271926,0.09571594,0.077936746,0.08246199,0.05669293
0.55742806,4175.6655,1.8090104,2.0334191,0.15251607,0.1526607,0.093658336,0.10305397
0.611252,4231.0776,2.3034663,4.1783986,0.1085522,0.2867562,0.1304361,0.033373106
0.6623861,3321.435,1.8939146,5.1161485,0.15051444,0.06370127,0.108411685,0.053733267
0.69446397,2246.6514,1.6795586,2.6269016,0.15295736,0.05251863,0.12850071,0.070549995
0.5225891,2195.742,2.5782213,0.3727135,0.10604265,0.093980126,0.1316456,0.057201438
0.7549521,1644.2673,1.3330535,2.1102674,0.068483636,0.094370276,0.046855137,0.093340166
0.55736107,2108.5466,1.5036697,0.48841402,0.079644725,0.055349745,0.06344333,0.21620679
0.801841,1439.9637,1.5394026,3.9151998,0.16478492,0.16266096,0.45530006,0.19381848
0.8035276,1381.2479,1.4177758,3.2200537,0.17838648,0.16540578,0.41986582,0.18694282
0.7556149,1432.3748,2.0823789,1.3177713,0.12416118,0.108691245,0.43378738,0.170784
0.76061624,1293.2528,0.41641173,0.831465,0.075280815,0.06644058,0.35083228,0.22472307
0.6107159,1991.8428,2.0283508,0.6637673,0.13214435,0.04330855,0.04011186,0.10599551
0.57627285,1543.8715,1.1962329,0.256314,0.16888659,0.06185898,0.062018353,0.07536612
0.6648454,4008.785,0.936789,9.17673,0.092931144,0.07871237,0.18594025,0.05347331
0.6133056,4510.775,2.1359837,6.257165,0.047595263,0.043814033,0.21373694,0.11462845
0.61248094,4768.094,3.0584855,6.4829073,0.044086747,0.038835898,0.23942481,0.114607215
0.6489485,2943.9285,0.97954494,2.737126,0.06088298,0.1164486,0.2564496,0.072424494
0.6401624,4768.3613,1.5107528,9.747977,0.028093543,0.21933918,0.23112093,0.05274099
0.6935278,3493.459,2.776366,9.820329,0.11144282,0.20945185,0.1811566,0.06390956
0.72630394,2791.301,2.0509014,10.9212,0.14191893,0.17068347,0.2083194,0.118386365
0.6591858,4473.093,2.200875,11.265531,0.0975614,0.095015824,0.060480084,0.1547058
0.6767969,2025.2422,2.2342522,1.6967736,0.23724675,0.068694636,0.14321902,0.054367434
0.62435347,2360.6958,1.4291444,1.1448857,0.044572014,0.09182607,0.048042003,0.08251623
0.5760684,3026.5476,2.3489637,1.3368683,0.04279102,0.09121573,0.045723297,0.07459345
0.68578166,1659.876,3.0609984,0.8521576,0.05275671,0.06942501,0.04479059,0.12581524
0.58181536,3149.739,0.6397965,1.46047,0.049252182,0.053611353,0.062190406,0.06219149
0.7091913,1895.939,0.82099634,1.77527,0.1211545,0.22376838,0.06699718,0.16330427
0.5184271,3956.5662,2.192331,1.3091301,0.08753372,0.24154261,0.038832888,0.1890924
0.7263027,1799.2443,1.9144343,2.1273966,0.07293339,0.042954985,0.08241896,0.47043577
0.6862833,1706.6998,3.8779857,1.0125936,0.12785248,0.035255708,0.1160324,0.45245618
0.4979451,2457.0266,0.49881688,0.46146274,0.17930698,0.05326156,0.07030724,0.1292351
0.49741364,1235.5409,0.09238851,0.073469445,0.23066501,0.06086302,0.09123883,0.13849962
0.4667634,1124.9393,6.004398,0.029262029,0.10379651,0.06372286,0.101854935,0.10313186
0.45826936,1092.509,0.04307923,0.013993115,0.104753755,0.20200579,0.042914584,0.12585646
0.6352397,1880.7095,0.45909998,0.7935256,0.04418032,0.2539833,0.12936507,0.07644854
0.6673131,3857.2676,0.09309236,10.0734415,0.16783075,0.10186735,0.233099,0.06969422
0.5691335,3149.202,0.4838467,1.3194387,0.08748703,0.31872952,0.12968524,0.048464455
0.74096286,1551.9137,2.2573535,1.5850384,0.04904755,0.11011278,0.07044704,0.052788857
0.69786316,1840.4812,2.789059,1.2856779,0.06108974,0.18063137,0.08845747,0.045701507
0.6173788,4974.783,1.8430252,7.3334727,0.09827277,0.07133938,0.21471599,0.31883264
0.7032036,2887.7563,3.3925877,8.236022,0.1147707,0.08209684,0.1004057,0.31068593
0.67906994,2799.9143,2.8208065,4.608659,0.13819315,0.08805092,0.09330504,0.24334858
0.6325589,4872.211,2.37058,8.332654,0.08545375,0.115253285,0.07587284,0.1286809
0.63699514,2939.817,0.38373545,2.3509307,0.03973993,0.108354114,0.055619325,0.12204262
0.6705827,2838.2861,0.42370108,3.7322018,0.037742544,0.120625295,0.05265254,0.10530182
0.6778459,3804.4473,3.527661,10.071741,0.10632886,0.096483186,0.23954563,0.04884013
0.66147876,3833.4963,0.4980645,7.1439123,0.028243393,0.060084358,0.039194457,0.050751746
0.6922461,2405.6143,3.2641463,2.7765565,0.09467069,0.08478705,0.1005625,0.03580182
0.68758506,2668.5356,0.16094542,4.215458,0.06616655,0.07421179,0.16757593,0.05325088
0.5524075,1505.4276,2.6682255,0.22701643,0.034006894,0.09544082,0.16077395,0.03775978
0.57051927,3979.8892,1.6676289,2.4338892,0.10826729,0.055720918,0.1605278,0.07598321
0.67040545,3586.4534,1.942516,7.650374,0.17039727,0.08963856,0.084034316,0.15544279
0.6506639,3966.4265,1.284647,8.276887,0.21559097,0.080475286,0.08729072,0.18301542
0.62061316,3746.151,1.3914007,4.565084,0.04294828,0.1204549,0.09293101,0.0844356
0.64184266,3174.989,0.56188345,3.9905708,0.20130101,0.08019895,0.1433236,0.1803584
0.6314014,4321.152,0.6756097,6.668329,0.20228727,0.10525589,0.14543715,0.15972298
0.73443896,2333.861,2.9152975,7.0850763,0.23805371,0.07234688,0.20676814,0.06911179
0.53773344,4758.555,0.53093445,2.1285226,0.2880897,0.15513287,0.12461804,0.052713536
0.7160435,2035.5623,2.9635801,2.443077,0.04954151,0.12960874,0.034176294,0.1807279
0.5783786,2627.9937,0.24666184,0.94772846,0.044415873,0.28434417,0.089552864,0.0668857
0.6706916,2628.9082,0.79219055,2.6971934,0.058149207,0.3026637,0.07453695,0.069602475
0.53868246,2355.5188,1.2451081,0.55360377,0.08678795,0.08815235,0.12820444,0.15111402
0.6992658,3304.2522,2.9914052,10.691725,0.05727113,0.043049503,0.03794056,0.045120336
0.6862987,3699.7375,2.0263233,11.200315,0.068227604,0.055114463,0.04087445,0.044737812
0.6325945,5056.794,1.8068892,10.511192,0.0606689,0.04603058,0.041197527,0.055585854
0.6307498,5168.986,1.1958134,11.2194195,0.054660104,0.037788447,0.05706024,0.04729938
0.7091656,3159.911,1.6241072,9.78163,0.10935926,0.11973096,0.08132352,0.09078751
0.5775954,5294.9116,2.4162552,4.236149,0.09166625,0.1439366,0.15538199,0.044288464
0.6536224,4225.161,2.744876,8.034912,0.13324898,0.30065405,0.1231506,0.032927547
0.65971076,3789.3506,1.7649384,7.6357102,0.10556075,0.35415605,0.07295978,0.07256593
0.68036705,2602.8428,1.4831043,3.2118015,0.102441505,0.42421377,0.042556442,0.104907095
0.5356248,5215.86,0.6764228,2.7386026,0.21942243,0.13287543,0.07212062,0.11633231
0.6094081,3715.4094,1.662172,2.97673,0.160297,0.10452117,0.053192638,0.1470456
0.62312484,4318.4033,2.9545,6.0645823,0.032796625,0.049083136,0.08887096,0.061531276
0.7138026,2299.0847,0.34501114,3.8739831,0.07486447,0.09513501,0.041692056,0.0745271
0.62376183,5503.581,2.8255217,9.861528,0.081860065,0.07241971,0.05460537,0.02773303
0.59786505,6273.4756,3.4589007,10.0168495,0.083524145,0.07125803,0.05846271,0.025466308
0.617598,5825.3843,0.42110005,11.650623,0.029162489,0.14812526,0.03708786,0.10349963
0.7021934,3059.5222,1.2981185,7.983743,0.10086815,0.27523997,0.061142314,0.039711535
0.6505186,2090.852,2.742085,1.0746375,0.105892405,0.1324389,0.061993074,0.08023108
0.6093386,3320.9739,0.4578156,2.1886294,0.100403376,0.104029894,0.042745184,0.026372634
0.58951354,3376.3176,0.3369733,1.8272798,0.09734155,0.11569591,0.04845861,0.02994134
0.61419266,1996.6799,0.33046335,0.61648667,0.11516355,0.08397407,0.042160664,0.026845144
0.57673186,2851.7874,0.42362624,1.0860982,0.103436574,0.06867554,0.035032544,0.039463505
0.7071265,1907.1049,1.0014701,1.7909995,0.10692212,0.06618644,0.04763543,0.04051575
0.5473633,4566.1006,2.7251375,2.3488088,0.07995143,0.199425,0.061376538,0.14708588
0.5362965,1320.6813,0.68415296,0.13417847,0.040939208,0.11055339,0.032407816,0.1372083
0.4955984,1358.1451,2.295477,0.10220791,0.03652362,0.081220336,0.044802178,0.15835536
0.45829213,1111.1892,1.0506971,0.017050015,0.0539681,0.07688469,0.08490589,0.24009377
0.45398748,1303.2772,3.4773607,0.059239365,0.03906615,0.09388378,0.05342663,0.020131858
0.43808302,1390.9044,3.576351,0.06097051,0.04264256,0.10187747,0.04498659,0.017640017
0.47154385,1111.7863,1.7013249,0.022087744,0.07703772,0.063412495,0.032126214,0.049389057
0.49257642,1093.0936,1.6794684,0.02324472,0.08543143,0.07272305,0.034378983,0.061619535
0.5006014,1132.6508,0.008735029,0.055302482,0.18164295,0.14291108,0.24456225,0.06483249
0.49058104,1161.092,0.04298194,0.05223003,0.13658062,0.108045354,0.23777735,0.084069684
0.47015056,1266.444,0.016088722,0.055334594,0.10127284,0.04370711,0.10344678,0.14384457
0.5370549,1223.7683,0.28246343,0.09164396,0.0792345,0.096203685,0.041548558,0.15220271
0.49173236,1359.7357,3.2867644,0.11544723,0.09427009,0.1573027,0.08599688,0.062413976
0.4845884,1588.8131,2.0156367,0.16830629,0.08766693,0.18526989,0.058708712,0.057724867
0.57909405,2539.6763,0.712222,0.9294471,0.26080534,0.077216126,0.31965142,0.07178341
0.5919567,2534.1328,1.558393,0.98418295,0.25060138,0.071502954,0.22454447,0.071023926
0.6333889,1439.587,0.56853056,0.359789,0.19746006,0.03695652,0.19826058,0.03976918
0.5822044,3518.1458,1.7887667,1.9667788,0.14785367,0.046536773,0.06891143,0.06799614
0.6710933,3302.7783,0.6399984,5.4551973,0.07928116,0.08260426,0.19954927,0.39394587
0.5173992,5013.22,2.966988,2.5452647,0.053030528,0.040595166,0.15642817,0.115995444
0.5907678,2706.8672,1.7141765,1.1638691,0.081923194,0.06987254,0.122526094,0.12713537
0.6445551,4397.071,1.3741204,7.5073586,0.07734078,0.1000782,0.06432715,0.09029436
0.6518994,1865.213,1.8322139,0.7803462,0.16321206,0.25050482,0.087763466,0.026826737
0.7124815,1785.287,1.0714048,1.6648489,0.16173336,0.22915927,0.08783384,0.020672414
0.7162912,1648.8689,1.082289,1.271619,0.14644037,0.21567935,0.09934767,0.023454286
0.66729,3895.0056,1.0165353,9.635209,0.040282995,0.035388835,0.051495153,0.28646627
0.6579324,2524.512,3.317048,2.2500644,0.058229923,0.13907574,0.07635774,0.103040114
0.60300046,4448.4316,0.58243704,4.8309965,0.10202103,0.07399134,0.08181514,0.081577644
0.68101484,3021.7002,1.8198941,5.6483808,0.052260548,0.08785118,0.08519891,0.0986615
0.6448367,3007.3174,2.2264783,2.8032327,0.08471574,0.05739441,0.09923708,0.054478973
0.6016894,4119.9014,3.2102463,3.8976018,0.054116353,0.03248454,0.08077851,0.053567886
0.5917641,3602.4731,1.9720277,2.520857,0.051713612,0.03883553,0.0785976,0.0660924
0.70065546,2861.115,2.1198006,6.8635397,0.059059463,0.045299023,0.062461924,0.07381666
0.61864865,4129.8184,1.6963284,4.55735,0.05702325,0.054316025,0.03668221,0.075924955
0.6640929,2849.192,1.0640814,3.128528,0.053547915,0.06407587,0.040878817,0.05666819
0.6417416,4680.255,2.4199076,9.479255,0.060130056,0.07224481,0.040194023,0.051181734
0.6442933,2916.5613,0.26497594,2.7591386,0.05156835,0.060637016,0.10041513,0.043733023
0.66702896,4092.6929,0.30658776,10.946178,0.043475535,0.05720107,0.03487324,0.085121125
0.63980395,4850.425,4.1981206,9.5075445,0.061144717,0.096236534,0.12323411,0.056432012
0.6824026,2956.8047,0.55555755,4.88227,0.042220525,0.092349745,0.091320574,0.12619731
0.5390174,2013.39,4.075077,0.39523923,0.17568134,0.076997705,0.046636477,0.0631613
0.6800385,2873.501,1.0260305,4.7580256,0.031759556,0.06563973,0.13685061,0.091556996
0.6874347,1919.7231,3.5402226,1.2532194,0.039855283,0.059768558,0.116369754,0.079131916
0.55988914,2195.1155,1.629514,0.5449885,0.092496015,0.07009497,0.107307434,0.13259017
0.5334672,3245.4802,3.3645828,1.0710888,0.10155453,0.08895829,0.14400998,0.10977199
0.5956063,2440.755,3.5285354,0.93687314,0.1428614,0.106105804,0.08778493,0.12669127
0.719628,1825.6306,0.86994,2.2108805,0.15609293,0.08427667,0.10466276,0.10325508
0.71420705,2092.2917,0.7605223,3.2146761,0.17215373,0.07434091,0.11257977,0.09679098
0.6772036,2632.0288,4.0878572,3.8583164,0.15450563,0.09300826,0.06437919,0.08288451
0.6425493,2782.2593,3.126893,1.90582,0.12868246,0.08934872,0.042185448,0.106363595
0.63027185,4911.8193,1.2057365,9.587856,0.1302138,0.11104236,0.051141933,0.049001206
0.6256285,2650.0073,1.4348321,1.6255888,0.0385265,0.056690715,0.071770385,0.06781498
0.6075047,2785.023,2.776751,1.4170964,0.06060542,0.15642506,0.08221423,0.082608014
0.62452686,2874.278,1.3028562,2.109249,0.051910594,0.20925556,0.14567357,0.1062672
0.63463825,4609.994,2.7421196,8.693666,0.05373291,0.10781201,0.11961366,0.07658766
0.6139144,5245.656,3.2536218,7.2534676,0.05718742,0.098936036,0.11231337,0.07130481
0.6820487,3624.789,1.3773246,9.594506,0.11741308,0.14503896,0.033237062,0.15012038
0.61014074,2517.7053,2.593471,1.2378418,0.104807615,0.040682483,0.08082917,0.05482374
0.6793445,2883.494,3.012632,4.6370473,0.15250702,0.057317913,0.16777809,0.06394612
0.6584022,3352.1738,1.1144735,4.9092555,0.19248016,0.045578003,0.11527384,0.029048538
0.6029476,1221.106,3.4810376,0.20644549,0.14720803,0.14968611,0.07878803,0.054146297
0.6003858,1910.3141,1.6578137,0.47437316,0.14416414,0.11959827,0.087230675,0.08946043
0.61011106,2565.4739,2.1141515,1.2278917,0.17082222,0.058831427,0.05119826,0.06633616
0.6260389,3135.9875,1.7104363,2.6736283,0.051203363,0.041883435,0.08108969,0.17053793
0.60036856,3810.691,2.6290178,2.8163645,0.07669889,0.10975569,0.06352905,0.10711448
0.6597545,3671.5085,0.29926705,6.136407,0.07803438,0.068099834,0.042404674,0.03530473
0.5980737,3942.4978,0.078800336,3.2236564,0.072824486,0.19301325,0.13073775,0.067522116
0.68785894,3264.908,1.204346,7.5762544,0.047490153,0.12574852,0.06512227,0.060429838
0.6253849,3422.8997,1.3552192,3.2071629,0.046220176,0.09521572,0.054218575,0.05628461
0.67092204,3395.1548,1.2048914,6.310869,0.04620053,0.14251289,0.042052384,0.035700917
0.69857144,3049.3325,1.0418403,7.688735,0.0471108,0.14249998,0.08950349,0.034501743
0.6984685,3074.1008,0.5132178,7.5526123,0.050883956,0.1542027,0.18719529,0.055068582
0.54598886,3800.518,3.9028862,1.5040649,0.1470125,0.19901004,0.11820127,0.14638838
0.6700019,2458.0474,0.50443023,2.396512,0.05360683,0.16168727,0.052755505,0.08396364
0.6972437,2936.7007,0.8220795,6.138845,0.06248653,0.22018516,0.045387812,0.08816037
0.6374335,2785.6592,1.3455282,2.1741855,0.0462156,0.23315075,0.05063439,0.18844618
0.604731,2042.582,2.2091105,0.62815225,0.06025145,0.08023735,0.13520125,0.04515179
0.46924338,1320.7881,1.8873104,0.07042456,0.045965716,0.054930847,0.062157262,0.14256527
0.57537997,1357.8074,2.47148,0.2274724,0.10059396,0.07722629,0.09509653,0.07577654
0.49249706,1566.2644,2.1138704,0.16411339,0.055470597,0.025712604,0.06046979,0.06988671
0.65578806,2805.0352,1.5087,2.5926793,0.039893642,0.36272308,0.046572745,0.04122839
0.70042735,1702.2733,1.8082384,1.0138984,0.04361724,0.35054773,0.045458898,0.07245195
0.6183562,4601.083,1.3704876,5.9742813,0.2552574,0.032562666,0.1956681,0.13103265
0.6247922,4399.471,1.4300594,6.0577044,0.24580793,0.03172495,0.18887424,0.12360528
0.65638274,3481.0005,2.5339527,5.127237,0.21317156,0.16063935,0.23616081,0.042771325
0.64946264,3979.2395,0.34444347,6.899819,0.120425925,0.039668877,0.11138558,0.041783594
0.6676425,3905.7563,3.833187,9.435719,0.14889273,0.085319616,0.03132464,0.21277651
0.6661943,2630.8972,0.34852672,2.4919589,0.11261942,0.087829635,0.09298354,0.04849903
0.60574347,5278.855,1.4727811,6.3791666,0.33415413,0.14628644,0.03446938,0.08120448
0.64835256,4334.7725,1.8988367,8.963874,0.08831528,0.2464979,0.2293853,0.13988952
0.5327502,1824.5569,2.0021253,0.29342318,0.059473023,0.04923778,0.06689198,0.03673572
0.61041784,5834.2104,2.3082213,10.356194,0.07781203,0.11554424,0.060093082,0.11274929
0.68107325,1876.0566,1.5641105,1.0791444,0.078758016,0.06775674,0.043215998,0.030658023
0.6445048,4566.1665,0.5394712,9.717417,0.06667857,0.054180633,0.04875476,0.032106023
0.7017042,2845.662,3.6398315,6.886061,0.07999204,0.06736063,0.123081535,0.06541694
0.6448566,4571.5522,0.48187473,9.67612,0.041297883,0.08841486,0.073707886,0.025251018
0.5788109,1386.8954,2.6776173,0.20347437,0.07542008,0.09271464,0.06770342,0.16213858
0.6530014,2054.0835,1.6238868,1.104573,0.106180154,0.06701143,0.09220566,0.13330959
0.6867772,3295.4702,1.9292228,8.149435,0.107074566,0.060496338,0.11905539,0.10055615
0.6532865,3202.1968,3.811221,4.291983,0.09116988,0.09274327,0.08343562,0.07260111
0.65711296,2229.1245,0.5547161,1.4919558,0.059056167,0.08083283,0.03802711,0.035211254
0.61658096,2219.7795,4.3531313,0.94222224,0.057471175,0.07223599,0.08684019,0.08637159
0.6154332,2386.445,1.2634199,1.1360489,0.047657456,0.07799792,0.059585925,0.17958343
0.5734406,2738.022,1.1803205,1.055258,0.048677217,0.07942794,0.053382102,0.16845788
0.66250116,4295.0146,0.7359159,10.412441,0.13052633,0.11556666,0.117499195,0.096625865
0.5832546,4186.8403,3.1249123,2.6916528,0.16254207,0.13454276,0.048617058,0.16314429
0.72444266,2398.1772,1.2782079,5.3762255,0.08405313,0.2760185,0.24449402,0.03682898
0.6341156,4312.0483,3.0152395,6.989701,0.16659231,0.16194777,0.101092756,0.06579693
0.59424317,2481.7095,0.22061932,0.92321223,0.18067662,0.060129456,0.1406868,0.052343585
0.6025959,1988.7195,4.7845163,0.5930941,0.128324,0.21275787,0.083970726,0.08967832
0.76308495,1669.3975,0.5844705,2.579377,0.078993745,0.17491809,0.10141671,0.04041365
0.6849462,3124.728,1.0315266,5.803607,0.052442916,0.0902226,0.09210196,0.07743241
0.58314127,5771.8823,2.2765338,6.1160135,0.059716627,0.080680825,0.07102085,0.04551714
0.58337355,5638.144,2.2541647,6.380178,0.059890278,0.08152714,0.069423765,0.045804776
0.66257584,3365.5825,2.8511329,5.3492885,0.055006463,0.09877183,0.07096715,0.0405442
0.63276863,3219.777,0.92821735,3.01553,0.10355632,0.08211542,0.08081332,0.064145595
0.64012456,3531.1333,1.1629685,3.9999208,0.10118149,0.08544994,0.08902519,0.06622948
0.66933966,3359.8499,0.32848835,6.134519,0.21366288,0.10492383,0.047156963,0.049619317
0.5464857,3251.221,3.6729577,1.1016464,0.10370981,0.15706342,0.13826744,0.116062745
0.72527754,2356.242,1.2265033,5.3084984,0.04005772,0.09929984,0.09346603,0.09039216
0.5940274,4358.419,0.94820774,3.7794862,0.21101382,0.04588375,0.108214185,0.13847145
0.6445929,2238.6848,2.1698482,1.2933201,0.20957746,0.1265459,0.034363408,0.05515512
0.66703105,2897.6501,1.4671264,3.91198,0.18777344,0.14967953,0.052173663,0.060456198
0.58493257,2991.1694,1.5256295,1.5114818,0.035860863,0.03390235,0.06761091,0.31947532
0.64374036,4591.9736,2.2548776,9.785987,0.03942606,0.05827727,0.079609714,0.26607874
0.623917,4700.6045,1.6015484,7.3707843,0.041538388,0.04247617,0.048751526,0.123231314
0.6629417,2662.4138,2.4512937,2.7601953,0.04046784,0.06461593,0.040628977,0.06415527
0.6334831,4616.902,1.4345679,8.15358,0.08525013,0.088965505,0.047010873,0.11940379
0.6343405,4526.368,2.4472303,7.8501043,0.07873718,0.083548106,0.06313662,0.092321634
0.5682456,4790.9985,3.2760427,3.233577,0.08749193,0.07686964,0.053416695,0.10102173
0.6566889,2098.8467,0.19816855,1.0842967,0.041502204,0.17424676,0.21520273,0.2082786
0.5833398,1546.9991,0.022854805,0.29110822,0.06821209,0.0711018,0.35798225,0.045980565
0.636688,4770.685,5.5167556,9.465079,0.06957112,0.047791254,0.10980995,0.13439941
0.5705957,6666.556,0.72995996,8.182322,0.07482773,0.045906574,0.096912205,0.09070047
0.6901895,1669.3716,0.24112388,0.8070183,0.1941989,0.11791026,0.04356048,0.07825387
0.6064491,3089.8796,1.5825249,1.6683917,0.14212368,0.10555516,0.065635145,0.07701739
0.6585003,2073.6992,2.8327923,1.1370686,0.10335931,0.06615445,0.114707075,0.073389545
0.4890169,1713.3046,1.4758984,0.18976538,0.123817,0.08100904,0.14747652,0.054965563
0.5289225,1909.0858,1.7564633,0.2986096,0.07546933,0.16228728,0.041632585,0.032415763
0.70655614,2776.4312,1.0236793,6.2677054,0.10533569,0.15063718,0.05331158,0.114049464
0.67288166,2588.0244,0.58011633,2.6388693,0.11092487,0.13777454,0.05581319,0.098667845
0.54303515,1606.7219,2.723598,0.238535,0.033121016,0.15132047,0.054001864,0.032691333
0.54810566,2255.3042,1.2497909,0.53885233,0.09529396,0.21146908,0.13314041,0.09709206
0.6376795,2799.0322,0.93220466,1.9873967,0.08811883,0.16438976,0.19720595,0.102063894
0.63667303,4756.605,1.7045486,8.580347,0.11348809,0.041019697,0.04867507,0.042674303
0.6021395,3576.754,2.0556672,2.4835503,0.049458772,0.22182901,0.06836393,0.06969573
0.6813537,3740.9148,1.6344262,9.802214,0.04830282,0.11307155,0.048608158,0.077009074
0.6716599,3252.2751,2.2716432,5.7428617,0.12893853,0.048205134,0.108371556,0.05270357
0.5534864,2893.7761,3.3015068,0.8476747,0.14070287,0.067587316,0.059279192,0.10376516
0.7103282,2387.4207,0.79883826,4.081392,0.17821674,0.05292206,0.15904659,0.059990358
0.71987194,2137.8203,3.620584,2.8531127,0.13087098,0.11557259,0.10386746,0.073931366
0.7035293,1844.1704,1.9373331,1.5201032,0.09858773,0.05591896,0.12443414,0.12939505
0.6669097,2027.4104,1.4008168,1.2431334,0.09586462,0.045748405,0.09861552,0.13323545
0.6445623,2160.7573,1.0090195,1.264029,0.1284124,0.043663897,0.098805845,0.12844737
0.57924277,3813.7961,3.7988153,2.3432052,0.059977114,0.057897903,0.040031463,0.16424258
0.6806664,3845.8008,0.1245976,11.5243435,0.062181275,0.21719313,0.05299724,0.03061527
0.62429273,2365.9907,0.09645419,1.1913043,0.066439204,0.044414677,0.061820503,0.069700815
0.64701647,2259.7173,0.10052241,1.3411224,0.029849658,0.0748664,0.073679246,0.08181878
0.613952,4165.6787,0.242571,4.4114566,0.21261247,0.069856934,0.08722995,0.06571923
0.6412631,3350.3547,0.7289439,3.5645216,0.14854182,0.045294132,0.13400052,0.15068837
0.6966303,2980.727,0.91648865,6.0195637,0.03834646,0.17877823,0.041162644,0.035692874
0.51095587,1495.7433,3.023714,0.1755868,0.098678246,0.23754093,0.068313845,0.14146319
0.57653743,1890.1688,0.9922288,0.4417789,0.08930502,0.08699368,0.050964877,0.21106242
0.5454651,1757.8196,2.4345145,0.31114656,0.032553785,0.24305487,0.067398235,0.03867394
0.6935668,3123.4067,0.505796,6.705098,0.14703646,0.10358035,0.11701254,0.14177394
0.57629955,3484.3228,0.178459,1.9777975,0.16799529,0.06110008,0.090159595,0.071203396
0.675345,3186.9995,1.1391844,5.822786,0.2580665,0.13526593,0.37256855,0.03422319
0.7152724,2846.4458,3.8477135,8.627116,0.061877437,0.056295402,0.041733027,0.18881395
0.5644268,5198.1724,0.25680742,4.576815,0.038282085,0.06384014,0.20066714,0.105709925
0.6854967,3217.1504,0.8540317,7.041966,0.05530662,0.058197822,0.09575415,0.23438032
0.58233917,4848.0825,2.7425442,4.5057273,0.027416445,0.04155689,0.05569264,0.100162804
0.6317234,4438.22,1.5355484,7.09742,0.024366979,0.03883099,0.052042197,0.1157528
0.6770496,2018.4485,3.637551,1.4263852,0.043242957,0.04383568,0.040616184,0.111490786
0.5835147,1540.2993,3.778486,0.26828757,0.043326136,0.04556086,0.040579837,0.08005004
0.64579254,3556.8809,0.5241574,4.8215084,0.090831324,0.18340775,0.17857331,0.21969332
0.6965501,1789.6932,5.426837,1.312009,0.075114295,0.06470599,0.120671175,0.28674552
0.59998196,2363.6145,0.82298726,0.9112257,0.05905766,0.053580098,0.11687369,0.2963161
0.6618787,1584.119,2.413154,0.52346694,0.05125004,0.09918648,0.033258308,0.27247915
0.71357185,2154.696,1.0223088,2.7532752,0.1563949,0.16358271,0.05827512,0.12570448
0.6639892,3292.8882,1.1770682,4.469199,0.11415926,0.13350475,0.06315354,0.119271964
0.5760765,5635.137,4.115118,5.6849766,0.20172739,0.1318038,0.079914115,0.062083535
0.5151904,2977.1082,0.5769275,0.7018218,0.4392228,0.16076702,0.05417633,0.08720001
0.6879542,3422.5872,1.4856963,8.519042,0.2044011,0.06706331,0.060823303,0.050455667
0.6780189,3050.8533,1.0984689,4.8382945,0.17950651,0.07569978,0.03796865,0.047912918
0.62821674,3683.011,0.40108407,3.6401217,0.17292145,0.067348346,0.035071377,0.052397773
0.6055898,4334.232,1.081477,4.344222,0.18453726,0.051146653,0.045894183,0.045561522
0.6856633,3464.5762,3.245678,9.275563,0.10807614,0.0754533,0.06271029,0.04926999
0.69450814,2387.0786,0.8830991,2.8666587,0.041423477,0.09685123,0.054555595,0.04140432
0.5756769,4151.977,0.33687955,2.7552772,0.1344447,0.17238997,0.12344316,0.194527
0.6221847,3678.3188,0.74140793,3.7277412,0.13422656,0.11621429,0.11533333,0.211929
0.56448126,2633.1938,3.477879,0.80209905,0.1303758,0.16364375,0.04622747,0.07225409
0.55239403,3127.4817,1.3556527,1.0552202,0.15273093,0.23210488,0.042372223,0.037949663
0.5674236,3494.2808,2.2253697,1.5451443,0.24943508,0.1242459,0.04341974,0.05797654
0.7104682,1650.856,1.6672949,1.2294296,0.058493465,0.063398935,0.062714,0.23320481
0.70902586,1677.0383,2.373559,1.0832658,0.07684705,0.048850123,0.041447867,0.23714168
0.6371234,2244.5637,1.2739717,1.3075421,0.032854553,0.10538088,0.052520372,0.25235718
0.60985374,2102.7603,1.7226232,0.6306077,0.033818644,0.1474297,0.051445637,0.19806537
0.68942845,3268.5059,1.8815088,8.379897,0.3897627,0.1099229,0.20892642,0.033955466
0.69040257,3253.8325,1.12701,9.817859,0.31735173,0.0873405,0.26279512,0.052236296
0.60042465,5628.3945,1.3515602,7.9962015,0.050242197,0.1985296,0.18070935,0.08135732
0.6974422,3465.0938,0.7252224,10.947548,0.038282067,0.08876999,0.071043506,0.04052042
0.6609962,1834.5333,0.7791091,0.7477277,0.122969225,0.06872616,0.26015776,0.21942274
0.56231606,6471.2417,3.411075,7.2022133,0.06334237,0.05047198,0.07853818,0.25125587
0.7105552,1728.055,1.0789269,1.3293203,0.045393474,0.06659319,0.043348383,0.17121351
0.5337431,5561.9727,2.7000217,2.948099,0.22090751,0.103502564,0.1059971,0.057341095
0.7140975,2336.2512,1.1538613,4.2692604,0.06016331,0.12137611,0.06772859,0.040993366
0.6930094,2488.3108,1.089085,3.463644,0.061554283,0.12004712,0.07001721,0.0467014
0.7303686,1851.8392,0.37408182,2.4666724,0.04982692,0.17628019,0.08416657,0.048691157
0.5938214,2542.919,0.7966581,0.9381081,0.04986874,0.10184491,0.07692921,0.019502312
0.5853151,2117.913,1.0111588,0.5759777,0.042186927,0.1135703,0.0906811,0.017872693
0.5781498,1914.2092,0.9693561,0.44283012,0.037627578,0.14231081,0.08275048,0.019503651
0.66999626,3768.6436,0.936112,8.319134,0.079535514,0.04145434,0.034519367,0.18013
0.65885377,3939.4268,2.406166,7.9488034,0.03218804,0.16162984,0.07694526,0.025264176
0.65840054,4210.112,2.218728,9.440201,0.0278298,0.15916067,0.07695915,0.02815278
0.66325474,4102.965,2.1537466,9.739662,0.028690323,0.15678349,0.07933301,0.029132606
0.688735,3351.703,1.9439921,8.772234,0.0721113,0.043579146,0.04075027,0.06463818
0.65334046,4600.135,1.4830309,10.823416,0.07235958,0.08923034,0.07724273,0.054762017
0.6548881,3469.2087,2.258994,5.196487,0.10463966,0.0446606,0.1323526,0.048708484
0.63997555,3876.9678,1.5482992,5.2233305,0.06644828,0.1655018,0.21832556,0.034340046
0.6761315,2847.0955,1.8104488,4.006256,0.04639809,0.17011406,0.14333808,0.0407229
0.6386722,4780.3755,2.2741008,9.43626,0.059175193,0.14816795,0.08987126,0.017847117
0.6815204,4000.4878,1.0526806,11.91059,0.043651957,0.1272027,0.041023355,0.0762444
0.65912014,4444.124,2.438453,11.770136,0.049411308,0.062593766,0.0840698,0.051749773
0.6788302,3912.823,0.90411294,11.882004,0.043196343,0.076437876,0.06582374,0.08783447
0.6378241,5214.025,0.64349514,11.889128,0.04693613,0.056487445,0.19309033,0.06583782
0.6574923,4615.832,0.8625478,11.85153,0.05527829,0.063456446,0.13103917,0.06888407
0.6475803,4876.2773,1.2245601,11.5874195,0.04919381,0.060675252,0.14252107,0.06895724
0.60666984,3516.965,1.8363901,2.4759307,0.06796205,0.0917692,0.044810724,0.06816789
0.6717778,3596.324,0.57002276,6.976221,0.21864876,0.16056632,0.07080761,0.07527152
0.6351633,4253.842,0.6996991,6.1455703,0.15199824,0.10953963,0.11311844,0.0538481
0.63713825,4611.6836,0.9950584,8.942001,0.0886993,0.059294853,0.113838136,0.062433172
0.6821055,3709.3179,1.5199918,10.588079,0.08497888,0.09293339,0.37867498,0.09276143
0.5772407,3701.0457,2.9323564,2.1002514,0.07713244,0.06283594,0.16194288,0.0762762
0.70168805,2675.1523,0.83281493,5.5383697,0.29321295,0.3433146,0.05506387,0.06452975
0.7165779,2855.4878,0.56416994,7.6982827,0.21996653,0.17159182,0.058806717,0.057836313
0.6322238,3307.1184,1.1573184,3.1721327,0.04737875,0.04690031,0.10440309,0.07556066
0.617824,3449.1868,0.9163158,2.9967978,0.071404524,0.050301034,0.1347903,0.11989901
0.7083756,2319.7546,0.77157265,3.6362348,0.083841495,0.038468033,0.07835291,0.1329939
0.61606985,4811.666,2.7608755,6.3846283,0.111218154,0.07717243,0.038060028,0.07293223
0.6434876,4102.348,2.743104,7.099082,0.11347573,0.08852986,0.038908068,0.07752479
0.6912979,3019.7083,0.08112637,7.052783,0.18928847,0.05450324,0.11619462,0.05770069
0.70223194,2342.5684,0.12756221,3.3513463,0.19848222,0.06379552,0.0810246,0.050904803
0.5972651,3850.084,4.188348,3.1026323,0.07412424,0.053129785,0.044299,0.09428762
0.6811104,2945.8838,1.2224736,4.8632607,0.06445637,0.15684877,0.07646644,0.04409358
0.6280815,4058.0208,2.5534484,5.3172684,0.040992066,0.07090529,0.060039233,0.045968182
0.6341386,3342.1433,1.7883117,3.2467248,0.091381505,0.07132688,0.056343175,0.057410285
0.6053458,4187.0513,1.6205711,4.0204744,0.09768294,0.058571503,0.080389485,0.050380487
0.63319826,3472.3853,2.1889358,3.8697224,0.077342115,0.033400003,0.354084,0.22640161
0.6310614,2266.9724,0.2714152,0.87023836,0.08667751,0.249133,0.21143818,0.097042724
0.6201743,2123.4148,0.24667944,0.7914244,0.06944999,0.09930645,0.23933814,0.07526758
0.5663151,2671.258,0.7911697,0.9240428,0.079813406,0.08911226,0.26066375,0.093594745
0.6264568,1892.4395,2.800167,0.6624824,0.041452475,0.055639233,0.10559758,0.24911082
0.4673103,1200.2135,1.307047,0.052953687,0.035165295,0.081432715,0.07457561,0.1332022
0.47521612,1071.9193,2.3535054,0.013533334,0.08213404,0.054927006,0.05413193,0.15888897
0.45552692,1109.1754,1.6321934,0.011383463,0.05363677,0.069774024,0.032435343,0.1393679
0.4452101,1108.1753,1.65693,0.011053584,0.08182639,0.08864523,0.113788724,0.1191466
0.4444256,1135.2705,1.6001028,0.011790888,0.11828006,0.09409676,0.10169069,0.088890284
0.39474264,1275.4049,2.1885421,0.010841339,0.10256773,0.069530025,0.09307355,0.09316641
0.40580082,1207.8374,2.388578,0.011696046,0.093917765,0.069265515,0.07296613,0.1036132
0.46812057,1045.1849,1.0112406,0.016819466,0.097325616,0.07788522,0.101677746,0.06385151
0.44086722,1137.4897,1.0043277,0.014154876,0.13201416,0.0839992,0.10630685,0.09938364
0.49327338,1187.3845,1.7509215,0.08000484,0.06250337,0.06968528,0.08307432,0.11232244
0.50903124,1223.9614,5.1377015,0.09743035,0.045985512,0.07623833,0.054239545,0.13113669
0.43195996,1133.8256,0.38285634,0.012443129,0.09513853,0.12853526,0.049498677,0.18716393
0.5223685,1145.4109,0.33051524,0.08236779,0.10906149,0.086279675,0.07157824,0.079555675
0.504383,1045.4109,0.09557044,0.027421564,0.091134086,0.06857371,0.05705548,0.18938139
0.5719504,1570.8864,5.109257,0.25873598,0.120752074,0.06884571,0.087417975,0.07338944
0.7339747,1542.8586,1.0710027,1.4377701,0.09658215,0.078352086,0.089008495,0.041773286
0.66443247,4138.2144,2.058433,10.214506,0.05408265,0.10934505,0.057710666,0.07531323
0.6880972,1904.2277,3.1286802,1.3271716,0.059939932,0.06218129,0.07071071,0.06741536
0.6455752,1713.732,3.0710812,0.5251831,0.058945037,0.07197427,0.060288362,0.14794813
0.5641904,4510.274,1.019645,3.206965,0.072092995,0.09782623,0.07909553,0.11888279
0.71110487,2682.5017,0.8769785,7.0361657,0.10344814,0.19467872,0.067751765,0.039638188
0.61867815,2489.284,1.7945268,1.1727364,0.06609946,0.08342251,0.05114469,0.08852248
0.6236878,3626.6184,1.3756168,3.4742389,0.066795774,0.107567556,0.041049644,0.079144746
0.65274405,4132.464,2.6361668,7.9879165,0.03641287,0.1126502,0.06658463,0.10978833
0.6853813,2770.4958,1.3738282,4.564042,0.041660625,0.10179111,0.052477024,0.06499395
0.6624417,3922.3599,0.13428956,9.595002,0.061823066,0.0495191,0.14041492,0.060014263
0.6938035,2188.803,4.5211105,2.2748427,0.11208665,0.12508005,0.14636788,0.052988444
0.563665,3697.9937,0.21958089,1.635519,0.12575687,0.21505609,0.14539692,0.04404699
0.59324574,4473.9365,0.27646402,3.8539898,0.115724154,0.20198362,0.17200181,0.054212652
0.64558566,3254.6526,4.1234455,3.489232,0.22596104,0.10275284,0.06429871,0.1827327
0.54837793,4008.9417,0.22713749,1.8846707,0.15394929,0.119046845,0.11275628,0.07153304
0.6290477,3819.5308,0.79262054,4.4032497,0.20981236,0.082416,0.11648171,0.06279225
0.57289046,2784.701,3.3717527,1.0093231,0.1047983,0.1279052,0.24840117,0.064933494
0.64852977,2274.1216,1.5869625,1.4775801,0.077075124,0.054464594,0.07073545,0.062435318
0.67006147,2202.8376,2.6598728,1.6657356,0.08206056,0.073493674,0.062138576,0.06691047
0.6364052,1296.4456,1.1683166,0.2907093,0.09597169,0.07390187,0.08343102,0.05658304
0.5544098,4291.238,0.9903195,2.3287578,0.15655482,0.051589973,0.052402847,0.094129674
0.5443695,4634.9004,2.3050215,2.4564621,0.17277779,0.048441608,0.036310613,0.07781706
0.7083432,2230.58,1.5030485,3.2127461,0.28064352,0.06348936,0.23579165,0.40053546
0.5302742,4884.503,1.4596219,2.6744938,0.040753126,0.03828632,0.16094713,0.14132802
0.60650384,3568.2795,1.858476,2.4854927,0.11212277,0.17535257,0.045763113,0.0333191
0.64737505,3250.8567,0.6047646,3.390557,0.21840435,0.085091785,0.058077868,0.09734629
0.6292257,5209.5127,0.7197175,10.373269,0.062458754,0.16978791,0.050951406,0.08902299
0.64408004,4796.95,0.5933298,10.6550865,0.060395084,0.22326809,0.048473343,0.12058981
0.64878565,2801.8074,1.0908891,2.7017817,0.03055452,0.21848059,0.05935552,0.059672635
0.6531507,3027.524,1.279943,3.1903949,0.029235411,0.2361453,0.058954597,0.06999701
0.6345169,3563.2344,2.202071,3.582853,0.08248445,0.10885185,0.07925875,0.027464427
0.6389441,3581.6738,1.9710908,3.760376,0.0822411,0.10844477,0.07707836,0.02783605
0.6364301,3384.099,1.6890924,3.1995533,0.08317434,0.10730782,0.07791168,0.025420612
0.6674048,2895.0474,0.65213513,3.6666787,0.0806211,0.09941888,0.0647449,0.024847668
0.6346815,3393.8892,0.6661263,3.1564724,0.08428712,0.09985719,0.0646005,0.020786755
0.66603684,4319.0527,3.2498255,11.847298,0.04050105,0.12663594,0.04605098,0.07926738
0.6360622,5085.3735,0.97121304,10.898622,0.04134111,0.032597844,0.047210444,0.1334475
0.6849562,3679.3538,3.447236,10.663239,0.07134386,0.08338928,0.13687769,0.060759243
0.624638,5384.679,0.42440432,8.8532295,0.16707775,0.20886223,0.17189142,0.08206995
0.6059678,2305.5305,3.8736804,0.9091394,0.19601095,0.05038431,0.11982406,0.11481545
0.5139382,6338.9536,0.44475517,3.8702261,0.1537243,0.07187169,0.13925248,0.58702046
0.54248935,3461.9,5.2611194,1.4205776,0.08880515,0.09907778,0.08599487,0.44222465
0.6515896,3193.678,0.034390654,3.5812757,0.2035161,0.22992392,0.14579403,0.023132872
0.6596933,3057.8171,0.023279134,3.5951838,0.22576782,0.24544524,0.1407268,0.029364498
0.60301524,3422.1155,3.0841172,2.4901798,0.19834967,0.054264147,0.052914035,0.13532531
0.6958757,2139.9849,1.2823893,2.179244,0.056980047,0.14992447,0.078265816,0.15757552
0.7026105,1556.9594,2.409778,0.6786084,0.05496551,0.1444286,0.08116733,0.14728099
0.66595155,3938.7659,2.8530777,9.18444,0.08481942,0.047545236,0.2537175,0.06275278
0.6209271,5064.731,0.6618243,8.324471,0.04995467,0.039095663,0.09977623,0.09494698
0.66457146,3211.5908,3.9693062,4.5241,0.05677088,0.13169521,0.27093738,0.03444517
0.6412713,4459.2417,0.17605984,7.7741203,0.057516504,0.05922924,0.023842815,0.14663687
0.6686298,3974.8967,4.27105,9.336423,0.03807198,0.13298056,0.26227528,0.028174639
0.6680768,3935.7148,0.7821742,9.474051,0.09943104,0.0714442,0.06327208,0.14489888
0.6338086,4877.6045,0.9136338,9.469657,0.1104512,0.07140645,0.065872416,0.12702908
0.6337367,3949.463,2.9041767,5.3549156,0.07497111,0.06716393,0.03969028,0.069512926
0.6810288,3751.8716,0.63729596,10.503847,0.06566316,0.1078153,0.051635526,0.08917851
0.64599824,4739.806,3.7001772,10.624177,0.08838982,0.059575416,0.047021568,0.13683741
0.67251384,4321.193,0.6502501,11.532493,0.056964725,0.10710482,0.066563696,0.053841345
0.6317569,5516.4697,0.56619185,11.199899,0.09585657,0.10325178,0.10494239,0.09543764
0.7404498,2407.961,1.5798918,8.817276,0.076750554,0.113897346,0.11260116,0.071902715
0.7376887,2579.4768,1.7088752,8.946732,0.076635905,0.11456457,0.11728869,0.067134164
0.60067797,3530.0088,2.293323,2.1965683,0.098397076,0.09705383,0.030935686,0.30730402
0.5640641,3158.6626,1.0600232,1.3094333,0.09231463,0.122754276,0.040677883,0.15851997
0.6714599,1814.8274,3.1204557,1.0357877,0.1033277,0.07854058,0.09277518,0.08654549
0.62649703,4495.657,0.86812305,6.9654007,0.104846254,0.08380012,0.098188646,0.04726146
0.5760199,2651.542,1.1269652,1.0710847,0.07839067,0.04915402,0.2100903,0.18075654
0.6419375,3829.737,1.9185895,6.0087013,0.12589283,0.066940166,0.12983418,0.05759037
0.6299958,3693.3057,3.0315418,4.3986955,0.095922686,0.07669377,0.2326767,0.060166538
0.6726632,2810.911,1.194319,4.098533,0.14950827,0.047165733,0.09792909,0.074922666
0.7133852,2570.4895,1.5592766,6.2970405,0.16537562,0.038950037,0.07209714,0.0614936
0.70239073,2573.214,1.5013568,5.4268255,0.16302215,0.040255748,0.078658074,0.058349315
0.7112379,2600.1038,1.8935914,6.602184,0.17729145,0.045637168,0.06984643,0.05386412
0.69673353,3039.5981,1.9629506,7.1850038,0.1548753,0.050094977,0.07224414,0.043532386
0.6172334,2562.9128,1.8035461,1.3102238,0.03332173,0.08903018,0.091694385,0.04632658
0.6383197,5024.764,1.8439729,10.952479,0.09894134,0.09101162,0.105637446,0.04858511
0.62063104,2614.419,1.9088378,1.3634427,0.18572016,0.19081421,0.026360106,0.07219298
0.6359196,4779.274,2.0880797,9.115869,0.05956759,0.05327774,0.22644731,0.3720274
0.64527136,2184.1418,2.4255786,1.3259652,0.0801363,0.09503341,0.095575675,0.20918164
0.644783,4560.988,1.1809827,9.940504,0.036766812,0.14507604,0.04761624,0.109175205
0.5779027,2061.2263,2.6531372,0.49378592,0.061912026,0.03438515,0.13680364,0.055476125
0.65386224,1856.9756,1.3906009,0.86402667,0.040329516,0.045821916,0.099377245,0.082945734
0.46685895,1087.3082,0.763899,0.020692276,0.048917733,0.083234444,0.07873744,0.094291806
0.51527154,1048.3182,1.672788,0.049765028,0.0587323,0.15277465,0.072429046,0.11032916
0.4249321,1163.6514,1.9290128,0.022650845,0.035458088,0.06673223,0.09369749,0.117456004
0.3816654,1292.8092,3.576417,0.023651652,0.04362188,0.061756156,0.22225387,0.110640354
0.43840197,1127.1241,2.1680715,0.015550227,0.056507677,0.03014186,0.1463782,0.06755089
0.47596276,1099.0314,1.3609926,0.025024485,0.04384655,0.08036218,0.076026596,0.03373929
0.4387886,1312.9841,2.2713497,0.055578567,0.058584392,0.0710525,0.11076615,0.023779891
0.5387974,1296.0955,1.0413104,0.14210679,0.08104856,0.031945843,0.120076835,0.081825376
0.4848863,1650.6967,1.4686142,0.180985,0.08742716,0.06403972,0.13641062,0.08389394
0.548946,1416.6036,0.43692717,0.17524654,0.061337188,0.07557608,0.10285373,0.0884683
0.6643391,4249.756,4.162389,10.51233,0.111722395,0.06132141,0.18589005,0.05394954
0.60576403,2316.5737,0.30865538,0.81743056,0.08199854,0.08306764,0.14785472,0.041512944
0.5165218,1691.2751,3.7901561,0.22497766,0.06742797,0.059777267,0.053364694,0.05310556
0.6660196,3346.7769,1.0429174,5.242304,0.12914401,0.06367342,0.05121871,0.05531353
0.6299397,4052.9138,1.8186973,4.7722025,0.08194521,0.114709705,0.060854286,0.029544258
0.66530913,3330.5647,2.1364703,5.2450185,0.063904285,0.13397963,0.15478727,0.061946932
0.6257692,4271.871,0.442319,5.8954177,0.040661693,0.09870954,0.04798525,0.041931324
0.6709336,2707.4446,3.0425925,3.3439164,0.13476273,0.08176603,0.061795272,0.062266015
0.646056,3187.7358,2.5712972,3.5384772,0.096752815,0.076269634,0.16144255,0.057674695
0.5948239,4063.3918,1.2470356,3.124336,0.09522469,0.14170338,0.03806621,0.11057055
0.690956,2553.2346,1.5512623,3.614889,0.057115965,0.037726082,0.12391762,0.056121588
0.58163494,2485.0706,2.0922701,0.8113204,0.13876612,0.18816048,0.042551573,0.22946227
0.5949079,2300.8618,3.6645253,0.7151398,0.0703262,0.1367333,0.03270061,0.26589155
0.62938404,3361.623,0.5663328,3.1718915,0.08182782,0.15713392,0.33857507,0.07274957
0.60913885,1812.0682,3.5525286,0.5092589,0.05042232,0.12649025,0.20761262,0.037564363
0.67943406,3822.5344,0.5707514,11.165684,0.10847035,0.07573157,0.043623358,0.058164947
0.6623472,4175.4272,2.8468263,10.200814,0.06604286,0.11495964,0.03741837,0.041449994
0.61390984,3722.8745,1.4765147,3.1881833,0.077802576,0.06807276,0.03614476,0.040685605
0.6502908,4360.9917,3.111681,9.308145,0.10071378,0.07073509,0.061372545,0.028098224
0.7140486,2972.404,2.99606,10.361526,0.11694685,0.07017838,0.09601054,0.033946846
0.6720342,3900.909,1.8833492,9.7423315,0.12259581,0.099208,0.06091428,0.032293566
0.6619891,2185.531,2.2250097,1.3713884,0.12383037,0.28574717,0.030083455,0.04983773
0.64636993,4330.9263,1.866991,7.6417203,0.15404397,0.25019234,0.04123658,0.06196538
0.60503674,4027.0786,0.5818053,3.4564033,0.102368034,0.15954627,0.062238377,0.22385502
0.7006409,2476.2056,0.26937014,3.521505,0.08202329,0.14489102,0.062590726,0.26742718
0.55717367,4579.89,2.5043375,2.9839282,0.051336456,0.035410367,0.23309083,0.05883701
0.56273234,2483.551,0.7275059,0.65552866,0.06493537,0.17476943,0.04191937,0.3351818
0.6658895,2362.5684,1.0567396,1.8194755,0.051785666,0.15190026,0.048060667,0.21575482
0.61342263,5686.2134,1.6267698,10.10545,0.10088956,0.0642382,0.078418225,0.1973235
0.67944956,3316.4097,1.8574097,6.634673,0.08076352,0.086618215,0.06432579,0.18088487
0.5445602,3185.01,2.0181239,1.2332908,0.09451785,0.12512004,0.13687682,0.16393241
0.66669804,3252.7163,2.0526328,5.3428545,0.056800924,0.04189397,0.052729335,0.13700527
0.6870019,3087.6277,2.0427194,6.2826653,0.052437153,0.06153876,0.062412992,0.14140452
0.63423353,3654.0896,1.2564069,4.0513215,0.07073676,0.0647871,0.069824114,0.08561863
0.6805685,3300.9578,3.343106,6.2337217,0.10543931,0.08407864,0.07514732,0.21374446
0.6743092,3161.8618,3.304014,4.9885178,0.10016505,0.07767041,0.08169481,0.2257171
0.6142725,4573.93,1.3054359,5.4420986,0.1089093,0.048983276,0.04101832,0.0824067
0.6303168,2981.1006,1.345981,2.2188506,0.035747096,0.14417863,0.1271569,0.04084907
0.6681189,3958.3425,3.1891227,8.935399,0.060481902,0.06617856,0.05191813,0.0692488
0.60063684,5077.8887,0.66789967,7.0629954,0.075799435,0.070920065,0.11733744,0.10276553
0.63381666,3821.8198,0.5694672,4.259428,0.0778764,0.14464274,0.068412535,0.071225025
0.6596019,4527.975,3.6529284,11.264664,0.09389381,0.12762256,0.10863749,0.030869568
0.69525474,3226.173,0.31411922,9.33274,0.08438289,0.039473366,0.07429675,0.092193834
0.7310284,2440.3406,1.0880271,7.0601697,0.075149834,0.050928354,0.071166635,0.08198932
0.7000418,3263.984,1.7768078,9.238353,0.07005117,0.044659708,0.090497896,0.07819947
0.67480314,3316.9666,2.1690094,5.7215858,0.041959535,0.105514176,0.09322294,0.05586843
0.66745293,3721.211,3.0369549,8.16035,0.0955929,0.11636692,0.049090356,0.055633426
0.69765186,1796.4801,1.258207,1.245334,0.19551903,0.06133128,0.055022743,0.042719785
0.6661249,1970.0381,3.4746284,1.115233,0.13517913,0.062717244,0.04940307,0.046410877
0.56558514,5942.568,1.5819738,6.462744,0.11684262,0.092835516,0.11145772,0.13566458
0.7086303,2294.3618,0.9817778,3.1143513,0.13301626,0.09547985,0.1275456,0.059269935
0.60547,5659.2183,2.989755,9.133216,0.07883957,0.030960714,0.09059799,0.07832508
0.63459927,1956.3557,1.9560605,0.7882055,0.04896421,0.30989864,0.05442398,0.06910922
0.64317584,2986.5618,2.0351024,2.9116836,0.056946978,0.14164874,0.09518279,0.13148807
0.6653868,2427.8252,1.7321031,2.046306,0.05151905,0.111007705,0.068147056,0.1094391
0.63821954,3135.194,2.5500267,2.8882756,0.039254226,0.102718964,0.068326436,0.12411539
0.65725315,2255.9756,0.97451276,1.5995239,0.06689428,0.06458223,0.0769797,0.06544054
0.66228604,2393.7712,0.87918955,1.9345137,0.06353344,0.06484857,0.085628964,0.063782975
0.59513444,1555.2258,2.443662,0.30678186,0.050593603,0.03472146,0.07157759,0.12595813
0.64170235,2985.565,0.78892606,2.7424548,0.0715839,0.053958055,0.24795902,0.0849167
0.6674401,4029.048,2.9866576,10.023277,0.063988596,0.1205187,0.33093485,0.03628973
0.5914402,3496.3052,0.22186016,1.9931707,0.12800258,0.2786387,0.2241282,0.055217896
0.62290776,4365.693,1.858104,5.293357,0.10512169,0.17694083,0.082798496,0.063431054
0.556724,5079.766,2.5159142,3.4349573,0.07020886,0.11211667,0.1578807,0.06428458
0.73153615,2277.7153,1.3790689,5.959549,0.16003816,0.14385812,0.060326494,0.024752691
0.48916784,4317.371,1.92689,1.3189452,0.21303138,0.060052607,0.15731339,0.1500429
0.7229731,2877.5303,1.7546895,11.429228,0.059562065,0.031423744,0.0587238,0.056280155
0.67508906,3834.1406,2.3671522,10.324639,0.05140622,0.033049446,0.033992182,0.050185952
0.6599793,3373.9778,1.9721434,5.278653,0.058875374,0.04619997,0.06521742,0.059265614
0.64844155,3597.605,2.0132797,5.2986503,0.054656506,0.041682452,0.057904985,0.059670288
0.57424295,1838.5564,1.9330658,0.38626468,0.063459486,0.08951689,0.1374719,0.11150041
0.592892,2432.475,1.2230607,0.91754556,0.044377893,0.07850289,0.30515155,0.11234832
0.63215995,2046.6332,2.9681308,0.8850254,0.03896826,0.05137936,0.11550216,0.055801444
0.6007304,5185.3584,1.676562,6.427641,0.21768239,0.07965917,0.081974775,0.10926496
0.5843281,4578.2803,2.5326054,3.5950532,0.22979389,0.11087657,0.03993776,0.052774083
0.7215028,2474.5642,1.1171422,6.341823,0.09106593,0.08511952,0.085376605,0.047114022
0.642048,3622.286,1.7021449,4.453304,0.10268192,0.10715154,0.088091105,0.036599047
0.637752,4057.9062,1.6797299,5.430958,0.09829297,0.104873985,0.099100746,0.035780456
0.57738405,6916.3203,1.178542,9.401652,0.0953481,0.16259336,0.08733138,0.035417482
0.60072255,1412.7076,0.7807119,0.23684992,0.07186502,0.04785418,0.22168021,0.15182365
0.62634295,4689.3984,2.0875125,7.68139,0.1111561,0.07585201,0.11776001,0.08960576
0.63902473,3478.3774,1.5944958,4.428486,0.13600072,0.04766684,0.13271472,0.21580409
0.619547,3575.4924,0.5481351,3.4202375,0.044180825,0.13432544,0.09507404,0.06507203
0.5873905,3863.398,1.0236087,2.5772207,0.119920656,0.08179487,0.05506798,0.098859705
0.59258986,3536.8645,1.2797737,2.1951394,0.09590307,0.06652102,0.0480221,0.08055875
0.666043,3674.6172,1.7438504,8.298745,0.04933992,0.052513033,0.05040127,0.16354051
0.61444324,4979.331,1.2680115,6.7578106,0.05469312,0.06974962,0.05114325,0.17313634
0.6608617,4020.9834,2.426839,10.238759,0.058380596,0.049373765,0.066156104,0.113674
0.6677024,4146.005,2.4019942,10.1534605,0.0587963,0.049058635,0.06578871,0.11130508
0.62581193,5025.6494,1.9142506,9.80908,0.04303249,0.040787876,0.10480192,0.116467066
0.69175386,3404.4268,2.0172002,8.970633,0.044986945,0.056351505,0.10928818,0.12496829
0.57794535,5792.2495,0.77038354,5.354402,0.15497273,0.34137705,0.11167099,0.2883811
0.71133614,2641.499,3.7558367,5.783354,0.11161177,0.07687694,0.07791824,0.036773868
0.6009559,4568.7065,0.2487408,4.8815827,0.034518007,0.050090738,0.12615776,0.110651515
0.6747208,3491.5261,4.230148,7.8400397,0.05346622,0.12399652,0.028773423,0.02824526
0.7098349,2366.8696,0.41391617,3.771193,0.035616614,0.15779528,0.0973322,0.058081385
0.6077669,1987.8397,2.3017528,0.5788759,0.036049977,0.07041893,0.027114129,0.09461326
0.6368349,2366.459,1.2893283,1.2777675,0.048642915,0.049314834,0.13827196,0.02793498
0.5226456,1963.8615,0.606859,0.34626,0.13823605,0.05942435,0.410029,0.09118857
0.5856636,2345.3958,3.8609593,0.73968816,0.054114446,0.10162617,0.06277125,0.069785625
0.6940596,1626.94,1.9535725,0.8090966,0.07825999,0.04304266,0.03582274,0.10913508
0.6268869,2697.0295,1.7339555,1.7402782,0.043183975,0.0912091,0.04849,0.05328987
0.6542432,2206.454,2.64239,1.2570107,0.03744004,0.11276583,0.034752533,0.08096563
0.6895862,2076.4927,2.9379747,1.7990085,0.033855848,0.11763593,0.030887045,0.081998385
0.65508574,2456.0596,2.393357,1.8003174,0.039781302,0.11139107,0.07212454,0.08989532
0.6825293,1750.1052,3.1107101,0.8655082,0.051875703,0.121717684,0.067491226,0.070890345
0.655714,2463.627,2.6578732,1.8054328,0.0451857,0.09179446,0.07494094,0.06933256
0.6168451,4523.171,0.78786224,5.760326,0.08740413,0.053797834,0.03819338,0.032455504
0.6714207,3533.2344,3.4552493,6.5859766,0.14065206,0.2525444,0.13619334,0.064408824
0.62172526,5465.391,2.0833123,11.560208,0.14731361,0.10815912,0.14690666,0.11073742
0.7005534,3569.4065,1.8799894,11.981195,0.08259179,0.12545316,0.031316835,0.20887819
0.611306,6217.0693,1.0578107,11.806875,0.043014824,0.23873189,0.05060789,0.18339157
0.5234573,1320.3146,2.6484032,0.12628996,0.10114416,0.08101618,0.05817055,0.077367544
0.58245564,4314.406,1.4822886,3.3955657,0.1138848,0.0682098,0.108292416,0.18583009
0.5659443,1731.1896,2.0193725,0.31383455,0.060222954,0.037263222,0.16915524,0.082021326
0.6893301,1835.9856,0.45147228,1.4484322,0.24372235,0.08438055,0.15686232,0.044560805
0.6421864,2067.14,2.20036,0.8991493,0.20249377,0.043970354,0.08836782,0.035716224
0.6290033,2725.6345,1.1176554,2.1370437,0.15833704,0.0766611,0.13746557,0.20867205
0.60062677,4499.878,0.088739544,4.4345183,0.21010117,0.08192618,0.11454625,0.20676033
0.5497082,3088.6614,0.04774263,1.1483537,0.05876338,0.09130866,0.1205091,0.091303766
0.6995173,3069.4104,0.0019020725,7.3743362,0.07950418,0.0895985,0.06759466,0.08470144
0.66107136,4053.5264,0.029008545,9.008465,0.08351214,0.06515714,0.049864702,0.032632027
0.7144057,2952.5024,0.17084056,10.223078,0.13556372,0.050505467,0.03202052,0.061044663
0.6032154,4314.5034,3.8343904,4.4328337,0.14033563,0.04223629,0.24385801,0.06918649
0.6330657,4684.3735,1.3363149,7.9886727,0.15745783,0.10166512,0.0441527,0.05540953
0.654696,3824.996,1.5267884,6.5378947,0.27201012,0.13546059,0.052943476,0.0276208
0.5547912,3829.8926,1.9844865,1.7441502,0.112844035,0.098942265,0.080193445,0.15630011
0.6682036,1694.4777,0.89178216,0.7690983,0.055863712,0.08390644,0.13977088,0.29570222
0.5550384,2971.8696,3.2125633,1.2167013,0.087726206,0.037790116,0.10624364,0.24190122
0.5521522,2534.352,3.3260872,0.6938291,0.057511803,0.038359523,0.10979231,0.23788984
0.43074793,1152.2506,0.96698695,0.020603346,0.04864056,0.053451255,0.3179862,0.1278588
0.56443846,1617.431,1.1610262,0.277498,0.040888757,0.07916103,0.25982228,0.11694981
0.43623596,1578.1853,3.0766776,0.110706426,0.07553321,0.10639626,0.15940261,0.04957827
0.43916255,1508.0273,3.649056,0.09063696,0.07067327,0.11438916,0.17650011,0.042639814
0.43773717,1301.0009,1.3138598,0.05127731,0.058869522,0.16602448,0.20281452,0.034356434
0.55305684,1482.4148,0.99330235,0.22961232,0.0751732,0.10572538,0.092119284,0.07513097
0.55684453,1567.1196,0.8510536,0.23644789,0.074004576,0.09698245,0.09337577,0.07489666
0.69721335,1836.6826,2.1584425,1.3135858,0.06933524,0.04388666,0.0991313,0.0353594
0.6065418,6365.2173,1.9185363,11.790085,0.07920304,0.22224067,0.031639367,0.29196718
0.70827657,3133.0564,1.3891768,11.310839,0.10509104,0.103873774,0.050657682,0.16065337
0.64964956,4409.5464,2.4274328,8.957884,0.101238124,0.07632439,0.0499974,0.13200328
0.6668828,3606.7544,1.8551018,7.138172,0.086632915,0.07767928,0.0281406,0.15117054
0.6639697,2993.032,1.0934967,3.959361,0.10147567,0.08757111,0.02925058,0.16196798
0.73161185,1754.4309,1.4926218,2.1460838,0.16054332,0.08751033,0.047594402,0.24743862
0.678738,2292.2466,1.8596334,2.1701274,0.15791842,0.083565354,0.07688313,0.20597261
0.6270588,3222.857,3.8086894,2.6029747,0.15124975,0.10799186,0.0767984,0.1379257
0.5766682,1651.2153,0.34257883,0.32855892,0.1348744,0.13256627,0.04000487,0.082899
0.621768,2231.4622,0.50086725,0.90367556,0.17782122,0.16320868,0.052095965,0.08083025
0.64389455,2200.34,0.4586477,1.1864635,0.17490363,0.1602218,0.044499725,0.082012564
0.61877257,4222.547,2.714199,4.9000316,0.059692513,0.07569526,0.06490061,0.09577732
0.65144914,3562.4194,1.0957806,5.1783724,0.045873687,0.07848923,0.06132201,0.029964985
0.64110893,3933.1858,1.1762855,6.0057735,0.03753844,0.02855632,0.11918075,0.08858831
0.60093004,3483.3118,1.5023793,2.3399415,0.08671053,0.11381852,0.15440302,0.12215018
0.67692894,3587.9814,3.6790304,8.418658,0.048549622,0.18042397,0.12151153,0.05218986
0.6265333,1971.0334,0.29868674,0.66163796,0.17998296,0.10140072,0.08416637,0.056696635
0.7031513,2865.326,4.1723056,7.6995254,0.112910725,0.07422457,0.061552815,0.05816772
0.64053684,4234.088,0.34491456,6.237216,0.072848365,0.0932511,0.10148876,0.052428126
0.5937203,4212.2554,0.65770483,2.921639,0.2412535,0.29025596,0.0796345,0.106891915
0.59594965,3820.6162,0.41496205,2.7882104,0.28597608,0.20559691,0.042866103,0.07252513
0.5218652,5573.306,0.020193988,3.33305,0.35609755,0.16737503,0.12077442,0.33709973
0.7189079,2459.8298,3.7433214,5.6834083,0.05405139,0.078930154,0.10251612,0.058850367
0.4818001,1136.502,0.39030215,0.037054878,0.04540935,0.045409545,0.05011733,0.08202582
0.5823801,1534.6074,2.9929433,0.24935062,0.0351382,0.053876646,0.041775078,0.13551533
0.66713065,3182.644,0.4814894,4.8320546,0.05160472,0.09127821,0.078178406,0.069999486
0.5931229,4292.296,0.14854571,3.5576515,0.039719008,0.07157352,0.104862206,0.061929904
0.60751086,4634.345,0.26503956,5.732777,0.036703393,0.08542896,0.09268485,0.06173235
0.67249346,1906.6177,0.34466225,1.0927767,0.06698635,0.0570548,0.042738643,0.09190581
0.6366633,4023.1794,3.5812542,5.8513956,0.04402745,0.08786239,0.06755258,0.028454358
0.6864598,3652.421,1.060021,10.327001,0.04466256,0.063552365,0.036566757,0.031753432
0.6430168,4945.571,2.3461807,11.309862,0.054337308,0.114644356,0.04972683,0.022637414
0.64648587,3275.399,1.537045,3.6593087,0.08672027,0.05908404,0.050661657,0.114345886
0.6513936,2946.3315,2.4217749,3.147787,0.08101116,0.08855067,0.13122757,0.10172246
0.6171747,3797.0857,2.7098167,3.6730235,0.10240695,0.2022277,0.09787473,0.07545792
0.58604383,4183.887,2.7889702,2.8246942,0.12065549,0.124457404,0.11203755,0.044744447
0.605281,2744.0435,0.360284,1.3259809,0.09460454,0.08060111,0.050652985,0.078424886
0.58655065,5309.67,0.3391787,6.023679,0.10690139,0.040777504,0.08638615,0.06812654
0.60878175,5042.4663,0.20182228,6.2841864,0.08295427,0.060817502,0.06210457,0.08052342
0.67756236,2575.096,0.7614822,3.007712,0.08458587,0.05823345,0.04647756,0.09978891
0.6717635,3500.341,0.963494,6.5924735,0.035702586,0.08842233,0.08519647,0.039890293
0.67952114,3300.9048,2.8650675,6.956464,0.051997487,0.09460575,0.050342523,0.033941187
0.68726796,3180.2898,1.4409734,7.466722,0.05508446,0.057867914,0.070189126,0.06342295
0.6468307,4274.3687,1.0290146,8.791641,0.097138904,0.06724133,0.067686394,0.062355924
0.63178086,4744.082,3.5256848,8.239751,0.05364324,0.086324655,0.099444814,0.07953381
0.67667985,3112.992,0.32894763,5.77445,0.090357766,0.051805995,0.10609065,0.15153915
0.59031063,4104.3657,3.1726563,2.9479082,0.089681596,0.10970303,0.11880198,0.03192515
0.65583265,3516.0059,0.36159128,5.6751904,0.10111949,0.12038657,0.17772782,0.07653418
0.6842836,3234.8833,0.08340518,6.5857873,0.098597184,0.12870057,0.1807543,0.08199913
0.60246617,3822.7478,1.8199707,3.1766534,0.06298091,0.08329094,0.11107037,0.11934274
0.7062948,2985.4192,1.9705293,8.683009,0.26492897,0.060730014,0.08690719,0.046419367
0.6820972,3455.0063,2.4844604,9.567896,0.2177525,0.06637996,0.082738504,0.045525767
0.6775648,3571.4998,2.3636715,9.354975,0.2256825,0.057802968,0.045598708,0.038566664
0.73563176,2616.2107,1.3710746,10.474825,0.12677877,0.13133596,0.045747895,0.03848671
0.61705124,5783.3784,3.1851242,10.73749,0.18816356,0.173006,0.03515083,0.045640312
0.62694633,4508.5825,0.985715,6.4290457,0.17742674,0.19020113,0.039605506,0.043929204
0.6647398,3910.4458,1.6479467,9.681664,0.102172285,0.066776454,0.06918418,0.06261922
0.5734493,3380.5486,2.3178506,1.8223228,0.031947847,0.048145454,0.10244187,0.12172952
0.63352144,3379.9036,2.1534364,3.5235698,0.03357536,0.04511734,0.10545492,0.148852
0.61235434,4461.9883,2.5210128,5.149092,0.03923947,0.04261579,0.10043113,0.19661622
0.6576694,4109.9272,1.1948436,8.365524,0.06906797,0.08840649,0.04353466,0.055844285
0.6413625,3253.2744,2.8065653,3.3243241,0.07889837,0.07147666,0.02465566,0.100515515
0.6688845,3074.5474,1.4307435,4.88345,0.061680373,0.026035178,0.08122719,0.08429116
0.57390225,2360.7566,2.8112993,0.64469296,0.21045789,0.19890715,0.053232234,0.03971589
0.6884919,3414.0825,2.3801,9.025216,0.08931428,0.06386167,0.07275255,0.13593009
0.6141667,2612.5596,1.2791264,1.3516984,0.052541137,0.09944377,0.032868274,0.04214409
0.572687,4257.2705,2.4721208,3.0737996,0.04116437,0.03481641,0.1989833,0.06197439
0.6976234,2509.7021,1.3750033,4.2469845,0.07456939,0.066675246,0.15406206,0.060616143
0.6900728,2586.7427,2.4028852,3.46239,0.079382256,0.076958105,0.17120501,0.048133127
0.6908609,2840.345,1.4658176,4.8501315,0.069727875,0.07189757,0.16919965,0.06387113
0.67113084,2789.1946,1.831061,3.3350704,0.071077004,0.10336614,0.042365514,0.055436604
0.642683,4667.934,2.7238712,9.409838,0.073920965,0.09450257,0.025482524,0.03769448
0.63971436,4136.052,1.2492762,7.029457,0.04376351,0.04250121,0.1173164,0.06379141
0.6269697,4214.576,2.549322,5.5675106,0.046207875,0.16624711,0.18762654,0.03648216
0.66416544,3076.6528,1.3523121,4.2893505,0.12069474,0.07267009,0.26531914,0.039839227
0.6534229,2586.8503,1.221258,2.0129106,0.07699991,0.10654311,0.19300322,0.034080457
0.633737,4628.9136,2.7168791,8.816473,0.095271155,0.13268937,0.1697844,0.0642073
0.70209014,2768.7341,1.1843656,7.490844,0.057092085,0.07080363,0.136933,0.095455185
0.64063376,4018.4854,1.4561298,6.6362243,0.04264802,0.14540581,0.055070095,0.029055014
0.66441035,3273.7673,0.6603424,4.409218,0.06669178,0.10607135,0.03665566,0.045369204
0.65657663,1745.4707,1.1730729,0.64723885,0.09374933,0.053189885,0.10428925,0.051368617
0.63948274,2586.5715,0.82245964,1.9964298,0.09546745,0.063202165,0.12740342,0.060683947
0.6677931,2780.8438,0.8472012,3.5256538,0.12750407,0.054831926,0.08654407,0.1312085
0.6718385,3470.092,0.74792093,6.655418,0.05206153,0.17516537,0.04401235,0.027568752
0.62288165,3055.9194,0.46167338,2.462139,0.048893247,0.036763664,0.09005417,0.10611832
0.6095193,5185.5757,3.4737983,6.5765095,0.17309017,0.16558051,0.049402602,0.03807375
0.70393354,2338.3452,0.51916003,2.9901981,0.06713107,0.06698223,0.06084377,0.06244992
0.7348337,2029.5785,0.32439595,3.04909,0.038620334,0.047826737,0.052993596,0.055581402
0.67173344,2757.4812,0.59585124,3.3764675,0.05479912,0.17176533,0.108129874,0.05511629
0.65093607,2824.7417,0.72342914,2.734666,0.05107041,0.21474653,0.124836996,0.055696756
0.60618824,1504.1968,0.8802384,0.30306056,0.089894205,0.039774492,0.059460983,0.079388276
0.6653699,1747.1371,0.8121888,0.77329403,0.0950917,0.029475352,0.0709034,0.07836548
0.57973206,1817.7368,0.9603614,0.38708124,0.043195166,0.28813007,0.07499202,0.045527577
0.7049567,2614.3088,2.997697,4.8721313,0.037518386,0.1717,0.050512873,0.058942016
0.600357,3907.4314,2.0867949,3.4225206,0.031323384,0.119968526,0.119160205,0.058587983
0.6512197,4198.189,0.44459018,8.886228,0.09221934,0.053458724,0.033303566,0.053614523
0.64594746,4863.903,0.5885713,10.5214615,0.05586591,0.08836534,0.05607852,0.061307743
0.5574315,1503.6819,2.1999862,0.22423127,0.062374152,0.23327719,0.060131747,0.041103184
0.5668605,1443.7975,3.5925548,0.21223862,0.054460675,0.23170756,0.061467566,0.043466434
0.6734727,3996.402,0.62958735,11.662574,0.0924108,0.054646954,0.09352726,0.1895252
0.7266115,2820.9365,0.5552085,11.108738,0.078744486,0.056061182,0.080007374,0.16902801
0.79597795,1864.148,0.17965993,9.822591,0.06636892,0.029103968,0.13767214,0.13317661
0.6971311,3398.5552,0.11099779,10.966245,0.0627666,0.05348125,0.17779353,0.14335775
0.6318847,4901.58,2.0781274,9.981038,0.088106334,0.0521534,0.21168882,0.16595888
0.69499344,3363.2017,1.5847076,10.997683,0.09077448,0.047001872,0.25836688,0.029848078
0.6221275,4608.577,2.1203904,6.4045477,0.06054482,0.09159346,0.023082389,0.10524879
0.6727643,2832.532,1.8591657,3.5548024,0.070088044,0.06695759,0.05001266,0.08214982
0.66376966,3269.189,2.8128777,4.9211802,0.05970175,0.087804586,0.072893985,0.2630145
0.61065054,4572.723,0.78257704,6.0986385,0.06292835,0.19507104,0.13065866,0.09130047
0.63161755,2218.847,3.235492,1.1388812,0.09441981,0.07504459,0.036587976,0.13057001
0.75319093,1450.4974,0.47083753,1.2815173,0.07740681,0.06946385,0.071691446,0.21860465
0.74830276,1404.8412,0.4278318,1.0926871,0.057116073,0.10531784,0.058176555,0.18469608
0.7514474,1313.6177,0.2703069,0.7531937,0.055115014,0.11884266,0.069869995,0.21185923
0.61395603,3523.574,3.026284,2.9215312,0.19941694,0.09003013,0.0716971,0.0750905
0.5014574,1314.7211,1.7783929,0.10329048,0.059419744,0.04109087,0.05748352,0.13510516
0.4924472,1532.5476,2.479589,0.14899835,0.0685707,0.11569309,0.053048562,0.044331618
0.62214184,2381.8154,2.2960548,1.1550488,0.12773174,0.0883366,0.046790846,0.10638502
0.7024727,3047.073,1.697429,8.079453,0.08517543,0.100341566,0.07657724,0.033241913
0.6908476,3420.1804,4.5422363,9.46588,0.07616168,0.10047956,0.06897924,0.04692051
0.6407732,3373.5076,0.3691616,3.729531,0.06115517,0.064919285,0.090329975,0.031672627
0.6156632,3314.4521,1.0278724,2.6557918,0.077647224,0.107612036,0.12787122,0.05242535
0.6519776,1961.7676,2.0638218,0.94530326,0.07668712,0.11981269,0.047863536,0.030802071
0.6156505,3093.4397,0.81980336,2.1265204,0.10394644,0.05218614,0.061238263,0.15030526
0.62330073,2107.329,1.0862975,0.775141,0.092521355,0.058573347,0.06162277,0.13364682
0.697513,1882.3247,4.0850706,1.6287643,0.09232058,0.057552636,0.07035118,0.1206464
0.68662995,1678.3339,1.4324186,0.9286344,0.1307241,0.06369632,0.047865205,0.04939644
0.6381928,4465.8647,2.4641905,7.8176975,0.07051069,0.08340531,0.17527892,0.08961861
0.60501444,1895.1327,1.4387403,0.5145606,0.03249014,0.12144642,0.035099275,0.05488258
0.6303431,3461.4248,2.1372824,3.4560761,0.045995325,0.07408968,0.05247896,0.029350724
0.6787123,2321.857,1.0391506,2.0438151,0.0702998,0.12562865,0.0563813,0.067385435
0.61064583,4285.8154,1.6002892,4.8934574,0.07725133,0.08651652,0.10326168,0.07039625
0.6724864,3930.2407,2.4127436,10.834438,0.030447463,0.034201816,0.051041134,0.061951686
0.6197887,5265.8506,2.2413163,9.719984,0.054821756,0.055391498,0.08419489,0.10933444
0.65844333,2074.1665,1.7020091,1.0225136,0.112087004,0.11749785,0.10430735,0.05378656
0.6447047,2383.5754,2.0715606,1.5899203,0.064198114,0.1437033,0.053704195,0.109166406
0.5757688,1885.8239,1.8100407,0.4141884,0.05949052,0.037856665,0.07970978,0.086324036
0.6033175,1753.319,0.5477167,0.4474459,0.048933633,0.04267106,0.1607253,0.045051914
0.6120436,5918.296,1.4164047,10.993965,0.07318703,0.15137823,0.20731117,0.17492539
0.6158226,5515.2085,1.2081039,11.045923,0.0743442,0.14641817,0.2043888,0.15323293
0.7337906,2648.6538,0.23711275,10.067741,0.07625903,0.058131076,0.1818046,0.1845183
0.6009794,6199.9717,1.3421031,10.978265,0.07279851,0.048680365,0.1198284,0.18078208
0.7063395,3177.268,0.84227586,10.8087635,0.19981594,0.14661379,0.113638714,0.088458486
0.68443066,3475.5857,1.0292069,9.576739,0.2544815,0.15579547,0.07032942,0.1031476
0.6634345,1790.6094,2.480854,0.7468538,0.11133314,0.22022887,0.051505588,0.035251692
0.57757866,3832.2083,0.097937725,2.0280254,0.10047781,0.09945899,0.06521655,0.09531955
0.7063459,2990.462,2.0212977,8.549617,0.0433359,0.09356868,0.032224335,0.3128698
0.52609575,3544.8235,1.058297,1.1021963,0.1479452,0.2310279,0.099812135,0.076598965
0.6928672,3216.8267,1.4875436,9.016452,0.045461673,0.046733715,0.055901833,0.12629138
0.58950174,3860.2598,2.4468935,2.9455671,0.05366619,0.15958329,0.056461148,0.10005869
0.66215545,4024.0178,1.1540403,8.300584,0.058979943,0.07421756,0.08977358,0.03238127
0.66156566,3993.5876,0.23589191,9.438225,0.06173512,0.045790397,0.100748226,0.06691599
0.64155304,3256.235,0.4693202,3.435814,0.04960219,0.06396851,0.046146028,0.049093246
0.7003393,2456.7812,0.35999817,3.601081,0.051268388,0.10129018,0.041274633,0.035347465
0.6285273,2558.0508,3.6446176,1.4758914,0.087172545,0.18034026,0.071987875,0.101912186
0.557699,2277.423,1.6718687,0.5953668,0.062101476,0.14155038,0.07728757,0.08093824
0.67424726,2034.7349,2.3149173,1.2998707,0.04462801,0.2150943,0.09275132,0.04302781
0.678196,2654.9836,2.036032,3.1907375,0.05435642,0.13386287,0.098471686,0.036944583
0.67430776,2439.4773,2.2589674,2.3905442,0.06278554,0.15294707,0.2562399,0.030220013
0.6307604,5114.024,1.5119797,11.095631,0.037922177,0.031886492,0.17169982,0.13594186
0.49633068,1699.822,2.024283,0.22573058,0.057899117,0.06876415,0.27887955,0.15484671
0.60112363,1856.2506,1.9033484,0.47587663,0.047451027,0.053165443,0.07316564,0.123834655
0.6524645,1638.2433,1.7242773,0.53669786,0.03449379,0.05207547,0.05715502,0.13959052
0.5938987,3176.0737,2.3058705,1.778423,0.05002362,0.050803468,0.046814032,0.15636644
0.6645275,4324.9688,1.7640258,11.212419,0.062248662,0.12250193,0.1305961,0.23092358
0.65036726,4224.4185,2.473995,7.999317,0.046297442,0.04073367,0.040434882,0.038989127
0.65673757,4455.3066,0.7009719,11.526127,0.059627667,0.046102896,0.13036834,0.050994076
0.45523304,1301.7712,1.0168407,0.05204633,0.15879303,0.18309209,0.033959966,0.058095843
0.6674031,4073.0574,2.3831232,9.845331,0.14079304,0.22092865,0.17730859,0.04115139
0.6914027,2596.1577,2.741258,3.6399941,0.09840974,0.1972588,0.12929957,0.029645965
0.6329323,3677.626,0.7019557,4.2297344,0.05596076,0.08668542,0.06173728,0.06534489
0.6266157,3333.3093,1.932363,3.0373557,0.05611459,0.078625806,0.07231015,0.061765183
0.6757082,2737.602,2.8108575,3.5663764,0.05011887,0.054991424,0.09433484,0.05662879
0.5948935,4076.1858,1.4613223,3.4694204,0.050003648,0.035459418,0.15263653,0.09975772
0.6819335,2734.984,0.118544824,3.5414078,0.11213763,0.073574655,0.06970539,0.099081986
0.67037904,3491.7107,0.7971113,6.6408477,0.17676711,0.044310536,0.05222267,0.13248268
0.64686525,2240.4731,3.3329945,1.3453373,0.06643881,0.14801677,0.07713507,0.07583215
0.62561685,2690.8994,0.79791903,1.6117696,0.063489184,0.06163313,0.090611115,0.042662237
0.6552672,4503.545,1.3797237,10.661512,0.039931905,0.15483673,0.038690016,0.036849055
0.66063297,4413.0493,1.6543926,11.555204,0.031947587,0.2218358,0.04733134,0.037094433
0.66053545,4414.2275,1.7365407,11.507372,0.039472595,0.2638564,0.04912951,0.025939904
0.6644701,4305.9487,1.4811778,11.29718,0.049988233,0.24529603,0.19655338,0.039353255
0.66024,4535.427,1.4390872,11.750203,0.041977625,0.36355373,0.042604707,0.034263458
0.5444037,1408.9788,1.1139538,0.1788784,0.08463539,0.05063915,0.075874664,0.072796986
0.6034424,1499.8328,1.4678814,0.295039,0.08318068,0.039993934,0.05910792,0.0680213
0.6511702,4606.155,1.772491,10.900745,0.043473627,0.16615765,0.06296126,0.08376345
0.5293535,1950.0275,0.9632779,0.3443379,0.053571604,0.06667245,0.04945329,0.04048828
0.6440964,4249.2354,0.09175295,8.604582,0.26693478,0.06910062,0.08457105,0.11007141
0.66671926,4338.799,0.06525882,10.596933,0.25328338,0.08111462,0.10270941,0.09074875
0.7741287,1809.215,0.16398035,4.9298663,0.19334686,0.04593029,0.040335402,0.14602488
0.75781435,2279.238,0.4642297,8.257368,0.14077264,0.09086505,0.076368585,0.14324537
0.6463045,3312.389,0.124683835,4.6231937,0.22804697,0.07605225,0.086009026,0.14816089
0.59567887,3845.581,0.9995555,2.4949198,0.18900833,0.14586641,0.1473731,0.043162614
0.6324754,2360.2249,3.0860775,1.3001384,0.053001635,0.08821965,0.125953,0.13075386
0.6690466,1772.0363,0.050460238,0.79469275,0.038389377,0.06717869,0.17459023,0.03277326
0.6750795,3456.6516,1.102105,7.9675837,0.091615066,0.07452973,0.08507379,0.17461437
0.6420677,3970.6426,0.9009868,7.5808725,0.092698395,0.07464416,0.10363334,0.11380636
0.6653742,4356.069,1.3188095,10.068188,0.10726406,0.09664312,0.0635279,0.10581992
0.64773154,4537.498,1.2855573,8.610794,0.12222744,0.056933958,0.04016636,0.07913833
0.73780495,2262.6814,2.941977,7.551836,0.0888234,0.048637707,0.049356062,0.04991925
0.57014734,2391.1755,0.5710284,0.66600895,0.09373091,0.1171694,0.05001209,0.0389552
0.6945332,2599.315,2.8815093,3.9101088,0.036005363,0.095182836,0.04983766,0.04639736
0.6343225,4335.2026,1.0321603,6.8350544,0.041741695,0.14054665,0.0711305,0.025325552
0.64799416,4250.45,0.6499736,8.255777,0.04198086,0.12220818,0.050864246,0.038876392
0.6427584,4332.574,0.04794677,7.8168416,0.100886315,0.069226354,0.04869327,0.04284299
0.6344928,4934.432,0.0152965,9.993456,0.09777957,0.052263923,0.040722203,0.040113006
0.58112365,2122.555,2.8342347,0.5585221,0.08027737,0.1757907,0.0763761,0.06361734
0.6559813,4462.3716,0.9690017,11.2576475,0.05023466,0.037163835,0.044049647,0.039081793
0.6741218,3863.8967,2.5946517,10.398514,0.068658434,0.051042814,0.048592724,0.04094037
0.6683651,3851.9312,1.2733873,10.074811,0.098087005,0.0411643,0.123589106,0.04562355
0.67918324,3503.245,2.2312791,9.043654,0.17791528,0.080572926,0.07153878,0.044516757
0.6407172,4606.874,0.6486403,9.715126,0.054810032,0.07694398,0.05744768,0.062283993
0.6366415,4895.236,3.0983584,10.086953,0.042486086,0.10449471,0.033870503,0.03921492
0.6277485,5010.1035,0.66408575,9.805996,0.050315786,0.045869768,0.09290128,0.060225613
0.63594085,2845.9236,0.4403328,2.2755063,0.04954377,0.09550267,0.11757351,0.05544176
0.65294677,4601.175,0.15007603,10.387125,0.06296065,0.1530809,0.056763694,0.042110916
0.7176455,3118.9036,4.157169,11.798656,0.07861674,0.12286671,0.05740607,0.04253507
0.7120667,3097.2363,1.3060939,11.700852,0.08544927,0.13424446,0.057677638,0.05917543
0.6754882,3867.6047,1.8186022,11.126648,0.05599048,0.16004053,0.055000957,0.1110242
0.714438,2336.3938,2.4660568,3.9932222,0.12107137,0.087787114,0.202411,0.041395802
0.5345071,2154.743,1.2750969,0.36057565,0.35473478,0.081927,0.05937174,0.048809677
0.64117193,2475.0269,1.3059622,1.7502381,0.18999706,0.06347539,0.08819939,0.117259696
0.5952828,2070.0132,0.08837944,0.6112782,0.14788957,0.04711636,0.14629768,0.074381046
0.6626663,4304.147,1.13701,10.950495,0.092215836,0.06658949,0.049889196,0.120566495
0.6558513,4130.892,2.1437929,10.801165,0.07992761,0.045976873,0.080701604,0.0920282
0.5442467,6612.3516,0.16533832,4.770698,0.12089227,0.07055349,0.062207386,0.19041942
0.6436998,4854.105,0.46911052,9.338053,0.07329718,0.17462918,0.083610535,0.08967446
0.6925164,1567.298,0.54400104,0.83329874,0.07676506,0.1702122,0.08083752,0.10047744
0.6908345,2079.4155,0.38604045,2.047055,0.08841406,0.13965479,0.07223642,0.1147193
0.6493468,2779.4075,0.7491486,2.5587564,0.09065453,0.14015204,0.051514223,0.118978605
0.66008174,4088.2502,1.1437515,9.496213,0.042496238,0.22175519,0.07838249,0.029616999
0.65561795,3569.7651,0.5229112,6.1685376,0.070296645,0.040756684,0.041581508,0.08583592
0.72504604,1957.1616,1.0259291,2.5266387,0.054071616,0.034489635,0.030375369,0.08153605
0.6421765,3667.5151,4.264196,4.9242654,0.045671195,0.038433336,0.03602567,0.11114918
0.65416527,3471.4033,3.4431086,5.3252764,0.045651607,0.04024337,0.03318235,0.10093373
0.68302554,2856.1565,3.3168585,4.290371,0.04132288,0.038260914,0.0270003,0.13052419
0.66643035,3336.251,1.5428427,6.3751807,0.09253285,0.22696696,0.35568506,0.07855256
0.5960312,3588.4502,1.6498135,2.6363025,0.08569221,0.23658833,0.331789,0.073631704
0.68712443,2604.0483,1.0349246,2.7439408,0.1593058,0.17253686,0.09398474,0.16324577
0.6118081,3635.741,2.699326,3.3969007,0.06698846,0.07295978,0.4291799,0.16236605
0.7179409,2037.9954,1.4838033,2.7208366,0.055251386,0.04876863,0.045528144,0.10276149
0.7259911,2076.547,1.3728113,2.9403784,0.057326946,0.047565736,0.049030326,0.10587731
0.71835107,2178.273,3.1557548,3.244832,0.066752695,0.046044745,0.054357883,0.076024346
0.5808019,2756.3262,0.849415,1.2032335,0.04548055,0.052291244,0.07544655,0.097212076
0.6157485,1536.6982,4.28149,0.3689497,0.04401279,0.02939958,0.07023875,0.05931465
0.5659016,1510.2223,4.6440563,0.2566505,0.048936162,0.032752194,0.0644505,0.05061718
0.53021365,1703.8024,1.1981691,0.2591501,0.03786193,0.039796755,0.04093056,0.05754635
0.50251365,1357.3151,1.7279587,0.11656427,0.04318205,0.042950325,0.05958915,0.053309467
0.46423662,1219.3712,1.8852798,0.04569202,0.09706101,0.040162843,0.08486916,0.045784228
0.70168114,2019.4679,1.5604459,2.1588926,0.079773284,0.17161469,0.10012814,0.08971761
0.6808559,2748.0156,3.3111415,3.7761688,0.072344,0.16284902,0.14622238,0.14395809
0.68080086,2538.9753,4.385968,2.7316766,0.07291078,0.17070489,0.15397073,0.14737944
0.7216234,2265.5398,1.5189844,3.7804508,0.070654675,0.15926841,0.1796068,0.1510705
0.47836375,3098.7686,3.2602625,0.72111046,0.047839466,0.108414195,0.13681473,0.2628485
0.72589797,2768.7314,1.2326549,9.834705,0.12606677,0.23182504,0.13447285,0.18518159
0.7165154,2965.4695,2.0670187,10.552883,0.10061241,0.13039961,0.10747581,0.19624652
0.63892496,4997.415,1.7659516,11.616768,0.09319289,0.039057676,0.029720293,0.23433025
0.6830657,3751.3154,1.1642296,11.503878,0.12742205,0.123434946,0.07468082,0.17734289
0.67246467,4152.931,1.1750649,11.6702,0.1321688,0.122920565,0.07911587,0.17358841
0.6399941,3811.8958,1.8314171,5.2737236,0.07974142,0.037924103,0.05225219,0.0462567
0.60298026,3390.037,1.5741684,2.0819578,0.090341285,0.42095712,0.07946582,0.1340337
0.6115919,4770.438,1.8136886,5.735014,0.0671943,0.3845925,0.039088167,0.11673308
0.62598145,4947.839,2.2318835,7.817261,0.07613492,0.4531043,0.041995835,0.09736205
0.6634862,2749.5117,1.7156818,2.693223,0.054498862,0.14128177,0.055636477,0.038834825
0.6596283,2879.8867,0.37821195,2.8406177,0.055502757,0.07699888,0.05813052,0.06265821
0.59550905,5159.0454,0.30988398,6.4573774,0.05207231,0.068050906,0.106366105,0.06356702
0.67361194,3306.3215,1.1624566,5.71471,0.074042976,0.07946667,0.10087754,0.10506496
0.62102735,2185.5225,0.49984878,0.8543539,0.06603042,0.08403804,0.16507588,0.064550415
0.56776655,1810.671,3.9436576,0.37444127,0.082072005,0.043717157,0.05194188,0.14329028
0.5810869,1702.2523,3.2197998,0.34581688,0.08160826,0.05183514,0.059384394,0.14593625
0.6317889,2790.4465,2.5003116,1.793756,0.12183138,0.10521935,0.07409242,0.03527867
0.5666111,1637.4371,0.6799764,0.26579028,0.11460613,0.05917978,0.025787545,0.096831046
0.59120464,1843.7218,0.21363711,0.40029943,0.14382413,0.058452114,0.030734517,0.08410701
0.6151834,2420.6304,0.8396406,1.0185114,0.12725328,0.060679402,0.039437752,0.096802905
0.53490806,1370.9047,1.8009894,0.15501705,0.081330985,0.052785084,0.07219103,0.12259926
0.69561297,2660.3599,2.9283063,4.4154778,0.04161869,0.07025226,0.07270088,0.12311121
0.6766664,2609.578,1.3999152,2.981697,0.03367774,0.086863875,0.06768612,0.098804004
0.6692329,4008.217,1.3168683,9.232967,0.34721366,0.09158707,0.11700902,0.17690371
0.5354012,3074.7683,2.4450865,0.87745017,0.29515076,0.0421677,0.08986209,0.097719185
0.6016433,1708.9913,1.2182448,0.41983348,0.28147572,0.0746123,0.06779187,0.116074845
0.5865566,1956.5184,2.8304298,0.49359792,0.04461272,0.09196311,0.061903805,0.14055465
0.6361715,1845.9757,1.4433147,0.63041264,0.056935642,0.094085746,0.066766396,0.101464204
0.687473,3497.8042,2.8872817,10.023378,0.13010234,0.07549879,0.050000474,0.03297617
0.6616078,3216.445,1.8259665,4.4916987,0.08040024,0.033995382,0.055210866,0.034242813
0.69106746,2499.7517,1.4698565,3.0888734,0.101298705,0.07943712,0.07946931,0.05357472
0.66029567,2955.4534,0.82921106,3.7315426,0.07611472,0.1178568,0.12062564,0.070093654
0.66368455,2808.085,1.0494682,3.583495,0.079635985,0.12137232,0.11638152,0.07683704
0.67181575,2917.2236,0.5248858,3.3662732,0.09108497,0.11627438,0.11561258,0.15012392
0.64431,3328.7183,1.2236794,3.6559377,0.108993255,0.038595185,0.05473639,0.11681519
0.64339715,3429.3674,2.650217,3.8033888,0.10739497,0.08122816,0.052230254,0.08398837
0.65653825,3655.7332,3.1875353,5.671112,0.14439267,0.07198807,0.03573851,0.102717765
0.5912478,2552.2544,0.66487056,0.96483016,0.1401281,0.10648234,0.05933891,0.081337094
0.59881645,5637.467,1.244346,6.950695,0.25432605,0.21663494,0.03774567,0.1074307
0.6708681,3722.6074,2.424996,8.813105,0.09868288,0.12689471,0.05722696,0.24357212
0.6680771,3847.3987,2.8379228,9.129932,0.09239921,0.13231172,0.06091781,0.2135786
0.6037022,3027.395,1.2180158,1.8579872,0.102743015,0.07332006,0.07181789,0.08785839
0.561196,4878.4985,2.935344,3.5722487,0.08740526,0.04836543,0.06782779,0.06889016
0.6833405,2611.8042,0.2562846,3.6054754,0.08286718,0.06627628,0.03917777,0.07915973
0.59848523,3878.4148,4.1152787,3.4371574,0.047159247,0.080351084,0.12644204,0.17536701
0.704828,2332.6887,1.4929019,3.5127523,0.08332632,0.09708325,0.08363398,0.2712558
0.687744,2513.1292,1.0108681,3.2847075,0.07898518,0.076551005,0.07780777,0.14146681
0.62783337,1762.6979,1.2275333,0.5653002,0.11843348,0.088774964,0.19045322,0.083037764
0.7142527,2624.9045,0.87556297,6.6518774,0.2517168,0.052862536,0.12488174,0.069963574
0.7063748,2689.6746,0.73836493,6.3791265,0.21352854,0.046690807,0.12755609,0.06566815
0.6837992,3038.5586,0.44325298,5.4476967,0.20975359,0.051011853,0.13880691,0.07893881
0.6267143,5240.339,3.7291276,9.661002,0.1013202,0.082285315,0.060870524,0.05448087
0.6108419,5434.3584,3.6170247,8.765646,0.07914595,0.061307624,0.04745896,0.051536493
0.6744404,3686.3643,2.128236,9.21168,0.07461559,0.07841021,0.0699678,0.045736138
0.62064743,3164.4817,0.20649843,2.2985435,0.072958805,0.118054025,0.040871147,0.024423547
0.66440856,4085.9387,0.19023561,9.401483,0.087880865,0.08438448,0.038990937,0.061091837
0.61778456,5453.6006,0.12610556,9.260043,0.07510251,0.06814629,0.073843256,0.070618264
0.6341299,5043.691,0.0817479,9.541776,0.07074092,0.094130546,0.039512705,0.044505965
0.62955964,4620.586,0.23768105,6.49793,0.12629543,0.14332916,0.091270834,0.049818285
0.7043552,2478.3867,2.216212,4.652479,0.09628627,0.048206076,0.065515414,0.11141559
0.6629995,2634.4875,2.6650074,2.6088312,0.079771265,0.06203901,0.07733035,0.13874826
0.5857595,4516.8794,1.4490867,4.137335,0.12774886,0.030398887,0.08537075,0.14794284
0.6413722,4499.4854,2.133121,8.223995,0.10939162,0.08774087,0.064482056,0.13793387
0.6156038,5158.0625,2.2776327,8.338221,0.09834407,0.09037476,0.05754715,0.20226102
0.6337034,4146.0264,1.3989347,6.526908,0.10759739,0.059869777,0.113531396,0.12940511
0.59879416,3944.8652,2.5635335,3.2453353,0.05721213,0.03438622,0.08400451,0.13777003
0.6622485,2954.3337,1.5874996,3.5619032,0.048652306,0.037704952,0.1134621,0.19690499
0.58518994,4382.2075,2.2462583,3.1961803,0.07120832,0.07125144,0.368676,0.043028466
0.69453657,2532.5422,1.5499501,4.470988,0.0885379,0.063845836,0.18065037,0.13826708
0.62463355,4597.154,1.9273604,6.7427373,0.07617561,0.087608784,0.05863643,0.038084064
0.7070053,3101.664,2.0062976,11.053969,0.07876535,0.042525366,0.041094393,0.025601413
0.6155425,4443.7686,2.064769,5.095874,0.047231272,0.059038132,0.06043948,0.049630605
0.669871,2570.4077,1.9404836,2.409593,0.10228141,0.09128271,0.1131647,0.054505773
0.6210833,4479.539,0.993241,6.2592196,0.044109035,0.05264795,0.08665781,0.037368026
0.6655441,4231.5703,0.42577738,11.313142,0.0757208,0.062340997,0.079616204,0.03162542
0.67026603,3801.9817,3.781058,9.351911,0.15840659,0.035331693,0.13672961,0.041127346
0.5395577,2591.024,1.7814134,0.6226728,0.09127368,0.17032455,0.053617194,0.0658137
0.75354236,1749.0836,2.362747,3.3649192,0.07414984,0.044798076,0.050357442,0.024198465
0.6803957,2563.3108,0.9942728,3.1180162,0.082905956,0.049884107,0.06502765,0.034185402
0.65437037,3315.583,0.43958056,4.37481,0.0878984,0.06053701,0.10005437,0.034506474
0.65015125,3683.8806,0.14036433,6.2146387,0.07682409,0.06869518,0.11087271,0.04394831
0.60160524,5201.8833,0.32117635,5.849098,0.08525613,0.06768587,0.12091963,0.036551017
0.6908489,2598.358,0.17978817,4.2799873,0.1120913,0.03518716,0.09594368,0.041780986
0.6127725,4486.3066,0.7435946,5.3412037,0.07847463,0.16424096,0.16349131,0.040978182
0.6642486,2482.8584,3.4570134,2.1415024,0.05132128,0.077797994,0.04820255,0.05689709
0.59454846,2420.7097,0.6811048,0.8580899,0.07906617,0.20123105,0.04329492,0.07242477
0.6598615,2561.562,0.74429613,2.365361,0.036910325,0.10215278,0.09298234,0.09687499
0.65912235,2575.6248,0.78358924,2.2928612,0.03786571,0.10553418,0.09120034,0.09733376
0.7157725,1702.5388,0.6692615,1.2797751,0.031100504,0.11731031,0.07880727,0.063716084
0.71398365,1771.0774,0.7467745,1.464277,0.03811562,0.16045661,0.08797457,0.052327253
0.64765006,2107.9048,2.9994032,1.0272893,0.08146539,0.16129369,0.06255995,0.037550207
0.6326442,2882.8027,1.1942891,2.1482508,0.052586664,0.22829014,0.07264789,0.12672703
0.69860166,2529.748,2.603055,3.8794336,0.061063558,0.1935076,0.05046919,0.076695345
0.66814935,2704.4297,1.8857454,2.83573,0.07106255,0.13552412,0.057395,0.06539896
0.68963814,2389.719,1.8597625,2.676443,0.08185045,0.13433199,0.06731274,0.05551587
0.63300675,4764.119,1.669008,8.958058,0.11447032,0.06018526,0.03840366,0.28692448
0.6936728,2232.4446,2.5581157,2.3661306,0.08202158,0.07396388,0.19122492,0.019929137
0.6462141,3355.2632,1.7094078,4.176365,0.036079194,0.08309688,0.04635565,0.082666986
0.66683203,2749.6577,0.9383496,3.1168742,0.045402024,0.09160934,0.052604847,0.035166897
0.66507286,3660.7358,1.1020023,6.512773,0.058435757,0.07456821,0.04833932,0.07593013
0.6849274,3192.7556,0.9080283,6.9210267,0.060246766,0.049271174,0.04490379,0.11543479
0.6832259,2743.4587,2.0284019,4.1765223,0.05210969,0.30357102,0.073870845,0.04306087
0.706283,2205.1545,2.478646,2.7263036,0.08416988,0.05040841,0.045523934,0.05825574
0.73362935,1680.4814,2.2263746,1.7423813,0.079743624,0.055128567,0.044961724,0.062088493
0.67734873,1560.0775,1.931658,0.58001727,0.08144456,0.04529888,0.04454194,0.06976482
0.5937143,2310.8762,0.59128034,0.7803109,0.06268988,0.030224163,0.055021077,0.076803766
0.71415234,1801.3125,0.1838254,1.5639911,0.03729264,0.07189796,0.043425437,0.055005126
0.5321795,3965.8293,3.7118535,1.7100277,0.0703204,0.061504625,0.1535301,0.10913388
0.64450705,2757.6155,1.099495,2.3837175,0.055754006,0.094682366,0.1667662,0.067743495
0.6917367,2826.3696,0.9570245,5.1218834,0.051233757,0.114970826,0.237865,0.08068023
0.54672045,1579.1716,2.9339223,0.2535467,0.077721275,0.31815538,0.15634479,0.10015103
0.46649024,1287.2808,0.99305683,0.06358381,0.06769052,0.13012482,0.058754653,0.08147134
0.4894117,1309.8492,0.74232537,0.094226584,0.06712965,0.11107935,0.057598047,0.074703716
0.5854135,2345.425,3.4985013,0.7725284,0.0580403,0.10302916,0.10266598,0.054321736
0.59944534,2150.6108,3.5327938,0.6690446,0.060124338,0.104625836,0.10210182,0.05354803
0.61967003,2198.513,1.9566429,0.91060823,0.053564798,0.07691851,0.1295493,0.045331717
0.71598524,1717.2988,1.9394332,1.5513817,0.07921303,0.05944396,0.058590498,0.058594465
0.7519765,1655.1316,2.623807,2.3108954,0.108234644,0.065461785,0.06577991,0.061986953
0.7384608,1956.5571,0.61237866,3.6734862,0.18838812,0.04481765,0.0889499,0.061216645
0.75445336,1794.2372,1.0994589,3.2526712,0.19884951,0.057030022,0.13706525,0.033270497
0.7470076,1915.3333,2.4575596,3.8280184,0.15197456,0.050204657,0.08182947,0.03127996
0.5307939,5430.39,0.31651124,3.452291,0.057210017,0.06361336,0.10300384,0.22290732
0.7209024,2102.2363,0.08785203,3.2574613,0.043053478,0.076996714,0.15211172,0.07981893
0.53684044,5290.6704,0.09485092,3.349186,0.06391928,0.040238947,0.10013141,0.14522137
0.6558819,2959.529,0.45491374,3.105576,0.064187154,0.12614672,0.043244846,0.12276883
0.6489527,3014.3003,0.2142988,2.8898323,0.098809846,0.10504995,0.06482589,0.02480353
0.6401659,4074.8926,4.431354,6.476168,0.11142007,0.0792183,0.13859642,0.12361713
0.6516822,4311.2266,0.09596203,8.070359,0.070644416,0.10729365,0.04882801,0.12439977
0.6664123,4239.0884,0.07289467,10.74054,0.07147427,0.104118995,0.053647183,0.14791778
0.6060715,3366.3972,0.1418367,2.2917938,0.060435876,0.06944968,0.09240478,0.06104238
0.6517038,3666.89,0.048439167,5.5375056,0.057870865,0.07420753,0.09993417,0.050481584
0.6522688,3496.884,0.050396003,5.2043724,0.0566132,0.07371725,0.105637416,0.049412556
0.68544286,3926.617,5.8582945,11.913404,0.054346323,0.091289245,0.07497203,0.09116827
0.68685246,3831.5457,2.0337658,11.881561,0.056056652,0.08736813,0.073309556,0.07805591
0.63348156,5001.3066,1.3124387,10.347607,0.04725738,0.060760356,0.048529,0.10166773
0.65535665,3308.4534,2.7872434,4.8120775,0.07300187,0.062260315,0.060015135,0.07730123
0.70803493,2374.5923,1.3552121,3.946842,0.07452753,0.049180757,0.0788664,0.06506387
0.60284066,4821.2,1.1282264,5.286771,0.0974975,0.122850426,0.048098642,0.08071347
0.6579789,1823.1581,2.9480064,0.76954335,0.057597168,0.08923538,0.047359888,0.050812963
0.57874835,5071.47,0.9620292,4.3301,0.18039203,0.2562083,0.043616097,0.10739948
0.6455976,2323.0466,1.7850785,1.4257584,0.0915823,0.12718345,0.0695889,0.10211279
0.6352982,2252.4402,1.974494,1.0969576,0.109874815,0.15822117,0.0695789,0.09188224
0.6153627,2076.9812,2.6127331,0.6814768,0.09554058,0.101219445,0.088616505,0.12748851
0.5668629,7016.556,0.6574084,8.700493,0.149999,0.049135767,0.09624794,0.15598722
0.73646164,1417.9122,3.2502973,1.0281101,0.10201144,0.05018454,0.10135622,0.044104178
0.59308547,3492.2197,0.97818696,2.0634696,0.1183615,0.07736389,0.03794172,0.032238055
0.70099,3147.264,3.082875,8.990161,0.060839314,0.047085624,0.07094987,0.048395697
0.65713775,3705.0088,2.9973056,7.3550615,0.06493187,0.028900512,0.12658715,0.04585044
0.5634394,1983.2856,1.0247152,0.42538863,0.17553513,0.3040821,0.21247968,0.11845142
0.658265,4150.0728,0.028568365,10.564782,0.06780789,0.0402362,0.075448565,0.084996894
0.53060186,1981.6565,4.6678944,0.33922082,0.073197275,0.11652562,0.061236262,0.04232039
0.57321316,1714.6455,1.117315,0.3403057,0.08154762,0.0996771,0.07770529,0.03347672
0.6614725,4353.8335,0.34718812,11.595384,0.047408387,0.0668679,0.090686806,0.1021425
0.59474444,2403.989,2.5296037,0.8107333,0.14165618,0.05690968,0.08348945,0.06703019
0.6371357,4871.4995,2.4988859,9.687624,0.02799911,0.086465076,0.07851113,0.07069235
0.63247246,2757.2446,0.63474935,1.9894848,0.09034985,0.069453,0.038124572,0.05187928
0.6062677,4171.838,3.0806174,3.7467709,0.15460262,0.22571419,0.069951385,0.12793857
0.6277054,3610.4956,1.710097,3.9358537,0.12379512,0.059696924,0.0844523,0.04659301
0.657853,3023.308,1.705942,3.8550925,0.052298836,0.045963712,0.052302755,0.1641901
0.66383415,2605.677,1.7786007,2.7866976,0.049787235,0.05680538,0.062595144,0.15671135
0.65359175,3387.5107,2.5973155,4.791702,0.055851392,0.041745767,0.04737912,0.13742037
0.65668243,3652.5413,1.6620592,6.419779,0.09209629,0.068277076,0.20932049,0.17100108
0.66423774,3908.5608,0.9393339,7.7003093,0.13563119,0.12249583,0.13388713,0.0626743
0.71252555,3110.179,0.562968,10.286449,0.06634578,0.17719156,0.08501074,0.07928231
0.590072,5124.8984,3.890929,5.1240854,0.044253018,0.07776144,0.041799378,0.13465777
0.5857984,5105.35,3.9573832,5.341877,0.044579018,0.07580431,0.040848136,0.13601688
0.57023644,5546.793,3.7016628,4.9922357,0.043455742,0.08665849,0.041167315,0.16665156
0.65900946,3747.501,2.3827488,7.0638013,0.06928433,0.12181468,0.032961406,0.17980939
0.66020477,3835.2366,3.1378686,7.4932213,0.092961,0.10568818,0.03685924,0.14301471
0.6613032,1671.2874,1.1759098,0.57655144,0.17539747,0.08499586,0.06528872,0.1178982
0.5733874,3281.4773,2.450446,1.5253781,0.1075302,0.07704859,0.09219777,0.12444589
0.70197767,1937.9061,2.5486157,1.7065978,0.031230954,0.15960073,0.038876317,0.072156444
0.6481373,2312.9094,1.629214,1.3251557,0.03083379,0.15995723,0.0336726,0.071568504
0.6294185,3796.5254,2.1366596,4.614839,0.13159831,0.035941962,0.1669113,0.3730276
0.5195828,2845.2932,1.7175943,0.77187145,0.046250995,0.17874175,0.17276312,0.0822563
0.6841377,1680.5114,2.9859679,0.82529145,0.10155571,0.14237213,0.093933895,0.12104845
0.7099311,2062.6052,1.1561967,1.9557866,0.10919064,0.18963099,0.12684393,0.15385208
0.5788268,5143.1777,1.6685913,3.839403,0.15560049,0.1626666,0.056660675,0.06702197
0.64914364,1954.7125,0.03684409,0.96663487,0.047916893,0.040311243,0.07533606,0.054015335
0.69628763,1636.4904,0.045616508,0.8942321,0.06808222,0.054129153,0.078917906,0.047345348
0.667379,3683.9456,3.461874,7.5917034,0.03186635,0.083976716,0.030489653,0.08133486
0.6542864,3969.126,0.69628173,6.985029,0.062335066,0.158499,0.05883426,0.052393988
0.62571996,2621.981,0.009211127,1.6868685,0.04889967,0.042168494,0.11586311,0.1704711
0.6194417,4439.0576,2.1296618,6.1285977,0.04891337,0.060040995,0.089849405,0.06681143
0.67228216,2878.7449,1.2677895,4.064942,0.093946055,0.07365176,0.04743689,0.4487969
0.64109856,3219.1638,2.3401,3.7169733,0.03403022,0.0440508,0.07441865,0.25240695
0.74670047,1935.7433,0.5360833,3.2653918,0.08708833,0.046137393,0.05411388,0.075945795
0.72545975,2071.3252,0.8193598,2.7851825,0.10891236,0.11057361,0.055430457,0.07084383
0.6615735,1893.085,3.329941,0.97237414,0.14813471,0.06300936,0.038642015,0.13753906
0.6747719,3632.1282,0.79338294,9.092626,0.17434019,0.048167165,0.06086646,0.05853938
0.62009335,3237.1636,2.0506883,2.353786,0.28140903,0.12769747,0.061911393,0.06913372
0.708729,2892.4116,1.6450185,7.8542533,0.15520394,0.28342038,0.035123743,0.035749517
0.6147705,3977.1409,0.9984963,4.0618076,0.041841365,0.12586413,0.07578062,0.052766748
0.6563787,3808.2952,3.2529154,7.4607143,0.055359285,0.10061761,0.14967822,0.04092147
0.66389215,3766.2947,1.6608971,8.238603,0.08953023,0.07099779,0.11085275,0.04075413
0.5839135,1830.6436,1.4505521,0.48120397,0.11244795,0.03792555,0.13292299,0.11489336
0.60884887,1547.1891,1.7877402,0.3345849,0.14004014,0.061221227,0.08469698,0.25627774
0.66072035,3036.3357,2.0740206,3.8261487,0.30495092,0.14135575,0.034285467,0.28947848
0.6061568,4905.2993,1.675208,6.01714,0.23672143,0.15396968,0.06443182,0.14882597
0.68269515,2315.4807,1.6186794,2.2155619,0.09105244,0.10392116,0.06408371,0.1413238
0.6794735,2756.785,2.1575806,3.9719322,0.19168851,0.061990634,0.05905172,0.032379836
0.6500774,2767.1487,2.7994022,2.5674021,0.18337691,0.08614652,0.08442877,0.05387622
0.7032707,3269.7063,1.0939913,11.264238,0.12946099,0.03984063,0.049061045,0.033960484
0.6996982,3244.1885,2.2007337,10.137175,0.14181852,0.04241426,0.04482075,0.03748121
0.53917015,1698.285,1.4218029,0.25781518,0.086378515,0.09955505,0.066650435,0.11547701
0.585814,2531.952,3.218634,1.0316267,0.03600768,0.021262094,0.14641577,0.095397644
0.5477129,2507.612,1.6135556,0.6798079,0.057261627,0.031092899,0.11191045,0.10324181
0.6879573,2015.6492,1.3845809,1.6371655,0.035316736,0.09260416,0.052133575,0.07402137
0.5967094,3047.4,0.60786325,1.5886066,0.13629468,0.09728775,0.0537577,0.033864465
0.65133095,2543.256,2.1871662,1.9845834,0.084292404,0.16097268,0.038237102,0.084486544
0.62164927,2426.2722,2.043658,1.236609,0.06933575,0.05554264,0.10910115,0.039801963
0.62704176,2327.5166,1.9257299,1.1016529,0.072674125,0.05818983,0.1111812,0.04203531
0.6944366,2626.8452,0.289514,4.2676096,0.12922601,0.14161986,0.03472994,0.072212756
0.6678315,1857.4124,0.06491435,0.9502819,0.15433738,0.11853196,0.14163983,0.03409154
0.6440874,3964.0063,1.9597883,6.0298195,0.058610268,0.15139158,0.026819875,0.11565189
0.6486685,2945.5454,2.4335968,2.8486755,0.049914457,0.18332177,0.05565027,0.1660834
0.55940634,3258.2947,1.4786786,1.362448,0.12298269,0.09388309,0.11801258,0.28355908
0.49361625,2574.9614,2.5505085,0.4910559,0.13086255,0.07894404,0.13045071,0.44056797
0.7172856,1584.7448,1.2605124,1.1792388,0.15401378,0.05075999,0.048114195,0.20992032
0.7432382,1602.6881,1.0477612,1.8720913,0.243094,0.05320451,0.051960185,0.07221009
0.5802305,4541.6064,1.3080416,3.0460298,0.07201964,0.24759509,0.072381355,0.06878182
0.7214968,2197.616,3.6795197,3.9453511,0.074426495,0.2762712,0.05396131,0.06943332
0.62173444,2758.8574,0.13896833,1.645231,0.051708557,0.13375852,0.06655007,0.098511815
0.6113902,3059.2898,0.1316995,1.7648723,0.051258244,0.12069178,0.06999261,0.08720131
0.665409,3481.5469,0.21485975,7.227988,0.04039874,0.10036738,0.07856922,0.08324105
0.6598713,2113.7449,4.525768,1.0180876,0.12790142,0.1298494,0.1142769,0.049713645
0.5830445,2104.988,1.1561456,0.5564428,0.15600806,0.097048536,0.047233053,0.056636784
0.6335549,2266.2996,1.7021085,1.1864539,0.10429248,0.042562358,0.074983336,0.034532398
0.6823201,1820.4164,3.8915968,1.2062562,0.11028135,0.033108547,0.09090193,0.084535785
0.66577744,1695.3973,3.032642,0.7589632,0.100033075,0.03428167,0.09074102,0.09386214
0.58036673,3742.0913,0.44816124,1.9800713,0.1671898,0.13100472,0.09930981,0.053134345
0.65633917,2651.4622,3.717278,2.4508908,0.21779627,0.09015697,0.03830982,0.065555975
0.64625806,4536.6084,0.49999005,9.893523,0.108487986,0.065217905,0.06667161,0.08825642
0.62166214,5517.55,0.18909599,9.710747,0.0745731,0.072060466,0.0719818,0.13097657
0.6412103,4837.4097,0.27891725,9.359146,0.05001804,0.09125073,0.07615227,0.16397801
0.6184815,5127.053,0.21569386,9.9905205,0.049645197,0.08813053,0.108510956,0.17630313
0.67488706,2785.329,0.23931485,2.9520483,0.09033491,0.09999027,0.060835343,0.048186325
0.6266542,4289.1694,0.5032495,5.7629876,0.06562242,0.14214286,0.0546717,0.08045811
0.6199124,4360.4062,1.8868837,5.51325,0.092508495,0.0981187,0.057897322,0.03953895
0.5845381,4065.768,1.3020593,2.7540584,0.13901743,0.09889965,0.053552486,0.04446283
0.69279915,3371.594,1.8990458,9.039057,0.055955622,0.19409809,0.04589934,0.076051354
0.528258,2975.2527,1.6239767,0.75377417,0.15663037,0.28299588,0.121049345,0.051312216
0.69271773,3542.8167,2.2268875,11.167339,0.10327256,0.051981557,0.08589443,0.030494604
0.61517704,5631.253,1.7890791,9.077473,0.14064603,0.1488827,0.04416004,0.038179886
0.65288424,4693.1406,1.2999114,11.275637,0.16695803,0.13558607,0.05998884,0.031975906
0.6373991,3276.495,1.383781,2.8616986,0.22145995,0.16198735,0.08951788,0.06924345
0.7300075,2018.4142,1.9589274,3.7191763,0.2661032,0.15676838,0.14418828,0.087413825
0.6170359,3632.711,2.4731293,3.011772,0.22571158,0.08491753,0.07193896,0.2155051
0.6210857,3597.9575,1.1226524,3.2333913,0.20120817,0.13183717,0.07564264,0.018229363
0.58683866,3963.3633,2.9768653,2.5143106,0.16554797,0.52676165,0.036146663,0.20223932
0.6428968,2507.3687,0.9069061,1.6868728,0.107232116,0.12711743,0.069033206,0.22341844
0.59738135,5712.2534,2.8559697,8.36806,0.25195006,0.036877543,0.5589083,0.094757944
0.61749566,4914.68,2.682993,8.041796,0.23551722,0.038013026,0.5689635,0.098255344
0.6001814,4576.81,1.2646768,5.085534,0.27958742,0.035437297,0.5522611,0.07016813
0.64207506,4233.4326,2.5099752,8.398276,0.28411418,0.085165255,0.25611195,0.24779645
0.5501349,3101.7266,1.8009638,1.1831313,0.15195027,0.039322287,0.08046889,0.1495231
0.70224446,2010.3412,1.8950984,2.0492544,0.08123174,0.054377466,0.07611659,0.09925276
0.4984267,1004.8107,0.95241994,0.019301537,0.08817631,0.11633347,0.08317682,0.08625629
0.5018909,1045.6532,3.1298077,0.019150706,0.042436946,0.078762546,0.06460022,0.08083815
0.35564446,1425.5017,1.6762929,0.030515587,0.29659915,0.092193216,0.11911129,0.2799763
0.3656811,1565.0647,0.13905075,0.06977925,0.56341183,0.0733966,0.10729301,0.20641975
0.5211551,1989.2137,4.9751678,0.37220478,0.22709316,0.08201088,0.15454699,0.22890031
0.6111567,1499.3729,1.434203,0.29368135,0.15443398,0.06467643,0.09041157,0.2667931
0.6122626,1444.5149,2.4244976,0.33738828,0.15726249,0.05903819,0.088954434,0.23297712
0.61225325,1469.4592,2.5892692,0.2585432,0.1568044,0.05937045,0.08986511,0.23151815
0.70300823,2574.4663,1.0578475,5.0450387,0.06231691,0.2265108,0.097396806,0.24825923
0.63345224,2771.857,1.2954838,2.3417706,0.062055964,0.039574165,0.07486975,0.1652658
0.683341,3517.102,0.63012606,8.923328,0.043652114,0.19078551,0.036093753,0.10711624
0.6142024,5548.155,0.41290474,9.333105,0.0446293,0.17183791,0.06283865,0.07153651
0.59240586,4810.807,4.73142,4.993586,0.040669274,0.12534845,0.045222398,0.05726176
0.6310847,4235.5723,3.69672,6.311051,0.04046911,0.11706318,0.04071689,0.056425113
0.6255496,4212.998,1.5648603,5.432863,0.04193548,0.08991961,0.034610726,0.049018897
0.56922823,2331.5576,1.8838426,0.63790035,0.08530761,0.05842039,0.11203618,0.055415407
0.70990574,2035.8569,1.5530418,2.5128107,0.08416667,0.08021566,0.0537139,0.13669528
0.6670544,3591.9897,0.623013,6.3301516,0.050306693,0.080700584,0.17288071,0.08349545
0.63649917,3471.0344,4.0291967,3.5694902,0.049959306,0.06783473,0.06687398,0.045505464
0.7328688,1942.831,0.82044333,2.9161901,0.054589942,0.063093856,0.085056916,0.041007414
0.5645043,4697.231,1.7048247,3.4030056,0.0347338,0.052464265,0.24571079,0.089388564
0.5850235,3015.0515,2.420682,1.506763,0.02861412,0.033938468,0.10812026,0.11369072
0.66023034,1568.8899,1.7554642,0.5177052,0.08475592,0.08635094,0.07221291,0.20366432
0.66123044,1597.5851,1.6314105,0.4462213,0.084530585,0.08532439,0.071143106,0.20162487
0.5936271,3940.6746,2.2101493,2.6660213,0.08299412,0.066435024,0.058692742,0.15455963
0.6397817,3649.588,1.9058626,5.4724026,0.061284915,0.116699465,0.061749075,0.10756389
0.6276725,3827.1794,1.6363178,5.2157598,0.0715806,0.11680407,0.07153102,0.08214986
0.6257994,4056.365,1.425517,5.7549148,0.07154753,0.14456727,0.073669106,0.08790283
0.59302217,5429.0493,0.5987884,6.018096,0.07275089,0.11342074,0.11788617,0.08478614
0.6752498,2332.4167,3.4528239,2.035266,0.2294141,0.069791995,0.09258188,0.080783956
0.5315567,3773.938,0.3135499,1.2035706,0.20323487,0.09235096,0.0875676,0.059596725
0.5429601,4062.0583,0.4076769,1.6313924,0.1711084,0.11463222,0.0551183,0.040848244
0.6905811,3447.365,2.1254337,9.978396,0.2823398,0.13627464,0.04756948,0.15261775
0.6962323,3142.2468,1.7869099,8.318343,0.24593505,0.12094875,0.053423405,0.11486279
0.39126536,1351.0876,1.4169786,0.025204511,0.188429,0.22042435,0.049272634,0.10131672
0.7298947,2712.7556,2.70788,11.10918,0.21183884,0.05436767,0.059386604,0.047057725
0.6384215,3362.3152,1.1248951,3.3239152,0.13280135,0.07147178,0.072101586,0.048710097
0.67104906,3108.0261,2.2857873,4.880954,0.12601703,0.061249755,0.09842387,0.030112483
0.6788499,3802.4595,0.100855365,11.380283,0.05741123,0.040121116,0.023773871,0.03094831
0.6528898,4539.66,0.110360734,11.420383,0.04699022,0.043781847,0.02743556,0.030603718
0.6817931,3764.6582,0.5812414,11.664246,0.072686404,0.0816532,0.044687517,0.061842732
0.66182935,4247.889,0.36171684,11.22496,0.046728358,0.061559215,0.04926246,0.064226665
0.6548272,3979.2563,5.894013,7.550329,0.032624636,0.055342313,0.043967534,0.06236114
0.64347875,4481.4053,0.020450836,8.873129,0.0762742,0.08228853,0.06691248,0.036404464
0.69541526,3529.3047,0.06302332,10.837652,0.047041032,0.1496599,0.05835495,0.0565801
0.68996555,3597.9165,0.8288392,11.173114,0.062618054,0.08437176,0.10695873,0.07235007
0.6118809,5679.351,3.1217344,9.787075,0.057542976,0.05986805,0.067321084,0.051335633
0.616146,5324.287,2.4219632,9.017211,0.057644315,0.08330079,0.06312737,0.042373598
0.6618504,4109.097,1.8375691,9.472454,0.10517288,0.04619108,0.08180176,0.037091717
0.6812627,3514.4639,1.9872913,8.705039,0.10598553,0.07032509,0.13092515,0.065288566
0.6745266,3525.6252,1.8753957,7.540669,0.11361184,0.077113286,0.13294435,0.07098029
0.60715556,5150.7144,1.7557229,7.465348,0.05888767,0.045394763,0.12909274,0.09486347
0.6169565,2322.4526,2.3500729,1.0234042,0.07671501,0.116209865,0.03896936,0.07306243
0.635773,5071.8535,1.4048499,11.079426,0.073988855,0.06919594,0.113730624,0.07158579
0.6237559,2294.173,2.775594,1.0332013,0.037313193,0.0587647,0.06291599,0.06280859
0.6023534,4768.402,0.6223174,5.2355537,0.1020766,0.10343386,0.060497854,0.06496183
0.5530273,1170.1593,0.16781853,0.08797681,0.043491513,0.15803066,0.16978462,0.14947097
0.5298153,1204.3881,0.20039646,0.07728324,0.048140585,0.14635067,0.15654966,0.13945611
0.5087644,1543.523,4.15522,0.18013084,0.07991566,0.22949372,0.079973966,0.048320305
0.58279294,1913.0275,1.4061033,0.45346892,0.07724128,0.14883384,0.07707372,0.039940838
0.6295274,5354.9756,3.0682821,10.474997,0.046155587,0.16321014,0.05728152,0.08416705
0.6023644,5891.495,3.7395546,9.162577,0.04789317,0.1407497,0.05488334,0.05915814
0.7266566,2685.284,0.4907753,9.564872,0.1351454,0.037501734,0.050734133,0.069248766
0.7368921,2510.4092,0.9601158,9.321643,0.12500608,0.039011534,0.055975586,0.075371385
0.67489356,3869.273,1.5119486,10.4333,0.09701406,0.02725051,0.054342035,0.07496273
0.54976195,2480.1821,0.99441427,0.66644955,0.1521248,0.30588967,0.08887462,0.10791004
0.6407256,4783.13,2.5682483,8.904896,0.29138792,0.33815014,0.047526672,0.26749006
0.6409856,3846.333,2.6570632,5.6499014,0.39450067,0.30404,0.03292579,0.355856
0.6046853,2971.371,1.4855497,1.5941691,0.12102075,0.06746549,0.38784033,0.021200871
0.83131677,1071.4512,1.6657735,2.3113332,0.11783528,0.054644857,0.14489621,0.0727386
0.80181074,1501.8245,1.3529682,5.3654923,0.087170675,0.07458386,0.06302201,0.09736702
0.3836952,1259.2498,1.830095,0.022084994,0.092880026,0.049939964,0.13930483,0.09412173
0.373166,1339.5739,2.0420203,0.03062725,0.13315724,0.052173253,0.18085542,0.07145969
0.710951,3142.6443,2.410366,11.793348,0.07885826,0.10679588,0.04755657,0.113073036
0.68717307,3715.4058,1.7213544,11.423027,0.22397508,0.05536145,0.04076101,0.032032073
0.62968236,2334.3057,1.4659302,1.084999,0.1823625,0.1633176,0.13417731,0.0460905
0.6021917,2147.6204,0.29708567,0.6808913,0.17656028,0.19655576,0.13012955,0.05539154
0.6390214,3361.19,3.7368083,3.5899658,0.21973543,0.092944145,0.07087117,0.027262187
0.68224794,3107.6843,0.36949813,6.3360424,0.121853195,0.041929934,0.047182705,0.06573349
0.6184545,3751.559,0.24625996,3.2452269,0.07255662,0.08708206,0.14718884,0.07123701
0.56581867,2807.5515,2.0547323,0.9773818,0.06171724,0.05100874,0.21911454,0.08516727
0.58355886,3827.1926,1.5794652,2.6643004,0.038319103,0.089423805,0.05993626,0.14268987
0.6829687,3660.5427,2.2881377,9.914637,0.03180565,0.096060574,0.18921188,0.20601654
0.7602832,1912.607,2.7638137,5.38263,0.1349454,0.05697604,0.06616542,0.037231483
0.72802705,1894.1569,2.8829181,2.6363738,0.12172064,0.042901795,0.06756239,0.037636586
0.6319672,4291.0605,1.5314561,6.2308965,0.111358196,0.06794642,0.061045114,0.05680744
0.61317456,3005.4172,2.5589733,2.0015466,0.10253631,0.13401878,0.04303998,0.1528751
0.6535573,2926.0386,3.5115578,2.9295259,0.089991435,0.1359061,0.074559234,0.18090904
0.60728735,4700.037,0.6921111,5.7183585,0.10074361,0.06614609,0.043755278,0.09590716
0.6232735,1991.976,2.7930746,0.7158295,0.055859476,0.10092199,0.077012435,0.058824696
0.54951334,1615.3822,1.1415032,0.25648543,0.037141867,0.04155156,0.6739651,0.06592704
0.6301731,2396.9336,2.287303,1.2782422,0.03735274,0.058011234,0.47288525,0.037855364
0.6413974,1876.9855,1.3101038,0.74106646,0.04422605,0.06199251,0.41596234,0.048269767
0.65686816,2344.5205,0.90935355,1.6797634,0.12123243,0.0759266,0.057121236,0.056496106
0.73125875,2188.602,2.2586782,4.735563,0.11404536,0.080800846,0.06119658,0.03816753
0.60563177,2305.7922,2.1949224,0.79317087,0.17493166,0.1271474,0.10642186,0.03689438
0.62236506,3304.728,0.15879612,2.7260823,0.15847631,0.085032284,0.08986738,0.04780492
0.65919393,3452.0222,0.09151471,5.453144,0.11424525,0.07459503,0.077902846,0.081403345
0.60681385,5490.241,0.50686514,8.415628,0.10422358,0.09470254,0.08160365,0.07427054
0.5905196,3821.9373,1.3782436,2.5340276,0.0716543,0.11201017,0.059410438,0.0737695
0.5390762,3670.7822,1.484589,1.42107,0.07309595,0.115927406,0.0579743,0.1231253
0.6796107,2212.2725,1.873733,2.039028,0.06663935,0.22449708,0.037730344,0.14481089
0.6646207,2522.7686,2.0884862,2.2573266,0.081480816,0.2502582,0.05346594,0.05554672
0.6369585,4406.1953,1.3117939,7.1097155,0.06722395,0.18832983,0.08320169,0.06757045
0.6490398,3468.095,0.5938795,4.5563993,0.047209263,0.2462355,0.106627524,0.0631513
0.58850527,4131.2734,0.4863755,3.3893466,0.13144839,0.073747665,0.05325248,0.19226609
0.6738339,2735.8484,1.5688268,3.5210812,0.055362202,0.30941555,0.06122565,0.26689878
0.6111014,3749.8333,1.8769294,3.6904433,0.08086398,0.0666536,0.19655207,0.078352615
0.61824465,1782.8752,0.8875647,0.50535303,0.09103964,0.057624515,0.09292042,0.054758113
0.6592193,2287.3535,0.5288645,1.5409871,0.10653107,0.09317921,0.07964751,0.061398096
0.68142796,2899.4617,0.36212236,4.448966,0.040106952,0.09436415,0.06638817,0.053248607
0.70259994,2374.3936,0.3533475,3.2433858,0.04696082,0.10687764,0.047725827,0.055686574
0.6197368,2225.21,0.23714393,0.90785897,0.04216709,0.15734029,0.038999464,0.06521888
0.6477455,2461.8506,4.4521737,1.830666,0.048256837,0.07080212,0.08806867,0.112786606
0.6070598,2721.7,0.25616708,1.4235861,0.039255023,0.058871947,0.091028176,0.19120608
0.5947558,2828.587,0.31351516,1.4682117,0.041314796,0.06264653,0.09031241,0.20546529
0.649398,4225.454,0.03880166,9.139523,0.0702215,0.04963657,0.13649945,0.058963664
0.6548124,3678.8367,0.1947341,6.4232826,0.053194046,0.08989989,0.08343606,0.073117755
0.6846763,2974.8853,4.509258,5.8344736,0.21444343,0.09917083,0.056409333,0.07561035
0.54707485,4622.47,0.13928999,2.240693,0.5525772,0.069120705,0.057388227,0.063881665
0.7630007,1748.9104,4.774675,4.134746,0.12544268,0.0795179,0.068314575,0.041467745
0.78531426,1827.6442,3.096744,7.749283,0.13422759,0.08343659,0.04748585,0.0419721
0.5699025,4487.848,0.8533954,2.9592717,0.20862259,0.046341572,0.06428001,0.11747079
0.6898676,2153.5732,1.1287978,1.9521632,0.08903334,0.17881897,0.040772438,0.02901629
0.66426086,3203.5784,2.2172034,4.507476,0.105866276,0.09595791,0.14348657,0.050854024
0.6446864,3641.2305,1.5789934,5.3221126,0.09285243,0.0980806,0.1024404,0.067327715
0.6278599,3280.9531,1.5475961,3.0010562,0.085451,0.092451945,0.04003755,0.18684131
0.6297865,4563.761,2.8413463,7.778852,0.08986331,0.068735495,0.08852921,0.24170676
0.5946675,4360.191,1.1392999,4.278672,0.07736397,0.045717068,0.04972908,0.1349084
0.65056276,3125.1562,3.585154,3.3371189,0.05904358,0.11439693,0.29327032,0.042846944
0.66085523,3645.3562,1.8745036,6.5115094,0.08111104,0.04494716,0.2702948,0.036444306
0.69933116,2949.2202,3.314395,6.7092457,0.0480651,0.24889319,0.027736712,0.09762278
0.6241101,4211.6064,1.0217868,5.6474953,0.034382664,0.12343765,0.07083083,0.064185016
0.6568444,3013.1675,1.3035929,3.358336,0.076603316,0.40572774,0.056214552,0.080564514
0.67556393,3351.5232,2.9815862,6.118593,0.032655835,0.14981781,0.05426637,0.048086192
0.63220316,2711.4976,4.161018,1.8604629,0.024105124,0.18312679,0.044542376,0.037617054
0.6231062,2563.6147,2.5990126,1.4202654,0.024623955,0.1828214,0.04248179,0.036446452
0.6159451,2122.016,1.4304279,0.77552205,0.047466137,0.10142819,0.075013556,0.038535763
0.72185403,2174.8494,2.3835244,3.5063212,0.046568334,0.1192983,0.06763901,0.069504805
0.6126444,4741.728,1.4659909,7.002491,0.048835974,0.0822933,0.049984504,0.10592207
0.6731567,2642.8923,2.4146414,2.862505,0.055490874,0.06173132,0.11793548,0.13911718
0.48251355,1388.3895,0.34775656,0.11163301,0.05897006,0.082302324,0.05435367,0.07571093
0.52579415,1552.7523,0.058667336,0.20869589,0.10684918,0.07289503,0.070654005,0.084753536
0.5159846,1773.7036,0.07024258,0.25257903,0.09949595,0.06851653,0.060411386,0.090304114
0.45413062,1463.4044,0.18958476,0.10603411,0.08337371,0.058608003,0.07296204,0.16318066
0.64293283,1683.6708,2.023444,0.5241339,0.04688447,0.05731294,0.04470657,0.07903983
0.6814502,3247.9717,1.1780301,6.295553,0.036563672,0.05429501,0.056414537,0.03746964
0.6265238,3806.4973,2.6373968,4.5573926,0.083183184,0.04625749,0.052358124,0.07370342
0.6842279,2540.5942,1.085517,3.0639105,0.064559296,0.13970037,0.10632941,0.033653114
0.63956493,3344.41,2.554087,3.7412186,0.09031583,0.12552762,0.07865924,0.04362111
0.718639,2871.9355,0.359871,10.127249,0.08591896,0.14184698,0.049478043,0.06470826
0.61552596,6179.997,0.2703611,11.971603,0.11824056,0.06838173,0.05851196,0.029757539
0.70191073,3224.317,0.74994177,9.822789,0.051914293,0.08051213,0.048598237,0.09853993
0.69770765,3197.4436,0.7709701,9.1911955,0.05185844,0.10627008,0.05264084,0.085628085
0.658797,4031.8987,2.7571244,8.362815,0.049757734,0.05522681,0.08913098,0.033310976
0.63377213,3565.8403,0.99765146,3.8041234,0.03211943,0.16417828,0.026507275,0.111443266
0.62854654,3582.7817,0.8921527,3.6776285,0.03354856,0.16298865,0.025991783,0.11262603
0.7119852,2248.204,2.2180378,3.0797038,0.04623931,0.16065107,0.04194689,0.07486861
0.5850855,3417.9353,2.1071134,1.9400775,0.05599367,0.090239614,0.23917432,0.083828166
0.62903416,1883.1677,1.790214,0.61397254,0.032287873,0.061499156,0.36760575,0.074551925
0.57082,1983.4376,2.6284726,0.46979398,0.033578712,0.099779345,0.32476228,0.08627221
0.64395285,2498.3997,0.0167641,1.6824958,0.0989912,0.03600658,0.03740309,0.037386857
0.64334077,4263.662,0.20184202,6.6233554,0.10172667,0.16924822,0.11528533,0.072948486
0.55538374,4899.1494,0.36159942,3.0121026,0.093257084,0.16143598,0.106827356,0.11251183
0.69354415,3452.3252,4.234356,11.100906,0.09628097,0.111625634,0.10424368,0.13584997
0.7211294,2897.0435,0.92015755,10.509744,0.10861035,0.13205735,0.13534829,0.12966205
0.4984284,3846.6562,2.9463506,0.89729536,0.14520936,0.5937483,0.04129141,0.06262806
0.7080142,2952.9353,0.9938969,8.601313,0.20334227,0.15228157,0.048729066,0.030679857
0.6274325,5128.94,2.0149224,9.499855,0.063863344,0.06524951,0.087171614,0.14597224
0.72613096,2918.9087,2.4581962,10.5390005,0.037053674,0.07115883,0.07401491,0.12742527
0.5452856,3263.8723,1.4172134,1.2297283,0.07059117,0.068689644,0.48105082,0.13498864
0.5638614,3451.2485,3.040306,1.5614854,0.0670052,0.0809186,0.3971448,0.1265234
0.6447359,3041.506,1.1508613,3.1950176,0.05582618,0.15488797,0.11105353,0.07036266
0.6225917,1881.656,0.29201517,0.53223026,0.06842101,0.10428659,0.08306885,0.06644424
0.6423904,1929.9014,0.33776325,0.7131088,0.07547487,0.103841685,0.08224234,0.06734573
0.60028213,6403.8003,0.17736848,11.518423,0.12705931,0.05168885,0.11797825,0.107890904
0.58580375,7036.057,0.495269,10.870755,0.086914696,0.03804159,0.054102745,0.13178076
0.6978214,3049.9229,1.9827995,8.570675,0.10588031,0.07201594,0.137196,0.08266013
0.47576123,1391.4482,0.06578686,0.09852253,0.08079201,0.048279148,0.058132436,0.041882224
0.47674844,1327.6418,0.41528988,0.09132127,0.08699171,0.042252216,0.07695797,0.04291171
0.655012,2963.2944,3.3809521,3.103718,0.05122544,0.16370441,0.29330173,0.08864136
0.6260964,4522.9014,1.3993931,6.806078,0.042295404,0.13407438,0.10587862,0.039783046
0.6341252,4465.956,1.1339184,7.7813673,0.038776584,0.13516031,0.10679868,0.055039536
0.6344008,2433.8987,1.3011049,1.4618853,0.07079686,0.08429783,0.14498088,0.05447818
0.6006936,2537.8877,0.4557198,1.0683534,0.07023185,0.067169,0.09925139,0.04444693
0.61274457,2046.1735,0.7065671,0.7036208,0.07749308,0.06454789,0.059287574,0.0818709
0.68177646,2200.5815,3.3423355,1.9335958,0.03506045,0.04855769,0.032184757,0.28758985
0.6314286,4146.6694,0.09789713,5.763786,0.08866097,0.0507172,0.07946296,0.14306483
0.68435323,3158.2744,0.05444678,7.030747,0.08498117,0.082411185,0.07437395,0.15159714
0.6712344,3438.609,0.0668151,7.0636287,0.091176,0.071914956,0.075091645,0.13347264
0.66340184,4279.2515,0.08083535,11.208866,0.040916424,0.10436882,0.05771962,0.055188637
0.664859,4254.713,0.616153,11.737877,0.03186778,0.09453302,0.11938568,0.062094606
0.6804303,3695.0005,2.9330416,10.826702,0.13000116,0.06818902,0.064103946,0.03901249
0.6817987,3696.1929,0.20198365,10.791751,0.088273615,0.07049494,0.11318343,0.08246091
0.6592137,4299.0435,0.1381561,10.78021,0.09487733,0.07445317,0.09684273,0.089703575
0.6603785,3586.9067,0.27793258,7.184806,0.12656021,0.05969604,0.08434337,0.18054402
0.6407434,2756.9758,0.2773175,2.2461197,0.0592798,0.10412428,0.039548926,0.08359415
0.5922387,2058.2563,0.46744737,0.6072546,0.052537877,0.051239267,0.047094606,0.04556314
0.5293284,6097.39,0.53435016,3.4189599,0.25546968,0.1166004,0.08445605,0.1367454
0.5210147,6123.213,0.6115125,3.1763325,0.25794867,0.097713456,0.08676376,0.12383955
0.55973715,4714.72,0.99493676,2.8634973,0.22602746,0.1187889,0.097647384,0.12734866
0.69520533,2453.1733,2.6454418,3.669272,0.10214199,0.070096515,0.029016199,0.026810521
0.60563236,4177.577,0.5118132,3.6849623,0.061387457,0.16978084,0.06143422,0.07444653
0.64974105,3155.4783,0.7096153,3.559315,0.06718132,0.12515779,0.054327603,0.06758941
0.635363,3631.5317,0.36570498,4.153859,0.063012846,0.13573453,0.06164259,0.06950207
0.6394176,3646.595,0.3034951,4.407193,0.049418412,0.09828416,0.039368644,0.08442718
0.64881563,3184.2534,2.5491304,3.8823302,0.07514906,0.0875558,0.10661855,0.12421717
0.49836823,1209.5664,1.9384747,0.075240605,0.05621785,0.08842093,0.062438697,0.07875956
0.6627057,4294.1836,0.20570923,11.914848,0.05297541,0.059512015,0.06601764,0.055753328
0.65406346,4532.1904,2.3779497,11.646444,0.062860124,0.11588968,0.055191796,0.055923693
0.7207754,2541.653,1.1524117,6.3904023,0.10648808,0.03270844,0.07664213,0.04686304
0.5955298,4164.88,3.0018754,3.6573253,0.08929829,0.050858196,0.117533654,0.0739786
0.54905283,4260.365,1.3758024,2.0933547,0.065793104,0.06347711,0.081626885,0.057642035
0.71255314,2558.0269,0.6322816,5.8017187,0.08615938,0.05905066,0.053628933,0.034757655
0.65213287,2808.6575,0.6251678,2.66236,0.14664628,0.06625316,0.075569704,0.029357933
0.6175337,4924.86,3.591494,7.2259073,0.10277063,0.117603086,0.06912944,0.10255536
0.6282454,4727.104,1.7937375,7.7115345,0.043293186,0.054466076,0.06752851,0.043764025
0.664298,4179.03,1.4322205,10.364031,0.038280953,0.05172803,0.05968353,0.042509764
0.6309087,5427.143,0.29708144,11.89505,0.08380614,0.11318386,0.09030646,0.06166836
0.67784506,3935.8967,0.2506369,11.783652,0.06360264,0.056818005,0.076300606,0.046444595
0.6150503,3414.3833,1.6159251,2.6563318,0.042170938,0.12793848,0.05715757,0.026392188
0.6693879,3925.0083,2.124577,9.282125,0.059519533,0.20530652,0.04954893,0.034881007
0.5884437,5660.9385,1.7449613,6.3670716,0.1529392,0.13700783,0.051027495,0.05765736
0.7003007,2068.0312,1.7826284,1.9526021,0.19885191,0.11060628,0.18062812,0.07683036
0.5932399,5914.086,0.83180845,8.681258,0.13687108,0.08696564,0.11351581,0.066459976
0.62619704,4249.0664,1.1955916,4.8077765,0.17779249,0.13193175,0.122526005,0.10532909
0.6596674,3818.6057,2.5400627,6.3024607,0.09509494,0.08984043,0.048157185,0.046532877
0.62888324,3837.0176,2.440528,4.7355604,0.09183454,0.08984857,0.04505111,0.039966844
0.6226721,5410.765,0.89294183,9.753076,0.047152467,0.09042733,0.09974861,0.104770094
0.67723334,2841.6624,2.8108587,3.799867,0.0497747,0.14216995,0.13032481,0.08392279
0.63271946,4252.0796,0.74181116,7.4244714,0.14920416,0.077222496,0.08905139,0.06389341
0.669298,2828.687,3.8702958,2.8750408,0.09173374,0.0814727,0.069871694,0.19356538
0.66436535,2680.86,4.0570264,3.4060042,0.0925134,0.082335375,0.06749046,0.19989756
0.6819372,2757.2434,0.62083715,3.1819954,0.17301217,0.13146086,0.119621225,0.04689586
0.6006103,4442.975,1.4794477,3.9679809,0.14459303,0.09842249,0.037771486,0.07226641
0.5979472,5501.5776,1.679489,6.581175,0.17439303,0.08155471,0.030248854,0.04035189
0.63946855,3676.8467,1.3378069,5.248863,0.05504761,0.054067478,0.16021764,0.06910708
0.64683026,3298.459,1.0739887,4.4193234,0.042426243,0.038645193,0.17798272,0.08784509
0.6185797,3907.8433,1.9131794,4.4951773,0.079830855,0.09740025,0.3759357,0.092912406
0.6204846,3974.7312,1.8933921,4.41622,0.077749744,0.09540763,0.42154068,0.09498219
0.6109953,4224.788,1.1360767,4.5248146,0.08417767,0.0726744,0.16274804,0.08546351
0.6816431,3596.973,2.834202,8.932638,0.056156643,0.050393596,0.041671097,0.05514405
0.6950724,3287.3132,2.8277783,9.061739,0.058769044,0.041735686,0.039032225,0.05599203
0.6321776,3295.0486,0.8385208,3.1827514,0.053296655,0.0650336,0.1314368,0.041584373
0.6797175,3297.5623,1.443214,6.9058113,0.07173761,0.064853705,0.10654011,0.042388886
0.5792395,2577.3066,2.6039455,0.8465889,0.10365355,0.17665744,0.20818311,0.046757556
0.6364584,1928.7223,0.27983817,0.7447469,0.060401432,0.16555971,0.11093188,0.051279448
0.6556927,2444.8157,3.0091486,2.0146494,0.047388293,0.1518049,0.11953202,0.051961087
0.57152116,2332.7737,1.2151086,0.7210611,0.05386993,0.0370388,0.09366372,0.069691315
0.63819695,4705.7134,1.3789544,10.054527,0.1960768,0.22411546,0.11161605,0.07209626
0.6595944,4667.101,0.875399,11.374251,0.1670818,0.24206153,0.22714826,0.12832193
0.60266936,3521.6758,1.516159,2.9477363,0.11886125,0.044913255,0.13779962,0.13063022
0.6453418,4330.3174,2.1718056,7.3201523,0.16717997,0.2419773,0.049620714,0.23008591
0.6145971,5881.264,2.5073137,10.293211,0.116898656,0.22158256,0.058819056,0.26930484
0.5737907,2088.631,1.9893782,0.5216797,0.046368804,0.067896895,0.055886306,0.019951763
0.5894459,1913.2852,1.5593375,0.47355494,0.045693837,0.05943665,0.06278572,0.019204741
0.6036362,1817.0024,1.5496672,0.46780887,0.045323938,0.057362344,0.06270723,0.020060567
0.6216367,1708.2561,1.5092598,0.48671743,0.049044743,0.055317763,0.06962658,0.019712098
0.712622,1736.8678,0.17923807,1.4577076,0.17464669,0.0848833,0.058273062,0.28987378
0.7356865,1446.4791,1.883013,1.1188111,0.1237036,0.03182136,0.10003846,0.17366898
0.57004756,2354.3218,1.4644269,0.62554026,0.22236003,0.062728316,0.114788845,0.026170038
0.58021855,2501.6912,3.3785563,0.8057022,0.22837134,0.06954105,0.09027359,0.025206458
0.585941,2965.3806,2.949707,1.3075874,0.20709647,0.0731165,0.08076162,0.032587938
0.62570417,3876.86,0.53755116,4.7760115,0.030195367,0.20224577,0.05736735,0.26208094
0.67277205,3371.4023,0.82403487,6.546941,0.02924508,0.15331581,0.061353743,0.1576828
0.5952119,4741.9277,0.18070588,5.1033216,0.0302877,0.15309404,0.08071165,0.15990776
0.6944969,3589.11,1.0099741,11.2897215,0.04123866,0.069654785,0.06026734,0.1680374
0.7307775,1407.307,0.9674751,1.0957603,0.22467737,0.12502179,0.17600212,0.0489189
0.573259,4070.4238,1.512631,2.3068786,0.16492167,0.09117988,0.08292359,0.10200595
0.62526345,4064.8215,1.403021,4.912252,0.04239421,0.0968006,0.03990424,0.038457133
0.68839586,3252.2004,2.537435,7.3396482,0.03848829,0.053183332,0.055443794,0.040753204
0.64546746,4514.294,1.3165989,9.347856,0.11090729,0.08018212,0.04471153,0.054538287
0.64466244,4450.868,2.9623787,8.290305,0.093064114,0.08633725,0.03260185,0.07154492
0.6776467,3510.462,1.4276367,8.478812,0.2558195,0.099984095,0.2711581,0.08846222
0.6218781,5267.0,0.23741415,10.017853,0.048594393,0.084566064,0.057057507,0.103006855
0.61808413,2050.0837,0.3439114,0.64312476,0.07104799,0.082315594,0.07913124,0.046033602
0.60847074,2052.3335,0.31886813,0.69448036,0.089180425,0.10648112,0.08078393,0.05499971
0.6351454,2644.4268,2.4027712,1.684999,0.11275018,0.14366503,0.046357587,0.025543546
0.65836036,2434.5815,3.1776118,1.8512781,0.11386012,0.1470615,0.043398783,0.019129692
0.64073986,4135.48,0.984633,6.5778685,0.04141372,0.14540005,0.033402696,0.06388521
0.63412,3992.196,1.2316349,5.658635,0.045841247,0.116516896,0.029401949,0.06511311
0.6065075,3625.6719,0.7171106,3.2017975,0.08467061,0.04258078,0.25324655,0.10944693
0.65423375,3005.9197,0.23171468,3.0691295,0.10734958,0.07168286,0.113189936,0.07452753
0.6657737,3742.1506,2.4020512,7.7411685,0.18978968,0.048775196,0.08336594,0.040096283
0.64486116,4189.692,2.034829,7.507736,0.057205353,0.07994455,0.1802828,0.06368404
0.60118407,1754.6503,1.807646,0.40792394,0.1212437,0.05330456,0.07015187,0.03975915
0.6732197,3976.7478,1.7823964,9.941438,0.16954632,0.09773955,0.042502277,0.075432435
0.71417063,2479.2366,1.3103813,4.7837906,0.13252005,0.09172773,0.056175686,0.032700494
0.58262956,6653.641,0.91327715,8.669174,0.08361691,0.05242584,0.037219476,0.084496215
0.72635216,1722.7001,2.7627485,1.6479107,0.050903626,0.20689265,0.055069216,0.04364337
0.5933338,2613.877,1.3136569,1.0549313,0.046885975,0.18793684,0.041864045,0.07345344
0.6229689,5684.9272,2.3036017,11.538876,0.045939364,0.0658768,0.072630435,0.043464072
0.7066465,3159.721,1.5200877,11.245249,0.049633726,0.060365703,0.030732289,0.046792082
0.6192969,5547.9766,2.3227317,11.05043,0.06863874,0.05949722,0.12578188,0.10914658
0.616102,3733.976,1.3078411,3.7151625,0.07575416,0.048337832,0.07265934,0.04488707
0.5957495,3803.216,2.3006268,2.7962782,0.07108969,0.045307126,0.07269308,0.03517738
0.71117884,2894.369,1.2903154,8.376676,0.064064525,0.12324069,0.12389758,0.05675843
0.65607077,3141.3154,0.633983,3.753035,0.04890226,0.08584124,0.096268594,0.06883642
0.6514174,1976.3651,1.9901853,0.9213655,0.06164728,0.061289724,0.05289495,0.060359642
0.5307858,1435.71,0.3832768,0.16228487,0.0729869,0.05910603,0.042619642,0.044751577
0.59479445,1990.8732,3.9825213,0.5226818,0.07075796,0.2553366,0.13681163,0.07137556
0.7048671,2581.905,0.5998494,4.973766,0.05603101,0.27233273,0.071373805,0.14742646
0.6344441,1847.8717,0.82288563,0.5611257,0.05229889,0.16911636,0.074479215,0.10863563
0.5915946,5336.213,3.5627365,6.178791,0.04953836,0.08335106,0.095799156,0.19538619
0.70435154,1894.6033,0.91624445,1.7703761,0.082218714,0.10804935,0.042049266,0.05964578
0.6281547,3322.4539,2.3360236,3.1337044,0.07668103,0.07612557,0.061384045,0.036720555
0.6985651,2921.0276,1.5911442,6.275975,0.111670464,0.0533536,0.039182592,0.04257792
0.6996549,2805.3586,0.54965824,6.604347,0.09284072,0.066538006,0.06465584,0.047633193
0.6693494,3433.6072,0.58831203,6.1347423,0.10453051,0.06571602,0.053204775,0.038134847
0.640807,3616.6082,1.9640749,4.7655478,0.05775957,0.04770685,0.1257575,0.041329306
0.6718578,3059.4673,2.9360325,4.588303,0.07935453,0.14738002,0.03841148,0.12504686
0.6015519,1591.4219,1.2249118,0.36735982,0.06664777,0.052448206,0.093425415,0.033809155
0.5425877,1365.9141,0.14647168,0.14636604,0.052434467,0.07228409,0.06658,0.114874326
0.59728193,2825.465,2.1985462,1.4182454,0.07748903,0.036799014,0.08424436,0.0673999
0.6243407,5097.8916,1.0848374,9.714116,0.039939523,0.06993482,0.15691042,0.07722021
0.5890335,2074.4946,3.1393228,0.54474556,0.10481531,0.06534922,0.05541299,0.07425616
0.6348411,2720.1292,2.6230235,2.158359,0.1126654,0.04060003,0.06918197,0.09142597
0.55277205,1301.126,1.2219648,0.14500064,0.3125764,0.06799677,0.038802773,0.081565216
0.5260724,2254.1855,0.6167295,0.42015067,0.21892443,0.13266942,0.07670745,0.03705728
0.5923459,1973.1924,0.953702,0.50414765,0.23015594,0.115885675,0.09136438,0.04288027
0.53881544,1993.3075,0.5724244,0.34546632,0.22643247,0.1345409,0.10565648,0.038077116
0.66792935,3027.2573,2.6318927,4.047392,0.038210794,0.057505302,0.11576464,0.09769377
0.6360566,3175.1514,1.2625461,2.792583,0.04141532,0.16071515,0.08189226,0.13876161
0.66023475,3114.3376,0.76464,4.1828437,0.10211248,0.049751353,0.07967365,0.10736637
0.659554,3988.8865,0.7075327,8.58356,0.13121812,0.038593486,0.043663315,0.06443643
0.6466611,4228.1353,0.73512733,7.9425955,0.11748516,0.041975506,0.05061864,0.06728303
0.6406721,4614.476,2.1867108,9.167218,0.12393357,0.047014818,0.052804504,0.0740273
0.6703772,3160.6416,1.3869369,5.004688,0.050942272,0.09085576,0.08439927,0.040618517
0.66594976,3403.7068,0.9744889,5.9643416,0.06727767,0.06043128,0.042938255,0.061266653
0.60938203,6129.93,0.44600242,10.197193,0.11605483,0.10424252,0.03462005,0.038475823
0.63994795,1318.924,3.9244854,0.28069174,0.14355674,0.06409178,0.09578972,0.0838759
0.6785477,2456.0093,0.6968025,2.4776702,0.073300675,0.15083757,0.12388919,0.23901734
0.51900345,2925.1794,0.46553668,0.8834324,0.027952828,0.16425394,0.18331403,0.15112837
0.55111194,1533.0714,2.3754876,0.20633736,0.2078669,0.04724952,0.035905827,0.14627923
0.6793042,1972.5591,2.0455434,1.2871141,0.040221423,0.09111655,0.1303896,0.040992077
0.68831205,1972.1223,1.121019,1.4943473,0.042658605,0.09730868,0.12077226,0.04560671
0.5908664,4147.9497,2.6300256,3.444148,0.060397778,0.050635356,0.11655043,0.04912793
0.5610546,4345.958,2.9251566,2.807382,0.061680887,0.051043313,0.106233455,0.052368987
0.77984923,1344.1078,1.1512296,1.7622988,0.08670063,0.13859014,0.11077872,0.1365213
0.7931644,1306.2134,1.1369143,1.8187807,0.14249532,0.061177935,0.071157694,0.03924706
0.66938776,1881.0209,0.8369951,0.7584518,0.06512084,0.07839537,0.3090567,0.11965402
0.6630725,1821.6064,0.83374923,1.03242,0.065626286,0.07856365,0.316308,0.12277819
0.5985546,5185.5156,2.3363147,6.8486986,0.10025369,0.18455958,0.033959076,0.15917948
0.640124,3804.9734,2.1160262,4.572736,0.106040604,0.13919741,0.07340423,0.4583985
0.603657,3187.9062,1.8360829,1.8277463,0.20466733,0.104210265,0.054615695,0.020118931
0.57531184,2473.4902,2.299523,0.7401297,0.16209361,0.19479275,0.038552467,0.06665846
0.6514689,1468.9496,1.1402636,0.4483751,0.17716691,0.17242046,0.06142091,0.035962578
0.5874821,6351.496,0.7625235,8.862854,0.09950894,0.092729256,0.13564318,0.056438204
0.6033335,6328.5244,3.6838553,10.879542,0.086427644,0.10843448,0.12421424,0.052465428
0.61569667,1870.3037,0.51432115,0.50566876,0.044578582,0.3788836,0.16850494,0.060200214
0.67177784,4310.5547,1.2422574,11.92264,0.061879132,0.04419685,0.031456668,0.046733227
0.64686996,4574.2393,0.7914822,11.375097,0.050731763,0.14809442,0.23082668,0.08471616
0.5963939,2925.8765,0.5874169,1.5244708,0.062071826,0.20786586,0.17265412,0.10282153
0.59866214,2735.6797,1.1894741,1.2703508,0.07516381,0.14220706,0.21256688,0.10987694
0.8071804,1340.9448,1.0359572,3.0479934,0.062367238,0.06469244,0.091542706,0.036152195
0.72376865,1498.3428,1.6498282,0.9729356,0.058266655,0.118718736,0.09146953,0.04846114
0.6954329,3182.937,1.8714874,8.455484,0.06325244,0.043401152,0.08995575,0.42325145
0.69440824,3229.151,0.51783603,8.788286,0.061654378,0.05875048,0.16209713,0.23932563
0.5492679,5388.8906,1.699909,4.0136704,0.0902904,0.07043028,0.12406329,0.44775653
0.61689293,2233.211,2.39104,0.97141385,0.07901502,0.07657161,0.14130129,0.24923736
0.6940348,1815.5159,1.4831471,1.153287,0.070670076,0.14992398,0.06805682,0.1928932
0.5937364,3118.2454,1.3138952,1.6236608,0.07708812,0.13428165,0.047201797,0.25351343
0.6561422,2816.7234,2.4186907,2.7920918,0.09608435,0.06282295,0.08876848,0.071822785
0.6455869,4244.2104,1.5293945,7.7296677,0.06345256,0.06590325,0.0320491,0.11771538
0.67820734,3605.4504,1.3486494,8.862383,0.05396633,0.07454715,0.040597573,0.093353294
0.60085183,2922.1665,2.7762206,1.4577181,0.07306421,0.092072845,0.14923869,0.11790731
0.6196076,2589.6704,2.1707523,1.4041319,0.03826087,0.042127825,0.102094755,0.12693955
0.7081503,2619.8083,0.6243436,4.6697206,0.046064265,0.10042385,0.11790677,0.23259103
0.56546617,5453.0186,1.809485,4.127398,0.12775151,0.06985955,0.111941986,0.21697652
0.6173397,3646.0195,3.1692302,2.8771253,0.16046281,0.07752963,0.12862103,0.0964689
0.63411576,3220.2825,0.94310206,3.0051568,0.078354046,0.2749251,0.1968657,0.14659849
0.6167258,3992.9282,3.1551144,4.208774,0.08930115,0.28360936,0.05670123,0.073842846
0.6396668,3077.5034,1.6951528,2.7201774,0.13191569,0.34481728,0.074852265,0.16200612
0.63675964,3632.9834,2.2083318,4.1668363,0.060621604,0.22638407,0.048542168,0.08919239
0.6495602,3310.0684,2.0664914,3.9248848,0.052933883,0.07412384,0.035133835,0.12089749
0.6838828,2013.4697,1.7826188,1.4638877,0.110351756,0.09507225,0.053466514,0.062681235
0.62979937,2118.989,0.8283614,0.8541186,0.17422652,0.041558187,0.12371927,0.06598913
0.6170443,1351.4366,5.2992306,0.2889139,0.11886414,0.04608663,0.17225,0.073689364
0.5858618,1446.2444,3.153665,0.24393871,0.0899361,0.042464647,0.15797885,0.06476654
0.6383766,5155.4585,1.5606573,11.076581,0.07194954,0.20610888,0.058325686,0.055090737
0.58702177,2025.7289,1.0238849,0.5803583,0.10580039,0.055777684,0.37938187,0.08936413
0.59119904,5367.3853,1.1022781,6.5402718,0.098500915,0.052929718,0.32937324,0.18745857
0.5302871,1911.3333,3.0464313,0.3414475,0.06917194,0.054723408,0.113393135,0.15014537
0.53872603,2207.2625,2.9665086,0.4514749,0.074686155,0.07669668,0.11850797,0.26190686
0.6027207,3384.6704,1.3580347,2.4518707,0.06539839,0.042544756,0.15190822,0.13513982
0.58990276,2558.9185,1.1707101,1.125776,0.08474479,0.046408698,0.09128511,0.13002038
0.63757426,4357.0547,1.4032927,6.6637626,0.056788277,0.14042538,0.04541715,0.04487682
0.6414564,3617.986,0.6914222,4.651624,0.051637188,0.14889534,0.043850157,0.026607437
0.626588,2981.1003,0.037037168,2.2174623,0.20261349,0.12775764,0.09343998,0.11697817
0.51373273,2454.5273,0.4158472,0.50078666,0.1999349,0.24885061,0.113989845,0.08788365
0.52585506,1075.0869,4.195508,0.0508646,0.06606952,0.07170744,0.12388958,0.27708778
0.5293378,1069.4719,4.4531255,0.026433133,0.06716414,0.0713007,0.12785326,0.24171107
0.4657349,1163.3455,0.31109676,0.020921854,0.08149955,0.05629147,0.03546039,0.6451247
0.46791825,1088.9481,0.5661119,0.025623152,0.04139825,0.08034095,0.05763409,0.22558868
0.5071923,1151.3384,1.0216335,0.04632785,0.040052973,0.079265945,0.11795567,0.08463928
0.43035147,1307.6833,2.3621826,0.03704358,0.1230997,0.080757074,0.08299099,0.041579545
0.43433604,1208.985,1.7277715,0.031635586,0.11252162,0.08204888,0.08279462,0.043469522
0.59938705,1578.2777,1.9590067,0.3743549,0.18147263,0.09334159,0.079572424,0.05258733
0.6173804,5707.272,2.7052023,10.290372,0.07783252,0.16427524,0.0444246,0.16903515
0.6703763,2085.737,0.4579737,1.4581248,0.084365346,0.07412085,0.11408813,0.054967634
0.64356536,1999.8185,3.4048443,0.86412346,0.060530663,0.056075778,0.09166964,0.036067706
0.6725494,1916.4833,1.2821188,1.0993755,0.09498054,0.035777666,0.10503598,0.035337675
0.61744547,2527.3796,1.4786483,1.1103057,0.124897584,0.106755346,0.030896893,0.046581708
0.74191034,2056.9668,2.3267117,4.1643753,0.16941512,0.16753505,0.07255989,0.06946324
0.7559686,1402.7219,1.785186,1.4112062,0.08223985,0.077308096,0.09842331,0.036385156
0.5740834,3712.1887,2.1341622,1.848149,0.1097616,0.10905164,0.098059416,0.030207487
0.7395908,1935.2244,1.0896014,2.9076955,0.03841079,0.2016156,0.033261746,0.06705135
0.74494326,1873.8203,1.1432841,2.9245358,0.03870071,0.1992741,0.03496733,0.07454525
0.54773223,5992.291,0.81595546,4.4109473,0.19978577,0.11689606,0.07963942,0.07339852
0.7426045,1391.3651,3.59736,1.1764548,0.24612504,0.052591216,0.0690189,0.06813116
0.5504685,4802.3174,0.40953955,2.44789,0.23102584,0.13599356,0.17189884,0.038510494
0.58405334,4438.3984,0.6178585,3.186792,0.19814372,0.06202214,0.1258156,0.060457796
0.7438036,1736.5786,3.4846084,2.256655,0.1047425,0.06470214,0.07493065,0.06402902
0.7813961,1616.2246,0.612883,2.837451,0.08651574,0.10646188,0.09096311,0.0846274
0.8063141,1329.3868,0.15373567,3.8218277,0.113349214,0.054707363,0.104175985,0.09919041
0.67346203,2973.7476,3.0679348,4.726829,0.085472986,0.051796373,0.07319321,0.13017327
0.6120013,4494.526,0.92414194,5.041584,0.048529867,0.14015794,0.05088274,0.2720475
0.64274865,4283.2236,3.0577848,8.421634,0.041129388,0.27548233,0.082457505,0.100349985
0.59803295,5665.4814,1.9439642,8.655406,0.032688312,0.19278778,0.09988169,0.06032204
0.6750139,3519.6426,0.5516268,8.32648,0.073654905,0.08500421,0.21791925,0.048499156
0.66588706,4179.565,0.58872575,10.058271,0.08885104,0.062301356,0.20495947,0.061690714
0.5477862,2516.1128,1.9641662,0.66026986,0.054613598,0.05879693,0.19227073,0.20346992
0.6077864,2578.8328,0.81297624,1.4105484,0.057807557,0.06340639,0.31408948,0.09224443
0.6342437,4795.9663,3.6296206,8.389447,0.17868884,0.058561407,0.106249414,0.039670646
0.6740938,1862.1561,0.58062094,0.98428154,0.16931033,0.12416843,0.044681698,0.039538197
0.6187108,3389.1611,0.258329,2.5826044,0.17140213,0.13812844,0.04417772,0.03560829
0.62490875,3769.154,0.6727797,4.0807095,0.16059022,0.070011415,0.11083134,0.055552706
0.60404843,3830.3594,3.5345085,2.865766,0.10899224,0.103512734,0.10337408,0.07794253
0.6853204,2545.4102,1.4510697,3.130323,0.038090177,0.1043217,0.042855136,0.0537718
0.70935196,2579.5312,1.164474,4.896016,0.038969766,0.1133681,0.041014407,0.051337093
0.6734206,4066.6682,2.8118398,11.024039,0.08688689,0.11611102,0.1147646,0.045140896
0.58364576,2706.9854,1.0375102,1.082308,0.1141683,0.07465164,0.028923191,0.041133955
0.5947631,5368.8755,1.0667332,7.3617163,0.061729893,0.0942958,0.2992341,0.22629592
0.62482226,5007.1035,1.2806687,9.391701,0.052531254,0.15932581,0.113790676,0.13178316
0.63165766,1983.465,2.6055002,0.87796795,0.096339524,0.10194981,0.20474322,0.072573386
0.63710904,2612.89,2.8736842,1.9366952,0.050849296,0.11596856,0.14908664,0.060809676
0.69510245,1843.102,1.250295,1.4913954,0.053725697,0.1539954,0.16989501,0.121731035
0.56127244,3319.254,2.3156188,1.4395278,0.08955844,0.2589718,0.27990106,0.13683325
0.6433971,2845.9226,1.0022488,2.7252429,0.09518431,0.17298862,0.30846754,0.09113428
0.66918314,3718.5474,2.2549682,7.286092,0.07570061,0.38597715,0.10985106,0.053034853
0.6608802,3534.7473,2.21042,7.2264147,0.07524936,0.38960817,0.10871133,0.05252727
0.64558226,2351.846,1.5802879,1.5062366,0.053164046,0.10873635,0.116015464,0.09503687
0.66282165,3339.8162,1.6579598,4.55788,0.16888405,0.08562986,0.06807268,0.103842825
0.6299605,4988.6226,3.428818,10.277502,0.040590752,0.07222955,0.056231,0.08057925
0.6832397,3576.4724,0.9589894,9.020279,0.10234507,0.048446897,0.05093195,0.20908888
0.5834353,1819.0065,3.0536072,0.40262032,0.06747593,0.12614001,0.1103174,0.047837537
0.58593756,1885.6233,2.9726832,0.47473493,0.07043448,0.12538892,0.10312387,0.05248094
0.57545483,2010.4863,2.706548,0.4627491,0.073995136,0.1218319,0.09826497,0.050992128
0.523759,1314.1154,2.3151073,0.1300413,0.056074362,0.13433558,0.076309524,0.018540252
0.7404318,1632.5244,1.8309128,1.8706369,0.13011539,0.053293012,0.060103342,0.5106637
0.67776877,1719.9584,1.7251352,0.8156934,0.2100819,0.077119604,0.058149844,0.09755291
0.67353904,2018.6016,2.1433063,1.3673906,0.13820074,0.06475446,0.20066243,0.08168336
0.65701795,1566.312,1.1990596,0.5353865,0.14313745,0.070334986,0.16490076,0.0869655
0.6627817,2999.3628,2.9515033,3.5860372,0.059472866,0.08295064,0.0903528,0.07630156
0.64280504,4237.0317,3.7717836,7.5930862,0.046357375,0.046260767,0.18296327,0.08407712
0.64214134,4398.6035,2.6347857,8.056738,0.053927176,0.057664823,0.25241256,0.11513181
0.6523116,3544.8413,0.8477567,5.601551,0.055842407,0.031849563,0.26120898,0.082824655
0.568414,3980.1392,1.9213327,2.5014644,0.04679639,0.048551798,0.6943342,0.08313451
0.60810375,2577.6846,2.749003,1.3041179,0.052366026,0.057563905,0.43301305,0.079452485
0.50193244,1561.7106,0.8949473,0.17111683,0.058041573,0.0394789,0.2707806,0.06414426
0.5944239,1824.2317,1.2629482,0.4359764,0.059931643,0.12129809,0.04395116,0.030619431
0.5193849,1353.6558,1.8443495,0.14013365,0.067612275,0.11205822,0.08473727,0.05191136
0.6741219,3599.9658,1.5003722,9.365145,0.067128405,0.043263923,0.08867311,0.12907276
0.70247364,2355.6487,1.6271371,3.638753,0.047766354,0.16248128,0.08282146,0.035825808
0.6295292,2363.9932,2.4313362,1.2783654,0.03427023,0.049033694,0.06837964,0.039874747
0.64821714,1836.8513,1.1317383,0.68208706,0.032769807,0.051196724,0.05399432,0.040919535
0.66301596,2684.6326,3.388302,2.888648,0.036749467,0.05282396,0.041608572,0.04859395
0.6667565,3175.2654,1.1856945,5.043234,0.030185973,0.063333824,0.051199444,0.042002715
0.61582994,4296.7095,2.8728597,5.4350953,0.16260883,0.046453357,0.06824091,0.117401466
0.68129474,2441.2283,1.540966,2.7206388,0.05384661,0.09573559,0.077011496,0.07742069
0.5768883,4896.1475,3.174968,3.9848273,0.079511516,0.07002689,0.08181754,0.103497826
0.6275514,2666.1926,1.4278641,1.7251223,0.08346225,0.08372264,0.13527022,0.12573478
0.56235325,3304.795,2.6241534,1.3138611,0.08462157,0.30115542,0.1408975,0.03605402
0.70586634,3376.0867,1.3457787,11.801584,0.0662857,0.10871343,0.056814022,0.07455335
0.6014032,5090.409,0.10967151,5.910178,0.049873095,0.16403109,0.059768245,0.09724448
0.64138967,3819.3206,0.5104778,5.5063224,0.062096473,0.10615342,0.10870001,0.06983239
0.66001886,4250.8,1.0325165,9.896683,0.060775105,0.116672315,0.07062313,0.09525123
0.61662203,3624.615,2.8496134,3.2198875,0.08772269,0.10387172,0.048811343,0.093593955
0.5716433,5077.168,2.4587007,3.9385629,0.08901488,0.0848981,0.06313956,0.10219256
0.6756076,4229.128,1.8475164,10.527599,0.06739427,0.17489158,0.18542287,0.09036125
0.61715055,3992.0222,0.6705825,4.154883,0.10715532,0.04514601,0.10163574,0.059530802
0.60595536,3911.9868,2.1635416,3.5561514,0.03189035,0.18239293,0.055491734,0.21927822
0.6770927,2712.4106,2.171832,3.5199907,0.034684733,0.08398494,0.046336226,0.13197844
0.668182,2293.275,3.5339534,1.848117,0.028095664,0.08501372,0.042060405,0.1543284
0.6796897,2030.6853,2.9880576,1.4923732,0.031912,0.087467924,0.058113977,0.13402244
0.61297184,4717.6704,1.6863105,6.38277,0.10816626,0.044497065,0.10475074,0.0722747
0.65522754,3834.0193,1.6448859,7.311137,0.09447263,0.03643462,0.08975638,0.06146689
0.6699976,2942.2085,1.8071969,4.2543173,0.0917945,0.11811233,0.116069525,0.08689435
0.6332608,3795.349,0.3422385,4.6268606,0.047242858,0.11682998,0.038229585,0.07100371
0.578246,4452.315,0.360614,3.5835664,0.099147044,0.049786903,0.18059674,0.103897505
0.69081885,2571.5732,1.5188181,3.720204,0.045828834,0.05628912,0.11952067,0.12395993
0.5776649,4352.27,1.4069684,3.1346846,0.06983862,0.087986216,0.08540489,0.090828426
0.54900116,3665.0574,2.9635787,1.4778466,0.07202906,0.07079525,0.06417359,0.14870055
0.6795069,3626.543,1.5531585,9.15037,0.0700398,0.05781616,0.20070924,0.15526749
0.66714746,3912.302,3.234648,9.632359,0.10119338,0.04006593,0.1453687,0.19292462
0.5888634,3517.7764,2.2503333,1.9917856,0.06834755,0.11532582,0.07190753,0.0359931
0.64267945,4694.4175,1.6388038,10.729923,0.09460433,0.052968323,0.061787024,0.1593269
0.6765965,3734.1382,2.3242824,10.849397,0.09558171,0.042232364,0.08880661,0.1427302
0.5806693,3614.173,1.5328195,2.2780194,0.05675364,0.060495544,0.055483982,0.17561659
0.5628538,4691.414,2.1840339,3.1637504,0.05995404,0.06486798,0.051713046,0.18240985
0.6040715,4035.2837,2.4161496,3.7928305,0.041958034,0.03188569,0.07193099,0.1768468
0.6911624,2106.912,0.8262738,2.24094,0.04567235,0.04417103,0.11559552,0.16077472
0.71912956,2160.0898,2.6831946,3.0575519,0.039926194,0.08454354,0.084954,0.10444482
0.57257956,1839.2162,2.1168222,0.4068092,0.036107577,0.046436667,0.09840974,0.25981465
0.52661914,1605.0231,2.3061965,0.2134479,0.05177611,0.054634605,0.05011808,0.21110192
0.6851456,3068.6567,1.7574672,5.482108,0.046262056,0.11641596,0.05886468,0.14767924
0.65982825,3688.6982,2.1058834,7.078369,0.04063753,0.12340452,0.055686228,0.18127403
0.62501025,3958.2405,1.6218623,4.6606617,0.050537072,0.10067667,0.047693126,0.13046505
0.66901016,3419.1155,3.1746771,6.0523667,0.046729796,0.18959898,0.043415975,0.2407601
0.5802852,5770.075,1.6069503,6.2349787,0.052416667,0.18368913,0.037838403,0.2642917
0.73017484,1793.196,1.5952497,2.1873107,0.04975274,0.054213777,0.10282261,0.27536365
0.68806505,2147.9705,2.1065907,2.1197524,0.06711216,0.10190881,0.16819537,0.15334561
0.5971133,2981.0593,0.37640393,1.6310208,0.04883474,0.067641765,0.080283776,0.21802196
0.6785541,2252.456,3.1914275,1.9460925,0.055902097,0.105557606,0.034959402,0.08491541
0.6339613,4324.381,0.9899006,6.9351535,0.044899635,0.18467884,0.06604689,0.079860285
0.6329676,4078.8982,0.7397196,5.226057,0.038651507,0.20957111,0.057490826,0.09718683
0.65625453,3387.8,0.4330552,4.4780183,0.07285938,0.10651992,0.065111384,0.04041365
0.66065353,3628.9175,1.3336177,6.02092,0.06418737,0.10661362,0.03979032,0.046808675
0.66248524,2375.6963,1.6095599,1.8253734,0.052500702,0.08735182,0.096692786,0.13189015
0.6188388,4780.456,0.29245034,7.2929826,0.07426907,0.22021036,0.12369081,0.1448084
0.64679855,4261.6914,0.19060779,8.067215,0.062944554,0.19485307,0.13627085,0.107580334
0.54799527,1467.3273,1.879999,0.20543575,0.09562194,0.02765397,0.0607817,0.0857672
0.52063453,1534.4124,1.7715765,0.19018503,0.06506809,0.08481539,0.21277644,0.036038917
0.7183664,2708.5676,1.2053107,7.698666,0.052214105,0.11270707,0.037886217,0.07325835
0.59164953,6271.0215,3.7484236,8.4761505,0.061097357,0.12654446,0.024530113,0.047618225
0.6239658,4774.991,3.5894258,7.4404464,0.06455198,0.112944864,0.030689126,0.05006539
0.68250877,3452.129,0.49780926,7.850984,0.081418,0.059816457,0.10942853,0.041286945
0.67573655,3632.536,3.4849074,8.085074,0.035318453,0.076068476,0.033185262,0.056409106
0.6811452,3103.6692,0.46136823,6.0871572,0.052984096,0.049243838,0.082035914,0.03953465
0.6222866,4850.1143,3.472636,8.183463,0.053558923,0.098617986,0.14864671,0.06393545
0.6254889,2458.4116,0.99505347,1.1849202,0.1096318,0.09946765,0.037572138,0.048593037
0.66882247,3839.4631,2.3138487,8.428949,0.04662312,0.1908267,0.088236414,0.051186446
0.7063022,2133.8994,1.3623412,2.463345,0.053436503,0.15108274,0.03843997,0.040149786
0.6397861,4085.3877,2.8732991,6.565635,0.050948683,0.08125516,0.06610882,0.16401137
0.64447105,3073.138,4.550133,3.260935,0.04012385,0.07386155,0.097323716,0.16489562
0.7313977,2031.6842,0.22844481,3.262236,0.052240204,0.05315794,0.04631026,0.043454558
0.71961087,2190.9868,0.2992553,3.2082338,0.050064627,0.055090923,0.049895726,0.043585505
0.6021286,3869.8833,4.955223,3.405014,0.046893075,0.09974055,0.06692815,0.0775825
0.6189363,4251.271,4.027885,4.8874426,0.064820856,0.14386962,0.07768352,0.08001745
0.5761004,1960.6089,0.93096906,0.4572638,0.062273096,0.22465102,0.2656832,0.08206837
0.6101029,1885.7566,0.18905863,0.5363129,0.051212374,0.20271358,0.10481137,0.10901449
0.60245323,4723.4995,0.010738879,5.5546927,0.057431247,0.05316154,0.0928955,0.23194562
0.60225594,2655.3691,0.029956704,1.3508868,0.058788873,0.046422288,0.19666892,0.08798321
0.6709676,2995.1396,0.01289472,4.573296,0.04767017,0.033489957,0.19769856,0.14757659
0.5807482,4265.986,0.01995107,3.305313,0.042217486,0.06047935,0.17220013,0.2712909
0.66634035,2415.8103,0.11738454,2.270209,0.10435641,0.03646494,0.06539664,0.08187287
0.64851636,4413.6846,2.7748833,9.226212,0.074434884,0.07553946,0.05823334,0.05041876
0.6164885,2058.0361,2.5762439,0.7552358,0.11900893,0.0753181,0.08274917,0.08263514
0.6341143,3481.5005,1.1432008,3.558754,0.09405511,0.20485912,0.040208995,0.024505785
0.66525483,3775.2761,1.2938552,8.864297,0.20017438,0.039026875,0.09507671,0.24578895
0.6161728,5557.8296,0.65379596,10.557346,0.22930312,0.02995727,0.053045347,0.28288102
0.623439,1924.2922,3.2693536,0.6156515,0.13301918,0.07861651,0.096752726,0.07437376
0.6426412,1301.4004,2.279244,0.30346894,0.124634534,0.12125651,0.049703144,0.077363506
0.6339565,4703.4795,1.8503592,8.299794,0.055957545,0.054379076,0.045491774,0.06305217
0.67519695,3223.2327,2.0975049,5.476708,0.037307546,0.09407058,0.14203207,0.06916935
0.70588493,3118.5635,1.0779185,9.668235,0.11083681,0.08967127,0.029613659,0.044387482
0.60961753,3488.957,1.1714832,2.49352,0.061304014,0.10875079,0.10390392,0.038341492
0.69035834,2728.52,3.2081907,4.474169,0.05024409,0.14139897,0.082744405,0.027678408
0.597368,3038.1624,1.2880079,1.5906711,0.09830403,0.094993174,0.101624906,0.21265964
0.66162556,4161.5522,2.2627547,9.133906,0.08320052,0.10279516,0.08272059,0.14781155
0.54382217,3182.8198,1.6042057,1.0749032,0.11555316,0.44046044,0.07047817,0.07783434
0.6444695,3695.8264,2.2560642,5.280813,0.2259705,0.1646807,0.1696465,0.09648266
0.63200897,3443.176,2.2218466,3.7415175,0.18212625,0.12067929,0.23911351,0.11490344
0.60820955,3474.8086,1.73416,2.7458942,0.04703834,0.08592964,0.22217035,0.2381141
0.696068,2380.0981,0.66903543,2.8353715,0.04229893,0.054444212,0.27765277,0.20121154
0.63933194,3536.7312,3.5565326,3.895173,0.104897365,0.1120909,0.07751389,0.17605357
0.63077664,2509.7134,1.1387597,1.6282957,0.056144446,0.16344562,0.09332023,0.10730928
0.615102,4595.426,1.573038,6.6846876,0.094308056,0.12086319,0.19029947,0.088869326
0.67356855,3029.206,1.9323096,4.394888,0.05303627,0.13875696,0.068233885,0.05269254
0.62020546,1800.9839,1.1148148,0.54358727,0.05119954,0.1134331,0.045369,0.08521537
0.6538709,4306.914,2.2300994,8.944509,0.06646386,0.12135559,0.050603133,0.035776515
0.6480599,3112.5906,1.6396741,3.4380462,0.06376047,0.08267913,0.10908682,0.05785528
0.6204698,3561.526,2.9158502,3.3409233,0.06358078,0.06731918,0.10622591,0.05000961
0.67578393,2960.9338,1.1308494,4.5742784,0.06939289,0.06128464,0.10999589,0.045297436
0.65100884,3380.406,0.7613461,4.9792295,0.07083483,0.063388765,0.09913709,0.04433393
0.6673955,4001.3801,1.7093196,8.962647,0.06786959,0.04574064,0.07768471,0.056767456
0.62508464,2012.6129,3.3023937,0.85239494,0.20448138,0.18475032,0.13089195,0.29016182
0.5261698,3109.3638,3.0029745,1.074199,0.17657235,0.12088383,0.1468703,0.23098062
0.52972597,3133.5847,2.8823812,0.94705266,0.17383423,0.121511124,0.14631306,0.23210344
0.60270363,2192.52,0.36594635,0.8349407,0.08543427,0.14706078,0.15056187,0.24319515
0.55662006,4473.596,0.50074416,3.0398917,0.08317626,0.12700543,0.28510183,0.3793674
0.5218158,3201.2466,0.62168676,1.0581509,0.06659756,0.14378491,0.21250594,0.20127544
0.6239445,4105.8086,1.9447173,4.868603,0.06484781,0.15021217,0.17685843,0.1826351
0.7403066,1668.3463,2.2904751,1.6840829,0.062749945,0.099194944,0.29880318,0.0996858
0.55787367,3228.2715,1.2489603,1.4352386,0.06931337,0.17080604,0.13099422,0.085281216
0.6890023,1728.3961,4.11277,0.7926361,0.079481564,0.19256394,0.119463556,0.06394647
0.68347466,1691.5409,4.058985,1.0243397,0.079191595,0.19155148,0.12348507,0.063996255
0.66874105,2599.0254,0.5524115,2.8483348,0.113376535,0.13558699,0.036496688,0.06628835
0.6383184,4357.004,3.377021,6.6222787,0.14618658,0.08543809,0.09318507,0.03080401
0.6351528,3248.0457,0.8968733,2.9745483,0.12784481,0.11159828,0.052458763,0.07507331
0.6923328,2745.0933,0.75281805,4.5054703,0.10588874,0.11386656,0.05183179,0.07101079
0.69722897,2983.2903,1.4981796,6.8042397,0.06728129,0.11531419,0.10538171,0.07581069
0.6392838,3250.62,1.2576306,2.911479,0.051318713,0.20605408,0.04913935,0.04365638
0.64001954,4017.3618,2.6846137,5.9592977,0.12634504,0.07823829,0.047690064,0.05462937
0.58270454,2197.536,1.0760928,0.6064342,0.12222642,0.2256732,0.058166556,0.05367918
0.61950403,3082.637,2.8796148,2.1638818,0.13648514,0.07560914,0.049041387,0.043395072
0.63821375,1842.4149,0.29192373,0.6319827,0.1259121,0.048105467,0.037507858,0.04401491
0.6658376,1936.0413,0.117693305,1.1130375,0.12317509,0.0228744,0.03565659,0.034093987
0.5543607,2041.3167,0.057813257,0.4264686,0.12453532,0.13795172,0.28477985,0.051302463
0.64489126,1474.923,0.0043247365,0.43503627,0.20741138,0.06385074,0.1907857,0.030446082
0.67962694,1528.6774,0.0054988847,0.64895225,0.23535477,0.061388407,0.18796048,0.036179632
0.5660381,7404.9795,0.24280243,8.151765,0.2687073,0.6150969,0.1270269,0.10395561
0.5529467,5203.1045,1.478239,3.233066,0.23919442,0.3350621,0.09903775,0.11394637
0.6078286,3324.271,1.8476655,2.1727545,0.31265485,0.12787186,0.07825197,0.19110209
0.515525,4124.4526,1.0456736,1.3157392,0.15922838,0.52814007,0.106822535,0.11695525
0.70744175,2979.63,1.8127836,8.26842,0.08099823,0.11428933,0.08600459,0.110902525
0.6960455,3134.4653,2.433864,7.7665286,0.06517665,0.12374366,0.078094214,0.06468888
0.67638993,3001.8323,1.6150931,4.9031715,0.044734966,0.12057164,0.07394716,0.098307945
0.6654788,3362.5046,1.816133,5.769552,0.048251405,0.14567801,0.07322993,0.09913695
0.6290707,4332.444,0.6152166,6.0332394,0.052650645,0.29122028,0.05207547,0.09227971
0.65375984,3593.6272,2.2962053,5.905078,0.041053217,0.27163088,0.034224916,0.06679618
0.6177315,2061.0198,0.36248493,0.6103876,0.12246254,0.26176548,0.10783988,0.2034448
0.65216213,1330.8738,4.1027274,0.40833563,0.23109655,0.15056309,0.12102277,0.118395455
0.7864834,1208.391,1.0346746,1.4474231,0.15665388,0.15214626,0.11198246,0.10691238
0.6409954,1966.06,2.6142678,0.72888863,0.14829205,0.09070847,0.03521367,0.09045872
0.48374376,1392.6293,1.6405671,0.110228166,0.05249113,0.04138632,0.22090581,0.030755319
0.46176547,1121.4025,0.3664458,0.026576258,0.07787291,0.04272941,0.36426666,0.051724426
0.42748812,1135.0641,1.6498568,0.01365477,0.03252114,0.069455005,0.15728685,0.061883602
0.47704205,1248.3788,2.1557374,0.082295805,0.11480623,0.044862986,0.12646076,0.037414327
0.4753187,1134.0715,1.6914892,0.0438788,0.064125136,0.049135506,0.07572434,0.09104064
0.5596503,1698.13,3.0076098,0.2579838,0.12703215,0.07287763,0.072288394,0.16697755
0.643295,3186.5603,1.0392227,2.9909515,0.1602553,0.17375912,0.10566343,0.08338173
0.63009924,3522.433,2.6317298,3.559667,0.038657762,0.09107898,0.06936948,0.035999697
0.6814362,3479.4404,3.7130723,8.596646,0.054739565,0.13137755,0.13319035,0.069066755
0.66619724,2004.1572,1.231409,1.1870157,0.09587492,0.067616984,0.03202523,0.070966296
0.570214,3231.3362,2.8385448,1.3599703,0.12779169,0.097484976,0.12316461,0.045343682
0.6873873,2882.563,1.3284943,4.9205065,0.09350258,0.36654645,0.030642275,0.08904952
0.5555251,3298.3186,1.4279934,1.3011382,0.05168418,0.07284709,0.15011777,0.12984863
0.72730064,2620.7183,1.8409837,9.428394,0.088157706,0.05013559,0.064540885,0.12508789
0.6936334,3475.8943,0.9369923,10.493519,0.097654924,0.048723675,0.03478595,0.14001833
0.6434383,4778.958,0.9114891,10.694392,0.16628927,0.040193718,0.06832127,0.1594743
0.5439396,2027.0645,0.42569998,0.38273525,0.14904822,0.17752174,0.0816633,0.03885622
0.5893317,6385.6875,4.0145497,9.046411,0.296997,0.09128557,0.046740234,0.08594111
0.6293713,1377.424,0.45714173,0.28077662,0.15831766,0.16550201,0.07588194,0.12342465
0.5977328,6477.6787,0.060462642,10.425729,0.07070401,0.14722238,0.037385598,0.07805446
0.68580234,1713.2588,0.014387351,0.95369273,0.0934529,0.18020183,0.10125126,0.06121701
0.688005,1762.2147,0.008797011,1.096054,0.09666667,0.1802823,0.11539062,0.060675047
0.65395796,2530.3513,0.0062856376,2.0296528,0.06557034,0.09409185,0.08378816,0.035196792
0.6060501,1904.745,0.088145986,0.5567756,0.046847515,0.05901652,0.051421408,0.087502405
0.70020705,1853.1501,0.18151318,1.3808163,0.05107549,0.09920244,0.0485051,0.07349275
0.68708414,3492.156,1.3916037,9.827946,0.056500338,0.08636694,0.061869558,0.06741297
0.62929744,3765.4082,2.3911986,4.1455803,0.03913568,0.10036384,0.11121972,0.042995
0.65481097,3933.3687,1.3036162,7.953867,0.05077318,0.04382422,0.09130368,0.06723712
0.5847129,2453.404,1.051353,0.92562884,0.059123013,0.07230851,0.23979266,0.24132526
0.6917174,1886.496,0.8102665,1.4824493,0.06742686,0.08934069,0.18116805,0.15681742
0.57486033,5579.0483,1.9634256,6.118573,0.03886224,0.092197485,0.16430867,0.1357692
0.56735617,5256.4673,2.4633074,4.6334934,0.033518042,0.09374091,0.14922008,0.1551058
0.5706183,5288.711,2.39583,4.943557,0.033775244,0.09375351,0.14926288,0.15212928
0.70162994,2527.5513,1.722652,4.157115,0.16859823,0.12229495,0.07410196,0.12445435
0.63462603,3510.1748,2.2212768,3.4789817,0.102425724,0.098832086,0.1827228,0.0595882
0.67022943,1805.974,1.2084113,0.806975,0.073709905,0.07681433,0.13356136,0.05611823
0.6925926,3252.2563,2.1511521,8.971344,0.06795555,0.04397163,0.05487075,0.13380371
0.6228758,4876.264,0.7513512,7.6913385,0.070065655,0.07320244,0.05486561,0.09061216
0.66367024,1633.2627,1.3407253,0.63754326,0.20494832,0.1576203,0.05759707,0.089877024
0.6297156,5018.396,1.7076051,9.373693,0.049116615,0.09083635,0.060731117,0.054825168
0.6817462,3062.9246,1.9583974,5.6024675,0.07831541,0.11549081,0.035378046,0.10048209
0.6054906,4969.391,1.89381,6.042346,0.08507359,0.3120996,0.0648367,0.06227945
0.66541976,2797.8762,1.8256457,3.2050424,0.029421816,0.028362617,0.07900903,0.13344711
0.67714745,2933.987,1.0121075,4.5784807,0.11659743,0.17048797,0.057273887,0.036521338
0.68569535,2598.3774,0.5439042,3.2480314,0.1091777,0.17263922,0.056043316,0.035886735
0.5807077,4718.9707,0.68663424,3.510001,0.12767226,0.13186188,0.033186276,0.03806171
0.7103797,2950.0576,2.669956,8.426629,0.10635322,0.13194443,0.05305982,0.04934545
0.57348186,3105.718,1.886387,1.3081739,0.06919677,0.0684289,0.033742886,0.039721373
0.67342454,3966.9863,1.7994394,11.055424,0.11941497,0.047349185,0.07981742,0.040765807
0.72460526,2747.616,0.26112223,10.217697,0.08984472,0.025321132,0.06303193,0.024788002
0.6486947,4177.355,0.22753684,7.6826625,0.06458367,0.04285466,0.107326806,0.026939768
0.6800153,3712.485,0.5573612,10.165763,0.08851558,0.0820136,0.032617006,0.070628114
0.5460752,2625.5938,0.5113375,0.75111616,0.1359816,0.1318878,0.12532948,0.068293765
0.7014926,1768.4204,4.0662484,1.4464827,0.07464589,0.063926615,0.1547841,0.0684483
0.6059205,5154.1274,0.40351567,6.6182356,0.111212954,0.06658598,0.07173946,0.069315605
0.6209273,4016.5193,1.1402966,4.6257734,0.06756316,0.059410337,0.090303645,0.13151705
0.7183214,2833.2332,1.02692,8.5412445,0.066231154,0.12710306,0.044001248,0.11125322
0.65357643,2744.3552,0.7080959,2.5088634,0.040460333,0.104221396,0.047058105,0.11112324
0.65446126,1693.2921,5.064177,0.6186547,0.056486543,0.08706132,0.06973395,0.02807881
0.6235529,1457.7064,5.0217757,0.3388808,0.06245494,0.09402894,0.07292374,0.034531407
0.6657911,3232.6104,0.6886523,4.8127956,0.11399053,0.12374605,0.11941867,0.047515422
0.6522723,3162.2576,0.09977477,3.8249393,0.030065423,0.05482573,0.034198757,0.07372899
0.6522352,3399.2075,2.8670025,4.646202,0.053766917,0.073217385,0.059136998,0.024666956
0.65657884,3752.0227,0.5987621,6.0748224,0.06962427,0.0723706,0.083636336,0.06318977
0.5813145,3944.3105,1.6531806,2.8848186,0.036592,0.04191707,0.28288716,0.14614195
0.64835936,3675.6335,0.5389058,5.2762136,0.070686504,0.066813104,0.075185515,0.17247868
0.61892474,4811.8076,0.39040455,7.3712482,0.068945184,0.056640457,0.06718607,0.19393119
0.6047063,1598.2041,0.41457254,0.35192758,0.04272978,0.031363536,0.08444041,0.081683725
0.7187654,2179.1528,0.35422045,3.173814,0.059157897,0.23187122,0.04705062,0.076620445
0.58328855,4490.196,1.5688332,3.3494008,0.066418536,0.057613306,0.061528414,0.12303087
0.6783937,3963.1494,0.5255646,11.788202,0.058112953,0.07476875,0.084882736,0.055628784
0.66364276,4010.8274,1.0464277,8.962829,0.05353149,0.13132723,0.06932978,0.041222602
0.62740946,3078.7363,2.6066005,2.4838915,0.070076026,0.071371995,0.045697488,0.04356085
0.63383657,3637.7893,1.293552,4.3309283,0.04802746,0.057516243,0.040886242,0.1216114
0.61357814,2208.0105,2.3176527,0.88449514,0.044018656,0.07022637,0.07137688,0.06775086
0.6728985,3053.3406,0.41227746,4.4838204,0.13707727,0.17897472,0.13766268,0.030580947
0.4725058,1781.7257,4.0604157,0.18953331,0.14895645,0.11022982,0.11600955,0.090249576
0.45235378,1613.9233,2.026665,0.12834445,0.1370033,0.10941222,0.14334604,0.09965553
0.5452737,2667.437,1.4048656,0.7041771,0.16941403,0.08257913,0.09376252,0.23584153
0.6095737,5085.504,2.5183542,7.1719623,0.16599247,0.06337994,0.059565645,0.15983668
0.6504151,4532.576,2.2983923,11.215405,0.10010421,0.03870764,0.06399298,0.18785787
0.6599697,4319.9263,0.64771074,11.297896,0.10212183,0.045346335,0.06865665,0.14722535
0.66871005,4124.7524,0.62558776,11.243767,0.10269624,0.046033733,0.06764335,0.1538323
0.6054097,6056.178,4.5240574,11.333063,0.14768925,0.05908529,0.17433265,0.16311458
0.65543073,2965.9968,0.27770054,3.6781368,0.16030014,0.03615272,0.23278485,0.24490917
0.65874565,3235.2231,0.23410314,4.7139564,0.16813335,0.03955297,0.242387,0.20589834
0.52432215,3979.9788,0.30009472,1.4674412,0.07308082,0.08543796,0.10846895,0.19231384
0.7402238,2486.0671,2.079524,7.436504,0.22170088,0.3485321,0.09014955,0.19470493
0.46440524,5564.939,1.5267785,2.0817776,0.083546355,0.14804183,0.11405879,0.2307323
0.56727135,5336.3184,3.854684,4.078232,0.08029373,0.17949402,0.120021194,0.23603112
0.6153719,4820.8745,1.1041095,6.1736727,0.08423555,0.106947124,0.15160985,0.15445024
0.5947533,4533.8755,2.9347894,4.0786867,0.07294852,0.054796197,0.20952731,0.10800901
0.66965294,3818.0654,1.8706291,7.447247,0.11829478,0.10421282,0.3062381,0.11775504
0.7334115,1173.5757,1.9188335,0.56526273,0.1269681,0.03804625,0.07121657,0.09289632
0.7875761,1110.4535,1.9517767,0.8223096,0.22509243,0.064787626,0.054107208,0.08544326
0.69882303,1130.7153,1.8193907,0.34814808,0.20053163,0.10021468,0.042445254,0.09346712
0.51513845,6911.6094,0.8632884,3.9303553,0.15374808,0.10239523,0.06433717,0.18509308
0.7355949,1744.1814,3.054137,1.7724558,0.15850447,0.06862479,0.08208306,0.067980625
0.73054284,1448.9625,0.12396406,0.72411656,0.06750391,0.07128295,0.080059394,0.10216591
0.7408337,2063.5823,1.3652905,4.352431,0.056282826,0.027726404,0.09993948,0.040025108
0.73309326,1886.8768,1.0475045,2.6944923,0.0568602,0.027246306,0.108164735,0.04272167
0.6340749,3869.2922,0.60331607,5.460374,0.06364243,0.031764805,0.10746656,0.06863688
0.64638317,2394.3208,0.28948957,1.5210222,0.069026716,0.24436933,0.03956913,0.040886827
0.61753976,2082.5342,0.32915694,0.71480143,0.07221265,0.23565947,0.035836305,0.043880686
0.6772176,3408.29,3.4612134,7.4770546,0.13478827,0.15547495,0.12876044,0.04228296
0.5719218,3315.4656,0.5607424,1.5335506,0.10485793,0.1793024,0.0647465,0.07990154
0.6013057,2821.4744,0.6419992,1.3864115,0.11037262,0.13467067,0.07193327,0.09637265
0.6851449,3679.6257,0.7102034,10.264298,0.15639277,0.036467366,0.048941262,0.109952435
0.6413163,3512.45,3.633106,4.5191274,0.14241923,0.038913585,0.04789848,0.17627172
0.6728109,2453.8853,0.97161764,2.2827723,0.12782732,0.06906046,0.03210299,0.046155393
0.6816259,2472.4229,1.0908145,2.6340394,0.12789445,0.06741082,0.029142777,0.05374727
0.6565939,4298.4736,2.6515718,9.919008,0.4350075,0.05861875,0.096141316,0.032364648
0.7058614,2900.6375,1.6720204,9.619938,0.362517,0.069565795,0.16698124,0.04243963
0.65961796,2800.898,1.6465199,3.2165434,0.32154828,0.04589573,0.059331663,0.06622155
0.70960677,2484.6008,1.443411,5.0849333,0.31306148,0.05132565,0.03895217,0.050163046
0.675771,3294.6682,0.9287436,6.7196302,0.30758634,0.033088118,0.028610205,0.033749197
0.7340012,1356.0409,2.0372114,0.7211385,0.13309623,0.11396988,0.23641428,0.07256259
0.7199694,1542.1884,1.8619877,1.1884702,0.12709787,0.10890665,0.2781315,0.09680727
0.62773544,3325.6372,1.7389995,3.07747,0.10657939,0.119020194,0.11796034,0.047505282
0.6451397,3096.34,1.8454823,2.8433316,0.10744447,0.1250239,0.12753718,0.051665697
0.6523783,2625.2795,2.1493056,2.2604308,0.12014803,0.11041929,0.14051683,0.043029927
0.63245726,5382.5273,0.28155306,10.85913,0.045875337,0.17888203,0.06557511,0.08417661
0.6861124,3866.9536,1.2580101,11.782492,0.05998395,0.22857215,0.07458206,0.072859064
0.6355351,5239.2256,2.9219978,11.865244,0.03644954,0.12020542,0.11518911,0.043382376
0.7115258,1927.3341,0.7170895,2.0729012,0.09506871,0.12091816,0.03832009,0.12189466
0.69634414,1613.7583,0.4447747,0.80142987,0.093243055,0.11066376,0.0385592,0.11833049
0.6857951,2173.2715,1.6564682,2.0636983,0.05267813,0.11781028,0.037484527,0.082347624
0.5980688,2893.8892,1.741603,1.5217448,0.084170744,0.034907773,0.07790641,0.19827902
0.6010706,3436.9836,1.787607,2.3848238,0.09936239,0.06779145,0.04941588,0.10016906
0.6647861,2110.7969,2.3157585,1.3727499,0.037921853,0.06909772,0.08404305,0.105229184
0.6792276,1960.166,1.4539844,1.3597032,0.029969795,0.08357409,0.09494415,0.09277284
0.58602136,2371.6758,1.2208982,0.8138661,0.042382687,0.23757729,0.103383124,0.05632742
0.6926726,2548.8682,2.1031387,4.088273,0.056224577,0.30235046,0.08587411,0.0642994
0.49798274,1567.7266,1.3822557,0.1687848,0.06827922,0.05953695,0.045200948,0.032923024
0.5422587,1215.4791,0.70558506,0.12067051,0.107265875,0.060152482,0.097480506,0.14654234
0.48894334,1418.9856,1.2056183,0.101250894,0.10493631,0.04865572,0.062359355,0.12006344
0.46790493,1062.8605,0.5926877,0.013856184,0.17995067,0.0595541,0.07386889,0.054483466
0.4520453,1084.5177,2.754235,0.011735526,0.1429541,0.05587317,0.05972913,0.070620015
0.57486033,1809.9028,1.8049806,0.38410527,0.04867432,0.07449905,0.15670595,0.04175559
0.6256543,2255.9812,1.178909,1.0584935,0.05812829,0.041507952,0.08605452,0.11366167
0.5705399,2249.675,1.3211273,0.58936924,0.076029,0.10429495,0.13519149,0.06923649
0.59381604,1808.2394,1.1833445,0.4404654,0.112254284,0.04986023,0.057459638,0.10784134
0.63780785,3503.1445,3.0593789,4.2751226,0.06303018,0.05195611,0.06614527,0.06806187
0.6491832,3440.7585,1.1189622,4.5963545,0.045077335,0.072493784,0.037427597,0.16455129
0.63865054,4105.9995,2.750142,6.1528125,0.06632158,0.063473925,0.03732728,0.2756589
0.6977027,3469.2678,1.0770293,11.404825,0.035270244,0.06994568,0.0838908,0.20087974
0.66247314,4374.5713,2.4120789,11.522186,0.14056563,0.09719446,0.03226928,0.113095924
0.6621981,4506.4253,1.0741376,11.744934,0.07364842,0.0895541,0.1359443,0.07446481
0.6474124,4410.153,2.872378,9.221862,0.04604479,0.17195563,0.09657319,0.047054112
0.6387656,4363.5317,0.7166927,7.4560556,0.063481934,0.21914765,0.045890674,0.097109035
0.5714501,4170.751,1.5314631,2.4154513,0.084536165,0.18139552,0.06463103,0.035872698
0.60225934,4440.3555,3.0359182,4.280866,0.08246066,0.20202807,0.07447284,0.031328715
0.65735507,3841.1233,3.1437333,7.5476565,0.09620266,0.03942116,0.08616078,0.095841855
0.63100255,2877.439,1.910218,2.169799,0.07803425,0.055442274,0.097507425,0.10634161
0.60462385,4616.5073,1.3778769,5.6617775,0.08267325,0.075962506,0.089378424,0.10873769
0.57498175,4195.225,2.9756062,2.7889516,0.11401597,0.09025575,0.052939825,0.11067088
0.65824914,3025.7393,1.0208346,3.4930165,0.21518937,0.05527485,0.3164604,0.09814025
0.6456439,3104.099,0.6453756,3.0663767,0.101536125,0.03897752,0.11771538,0.12762992
0.61926556,2243.8994,0.23037224,1.0558861,0.06412449,0.0795402,0.10174979,0.11920465
0.59171003,3258.7295,0.20359775,1.9896849,0.049903817,0.07639466,0.06227541,0.2711609
0.5986069,2535.8674,1.7229605,1.072891,0.033679157,0.049276274,0.060500693,0.20010027
0.62044835,3151.7166,2.0356998,2.3262525,0.14825097,0.11419062,0.11069001,0.26782423
0.6419562,2585.4824,1.701521,1.6846914,0.1330299,0.14362901,0.085791685,0.1674962
0.63606364,3721.8894,1.1736598,4.7095675,0.17553785,0.2031518,0.04512643,0.03447631
0.588292,1816.8492,2.1274343,0.45221737,0.051283155,0.07185233,0.1053634,0.14463167
0.5408008,1419.6843,0.94721264,0.17764252,0.030795962,0.037631534,0.060637955,0.08514471
0.5763859,2009.3964,0.81115836,0.4963503,0.039473902,0.03898968,0.06553513,0.07625289
0.6457068,4407.6973,0.40312874,9.059916,0.09331271,0.19589597,0.056248188,0.04203744
0.65469074,3272.5007,3.1597538,4.409108,0.06624126,0.15627272,0.1771849,0.05199564
0.6582548,4375.7427,0.434423,9.954124,0.056495987,0.0990723,0.21303505,0.050332777
0.64613736,3154.7903,1.8259723,3.488567,0.029656738,0.07654092,0.06979263,0.067021176
0.64572096,3337.719,1.977135,4.0577965,0.04103844,0.07706441,0.20621714,0.051545307
0.6319971,3498.7375,0.7628055,3.3520179,0.15737316,0.07639814,0.1993692,0.046951003
0.707395,2344.2253,2.6900604,3.9591973,0.07515189,0.037440073,0.02609213,0.043435108
0.71966875,2180.9146,1.3466334,3.7041903,0.1257369,0.056259055,0.038373217,0.019380074
0.70738053,2709.2642,1.3476012,7.2429705,0.22267848,0.047128167,0.067152925,0.0524605
0.59556097,3114.3323,1.0146191,1.4195749,0.5222386,0.17416088,0.05276119,0.055460982
0.7057276,2876.7576,2.7055743,6.4893656,0.16158102,0.117888704,0.104459815,0.09354365
0.542635,6139.412,1.6602631,4.2395463,0.12625684,0.24665472,0.0987663,0.13774186
0.7134464,1628.3824,2.1273437,1.2244618,0.14743839,0.04976942,0.051316693,0.09661704
0.68265253,1762.6793,1.7136924,0.9734349,0.16521075,0.04405363,0.04894924,0.09899977
0.6511014,2841.7095,2.3228917,2.6140304,0.07534874,0.14841703,0.05999595,0.038740534
0.6857321,2563.5168,1.3266863,3.4011364,0.08031039,0.19570513,0.045325633,0.037983075
0.60005844,1677.786,1.6323779,0.41424057,0.10060339,0.0661597,0.12504555,0.040482044
0.52439487,1411.8557,1.9748399,0.15576178,0.031443845,0.055429123,0.14002445,0.030877009
0.46364972,1407.3656,2.9553263,0.09631164,0.04037288,0.03891882,0.0975274,0.028911237
0.5062672,1306.9652,3.5462205,0.110375434,0.04166438,0.055098724,0.08296933,0.027773459
0.6959409,1427.4197,2.2807107,0.51186347,0.094514064,0.087381884,0.070297234,0.41705406
0.6576706,2259.4226,1.0673828,1.641435,0.07135765,0.045154005,0.045005254,0.28370675
0.6402914,2247.3223,2.754715,1.2337761,0.023471914,0.108004525,0.047502544,0.07630363
0.6725385,1971.489,2.1500065,1.2960306,0.028943816,0.06671517,0.083334304,0.070368126
0.665052,1846.2006,4.271398,0.82804257,0.029065013,0.09203894,0.11948244,0.07891359
0.6583362,1845.2808,4.0692143,0.840312,0.028472498,0.08851758,0.123085,0.077750504
0.6783291,1748.7692,0.44894534,0.9113801,0.13922,0.043778006,0.10416925,0.18138051
0.55634946,1866.547,1.7584996,0.37028903,0.11089179,0.0607289,0.06259799,0.1900471
0.59299016,2303.372,1.944334,0.79685855,0.062112078,0.12294199,0.08123095,0.26414835
0.64246804,4247.752,1.6552824,7.550104,0.05157841,0.106126904,0.110934496,0.117060974
0.58471864,3515.2148,1.569519,2.2587912,0.0370099,0.11747116,0.13207795,0.113529176
0.6440119,3716.4517,1.4533639,5.052959,0.080188036,0.11401847,0.05054869,0.24122243
0.62717843,4172.4233,2.2058232,5.392017,0.09718334,0.16190997,0.0785881,0.24003747
0.6265072,1546.4384,1.826339,0.38278994,0.24503261,0.25287408,0.1119686,0.115073115
0.55856293,1107.6208,3.2270195,0.11279414,0.24489772,0.17314439,0.16444424,0.08652905
0.4880942,1021.8642,0.7459421,0.011546066,0.16477692,0.08139616,0.027555149,0.06981706
0.41942608,1227.7067,1.607418,0.029134182,0.058016114,0.06694809,0.1881069,0.07274518
0.59712166,2949.4114,3.0292797,1.500296,0.07195178,0.07904631,0.07227223,0.041553847
0.6122705,2512.6997,1.2326221,1.2270259,0.07192999,0.09682474,0.086304285,0.06353682
0.5945183,2905.167,1.194684,1.4174293,0.05552695,0.07740057,0.12010776,0.04140446
0.6558722,1593.3103,0.41852087,0.5194703,0.050823588,0.049012724,0.12330376,0.056760367
0.66770595,2991.2134,0.094914116,3.9656827,0.0526875,0.052104447,0.088335805,0.049183033
0.62823,3532.634,0.14852346,3.5460818,0.036375407,0.040359776,0.05457515,0.034380116
0.6506002,4712.4536,4.6176004,11.636324,0.108992554,0.105335265,0.05335097,0.07929061
0.65172905,4655.013,0.11182649,11.487816,0.049567007,0.046692174,0.05107118,0.054629825
0.5883061,1914.5022,4.3870506,0.46808374,0.06285254,0.15622209,0.091462076,0.058167484
0.6420706,4131.8994,0.9511154,7.2138433,0.05408518,0.09322962,0.17456922,0.065711915
0.677023,2974.4785,0.5216722,4.977334,0.040449336,0.04948801,0.08689229,0.039932277
0.63830274,3696.6023,4.5032268,4.671549,0.038576327,0.060834948,0.1003681,0.10048964
0.6381444,3982.7158,4.105231,5.754961,0.03673552,0.07112628,0.1299096,0.13068421
0.62930256,3464.9817,0.70214885,3.4154491,0.1906518,0.120963834,0.05061017,0.055584848
0.6188449,3306.981,0.79220855,2.540065,0.22479619,0.136508,0.05588524,0.04462418
0.66356164,3169.781,0.7342842,4.596384,0.08560965,0.05353099,0.062186062,0.064350344
0.6635334,2914.6865,0.7236152,3.5430918,0.079643205,0.06493145,0.058950476,0.058629066
0.6553673,3520.4062,1.3871361,5.5585017,0.06461233,0.07055346,0.060484268,0.09466922
0.5945248,4837.445,0.82571673,4.846667,0.06751432,0.057283748,0.048434574,0.07332293
0.6951732,2991.251,2.666517,6.753648,0.038192105,0.0677602,0.05257794,0.06584966
0.6679573,2979.9912,1.4036982,4.1452546,0.06380849,0.066436656,0.16321383,0.052100796
0.60641855,3711.8164,2.385049,2.9637308,0.09029044,0.070083246,0.052050225,0.065029226
0.6886607,2852.0996,1.6592706,5.2080026,0.27997616,0.09884722,0.046859972,0.030313151
0.6537386,3021.328,2.5921423,3.1576624,0.17795593,0.10133161,0.04511171,0.06553124
0.63929474,3473.281,1.6252372,4.109043,0.1603676,0.12936683,0.047339283,0.028774953
0.6938529,2421.6953,1.9965199,2.9960823,0.15410624,0.13864103,0.041757174,0.021375533
0.6089249,4061.2102,0.79771405,3.6827674,0.13604482,0.10606356,0.071023844,0.030768396
0.68097526,2658.0664,1.668252,3.7553084,0.040331468,0.21634255,0.060102582,0.04948519
0.6012602,3011.635,2.6778533,1.4522114,0.09343414,0.23666415,0.053851426,0.087251395
0.64856017,4695.117,1.2946566,11.111273,0.08419734,0.23553218,0.113335595,0.058789026
0.6637427,4466.332,1.7084413,11.609942,0.0844369,0.23603967,0.1381745,0.04511815
0.6617866,4465.8164,3.7706327,11.246979,0.07132566,0.106840014,0.08337431,0.037744194
0.65669066,4469.185,0.53380346,11.811868,0.074658476,0.070717454,0.034456603,0.1429502
0.6110803,2090.419,0.12664202,0.7312912,0.05412464,0.1685652,0.15646145,0.054714918
0.6539155,2826.6892,1.4660883,2.9406505,0.124095626,0.19902097,0.090338185,0.03157346
0.5707026,5040.2754,0.9489708,4.237028,0.06059675,0.05556198,0.19093844,0.06833226
0.6307464,5183.764,1.0709476,10.185798,0.064973556,0.09551704,0.042699754,0.06416627
0.6586405,4435.8457,1.2740774,10.509841,0.05739954,0.06205444,0.020539258,0.071379334
0.7220144,2492.7964,1.841919,6.511183,0.055351246,0.054589644,0.040995028,0.06301439
0.6338499,3851.6816,0.10964987,5.0529637,0.065918855,0.061858114,0.07435626,0.09307872
0.60858804,4914.1157,0.037705246,6.5120106,0.08647208,0.0706246,0.068901755,0.08705613
0.66362363,1968.048,5.9883056,1.1176298,0.16373295,0.10670329,0.036760833,0.2587913
0.6687935,1992.0779,4.94199,1.2352546,0.16745111,0.11214608,0.036654413,0.25243822
0.53830874,2769.067,1.5023423,0.73637617,0.15728936,0.10008398,0.05868032,0.13335074
0.58364034,1970.0018,4.846654,0.5169457,0.17113833,0.0781435,0.064076625,0.103727
0.5508907,2435.2354,1.8736713,0.6549212,0.15786046,0.065684095,0.08529703,0.09252438
0.54311806,2278.692,1.6880918,0.5451523,0.14944403,0.063846126,0.08911241,0.09046
0.57267547,2651.1057,2.9743898,1.0134764,0.10253298,0.066463284,0.1076963,0.07985174
0.5769748,1744.83,2.3863664,0.3713049,0.1011491,0.12671486,0.10595051,0.1092899
0.6734445,3918.6938,0.77977026,9.543896,0.0493629,0.060507864,0.03090983,0.4642514
0.6166667,5059.9536,3.4169676,7.7063684,0.056131877,0.042314306,0.13636667,0.09367135
0.65316236,3671.1934,0.5918467,6.826709,0.04512676,0.17261328,0.15959682,0.17041305
0.58904356,3886.649,1.9918946,2.910335,0.12641428,0.21845028,0.18300459,0.048557736
0.68524104,3393.545,1.6388608,8.635366,0.044440415,0.06897648,0.17111933,0.053006552
0.608133,3666.0005,2.40656,3.1410046,0.07771613,0.18765476,0.09883909,0.057232663
0.6240081,3815.6682,1.3448113,3.8194861,0.12160306,0.110724136,0.090036914,0.047426596
0.6573694,3138.393,1.4419862,3.6971292,0.053506605,0.056845497,0.08483754,0.07729629
0.6662453,3162.8643,0.65253973,5.391242,0.0819029,0.057720974,0.07637567,0.10216128
0.677237,2743.5747,1.1014302,3.4717174,0.067097396,0.078115225,0.056072906,0.12405883
0.65511394,2999.582,4.1481338,3.183961,0.06188537,0.12606749,0.038792174,0.09865561
0.63770646,3666.5222,0.7142121,4.254274,0.07743049,0.15878783,0.03015715,0.12956181
0.6851632,3248.543,2.559776,7.8871713,0.078828506,0.03992888,0.06502011,0.111352436
0.6492693,2245.4841,0.5014692,1.3783495,0.04391875,0.28492478,0.16620162,0.11197602
0.5445338,2131.565,3.7742507,0.4513662,0.053037684,0.24624349,0.09654863,0.11003822
0.72955203,1681.5804,0.8002575,1.5731514,0.045164213,0.18353902,0.070574686,0.1773825
0.594713,3674.1924,1.0871203,2.2603812,0.07222056,0.111396864,0.040952027,0.07300476
0.52436817,3340.27,1.5480273,1.0627174,0.05772517,0.111615606,0.046809122,0.07725975
0.6449105,4537.3906,2.7059567,8.88201,0.38216665,0.055506304,0.059584904,0.04146708
0.51365674,7197.9023,2.2724473,4.273983,0.20984553,0.15906838,0.05785456,0.09999442
0.5738846,7150.0386,1.652727,9.225569,0.10281031,0.2183553,0.050563723,0.040160116
0.6467128,3060.3994,2.3343186,2.77073,0.13736935,0.18110612,0.04674876,0.039576508
0.62003815,4362.6504,1.2916999,5.6818833,0.07466483,0.2212792,0.061338242,0.10349506
0.6296612,3913.4172,0.041222665,5.39922,0.049678598,0.17430094,0.0976273,0.2123476
0.65398425,3426.8794,0.01238379,4.647398,0.045861218,0.059840936,0.03883652,0.45858017
0.5992302,4165.755,5.975944,3.9943092,0.08200775,0.07456487,0.10885385,0.07077096
0.7162115,2648.837,0.02418537,7.3398247,0.084070124,0.12888733,0.09642728,0.25350586
0.5874507,4692.431,0.014990585,4.5479984,0.05215442,0.12132461,0.048504915,0.2675938
0.69338125,2887.4114,6.4214563,5.654772,0.10973036,0.10723628,0.26895785,0.056224953
0.62427247,3537.2842,0.17810617,2.8550463,0.08061412,0.17780554,0.15553421,0.028730236
0.62437856,3521.307,0.1778208,2.854589,0.08077273,0.17812242,0.15552945,0.028839631
0.62232906,3666.8406,0.19535168,3.4932172,0.084522344,0.17581016,0.16197315,0.02813467
0.6409228,4042.0144,3.9065819,6.5340223,0.14278093,0.20380832,0.113510124,0.12271018
0.6599363,4351.019,0.5361906,9.707357,0.063961565,0.17818779,0.17034724,0.11372453
0.5333933,1444.173,2.8494332,0.17330043,0.050363004,0.082854815,0.259522,0.038398027
0.7307787,2162.505,1.2742132,3.8958962,0.03275906,0.5008255,0.054551173,0.10947344
0.71257925,2204.9587,0.5717071,3.2934296,0.12485763,0.035013974,0.13240455,0.13955685
0.7242359,2108.7458,0.2702347,3.4391856,0.1530703,0.037341505,0.13133627,0.12086126
0.54499024,5381.123,2.057447,3.0778134,0.17284364,0.12981007,0.03167777,0.10118687
0.71399975,2236.1616,0.4483613,3.4678128,0.0889161,0.12635547,0.061848763,0.07463697
0.6366952,3169.9883,1.6376758,3.0545633,0.13589118,0.14125763,0.11337283,0.07546084
0.5945399,4065.7861,1.927523,3.5120425,0.1026533,0.11520139,0.08963443,0.07463764
0.57034516,2231.7847,2.3744361,0.53375876,0.11365332,0.072876275,0.15350771,0.101108976
0.427558,2243.3228,3.720251,0.23578581,0.10108593,0.11506442,0.1454304,0.14303127
0.45350382,3301.8555,2.3764741,0.5918862,0.10634448,0.1093004,0.17208792,0.15026532
0.6537515,4126.946,2.0606494,9.105515,0.08941421,0.12367485,0.11396656,0.1502196
0.5737991,1705.863,1.8795626,0.32233375,0.05748141,0.233834,0.030821031,0.09349005
0.66695905,4034.6323,2.2477777,10.134536,0.09583902,0.049796112,0.09235989,0.027229564
0.6687349,4301.1084,2.2174637,11.916172,0.08053803,0.08425172,0.041926026,0.14325649
0.70710105,3322.4502,3.066085,11.8496895,0.06135034,0.079909675,0.046828635,0.15735832
0.7419649,2616.951,0.7800918,11.439516,0.0862318,0.05682818,0.052895203,0.15109362
0.6365249,2516.9663,1.3545693,1.6552819,0.09286663,0.116516724,0.18721548,0.12442575
0.6152776,2902.9673,1.2020991,1.575444,0.09704233,0.1089193,0.17631537,0.09853871
0.61442727,2662.9277,2.8396363,1.611679,0.065992475,0.2850132,0.12707222,0.060634412
0.70375264,2378.4216,1.4284297,3.9561467,0.1145363,0.24940555,0.08811904,0.08205741
0.50507736,5679.7656,2.6086113,2.867617,0.07060047,0.21873045,0.16076279,0.45992377
0.6330876,3463.864,2.3621593,3.702043,0.08030631,0.22673589,0.21512358,0.26657954
0.6183237,2480.7976,1.7561468,1.3237766,0.046509504,0.03858826,0.044433266,0.07040933
0.60902977,2473.8447,2.668367,1.0564445,0.1393745,0.16897088,0.22115374,0.05562719
0.59537244,4104.0522,1.239293,3.2992787,0.13070075,0.073081106,0.10724385,0.12831725
0.7026173,2432.4053,0.36961254,3.023081,0.055401854,0.14942423,0.26379684,0.1540757
0.5754232,4554.8535,1.1409386,3.5974076,0.09572073,0.114550725,0.09790161,0.17825301
0.6899034,2586.906,2.7199118,4.1051598,0.05842971,0.06584789,0.13188593,0.16417953
0.6192251,2804.728,0.5884147,1.820994,0.04761421,0.13252696,0.106171474,0.05159531
0.62262976,1892.4141,1.9465503,0.60586965,0.06086597,0.15024072,0.16775297,0.06769091
0.5944455,1981.3591,1.0109693,0.6083645,0.06671139,0.13477632,0.1704905,0.11046587
0.670831,2721.3235,3.4356623,2.7919352,0.032002807,0.2603769,0.28628173,0.05517327
0.67233115,2670.537,3.4849184,3.244581,0.03202565,0.2711507,0.28454453,0.057076078
0.64940286,3087.9854,0.95312506,3.690562,0.04341436,0.20010385,0.13879786,0.062082145
0.63616174,3119.684,2.1408916,3.032878,0.0967042,0.04577528,0.043434188,0.14802723
0.6526607,3936.601,1.7198144,6.215188,0.118703425,0.13037226,0.06356188,0.11358573
0.6646911,3932.708,1.9159694,7.126736,0.12396197,0.13482533,0.06979216,0.12755114
0.6822944,3320.4219,2.7854848,8.380525,0.11276018,0.119695514,0.076892644,0.112439856
0.5933584,5220.3213,1.0957001,6.2946167,0.07099308,0.14241146,0.082493946,0.1334841
0.6529955,3471.062,2.3459005,5.218291,0.10129723,0.12747553,0.039430607,0.05939272
0.66393113,2958.3906,1.9637136,3.4832256,0.032566156,0.06598756,0.08819767,0.063199066
0.6047955,3736.851,0.08143863,2.57205,0.2353451,0.17920591,0.048882417,0.058197267
0.5439714,5296.559,0.13604495,2.8217444,0.15012643,0.2865831,0.03669991,0.102527946
0.702958,2324.4856,2.0642896,3.2880325,0.0845689,0.036336455,0.09317583,0.026865423
0.71892196,2153.5918,3.8489392,3.2767687,0.09982591,0.070558116,0.06869175,0.01928888
0.5736843,5336.992,0.46324772,5.4774,0.03438069,0.04670913,0.15917945,0.23974106
0.5077829,6438.266,1.9501535,3.8939404,0.04598482,0.04912317,0.13929676,0.27931827
0.64859396,2962.6365,0.58045834,3.3574576,0.1965807,0.038783416,0.18652815,0.25698683
0.65354866,3049.0676,0.46655685,4.2105727,0.204525,0.035354383,0.18405837,0.28324705
0.59015,4542.0645,0.75614244,3.4844463,0.14888918,0.12897897,0.08228088,0.05637595
0.5982433,4394.2773,0.8336699,3.5036817,0.14564754,0.1319961,0.085505046,0.054912016
0.62803805,2374.1436,2.398796,1.1356678,0.11129643,0.17126405,0.05296798,0.05195571
0.61106217,2581.3684,1.9300139,1.2103677,0.052251317,0.13555518,0.03123981,0.02280166
0.6367072,2211.7563,2.1340053,1.0862818,0.037072003,0.11088632,0.042856917,0.04983078
0.65420187,2393.8328,1.0970091,1.667593,0.029621271,0.11142709,0.037653465,0.05717692
0.6394694,2010.3772,1.0761689,0.8593721,0.030504202,0.11406961,0.030603973,0.056372173
0.6588398,2296.0608,3.168437,1.7912629,0.03659384,0.03000839,0.1140932,0.07872875
0.56960577,3209.3943,1.1730298,1.4628643,0.039946914,0.07344113,0.11143224,0.08549995
0.69531786,2004.1926,2.599108,1.7820431,0.03241011,0.07048873,0.18897414,0.07011341
0.67476267,2789.7295,1.696337,3.7371264,0.04931098,0.07198674,0.19280481,0.08038786
0.6728708,2266.4397,1.4692847,2.0426064,0.04566378,0.05207546,0.21636817,0.087044284
0.6866379,1866.1243,0.78630537,1.0903493,0.059613038,0.10586029,0.21180397,0.044116598
0.6847937,1812.3413,0.7484373,1.294457,0.058630016,0.10603626,0.21016723,0.04371176
0.62642944,3802.835,3.3100278,4.7125163,0.3026672,0.08000978,0.068040214,0.12880236
0.66637146,3417.4253,3.7662525,6.7505918,0.30905333,0.066346236,0.05520218,0.14703321
0.65960395,2861.522,0.9905108,3.8572128,0.2086162,0.07276834,0.13590083,0.1412349
0.6011102,3455.7478,2.4764125,2.4933324,0.114114195,0.11453892,0.062021576,0.13841385
0.6289397,3115.4885,3.1726813,2.8132775,0.07585376,0.073578924,0.07215275,0.101541236
0.6889075,2062.2126,0.96549255,1.7061946,0.0783692,0.13779426,0.042524748,0.056831293
0.6340301,1970.2294,1.6281754,0.68618584,0.07366733,0.11177234,0.036555547,0.06218206
0.5786759,2775.3967,0.78633386,1.032058,0.063505635,0.07174243,0.05002506,0.031431887
0.6259563,2050.662,1.7481894,0.7199482,0.05717702,0.06515549,0.045833707,0.035193965
0.6452323,2335.7197,0.5348388,1.4904207,0.042173553,0.0743251,0.06669953,0.07397637
0.55794287,2659.5059,4.2144756,0.76343334,0.12583354,0.08164107,0.065702416,0.05669211
0.69801736,3441.2673,0.120720625,11.159943,0.07424418,0.08643158,0.15524295,0.06156946
0.5766402,3612.8833,2.8829625,1.9376007,0.18872432,0.060991228,0.02455322,0.036107987
0.55557615,3546.5051,1.1553669,1.4212062,0.20628692,0.1687835,0.056262083,0.055148244
0.67505497,3623.614,0.5068535,8.747838,0.19684553,0.15533967,0.053605143,0.049895965
0.7017349,2656.076,0.13323116,4.847273,0.15200059,0.19668475,0.06699434,0.026993684
0.5996333,4006.795,2.049992,3.1946597,0.07494116,0.05874635,0.02552709,0.07128245
0.6230682,5267.6865,1.8977659,9.437068,0.041695446,0.09641344,0.17918848,0.038825125
0.6939875,2986.0674,0.5983822,7.2574015,0.05081815,0.040178705,0.08902568,0.040738788
0.65495586,3935.4485,3.6918497,7.3534207,0.16548821,0.22484918,0.21679315,0.090345055
0.66036886,3489.2058,3.0696385,5.2318707,0.16000082,0.20083931,0.1812366,0.07735366
0.5834835,4976.6597,0.80211055,3.9464383,0.32222685,0.16949593,0.16264105,0.026417118
0.68252355,3145.7576,3.8606215,6.719903,0.14310184,0.042484395,0.044969387,0.1295165
0.7128967,3002.6072,1.6948433,10.903654,0.12479849,0.038992666,0.036012214,0.10355257
0.6470524,4942.4834,2.334164,11.663881,0.08703565,0.06940154,0.15545757,0.046082743
0.67089844,3939.1382,1.2460126,9.891698,0.1838503,0.04545194,0.06784115,0.11453712
0.65588117,4526.6357,2.9103653,11.714192,0.114608966,0.1865179,0.055891864,0.030382974
0.66215605,4330.218,0.97483486,11.464639,0.09338689,0.18486011,0.06560678,0.05270887
0.6381897,2456.4448,2.7916448,1.5455538,0.05690691,0.060085103,0.046830967,0.045412146
0.6649695,2097.6155,1.1875311,1.2644516,0.04565236,0.04492163,0.027894715,0.046272516
0.6808229,2564.1592,1.9994794,3.1485507,0.02942507,0.05363182,0.034136258,0.058701783
0.68569016,2370.2864,1.07627,2.6357155,0.03777671,0.08024743,0.051126927,0.08354705
0.6195436,5201.508,1.600569,9.671844,0.058201678,0.03748583,0.0789652,0.14390449
0.60774946,3889.3472,1.0119879,3.2583451,0.038745772,0.06517267,0.077194296,0.12559567
0.673015,2817.8022,0.6496431,3.8895938,0.049646284,0.08837815,0.08194058,0.08775591
0.6766172,2615.7065,4.043291,3.1994872,0.040479667,0.08784584,0.10186645,0.053307965
0.67330456,2801.372,4.3981147,3.4873466,0.038312234,0.08732236,0.09599109,0.054618612
0.6359938,4377.514,0.24858539,6.9907646,0.11766325,0.08504688,0.05337103,0.032400206
0.64852476,1843.6886,4.477087,0.754343,0.042729057,0.06809643,0.037178494,0.053815037
0.6191217,2050.8508,0.76487005,0.6978283,0.0538781,0.09358519,0.041075077,0.026923722
0.6680409,4026.3987,2.7980895,9.110103,0.09238213,0.3623203,0.049105268,0.058690656
0.6729808,3490.3076,1.8673606,6.23461,0.10593023,0.18164547,0.08197024,0.061113123
0.6891703,3246.5867,2.2298694,6.9515967,0.10362281,0.18080574,0.07925378,0.05818994
0.56229293,4360.972,1.0144196,2.4796312,0.1523256,0.24299973,0.064020395,0.055655207
0.62566644,3194.9653,0.34900412,2.5438604,0.16684827,0.064425,0.117692366,0.1198264
0.6594059,3394.1467,1.1577468,5.467388,0.19546556,0.052071463,0.1525485,0.066667095
0.5831672,3846.563,2.3757377,2.3665986,0.1856066,0.20395072,0.040575445,0.06802656
0.6700864,1465.6887,1.5467755,0.46359918,0.08741285,0.02584048,0.06152243,0.23617615
0.608813,2796.4792,0.81721693,1.526879,0.04931009,0.07457166,0.054028265,0.08770728
0.63470423,2525.371,1.0142756,1.6708224,0.06523428,0.0978812,0.069277026,0.075567834
0.6181406,2182.5288,0.8371622,0.8138626,0.06156061,0.07817039,0.0709398,0.07266693
0.6086515,3265.2705,1.8973324,2.2253509,0.06644695,0.1464096,0.070064835,0.10972144
0.59046674,4113.204,0.35445166,2.7996964,0.12946188,0.13046493,0.10817601,0.022766046
0.6756304,3600.162,0.037894223,9.166501,0.17253177,0.12494309,0.027260147,0.09399603
0.5882021,1797.8761,5.9373684,0.43834478,0.23437227,0.04300496,0.16687243,0.035543796
0.44371903,1155.7003,0.018308092,0.010259285,0.11185024,0.13822609,0.04772464,0.11203258
0.4578682,1140.4521,4.3353925,0.028389528,0.056885898,0.07122715,0.0732896,0.026687615
0.46813515,1078.67,0.4070101,0.024925135,0.04576239,0.096142486,0.04924798,0.075216785
0.46548206,1120.8518,4.581588,0.0360987,0.08031391,0.14730032,0.070130885,0.05091575
0.44820955,1177.1948,0.16962387,0.017910948,0.24938938,0.04814411,0.22844073,0.11339033
0.43584538,1092.9263,0.20040052,0.03247288,0.21974783,0.059705663,0.20581147,0.13236856
0.45387053,1106.1215,2.6799312,0.019430593,0.078887954,0.1729416,0.041923527,0.045236073
0.47395754,1123.7388,4.301227,0.027866324,0.072530344,0.18622881,0.036594667,0.0515694
0.6125595,2195.2842,0.85811573,0.8067479,0.028715774,0.109487146,0.09771604,0.0473975
0.52798617,5374.281,1.7932937,2.871858,0.12528287,0.060253832,0.080291264,0.1430486
0.700543,2375.361,1.521914,3.5173633,0.08481254,0.091002464,0.04299761,0.14876191
0.6078103,4820.8516,2.7997103,6.6961446,0.06869975,0.0471912,0.10088475,0.1359955
0.62614524,3571.8494,0.72721493,3.3601787,0.071226686,0.07143344,0.12742208,0.038841695
0.64977217,3156.9062,1.0891412,3.7126124,0.08129314,0.093430474,0.07916875,0.078923345
0.6825918,3655.4795,0.67890924,10.367281,0.097142614,0.09118229,0.09801778,0.09249507
0.63220876,4009.464,2.7105644,5.1254883,0.07225128,0.06713525,0.06973592,0.052105416
0.6457068,4174.795,2.6727846,7.82195,0.11339646,0.04680977,0.06854576,0.06915415
0.62344223,5478.6855,0.80513453,10.361956,0.07536829,0.05837084,0.046179175,0.14856997
0.5945592,1767.4813,3.243148,0.44318604,0.08110335,0.05886893,0.25115675,0.040820964
0.63749194,2545.0862,2.4802392,1.6184654,0.086334266,0.06739271,0.16464655,0.04222599
0.6307563,4342.0137,1.1179453,7.115478,0.057235856,0.06285032,0.11762185,0.121569835
0.62146455,2206.7458,0.8922366,0.8719343,0.067573056,0.096402384,0.082378045,0.053915747
0.6239502,2134.8472,1.6044464,0.8751996,0.03639889,0.13232361,0.070475146,0.033629917
0.70433605,2119.642,2.8872972,2.5433981,0.02729889,0.11998226,0.036845077,0.038782872
0.6936946,2261.3608,0.39783,2.362988,0.034049585,0.117918834,0.046461552,0.054614156
0.6068802,4390.4697,0.87929094,4.990133,0.07831924,0.041332193,0.1250017,0.1482295
0.65526026,3152.5405,2.8364716,4.0273137,0.051245265,0.07540546,0.062323403,0.052608922
0.64539576,3401.7576,1.1130424,3.8549705,0.046444714,0.082936436,0.047422178,0.07185692
0.64565206,3116.3506,4.2039,3.494009,0.059995178,0.074950755,0.06520882,0.08238238
0.6340676,3672.4587,4.175864,4.058347,0.07119696,0.08582084,0.070628874,0.07298483
0.63187355,4956.9155,0.4653822,9.338451,0.11347046,0.15412517,0.09986512,0.050393738
0.67553854,2578.8137,4.0512395,2.882625,0.21694356,0.078623034,0.06060633,0.16000435
0.63948387,2598.8513,2.5709224,1.7615683,0.21982236,0.06517595,0.06628867,0.15203218
0.642225,1915.4982,1.4168718,0.74223864,0.081840694,0.05537696,0.08663917,0.033631656
0.6582134,1685.1888,1.6391879,0.6313887,0.08787502,0.055944003,0.07522311,0.033401653
0.5506989,2396.9585,2.1796927,0.5957395,0.10010474,0.072220504,0.13960643,0.05746261
0.64557797,2217.3105,2.0985873,1.2237768,0.08836083,0.10664906,0.09162563,0.054042708
0.6134394,4899.9736,1.2679248,7.551192,0.08793752,0.09195572,0.10905647,0.11482052
0.6127547,3358.4707,0.9774937,2.692564,0.074984945,0.092614695,0.17531112,0.039644845
0.6813006,3716.956,4.5886617,9.563002,0.05708845,0.115602404,0.10711029,0.065452166
0.6815948,3699.5696,2.545614,9.560806,0.06771406,0.10009947,0.115096025,0.053297725
0.6193063,4962.2227,0.5387804,7.265592,0.12488576,0.059956867,0.11077961,0.04163748
0.70581096,3029.4136,1.0890901,8.733517,0.07558864,0.12921448,0.0264933,0.07859758
0.62612224,5387.6187,0.769654,11.388565,0.1759372,0.08849766,0.10831697,0.1777184
0.70618445,2999.0442,2.942848,8.955417,0.056311592,0.029069448,0.070102684,0.11958857
0.70533836,2812.6985,2.954957,7.629232,0.09154925,0.0342221,0.0566975,0.16557975
0.6084627,3922.0466,0.61095196,3.614455,0.07890138,0.10496451,0.08183277,0.03222559
0.70296144,2340.6226,4.689103,3.4072363,0.057671368,0.10356514,0.08537317,0.054445274
0.63032305,3495.491,0.3016119,4.009569,0.057606477,0.026038015,0.06138163,0.07355133
0.6624468,2941.7212,2.973554,3.685062,0.07977393,0.07954377,0.04404049,0.08955525
0.5911014,1871.4023,1.0112593,0.4715579,0.07288069,0.053327784,0.07403791,0.051695727
0.66869706,2351.308,1.071652,2.047233,0.060768917,0.049711015,0.0769435,0.051013954
0.6425443,4617.94,1.6425983,9.372504,0.06829319,0.07616288,0.033957254,0.051320925
0.5584892,2550.982,3.4026604,0.75671303,0.08436152,0.2188129,0.16861202,0.068919204
0.6442731,2032.0249,0.6074851,0.91034156,0.10300691,0.18183234,0.15601015,0.05765905
0.66622394,3623.9126,0.76934576,6.204859,0.079138875,0.22125845,0.16617832,0.041846562
0.68195474,2994.1914,3.0347993,4.673614,0.05243334,0.16453063,0.027481753,0.0662288
0.6556109,2273.3054,1.5297434,1.4074695,0.04616154,0.12158311,0.06482767,0.09215179
0.63477975,2211.1685,2.3547666,1.0568773,0.040287662,0.1595169,0.04799836,0.090056986
0.4470928,1278.2972,1.5865978,0.061183363,0.07965228,0.12307625,0.07128274,0.20977885
0.5212877,1424.9867,0.5456367,0.16078323,0.06337379,0.14952484,0.055378597,0.1355569
0.6929956,2941.9487,0.95205253,6.188633,0.0388284,0.06620783,0.07663426,0.031926762
0.6218842,3936.709,3.2763684,4.486065,0.04669489,0.03445487,0.08955276,0.09896602
0.65681267,3745.201,0.7763872,6.627634,0.061927617,0.16801935,0.047979895,0.03920114
0.59676963,4285.681,3.0328536,3.5484834,0.12887654,0.2078318,0.17777766,0.07152485
0.5935882,4418.6963,2.5153193,4.047331,0.12872496,0.23635669,0.15918449,0.07995709
0.6640533,2992.4634,2.2554858,2.9880304,0.12983748,0.15939626,0.17775668,0.32728696
0.6091595,3792.6045,2.3519194,4.0893135,0.1128414,0.11216025,0.12572722,0.29408202
0.6397893,3473.2534,1.7790086,3.3757281,0.09970603,0.062118523,0.13821666,0.05098459
0.6383623,3454.1953,1.7943057,3.3933353,0.09955275,0.062268004,0.13881499,0.05120533
0.57963467,3415.7168,2.034026,1.8604872,0.06474457,0.086295515,0.085915975,0.056165602
0.60102344,4545.9756,3.2679477,4.67659,0.08927335,0.09123257,0.08417596,0.053484425
0.69137895,3223.7478,0.7050519,8.712667,0.06196643,0.05420836,0.18281561,0.04498522
0.6872216,3077.4482,0.27626404,5.9410496,0.055862367,0.09469164,0.096925125,0.06182699
0.627329,2913.2192,4.7380123,2.102182,0.08185322,0.10151516,0.060770918,0.11380221
0.6054884,2496.3223,0.30723152,1.125785,0.08071303,0.04495328,0.053128038,0.111590594
0.6859706,2705.7166,0.46670502,4.3228793,0.038466457,0.043699306,0.0802439,0.127882
0.5448617,4440.893,0.36286253,2.4565983,0.033802867,0.035249766,0.0976818,0.111406475
0.7412891,2512.0864,3.900566,10.277919,0.13974494,0.09749146,0.049830068,0.076977775
0.57019776,6126.884,0.9489598,6.0893574,0.09304716,0.16432151,0.11796169,0.078250125
0.71469647,2161.3562,3.8566194,3.3779688,0.21710008,0.031498544,0.08854133,0.0354256
0.7250139,2547.8162,1.280234,7.549208,0.18929204,0.055165723,0.12269415,0.022929095
0.45850027,2059.3835,1.7832086,0.24787804,0.13110113,0.25875565,0.08536135,0.14118163
0.69807404,3228.6287,2.051369,9.461604,0.07667094,0.0300672,0.07662695,0.25185505
0.6282847,5071.108,1.4879605,9.823275,0.09319449,0.038837325,0.075689435,0.22177865
0.6850455,3884.8027,2.3950512,11.826227,0.047312837,0.06841614,0.11339508,0.12451098
0.65046775,4534.1885,2.341998,10.559698,0.054172188,0.068300225,0.21862446,0.070823856
0.7770442,1755.1863,1.940612,5.2841644,0.13022442,0.062081728,0.041910473,0.061146863
0.53155607,2561.0188,2.008273,0.6034447,0.16873324,0.17117447,0.12206183,0.053713605
0.5258119,2260.563,3.1362002,0.41828868,0.10721916,0.17898098,0.09831575,0.047160998
0.6992068,1845.8645,1.4369435,1.319384,0.04891835,0.2453735,0.05971432,0.09268664
0.68955475,3136.1895,1.2132014,7.5055404,0.05701682,0.025771849,0.12233426,0.075518034
0.69118965,3105.9685,1.3752418,7.4192104,0.054982312,0.026475985,0.12564087,0.078598835
0.61608547,3963.6155,1.8914499,3.7540615,0.17962062,0.28634056,0.093107015,0.08967687
0.579212,2544.8577,3.6162307,0.8509078,0.17009161,0.22238387,0.08491437,0.10400968
0.66418195,3153.016,0.74167603,4.5746765,0.03198481,0.047928058,0.04496016,0.06923502
0.6752282,3363.494,2.3814397,6.563538,0.12791514,0.08592255,0.06914086,0.052072495
0.64214027,1976.505,1.540804,0.8343502,0.062367342,0.14293095,0.059175998,0.08187287
0.6462189,3946.0605,2.2421823,5.973261,0.043640405,0.11083116,0.16874933,0.04458359
0.65506816,4082.8894,1.2893004,7.7904315,0.069273256,0.09591763,0.14474115,0.06092786
0.6453232,4434.5654,1.1666963,9.542385,0.07215492,0.10628909,0.13954253,0.05779386
0.65306187,2674.5447,3.7536802,2.403355,0.08000833,0.098833196,0.11994396,0.08178422
0.5923607,5514.3096,0.9309551,7.223887,0.029133892,0.07715258,0.098501414,0.1136901
0.6934301,2817.0723,0.19307074,4.884581,0.048177455,0.0811888,0.05448862,0.080352925
0.5978472,2059.8088,4.789015,0.59953046,0.15919901,0.099368595,0.06698637,0.07847191
0.6276994,1975.4734,0.2951449,0.6874813,0.17667213,0.10335002,0.06166101,0.0784249
0.53740317,1594.1803,0.069174744,0.2358778,0.1726555,0.03744901,0.061740447,0.11919376
0.6672241,2124.9802,1.4773324,1.6296753,0.17957534,0.043574274,0.12014625,0.12064534
0.46783653,1185.644,2.3649082,0.046408344,0.11624794,0.08543063,0.07548169,0.025816225
0.6667705,1782.2373,1.2662339,0.79451644,0.08871381,0.2169684,0.037647936,0.09704208
0.59426576,4077.4934,2.8494227,2.958714,0.0675317,0.21393442,0.05076626,0.035949085
0.6241635,4675.9775,2.4066517,7.221408,0.055595674,0.19257075,0.07137093,0.04509435
0.72114784,2130.9087,1.6278737,3.2336674,0.073554695,0.05429501,0.039301086,0.07195095
0.6169272,3643.4634,0.4766171,3.0532484,0.08040801,0.047206774,0.063604996,0.03498765
0.6669743,3186.076,0.62440956,4.8042097,0.08638957,0.07355463,0.06036409,0.025644109
0.6772351,3264.9778,3.6602285,6.300743,0.12026757,0.047294058,0.060503233,0.075344056
0.6800738,3785.7253,0.7165587,10.637655,0.07624849,0.04014737,0.03619411,0.045233417
0.6157341,1896.4019,3.5210314,0.60721356,0.049598254,0.17404512,0.06382884,0.08906411
0.61923623,1468.9567,5.248585,0.3273734,0.04356727,0.18856472,0.05977396,0.08850886
0.6206855,1558.2772,4.9781194,0.363227,0.044429377,0.18340081,0.056458123,0.09368449
0.68100095,2406.5354,1.5033442,2.4068868,0.08026829,0.12967606,0.046283253,0.078322574
0.65736026,1821.1168,2.3346236,0.76497734,0.066757135,0.20012556,0.047353305,0.2919393
0.65478706,3164.1458,1.5231525,3.9535344,0.056952544,0.09459944,0.078122914,0.19252007
0.6377686,3915.0442,1.9076504,5.6931915,0.049008474,0.07352243,0.037741043,0.19550219
0.6345668,2040.6052,0.64245814,0.81649387,0.06059864,0.09979876,0.07846023,0.043113887
0.68918043,2034.5398,3.56152,1.5806344,0.034642667,0.09374821,0.042535976,0.032932643
0.67985123,2200.3599,2.7820466,1.7257998,0.034464065,0.10288254,0.036403563,0.032053094
0.5972766,5003.408,0.9022272,6.031142,0.03478065,0.074097194,0.09580765,0.06626558
0.6829958,2056.0706,0.41018042,1.5557201,0.026656773,0.057814173,0.07164181,0.19045933
0.61935973,2632.8132,3.525388,1.5308092,0.08194058,0.063044444,0.03660086,0.19907099
0.6233455,1996.708,0.6862749,0.73917603,0.15050343,0.05419107,0.1258675,0.1340583
0.668574,3939.8962,0.51606447,9.094486,0.051809143,0.07314949,0.06302052,0.09299735
0.65051454,3020.3088,1.5600554,3.3494463,0.053550024,0.06780755,0.087852776,0.042044323
0.67904836,2712.9675,1.8300654,3.633232,0.05213482,0.06711918,0.08439617,0.03913996
0.628934,3410.588,1.9054598,3.3494759,0.10099545,0.042064708,0.12635055,0.07835528
0.58856106,4135.829,1.3476822,3.2759504,0.0928947,0.047626536,0.10852051,0.066765696
0.6586337,3040.6848,2.5645385,3.8256426,0.05371199,0.06649714,0.060320485,0.17356302
0.6147209,2188.1519,1.4602418,0.8064946,0.053326044,0.14465931,0.045633372,0.06557344
0.66052836,3427.8691,2.8591838,6.097247,0.21042617,0.03934788,0.09204644,0.5080064
0.62638235,3422.602,1.6479253,3.2098246,0.03249943,0.11412794,0.117472306,0.08272205
0.6676425,2939.6921,2.8123486,3.7505903,0.026405683,0.06722097,0.047319323,0.08715617
0.62558514,4217.008,1.619195,5.7924356,0.05438342,0.055113006,0.05533895,0.056536205
0.66944534,2407.9683,0.73423123,2.1959095,0.043540087,0.12010744,0.050066978,0.039162897
0.6205472,2038.0312,0.08681888,0.6994315,0.036320996,0.15092765,0.1088579,0.054940484
0.6482409,4329.2754,0.22986564,9.35295,0.08837221,0.05605621,0.14725614,0.09517619
0.62189525,4565.244,2.6374958,7.36055,0.071439415,0.045720078,0.22327408,0.12647825
0.6298356,2719.5188,1.1932479,1.7444981,0.09054299,0.06420016,0.040630117,0.09070581
0.60526735,2935.8064,0.88971096,1.6456566,0.089103356,0.053741608,0.04634322,0.070054896
0.47299954,1578.8325,1.1020024,0.14302707,0.11508845,0.10181388,0.1116638,0.038025107
0.5624946,2296.1956,3.1587493,0.58284664,0.059888095,0.09612557,0.043082394,0.052822787
0.52051556,1484.8932,2.0870712,0.17785844,0.109625995,0.090144485,0.04482159,0.030553443
0.76463836,1910.5099,1.4613377,5.953335,0.07808878,0.05351615,0.05824635,0.09591914
0.540779,1580.0155,0.72209764,0.22719638,0.070803024,0.023772914,0.05431741,0.059868835
0.5864529,1647.1384,4.537655,0.34206328,0.071212426,0.0599122,0.049286895,0.069133475
0.5823242,2433.62,1.069269,0.83648336,0.06530634,0.03883478,0.051190156,0.07197128
0.53518116,2065.8203,2.7321918,0.40394488,0.038228936,0.058268532,0.06181795,0.03761938
0.72016495,1889.5264,2.608532,2.1571817,0.042057216,0.06721099,0.052773394,0.034912407
0.6987804,1847.5797,0.6761545,1.4347098,0.045367073,0.09658767,0.07076562,0.038720444
0.6589463,2153.6035,0.48908764,1.3281238,0.046787508,0.12993358,0.05693959,0.030042622
0.6710959,2316.609,0.523345,1.958093,0.045871366,0.112526506,0.09523861,0.029351557
0.48960015,1558.4219,3.4790661,0.14339727,0.14766158,0.0697778,0.057152294,0.10279545
0.6441459,2030.2856,0.3440192,0.86746544,0.13005938,0.16021723,0.12736492,0.22288842
0.5810916,2994.7622,2.5026693,1.3482417,0.10458256,0.040654548,0.031948343,0.23553407
0.63691574,3720.0847,1.6818849,4.329053,0.10108656,0.22223999,0.13703163,0.029923942
0.65182596,3308.897,2.1158102,4.0834436,0.070711836,0.13049379,0.116646394,0.039201383
0.6501482,3936.4514,0.12891546,6.360329,0.07669626,0.18493581,0.068274796,0.054209836
0.6386532,3281.2258,0.49874875,3.0525799,0.051512502,0.5593249,0.03388481,0.06370515
0.66342366,3813.2944,0.35426995,7.659419,0.058388352,0.31312066,0.059644442,0.07731125
0.66541725,3705.0305,4.21551,7.8269887,0.042934664,0.052228197,0.062218186,0.031742055
0.69361115,3161.6067,4.164736,8.14287,0.0404476,0.0420903,0.060921688,0.042823352
0.6354745,4778.583,0.815693,8.869419,0.038731698,0.07649917,0.033141576,0.093054265
0.6739239,3631.3054,4.370003,8.510754,0.02977761,0.040946677,0.036827073,0.08598924
0.63308144,4631.384,0.5561076,7.8624687,0.048333026,0.09565553,0.065967925,0.071111575
0.6736474,1811.055,3.5300548,0.86278063,0.06333574,0.055367906,0.077015646,0.058877002
0.5778785,3264.4954,0.6013653,1.6575093,0.13492122,0.073137775,0.07643682,0.09222591
0.61253965,3580.0615,0.5317568,3.101349,0.15943125,0.082261875,0.07964303,0.09288507
0.6511429,3675.9783,1.0237184,5.158104,0.13354938,0.159236,0.06756772,0.035691403
0.58110255,5697.8657,2.125691,5.8723326,0.13790324,0.16543925,0.06940073,0.04528911
0.7029698,2217.186,1.2915728,2.8433657,0.1418733,0.063402385,0.05178936,0.04543244
0.65601236,3500.6345,1.2059363,5.5032587,0.093529604,0.11410457,0.037521016,0.049815755
0.6458772,3813.952,1.2203331,5.4103384,0.1000736,0.095272176,0.03868286,0.047063626
0.59890985,3565.478,0.25849167,2.5517871,0.18773235,0.051567297,0.06573266,0.11381556
0.7317529,2107.007,0.9110619,4.2752056,0.19574767,0.05335865,0.06774499,0.048556846
0.66888523,2821.9434,3.3553157,3.4448643,0.15946674,0.06440885,0.053764302,0.036162153
0.71492857,2147.743,0.8611378,3.1652591,0.24661946,0.21072724,0.08042116,0.055010818
0.61713463,3222.0967,1.7939676,2.4513228,0.061860163,0.07318061,0.052448466,0.050151207
0.61153966,2976.5615,1.8649102,1.7851411,0.05841964,0.074237734,0.051320143,0.049563818
0.6091381,3192.3384,2.1310737,2.0464945,0.05974562,0.07584036,0.05299811,0.04656657
0.75288147,1603.384,2.5984066,1.8419478,0.052893322,0.19502741,0.080862366,0.18041885
0.55932134,2981.316,1.4575595,0.96441805,0.079225704,0.12667339,0.05162227,0.24538784
0.6965834,3097.3914,2.2077024,7.6104236,0.1074121,0.17072746,0.119500585,0.062383864
0.6216479,5220.7656,1.2855432,9.012817,0.10510612,0.20124498,0.2897364,0.09402835
0.64917135,4614.284,0.77635986,9.569032,0.07540949,0.17259821,0.20922227,0.1034114
0.6105783,1915.8164,1.3226422,0.6049757,0.19383499,0.17437546,0.064649835,0.036992185
0.4828344,1731.4167,0.2669742,0.20638508,0.11449745,0.104905315,0.057832688,0.04769921
0.5064188,1409.4528,0.14000477,0.1389482,0.0904856,0.10642292,0.05051197,0.058094166
0.5052511,1710.3605,0.18747886,0.20322391,0.09174085,0.09411565,0.04354922,0.039502665
0.62511677,1978.9639,0.5000024,0.67978233,0.112992264,0.060276564,0.0914152,0.039758865
0.62154365,1734.8542,1.6611073,0.51806587,0.11120909,0.061030153,0.08419912,0.027085325
0.65487134,2341.784,0.5507179,1.5642012,0.16232759,0.1007888,0.13160512,0.03685955
0.59284425,1857.8223,0.87452084,0.45969966,0.037136137,0.0632282,0.04590628,0.079533264
0.5436754,3320.9507,4.0073204,1.1530771,0.2547152,0.14764696,0.103632,0.051084988
0.7309584,2525.5437,1.1495379,7.0649333,0.0905706,0.07147587,0.043143183,0.057071302
0.713835,2930.244,1.669248,8.993372,0.11096309,0.074804075,0.06899169,0.050790593
0.65427583,3884.0852,1.8552097,6.836689,0.23989962,0.07859316,0.02867945,0.046939854
0.60971224,3314.4246,2.877653,2.3017514,0.23517267,0.03708405,0.02788569,0.047929384
0.7257567,2812.1643,1.1227571,10.028297,0.11637674,0.07378164,0.07266763,0.07131379
0.61597705,5780.9663,2.3361113,10.376381,0.15577455,0.060087424,0.07323205,0.038437616
0.74956995,1893.5942,1.3918189,4.137854,0.25873893,0.054383483,0.11325893,0.043830656
0.60857,4169.4014,0.9953661,4.370111,0.18358642,0.04164686,0.04601687,0.083621964
0.6425914,4121.717,1.4336671,7.2595453,0.05409365,0.14849734,0.06939173,0.12563844
0.63627994,4439.932,1.9811851,6.8344765,0.092549115,0.08839585,0.035595976,0.32519823
0.62977046,2003.2771,1.4765809,0.7710453,0.07579873,0.0923991,0.05811244,0.17943239
0.55682033,2999.7056,1.6049875,1.119425,0.046584018,0.056344654,0.30588368,0.122775204
0.66223747,3071.2793,2.3756375,4.215893,0.045251742,0.035411354,0.12069491,0.082640916
0.6549573,2862.3267,1.890444,3.0977337,0.042768896,0.034702457,0.11332081,0.051781025
0.62532544,3873.071,1.7827373,4.0989575,0.091563895,0.08936306,0.06900829,0.043842517
0.6023302,4986.62,3.0346608,5.7791595,0.11585473,0.08392339,0.062105432,0.0367003
0.60989046,4878.9336,1.4742491,5.8251486,0.09431073,0.088413954,0.053840578,0.028324233
0.6581582,4355.553,1.625081,10.434395,0.039598905,0.19167347,0.04604012,0.12105734
0.66265446,2304.0662,1.6023198,1.6241982,0.08368944,0.13110816,0.06360154,0.031744014
0.635364,4284.1104,1.0014663,7.104595,0.027356708,0.11058163,0.15250397,0.07168463
0.5674611,1771.8652,1.5761619,0.35946983,0.0871217,0.043070335,0.18417335,0.067247644
0.6213493,2082.443,1.1452473,0.82090896,0.10119153,0.035475668,0.122291945,0.047365442
0.63678205,2481.5388,0.068261705,1.4965522,0.054088853,0.076930806,0.027152762,0.07366315
0.6371495,3442.424,0.12685852,3.6068318,0.046571013,0.085829474,0.037094988,0.093267605
0.5904595,1438.7062,0.98519796,0.25792712,0.0839808,0.044517808,0.14136165,0.04938232
0.63706625,3450.2131,0.23385581,4.223884,0.06595056,0.042709347,0.0974773,0.049840275
0.70560515,2398.7239,0.42071825,3.0880773,0.062301014,0.092476346,0.08262689,0.055004276
0.6290029,3623.9568,3.4182606,4.0998755,0.08707691,0.039976545,0.06353772,0.12976785
0.5659549,5156.782,2.5127,4.1319532,0.0687425,0.026985023,0.07543069,0.13072836
0.58043194,5467.08,2.489095,6.265918,0.06085018,0.044171073,0.09661504,0.1755141
0.6370146,2496.6067,1.4731545,1.665523,0.09231454,0.056546032,0.10114319,0.18658647
0.60817116,3055.3428,0.92085266,1.8871629,0.087069355,0.07605881,0.10106042,0.09886336
0.6255264,4688.7266,1.3135191,6.7588816,0.07247875,0.08219232,0.05946715,0.19333751
0.5974697,4261.2495,2.0316315,4.104275,0.06570388,0.07450141,0.059095744,0.26686013
0.6108501,3861.2126,2.6883385,3.598998,0.06062237,0.0822138,0.05775448,0.34420937
0.6871598,3504.2078,1.2630929,9.39889,0.06180404,0.114397526,0.06632079,0.023229789
0.66416556,3761.7683,2.4620502,7.7026887,0.04738714,0.047340438,0.07220374,0.086644255
0.61012065,3300.3784,3.3659923,2.2497067,0.104512945,0.19341417,0.09297161,0.045472514
0.65723443,4155.049,0.3152772,8.636472,0.034467727,0.05167702,0.037916303,0.087703265
0.6484855,3899.7563,3.885928,6.52501,0.082896784,0.21737649,0.08614601,0.18618938
0.6141029,3862.3408,1.0821407,3.8430407,0.07368341,0.16144451,0.109311864,0.14761645
0.6468723,3502.6392,1.1743064,4.5614734,0.06474615,0.10631397,0.1302714,0.036991816
0.65010875,3837.9724,2.5988095,5.5459204,0.050647296,0.12633847,0.17236128,0.0872276
0.6432741,3683.9216,2.7132359,4.7444644,0.06333706,0.060697343,0.031625476,0.037964333
0.656312,3238.55,0.9651648,4.764384,0.12793,0.08675595,0.10214253,0.078058735
0.6648122,2968.5195,0.96926117,4.296669,0.11785512,0.09152409,0.108663425,0.08287491
0.6909975,1613.0646,1.5692383,0.90659297,0.08885356,0.067767695,0.18951876,0.08773708
0.658246,2121.356,1.0612984,1.0828383,0.09507088,0.08260818,0.098109245,0.095100515
0.5868689,3301.8494,1.4225407,1.8734668,0.11135233,0.11058439,0.08254925,0.09391934
0.6859082,3049.0676,1.2499017,6.267417,0.11766375,0.051473033,0.13046598,0.10786204
0.5178235,4607.1753,1.3061477,1.84308,0.104452565,0.07012993,0.088737145,0.14153656
0.7434642,1474.7681,2.5676727,1.2833339,0.061799914,0.06522257,0.032573782,0.12857722
0.58008945,2925.0908,0.68868804,1.2235416,0.0984295,0.07849503,0.03301507,0.03220231
0.68663085,3036.6384,0.2891974,5.64555,0.046883665,0.051390633,0.089414865,0.0616388
0.62441176,4247.655,1.6621484,5.022929,0.15044558,0.16355291,0.04774678,0.08897149
0.65103555,2929.4111,2.0517445,2.7349803,0.0424698,0.2063722,0.052041452,0.049737047
0.6109152,4568.059,0.028546285,4.722746,0.21100703,0.093387604,0.11790843,0.087917686
0.62854487,4217.714,5.2065563,5.268471,0.08381086,0.06672488,0.04519888,0.04736516
0.6928814,2814.3748,1.325591,4.766069,0.090967864,0.06767777,0.03684912,0.03797019
0.6383201,3515.9937,2.9079614,4.2921715,0.067541964,0.06822705,0.044615455,0.07037291
0.62769467,3464.7615,0.9765064,2.9924407,0.15357897,0.13343,0.0583357,0.04060405
0.6049304,4093.5508,2.6594505,3.4816523,0.128841,0.15599686,0.04063105,0.03680055
0.5943414,5772.115,3.360913,7.765373,0.104940936,0.11814959,0.027459845,0.043059543
0.73847336,1712.136,1.0235846,1.9127009,0.08981724,0.116488285,0.20915312,0.06259138
0.65666366,1726.0302,3.7528727,0.5602521,0.121081874,0.080854304,0.31105015,0.10227746
0.6108493,5769.8364,0.4389554,9.697524,0.08196117,0.24144712,0.0473586,0.040712424
0.62572926,5101.429,0.18149982,8.201869,0.17629318,0.23902775,0.030608935,0.04079486
0.6463884,4368.1646,0.1672174,8.871564,0.19652809,0.2406,0.027020723,0.046073273
0.5783489,2501.3857,0.35744008,0.8060799,0.122291155,0.16929547,0.12844072,0.029546378
0.54535025,1298.2538,0.1021581,0.16822213,0.08284806,0.09873529,0.07724665,0.025715012
0.53200716,3046.5942,4.1279383,0.8505192,0.2812408,0.109089084,0.10742611,0.07963625
0.6856915,2898.2986,0.19102715,5.24411,0.12585288,0.11482503,0.14480102,0.12885034
0.6445037,3798.7512,0.2363333,5.903164,0.22698487,0.06390465,0.21758053,0.16348714
0.56694365,2972.2883,0.91046673,1.1668378,0.20473652,0.05721996,0.115404546,0.06606095
0.65231943,4120.446,1.1288588,8.111369,0.35805017,0.107541375,0.059961587,0.06382765
0.6668502,3873.3215,3.156463,9.538414,0.30552194,0.06087064,0.03849233,0.05845241
0.5806053,3590.644,0.85859364,1.7817118,0.14798422,0.13140835,0.079826824,0.1603183
0.67354596,1883.8594,3.583398,1.1280938,0.12034547,0.13593097,0.0494112,0.16132818
0.6585543,2247.162,2.0878599,1.6242524,0.11464523,0.12122569,0.057256028,0.17870952
0.63923854,1371.9633,0.5836659,0.28438184,0.118485086,0.13492818,0.07200575,0.1773417
0.5176382,4375.2646,2.4286914,1.3594004,0.15102132,0.24073784,0.1799874,0.12402922
0.5650305,4322.2476,2.0191307,2.826245,0.11851452,0.28096926,0.11690139,0.11140528
0.63361025,3216.4722,2.3306363,3.0429497,0.06993844,0.050834265,0.17046711,0.03884726
0.67199653,2673.3804,1.5549788,2.9557462,0.08736394,0.05857987,0.028098453,0.0957111
0.60068065,3597.4207,1.6180414,2.6239505,0.050214592,0.05983353,0.06409896,0.06056928
0.63929975,3872.0894,3.1818848,5.8845253,0.08219465,0.036641017,0.055793792,0.04983676
0.65614927,3098.7344,1.0434555,3.710846,0.2187828,0.15582407,0.079883635,0.05379418
0.56626236,6545.2886,2.886638,6.2118616,0.20936446,0.14477316,0.215546,0.036686596
0.5643003,6360.676,3.342674,5.49,0.20586649,0.14863335,0.22643155,0.03667772
0.56993735,4730.99,2.5670278,3.3596833,0.20272698,0.08278148,0.35948628,0.04264625
0.65843534,2872.0308,1.9911685,2.8972645,0.1882267,0.08180634,0.2980946,0.044745527
0.57189304,4258.759,0.61691743,2.6247501,0.19701439,0.07329897,0.051632486,0.09726901
0.66036355,3256.6172,1.3169912,4.8664045,0.3747034,0.07214776,0.066109344,0.06956704
0.6062463,3643.0522,1.5732424,3.1105528,0.08890398,0.12360846,0.17749614,0.09833889
0.60163677,4124.7866,0.31919128,3.5546253,0.101899676,0.05816249,0.12105402,0.063574426
0.6961453,2747.2146,2.4223583,5.668,0.1682827,0.0644013,0.061989184,0.28156054
0.5533287,4297.2314,0.443459,2.3488364,0.11319722,0.046053253,0.059148885,0.26099125
0.55099285,4574.4326,0.58853793,2.7124567,0.10750141,0.046227206,0.06041209,0.24994615
0.6207718,3649.5088,0.7926087,3.8478022,0.11314263,0.07239984,0.08121486,0.2504176
0.6543219,4813.6777,1.5399226,11.875623,0.04655962,0.11766751,0.032696277,0.15536219
0.6718608,4000.6863,1.946811,11.687308,0.18901256,0.057798434,0.1319042,0.22137308
0.56325984,3940.2798,1.8441336,2.3747528,0.33648878,0.056945644,0.15632492,0.23208079
0.6846571,3054.8462,1.6491513,6.651968,0.20971501,0.08128954,0.08564572,0.159924
0.5708957,3049.1206,2.4035945,1.30122,0.06610841,0.039032374,0.07007432,0.09215173
0.6408514,2210.8477,2.0009012,1.1425077,0.06637823,0.06170507,0.06537924,0.08739824
0.66053474,4200.172,0.85818064,10.033954,0.06425749,0.06614403,0.048830107,0.07009695
0.4902965,1766.8959,2.114159,0.2239785,0.034491617,0.11414021,0.11137251,0.034331944
0.46004635,1146.2275,1.4495537,0.029371878,0.09252007,0.07842387,0.100525394,0.065618075
0.4759568,1305.7241,1.0063403,0.08718468,0.050796393,0.07929734,0.061355237,0.15497066
0.48523372,1150.2164,1.4746109,0.038801342,0.039065238,0.051189814,0.06821328,0.059903644
0.46707055,1083.9036,2.0835383,0.014402224,0.03620823,0.099252075,0.03614997,0.14395544
0.50210863,1034.3356,3.4430926,0.02341105,0.037500545,0.11125351,0.032380477,0.12854034
0.49549425,1316.2086,0.9330628,0.10822907,0.08461659,0.041251693,0.11015624,0.043349694
0.4663542,1293.528,2.009963,0.0786649,0.08589007,0.04053873,0.08880193,0.052622624
0.48903617,1509.2028,3.0162451,0.13311337,0.034082122,0.20098025,0.046342887,0.06205083
0.6776443,2899.6565,0.9631763,4.1093745,0.051956132,0.13332385,0.076673605,0.06759466
0.65458363,3248.1602,1.3451414,3.9953141,0.04799723,0.08927941,0.0760811,0.07303477
0.62469083,3666.6829,0.8990283,3.589244,0.04900791,0.073091626,0.064064324,0.07151805
0.6841188,2535.5862,1.5921167,3.1621666,0.044386506,0.071410276,0.056796726,0.06597931
0.6764989,2943.794,2.0565314,4.715909,0.036752105,0.0792815,0.03966616,0.0724458
0.5984469,1735.2219,1.1440998,0.36800486,0.072224826,0.13258976,0.09281527,0.108855955
0.65042585,3834.331,1.4082144,5.8578706,0.10705063,0.21813601,0.115113534,0.044147763
0.65517724,3953.1934,1.6912496,7.4147387,0.11100726,0.2713966,0.1535807,0.053307217
0.7086028,2761.4219,1.9172466,6.4868507,0.088829145,0.35640717,0.1454352,0.052487146
0.59946823,5975.7783,2.2112758,9.046984,0.05810903,0.2182366,0.107564405,0.044277735
0.59312505,5973.148,1.9348148,9.022263,0.047811028,0.031868484,0.04544545,0.07952911
0.69321203,1516.8561,2.1846983,0.8443362,0.3791423,0.20143035,0.4399416,0.0625598
0.6560787,2565.9536,2.1389031,2.4423246,0.30862787,0.25015005,0.18704726,0.07958377
0.7252232,1808.9774,3.1926324,2.2749958,0.34355268,0.2794689,0.2911394,0.07137525
0.62375605,3313.517,0.9374599,2.7088428,0.102115035,0.0691314,0.031465337,0.13405348
0.7008447,2374.2222,0.27149376,3.196071,0.17914277,0.047943726,0.1265366,0.03008038
0.58199066,5383.142,1.6472914,5.3280964,0.07704651,0.14800246,0.04857975,0.14496969
0.5893198,5755.191,2.7631361,7.122055,0.106857516,0.09972324,0.053877443,0.09226149
0.63688785,4570.2437,0.8693648,8.374626,0.22587942,0.07183044,0.06806521,0.15560797
0.64219743,4547.536,3.2034373,9.252469,0.12540406,0.108412534,0.09322865,0.22622386
0.5705593,2213.0234,0.784024,0.6298609,0.10982251,0.15840653,0.067057475,0.22394569
0.65033996,4176.9556,2.81889,7.895939,0.108312994,0.15627033,0.044589393,0.110594675
0.6509184,2395.0903,1.5674168,1.5744303,0.06606248,0.23722754,0.045681432,0.113771796
0.6399103,4793.887,0.13146378,10.147401,0.03751251,0.13258366,0.086579934,0.19907154
0.6731981,3777.6057,0.15748921,8.646578,0.026375903,0.115349635,0.100455575,0.19946648
0.5987654,3151.518,4.9611425,1.655573,0.074693225,0.18153489,0.05958431,0.09129107
0.6266837,2365.8564,1.1855316,1.2013677,0.059125934,0.088024884,0.048589665,0.083958976
0.7224123,2368.8872,2.100211,5.6016088,0.073766604,0.099045545,0.06349513,0.088175215
0.6058325,3077.252,3.5220735,1.7568505,0.08181541,0.08937161,0.074708864,0.061137255
0.62602824,2065.5981,1.2186153,0.86548007,0.04954848,0.047966912,0.1066558,0.053203367
0.67270035,2290.0935,1.752859,2.0257437,0.044561483,0.12314494,0.03568468,0.04439448
0.7163924,1605.7404,4.109712,1.2048678,0.03813941,0.1003553,0.056245506,0.045509696
0.57713526,2789.2803,0.03033443,1.0257574,0.18511653,0.09829853,0.08140268,0.06045226
0.5929946,4545.59,0.7494835,4.1917644,0.15688437,0.08818276,0.101606324,0.062244654
0.67465395,2942.6763,3.1337597,4.5072184,0.07340024,0.05309334,0.08610488,0.08814245
0.6465707,3377.7593,0.66434807,4.1770196,0.1267384,0.07302248,0.14005625,0.059163358
0.56775045,3951.0908,3.0198631,1.9400268,0.32350093,0.16606043,0.12031087,0.064871535
0.7092967,1887.2114,0.9286776,1.7596197,0.059236683,0.11001535,0.02322244,0.072961584
0.58051807,3791.8132,1.7723603,2.5704572,0.058802538,0.041493736,0.1712231,0.08757142
0.6081834,4538.292,2.406623,5.4512687,0.06858712,0.039001405,0.22763358,0.08822693
0.5634639,3909.9514,2.0498872,2.1115055,0.05066887,0.0331266,0.19952708,0.13450925
0.64212346,1855.0543,1.7756962,0.6307447,0.0382441,0.100818984,0.09834224,0.066735394
0.6872297,2342.1272,1.6479206,2.291017,0.050245225,0.12045332,0.2251662,0.10362412
0.5224194,1570.336,2.022927,0.20042214,0.106889874,0.07467744,0.04041628,0.04517038
0.6387404,3221.1826,1.6635158,3.0297818,0.13330507,0.16432215,0.4575535,0.050123353
0.63885915,3281.1921,1.8324864,3.446845,0.13132538,0.17719729,0.495515,0.047911547
0.6326958,3144.9675,1.6582,3.2309391,0.042463362,0.032681264,0.11434681,0.10371055
0.64714634,3636.0044,0.3251568,5.063087,0.080573,0.17035814,0.035178285,0.04966549
0.5847024,4286.3984,3.6094997,3.1519628,0.08837745,0.2041986,0.040529788,0.025703084
0.6447447,3623.8386,1.7801772,4.835639,0.06630422,0.16741285,0.04809533,0.026649898
0.6509335,3164.516,0.519706,3.2853322,0.042380467,0.12724473,0.17321433,0.08605082
0.66711193,3007.0476,0.3803436,3.5637054,0.04632666,0.10939746,0.15958403,0.07975432
0.63055027,3454.8152,0.4224717,3.8670034,0.08102273,0.15927765,0.09302638,0.2663259
0.6555584,3975.3684,2.2832203,9.111782,0.12192181,0.082898065,0.10333618,0.17706595
0.6562911,4468.803,0.7737402,10.678847,0.120888926,0.06817397,0.11087461,0.19965011
0.65485483,4707.774,2.9207098,11.770455,0.042928778,0.061546214,0.04606935,0.08047037
0.6824251,3830.6404,2.2050884,11.679218,0.060132883,0.0667776,0.033061527,0.1450992
0.5131402,2122.8682,1.0636171,0.3951858,0.17752367,0.08110648,0.07182109,0.34104675
0.5505512,1247.224,2.9060457,0.109489754,0.11050801,0.15345949,0.12609978,0.14611326
0.8477449,1051.8541,1.7478179,2.485705,0.04338063,0.100101545,0.07491432,0.1422491
0.3728557,7722.3076,3.0271099,1.7735339,0.11252195,0.30310547,0.32031673,0.3887021
0.3719346,7996.696,2.8650365,2.0562403,0.11752915,0.21236785,0.4567151,0.33662787
0.3655967,6058.539,2.291697,1.3054727,0.08837741,0.27369273,0.43825865,0.32894856
0.67753124,2624.9285,2.1626494,2.8546395,0.055608455,0.5121131,0.1083708,0.28428468
0.6661539,2846.8496,1.6343373,2.8747869,0.055247158,0.495317,0.118036635,0.25423566
0.6109871,2513.5796,2.1522636,1.1996874,0.03943871,0.17412013,0.07295155,0.2830677
0.6163584,4663.898,1.0865581,6.3764067,0.26893866,0.060617805,0.06888622,0.064950295
0.6839666,3839.4355,2.9072309,10.59919,0.33498132,0.24004775,0.047911387,0.039394192
0.64246154,4952.3906,1.0300967,11.2322235,0.28749475,0.18151087,0.06281148,0.04547391
0.6490285,4757.6567,2.7918508,10.780598,0.25434577,0.16847336,0.074668355,0.05012542
0.67069817,2239.7534,0.17431353,1.8333114,0.07896857,0.1970606,0.06282024,0.04931053
0.6728096,2237.1702,0.09093365,1.9251838,0.063131794,0.24865736,0.09734675,0.068194315
0.52428275,2009.282,0.3451688,0.3411373,0.09728996,0.14617704,0.079772025,0.09237535
0.48506817,2002.0125,0.3244478,0.26336282,0.10350503,0.12181366,0.057557262,0.10217679
0.72491866,1765.8862,1.1829766,1.8647047,0.07163499,0.07811688,0.033386007,0.0749373
0.5411802,3380.136,2.0375729,1.3023534,0.048887067,0.06801097,0.13129066,0.096878365
0.73298943,1602.0023,0.6783107,1.4440567,0.068693705,0.055211723,0.03061022,0.08394775
0.7242648,1716.2643,0.34330052,1.60601,0.032861862,0.05010874,0.03227021,0.08393569
0.5960827,4068.8518,3.6249619,4.092129,0.1336698,0.13649133,0.2486092,0.22807169
0.6433945,4525.0596,1.3174267,8.158904,0.13659167,0.048441943,0.05608684,0.052477412
0.6729314,3773.3982,0.9161935,8.763906,0.11986137,0.055449992,0.057010133,0.05358756
0.6360423,5443.809,1.0861763,11.517162,0.15001765,0.08601893,0.073176175,0.03620597
0.69085383,2574.5647,2.3172026,3.1010842,0.19241826,0.23435254,0.04505766,0.10635431
0.7138044,2997.7498,1.3561879,8.956457,0.20783001,0.34258515,0.061216265,0.07597044
0.5034107,3504.5854,1.7573726,0.98441094,0.13350761,0.09591203,0.058620945,0.19425185
0.71303296,2783.5989,1.915122,6.8464417,0.18987529,0.104733005,0.043350365,0.11268724
0.5923629,4731.0503,2.7698622,5.1126776,0.09777334,0.10677759,0.08016905,0.12292892
0.661982,3629.8257,2.5503762,5.6917963,0.09666669,0.13565011,0.060134485,0.08999993
0.64148223,4666.7505,0.16811337,10.8907795,0.049712673,0.09122169,0.094093256,0.07069556
0.71258765,3151.0583,4.596347,10.294899,0.07386227,0.056573786,0.10289066,0.07858503
0.687278,3267.9282,1.0274838,8.139186,0.063977994,0.09986234,0.0860521,0.09951172
0.5699108,1470.0159,1.8472145,0.23494102,0.08593456,0.035054307,0.049544465,0.055181917
0.5700571,2203.2878,0.10408734,0.6141132,0.071871534,0.06345114,0.09267053,0.17002329
0.6248066,1791.2902,0.071458235,0.5514318,0.052325927,0.08253285,0.09067582,0.08246295
0.6223563,1930.5073,0.023319501,0.61427695,0.05353246,0.06698148,0.063284256,0.053912405
0.64670676,2376.245,0.017864969,1.5601418,0.050713297,0.067770556,0.06594802,0.05743026
0.58636,2368.6934,3.947926,0.8030158,0.09731701,0.045942903,0.07359931,0.11812174
0.6302535,2476.6838,0.9857236,1.460712,0.1098963,0.057459775,0.07591893,0.13756147
0.72230965,1616.2397,3.7147298,1.3170326,0.07181251,0.07014189,0.058741122,0.07259486
0.7265286,2097.4185,1.1520932,3.1010752,0.048180453,0.092776775,0.032841593,0.031454317
0.5231412,2575.5493,1.1151413,0.5462948,0.11138801,0.111509286,0.057954513,0.13178557
0.6955417,3383.365,1.8649534,10.3370285,0.06066135,0.13238211,0.04252507,0.07368095
0.60089576,6033.5547,4.1334944,9.433557,0.06803381,0.09637545,0.04388757,0.067361
0.71648586,2822.9727,0.30072197,8.230072,0.05826082,0.08832652,0.046497334,0.024827983
0.72082436,2708.8206,0.6779713,7.760058,0.07096703,0.09410548,0.07098608,0.022165596
0.6220196,4652.4526,0.9412331,6.2214108,0.04432775,0.054359116,0.038366303,0.09165275
0.61806256,5176.5156,1.6748183,8.854184,0.04010505,0.051487222,0.06786148,0.09026851
0.64758223,2759.092,1.2006503,2.4157026,0.15985423,0.22009121,0.043462757,0.040405117
0.7115732,3128.315,3.5487916,10.314857,0.05404987,0.116634324,0.10360493,0.08649352
0.6738395,2826.1465,0.66517717,3.588828,0.053593617,0.06146433,0.042013682,0.09704004
0.64037937,3328.6636,0.70898354,3.6408048,0.04517395,0.07878074,0.038702462,0.10798491
0.6957442,2419.8074,1.9346395,3.447659,0.06821398,0.07979227,0.060187645,0.07750287
0.7313703,2042.8291,1.0360776,2.897692,0.0459783,0.082869984,0.10193785,0.09203015
0.59180737,4565.7354,1.3345519,4.0265956,0.12303257,0.33043528,0.035722323,0.043621942
0.71517515,2878.7776,1.1495562,9.499043,0.05223043,0.05899993,0.069812,0.05011279
0.59555703,5638.242,3.0732903,7.558622,0.10526984,0.07414015,0.058821946,0.043251928
0.60125905,3846.9692,1.4034951,2.7573354,0.18592325,0.14837383,0.04674776,0.04833381
0.74237597,2370.6794,2.0817988,8.4393015,0.18287233,0.10318152,0.07899849,0.049468122
0.55329275,6420.8457,1.211329,5.7505283,0.11827377,0.23069695,0.105617546,0.050141737
0.64989805,4401.0073,1.4579842,7.857104,0.05276373,0.09470263,0.05079501,0.110066004
0.63896,4528.034,1.396898,8.022257,0.0580165,0.101267025,0.054902133,0.116958536
0.6593585,4321.498,0.9739125,10.251879,0.043998823,0.07193872,0.058567733,0.095500894
0.6503233,2143.9355,2.3876073,1.1581438,0.06329079,0.06094784,0.08286311,0.06547959
0.6271218,2098.3086,1.2088569,0.8678347,0.034250654,0.09447063,0.14254962,0.060090158
0.59582645,2215.4934,1.6034974,0.7523055,0.0531587,0.06539869,0.2727172,0.052344684
0.65013903,2449.909,1.3116263,1.6161586,0.047609337,0.07472052,0.32006797,0.056738447
0.6060352,1759.029,0.05052242,0.4814849,0.041376,0.033447668,0.1172131,0.04955785
0.6490142,2217.15,0.05908149,1.244994,0.033374652,0.038489133,0.122053556,0.047279075
0.6248408,1897.7717,0.015763666,0.64009035,0.04317757,0.031813037,0.086544394,0.05715322
0.58018255,2840.294,0.018515775,1.204005,0.0469161,0.035912428,0.09955643,0.038756777
0.58498424,6960.8,2.9868033,10.474915,0.16439769,0.15530525,0.1388498,0.13997138
0.70413405,2632.5208,0.7534405,5.7575226,0.19258721,0.14185375,0.077766575,0.061189357
0.54665834,3232.2437,1.232188,0.97418183,0.18519461,0.12770258,0.036192928,0.041366007
0.63603026,3597.9312,0.110667534,3.8229678,0.35077128,0.16108313,0.04081896,0.052426003
0.5796972,4232.262,0.07892721,2.491124,0.35373724,0.17705241,0.13251007,0.057843015
0.6393243,3853.1467,0.6186852,5.4319654,0.086537935,0.17716779,0.17879876,0.043246053
0.59867823,1974.6854,3.251908,0.53147864,0.032516528,0.06163968,0.057341028,0.053667355
0.634894,2622.532,1.2681264,1.9089258,0.035253514,0.06332706,0.063326575,0.059752844
0.6358165,2110.5676,1.5746602,0.9087038,0.034388807,0.062335216,0.073185846,0.07305541
0.6563556,2339.8464,2.0519075,1.6622717,0.16832845,0.098154426,0.07668752,0.09150314
0.5417506,6417.6533,1.8540081,4.2607408,0.28349128,0.18903142,0.08571575,0.04215987
0.67654556,3463.3638,1.1481475,7.3120613,0.40270668,0.12258944,0.079228744,0.07215308
0.58972466,4897.869,2.0093203,4.309964,0.42263004,0.13017023,0.10074892,0.052392066
0.6439977,2818.0547,1.5820974,2.2896147,0.15624681,0.18189317,0.12283037,0.0450356
0.6303833,2709.28,1.9537842,1.6888901,0.15896429,0.18940127,0.12853004,0.04546392
0.602273,5317.2563,1.668497,6.6037693,0.16065073,0.14169979,0.11035468,0.069885656
0.6967777,2290.6423,1.8616999,2.7288427,0.036087826,0.08064363,0.034126673,0.035621606
0.7028575,1942.587,3.1230025,1.7973269,0.04546406,0.09752756,0.06589505,0.03310281
0.7014579,2256.188,1.2326916,2.8753033,0.111199915,0.107840165,0.046280235,0.08199162
0.7092779,2214.1958,3.6013823,3.4047403,0.13618095,0.11191197,0.068247065,0.034041137
0.7365743,1791.2991,0.7752967,2.488994,0.1540226,0.12775819,0.074867025,0.06676942
0.49229813,1494.6508,0.59560066,0.13064228,0.0622066,0.07939768,0.08622253,0.063029
0.58829427,2245.5427,3.6550157,0.66988486,0.08066094,0.09004852,0.05298905,0.06982315
0.68620586,2157.191,0.8881389,1.849947,0.042344693,0.09258267,0.07035811,0.036427237
0.61855805,5607.2803,3.002959,11.066875,0.044606607,0.1754295,0.04384196,0.12573199
0.65511423,4411.428,2.60142,11.221432,0.029487047,0.15830818,0.0497122,0.14971197
0.5672878,1619.3785,1.5020374,0.28709763,0.08414789,0.032360364,0.08349683,0.09018421
0.6088591,3895.9277,2.1339147,3.2620378,0.06175056,0.19965684,0.03878717,0.032847505
0.64480555,3378.526,1.0774609,3.9269037,0.07192838,0.07678344,0.04411747,0.048930317
0.6731169,2846.8718,1.7018696,3.7940652,0.06678991,0.07276015,0.034760695,0.05567096
0.6466774,3432.3252,1.4739889,4.231543,0.04875312,0.06374077,0.08650382,0.049829867
0.6424729,3095.5684,1.8028129,3.1722372,0.061252326,0.06241482,0.051916756,0.057839416
0.6508982,3601.8618,2.1757455,4.9990973,0.04785369,0.17257573,0.100805745,0.0710209
0.62038684,4308.1357,1.7968695,5.3516245,0.10503045,0.17588724,0.07240151,0.044134755
0.6003537,3550.3418,1.5634958,2.2228882,0.1273558,0.17957336,0.04498388,0.042659856
0.6500973,3795.7576,1.1338992,6.5588493,0.1569017,0.076937556,0.08080935,0.047558613
0.67503124,2827.3674,0.894354,3.4694526,0.08754695,0.08441886,0.05346014,0.10299465
0.6829175,2713.521,1.0023682,3.4303353,0.09044433,0.086633906,0.05915629,0.100602165
0.614617,4508.807,0.76227623,5.6611223,0.04766658,0.15439956,0.045464404,0.09193507
0.728456,1860.7611,0.38966092,2.0857525,0.03250879,0.08359764,0.04252266,0.13847858
0.59157103,3070.948,2.1568155,1.517373,0.17424211,0.07170963,0.12381083,0.034380313
0.62003064,2386.7256,2.0811877,1.1716866,0.25559828,0.051132888,0.078534625,0.04511959
0.63618845,2408.365,0.679174,1.3482417,0.12313217,0.078692324,0.15091352,0.053614397
0.69729877,1616.9674,2.3076293,0.9169889,0.16437289,0.210051,0.08398562,0.08521776
0.6663406,3069.1848,2.3146691,4.4568734,0.13514617,0.27598703,0.07440831,0.06012527
0.624842,4436.115,2.8710308,5.787322,0.16525126,0.31088173,0.06430795,0.0458489
0.59802103,3661.3013,3.2090297,2.520856,0.15428743,0.3002568,0.06564771,0.037183393
0.6810054,2742.9944,2.9279733,4.158842,0.23930869,0.043054596,0.104870334,0.26174116
0.61619526,5197.739,1.0711344,8.035205,0.2235872,0.06661025,0.068114206,0.046586916
0.7075441,2979.2383,3.1914954,9.1786585,0.37038118,0.032373514,0.046677794,0.09186195
0.67370236,3648.306,1.952653,8.498274,0.34456867,0.024373015,0.027009772,0.053208202
0.6815032,3577.6099,2.6059735,9.774394,0.33887056,0.027779883,0.037185114,0.048703685
0.7091411,1753.0907,1.2411299,1.4240199,0.20838197,0.11717999,0.09758224,0.04083672
0.7091903,1646.7302,0.92488396,1.1237206,0.27360004,0.16713844,0.11096508,0.051163092
0.66151273,3208.4556,2.9139812,4.48607,0.072742194,0.08497302,0.042273324,0.031796377
0.6220559,2810.9875,1.342905,1.8452816,0.039990015,0.17287865,0.06863529,0.06603143
0.6395936,1918.4902,2.536871,0.7050135,0.037760645,0.24199288,0.11633136,0.0955154
0.60757244,4690.852,1.3588133,5.9887524,0.0507344,0.3928542,0.13765407,0.15054657
0.65687,2392.3125,2.4244974,1.8551602,0.06007234,0.11690334,0.14214635,0.09729309
0.5359088,3385.7756,1.8888812,1.2465613,0.071074784,0.087252,0.10714167,0.1258021
0.66279316,2544.6145,2.2608006,2.6561465,0.06012253,0.039877515,0.111445285,0.06548251
0.72329944,2123.9995,0.5048442,2.8491945,0.049836054,0.051324867,0.08761041,0.053283215
0.5811827,5110.198,2.199773,4.3717055,0.13991487,0.19605236,0.041026708,0.07771168
0.61317986,3410.9097,3.5720496,2.7419667,0.046363898,0.040268287,0.09283979,0.035334338
0.63653505,4856.9624,0.44036305,9.159167,0.060721386,0.19638088,0.037315287,0.079754576
0.6826278,3299.3496,1.6449664,7.140012,0.04782318,0.12626489,0.080030575,0.07621123
0.71876085,2813.1064,1.2087116,8.263708,0.05077995,0.1014883,0.07193227,0.07307675
0.59834456,3212.8704,1.3443972,1.9738246,0.06771536,0.09678608,0.121475436,0.034247093
0.663088,4274.345,0.4534889,11.456482,0.06679031,0.07239039,0.26271012,0.09804988
0.6975858,3206.6519,2.0050354,9.365809,0.09611725,0.08931509,0.13530125,0.038780466
0.67379206,3923.6104,2.374749,10.430995,0.09040274,0.11566292,0.07529275,0.034268115
0.6792149,3895.956,1.6998926,11.26256,0.07595277,0.0881257,0.081615515,0.09085026
0.643085,5054.205,0.7129917,11.285624,0.06694918,0.092775136,0.067187056,0.086094946
0.6455069,4695.3447,0.6587475,11.025482,0.06326799,0.08635901,0.068287365,0.070283286
0.5443591,2720.5793,0.72132635,0.8859403,0.076030344,0.07602213,0.10093334,0.122951694
0.6356091,5195.001,3.695111,11.944573,0.05100194,0.076065935,0.059017826,0.1602003
0.59437996,2173.9302,0.536138,0.669809,0.036376126,0.04097905,0.102336824,0.08942363
0.60563964,1659.7322,0.41557738,0.37387663,0.039175343,0.039972484,0.10059811,0.073081456
0.65761536,4243.537,0.35403544,9.87993,0.115437075,0.13559562,0.045145243,0.14775386
0.69315374,2867.2864,0.76383936,5.7836256,0.106336005,0.09209186,0.051934756,0.09061466
0.60525185,3828.5146,0.43534398,2.8089843,0.16290246,0.081695355,0.07610662,0.092596784
0.61866796,2857.185,3.8912435,1.9203855,0.104369566,0.12543014,0.13919729,0.119682126
0.6661009,3654.3215,0.6580279,6.958851,0.08859435,0.11472474,0.089997485,0.04974764
0.6886268,2632.516,0.44302857,3.3852868,0.053668223,0.06485323,0.061498906,0.10010393
0.6470412,4279.4287,0.35947436,9.034928,0.09878448,0.21496746,0.066592686,0.04612933
0.6616269,4115.7617,0.3435058,9.103904,0.10170226,0.22556779,0.067811765,0.04525946
0.6125119,5230.0747,0.3493799,7.772638,0.10520556,0.111303225,0.10331531,0.07041416
0.6720221,3654.4717,2.3649828,8.238514,0.04850176,0.1442985,0.28880775,0.053769663
0.58576494,3366.9805,1.262987,1.6836531,0.11679652,0.21881819,0.039428324,0.08142747
0.62282777,4758.52,1.8918725,6.9873204,0.1151056,0.35861617,0.14379305,0.07383649
0.636424,4133.491,1.2979473,5.6320744,0.11620144,0.35027963,0.13521092,0.05523563
0.72140634,2559.9817,1.396582,6.5661926,0.10559101,0.32330567,0.17642622,0.08124954
0.59614015,4243.8374,3.1899383,3.648936,0.13902159,0.26154727,0.090656176,0.15102533
0.5829158,3179.946,3.088365,1.5630653,0.13264373,0.23233792,0.08585203,0.1659755
0.6072986,4045.6953,1.0892277,3.4786906,0.5715992,0.07201064,0.04961047,0.056133084
0.6558424,3812.9863,2.9539652,6.399797,0.24708685,0.078683436,0.03801579,0.05316566
0.622119,4610.1357,0.62357414,6.684055,0.08906849,0.25206035,0.11872754,0.07428655
0.66712165,3658.4875,3.558636,7.6869793,0.15517093,0.105565764,0.10528585,0.022847269
0.5360185,3087.6326,0.5714207,1.0227782,0.04335857,0.052317407,0.20121762,0.23409536
0.6194581,4847.9663,0.7824398,6.679783,0.10236279,0.10271943,0.055403702,0.0613755
0.6160807,5807.2188,0.39164677,10.058692,0.09559117,0.12635724,0.07700777,0.087421454
0.70189804,3150.7285,2.8376496,10.168563,0.06117184,0.11541043,0.03760815,0.07551312
0.7192071,2935.641,2.4369648,9.091534,0.06363322,0.08998331,0.057685215,0.08349183
0.5328615,1984.886,0.8374774,0.32963857,0.124355584,0.2677085,0.07305379,0.11564119
0.60658634,4846.2485,3.3690398,5.399553,0.23386227,0.0963499,0.031185083,0.065593705
0.65036386,1966.4608,0.90239847,0.8871887,0.32919067,0.07123247,0.03732977,0.05941007
0.46031028,1715.6829,3.0124376,0.15331031,0.29344523,0.088606514,0.07202461,0.054387778
0.57058847,3000.168,0.9097399,1.1115146,0.1672387,0.32781163,0.053840898,0.06637972
0.66628814,4306.6357,1.857491,11.699394,0.069067925,0.10204908,0.044634245,0.07660972
0.6473998,4582.72,0.45593232,11.267897,0.06702386,0.052484542,0.12319375,0.052670874
0.66352093,4329.043,0.6142631,11.275013,0.045985006,0.07831915,0.20326671,0.08809902
0.6965014,3386.1045,2.9684196,10.642611,0.092584595,0.04647877,0.027076744,0.32612532
0.70110506,3243.661,3.3717299,10.207675,0.092993446,0.043188196,0.03317784,0.3183051
0.5665411,2467.4802,0.5424666,0.79445237,0.062222086,0.05764517,0.08777018,0.19720656
0.635553,4983.2437,2.985615,10.51694,0.040303238,0.16143328,0.105096474,0.08740855
0.63618356,4911.8228,4.760167,10.882422,0.035076797,0.15268026,0.10769951,0.0778964
0.6764614,3958.8052,0.22572926,11.119499,0.044711795,0.03532462,0.116812035,0.11255371
0.62380546,3463.6306,0.1360137,3.2561002,0.084617555,0.057658512,0.050397824,0.048601575
0.626398,3455.4453,0.51100683,3.4663138,0.07218138,0.05243908,0.061414964,0.03858548
0.64429784,4351.357,1.3987958,9.141071,0.0646472,0.06447583,0.047824595,0.06176019
0.5762006,6598.7305,0.77655905,9.042399,0.06099837,0.042907268,0.080807246,0.05364474
0.6309415,5260.8267,0.9043223,10.473745,0.068363376,0.03921966,0.08404263,0.051742904
0.59657514,3264.6296,1.6022104,2.0481253,0.05317802,0.060442246,0.076338984,0.08301032
0.6340299,5061.0317,1.7672702,10.609695,0.039038237,0.06797871,0.13907506,0.076107696
0.62561667,4416.187,2.1164064,6.579628,0.037782647,0.0669983,0.20737171,0.092457205
0.7099452,2705.4363,1.6472588,5.958376,0.078997456,0.2094703,0.042615443,0.09394117
0.6652657,2302.277,2.2703917,1.6510301,0.0489039,0.10825674,0.06702952,0.10977605
0.65496373,1946.9014,0.9378464,0.87603146,0.04675194,0.061894022,0.08047195,0.036409967
0.5412104,1867.5115,3.212857,0.32543895,0.045379017,0.11501431,0.07379269,0.032914855
0.66447616,2178.248,0.76689196,1.4394839,0.08146377,0.122477695,0.032496817,0.07917415
0.6317886,2168.8423,0.47558147,1.0499521,0.07120239,0.07759791,0.06655327,0.17063943
0.55436844,1849.4658,0.010061646,0.3730818,0.037724733,0.1162271,0.14991644,0.14325845
0.6019026,4245.7793,0.07977122,3.741897,0.08645782,0.06346336,0.03284994,0.027445177
0.60293096,4249.85,0.08076578,3.8759384,0.083316766,0.06433091,0.03521896,0.026645146
0.6703305,2738.3276,0.17308038,2.9242167,0.107507564,0.0669784,0.025422018,0.044848785
0.6289934,5341.0566,4.513965,11.032437,0.07913669,0.08990559,0.12808855,0.035154592
0.5671557,3038.3276,0.19541411,1.2556293,0.043449216,0.040843297,0.16126879,0.117534555
0.6229356,2769.3164,0.19172382,1.8796978,0.047901552,0.048986368,0.15107737,0.09346937
0.6383,2380.684,0.7985847,1.6246088,0.045306966,0.045713574,0.20212454,0.13205175
0.6037864,4810.242,2.9908137,5.9139132,0.097883806,0.058693413,0.0432934,0.26966834
0.6382269,2321.3123,0.5319375,1.2807068,0.0438808,0.09649724,0.20685342,0.14703229
0.6617323,3488.759,0.583369,6.024501,0.036291536,0.071021505,0.10248584,0.07132025
0.5999907,4559.039,4.226905,4.5498624,0.036678206,0.07454937,0.090644374,0.07469795
0.605379,4351.5107,4.0540833,4.777701,0.036458362,0.07385445,0.09286554,0.07589623
0.7104879,2279.723,0.39081755,3.170054,0.06598316,0.22949432,0.0469056,0.07415859
0.7137829,1860.4259,1.8577614,1.8060852,0.067362286,0.1482537,0.07334043,0.04329175
0.71326995,2011.8284,2.4742706,2.326446,0.055760574,0.09911253,0.07183232,0.04604862
0.60731304,4795.7524,1.364195,5.8321643,0.088160776,0.12209771,0.03118848,0.04256084
0.6354809,4012.4167,1.8056116,5.8048973,0.096364535,0.09963811,0.044538476,0.03016555
0.6360656,3970.3792,2.2006292,5.402123,0.10828645,0.108962774,0.048687942,0.02448243
0.6907225,2745.994,1.1267545,4.726721,0.13387363,0.12348672,0.09205384,0.02415505
0.67348874,3223.9832,0.7481892,5.5506377,0.11186312,0.10416461,0.09302924,0.04693409
0.54566747,2957.798,1.8135269,0.88672423,0.19201314,0.07583736,0.07952065,0.11592243
0.6700945,3152.7327,1.6865848,5.193576,0.20867753,0.12707897,0.07214975,0.14456196
0.59081453,3816.0674,1.343641,2.426179,0.15993917,0.085028104,0.05572623,0.028419238
0.6255169,3915.1707,1.816718,4.272108,0.18727182,0.10197288,0.06297689,0.03691447
0.64324665,2387.9858,1.5881072,1.5429186,0.093313664,0.113401026,0.10439015,0.10363494
0.6727825,2927.7122,1.7334832,4.1831493,0.06797772,0.19400969,0.1320382,0.048858847
0.675557,2978.1882,1.4184282,4.3014526,0.06759332,0.2034426,0.14113677,0.04855528
0.60757065,4972.413,0.6774707,5.7621546,0.07185384,0.108182944,0.26530057,0.035121817
0.69845915,2725.6309,1.085474,5.125231,0.06986506,0.093379945,0.2089709,0.039303035
0.62973905,2165.6406,1.2285973,0.8854892,0.060965206,0.04811799,0.037659474,0.11927919
0.680588,2223.9043,2.865329,2.2566884,0.063423686,0.04740453,0.055774003,0.11886193
0.67736256,1791.1533,0.9530296,0.98335356,0.0667756,0.045688707,0.06416999,0.11062994
0.54093677,1838.8003,1.0616163,0.31903666,0.25166333,0.07029738,0.05384508,0.07669178
0.5838252,1831.692,1.6083429,0.40759358,0.23533407,0.06586384,0.061453868,0.10180327
0.6509387,2858.539,1.2868481,2.6115062,0.085219,0.31618375,0.08259695,0.03748585
0.65019757,3039.814,0.5487736,3.0432968,0.11436999,0.20866095,0.054380007,0.028061142
0.65387493,3088.662,1.3461287,3.597894,0.068013094,0.07911556,0.046586227,0.08088693
0.6454503,3293.817,0.75275594,3.9912267,0.05221301,0.07515944,0.11238499,0.04686282
0.5967302,6139.8994,1.0404938,9.870935,0.055660993,0.049197085,0.11269514,0.101463065
0.6936756,2217.614,1.408539,2.5272048,0.19364795,0.08352831,0.074117206,0.1304403
0.6596928,3401.624,1.46745,4.8649035,0.15912265,0.34351537,0.03870283,0.2666894
0.5847487,4736.506,0.5128461,3.9860907,0.10754563,0.4267943,0.04444581,0.0677272
0.71762645,2225.742,0.54099065,3.6258204,0.061930865,0.1510626,0.033226065,0.23532444
0.72427785,2232.293,0.4390292,3.9863362,0.059416443,0.15429194,0.032285683,0.22279935
0.578887,4336.522,2.023739,3.3214777,0.036815714,0.19012511,0.07463833,0.086154245
0.60067457,4069.4688,2.4224343,3.4267366,0.04392851,0.1839542,0.07666101,0.08292934
0.73543096,1955.9406,0.34549525,3.0173912,0.043210514,0.0705433,0.096142784,0.09009515
0.6184176,2110.2622,2.6158388,0.76722324,0.061529048,0.044505097,0.051513117,0.083347715
0.62281644,3864.9434,2.6799948,4.2644134,0.07583235,0.045477428,0.08189492,0.08022046
0.61148906,4565.478,2.7056835,6.1226697,0.07259358,0.029929936,0.09134121,0.094066836
0.5710078,5472.3486,3.3410056,5.1699696,0.043210506,0.044660516,0.11222407,0.07541571
0.6160422,4285.1807,1.3522873,4.8012877,0.12519127,0.110036254,0.04023299,0.04731799
0.6071381,5091.297,3.481801,7.0055194,0.03291589,0.056668848,0.11562347,0.0575317
0.6260359,4031.6675,2.297453,5.147038,0.035798706,0.05273932,0.1425898,0.044753153
0.6935761,3032.461,1.6732762,7.3534646,0.051404294,0.06264003,0.112866126,0.037702058
0.65084827,1615.1577,1.7230067,0.5676813,0.08200224,0.07371244,0.08870277,0.031861063
0.5806679,3457.3396,1.4938906,1.7708535,0.18866456,0.08889921,0.045488283,0.0409221
0.570631,3621.5251,1.2569523,1.6528451,0.21569763,0.081367776,0.049009535,0.043576933
0.67665035,3447.4146,0.62548965,6.8601203,0.052852947,0.110896155,0.057085022,0.080773324
0.6177531,3891.5398,0.20267177,4.121824,0.044218212,0.1079735,0.050363723,0.075499415
0.6671483,2908.952,1.3938174,3.832693,0.107691035,0.048987865,0.072572485,0.040996738
0.6070869,3843.3623,3.1273577,3.2090812,0.101609305,0.05368623,0.07271515,0.027224643
0.6305033,5336.9766,1.956591,10.956883,0.053784277,0.093857035,0.045515068,0.1415418
0.651789,4395.2803,0.59985286,10.13722,0.049573272,0.06204478,0.036060475,0.15800315
0.66429454,4133.74,0.91615003,10.112291,0.05402954,0.06876497,0.04296118,0.16208798
0.61047035,3232.0342,2.9166968,2.2157762,0.06481378,0.23290023,0.14861548,0.031372916
0.6608755,1756.3572,2.5209496,0.6779345,0.04233686,0.1722456,0.13908798,0.03230681
0.66912067,1980.8154,1.6906097,1.0683665,0.047793932,0.08797495,0.21459712,0.03216304
0.5656653,2110.7979,2.5699568,0.5317307,0.049833264,0.042301152,0.118526876,0.099073224
0.5647406,1759.8472,2.3590245,0.3364563,0.0463354,0.053256366,0.075154655,0.14328131
0.5599634,1801.3718,2.1814036,0.36784297,0.048388302,0.05453203,0.07353315,0.14365512
0.65969145,3601.9763,0.7774398,5.839467,0.062575474,0.07315657,0.07815632,0.07513564
0.6871083,2903.7678,3.505251,5.778014,0.11114165,0.043260336,0.09258544,0.0539584
0.60534406,4284.197,0.38182548,4.099155,0.13445823,0.15525605,0.03954341,0.05109535
0.6142847,3871.3018,0.25952652,4.1118846,0.035569433,0.04536851,0.14314447,0.06595783
0.6681314,2414.4675,3.8878248,2.4196196,0.06535323,0.08233899,0.103893414,0.15110837
0.6230506,3810.9575,0.60422736,4.36758,0.053672384,0.05584924,0.05369879,0.1360984
0.6793341,3570.2368,3.0933685,8.876472,0.043368302,0.06032864,0.085753486,0.09576677
0.6104956,5404.289,1.2949566,9.051474,0.031799555,0.049761128,0.072564006,0.10563548
0.58457077,5872.6387,1.9269086,7.5287857,0.042967267,0.044153783,0.06863369,0.08247237
0.66386503,1470.869,1.9652557,0.48482162,0.08767483,0.06516568,0.11980975,0.17436734
0.5804882,3196.0974,1.7724307,1.6088903,0.076057956,0.09355743,0.21706745,0.057355247
0.6935582,1657.007,3.1829631,0.9734061,0.051827565,0.08194792,0.09755919,0.04838042
0.6649405,3426.9646,2.2565417,5.917756,0.09396057,0.22213608,0.106729545,0.1210161
0.63409907,3047.431,2.32177,2.47168,0.11895988,0.2820778,0.09759634,0.06568245
0.64465755,1993.7882,2.7115157,0.784539,0.12422588,0.29270715,0.0789198,0.076299116
0.6724469,3944.5962,2.2552688,9.803493,0.03656853,0.09404282,0.050789926,0.041137744
0.64767194,3782.814,0.89617354,5.7566586,0.06054423,0.0885867,0.047344476,0.05314116
0.61417645,4626.776,1.3853878,5.729643,0.064388804,0.07677943,0.049186293,0.06534913
0.6823869,2737.3428,0.02754652,3.896217,0.08855173,0.071303554,0.058304943,0.10384478
0.6425311,3019.3252,1.4828279,2.9047823,0.06363317,0.056935884,0.09037371,0.16001388
0.6019796,1964.0636,2.1831832,0.57926965,0.073324695,0.06396044,0.0685865,0.15729338
0.6250845,5356.5776,1.565177,9.234684,0.115191914,0.0853446,0.14465812,0.10181782
0.57510805,6035.848,2.2201326,7.5059752,0.10852731,0.09446292,0.123467825,0.10403029
0.58816594,6220.5664,2.2593482,9.181797,0.107536145,0.119426616,0.19126219,0.09147662
0.65643936,4210.351,0.5205235,8.27081,0.106406204,0.106118605,0.0404733,0.19330281
0.6877564,3681.6697,0.5138855,10.783474,0.09117353,0.09839736,0.04149968,0.13909364
0.68508095,3318.6682,3.4150403,8.21378,0.062351953,0.05385964,0.09797316,0.027172003
0.68177927,3108.4756,3.210615,5.8824863,0.05995514,0.06112695,0.101052634,0.03212483
0.6091825,3986.1492,1.1720109,4.0400167,0.056146577,0.058927123,0.119900644,0.06309775
0.61606175,3888.3958,1.1910512,3.7711866,0.05665696,0.059341498,0.118610546,0.05853402
0.6633912,2973.8909,1.9669204,4.213494,0.076998144,0.06675578,0.087220445,0.09523654
0.584103,4293.4526,1.2085546,3.4300385,0.047606625,0.06315543,0.07019816,0.14127602
0.6805255,3140.6194,3.265943,6.6411257,0.05183084,0.039654363,0.051571157,0.28979772
0.6895267,3246.6848,4.847429,8.797382,0.055988397,0.047933646,0.06606798,0.2923867
0.63143086,5256.253,0.1025017,10.426748,0.067403845,0.08545534,0.09635773,0.3859837
0.6430535,4850.227,1.090883,11.179692,0.057692643,0.06020916,0.1005877,0.51650244
0.67512447,3758.675,3.1570969,10.268117,0.10785762,0.043290846,0.085151754,0.5452173
0.47217616,3600.1184,1.1587081,0.60356075,0.22899804,0.18130374,0.06901431,0.031290602
0.53003764,4613.725,1.310656,1.8379185,0.18201965,0.14997369,0.059427254,0.03406779
0.49434283,8806.78,0.2447896,4.7024026,0.1844253,0.1470071,0.056302126,0.027714323
0.47274372,6789.745,1.0035945,2.4781697,0.22661164,0.1743046,0.08244475,0.07143241
0.6732438,3028.6167,0.061351012,4.0879984,0.1067543,0.2414009,0.06593934,0.070958376
0.6744887,2488.2576,0.1481264,2.4678807,0.16558686,0.24379188,0.052594826,0.067989245
0.66529095,3618.149,0.0956321,6.103424,0.0941373,0.34395263,0.027175825,0.04736665
0.6524228,4294.591,3.9313486,9.801555,0.07066674,0.067833565,0.10936922,0.063510075
0.70108217,2859.6719,0.42723036,6.1739054,0.052588932,0.058387697,0.03579903,0.10201188
0.6236031,4001.8215,5.1748705,5.0185137,0.0755554,0.027624164,0.064674206,0.06593625
0.6756865,2814.7979,1.0647993,3.9774332,0.08881211,0.040464953,0.13797292,0.045379136
0.6509392,3804.0417,2.1114078,6.1914845,0.032240067,0.07558951,0.028532319,0.054769523
0.65872955,3422.8914,1.5106386,5.2825365,0.031780288,0.06772915,0.037605613,0.051303234
0.6490905,3368.7532,0.92192715,4.1819477,0.03623014,0.16251224,0.034590505,0.033689357
0.6742604,3110.0842,0.9565093,5.039271,0.029669242,0.1579329,0.024350055,0.0190463
0.66773045,2531.9424,2.6746883,2.3841588,0.043929864,0.1433809,0.03954357,0.022194382
0.6716649,2508.2937,2.5884342,2.4279532,0.043212987,0.14356905,0.040440246,0.021215064
0.6583321,3194.358,2.564317,4.193876,0.0507247,0.15387538,0.03411734,0.020756302
0.675992,3388.2444,0.79543394,7.290986,0.051179796,0.17103407,0.21169108,0.12958269
0.6386819,4638.9253,0.49044394,9.307656,0.07316547,0.1756771,0.118499406,0.1245581
0.67469263,2206.595,2.7924366,1.8758031,0.06083685,0.042814787,0.04496289,0.031362638
0.57426876,3886.4214,1.0105168,2.2692766,0.10370116,0.11181462,0.094150975,0.08473002
0.6047713,5562.019,3.659126,8.5093775,0.063222185,0.045194082,0.03970752,0.09542417
0.68982303,3371.9895,0.1943145,8.639998,0.06428429,0.114985,0.041668106,0.025856405
0.68883944,3028.7505,4.4870286,6.416294,0.052187223,0.045669824,0.15328866,0.106992885
0.65663534,3699.2644,2.25105,6.5087557,0.060154706,0.046229035,0.12546797,0.13908449
0.5751339,2360.5322,2.155982,0.6990042,0.10514814,0.22879209,0.23809227,0.21061936
0.67455524,2437.1863,2.384027,2.4483473,0.08416639,0.097293876,0.24753669,0.19523925
0.6552938,1991.3717,1.5364946,0.97049266,0.08102661,0.16630515,0.10941071,0.08441368
0.6083188,2766.5447,2.4976046,1.5330782,0.047966547,0.09322718,0.047507785,0.047424767
0.6827199,2098.7314,1.2186732,1.618053,0.07062012,0.13580084,0.05032812,0.041232016
0.6717925,2094.8445,1.1879255,1.420944,0.07017983,0.13803136,0.051406205,0.04179873
0.6893959,1956.2034,1.125186,1.5835949,0.111138925,0.12351411,0.04158597,0.08596425
0.70201904,1874.8889,1.0809329,1.5666542,0.102536924,0.12050922,0.04492929,0.08690846
0.62404513,4548.216,2.2050674,6.6174245,0.043098755,0.03784433,0.1506357,0.052137177
0.69677633,2346.3186,1.7960073,3.3339148,0.10740404,0.051968053,0.25998136,0.04408231
0.60617024,3715.6895,1.8418615,3.1299047,0.05507486,0.03612026,0.12638909,0.0772582
0.58195233,4247.5435,3.2399514,3.4151175,0.04121631,0.028645411,0.12788332,0.08003027
0.7393225,1999.7994,0.16327447,3.8232749,0.10380396,0.10297931,0.03606516,0.071357146
0.6552721,1583.003,0.22935452,0.53357387,0.09021485,0.11397335,0.040823366,0.06330767
0.650569,4336.4346,0.9441494,9.528901,0.04717688,0.04260219,0.19192272,0.16296175
0.6440764,4527.202,1.7643939,8.909882,0.07454909,0.10714525,0.10549966,0.18592271
0.6627259,4237.01,2.1650388,11.300938,0.19576447,0.04569263,0.12156067,0.154477
0.5215028,1830.0778,1.6323609,0.279826,0.14978881,0.13738443,0.054108948,0.05379641
0.69099945,2142.5842,1.2649777,2.0688047,0.12122015,0.045085095,0.12029596,0.054896228
0.62760484,5504.3096,1.9218265,10.297794,0.21158151,0.09703405,0.07788637,0.040784687
0.64525145,3873.4058,2.1826396,5.619144,0.15726814,0.106572226,0.07778427,0.034280732
0.67586905,2898.3965,1.0211307,4.139964,0.023291193,0.12388122,0.07417571,0.043285623
0.6462807,3704.6091,2.7754476,5.6531878,0.06784481,0.03227492,0.07539011,0.060968738
0.69366497,2914.5652,1.3498785,6.584218,0.10319599,0.033535615,0.09880457,0.08412398
0.76715994,1642.5883,0.57828987,2.6864526,0.04712047,0.1960114,0.19718808,0.107172385
0.5186964,5911.7524,2.5092514,3.4669626,0.069200195,0.16975519,0.09535776,0.1223557
0.76749444,2055.3184,0.8106457,9.58738,0.4079481,0.02745235,0.1832425,0.07469476
0.6166915,3917.1697,4.8747478,4.366069,0.21627839,0.046174806,0.12644789,0.054428987
0.6711006,4003.2493,0.1393545,11.447499,0.2355214,0.10532693,0.068347335,0.27630696
0.64875406,3465.8132,0.0334307,4.270594,0.20269865,0.059395526,0.0449645,0.28037336
0.66416836,2876.5964,0.09788683,3.3928146,0.044452507,0.049637266,0.06829021,0.101507686
0.62001187,2645.556,0.20324634,1.5977147,0.047654126,0.053257547,0.047120877,0.08977251
0.6488739,2506.871,0.107840806,2.0068877,0.060982216,0.056808848,0.051028322,0.11471629
0.63691896,3788.1697,0.09313079,5.000198,0.058147006,0.06364352,0.064444005,0.100197844
0.65179884,2920.5344,0.8235125,2.959766,0.040011473,0.04940907,0.035839442,0.11323234
0.65441763,3404.3242,3.2884133,4.6953745,0.058757834,0.0638682,0.11982937,0.025309905
0.6632517,2722.171,0.8710132,2.8958716,0.030939618,0.061189562,0.07132241,0.06556526
0.63190806,4383.288,3.10053,6.9304276,0.048107877,0.12370688,0.08297647,0.050006613
0.6706649,2552.684,0.3110539,2.4890087,0.075556286,0.081419826,0.049251385,0.034712587
0.6146983,2428.5186,3.8326461,1.1024722,0.09139707,0.045641217,0.053719558,0.060466878
0.62833625,2299.3625,1.0302291,1.0927892,0.09565601,0.047975283,0.039100852,0.048044145
0.6553995,2503.5298,0.45656943,1.8147506,0.10029167,0.09139715,0.068656944,0.03861934
0.6314132,3722.9602,0.36342973,4.397264,0.060625434,0.09713506,0.05849656,0.04816797
0.703297,2384.8428,0.77819246,3.49011,0.04512606,0.03352284,0.037915323,0.038836166
0.67322385,2909.8762,1.0336878,4.1506515,0.053525504,0.031840347,0.035999827,0.063524336
0.6279901,4560.762,1.7594199,6.785724,0.084615275,0.33291698,0.12126842,0.044350382
0.6672396,2327.5386,1.9253461,1.9424149,0.09816269,0.27631885,0.14940934,0.040456764
0.6680651,4078.5518,3.1278236,9.603273,0.07490771,0.19691548,0.1615588,0.044207484
0.6818285,3507.9456,3.6140385,8.111975,0.07076834,0.19127747,0.13870794,0.04778797
0.7197672,2723.1875,1.5013205,8.038547,0.07032332,0.12754188,0.12106158,0.06374059
0.6833083,2739.2085,0.84117484,4.4446945,0.07890312,0.1497111,0.15907589,0.04223593
0.56714267,2669.4734,1.425922,0.79547936,0.20186439,0.08354974,0.038759198,0.13561758
0.57210237,2218.321,1.0663209,0.5636864,0.19638348,0.09558356,0.042214405,0.14390314
0.6732299,2755.9436,0.18647756,3.232861,0.27305835,0.10200362,0.048985064,0.042972535
0.6471163,3530.5625,1.5821701,4.7844515,0.06788197,0.074936114,0.04040666,0.059877686
0.6378523,3276.5088,2.7125719,3.1886306,0.067233585,0.08090226,0.05980043,0.056658056
0.65263104,4189.2734,3.2615402,8.445565,0.09466563,0.08720826,0.0449311,0.05061742
0.6040963,3464.496,0.8507495,2.5268683,0.04500826,0.07196005,0.059424464,0.1033113
0.68566626,3509.7705,0.63605285,10.170442,0.09756682,0.054578517,0.2925573,0.043507047
0.67149043,3736.0298,2.8065248,7.8204994,0.03044858,0.07505481,0.023653958,0.058777057
0.68327975,3625.9993,2.3943079,10.489744,0.06976875,0.0744586,0.059065025,0.030198356
0.66875756,3956.5383,2.3841977,10.121706,0.07148349,0.07914456,0.059159804,0.032644562
0.6038237,1684.0624,2.1428201,0.3813835,0.15094233,0.13836959,0.0635075,0.11063751
0.730293,2708.985,2.375739,10.61031,0.1352144,0.06632949,0.067301415,0.04698875
0.6484734,4738.664,1.7123293,11.323134,0.09304026,0.06519789,0.06432723,0.034450263
0.65104055,2682.326,0.09545044,2.4203825,0.110913925,0.17163825,0.15082194,0.06590649
0.6768903,3808.1296,0.97228634,9.737252,0.12592003,0.17503846,0.13471924,0.04962728
0.6229183,4760.769,0.7135746,7.7656937,0.061942544,0.22377816,0.08002648,0.05156255
0.67305654,3572.3706,3.013486,6.606801,0.13051438,0.10450861,0.047168374,0.06573518
0.5757253,4578.822,1.3463534,3.3384378,0.17702754,0.088740006,0.055208642,0.08087937
0.54102457,4612.1646,0.8826321,2.4252245,0.17210029,0.08641602,0.05710326,0.08743867
0.6299101,2240.562,2.3933213,1.0816249,0.15028043,0.10843309,0.06313544,0.050070666
0.628256,2583.4712,2.574761,1.40321,0.12752625,0.13299587,0.057519097,0.04581593
0.5811547,2198.7927,2.1600473,0.6191943,0.08229848,0.1287829,0.061512444,0.055933416
0.6791622,2269.2346,1.7701391,2.1100292,0.05506554,0.09213321,0.09903784,0.046643183
0.5415079,1760.8314,0.7509193,0.30805686,0.043705754,0.075093806,0.1556185,0.054727886
0.5178607,1703.2516,1.3366369,0.22903146,0.049724467,0.09566477,0.077057466,0.06863357
0.54739225,1366.6147,1.7459875,0.16664882,0.09750236,0.09275506,0.07289075,0.06899549
0.6362174,4178.3286,1.9179953,5.69236,0.08808432,0.15360427,0.068125054,0.048834637
0.6460301,3423.1038,1.468934,4.0823274,0.055094667,0.08908426,0.02922444,0.08389813
0.6169343,3492.5486,2.3835418,2.9111812,0.05451439,0.076726325,0.033302493,0.076513946
0.57839954,4436.046,1.8405261,2.9308307,0.10988359,0.08384531,0.22933835,0.06976433
0.66223836,3395.0603,1.8091512,4.5139475,0.09230937,0.34158543,0.043369584,0.07260184
0.62561333,4343.8438,2.7533267,6.0405383,0.073131196,0.27452675,0.05166051,0.05275993
0.60385126,4430.547,2.2841153,4.472035,0.1064145,0.05097179,0.08600705,0.07498713
0.65171355,3779.0908,0.8725492,6.0552554,0.053076673,0.0789562,0.04542958,0.13419472
0.5962689,4970.4946,4.9113197,5.1621647,0.08449817,0.06889427,0.05472259,0.04115227
0.6106046,4751.2295,4.583062,5.8821015,0.08697912,0.07145642,0.056125242,0.03819324
0.5916476,4650.4077,3.517647,4.2455163,0.105967894,0.07516643,0.05098842,0.03659472
0.6999707,2379.3281,0.5757602,3.407072,0.058269687,0.20350836,0.11783711,0.035859853
0.66681546,1680.3634,4.432172,0.64578533,0.072235554,0.057443187,0.028591616,0.034898967
0.65586853,1799.6083,3.2510245,0.72052526,0.09715702,0.046620205,0.04523921,0.03704228
0.6208169,2894.4836,0.1432361,1.8623343,0.07482347,0.06291908,0.09877697,0.035351723
0.6121123,2243.567,3.690602,0.8353035,0.034008995,0.059450284,0.050022796,0.061361704
0.5997839,4135.987,0.60092413,3.4643574,0.069507755,0.10253086,0.0542419,0.06445279
0.58154845,5201.4014,0.5464583,4.8151617,0.054333355,0.097933434,0.0584402,0.06751732
0.58707625,5244.4243,0.5841295,5.593405,0.055299263,0.079549834,0.056820955,0.08135026
0.69656974,2920.3516,0.5211504,5.946289,0.04475405,0.09657356,0.05305191,0.12901218
0.6061061,4665.1304,0.101630986,5.638417,0.036435664,0.0837897,0.053028204,0.17095013
0.62323105,1658.3309,2.1941273,0.44087678,0.041265003,0.036944546,0.14230008,0.2507764
0.58137053,1640.2812,1.6438943,0.33338782,0.039113626,0.037728384,0.13946493,0.26043662
0.4867677,2458.5503,2.4526665,0.44404745,0.0851177,0.11156785,0.1347432,0.43485045
0.68625104,3683.402,0.63352853,10.68681,0.23743501,0.14969204,0.030104889,0.17543863
0.67285794,4038.2522,0.71214265,10.611026,0.23545945,0.1581106,0.025938403,0.1613839
0.57268155,4075.9172,3.406522,2.592779,0.54777217,0.093976855,0.08189897,0.09927032
0.6574887,3290.4111,0.88127047,4.792773,0.41229188,0.05308538,0.03111212,0.0610505
0.6161462,5940.2007,1.8296129,10.304567,0.3160825,0.12990938,0.084337816,0.0286585
0.6116928,5929.959,3.470903,10.380631,0.5528487,0.080491535,0.08157976,0.027576016
0.68785894,1931.2747,0.6268722,1.5302703,0.43088642,0.30220675,0.10500113,0.05108428
0.68130916,2610.5947,0.48317707,4.281731,0.35764045,0.21079868,0.13379501,0.041925386
0.7167425,3181.7227,0.79568994,10.770388,0.22769861,0.14051586,0.34120157,0.11843575
0.6807925,3918.5017,4.661943,10.181648,0.24192505,0.15840939,0.3160795,0.091125935
0.5306555,3893.3137,0.2556734,1.430562,0.14983732,0.27164257,0.103053674,0.06921916
0.56268865,4505.4443,0.95845807,2.764566,0.15168421,0.31215322,0.07435461,0.06290592
0.72299314,2275.8398,3.1545224,5.210477,0.07116913,0.03229325,0.040332034,0.04051918
0.58788717,6453.8213,0.3411102,9.041613,0.042821832,0.09585351,0.10982673,0.090218164
0.70939094,2081.0457,2.477599,2.8574781,0.058221664,0.082034014,0.056565356,0.07386204
0.7140123,2135.6064,2.5104606,2.6433663,0.056954946,0.08109432,0.05751209,0.07454189
0.6806079,2947.0076,2.209594,5.1755304,0.06497568,0.05782491,0.07278505,0.094406076
0.66278297,3723.9087,1.7867985,7.130327,0.060970176,0.06604729,0.07099031,0.116695404
0.6172419,2117.1296,0.38026375,0.70563674,0.0865064,0.14765947,0.038631313,0.09245834
0.6694874,4093.3997,0.81387997,10.364777,0.09760309,0.0626797,0.091856346,0.033550866
0.6703372,3919.3093,0.93448275,10.401579,0.09897312,0.060001455,0.08924274,0.0343139
0.7174555,2036.9812,1.2541629,2.3439994,0.04505434,0.13417985,0.05929778,0.06189287
0.61968595,2404.8315,2.4188285,1.148976,0.056241445,0.2251063,0.060091477,0.063119374
0.68312603,2155.2605,1.7790912,1.8475866,0.091086835,0.19961037,0.060149644,0.032491364
0.6281564,4233.212,1.3710521,5.700549,0.04000236,0.061978545,0.05606562,0.08111959
0.6261927,3985.1938,2.727846,4.783334,0.040760063,0.08011499,0.053166267,0.1637196
0.64657927,3621.4631,1.090096,5.338568,0.040903784,0.04138557,0.13145696,0.081546
0.6366662,3579.304,0.6392592,4.1339164,0.079892434,0.17482682,0.035084408,0.042148113
0.6597323,2944.6423,0.10168654,3.5054576,0.10700658,0.092845835,0.037732147,0.041768137
0.6408209,3471.951,1.1645765,3.8380892,0.105015725,0.091441855,0.061564676,0.04026869
0.66812545,3691.7402,0.07639668,8.0597925,0.04325104,0.0809455,0.15751377,0.043677557
0.68489516,3244.1257,0.11888974,6.6662583,0.039997328,0.076200984,0.06368577,0.06801366
0.6762473,3314.6472,1.7513373,6.504463,0.069608696,0.08247137,0.06615827,0.0452887
0.6634057,2513.8894,0.6172644,2.3480563,0.06721288,0.07577851,0.05870353,0.048529703
0.6474461,2544.4897,2.5525289,1.8613846,0.07454516,0.03919673,0.07358922,0.083105475
0.64919454,3902.1172,1.4695156,6.4081073,0.06595704,0.10249681,0.12463739,0.061333768
0.6233627,3972.7395,0.58441484,4.187065,0.10886808,0.12692079,0.045168143,0.052382775
0.6316442,4409.048,0.26384673,6.637416,0.09128165,0.094278134,0.036137633,0.056158476
0.6711709,4029.7004,2.2862942,10.880936,0.074458934,0.09359599,0.042503007,0.07608828
0.57917935,1542.7319,1.1966226,0.27888218,0.057448804,0.07465281,0.06874397,0.13912839
0.6453421,1980.1367,1.4642717,0.84819686,0.056537487,0.078450225,0.14084575,0.07990587
0.5742986,2285.8652,1.5409784,0.62652814,0.09027988,0.06576133,0.14588287,0.04545682
0.72139305,2409.2725,2.2336977,5.7292123,0.14596307,0.12237603,0.12224011,0.029078424
0.6111488,1519.4636,1.9449258,0.30892682,0.03246717,0.049410116,0.033599094,0.15140274
0.51281023,1325.6431,1.2254915,0.12258649,0.065583274,0.09554653,0.09737089,0.035195123
0.56512636,4347.2373,0.35462722,2.66135,0.056079857,0.05885407,0.043955155,0.13937473
0.71177214,2923.198,4.0670066,9.231451,0.049352817,0.043826107,0.2977059,0.04802628
0.61986774,5753.658,0.62500733,11.379264,0.058839984,0.05817704,0.17605151,0.040264618
0.71191126,2790.7761,3.7377737,7.8674116,0.09708346,0.051468775,0.3003823,0.089129254
0.66732097,3478.475,2.6290085,6.633502,0.104170494,0.04038333,0.18739189,0.10936343
0.6522111,4240.9146,0.829494,9.037389,0.18399891,0.047701824,0.03811461,0.094818465
0.6421301,4432.457,0.82333374,8.329423,0.19375905,0.048688594,0.033209544,0.096457906
0.66010284,4136.3213,1.8247366,8.939848,0.06283194,0.09638365,0.1038301,0.04781747
0.63116217,4636.162,2.4229906,8.728511,0.05225002,0.27373788,0.07772409,0.075528026
0.64918,4264.007,1.8854387,8.6185665,0.053610127,0.27111065,0.09588039,0.06670728
0.750346,1785.6766,1.5075235,2.938375,0.1339867,0.035509646,0.055748142,0.07466775
0.7176445,2108.7297,1.0256122,2.9070396,0.15421167,0.060599525,0.062016696,0.055032935
0.5977253,4723.907,4.1157384,4.819502,0.10837936,0.07623249,0.056369822,0.04993537
0.6702105,4085.723,0.17086993,10.404247,0.03960999,0.25286368,0.059496608,0.21752784
0.65656376,4066.9778,0.17556624,8.48774,0.03940621,0.2191234,0.07109468,0.21408367
0.632678,3085.9114,1.8211043,2.5542643,0.08220586,0.24049202,0.04259763,0.16412283
0.6093517,4762.681,1.7759136,5.965741,0.10136118,0.29565924,0.030980874,0.08391733
0.6398109,3726.1208,0.84225017,4.303989,0.092294544,0.16770723,0.0560882,0.095306665
0.6314844,5518.3784,4.183092,11.025138,0.109148555,0.15454581,0.054695874,0.110257186
0.6484776,4550.9604,0.86739045,9.14473,0.087645695,0.14758569,0.09660789,0.08940649
0.6141549,5776.331,4.2832465,10.409331,0.09722698,0.06399362,0.064068265,0.047576785
0.604104,1447.8455,0.30200556,0.27875298,0.09091155,0.17510638,0.03786338,0.07433146
0.5852044,1640.9227,0.36694685,0.34391484,0.10644828,0.11799696,0.1058998,0.046294153
0.52453184,1216.7347,3.3289123,0.09587753,0.043265317,0.10083584,0.077467844,0.09315491
0.7005595,2110.3672,0.47993964,2.2678463,0.08115967,0.12778926,0.044670515,0.07735023
0.6097226,5938.492,0.14362146,10.834417,0.06607612,0.056707315,0.05806257,0.1275737
0.6862692,3130.3235,3.446669,6.8960876,0.053974822,0.068216674,0.08289491,0.04419094
0.6237788,3490.0078,2.928748,3.404857,0.06502673,0.098560326,0.11126889,0.046215206
0.6729127,2843.6653,0.07496754,3.635823,0.08112816,0.0472572,0.03458559,0.06480227
0.6889407,2871.686,0.098182924,5.453598,0.07652245,0.041040942,0.04169585,0.076267526
0.55464077,2404.4163,0.80860984,0.5728797,0.1250894,0.20100805,0.077583686,0.0813342
0.55008525,2543.5957,0.89511013,0.643742,0.12511013,0.20121431,0.07847806,0.07883163
0.6142363,2152.967,3.2239397,0.7677276,0.060280215,0.2873113,0.072961465,0.04007844
0.5880713,2326.2788,1.7208725,0.7296646,0.061135564,0.61919874,0.043520648,0.04581131
0.64289546,2129.867,2.5156174,0.9564276,0.06588798,0.56813,0.08813112,0.04607237
0.58796865,3523.8364,1.5853001,2.2016072,0.10633692,0.20583639,0.059778363,0.05389381
0.63073426,4351.834,1.6552715,5.701845,0.11481025,0.26100802,0.048993472,0.04313528
0.6179708,4787.0654,1.6669339,6.545168,0.08934103,0.19890034,0.05147885,0.03956323
0.62687993,4511.4395,1.3927664,6.518778,0.08291408,0.21889973,0.060721472,0.051469572
0.6742857,2694.5974,0.279481,2.9605637,0.056210678,0.1405249,0.0459012,0.033172186
0.6219505,3429.2136,1.364994,2.9658847,0.09974429,0.28036824,0.09536903,0.15788075
0.62459946,3547.3535,2.5392182,3.9626238,0.21951286,0.047978465,0.102243245,0.118589655
0.5966433,2593.321,2.2134342,1.1106994,0.24005656,0.032165386,0.1671473,0.13166742
0.6019419,2433.8188,2.2992718,1.0418067,0.20146208,0.029086966,0.1451482,0.1956727
0.59985405,2384.3088,2.1933057,1.0815266,0.20124055,0.029235912,0.14483723,0.19508338
0.56341964,1502.6182,0.6692767,0.22410266,0.21893777,0.044693675,0.13013211,0.2319515
0.44830728,1175.1632,2.9724708,0.020119894,0.16314173,0.07927173,0.031608507,0.0297259
0.6989857,2377.8706,3.2117138,3.0005946,0.089217424,0.2302536,0.1690117,0.17433213
0.7224583,2586.7705,3.4757643,7.5082283,0.04437108,0.042909384,0.03459778,0.036658302
0.6305879,4319.8447,0.86446154,6.950798,0.06746143,0.057987228,0.07477314,0.11300453
0.66701615,3909.8103,1.630231,9.122076,0.080488235,0.1037404,0.04591349,0.052259736
0.69345325,3366.6514,1.9434149,9.586284,0.07789776,0.13272399,0.062136505,0.08269457
0.6927754,3384.1528,2.6091053,9.630462,0.09978986,0.17130503,0.09605579,0.14000304
0.6824901,3742.2078,2.3791091,9.776501,0.09802015,0.19451097,0.09273958,0.16193648
0.5814069,3521.7395,0.44612342,1.9622275,0.070371315,0.076016426,0.07882431,0.14879808
0.7101483,2517.8079,0.57156634,5.465208,0.098262675,0.14220847,0.055892624,0.056289524
0.58180165,4714.8345,2.7975268,3.9105418,0.121359296,0.09888877,0.058550447,0.043758806
0.6823628,3481.8115,1.4576067,7.6185913,0.16465855,0.12551117,0.037131898,0.042074066
0.56666905,3165.5723,1.4537386,1.2659364,0.20101818,0.08123317,0.04965133,0.040117662
0.6271923,1949.614,0.9565904,0.70602906,0.30786026,0.19323869,0.05678252,0.04112833
0.6169558,5316.3633,1.4139341,9.357913,0.110233374,0.037006494,0.10357388,0.10806351
0.6785855,3445.0098,3.1978366,8.397023,0.10507616,0.0654481,0.12978208,0.17912108
0.64612967,1534.5544,0.7870965,0.42979988,0.21888049,0.04940909,0.17038402,0.22597077
0.5633028,2003.0332,2.6601737,0.4695385,0.074438244,0.10589697,0.0779127,0.06605105
0.5211766,2018.9021,0.68047,0.31488347,0.08991389,0.13692304,0.08223067,0.06617138
0.6281693,1906.4857,1.9513158,0.6561953,0.031014802,0.147891,0.045605518,0.036893766
0.71526456,1936.4777,1.6495374,2.0728812,0.04263995,0.114701144,0.036975406,0.03503104
0.5706603,3895.906,3.2047997,2.1493423,0.16888411,0.08011213,0.11381239,0.098242134
0.6927794,2692.684,0.98126733,4.576674,0.10331117,0.047016725,0.16343723,0.11893002
0.67594737,3306.0178,0.5241561,6.2288246,0.03390009,0.087768756,0.057305,0.07705893
0.5834811,5041.0645,0.9261086,5.034088,0.07451822,0.055778816,0.106193446,0.10936051
0.605693,3104.1157,5.3336997,2.025991,0.06266419,0.07066463,0.072882794,0.09580034
0.5918952,3347.2146,3.4992375,1.8858236,0.035961617,0.07068465,0.06671842,0.099675395
0.778124,1265.781,0.12855498,1.5462431,0.09425775,0.060386904,0.05116179,0.04430404
0.6895778,2253.1064,5.491724,2.3550675,0.20486954,0.062346216,0.032268304,0.07074555
0.71001047,1484.7826,0.80351,0.73992985,0.1310947,0.07655108,0.05327642,0.0782629
0.7843837,1376.8202,2.218181,2.0528896,0.088807374,0.091163725,0.07560604,0.10250202
0.5674034,2454.888,1.0072038,0.7413744,0.08901649,0.08081122,0.04537089,0.19932015
0.6868082,3606.9163,1.5279645,11.207696,0.05865749,0.123178035,0.2171024,0.09429533
0.5946962,5642.975,0.8397422,7.276749,0.08959833,0.07949347,0.050065976,0.07650034
0.6101222,5358.373,0.5285197,8.430604,0.11629326,0.088494554,0.046363696,0.08827088
0.6610291,3220.8066,3.2363675,4.7180004,0.08557163,0.10084853,0.073606886,0.06842694
0.6779168,3236.752,3.9429154,7.149681,0.08752477,0.08101377,0.052740388,0.044597216
0.6938008,2705.1406,0.7093466,4.717663,0.063119814,0.11302654,0.09076686,0.17189585
0.6136175,4847.814,3.888239,6.360512,0.035287436,0.14372838,0.03691338,0.0785455
0.7244267,1772.5756,0.53183186,1.8601241,0.045891188,0.2746581,0.15894979,0.08169935
0.68364584,2118.0623,1.9817065,1.8721088,0.049035635,0.15403482,0.12604453,0.0705329
0.71545213,2520.178,1.4447905,4.65398,0.05040191,0.12259728,0.13004369,0.08989571
0.5999541,1973.309,3.825358,0.53497845,0.116784275,0.10876663,0.034602806,0.03371676
0.57968307,2343.537,3.3700593,0.65323144,0.13056107,0.09995201,0.040187202,0.031463258
0.6349096,1734.7,3.483554,0.52014536,0.11850314,0.12744544,0.035878606,0.043806896
0.6110589,2393.4468,0.4454213,0.9990737,0.109643325,0.13685314,0.049757637,0.051602755
0.6930567,2272.512,1.1905625,2.4423535,0.11575274,0.13668042,0.07782977,0.07155294
0.63865805,4169.8477,2.0445087,7.045056,0.14497352,0.05485116,0.041625656,0.10063434
0.712282,2326.5833,0.9337246,3.756318,0.10588132,0.088485256,0.08453093,0.052569617
0.56153154,3977.352,1.1438423,1.8430387,0.09049512,0.14147528,0.03301318,0.10325623
0.71167386,2445.3079,3.0433857,4.9468937,0.092363775,0.06838556,0.07677378,0.101874776
0.61558723,2395.4868,3.1693604,1.118719,0.094045416,0.07014794,0.05755666,0.06478521
0.6363882,2574.2473,3.2903643,1.6310807,0.0905505,0.065674104,0.059972722,0.052082885
0.6400227,2180.249,0.6398175,1.0363743,0.043872893,0.07381813,0.043878697,0.09095271
0.63070136,2220.0781,0.6037284,0.9732905,0.043786764,0.074203245,0.044689767,0.09099554
0.6437234,2041.3369,0.08993038,0.95554245,0.043850563,0.10567049,0.048902877,0.058886927
0.6520012,4418.262,1.0666033,9.328978,0.114534855,0.11330847,0.04669383,0.0917817
0.66121656,4390.4404,0.79320025,10.584003,0.104561105,0.03909553,0.067129366,0.04741205
0.6879362,3593.4072,1.4468324,11.339401,0.12278302,0.039719507,0.104139775,0.038424358
0.5841555,4001.2322,2.0264993,2.6270394,0.21686006,0.13111098,0.07610414,0.090958014
0.6168505,2562.926,3.867466,1.3128942,0.087173775,0.132117,0.10292656,0.11575026
0.682952,2572.5095,2.3729832,3.0501556,0.049854156,0.19390164,0.030316874,0.24328284
0.682952,2572.5095,2.3729832,3.0501556,0.049854156,0.19390164,0.030316874,0.24328284
0.682952,2572.5095,2.3729832,3.0501556,0.049854156,0.19390164,0.030316874,0.24328284
0.67603517,2574.3184,2.525892,2.9673653,0.04984561,0.19765694,0.029788963,0.23949684
0.68682414,2441.2761,2.513994,2.7685552,0.04816935,0.21290663,0.030977203,0.2535467
0.71100247,2268.4067,2.3154938,3.137412,0.04645556,0.24540105,0.035914473,0.29107228
0.685337,2914.3516,1.2307965,5.104983,0.09082091,0.2885647,0.041690417,0.18104368
0.68261373,2979.7087,1.3288277,4.677297,0.057990324,0.30312,0.042362727,0.11501987
0.6339349,3573.8132,2.3208709,4.0834093,0.048278183,0.09064312,0.06138917,0.0527594
0.62714285,3878.7488,0.6118448,4.2644854,0.07395104,0.1713848,0.045347672,0.07093757
0.61645836,3455.5576,0.44229895,2.5148025,0.0684294,0.11380178,0.047975365,0.06377908
0.6118214,3308.5674,0.42152122,2.3403955,0.07430444,0.11699,0.04843515,0.071373835
0.65612924,4134.732,1.2564825,8.404003,0.062685005,0.05131865,0.22002083,0.076061256
0.6843027,2785.1997,1.484567,4.2571425,0.13488926,0.07427047,0.12965848,0.12879544
0.71321434,2527.5745,1.6235772,5.661395,0.09371346,0.074234284,0.09260009,0.0417538
0.708125,2634.1514,2.2848933,5.426551,0.11119294,0.073604465,0.07410825,0.028806206
0.5688688,5522.611,1.2889051,4.98013,0.17634055,0.09307689,0.058807153,0.10639659
0.68279946,3136.8723,3.3071187,5.976079,0.23588783,0.062376473,0.044437394,0.04617312
0.6373532,3955.663,0.7043823,5.9461384,0.05447549,0.107845634,0.12615219,0.118066415
0.6441794,3796.0374,0.5347352,5.3356385,0.042901926,0.14313477,0.13033968,0.07566331
0.59587467,4000.4158,0.43098098,2.8742743,0.15840954,0.05283615,0.06919873,0.14485753
0.5587264,5261.206,0.5404128,3.1784487,0.41429716,0.13087185,0.06577782,0.07836869
0.5659299,3670.282,0.79963356,1.6747649,0.3877109,0.14523092,0.07458592,0.038606986
0.5012562,4109.424,0.43495548,1.0605308,0.25826445,0.1515486,0.099758126,0.055414405
0.6743201,3253.9448,4.0827107,6.339862,0.06715834,0.07444238,0.06277351,0.14958769
0.60307693,5637.774,1.813278,8.880795,0.037584413,0.07262273,0.088918984,0.119998306
0.6075581,5052.2134,1.6882788,7.0923047,0.044985987,0.07650284,0.09386411,0.13693006
0.6109531,5013.588,1.6018239,7.643865,0.028076494,0.056040414,0.07838021,0.19131038
0.5833488,4170.3945,2.3397403,3.389027,0.07350652,0.057716116,0.2143771,0.26761806
0.5910945,5984.333,2.530443,8.483566,0.10938165,0.05423573,0.16964245,0.10687408
0.71619236,2523.8313,1.0286424,6.878566,0.06342792,0.16584273,0.048435334,0.12100522
0.7143654,2792.3594,1.2658477,7.637892,0.075331405,0.19387706,0.04037585,0.11916455
0.6826923,2808.116,1.3218392,3.6726074,0.15639485,0.17994055,0.03814574,0.17229982
0.64537764,4099.2183,2.5872347,6.4888635,0.059895974,0.06004536,0.22704084,0.04389111
0.63740104,4317.381,1.9991952,7.412158,0.04828204,0.076580346,0.19369873,0.06422359
0.6331424,4365.105,2.5678792,7.0838695,0.052525353,0.062099095,0.24934003,0.04924919
0.72313106,2638.5579,1.008654,8.007868,0.14834604,0.072151884,0.30609822,0.15625027
0.55651104,4289.165,2.362484,2.4835744,0.05515237,0.047678676,0.07480429,0.096795455
0.6200896,4695.181,0.42644134,7.017635,0.05264747,0.0581798,0.069799446,0.24412656
0.65568376,4242.4395,0.21181315,9.959587,0.038907744,0.050108537,0.054789662,0.16273852
0.65729594,3831.4014,4.314071,7.010492,0.1081397,0.17431614,0.06616501,0.07158806
0.65557486,2781.4175,0.9905565,3.6275187,0.057690084,0.13693187,0.27321026,0.09903468
0.6677667,3127.5674,1.166246,3.5011506,0.060973566,0.13087119,0.25754166,0.10074812
0.7475692,2361.5269,1.3569144,9.027391,0.074976206,0.06829785,0.32674474,0.1159741
0.7163715,3002.067,1.8624828,10.740547,0.07746145,0.09552521,0.19958764,0.22734115
0.68386906,3825.84,3.5951433,10.992136,0.050730526,0.10175831,0.31056008,0.1323674
0.6780914,3533.0342,4.653666,9.743748,0.06782807,0.0517909,0.24894093,0.106237456
0.60208434,3945.1973,0.35484502,3.1485481,0.050716985,0.0720053,0.070592776,0.048375797
0.60567385,3821.4229,0.320852,2.834066,0.049477052,0.061961863,0.07088693,0.041333348
0.60204804,3747.471,0.34106353,2.7176223,0.049239703,0.061927985,0.072713554,0.03990124
0.60138,3606.2517,0.36599314,2.6895661,0.048703015,0.063690394,0.071319014,0.038816415
0.60421336,3580.7983,0.37223625,2.4958456,0.04905233,0.062844776,0.07022774,0.036223263
0.60421336,3580.7983,0.37223625,2.4958456,0.04905233,0.062844776,0.07022774,0.036223263
0.60167783,3557.067,0.38864708,2.4719577,0.04937494,0.063955866,0.06876959,0.035540823
0.60564417,3472.6277,0.40691957,2.449107,0.05222231,0.063447505,0.06858128,0.03542846
0.60564417,3472.6277,0.40691957,2.449107,0.05222231,0.063447505,0.06858128,0.03542846
0.60564417,3472.6277,0.40691957,2.449107,0.05222231,0.063447505,0.06858128,0.03542846
0.60564417,3472.6277,0.40691957,2.449107,0.05222231,0.063447505,0.06858128,0.03542846
0.6042761,3560.5466,0.40339231,2.579996,0.047139708,0.065718256,0.066618964,0.033869375
0.5999587,3519.9988,0.38734883,2.4922662,0.04870969,0.06393027,0.06669771,0.03478599
0.5999587,3519.9988,0.38734883,2.4922662,0.04870969,0.06393027,0.06669771,0.03478599
0.5999587,3519.9988,0.38734883,2.4922662,0.04870969,0.06393027,0.06669771,0.03478599
0.5999587,3519.9988,0.38734883,2.4922662,0.04870969,0.06393027,0.06669771,0.03478599
0.59769183,3540.6663,0.38716716,2.2734542,0.04958508,0.06471972,0.06699167,0.035002187
0.59769183,3540.6663,0.38716716,2.2734542,0.04958508,0.06471972,0.06699167,0.035002187
0.59769183,3540.6663,0.38716716,2.2734542,0.04958508,0.06471972,0.06699167,0.035002187
0.59769183,3540.6663,0.38716716,2.2734542,0.04958508,0.06471972,0.06699167,0.035002187
0.5981788,3577.0168,0.39815977,2.3225217,0.04962688,0.06539913,0.06917287,0.033859126
0.5959609,3560.8801,0.418169,2.2140846,0.04830805,0.06588971,0.068205945,0.03517315
0.5959609,3560.8801,0.418169,2.2140846,0.04830805,0.06588971,0.068205945,0.03517315
0.5959609,3560.8801,0.418169,2.2140846,0.04830805,0.06588971,0.068205945,0.03517315
0.5959609,3560.8801,0.418169,2.2140846,0.04830805,0.06588971,0.068205945,0.03517315
0.5959609,3560.8801,0.418169,2.2140846,0.04830805,0.06588971,0.068205945,0.03517315
0.5959609,3560.8801,0.418169,2.2140846,0.04830805,0.06588971,0.068205945,0.03517315
0.59577394,3551.7722,0.38088825,2.4727561,0.046734296,0.06695604,0.06687242,0.03571515
0.59577394,3551.7722,0.38088825,2.4727561,0.046734296,0.06695604,0.06687242,0.03571515
0.59736884,3548.2246,0.38099375,2.3791666,0.048435774,0.0664755,0.064618565,0.03650363
0.59692806,3546.9604,0.385147,2.2348025,0.049308956,0.06623382,0.06404394,0.03558776
0.59692806,3546.9604,0.385147,2.2348025,0.049308956,0.06623382,0.06404394,0.03558776
0.59692806,3546.9604,0.385147,2.2348025,0.049308956,0.06623382,0.06404394,0.03558776
0.5973104,3525.4062,0.4010703,2.2403843,0.052859437,0.069391385,0.06667048,0.036639296
0.5973104,3525.4062,0.4010703,2.2403843,0.052859437,0.069391385,0.06667048,0.036639296
0.5997173,3441.2246,0.41518095,2.3148491,0.053309888,0.067981414,0.06649288,0.036128026
0.5997173,3441.2246,0.41518095,2.3148491,0.053309888,0.067981414,0.06649288,0.036128026
0.59723973,3482.594,0.43174082,2.249264,0.053452887,0.06829798,0.06512128,0.034612484
0.59723973,3482.594,0.43174082,2.249264,0.053452887,0.06829798,0.06512128,0.034612484
0.59723973,3482.594,0.43174082,2.249264,0.053452887,0.06829798,0.06512128,0.034612484
0.59723973,3482.594,0.43174082,2.249264,0.053452887,0.06829798,0.06512128,0.034612484
0.59723973,3482.594,0.43174082,2.249264,0.053452887,0.06829798,0.06512128,0.034612484
0.59723973,3482.594,0.43174082,2.249264,0.053452887,0.06829798,0.06512128,0.034612484
0.5968941,3553.1465,0.43584839,2.2793512,0.053014122,0.06921496,0.06474081,0.035207324
0.5961665,3488.821,0.42987564,2.2412992,0.054004144,0.06690559,0.06357816,0.034544203
0.5961665,3488.821,0.42987564,2.2412992,0.054004144,0.06690559,0.06357816,0.034544203
0.5961665,3488.821,0.42987564,2.2412992,0.054004144,0.06690559,0.06357816,0.034544203
0.5961665,3488.821,0.42987564,2.2412992,0.054004144,0.06690559,0.06357816,0.034544203
0.59623665,3406.2239,0.4292365,2.113349,0.05084463,0.0681975,0.065123916,0.0354962
0.57737446,3433.9114,0.34266648,1.6424711,0.04727548,0.060935926,0.06571473,0.03923439
0.57326186,3426.0525,0.32115525,1.6630199,0.047142036,0.06011323,0.065803155,0.039536536
0.57326186,3426.0525,0.32115525,1.6630199,0.047142036,0.06011323,0.065803155,0.039536536
0.57326186,3426.0525,0.32115525,1.6630199,0.047142036,0.06011323,0.065803155,0.039536536
0.57326186,3426.0525,0.32115525,1.6630199,0.047142036,0.06011323,0.065803155,0.039536536
0.57326186,3426.0525,0.32115525,1.6630199,0.047142036,0.06011323,0.065803155,0.039536536
0.57326186,3426.0525,0.32115525,1.6630199,0.047142036,0.06011323,0.065803155,0.039536536
0.57326186,3426.0525,0.32115525,1.6630199,0.047142036,0.06011323,0.065803155,0.039536536
0.57326186,3426.0525,0.32115525,1.6630199,0.047142036,0.06011323,0.065803155,0.039536536
0.57326186,3426.0525,0.32115525,1.6630199,0.047142036,0.06011323,0.065803155,0.039536536
0.57326186,3426.0525,0.32115525,1.6630199,0.047142036,0.06011323,0.065803155,0.039536536
0.57326186,3426.0525,0.32115525,1.6630199,0.047142036,0.06011323,0.065803155,0.039536536
0.57153445,3451.3242,0.3244931,1.6666418,0.047623586,0.06159392,0.06690184,0.039456673
0.57153445,3451.3242,0.3244931,1.6666418,0.047623586,0.06159392,0.06690184,0.039456673
0.57153445,3451.3242,0.3244931,1.6666418,0.047623586,0.06159392,0.06690184,0.039456673
0.5747747,3422.171,0.32886577,1.7489618,0.0475265,0.061740875,0.06666417,0.040266614
0.5747747,3422.171,0.32886577,1.7489618,0.0475265,0.061740875,0.06666417,0.040266614
0.5747747,3422.171,0.32886577,1.7489618,0.0475265,0.061740875,0.06666417,0.040266614
0.57594967,3359.9612,0.3119226,1.6592768,0.047071088,0.06310184,0.06576823,0.040265433
0.57302696,3398.8945,0.28651127,1.5992785,0.047172617,0.063350946,0.06801909,0.041178662
0.57302696,3398.8945,0.28651127,1.5992785,0.047172617,0.063350946,0.06801909,0.041178662
0.57302696,3398.8945,0.28651127,1.5992785,0.047172617,0.063350946,0.06801909,0.041178662
0.57511693,3486.4587,0.2709476,1.8038152,0.048222583,0.06284236,0.06840888,0.04005929
0.57511693,3486.4587,0.2709476,1.8038152,0.048222583,0.06284236,0.06840888,0.04005929
0.57511693,3486.4587,0.2709476,1.8038152,0.048222583,0.06284236,0.06840888,0.04005929
0.57511693,3486.4587,0.2709476,1.8038152,0.048222583,0.06284236,0.06840888,0.04005929
0.57511693,3486.4587,0.2709476,1.8038152,0.048222583,0.06284236,0.06840888,0.04005929
0.57511693,3486.4587,0.2709476,1.8038152,0.048222583,0.06284236,0.06840888,0.04005929
0.57511693,3486.4587,0.2709476,1.8038152,0.048222583,0.06284236,0.06840888,0.04005929
0.5706183,3495.098,0.27438223,1.6891906,0.047938433,0.061775945,0.070216626,0.041145265
0.5706183,3495.098,0.27438223,1.6891906,0.047938433,0.061775945,0.070216626,0.041145265
0.5706183,3495.098,0.27438223,1.6891906,0.047938433,0.061775945,0.070216626,0.041145265
0.5706183,3495.098,0.27438223,1.6891906,0.047938433,0.061775945,0.070216626,0.041145265
0.56609017,3434.7568,0.27403703,1.6090493,0.048952173,0.06272624,0.07087727,0.04123701
0.56609017,3434.7568,0.27403703,1.6090493,0.048952173,0.06272624,0.07087727,0.04123701
0.5668879,3575.8289,0.2858353,1.6187485,0.0507198,0.0644799,0.07251776,0.04006453
0.56871825,3544.7192,0.2744493,1.7689477,0.053274322,0.06295833,0.06852491,0.041044183
0.56832427,3520.769,0.26892826,1.6325504,0.052201025,0.061951466,0.06884982,0.045103684
0.5684878,3472.2205,0.26494354,1.5817082,0.051774975,0.062914565,0.06990545,0.043266337
0.5684878,3472.2205,0.26494354,1.5817082,0.051774975,0.062914565,0.06990545,0.043266337
0.5684878,3472.2205,0.26494354,1.5817082,0.051774975,0.062914565,0.06990545,0.043266337
0.5707396,3460.7434,0.26513445,1.6267997,0.052438516,0.062222872,0.070411846,0.041525673
0.56908005,3417.8582,0.27650458,1.5999748,0.05299442,0.06264882,0.06802349,0.042563852
0.56908005,3417.8582,0.27650458,1.5999748,0.05299442,0.06264882,0.06802349,0.042563852
0.56970555,3257.7424,0.25079,1.5203422,0.05285666,0.062195525,0.06665565,0.045765884
0.56970555,3257.7424,0.25079,1.5203422,0.05285666,0.062195525,0.06665565,0.045765884
0.56970555,3257.7424,0.25079,1.5203422,0.05285666,0.062195525,0.06665565,0.045765884
0.56862414,3230.0713,0.27096146,1.4189792,0.051001452,0.06312538,0.0687996,0.046350513
0.56862414,3230.0713,0.27096146,1.4189792,0.051001452,0.06312538,0.0687996,0.046350513
0.56862414,3230.0713,0.27096146,1.4189792,0.051001452,0.06312538,0.0687996,0.046350513
0.56862414,3230.0713,0.27096146,1.4189792,0.051001452,0.06312538,0.0687996,0.046350513
0.57127863,3160.4307,0.27329704,1.3971295,0.049807265,0.06528821,0.06587893,0.04889869
0.57127863,3160.4307,0.27329704,1.3971295,0.049807265,0.06528821,0.06587893,0.04889869
0.57127863,3160.4307,0.27329704,1.3971295,0.049807265,0.06528821,0.06587893,0.04889869
0.5702474,3042.343,0.28527874,1.2458972,0.046394557,0.065101266,0.063555576,0.048950013
0.5719318,2978.9106,0.31082055,1.1630175,0.04588247,0.06395983,0.0633063,0.051480826
0.5719318,2978.9106,0.31082055,1.1630175,0.04588247,0.06395983,0.0633063,0.051480826
0.5724374,2988.435,0.31822672,1.2467468,0.044650756,0.0623935,0.06426586,0.051302403
0.57445467,3023.1228,0.31225932,1.2261358,0.044782463,0.06461043,0.06484148,0.05098623
0.57445467,3023.1228,0.31225932,1.2261358,0.044782463,0.06461043,0.06484148,0.05098623
0.57445467,3023.1228,0.31225932,1.2261358,0.044782463,0.06461043,0.06484148,0.05098623
0.57445467,3023.1228,0.31225932,1.2261358,0.044782463,0.06461043,0.06484148,0.05098623
0.57445467,3023.1228,0.31225932,1.2261358,0.044782463,0.06461043,0.06484148,0.05098623
0.57093453,3013.2349,0.3081658,1.2395866,0.043548815,0.06439545,0.064908385,0.05087275
0.57093453,3013.2349,0.3081658,1.2395866,0.043548815,0.06439545,0.064908385,0.05087275
0.57093453,3013.2349,0.3081658,1.2395866,0.043548815,0.06439545,0.064908385,0.05087275
0.5738745,2971.8374,0.30192655,1.1895711,0.044649392,0.0643335,0.06363873,0.052986067
0.5738745,2971.8374,0.30192655,1.1895711,0.044649392,0.0643335,0.06363873,0.052986067
0.5738745,2971.8374,0.30192655,1.1895711,0.044649392,0.0643335,0.06363873,0.052986067
0.5738745,2971.8374,0.30192655,1.1895711,0.044649392,0.0643335,0.06363873,0.052986067
0.5738745,2971.8374,0.30192655,1.1895711,0.044649392,0.0643335,0.06363873,0.052986067
0.5738745,2971.8374,0.30192655,1.1895711,0.044649392,0.0643335,0.06363873,0.052986067
0.5738745,2971.8374,0.30192655,1.1895711,0.044649392,0.0643335,0.06363873,0.052986067
0.5695775,2921.4287,0.3115975,1.1265346,0.045314427,0.06425961,0.0634752,0.055557553
0.5695775,2921.4287,0.3115975,1.1265346,0.045314427,0.06425961,0.0634752,0.055557553
0.568965,2894.685,0.30790097,1.0890719,0.04542669,0.06763016,0.064641215,0.057855994
0.56808853,2905.8965,0.31058905,1.1223491,0.045859557,0.066340625,0.06283997,0.0566061
0.5749086,2854.7585,0.29963472,1.188635,0.046873234,0.06702295,0.06358099,0.059419233
0.5783151,2900.9714,0.30625626,1.217441,0.048071083,0.06685262,0.06282058,0.060269695
0.57758904,2938.235,0.3297734,1.2701774,0.04664395,0.06970632,0.063315555,0.059082206
0.580157,2919.7527,0.3289955,1.340416,0.047071334,0.07237588,0.06380153,0.059079714
0.58462155,2923.519,0.37109035,1.3742387,0.046822928,0.067031786,0.061128438,0.06426375
0.5866781,2926.3792,0.3539423,1.3419389,0.044448152,0.06422357,0.06104938,0.061842304
0.58537185,2962.802,0.33877712,1.4168795,0.044429418,0.06285291,0.05902275,0.061899748
0.58537185,2962.802,0.33877712,1.4168795,0.044429418,0.06285291,0.05902275,0.061899748
0.58537185,2962.802,0.33877712,1.4168795,0.044429418,0.06285291,0.05902275,0.061899748
0.58537185,2962.802,0.33877712,1.4168795,0.044429418,0.06285291,0.05902275,0.061899748
0.58537185,2962.802,0.33877712,1.4168795,0.044429418,0.06285291,0.05902275,0.061899748
0.58657277,2911.3298,0.3487236,1.3024904,0.042293347,0.06434375,0.060682587,0.062419362
0.58657277,2911.3298,0.3487236,1.3024904,0.042293347,0.06434375,0.060682587,0.062419362
0.5847599,2971.063,0.25464666,1.385677,0.049017284,0.061992776,0.07312658,0.04850495
0.5852539,3333.8518,0.22407733,1.8923204,0.049628604,0.05793632,0.075419374,0.053109966
0.5846481,3396.7998,0.21059017,1.7839057,0.04905847,0.057943903,0.07416025,0.054310054
0.5823821,3434.1445,0.21674967,1.8732364,0.048863903,0.055341125,0.076494284,0.055582754
0.58442485,3384.395,0.22835897,1.9749292,0.050377678,0.057448626,0.077714145,0.05868404
0.5887965,3386.7876,0.2715571,2.114254,0.055802107,0.06259037,0.083903946,0.068441
0.6075547,3913.3604,0.29984587,3.5918489,0.058028385,0.07445443,0.08729709,0.10599485
0.61980015,3968.6108,0.28494152,4.6841173,0.05839285,0.061187986,0.12001659,0.092291564
0.6200733,4304.2417,0.2935457,5.4367104,0.045818977,0.058010057,0.09120433,0.079126164
0.6120926,4713.153,0.19669609,6.366617,0.03758728,0.0640657,0.10596456,0.09315406
0.6184651,4486.0664,0.20175159,6.273401,0.03288932,0.06372574,0.09107974,0.09782593
0.6932865,2722.5408,1.2440143,4.3949327,0.1685885,0.09029858,0.2450594,0.0558386
0.6390546,3400.3152,1.9321182,3.3106341,0.25782508,0.2589969,0.17491063,0.06789143
0.6122693,3900.0325,2.3233662,3.377963,0.12674595,0.15704411,0.05294052,0.03686142
0.6468936,3303.397,1.011594,4.118512,0.15012014,0.15062179,0.063640185,0.049832217
0.66568524,3310.598,1.5786451,6.2160206,0.07455776,0.0404752,0.06973125,0.07762015
0.61361593,4051.7656,2.210994,3.769966,0.06803447,0.39729998,0.051068548,0.06322479
0.6972542,2476.8005,2.3729432,3.5226665,0.043983333,0.12156056,0.06085591,0.06722982
0.66614145,3667.287,0.6284973,7.8289537,0.08939068,0.21393016,0.086040236,0.09421304
0.62653965,4853.171,0.1532451,8.347207,0.08804296,0.0897298,0.03664225,0.11723792
0.639164,4681.0483,0.13382387,8.386332,0.076998554,0.104520224,0.031934384,0.07135592
0.637887,4685.9526,0.014509207,8.943364,0.08701447,0.05796077,0.15543056,0.05628558
0.649951,4265.8257,0.088817574,8.23311,0.049693465,0.08772071,0.06336804,0.044676278
0.6489801,4101.062,0.111954175,8.179799,0.06141461,0.08667399,0.059336983,0.048506025
0.64511234,4251.445,0.09819169,7.7945857,0.053915158,0.081562296,0.065786295,0.044346355
0.63396907,3890.5664,0.15708633,4.837951,0.050868187,0.06532537,0.058685996,0.0436746
0.6910053,2703.0044,1.4965507,4.502482,0.11218865,0.076017566,0.05737218,0.08139125
0.68976134,2657.4475,1.5354607,4.156604,0.109920986,0.06766008,0.060923155,0.08361624
0.6553159,3126.4875,1.1344706,3.9222436,0.050583314,0.06206829,0.086993665,0.06294464
0.7099324,2250.358,1.2424552,3.288038,0.15301469,0.09518819,0.07927458,0.048359375
0.7238185,2153.812,1.3976693,3.2496858,0.16139953,0.103046894,0.093702644,0.044047367
0.7295587,2121.0735,1.2792385,4.1610117,0.16316645,0.10507786,0.07626105,0.0427048
0.71172506,2179.7727,2.3687956,3.129413,0.19971856,0.05702525,0.10278136,0.056758903
0.517869,1305.3359,0.36678344,0.103170745,0.04222686,0.0649904,0.03729185,0.18037271
0.5267786,1476.1666,0.27918,0.17366683,0.07106561,0.03912644,0.074427985,0.0648523
0.5267786,1476.1666,0.27918,0.17366683,0.07106561,0.03912644,0.074427985,0.0648523
0.509303,1260.5392,4.7441893,0.08760341,0.035414528,0.25135216,0.059513915,0.049031403
0.4640117,1562.4121,1.4233125,0.13598368,0.07480752,0.2770555,0.15856048,0.051918156
0.49768174,1141.1138,2.5437753,0.056488484,0.050127104,0.022871707,0.08818836,0.16022769
0.4815669,1201.0574,2.326723,0.062926084,0.06879445,0.023057869,0.093242764,0.13959447
0.47283068,1315.439,1.6792672,0.09181838,0.07394067,0.03587763,0.08881684,0.1423238
0.55455524,1233.8707,1.640298,0.108453125,0.09924928,0.13149372,0.12989631,0.46284238
0.5384912,1338.3583,2.2292328,0.14050189,0.052157655,0.031325094,0.065809324,0.056772858
0.54546624,1400.3481,1.9367723,0.16917095,0.04316171,0.049713694,0.05765017,0.07337648
0.49813032,1401.0371,0.8361046,0.12704326,0.12051362,0.1490605,0.08838508,0.054888926
0.5503654,1936.8418,1.3340026,0.34898332,0.06854761,0.12663126,0.048102476,0.16223206
0.51982915,1963.7882,1.4755776,0.3187503,0.098006405,0.14809266,0.052048277,0.10902125
0.5153964,1731.2888,1.7641634,0.23582125,0.09555731,0.17493142,0.054500513,0.08569981
0.47274977,1862.385,3.9518723,0.21464804,0.28045347,0.1654824,0.059492722,0.14971271
0.46406066,1894.555,4.5091543,0.20877346,0.25771907,0.1434976,0.057291176,0.10781507
0.50936353,2793.6938,0.54419047,0.6195741,0.11024888,0.11151849,0.18585858,0.10307803
0.51359975,3170.808,0.44531685,0.84976757,0.11519458,0.11433151,0.16056079,0.12616232
0.58191353,2242.4165,1.201492,0.68274254,0.08309456,0.13964954,0.1345647,0.13018645
0.68492496,3594.4246,2.6882384,9.621358,0.1060312,0.05459515,0.060320772,0.07578534
0.7044229,3101.882,2.2366962,10.630146,0.12916459,0.057142362,0.09824766,0.073750794
0.5998605,5905.765,1.6025094,10.068452,0.04093674,0.13095151,0.10401764,0.14546156
0.6824025,1774.2512,0.40344104,0.835062,0.16174631,0.09697237,0.09553435,0.09424928
0.6043092,3268.3606,2.2804976,2.1832602,0.0445694,0.067784496,0.13064437,0.074547805
0.65733963,3187.1665,1.7004461,4.316421,0.041773554,0.052434053,0.18831575,0.066856176
0.6475009,2916.716,1.4500778,3.2187815,0.058332097,0.07217095,0.20492175,0.09390185
0.6420456,4841.2427,2.5321574,8.645277,0.108609185,0.2062388,0.041731447,0.07503666
0.65786815,3919.8704,2.1946254,7.12711,0.13885647,0.22458242,0.05912878,0.047943473
0.6557237,3637.1157,2.6757152,5.9343796,0.14305998,0.1967873,0.061864514,0.080484554
0.66305846,3116.0293,1.6751826,3.7635415,0.11812543,0.1125217,0.045940846,0.042803824
0.54080635,4835.642,1.8872895,2.8770971,0.22055236,0.051381566,0.13749056,0.31397775
0.5811181,3948.9211,3.1804314,2.4299572,0.181072,0.051506978,0.087645486,0.068921536
0.60271317,4072.904,1.835321,3.7651787,0.10528543,0.05584672,0.12932898,0.11942454
0.64585304,3796.9006,4.0497475,5.5801973,0.08598134,0.07620259,0.24064577,0.06026563
0.6230718,4110.9814,2.2283227,5.227641,0.0400594,0.046646766,0.069010116,0.06520099
0.64299655,3317.231,1.0422575,3.4096677,0.18291289,0.19641408,0.19639115,0.07118203
0.6737986,3037.627,1.1157829,4.3934135,0.19146834,0.2283934,0.15316054,0.06524837
0.677552,3441.416,0.95825535,7.539283,0.23776136,0.16738226,0.13866292,0.14156286
0.6624178,2982.0295,0.59700817,4.3932524,0.2817458,0.07659612,0.08577354,0.08448269
0.64682895,3304.7368,0.46914858,4.229904,0.29440945,0.14778174,0.049757935,0.08123145
0.5808766,3469.5137,2.3829417,1.9733075,0.2744806,0.047223188,0.12869515,0.09215999
0.7088129,2957.4802,1.5947568,8.56932,0.044849586,0.30941644,0.04183107,0.055759843
0.6146032,3687.0764,1.1900655,2.8784008,0.078378566,0.16373521,0.07020948,0.050457157
0.7184148,2259.3367,0.57726645,4.301883,0.22357675,0.07742235,0.091799535,0.051490624
0.6816125,3382.015,0.6861962,8.023319,0.08627799,0.06550034,0.16004701,0.07473106
0.6580113,3287.8276,0.679976,4.745206,0.09907863,0.041805696,0.1518859,0.086281426
0.6329567,3927.7576,3.3291242,5.128847,0.101410195,0.15659142,0.038083684,0.16037598
0.63659716,4218.177,3.2322235,5.919001,0.10081137,0.15589908,0.045149595,0.1478189
0.6300798,4039.4434,3.2896523,5.0787587,0.08814323,0.14617915,0.045517184,0.14190324
0.6659717,3385.9766,2.7533262,5.417156,0.05984249,0.18853332,0.06968463,0.04819068
0.6112241,4896.841,1.6541362,6.2201333,0.0666648,0.15410843,0.08449597,0.045069255
0.6254613,4599.3784,2.140417,6.730416,0.07131797,0.1296426,0.06776727,0.03845679
0.62393814,4654.394,1.6047412,6.200046,0.07418736,0.13643377,0.06937443,0.027833391
0.6252104,4523.709,1.6691781,6.504307,0.07453903,0.13929765,0.07150429,0.027375694
0.6252104,4523.709,1.6691781,6.504307,0.07453903,0.13929765,0.07150429,0.027375694
0.6255915,4539.347,1.6570537,6.229772,0.077638455,0.13460317,0.0689846,0.028423548
0.57043344,5151.855,1.1534394,4.2067256,0.07270395,0.13672757,0.03538897,0.10921418
0.5702679,5526.0015,1.1037035,4.7805085,0.07190705,0.13287672,0.039104164,0.12617218
0.64350057,2345.6504,2.0057778,1.3829882,0.40478727,0.059390314,0.10122299,0.053761818
0.6647703,2420.0303,2.4813514,2.1067834,0.4460243,0.06514429,0.09265005,0.06683466
0.6406799,2949.3806,1.6931684,2.407764,0.40332958,0.070598096,0.112276204,0.053468246
0.57465833,6495.683,1.188908,7.067373,0.287317,0.42694026,0.04151414,0.045822572
0.5752036,6662.4307,2.7437246,8.45825,0.13083804,0.21455415,0.081253596,0.0928541
0.64010984,4644.747,0.3629614,9.411572,0.08766501,0.060605563,0.08523741,0.04494988
0.6495265,3732.2893,4.2127786,4.821474,0.1375732,0.1282585,0.065558195,0.14913197
0.5859282,5072.901,0.3671381,5.0560627,0.38267958,0.070199504,0.09989215,0.19849998
0.6564054,4482.5146,3.2984452,10.523291,0.13919453,0.093947195,0.10686982,0.05970414
0.6425267,4715.8584,4.0360355,10.284711,0.13346879,0.09562306,0.080958664,0.04620021
0.6079331,6356.059,2.0223794,11.091152,0.1229298,0.116194926,0.05510344,0.047090102
0.73108345,2757.2896,2.4539013,11.704136,0.06224725,0.07873806,0.047080662,0.09372535
0.7049602,3245.5815,2.2164395,11.540972,0.06579594,0.16924754,0.043424007,0.06784086
0.68222654,3915.374,2.6858494,11.319008,0.056801237,0.13659386,0.043576203,0.07707055
0.6172934,5647.3154,1.3637155,9.7245,0.053363815,0.13755476,0.08001047,0.068972625
0.6300875,4284.6284,2.0617878,5.755603,0.05513431,0.09190974,0.16521043,0.13183661
0.75498736,1727.0266,2.315213,3.625635,0.13979547,0.043303583,0.14914632,0.039118767
0.754381,1799.3931,2.219767,3.513698,0.1281597,0.041743398,0.15012638,0.040309127
0.7577873,1756.5074,2.1239328,3.4161813,0.15622157,0.034685303,0.16196008,0.040793568
0.77468985,1621.5632,1.7095354,3.7455535,0.18891776,0.030177534,0.2116209,0.046896808
0.5874501,6365.477,1.9949626,8.359171,0.096722186,0.32437617,0.056226816,0.097070284
0.62063247,3809.6958,2.1676962,4.1066647,0.07726474,0.2026613,0.37237668,0.050073996
0.59247565,4222.765,2.8627427,3.74012,0.041285086,0.1979183,0.38193062,0.046756618
0.6152702,3843.5789,2.8675458,3.7614663,0.042502318,0.29087207,0.4280482,0.04671911
0.6079422,3806.1907,1.7078149,3.3965964,0.038530294,0.268007,0.35617724,0.05374873
0.6559698,3020.4463,1.9138888,2.984468,0.11335994,0.38002497,0.28386676,0.0867206
0.6277604,3205.0747,1.4215462,2.970551,0.06612555,0.28037086,0.20879406,0.07014732
0.63378644,3285.3926,1.9072795,2.990868,0.09154744,0.20763332,0.17651553,0.059251342
0.64597887,3040.7515,1.8601851,3.023839,0.049605206,0.042264365,0.056116533,0.108444855
0.64597887,3040.7515,1.8601851,3.023839,0.049605206,0.042264365,0.056116533,0.108444855
0.6490357,3094.863,1.7130971,3.331477,0.049492188,0.04058779,0.055780824,0.10183204
0.65479,3450.0132,1.6198003,5.0587945,0.042540263,0.052090947,0.057239786,0.096415095
0.671801,2549.723,0.5555173,2.6487281,0.078296736,0.06925741,0.06261221,0.059468526
0.61964995,4132.3184,1.1485292,4.483735,0.06536384,0.084484935,0.04396203,0.082318865
0.6824964,2425.4937,1.2400516,2.8540654,0.064479105,0.09876352,0.05639325,0.15672019
0.68412346,3326.4766,2.3526487,7.769792,0.10913841,0.101970665,0.10280722,0.12261391
0.6191415,5258.3296,3.537157,9.300179,0.060593832,0.063083,0.10876209,0.11333583
0.6317358,4059.2803,1.0983118,5.420017,0.04908489,0.05730324,0.0452573,0.08350997
0.62735283,4293.657,1.0604062,5.9087715,0.05656022,0.05230889,0.04513758,0.07388735
0.62735283,4293.657,1.0604062,5.9087715,0.05656022,0.05230889,0.04513758,0.07388735
0.6445475,3844.765,0.95415246,5.767421,0.069841295,0.051696442,0.040011205,0.082310915
0.6614424,1942.7567,1.6530914,0.99855155,0.12350242,0.060627446,0.115750484,0.046340734
0.63958263,1936.468,1.4264004,0.745404,0.063234575,0.051654946,0.090271205,0.05331285
0.6360232,1911.7156,1.4890703,0.7085718,0.063486956,0.05343367,0.094910994,0.05431272
0.6434961,1936.9517,1.3750408,0.8163845,0.06297161,0.053335592,0.09615434,0.06041824
0.61976683,2679.766,2.9421198,1.6966288,0.05292105,0.0551846,0.064715035,0.082877934
0.6114203,2679.1108,2.9740736,1.489716,0.052350797,0.057769958,0.06364703,0.07379782
0.6114203,2679.1108,2.9740736,1.489716,0.052350797,0.057769958,0.06364703,0.07379782
0.63625294,2899.7878,1.7574145,2.4608314,0.05656409,0.052549213,0.07287922,0.11445315
0.6424647,2908.0754,1.4574426,2.7865117,0.053907238,0.061818864,0.085903496,0.124157004
0.6373216,2815.5513,1.6076872,2.2726817,0.065199435,0.04224432,0.098537415,0.23485895
0.6691493,2383.5835,1.397822,2.304946,0.054425057,0.051169008,0.11881521,0.21567765
0.6023141,5466.886,1.2071887,7.335409,0.058833517,0.119107716,0.17297286,0.05111224
0.61809653,5394.1396,1.0980742,9.427614,0.060566403,0.09146166,0.15608166,0.09719381
0.6477836,4669.3345,0.48729393,10.112429,0.041345153,0.08985513,0.056133084,0.0988875
0.5787382,2521.7947,0.84764904,0.7976415,0.07506173,0.17751592,0.058627192,0.10470632
0.59469056,2494.9124,0.91769797,0.8590071,0.066082455,0.16345617,0.04611322,0.09263399
0.6750376,2760.4148,2.2276978,3.6634135,0.084498346,0.060138445,0.17403717,0.0445479
0.6684344,2295.6692,2.2078254,2.0023782,0.07280718,0.07170418,0.1707589,0.049749322
0.6226048,5179.64,2.2503283,8.6331415,0.06775117,0.10912919,0.08875989,0.090929985
0.65016526,1770.3611,1.714987,0.7147144,0.086076654,0.08048618,0.056888882,0.2508178
0.5730868,2018.8931,2.2180107,0.49699783,0.12107339,0.06563331,0.06808227,0.15966362
0.57128274,2029.7634,2.2605336,0.4719195,0.12267049,0.06443245,0.07029753,0.16564262
0.6120606,1794.3646,1.9635237,0.5033157,0.08944613,0.058743518,0.073885955,0.07624029
0.6045536,1812.173,2.125603,0.45593372,0.0661636,0.06289704,0.0760343,0.08267018
0.6045536,1812.173,2.125603,0.45593372,0.0661636,0.06289704,0.0760343,0.08267018
0.68089557,2859.1477,0.69889057,4.7483377,0.11987106,0.15122059,0.088150285,0.069334045
0.65374374,3462.8682,0.56661177,4.834211,0.10453764,0.14574555,0.09097895,0.062078338
0.63278437,3788.7395,0.8305696,4.7701783,0.14604439,0.06166476,0.093152285,0.047247104
0.66625583,4285.938,1.5874496,10.650873,0.06104139,0.095157534,0.059529994,0.18595824
0.66212565,3410.7258,0.54605794,5.1088934,0.081403755,0.057834383,0.08164958,0.036555
0.63112515,4098.091,1.8343194,5.6427736,0.03486842,0.17842716,0.05078604,0.16410054
0.6221979,4445.4478,1.9776187,6.289341,0.048608586,0.14493711,0.0474914,0.105688125
0.6868938,3010.3396,0.5028102,5.809477,0.076970816,0.33291793,0.04660076,0.109816596
0.6674009,2731.1655,0.6229057,2.7784853,0.067110755,0.30584407,0.03377613,0.080953255
0.6674009,2731.1655,0.6229057,2.7784853,0.067110755,0.30584407,0.03377613,0.080953255
0.66526496,2772.3313,0.6104999,2.8462906,0.06487319,0.29626292,0.031922225,0.0769586
0.66526496,2772.3313,0.6104999,2.8462906,0.06487319,0.29626292,0.031922225,0.0769586
0.6638694,2735.7058,0.61914396,2.8676496,0.064220235,0.30146292,0.03249407,0.07702659
0.66453636,2716.9326,0.6547952,2.6859303,0.064840734,0.30184823,0.032763064,0.07697972
0.7183933,2227.2798,0.56198823,3.2993155,0.04623869,0.2615628,0.046421215,0.10569005
0.6546526,3494.5242,1.106699,5.0826254,0.09841127,0.26170856,0.05018448,0.13798955
0.6118192,3816.8289,0.98823667,3.448408,0.062496126,0.21431227,0.046014015,0.13290885
0.5940397,4072.96,1.4484811,3.0618448,0.05310634,0.16332948,0.036172267,0.15264791
0.7085649,2478.2637,1.945758,4.310524,0.05395978,0.1739587,0.045190483,0.1055795
0.56974053,4817.7524,1.0077573,3.2869058,0.0664691,0.33601162,0.040215515,0.08201049
0.71236116,2308.4087,3.1087122,3.9595687,0.10681783,0.21563467,0.12070757,0.035889883
0.6492146,2311.8733,1.2823765,1.625823,0.060804743,0.10300941,0.097315595,0.13312559
0.71345305,3066.0334,2.721612,10.77338,0.14385092,0.049775008,0.04639091,0.042626053
0.7105178,3154.9893,2.35445,10.564326,0.1353609,0.050663058,0.042885154,0.058614977
0.7158711,3125.952,1.8047628,11.527041,0.137233,0.095585085,0.092058495,0.11113222
0.7215486,3003.6494,1.7515324,11.490493,0.15353224,0.08828592,0.07911807,0.123313196
0.675317,3865.4746,2.1644099,10.544746,0.21660322,0.11187371,0.08319951,0.109432
0.6230857,5327.077,2.0893247,11.515546,0.070492305,0.111097574,0.31856626,0.087047376
0.6209175,4632.222,0.5479451,6.8774467,0.05481509,0.09696975,0.21118185,0.23661001
0.59593093,5316.8833,0.4944162,7.0100203,0.03060884,0.103153214,0.21848452,0.23262443
0.6617981,3826.0598,4.527848,7.911949,0.08380125,0.03706492,0.06368379,0.05222292
0.6710405,3601.6934,4.4369807,7.9194055,0.08816096,0.039077647,0.07816012,0.06428523
0.6498078,4039.7603,3.692621,7.7624226,0.07387912,0.03862656,0.1289283,0.17453915
0.64803845,4332.6597,3.4009416,9.35233,0.058474224,0.031824477,0.12205149,0.101376064
0.6152193,4420.2974,0.7874084,5.1905394,0.11613286,0.40791774,0.030096792,0.06419322
0.64168495,4107.2217,0.19559188,6.2980247,0.08080289,0.2865118,0.055094257,0.033701852
0.6584063,2116.3188,0.93933094,1.3209975,0.10064566,0.19084631,0.03971713,0.08875367
0.6477556,2113.813,0.8769374,0.9550471,0.096980944,0.18879125,0.033593405,0.09537706
0.64630604,2151.7637,0.81495476,1.056241,0.09399115,0.18805155,0.03276009,0.09320043
0.6543892,2344.607,0.71864724,1.4876726,0.11239056,0.17220262,0.03706412,0.07442348
0.6255864,2684.607,1.2342339,1.726247,0.0951117,0.16388668,0.051267505,0.12838972
0.56746066,3804.5864,2.3415759,2.191677,0.10157612,0.09069448,0.12041697,0.13905504
0.6387118,4983.938,1.6229519,9.795766,0.045388743,0.06154689,0.14638408,0.09601474
0.65248895,2988.4534,2.2193713,2.7670403,0.108089715,0.3211236,0.03829711,0.09778193
0.6371873,3944.901,2.8080845,5.711401,0.10853476,0.14350097,0.10340967,0.03394347
0.6482927,3773.846,2.4362624,6.0147705,0.09708107,0.076402366,0.1132864,0.033275366
0.6661442,2009.5543,4.167597,1.1538444,0.23086572,0.09924827,0.16294423,0.076328136
0.66102344,1906.1881,4.0709968,1.0067884,0.12889959,0.100031786,0.111875154,0.10351046
0.6808394,1815.0948,3.734892,1.0395836,0.13183868,0.12319327,0.085633025,0.14565451
0.6541657,1863.9894,1.0951372,0.8863923,0.12882079,0.04205031,0.07409292,0.18977857
0.62316114,2355.7761,1.092414,1.2495782,0.088810086,0.050912328,0.06545483,0.15732267
0.720038,1803.536,3.4822552,1.9652449,0.041636724,0.13913603,0.06522952,0.09544062
0.7327425,2130.6826,2.4745758,4.1333294,0.17855278,0.035803393,0.14505635,0.049357228
0.71795315,1788.2268,1.516512,1.9387892,0.12755947,0.04578839,0.39024377,0.040518235
0.5489719,2080.6191,2.4807935,0.40784806,0.2003012,0.08848466,0.090175845,0.089162074
0.5601834,2038.7031,1.6094693,0.4365844,0.23897755,0.071745135,0.12721075,0.21758954
0.66935253,2854.8462,1.27689,4.180502,0.1514672,0.0925298,0.06017472,0.1026106
0.6510948,3087.58,0.66354305,3.2698247,0.13634066,0.1322358,0.03144587,0.21273665
0.67310125,2878.583,0.46383005,3.6678228,0.12195533,0.11770564,0.028932936,0.21600561
0.6802187,2770.42,0.42840153,3.906941,0.13441993,0.10015375,0.033390377,0.18938255
0.6721664,2726.7366,0.49144447,3.2070339,0.112629816,0.10708677,0.029807635,0.17349406
0.66442513,3789.0227,0.3600751,7.4770045,0.16967672,0.30601025,0.061424922,0.081548765
0.68050164,3339.1772,0.27770382,6.258321,0.1696651,0.3230037,0.052475825,0.065481216
0.71168244,2838.9363,0.40110683,7.634955,0.19577858,0.31698272,0.029357392,0.044562876
0.71168244,2838.9363,0.40110683,7.634955,0.19577858,0.31698272,0.029357392,0.044562876
0.6313448,4799.142,1.5044615,9.109064,0.042832676,0.1326056,0.147925,0.058842804
0.691829,3028.1567,2.2793386,7.1863737,0.05892839,0.049856603,0.17132366,0.03819201
0.70304173,2819.239,1.8953952,6.8017015,0.08127432,0.10187038,0.1288054,0.06641939
0.70456904,2876.9043,1.5578239,6.9800134,0.0829774,0.08818711,0.12230174,0.06093864
0.7016804,2985.461,3.1743562,8.364005,0.11858773,0.044840135,0.09525564,0.03505491
0.69707155,3189.4368,2.7730494,8.787607,0.11793486,0.05062901,0.08474578,0.042716537
0.66191113,3385.613,3.13167,5.499111,0.0751189,0.07125312,0.1078945,0.12288989
0.6678092,2873.3452,3.727483,4.000472,0.07489825,0.06645828,0.10850503,0.10260019
0.6533358,2615.5508,2.444346,2.3579097,0.0798123,0.045105256,0.16062497,0.106647715
0.6056168,2416.6775,2.9146836,1.0409046,0.10499102,0.052691836,0.26803732,0.098855704
0.5919272,2501.277,2.8857765,1.0655123,0.101870574,0.037589666,0.2135634,0.15669191
0.49090457,2026.6144,1.3445127,0.30713648,0.22829208,0.096740775,0.07874681,0.33014044
0.5432401,1945.8408,1.0160707,0.38928437,0.1360335,0.08983272,0.1432713,0.32072002
0.563144,1638.1191,0.8445483,0.28944188,0.060321104,0.07903061,0.09775283,0.20213535
0.61431324,1268.0719,4.7406645,0.23625325,0.1742892,0.040466033,0.07151371,0.07058891
0.61899793,2152.6965,0.5404116,0.9121222,0.04737868,0.0916974,0.054756846,0.1569218
0.66359204,2910.0144,0.5293417,3.1949704,0.053043325,0.29596695,0.12160108,0.06705417
0.66095275,3375.8564,0.10105354,5.2470074,0.05761939,0.36821133,0.09171389,0.06117531
0.66056645,3071.1372,0.2683937,4.246166,0.03708926,0.14469574,0.11992323,0.12319107
0.6712556,3387.2104,0.20029584,6.524599,0.047467932,0.1929025,0.12286953,0.23553729
0.5987055,4980.546,1.4485761,4.906372,0.1431943,0.10959362,0.06957701,0.03137682
0.6509375,4385.949,0.94822985,9.374991,0.08178259,0.1524239,0.14342241,0.17417073
0.6518202,4012.8772,0.9891904,7.3820724,0.09230688,0.1316035,0.11826469,0.18489015
0.5457457,3387.689,2.1519701,1.2019289,0.2326835,0.09452188,0.08002357,0.12787639
0.53665906,3604.8022,2.452069,1.3015182,0.40723306,0.09648401,0.114648536,0.07676369
0.4242472,5773.8027,2.7439241,1.1264427,0.27178878,0.1720303,0.048727114,0.071528144
0.5475403,3467.2002,1.7207694,1.2182145,0.21498346,0.21102823,0.094975054,0.05983459
0.5319697,3510.1262,2.800549,1.0177529,0.14662299,0.16085128,0.14072204,0.16587734
0.6959476,3093.327,1.2505,7.25593,0.04186779,0.04490636,0.09597205,0.092249885
0.6598118,3669.2236,1.7214335,6.9624195,0.052643716,0.03780492,0.103983894,0.085788906
0.64765495,3984.8967,2.0910318,6.727359,0.053717855,0.03630895,0.11518637,0.08510968
0.6833045,2844.928,0.91326123,4.732318,0.1389568,0.04723017,0.05466319,0.0663365
0.69994766,2923.5903,0.72473377,7.06088,0.12188678,0.052231684,0.058200456,0.077460125
0.6925837,1607.996,0.5939221,0.80839556,0.06706243,0.10246942,0.053580314,0.04335563
0.6998303,1432.2124,0.50960505,0.6231382,0.0859953,0.10720553,0.055401538,0.051146507
0.66145295,1429.9423,0.49186608,0.45408717,0.088202804,0.12688708,0.070565686,0.053560507
0.633872,1738.8254,0.4917604,0.5633025,0.106081545,0.09002502,0.06747094,0.06763672
0.632708,1731.3234,0.4154977,0.53895116,0.097069725,0.09749973,0.057911985,0.06884451
0.64780813,2193.883,0.73116446,1.227652,0.06527361,0.07357855,0.08840607,0.09588502
0.6355849,4846.223,1.9922644,9.861421,0.06538359,0.07350749,0.080999635,0.06445208
0.6144013,5344.6953,2.5073504,9.38257,0.042452864,0.04229997,0.09417466,0.071795784
0.6391724,4663.302,2.2049382,8.383588,0.07182571,0.052697413,0.1354447,0.04920818
0.6681884,3857.0771,1.24257,9.015252,0.04780876,0.074077,0.04683532,0.08381951
0.66684103,3865.9065,1.1976762,8.518165,0.04427533,0.079105586,0.0375885,0.082431264
0.70870304,2899.7407,6.2954273,8.320217,0.09243612,0.074354485,0.03417819,0.099227354
0.6719835,3373.3823,4.9726753,6.391658,0.04617323,0.07260739,0.037889488,0.10585187
0.671994,3435.9001,3.749181,7.1395507,0.05195809,0.118750215,0.05366459,0.10919236
0.66712844,3327.7476,0.8087751,5.614171,0.050539725,0.28326935,0.043176673,0.079086594
0.6697524,3539.4375,0.7884035,6.4799104,0.049521826,0.27846342,0.046508707,0.08524085
0.58575565,3430.2244,3.3622375,1.9510498,0.07868739,0.13939203,0.108880326,0.07370614
0.62983614,4492.4165,0.7821287,7.0681376,0.2721262,0.11971184,0.07781468,0.05037022
0.6252601,4865.1353,0.5350378,7.1113415,0.18666862,0.08995113,0.08679103,0.057969686
0.6474541,4163.345,0.65523845,7.6688147,0.10161267,0.09785784,0.032702364,0.06068434
0.64691454,4350.467,0.75743866,8.372924,0.057041783,0.05293946,0.16620058,0.050276324
0.66412723,3990.8657,0.8687607,9.034971,0.06492447,0.071011536,0.12889221,0.06109979
0.6415545,3929.8303,1.4869713,5.9422092,0.110469185,0.10296919,0.07285449,0.06374984
0.64848095,3216.6724,1.7546436,3.8891516,0.077438556,0.096622385,0.038954023,0.11005664
0.6285141,3493.4893,2.131296,3.3004518,0.09864164,0.08206422,0.09002854,0.05796275
0.5952493,4091.64,3.08272,3.4027972,0.08257878,0.090900585,0.12728617,0.08998552
0.60830444,5082.864,2.678902,6.8903985,0.098194666,0.065777026,0.123596445,0.08068571
0.5941935,4534.968,4.0712786,4.1505446,0.08408566,0.07090637,0.09240498,0.07105287
0.68666023,3649.1965,0.35880142,10.217442,0.08432674,0.109601825,0.053452086,0.07457721
0.6624511,4028.9182,0.3818503,8.900684,0.08474761,0.12729073,0.08129109,0.056567445
0.64365697,4343.5244,0.22786082,8.4847355,0.09487548,0.12734576,0.038492557,0.07253559
0.6231698,4915.224,0.4674608,9.157194,0.037509467,0.094656244,0.11714949,0.14325501
0.7151913,3032.845,0.63512224,10.898775,0.07152224,0.20949438,0.056659933,0.035308443
0.6035428,6622.7954,0.58024615,11.441006,0.13582224,0.28515366,0.09307059,0.11186312
0.66110766,4465.034,1.9974794,10.75098,0.12616579,0.31076476,0.03233237,0.07147269
0.64693856,4392.0645,2.6594434,9.274062,0.083179995,0.16216731,0.0872682,0.03460593
0.6651694,3873.741,2.0762053,8.837402,0.07273396,0.15985087,0.10022099,0.04549391
0.6948235,3146.2925,1.7515597,6.5163493,0.07500745,0.1228533,0.064972706,0.08281952
0.69454044,2982.5088,2.1807816,6.801379,0.09956381,0.07905204,0.076707765,0.064800955
0.65202516,3787.255,1.5265713,5.933139,0.054431997,0.06450674,0.05465071,0.06339289
0.6465325,4193.1753,0.9898642,6.980261,0.12356038,0.09303578,0.037370797,0.062762015
0.56713927,5282.523,1.3303711,4.4314365,0.07811103,0.059340395,0.06102244,0.050846666
0.57107466,5373.449,1.5053843,4.468634,0.07244292,0.063793585,0.07027588,0.04961221
0.65406793,2638.2869,1.82698,2.3289988,0.06611092,0.08368953,0.042720847,0.06432241
0.65406793,2638.2869,1.82698,2.3289988,0.06611092,0.08368953,0.042720847,0.06432241
0.6750519,4028.3438,1.4762356,10.353722,0.05757211,0.080419526,0.057600737,0.0559559
0.5980956,3676.3262,1.7154933,2.442248,0.11431775,0.08614322,0.08917639,0.093247786
0.5926584,3755.2253,2.8890932,2.4393651,0.1002413,0.093345955,0.09813149,0.0983747
0.6008374,4745.216,1.5496887,5.5887475,0.1319955,0.2521753,0.15260774,0.04272489
0.61437225,4795.2314,1.8150787,4.9856577,0.28244597,0.25334033,0.11784315,0.075869076
0.5254008,4449.4336,3.0754004,1.7034281,0.093222804,0.15521893,0.25168997,0.11669131
0.51172596,3469.604,3.4087577,1.0902097,0.09620685,0.17090073,0.13355508,0.15589246
0.62167406,3118.8828,1.7346944,2.3732069,0.12948705,0.31626153,0.056480657,0.244343
0.62332404,3335.8386,1.3686831,2.895994,0.11366096,0.32419476,0.03950146,0.14873281
0.6058598,3695.5708,4.22708,3.067437,0.12006722,0.19774054,0.0716278,0.18090123
0.65514505,3768.9285,0.4265301,6.3878837,0.07082499,0.061884977,0.0741454,0.036862686
0.6817041,3340.97,1.8254368,7.7142563,0.09091893,0.06554674,0.06139192,0.083382
0.70932806,2985.2634,1.621132,9.016361,0.081885606,0.044304714,0.0526801,0.0777729
0.708896,3015.7498,1.7498488,8.867435,0.093452014,0.052763782,0.07020842,0.10708963
0.7274903,2834.2441,2.3675623,9.894847,0.097534254,0.0867806,0.07314388,0.08617567
0.5907585,5800.2334,0.8832738,7.307603,0.07288611,0.080063626,0.087036856,0.13856272
0.6054464,3073.2686,2.3941145,1.686545,0.1520001,0.1644889,0.10839437,0.05790432
0.61368674,4413.905,1.399805,4.7747483,0.15220487,0.34482434,0.059549965,0.057376213
0.63301915,2361.29,2.335372,1.1633351,0.055844363,0.10327901,0.06413987,0.05864805
0.63298905,2453.5784,2.324693,1.342202,0.05794625,0.1106869,0.060618874,0.05794527
0.62835264,2388.7546,2.2902033,1.292932,0.059738956,0.101188704,0.05864148,0.050890837
0.62835264,2388.7546,2.2902033,1.292932,0.059738956,0.101188704,0.05864148,0.050890837
0.6429176,2354.2864,2.1757889,1.3857116,0.066838,0.083292395,0.052525353,0.058693275
0.6429176,2354.2864,2.1757889,1.3857116,0.066838,0.083292395,0.052525353,0.058693275
0.659851,2257.3762,1.7558045,1.4499497,0.07472894,0.07556108,0.08709184,0.06586682
0.6547706,2206.6926,1.740789,1.489215,0.0711685,0.07717589,0.08980574,0.0647044
0.66287047,2212.1462,0.69919693,1.6823707,0.061449297,0.082049154,0.08891101,0.06917276
0.62585026,2675.8657,0.8277916,1.6399499,0.058398806,0.06833417,0.08599014,0.058183018
0.671449,3039.299,5.3032427,4.518524,0.11695288,0.13010739,0.048507135,0.038081005
0.6867243,2739.904,0.2280533,4.8086705,0.13353613,0.04363536,0.12964398,0.3856864
0.679411,2400.4531,0.033276033,2.564947,0.16727534,0.05946541,0.1397649,0.3222886
0.6651432,2829.423,0.032642376,3.344182,0.16922407,0.048216447,0.11317104,0.27034068
0.67773515,2763.9775,0.026566925,4.194493,0.10991724,0.037094433,0.10254519,0.35873485
0.5809718,5068.6675,0.02458253,4.1809583,0.08761191,0.10296048,0.060551416,0.11302759
0.5481774,5251.433,0.09500283,3.4356208,0.10354593,0.071466416,0.06035026,0.09609812
0.68151224,3260.364,4.477358,7.722828,0.07635233,0.119078495,0.057268888,0.05023919
0.61948293,3946.5295,1.8777544,4.089377,0.050408676,0.09164763,0.08455356,0.04535816
0.66278195,4213.5605,0.4699771,10.039549,0.045618325,0.076301396,0.059379257,0.06513128
0.59425896,3299.1719,3.779638,1.731146,0.19917968,0.12506343,0.07914301,0.0703437
0.61249197,3217.9255,1.7694045,2.185908,0.13985406,0.15972978,0.07166315,0.06285152
0.6079061,3163.3623,2.3048599,2.055526,0.16539432,0.14841133,0.054166272,0.058392473
0.56221795,3768.048,0.8060432,1.7333062,0.13165936,0.091297194,0.059252206,0.051039405
0.57213235,3637.7585,0.98665714,1.8604,0.12611996,0.104723245,0.061628453,0.05945751
0.5872733,3838.5962,0.9667813,2.3428457,0.12581487,0.088286094,0.07061376,0.04749053
0.6226655,4228.7495,1.6430801,5.590179,0.08261129,0.07631069,0.09810513,0.08554509
0.6238668,3469.6418,1.6550479,3.9298222,0.08656493,0.05598151,0.102598764,0.09623011
0.59749573,5197.3613,2.2419598,7.1580067,0.1356187,0.08635055,0.08930306,0.16382118
0.6174746,4291.2314,1.9086881,4.6872125,0.09281488,0.079109885,0.06314611,0.13752161
0.6223017,3137.5933,2.1205554,2.718857,0.06689584,0.0545428,0.11829044,0.06598263
0.6537902,3743.8198,0.70495915,6.3050365,0.052581877,0.116924025,0.15375562,0.056411836
0.63986063,3612.9321,0.92578715,4.5304418,0.05007179,0.10878712,0.12329148,0.051663987
0.62526304,4114.0522,1.9805307,5.469332,0.04202587,0.119795546,0.10667035,0.21646821
0.57701176,4070.939,2.881418,2.8397474,0.0852848,0.32540992,0.087990806,0.16079903
0.6347352,4024.4038,0.4440816,5.618462,0.07419702,0.21801424,0.06313745,0.040465456
0.702142,1970.1654,0.3163653,1.7893631,0.07229448,0.2931303,0.060438167,0.110650435
0.68486565,1939.1875,0.4640128,1.2868716,0.06842087,0.38803118,0.047855183,0.08684468
0.710208,2066.826,0.7072779,2.2517118,0.08676877,0.17864987,0.069523014,0.05964002
0.6472872,1744.6088,0.49865368,0.6565639,0.07807234,0.13233587,0.076068655,0.07003726
0.6431276,4404.7524,3.5964975,8.866136,0.047776923,0.04748068,0.06646539,0.05775733
0.6706486,3636.3984,4.6898594,8.502819,0.045014463,0.07603832,0.10144154,0.09064007
0.68127126,3016.036,0.6391142,5.6132865,0.06775571,0.08240576,0.12097595,0.046275683
0.68904924,2919.065,0.593295,5.934355,0.0772745,0.08291977,0.11295531,0.05783306
0.7004432,2816.7034,0.42370677,6.020958,0.063647695,0.07744467,0.17931113,0.04040711
0.64546186,3234.59,0.65627617,3.7779388,0.05804239,0.12110286,0.32678595,0.044131376
0.63456094,3560.171,1.3278713,4.112298,0.0734423,0.104678534,0.24182162,0.049225114
0.6429366,4455.2354,3.1869774,9.284219,0.03769492,0.060250156,0.1593779,0.12850407
0.62273353,4439.5366,2.3433368,6.5614576,0.057698324,0.12196992,0.21006656,0.14676188
0.6230208,3310.178,1.6490432,2.7990196,0.1013781,0.10683393,0.18792696,0.07721837
0.64893717,3921.4363,3.7192748,7.0346346,0.04321011,0.06312145,0.18660048,0.08110675
0.59877974,1941.7148,1.5333484,0.60353035,0.102308065,0.054660335,0.08530426,0.08578743
0.6219831,1934.9523,1.8158993,0.69116604,0.1056913,0.099421464,0.12823229,0.15608378
0.62435895,2552.012,1.5742253,1.7041475,0.0815862,0.041881047,0.07461733,0.46490735
0.63353026,2993.9812,1.2692629,2.488428,0.088393405,0.06765472,0.044074114,0.29105866
0.63950217,2226.7537,1.3888401,0.9514296,0.060954638,0.10492833,0.18543977,0.050511777
0.6269391,2362.5476,1.6146935,1.1258636,0.055454794,0.09531234,0.20255384,0.043236226
0.5806942,2107.801,2.1648052,0.5450558,0.063669674,0.072690114,0.19663393,0.063412935
0.58138156,2079.6125,2.2201047,0.57422125,0.06364841,0.07709293,0.2070552,0.06541561
0.6154199,1827.484,1.2560167,0.54162025,0.1035662,0.114273936,0.11149201,0.06758501
0.6616024,1717.8323,0.5662669,0.68371934,0.0701907,0.09046906,0.10022326,0.06815615
0.68272436,2758.1853,0.5705057,4.0852647,0.058994822,0.053079367,0.05551304,0.061965764
0.66068,2918.7112,0.5585076,3.3101707,0.05242878,0.050271314,0.049011488,0.049740985
0.6583546,3060.0024,0.5535149,3.6847086,0.04881972,0.050401285,0.049114753,0.05283125
0.6583546,3060.0024,0.5535149,3.6847086,0.04881972,0.050401285,0.049114753,0.05283125
0.6846589,2623.3657,0.57170576,3.235846,0.05677961,0.0987735,0.06140823,0.057904046
0.6765643,2720.1458,1.1783574,3.3260894,0.04223144,0.09312841,0.07536632,0.051586136
0.6966265,2696.6118,1.4984541,4.7023067,0.048634134,0.15891331,0.04822593,0.07085843
0.7051105,2773.108,1.8323998,6.0134435,0.05796934,0.12877233,0.05532705,0.06866346
0.6794569,3654.5005,0.7231272,9.712542,0.061244264,0.164451,0.06250276,0.070945114
0.6637745,3441.0015,0.5449945,6.3924093,0.061783724,0.14018963,0.080099925,0.07247265
0.6003405,4849.2134,1.0376444,5.4164195,0.16641337,0.05999552,0.06076789,0.08248189
0.6805931,3120.8857,2.5328808,5.731086,0.05420689,0.056871742,0.11506546,0.034492876
0.59030145,5314.322,0.35247508,5.841293,0.077690095,0.09981282,0.09009128,0.07640853
0.69891495,1759.1604,1.8858995,1.1569581,0.048954472,0.08819039,0.049989782,0.04778477
0.64656603,3593.5896,1.9103981,4.9618263,0.15386206,0.064748034,0.059785392,0.08111735
0.63088846,3666.321,0.7684417,4.220713,0.1718259,0.06970393,0.07980852,0.14062974
0.65042436,3772.5955,0.8255852,6.8114786,0.17448676,0.055981096,0.07132333,0.20455481
0.6517743,3705.3345,0.8011671,6.5153522,0.17354998,0.041527614,0.08112899,0.17735915
0.6372469,4146.527,0.97220695,6.374279,0.09487152,0.04465946,0.067317136,0.05021204
0.6656119,3602.7612,2.7487411,7.1330485,0.09322749,0.074277356,0.097629115,0.053498186
0.69285816,3211.8604,2.9359148,8.06639,0.056394543,0.09752898,0.07707292,0.053157482
0.67498326,3107.7332,1.5674894,5.1415095,0.08180271,0.09639965,0.033636026,0.053728797
0.6507079,3250.9275,1.7415177,3.7874453,0.086040236,0.114316225,0.051529627,0.036972832
0.61602896,3881.7336,2.3818095,3.6927786,0.14856902,0.1071013,0.03240345,0.077320136
0.6721236,3798.442,3.182523,9.111762,0.07650169,0.0961057,0.049609594,0.044098742
0.65502125,3071.6377,0.9898376,3.6403677,0.054701287,0.05280127,0.09404029,0.09738536
0.6172564,2578.4895,1.5237086,1.3098013,0.054253202,0.053013526,0.06854839,0.08665122
0.6144884,2592.5103,1.9249946,1.3176873,0.05970384,0.06906349,0.06899466,0.095129386
0.6638841,3619.3762,1.9103025,6.3884096,0.08669232,0.14557053,0.04959291,0.036843777
0.6843053,3317.833,2.5207624,8.112023,0.05697627,0.064177245,0.08713003,0.15655044
0.5840271,3491.8098,2.0138187,2.0522,0.065464795,0.055284485,0.046077568,0.18202412
0.59812105,3684.8665,1.9993769,2.8518915,0.07486815,0.053824775,0.056650735,0.18511418
0.694801,3482.7793,1.6050082,10.306988,0.104054675,0.19102761,0.12051485,0.04469405
0.6787384,3518.5938,1.9119353,8.309569,0.10979866,0.10072966,0.13008717,0.030006215
0.68698907,3515.1023,2.233851,10.089697,0.23680666,0.08776865,0.15027203,0.10360537
0.63798666,4984.8115,1.042552,10.544221,0.04801995,0.08335783,0.13817708,0.031807985
0.5611221,4987.5747,2.3132885,3.0980072,0.11151213,0.084184274,0.07289602,0.05238557
0.636433,3609.4834,3.3455865,4.014907,0.08703202,0.0838944,0.10177561,0.04647298
0.7150496,2186.3538,0.3404153,2.96028,0.1187614,0.06255209,0.042414118,0.06994006
0.7687319,1715.6353,1.512339,3.8336945,0.07716971,0.09909415,0.077804245,0.053724222
0.600072,2179.1382,0.6094955,0.7226871,0.05760858,0.08345406,0.11723308,0.07011687
0.60341156,2306.794,0.59392726,0.8742677,0.055658765,0.0667116,0.07467384,0.09626341
0.7026404,2542.2598,1.883387,4.346198,0.103975534,0.10332147,0.043687284,0.040458634
0.71617687,2173.4482,1.6819614,2.8058453,0.07288025,0.05547209,0.07971781,0.057526667
0.6604164,1861.2261,1.9889288,0.821792,0.093251705,0.16879167,0.11569607,0.0507714
0.6647655,1838.1871,1.9508232,0.8514657,0.10467586,0.15063886,0.13072065,0.055397324
0.5777162,2499.6926,1.3265616,0.924762,0.07516982,0.11063033,0.19603825,0.11157591
0.5378835,1681.8062,0.37579995,0.28620738,0.059704296,0.16306774,0.18723188,0.09915179
0.55224395,1345.6467,0.96200556,0.15729612,0.048652623,0.068884,0.15060858,0.14500219
0.5494166,1331.443,1.0468035,0.14240019,0.058746755,0.07038546,0.13811746,0.17213908
0.47074687,1278.0621,2.5821576,0.06756033,0.09050757,0.059946634,0.16581377,0.09756824
0.4643303,1173.687,1.9703199,0.04413563,0.106069684,0.06509186,0.16758764,0.14258905
0.47458437,1223.5067,1.2688452,0.07057368,0.16285229,0.063639216,0.11795713,0.18813464
0.4881087,1506.319,1.776139,0.13938856,0.09146106,0.05446944,0.038183283,0.053061098
0.5019966,1483.0576,1.7940732,0.1389831,0.08753583,0.0606702,0.040248137,0.043788247
0.48601964,1126.4106,2.156856,0.03727294,0.07466798,0.1201888,0.106042325,0.073048845
0.42934215,1172.5198,1.9047186,0.015945481,0.043449722,0.07542661,0.12578036,0.049368337
0.47274616,1094.1503,3.058121,0.013452556,0.037530858,0.05515199,0.21243317,0.052633163
0.4803931,1090.2996,0.9671818,0.031186013,0.07398155,0.034439716,0.16829956,0.0562232
0.49447456,1050.1713,0.8259837,0.026318112,0.13572498,0.08048173,0.20235391,0.046702974
0.49687964,1043.437,2.1593218,0.0154324435,0.07222095,0.08097009,0.11802808,0.0698082
0.46865654,1112.7097,1.6391271,0.011971064,0.06431222,0.047933288,0.0753882,0.13169545
0.45788893,1099.5645,2.1000004,0.012257397,0.06443013,0.041145317,0.070567876,0.16598663
0.4146379,1202.9832,2.5833602,0.010899497,0.06540585,0.099885814,0.066437446,0.050116062
0.4591828,1086.8121,2.8372152,0.011274606,0.072981834,0.21575482,0.16569017,0.03359589
0.46149394,1100.179,1.1126289,0.01752514,0.033353325,0.07555189,0.36932024,0.060116008
0.5017271,1519.5298,1.7266457,0.14668049,0.07530097,0.058061723,0.19519927,0.04915709
0.5086151,1130.2003,1.0235113,0.05900422,0.051826846,0.09429079,0.029720683,0.11086284
0.5300578,1364.4105,1.7775583,0.13524225,0.054081373,0.11912007,0.08320718,0.17228173
0.5012793,1441.7738,1.8700356,0.13857645,0.1032829,0.10021631,0.09382618,0.08507152
0.5004298,1445.7782,1.8491673,0.12651272,0.11555644,0.099624954,0.10946678,0.10105692
0.5170318,1084.7181,2.0008042,0.05022053,0.05675138,0.04522051,0.0409024,0.087695904
0.53798646,1134.9241,3.5687609,0.09651146,0.1359854,0.0637627,0.0631081,0.041928865
0.52460855,1137.0198,3.7991962,0.07916603,0.13053206,0.07321029,0.052664645,0.049551673
0.46026546,1664.3242,0.55231696,0.14024647,0.09690817,0.093653604,0.058234688,0.081878245
0.63512164,1529.8314,4.405176,0.38139012,0.060067657,0.094220564,0.07271371,0.05882214
0.585712,3353.0896,1.6699528,1.8686855,0.047140032,0.08147272,0.0748686,0.08480142
0.58973277,3351.0034,2.1009235,2.1877768,0.05318589,0.06532145,0.07428952,0.08344037
0.616748,3636.7231,2.2426972,3.2392693,0.053845968,0.086919375,0.07880776,0.08539227
0.67349935,3903.8867,2.265733,10.249144,0.053742234,0.08277114,0.09424054,0.040866908
0.6711991,3932.249,2.4030986,10.335082,0.064047605,0.08456066,0.098330684,0.046204276
0.6411251,4654.625,0.70673585,8.778921,0.07970667,0.089830965,0.030598188,0.07041865
0.61233634,3372.3396,2.3219278,3.1630435,0.08561902,0.07593828,0.50952446,0.12815665
0.673716,3813.213,2.881392,7.97009,0.036494642,0.13142352,0.12201853,0.09555701
0.649216,4231.466,2.3079648,7.6953797,0.030426063,0.122515984,0.09922428,0.09064372
0.67529,3899.5159,2.946556,9.320201,0.0726618,0.22287953,0.039596118,0.058858685
0.62807715,4435.7007,0.97472334,6.8231897,0.061249156,0.033684026,0.15381287,0.13805045
0.6021029,4196.3457,0.25555155,4.1888566,0.13148315,0.07103644,0.094042055,0.107298814
0.57654685,3613.439,1.5723958,2.106882,0.1401557,0.06387006,0.074698195,0.09894844
0.6742641,3547.4163,2.5566747,8.099562,0.032836817,0.07218849,0.06795931,0.06541677
0.6742641,3547.4163,2.5566747,8.099562,0.032836817,0.07218849,0.06795931,0.06541677
0.67526233,3641.9382,2.4777858,8.289829,0.034092143,0.06983424,0.06752276,0.06517124
0.632905,3441.1785,2.6587994,3.5653775,0.0631871,0.07832077,0.04886297,0.09470981
0.632905,3441.1785,2.6587994,3.5653775,0.0631871,0.07832077,0.04886297,0.09470981
0.62862164,4107.3364,2.2010562,5.348791,0.067749016,0.05921009,0.042418554,0.087901965
0.5880038,3911.9336,3.5515208,2.6790187,0.065990135,0.07315094,0.049220957,0.067713946
0.5880038,3911.9336,3.5515208,2.6790187,0.065990135,0.07315094,0.049220957,0.067713946
0.69682485,3143.4973,0.44856024,7.9637227,0.09293066,0.076499626,0.26407614,0.06926586
0.673456,3714.9333,0.8213117,8.742723,0.1286583,0.06389632,0.14097764,0.046881918
0.6224924,4443.565,3.0797622,5.795685,0.061676167,0.2275434,0.041815575,0.09497834
0.6573789,3769.8093,1.7827554,6.309944,0.06396994,0.18504566,0.027053177,0.10083149
0.67188275,2277.2603,0.557212,1.8522359,0.09207728,0.1518763,0.09910164,0.062535666
0.6387242,2322.224,0.56886774,1.3636161,0.060402296,0.0646098,0.044106923,0.09298972
0.6387242,2322.224,0.56886774,1.3636161,0.060402296,0.0646098,0.044106923,0.09298972
0.6241549,2584.7612,0.46332067,1.4615154,0.0658574,0.07267289,0.085922055,0.04725676
0.6241549,2584.7612,0.46332067,1.4615154,0.0658574,0.07267289,0.085922055,0.04725676
0.6241549,2584.7612,0.46332067,1.4615154,0.0658574,0.07267289,0.085922055,0.04725676
0.6806994,1745.9742,0.34481445,0.82188964,0.048064563,0.14200017,0.14717083,0.079636574
0.66351354,3126.6707,1.2098404,3.8953755,0.06113641,0.15619102,0.092297286,0.047308393
0.6326995,4441.671,0.8205535,8.434095,0.06759904,0.075091965,0.20372318,0.27309513
0.6326995,4441.671,0.8205535,8.434095,0.06759904,0.075091965,0.20372318,0.27309513
0.5805458,4219.7285,3.043396,2.9457364,0.074815154,0.05465205,0.12296507,0.088725954
0.67309827,3653.913,1.3153987,8.416343,0.048681073,0.1193338,0.06334884,0.087723
0.70578086,2913.3035,1.1289935,7.5515804,0.03434157,0.09017217,0.07016786,0.15304926
0.71072483,2783.7097,1.120499,6.0683174,0.03145729,0.09734841,0.07111265,0.12429882
0.70209515,2748.8125,1.1329248,5.2519565,0.058630265,0.09180735,0.073692575,0.11035499
0.6812067,2682.7036,1.221423,4.070329,0.07689193,0.09717236,0.06958716,0.10440232
0.64684343,3812.5598,1.5291058,5.2233477,0.086047456,0.13069692,0.10492343,0.08547219
0.6401111,3356.4373,1.0689979,3.5241597,0.07483128,0.056747753,0.053308018,0.05243119
0.64313805,2976.6758,2.1825025,2.6617897,0.10702962,0.06299579,0.1068607,0.05660749
0.6476646,2611.1465,1.2051474,1.908612,0.11974595,0.050359532,0.118317716,0.050535895
0.61507183,2900.655,0.88991046,1.9987496,0.1177,0.062823564,0.08748945,0.105963774
0.6171956,2929.2966,0.7474501,2.0608997,0.114778966,0.0670231,0.07168642,0.09854712
0.591969,3753.7295,1.0133572,2.7867723,0.10216347,0.08601632,0.0870277,0.18603832
0.5097848,3751.5046,2.7910275,1.16293,0.06534472,0.08313815,0.25443676,0.18543233
0.64023966,3188.5762,1.2606459,3.2213807,0.14369257,0.057957955,0.16376594,0.09138884
0.6269245,4487.953,1.190412,6.851935,0.06136314,0.049400587,0.06150162,0.33032653
0.6664884,2355.6729,0.17271571,1.884236,0.08016484,0.17302541,0.118246086,0.035397485
0.64558405,4528.99,1.2716564,9.590939,0.043304686,0.19370538,0.051660918,0.11069545
0.63986754,4687.292,1.4657135,9.513417,0.035491362,0.19221121,0.048474845,0.12542224
0.5834576,5739.25,2.52343,6.034025,0.10754402,0.25481954,0.06593575,0.043509576
0.54382604,6585.0845,1.0024338,4.9686923,0.1695091,0.17054714,0.038786385,0.08142821
0.54060477,5745.02,1.2982663,3.619874,0.1047931,0.115217544,0.033247065,0.14076348
0.64866775,4177.079,1.630093,8.298168,0.079745844,0.078947976,0.07377598,0.037129827
0.677171,3809.3975,3.4243941,9.649025,0.057246815,0.10676469,0.07798082,0.03774781
0.6719219,4151.9795,0.51617986,11.633911,0.079112336,0.07386524,0.03737159,0.08506201
0.6808689,3785.3958,1.8139247,11.361044,0.12479831,0.06502597,0.13048486,0.03953555
0.6590747,4525.935,0.68544954,11.588872,0.06925008,0.06588828,0.038343467,0.10594041
0.6904075,3617.1653,3.6776695,11.806175,0.08026349,0.08276115,0.11777296,0.035931494
0.627155,5555.449,0.72263217,11.275809,0.04195369,0.15620789,0.08405724,0.122135475
0.64477885,4753.553,0.48143438,11.6234665,0.06884916,0.15393186,0.08319935,0.10445299
0.68184274,3607.6406,3.9145656,9.424196,0.103792325,0.03720694,0.1222748,0.03836629
0.7021861,3093.109,3.8525436,9.24497,0.11480899,0.03941694,0.11038254,0.042074185
0.7001823,3059.1936,1.8734505,8.222983,0.11556763,0.05484262,0.1517171,0.058204345
0.65439725,4285.3,2.0843704,8.877994,0.042131513,0.057724673,0.075324334,0.046264406
0.57471615,3248.7524,0.6595121,1.4471498,0.13495778,0.1390229,0.18687493,0.09547423
0.54407763,4409.9385,0.43383062,2.2713683,0.1710547,0.08349838,0.124621965,0.2580558
0.52599233,3367.1648,2.4082372,1.091751,0.23226541,0.092736855,0.1513091,0.12431746
0.6408311,3845.288,0.6359901,5.815082,0.22798866,0.1091537,0.12208293,0.1744448
0.6577602,3594.1907,0.70882785,5.9030046,0.20088175,0.121511154,0.10801099,0.15104832
0.6730328,3140.7512,2.673039,5.8194056,0.23697168,0.07256729,0.10636996,0.13713297
0.6196823,3440.0283,1.5408449,3.1011026,0.3327409,0.039223127,0.12369561,0.06352304
0.68828964,3267.4631,0.73124725,7.0026,0.29403934,0.071571045,0.11796391,0.08434711
0.67117786,2915.0212,0.4165088,3.9040856,0.13642088,0.09595766,0.041869745,0.072314285
0.6733995,3037.0403,0.4071489,4.6931114,0.13012342,0.11437945,0.049872417,0.055871878
0.67478,3620.3628,0.8908416,7.634194,0.12792207,0.16561374,0.090810105,0.1011125
0.6674967,3893.8657,0.6802137,8.22034,0.086652786,0.13302596,0.07884226,0.043217316
0.70999384,2808.2983,0.43246168,6.935095,0.05014682,0.0964643,0.08474808,0.052550543
0.59032565,5846.5596,2.970377,8.416605,0.06745013,0.043688826,0.14417955,0.08199598
0.6106478,5241.9536,1.6689671,8.301383,0.07241527,0.08335652,0.13685955,0.06664711
0.6171897,5541.1997,1.4517946,10.336445,0.075561,0.09069764,0.10103777,0.06229901
0.67213327,3695.268,2.8227234,7.450568,0.06076657,0.19942014,0.048816822,0.42641425
0.64138734,3588.2617,0.89106125,4.029573,0.05961969,0.16303612,0.11854324,0.037904516
0.66957366,3373.2034,0.121219866,6.9480286,0.08702658,0.06064261,0.043563977,0.22091103
0.68141127,3056.5852,0.0896929,4.6261015,0.068414085,0.06527168,0.0376903,0.101116285
0.6883673,3485.747,0.06747639,8.856611,0.09511523,0.11751527,0.05880547,0.14154938
0.6566217,3944.0535,0.049222928,7.0786204,0.09920535,0.15367179,0.14784485,0.20797983
0.5908764,5511.988,0.49113703,7.7140374,0.13546818,0.068654455,0.087574385,0.11893688
0.711558,2871.317,1.5918978,7.7379284,0.045954823,0.073713295,0.11460498,0.16719721
0.69099164,3147.729,4.201253,6.596718,0.030023834,0.083403796,0.058532804,0.1803917
0.61963195,4608.4463,3.19733,6.262175,0.055897366,0.095758915,0.055628914,0.15774131
0.6198755,4503.893,2.7220395,5.7961855,0.06847214,0.138771,0.044135544,0.14230868
0.70369714,2054.8645,2.3870173,2.0212302,0.1037,0.057567388,0.061084803,0.109062605
0.6770526,1660.9174,2.4850926,0.7446387,0.0717195,0.05325714,0.07418432,0.07666182
0.7649876,1734.8696,1.5480206,4.342827,0.22911283,0.09201045,0.24806084,0.06861361
0.7536423,1762.9708,2.9389877,2.6207013,0.08476564,0.124659166,0.11076451,0.055348754
0.74330664,1812.0359,2.564816,2.71803,0.09318343,0.14407791,0.10947769,0.04405135
0.7470677,1959.7839,3.714403,4.031639,0.09314189,0.12694421,0.078495204,0.10844542
0.7539593,1711.4644,3.4477298,2.7813375,0.09907159,0.098694175,0.08211048,0.16542485
0.75008243,2038.2377,1.7581944,4.136812,0.09115188,0.08996934,0.104136795,0.19363174
0.71240544,2497.6902,2.4517653,4.2265606,0.08901838,0.116338044,0.102755636,0.12206345
0.7218816,2452.8064,2.2054758,5.903807,0.1419898,0.14867239,0.120377414,0.11194623
0.6505291,3333.8008,4.3245053,4.3009505,0.6316695,0.12931989,0.1456411,0.091062516
0.38198507,6767.489,0.8502582,1.1406913,0.15425223,0.17591268,0.050074358,0.059087068
0.40891317,6560.922,1.007312,1.3098252,0.23183733,0.1897869,0.07020799,0.07106346
0.41694692,6331.58,0.78134924,1.3531523,0.26728487,0.21626052,0.08773252,0.086820066
0.38064593,6268.5156,0.40128773,1.0432223,0.4046272,0.15526295,0.12749486,0.09835366
0.38978374,7680.92,0.7810588,1.5241879,0.42056972,0.09588604,0.10586817,0.046437033
0.38524523,6249.2847,0.47276577,0.9557177,0.36339882,0.12159163,0.08815655,0.060119018
0.38823062,6807.14,0.46635404,1.1465193,0.540496,0.101373315,0.05519772,0.0768557
0.43123838,5277.4214,0.91585475,1.4767061,0.09100656,0.098080784,0.2822183,0.3254935
0.7314603,2640.4175,3.0230253,11.97212,0.1051538,0.1055861,0.06774028,0.07937332
0.56935257,7542.4756,0.9342049,11.958761,0.06758111,0.24549197,0.07342639,0.17086308
0.6630791,4576.7744,0.965215,11.780333,0.054604433,0.2846694,0.13210836,0.10408812
0.6389628,5271.683,1.0008856,11.45288,0.08351214,0.18040751,0.049558606,0.041791625
0.68311965,3549.508,0.6667872,9.423913,0.049801767,0.17886424,0.23222561,0.36941302
0.6357112,4157.0693,0.2607586,6.9030795,0.037466753,0.114740826,0.23902003,0.22654584
0.66046906,3556.3538,0.47764638,5.6527815,0.041936163,0.32375675,0.2897575,0.14975277
0.6554529,3809.3022,1.0685185,6.58236,0.046069987,0.4001722,0.18063918,0.1000741
0.5979806,4344.136,0.67292595,3.9674058,0.1047618,0.14430961,0.11340476,0.080095306
0.62792265,4321.4663,0.4924111,6.1827455,0.07053526,0.14482751,0.12482295,0.071816795
0.6044259,4109.562,0.66512,3.427071,0.06504248,0.18328464,0.059989426,0.060076494
0.58455884,4306.0205,0.7682452,3.1237323,0.056706462,0.18215483,0.04979914,0.060249925
0.63148206,3547.5315,0.7112429,3.301205,0.052857295,0.14575477,0.049354628,0.03961626
0.68570256,3166.5813,0.54446155,6.7327766,0.07115812,0.1285493,0.042614814,0.05687783
0.68419206,2896.7969,0.22645672,4.761047,0.05349815,0.056144126,0.04669606,0.0615462
0.6828457,2816.6045,0.2167634,4.8939266,0.051424555,0.05946161,0.047158953,0.059988454
0.67692614,3265.575,0.13360319,6.506841,0.04573386,0.073535636,0.04871126,0.062125407
0.6669944,3578.48,0.19863364,6.9812284,0.043960743,0.08532893,0.08472121,0.049513705
0.673279,3379.1313,0.1939492,6.1006775,0.038240615,0.079221524,0.042229705,0.048963204
0.6579748,3081.9504,0.34318742,4.0675845,0.05790972,0.09311542,0.051251754,0.042008452
0.64844275,4049.457,0.8174976,7.7341123,0.05344012,0.07983973,0.08247256,0.04126449
0.7072389,3208.7168,2.2838352,10.055682,0.04540371,0.05005602,0.05792691,0.16810016
0.64956486,4121.1367,3.9719908,7.3908253,0.058956087,0.120485574,0.06730656,0.31966758
0.6423621,4208.0283,1.7992969,7.3109393,0.038736213,0.076289535,0.11924347,0.070746444
0.6448001,4561.0366,2.534062,9.953254,0.06225408,0.10875393,0.077382304,0.10910674
0.687026,3422.784,0.52485734,7.9735126,0.052478127,0.21329731,0.1236594,0.08374718
0.6300997,4637.086,0.6698183,8.149786,0.06894694,0.081826195,0.17791903,0.057643063
0.69592226,3336.282,1.792637,9.8965645,0.077196665,0.09246878,0.2328405,0.09835474
0.69058615,3047.349,3.3529508,6.3615203,0.06469972,0.12986994,0.17024948,0.095220715
0.6502798,3061.7034,0.8927755,2.8697133,0.060801063,0.33656123,0.082975976,0.082275994
0.66656256,2529.6914,1.0481635,2.2340233,0.076758966,0.3865146,0.09221072,0.09186839
0.6606908,2286.2087,1.136661,1.8674988,0.07768708,0.31709397,0.09410084,0.110726856
0.6227014,4870.9805,3.4517148,8.072857,0.075236134,0.06920853,0.053946465,0.09833608
0.69316053,3484.131,1.4911894,10.683352,0.18557495,0.06692154,0.07415767,0.11386762
0.5875119,5389.7983,2.1327057,6.767293,0.059708428,0.031452414,0.12949988,0.11818636
0.58873105,5400.7495,1.9598696,6.9170203,0.05966023,0.03159263,0.1259621,0.132472
0.66415703,3190.5818,1.3209547,4.9554625,0.059369855,0.058950365,0.10372341,0.050992735
0.676025,2954.8503,0.9874957,5.015018,0.050784826,0.044300143,0.11022861,0.048033837
0.6686429,3046.7327,1.2546617,5.0658607,0.068032555,0.05024814,0.18682428,0.03633894
0.67558384,3119.5476,1.7578789,5.2458277,0.059710547,0.060663838,0.08930436,0.064794466
0.6557257,4106.4253,2.2535057,8.779846,0.08416778,0.038686935,0.07065597,0.23733144
0.69101214,3634.553,2.504154,11.332979,0.079607494,0.10480577,0.040060535,0.16059385
0.6916443,3740.1736,5.1926494,11.079407,0.120970495,0.106759064,0.054475233,0.23289207
0.718509,2522.0203,0.44568565,7.3867407,0.1726363,0.05526887,0.069783606,0.16891278
0.5682173,3142.5693,1.1709545,1.2793663,0.13105205,0.30250093,0.08698097,0.06646047
0.707142,2661.5461,0.18096128,5.4794836,0.1108961,0.39915252,0.062016726,0.07041667
0.6804848,3461.918,0.09036899,7.750245,0.109593906,0.11619994,0.032404125,0.055405606
0.6813342,3454.6323,0.0794217,7.8208833,0.114476874,0.109070465,0.030546486,0.05258684
0.6813342,3454.6323,0.0794217,7.8208833,0.114476874,0.109070465,0.030546486,0.05258684
0.69614536,3222.6912,0.056043908,8.366732,0.08602594,0.09968602,0.042843953,0.04662972
0.61828375,3828.715,0.10563209,3.8867788,0.030177403,0.054775324,0.11769669,0.09059416
0.61828375,3828.715,0.10563209,3.8867788,0.030177403,0.054775324,0.11769669,0.09059416
0.6035576,3920.7405,0.10042876,3.6408324,0.028145486,0.054588147,0.1026257,0.08821715
0.60223633,3957.4436,0.101015665,3.693598,0.027063675,0.053530786,0.105177365,0.08337419
0.60223633,3957.4436,0.101015665,3.693598,0.027063675,0.053530786,0.105177365,0.08337419
0.60223633,3957.4436,0.101015665,3.693598,0.027063675,0.053530786,0.105177365,0.08337419
0.6003348,3979.2097,0.09763132,3.4403498,0.026651163,0.053675212,0.10346556,0.084580585
0.59962136,3983.0476,0.09993023,3.5093646,0.027666427,0.051418245,0.10279822,0.07969287
0.5996038,4018.51,0.09469536,3.657792,0.028449474,0.050996795,0.10086217,0.07599432
0.5996038,4018.51,0.09469536,3.657792,0.028449474,0.050996795,0.10086217,0.07599432
0.5996038,4018.51,0.09469536,3.657792,0.028449474,0.050996795,0.10086217,0.07599432
0.60185605,4015.769,0.09206019,3.7743323,0.029183097,0.051193453,0.09721861,0.08104648
0.60185605,4015.769,0.09206019,3.7743323,0.029183097,0.051193453,0.09721861,0.08104648
0.59945077,4374.4585,0.086909115,4.499237,0.035962474,0.05595086,0.105606094,0.102995686
0.6674401,2377.686,0.09961466,2.3057108,0.049781986,0.055266418,0.1116596,0.20034158
0.640235,3208.9746,0.114036925,3.1607947,0.038809974,0.062301904,0.18771055,0.117391
0.5813292,4591.0757,0.1639081,3.6617668,0.17445537,0.087699935,0.035978846,0.09707767
0.61057836,3983.2385,1.2925423,3.6143265,0.041951545,0.14141296,0.08353861,0.05334303
0.626352,4007.7842,0.048993997,4.776851,0.24420811,0.09315104,0.16055456,0.12032232
0.608547,5214.6396,0.07927259,7.8664136,0.0525534,0.051812872,0.13232358,0.061255172
0.6628358,3484.8826,0.13251854,6.0447574,0.060724787,0.086871356,0.08322762,0.054891046
0.67143494,3081.8647,0.17322132,4.569824,0.05631516,0.052227452,0.21461928,0.04597698
0.67101496,3098.1167,0.14797093,4.640744,0.06463622,0.049864236,0.21743734,0.049263377
0.6742908,3276.198,0.13761759,6.048051,0.057275906,0.059534762,0.23540738,0.037974633
0.6799535,3160.1763,0.16948876,6.167367,0.057165146,0.06125916,0.21789363,0.02904772
0.67617065,3251.4907,0.17003758,6.014694,0.05736478,0.058419876,0.2177473,0.029796315
0.67959774,3290.6604,0.107449405,6.6455445,0.055329937,0.069171,0.15676555,0.07446833
0.60910803,5873.6836,0.073424354,9.740947,0.059672963,0.07105718,0.11174288,0.0411268
0.63659227,2444.6816,0.50501055,1.4200392,0.06539592,0.13583274,0.04500957,0.06748539
0.6363171,2429.8867,0.51316077,1.364877,0.06376407,0.1371811,0.045937024,0.06996586
0.65383035,2560.4775,0.7443575,2.1150663,0.053775597,0.12345146,0.045114957,0.075952314
0.65383035,2560.4775,0.7443575,2.1150663,0.053775597,0.12345146,0.045114957,0.075952314
0.6630365,2437.2722,0.61527514,1.9360512,0.07633425,0.098131426,0.06480306,0.04242866
0.7178865,2727.4788,0.54601544,7.5421467,0.07295576,0.08581149,0.038926587,0.09090579
0.6935617,3291.73,0.9237049,8.653955,0.16267633,0.09236758,0.05464354,0.046064705
0.70621204,2912.6997,1.3099306,8.805508,0.28330937,0.054716796,0.039756484,0.045830514
0.6504666,3607.7712,1.5260496,5.410723,0.3492446,0.08698433,0.05897682,0.066507444
0.53681076,2650.2004,1.6242951,0.65874535,0.07195562,0.21067573,0.052201234,0.11006285
0.5074193,2532.477,1.40146,0.54179746,0.07724953,0.30699295,0.08115524,0.12906276
0.5823385,2014.9517,1.2911776,0.56265754,0.14892742,0.25734273,0.10943745,0.372476
0.61171573,1931.9707,1.7493545,0.48978108,0.14274874,0.18412949,0.102038495,0.108886376
0.6544776,3663.024,2.0494618,5.2493935,0.10067321,0.2254202,0.09293425,0.052876174
0.6334289,4225.424,2.445751,6.1606627,0.079673745,0.11792086,0.07862406,0.097775675
0.6328098,4382.4897,1.854208,6.7202525,0.07933813,0.1065183,0.07622012,0.12885796
0.7329165,1582.3344,0.34768692,1.3939697,0.06058453,0.061786655,0.049339075,0.059788384
0.72280234,1719.7449,0.37268367,1.720417,0.06535914,0.05116801,0.050423052,0.07336241
0.7424379,2025.5005,0.7996702,4.0445266,0.06661558,0.054440226,0.086392686,0.05869879
0.64350486,1170.2635,3.1841311,0.2027902,0.21605593,0.11264987,0.13103236,0.17433375
0.5483452,1652.1459,1.4735478,0.2976787,0.1408877,0.088992365,0.25975552,0.10089305
0.67581356,2557.1973,1.5298615,2.5811913,0.055363085,0.11928838,0.12344716,0.11105875
0.55981463,1690.5448,2.1057725,0.2944607,0.13346249,0.07405892,0.070107475,0.06687109
0.46981496,1235.0397,4.877622,0.05394032,0.038683027,0.14890134,0.20271163,0.0410553
0.45112845,1212.1445,4.058857,0.03836717,0.056840982,0.12838325,0.15442228,0.06911459
0.47901714,1123.4235,0.34850842,0.036621854,0.064451806,0.04145707,0.034157384,0.078554474
0.6570578,2424.4006,1.3635657,1.9778943,0.0635809,0.09969631,0.18579257,0.08037076
0.6504101,2715.4487,2.3242993,2.0313234,0.077825114,0.26679754,0.07397139,0.07018632
0.6525511,2905.785,3.8461523,3.052923,0.035437357,0.27079672,0.07807547,0.074748084
0.65326583,2829.0232,3.0167546,2.7498553,0.039464623,0.26369575,0.077431306,0.089717776
0.6635249,3687.9314,2.899386,6.789387,0.055949528,0.2460173,0.039080527,0.043685734
0.6197737,3654.8306,1.6475335,3.5931396,0.063402764,0.41648105,0.12234388,0.06520228
0.6222765,2971.5164,1.5988725,2.15462,0.072382495,0.27925727,0.21831517,0.103046015
0.6457657,3859.0376,2.2630854,5.9572883,0.089995556,0.20991506,0.30974364,0.04616504
0.6650759,2461.0522,1.8079579,1.9572427,0.07994815,0.24452524,0.12129077,0.14291294
0.65767765,2823.9143,1.4098932,3.133657,0.07047512,0.23942584,0.12429775,0.20363355
0.67862844,2604.1362,1.007883,3.4979534,0.05723463,0.09104001,0.18237239,0.218223
0.57758236,6209.1284,1.2428555,8.12664,0.05834371,0.047128864,0.14760467,0.10515693
0.69800985,2432.8167,2.545038,3.1870987,0.09440781,0.096160136,0.06334787,0.06132967
0.64079,3553.885,2.4874246,3.7142253,0.092969686,0.107273445,0.0885146,0.058595486
0.6619581,3755.803,0.5130937,6.6773157,0.088108435,0.07869357,0.0692034,0.12600456
0.6566298,4303.9976,0.7482546,9.821029,0.061720137,0.09027264,0.06708967,0.12817344
0.6145894,4612.8296,3.1657195,6.3560944,0.049658336,0.035591505,0.0741844,0.065535694
0.64276356,2091.5884,0.9579256,1.0520214,0.11442682,0.23398209,0.08414087,0.11422354
0.6493003,2405.9514,1.7180548,1.705153,0.057360593,0.26100346,0.05870167,0.05617688
0.6373111,4583.438,0.75409883,8.267886,0.05255945,0.18526164,0.083003476,0.046905443
0.63781047,4622.94,0.87432826,8.33394,0.054101944,0.1829606,0.067378044,0.048677694
0.63987964,4513.5957,0.81405616,8.0376,0.05448497,0.18863311,0.06857175,0.04424272
0.6612952,4093.3813,3.123014,9.0861635,0.056482747,0.27435064,0.118496805,0.07451573
0.5845134,4837.8716,1.1500872,4.7388816,0.075981796,0.072196715,0.15698698,0.10549476
0.5839907,4674.687,2.3862784,4.3470025,0.09894936,0.090033434,0.09357011,0.121624485
0.66500723,3695.4897,1.1749911,7.987286,0.039691847,0.06562464,0.09141378,0.04796896
0.64870745,4920.9683,2.8084545,11.413034,0.16121116,0.06788943,0.06998697,0.054754052
0.6830422,3668.523,1.4150513,8.663837,0.30104473,0.10344249,0.08068898,0.11342772
0.60492617,4465.6436,0.40208033,4.724786,0.094499685,0.098904714,0.039696373,0.17219883
0.62007284,3926.3074,0.43635798,4.1187696,0.08659341,0.10288134,0.04627254,0.19073051
0.6564861,3853.8684,0.7295622,6.9401875,0.05153715,0.121471554,0.04861868,0.14711855
0.6449196,4103.87,0.7188374,7.0982594,0.043167453,0.14707147,0.04669009,0.105759814
0.63251895,4691.978,0.7601581,8.085605,0.043512493,0.17225435,0.04673815,0.09807515
0.67549735,3983.164,2.0643349,10.603715,0.07039128,0.14276388,0.05119694,0.103948794
0.733357,2146.2917,1.6415405,4.3886356,0.061886642,0.14835994,0.057787962,0.06386181
0.6436787,2672.945,0.45177516,2.1765769,0.03061608,0.110178165,0.10060596,0.08730858
0.644756,2710.2747,0.41203162,2.1750917,0.031161716,0.111654595,0.09725526,0.08605757
0.6343266,2517.7815,0.3615343,1.650071,0.027383339,0.12131194,0.09127173,0.08800875
0.6343266,2517.7815,0.3615343,1.650071,0.027383339,0.12131194,0.09127173,0.08800875
0.63641334,2688.5254,0.3505045,1.9654211,0.02965345,0.13291284,0.08771196,0.08634794
0.63641334,2688.5254,0.3505045,1.9654211,0.02965345,0.13291284,0.08771196,0.08634794
0.63641334,2688.5254,0.3505045,1.9654211,0.02965345,0.13291284,0.08771196,0.08634794
0.63641334,2688.5254,0.3505045,1.9654211,0.02965345,0.13291284,0.08771196,0.08634794
0.63641334,2688.5254,0.3505045,1.9654211,0.02965345,0.13291284,0.08771196,0.08634794
0.63883203,2669.3772,0.33609936,2.0912442,0.030030513,0.13476421,0.08869989,0.089190796
0.6398713,2751.883,0.33681473,2.1813695,0.031159464,0.13455549,0.08887248,0.08541975
0.6398713,2751.883,0.33681473,2.1813695,0.031159464,0.13455549,0.08887248,0.08541975
0.6398713,2751.883,0.33681473,2.1813695,0.031159464,0.13455549,0.08887248,0.08541975
0.6413031,2642.5164,0.3575935,2.1418238,0.03454263,0.14794883,0.10036114,0.08114013
0.61329734,2314.7014,0.13431358,0.97995925,0.06823787,0.10815084,0.07274107,0.06411998
0.61069614,2499.737,0.124286234,1.097162,0.06597278,0.07769073,0.06847926,0.08131567
0.61512023,2403.0376,0.13604368,1.0154425,0.06469874,0.082488455,0.064475864,0.06994803
0.69286984,2049.836,0.16205668,1.816302,0.079009175,0.12004661,0.067937136,0.03876112
0.70000416,2032.6362,0.18218076,2.0419495,0.0687946,0.11785085,0.060272425,0.038122617
0.70000416,2032.6362,0.18218076,2.0419495,0.0687946,0.11785085,0.060272425,0.038122617
0.6139607,2397.7002,2.988207,1.1055851,0.04411781,0.08341998,0.09985438,0.074610606
0.6344033,4776.7905,2.8395352,9.041197,0.06446453,0.055173047,0.03855301,0.20708328
0.6552937,2964.4177,1.0552769,3.0864909,0.042301565,0.12396853,0.0886261,0.11408539
0.63727367,3622.5627,3.9128077,4.321261,0.064768516,0.103883505,0.05098668,0.040762417
0.62540615,4036.4302,3.6959345,4.581688,0.06809606,0.107990935,0.060031235,0.037849095
0.6561213,4018.1912,3.0142822,8.2907715,0.072769865,0.09469629,0.046789784,0.04340225
0.622048,2872.6243,0.6204123,2.0099764,0.06501458,0.10132409,0.152698,0.11353356
0.58794963,1402.763,2.713132,0.24295904,0.075322896,0.06188828,0.047991265,0.13228802
0.5988761,1408.302,3.5019567,0.22803506,0.089639306,0.07637474,0.07607992,0.2001191
0.46960655,1593.9542,3.7999485,0.15887864,0.069110505,0.091435075,0.061455008,0.08802818
0.47362554,1769.3987,3.3262885,0.19960466,0.060015276,0.07026022,0.08702548,0.08210902
0.5397458,1299.35,1.1636735,0.14168388,0.11132645,0.103093535,0.1829521,0.064143956
0.48715854,1468.5933,0.68199426,0.12227142,0.10974925,0.05548111,0.05565765,0.066958055
0.5864506,1301.2137,4.437894,0.2095014,0.16607977,0.046693042,0.046564497,0.07315776
0.5885665,1259.7567,3.638019,0.17687324,0.14880858,0.040755197,0.04879332,0.06636157
0.4826984,1589.4072,1.6917583,0.15108348,0.087079674,0.09331057,0.03958437,0.14376101
0.46861658,2003.8887,1.4850507,0.24291581,0.22677508,0.094856046,0.05582003,0.11987452
0.63361967,1859.4458,2.2914915,0.65102696,0.054983165,0.0758939,0.1610823,0.09896198
0.67559314,1703.3916,1.8376573,0.70931363,0.033769526,0.09082297,0.21009561,0.10205366
0.62269455,1672.0403,2.154292,0.4622364,0.031551007,0.12451947,0.20202708,0.11284549
0.62269455,1672.0403,2.154292,0.4622364,0.031551007,0.12451947,0.20202708,0.11284549
0.6171658,2554.5117,0.8652893,1.3261955,0.05194652,0.15584555,0.3640249,0.062351864
0.62501353,1977.1434,0.589578,0.64671963,0.10944624,0.13262409,0.40200785,0.055897593
0.5364693,1760.4482,4.100899,0.26096478,0.15296648,0.3475842,0.29874924,0.13984764
0.60414904,3899.6584,0.54041725,3.374527,0.29761243,0.35892928,0.20489737,0.08486527
0.5120347,5417.0293,2.82377,2.1899033,0.33891043,0.3260749,0.13975386,0.055766184
0.5392647,4170.958,1.5114219,1.6836987,0.23091006,0.2621305,0.10947942,0.10482734
0.6637541,3266.901,0.91427726,4.636099,0.3131162,0.20907858,0.037046395,0.08559792
0.6506602,3572.5242,1.0761501,4.9743795,0.205209,0.24281839,0.048345417,0.050183512
0.6351554,4493.31,1.705704,7.1739173,0.11406426,0.15999398,0.06805737,0.069958776
0.6417031,4270.8364,3.4517052,7.6228194,0.12477139,0.08613196,0.047022507,0.099993415
0.6663424,3627.6902,2.7970757,7.351526,0.13189055,0.065080054,0.067515254,0.20443946
0.6576869,4002.9897,3.297328,9.085089,0.08024876,0.039420642,0.04124602,0.2768115
0.6550172,4119.5806,2.7306411,9.027491,0.070117526,0.046358105,0.049397454,0.13932797
0.6485997,4184.9614,2.470694,8.532198,0.06481718,0.04495521,0.060296,0.12041094
0.6573651,3913.7302,3.853186,7.9545875,0.089338794,0.0917026,0.06226419,0.030631537
0.68999135,3441.545,5.1516747,8.940854,0.12738888,0.09538129,0.042503837,0.11599832
0.6975597,3017.4104,3.4808557,7.8286443,0.14394945,0.07988645,0.03538524,0.09555986
0.6949145,3037.5427,2.6261604,7.2569046,0.13872369,0.0817858,0.048267722,0.08371047
0.6608452,3981.7456,0.6080349,8.545769,0.13436651,0.17339136,0.063872695,0.073609225
0.65257025,4377.1777,0.69743687,9.689971,0.13583066,0.23444976,0.04658395,0.049946643
0.6320701,5121.7964,0.9720188,10.419703,0.19662017,0.1746753,0.055898234,0.055683836
0.61402476,5963.5903,1.344378,11.005896,0.35963207,0.12818606,0.08359704,0.06836264
0.6769012,3609.6257,0.96598697,9.061771,0.13693227,0.081653275,0.05380335,0.06055604
0.61090976,5906.7236,1.4580841,10.107003,0.044454508,0.1582219,0.0670066,0.03976205
0.72553766,2301.5242,1.3597455,4.9967804,0.10452269,0.11701684,0.04268297,0.06871885
0.6782392,1830.9242,1.5762025,0.9368518,0.10266248,0.13770247,0.062498003,0.111819364
0.61483634,2099.9534,1.8914917,0.8160844,0.10080618,0.16065112,0.0485665,0.1799779
0.5894115,1448.3833,1.0892394,0.2832964,0.06854455,0.18690446,0.054225065,0.23416561
0.57675946,1413.7893,1.8928875,0.24719474,0.08152905,0.16872604,0.09807438,0.13981879
0.64471567,4202.816,1.939132,7.5124006,0.090259515,0.059364904,0.05617783,0.046887733
0.6786137,3184.2078,1.5815202,5.9108047,0.051656827,0.0897719,0.103012286,0.079187594
0.68570364,3192.9885,1.8809773,7.0135317,0.056814563,0.12131186,0.12579173,0.050206404
0.7202782,2928.7644,2.8325942,10.353603,0.04097204,0.058265585,0.05351643,0.08082929
0.70884585,3212.4426,1.0509454,11.413502,0.06942631,0.084369674,0.08794555,0.13749088
0.70810753,3248.9185,0.9820022,11.359005,0.06587935,0.07942534,0.099990174,0.11165246
0.64117825,4817.876,3.465322,10.330746,0.055428937,0.08754528,0.059381463,0.059878726
0.7158305,2494.4775,0.6677996,5.3482056,0.14882754,0.05523604,0.16594271,0.04418289
0.71766627,2474.4758,0.58320737,6.20344,0.10301204,0.046027556,0.13203232,0.05791828
0.6837986,2683.3384,0.55221933,4.31362,0.100869164,0.04734694,0.1711559,0.051119197
0.68363154,2691.009,0.6168263,3.762665,0.10435228,0.05316401,0.15780373,0.053993136
0.6210158,3541.6975,0.24624342,3.6381102,0.15298194,0.05841365,0.25305334,0.0830375
0.61955,3483.6384,0.34596503,2.955892,0.078180395,0.061028365,0.3687092,0.13324584
0.6222187,4466.7705,0.40477574,5.9977717,0.059684914,0.05090546,0.20804161,0.10060891
0.6131033,4574.412,0.88891137,6.5513744,0.05751116,0.0475633,0.21531892,0.16939498
0.65076196,3861.5208,1.1960866,5.8569417,0.058502167,0.09268871,0.1408304,0.07851382
0.6651005,3625.3757,0.98294085,6.8659678,0.06688017,0.10089957,0.23881546,0.10631357
0.65939444,4415.8037,0.8970671,11.045723,0.26737466,0.051353693,0.1209245,0.082830854
0.60820895,5872.4634,3.3333137,9.66094,0.49661487,0.055476453,0.1642094,0.060075603
0.73548865,2531.8171,1.7864106,8.480365,0.17897506,0.06173088,0.1462352,0.04561589
0.73187846,2556.3398,1.8925823,8.747044,0.18059808,0.06546846,0.12293349,0.04306571
0.7533861,2177.5986,2.4293113,8.396555,0.19747151,0.035661604,0.111842506,0.030164124
0.7304058,2192.2305,4.6963687,5.3421497,0.18303388,0.06035658,0.07848857,0.054431986
0.7270956,2219.5254,3.824907,4.699601,0.19155015,0.0627859,0.07650028,0.056012228
0.6830135,2078.3938,3.192181,1.8050475,0.081716105,0.0639113,0.094056815,0.046812803
0.6846173,2206.2686,3.2117884,2.0532463,0.071774475,0.069710225,0.085300416,0.048637845
0.68559223,2250.3535,3.5383334,2.2443008,0.07054526,0.07814719,0.10151366,0.050636277
0.6991672,2213.6387,3.50801,2.5017943,0.06653941,0.06650063,0.10779631,0.043932326
0.6353869,3933.45,0.64232576,5.2623453,0.049138203,0.12841089,0.19035271,0.06588014
0.6634614,3201.9531,3.5410976,4.754526,0.16005121,0.059103042,0.047099255,0.049763106
0.61237866,4651.03,1.9647007,5.723361,0.066192314,0.10288821,0.10555846,0.063873656
0.5997798,5337.828,1.5060627,6.30351,0.062418036,0.07744631,0.108434975,0.04472253
0.6662976,2511.43,1.5138642,2.287576,0.0716282,0.06819225,0.05472021,0.28617895
0.6085893,3283.0837,2.2363954,2.2852812,0.09262854,0.119235374,0.04941874,0.11709908
0.7153101,2633.639,1.1771623,5.735627,0.06660901,0.119994305,0.06519543,0.23202208
0.60098976,6295.872,0.4290739,9.93133,0.07427181,0.08529216,0.060906395,0.032405127
0.6056208,6247.1514,0.45225292,10.365205,0.08793892,0.08614837,0.05674,0.03386459
0.7090392,3088.6929,0.5068653,10.043889,0.13142332,0.15210453,0.044722456,0.03889535
0.63480854,5200.8247,1.0760963,10.516617,0.08148177,0.21105736,0.04669912,0.059105806
0.69072455,3566.969,0.6015902,11.024439,0.17463955,0.093480095,0.053654384,0.041118868
0.5687422,4208.293,0.542719,2.776858,0.10258067,0.058875177,0.073902145,0.07544621
0.57108206,4302.755,0.5766826,3.1017227,0.06554696,0.050564107,0.08447123,0.06807277
0.59467065,4130.7925,0.83141786,3.6680024,0.05383669,0.04867673,0.08540014,0.1293357
0.67074305,3899.852,2.5506492,9.254367,0.0645329,0.08694842,0.05692014,0.050245035
0.66096556,4263.6284,0.79587716,11.036452,0.06798853,0.12197382,0.27789393,0.06227786
0.6231817,5657.137,2.4077654,11.283177,0.037970044,0.14522761,0.29203603,0.040411368
0.69239736,3555.9348,2.8656282,11.614491,0.059425768,0.17013651,0.11864621,0.042453807
0.56350094,3401.0798,1.2614167,1.455627,0.0705205,0.12322133,0.060450617,0.22325164
0.5662494,3727.0715,1.1070868,1.891548,0.07772328,0.118755,0.059178494,0.23245065
0.5713657,2629.2488,1.9018992,0.78970516,0.22750457,0.112180896,0.115849346,0.19652884
0.5702297,2647.5312,1.8372815,0.7364042,0.23689173,0.104433194,0.11279349,0.20467106
0.6849575,2777.9553,0.98106414,4.8941026,0.04786718,0.07975547,0.080439925,0.07413819
0.6353314,4472.9834,1.6875383,6.0291615,0.16590485,0.18779908,0.06639909,0.12444198
0.61015517,4638.724,1.4185098,4.2562666,0.16683097,0.32020006,0.08383976,0.14751069
0.6890652,3159.1716,0.95569617,7.7146277,0.06065156,0.13604663,0.1049562,0.07563294
0.69464225,3336.3245,0.9188225,7.440232,0.060249925,0.1354834,0.10334766,0.074895106
0.71629024,2643.4688,0.87548596,7.376789,0.07989082,0.13099122,0.10819579,0.0926054
0.7514235,2141.7634,1.0000564,7.4119725,0.12193419,0.12890485,0.042559527,0.05090513
0.7200413,2239.416,1.9294107,4.337471,0.10724636,0.09733868,0.068867296,0.060873862
0.66555405,2200.419,2.4620073,1.7030754,0.11143259,0.08606443,0.03870777,0.08463028
0.6656004,1777.3417,2.661215,0.8542503,0.09302001,0.06811923,0.046650022,0.10786115
0.68483424,2066.9568,2.4716053,1.6333363,0.069549955,0.12228477,0.045661744,0.115822256
0.6870333,1946.0924,2.0461345,1.4130001,0.07631749,0.11207909,0.045587286,0.12763098
0.66432726,2372.0662,1.5915215,1.8349935,0.108809814,0.10559028,0.038167372,0.09114453
0.6297225,2205.764,1.2029394,1.0482134,0.09180509,0.06411351,0.03770246,0.13223489
0.6314853,2237.4702,1.2277163,1.1383706,0.09304481,0.06493379,0.038591146,0.1258416
0.6713921,2256.5056,1.2282853,1.7267249,0.0688027,0.05716104,0.048267096,0.089737974
0.69931877,1711.7861,0.58606344,1.0061432,0.052912556,0.09755154,0.06763216,0.042862106
0.64708716,3589.6636,3.3509748,5.4254684,0.16053295,0.11016819,0.07255619,0.08536637
0.721782,2438.33,2.1161594,4.371953,0.061985254,0.15482196,0.12625097,0.11656357
0.6748682,3410.5413,1.6609687,7.6576734,0.049677745,0.09418757,0.10158211,0.07767856
0.6370469,3862.9558,1.5376686,4.8165946,0.05094108,0.10119404,0.049097344,0.049610786
0.6574442,3949.7612,1.8098246,7.927784,0.061185185,0.10057753,0.04616306,0.07582734
0.67756623,3459.1506,2.4605017,7.911321,0.07926245,0.09786337,0.04746327,0.04572521
0.6869671,3359.4338,1.6984812,8.171392,0.07941258,0.12900686,0.03429141,0.040273365
0.6869671,3359.4338,1.6984812,8.171392,0.07941258,0.12900686,0.03429141,0.040273365
0.6869671,3359.4338,1.6984812,8.171392,0.07941258,0.12900686,0.03429141,0.040273365
0.6642221,3516.0505,1.0643648,6.0254555,0.033986382,0.18790716,0.06454195,0.07504802
0.6458515,3839.3342,4.0706763,5.743954,0.05827138,0.21726193,0.03374955,0.05189266
0.60025805,4289.4517,3.2548084,4.1826844,0.043590494,0.2155949,0.041965228,0.07738928
0.60025805,4289.4517,3.2548084,4.1826844,0.043590494,0.2155949,0.041965228,0.07738928
0.6083157,4384.569,2.0659533,4.6676292,0.051898688,0.20338267,0.103666596,0.04984377
0.68311095,2696.2896,0.4206533,4.37357,0.106149346,0.049614444,0.064987175,0.11498873
0.60390896,3993.0723,1.9427726,3.3766272,0.09620437,0.070742615,0.066907935,0.1950014
0.65861845,4090.376,0.9529255,9.277145,0.04178805,0.08560896,0.1743123,0.035174392
0.62340915,3773.1306,3.0369227,4.2507195,0.14495838,0.07305715,0.052417066,0.094689175
0.62817013,5327.1826,1.5755091,10.3521595,0.20167997,0.051471904,0.11509383,0.052112598
0.65020835,4452.6426,0.7462552,10.71286,0.1302816,0.08401476,0.13128099,0.0675221
0.6748527,3581.5452,1.2411922,8.294675,0.09695168,0.038644753,0.084502354,0.041255657
0.67062753,3731.7112,1.7094184,9.00906,0.082487315,0.03921143,0.095703915,0.038218338
0.6685699,4114.932,0.7103786,10.85313,0.14685656,0.101414554,0.040224645,0.09365709
0.6683477,4235.154,0.7188428,10.821259,0.14593378,0.10414501,0.037611343,0.09903846
0.6572951,4344.7505,3.7079992,10.707891,0.046334334,0.04305476,0.12083706,0.046820752
0.6519068,4379.982,4.087942,10.250415,0.043894038,0.046300918,0.10014547,0.04390444
0.6380333,3503.7458,0.8208418,3.6765504,0.14731306,0.1306831,0.039412346,0.05789111
0.68771946,2558.857,1.4073709,3.2256691,0.06390586,0.08577639,0.116501175,0.034476038
0.64602846,3351.0735,1.2349501,4.1328735,0.11173792,0.04303952,0.058689523,0.07377723
0.59733427,3630.4841,2.6302552,2.6271436,0.1918987,0.2014822,0.06397741,0.06396633
0.5563697,2920.3262,4.6255374,0.9825901,0.08825114,0.213215,0.045369767,0.24265498
0.68994576,3073.9263,0.23125082,6.3646364,0.17904283,0.066125736,0.14191303,0.046758145
0.5612627,3036.7607,2.9019492,1.1451073,0.11523823,0.13097395,0.07110724,0.0849693
0.58629465,2369.6147,3.581682,0.75808233,0.1602649,0.14854884,0.04707651,0.104252756
0.5590571,2552.3696,3.1537414,0.6817942,0.17092505,0.12134098,0.06410318,0.13263127
0.6747205,3486.7517,1.950039,8.508445,0.13059956,0.08603737,0.07422349,0.2046346
0.5470204,5157.5073,1.2319143,3.4608817,0.085145645,0.12338513,0.06558262,0.15303527
0.5525367,6024.885,1.4878407,4.408676,0.13232544,0.10931804,0.043385543,0.08801101
0.70927113,3129.0417,2.0908697,11.111485,0.045158483,0.05091443,0.09637472,0.05877822
0.60699373,6440.252,2.7973676,11.847973,0.09800484,0.16397464,0.0368062,0.07781634
0.61208713,6237.9526,2.6197164,11.75066,0.10623115,0.15770695,0.03702165,0.07062197
0.6665048,2451.7158,0.35956758,2.4608438,0.068358324,0.1868147,0.1785762,0.0681862
0.7587743,1608.8243,1.7527012,2.440557,0.065296814,0.08041748,0.14201249,0.119460024
0.576142,4138.863,2.0617857,2.8205118,0.15578082,0.116099834,0.05455194,0.0777204
0.6008392,5790.9414,1.0698825,9.283455,0.12572801,0.17477243,0.07429622,0.05676352
0.6368528,5266.3022,0.7691519,10.349356,0.20892456,0.14928025,0.08266993,0.07239946
0.6581304,3289.5298,4.1816835,5.6475763,0.08662303,0.05156672,0.11854521,0.16454248
0.62400365,4675.074,3.0791557,7.1645255,0.054075442,0.081072524,0.104384325,0.064897075
0.624314,4600.5386,2.866442,6.8776884,0.05852071,0.0874428,0.09200361,0.06487557
0.60420763,4563.5386,2.8762395,5.144179,0.048117902,0.10665308,0.07521067,0.14075226
0.58830094,4209.1133,2.7711692,3.6014247,0.039195895,0.0870408,0.07435874,0.17905705
0.5830803,4263.1675,2.727975,3.2434201,0.036715355,0.08505377,0.07203085,0.18596058
0.5960768,4452.234,3.1962864,4.195422,0.05038242,0.11501028,0.07357706,0.18342015
0.6848412,2092.2417,1.0276815,1.8688015,0.21803713,0.06854305,0.079164,0.047340028
0.6762223,2099.665,1.107317,1.471229,0.22302286,0.07834166,0.09333173,0.051400874
0.72162956,1883.2345,1.9521071,2.1052659,0.4235244,0.16760641,0.07140873,0.054864995
0.49982402,7544.456,1.3868166,4.1085005,0.077860005,0.1071218,0.04969172,0.07383028
0.7338946,2729.5593,1.0349839,11.5738125,0.1417135,0.06699651,0.07559634,0.04793121
0.69960093,3303.8572,0.7831584,11.596069,0.14140461,0.06342824,0.0835162,0.051861938
0.6101117,6302.806,3.5431144,11.809937,0.101094104,0.06858936,0.13377753,0.037991878
0.6803145,3916.3948,1.2855397,11.812772,0.1867603,0.10822311,0.1173474,0.07821509
0.6764568,3931.6907,1.323716,11.863575,0.12839143,0.10014253,0.1419211,0.13960482
0.62199354,5750.938,1.0482931,11.979838,0.086890325,0.06675328,0.092490196,0.119728535
0.6188269,2036.3636,0.2773749,0.65387714,0.056677442,0.05645478,0.13875422,0.25530344
0.7317122,2088.443,1.0845191,3.9881225,0.10817064,0.07065156,0.033234566,0.28368133
0.6394192,3262.62,1.3050767,2.9357867,0.10833071,0.11380725,0.03864077,0.19628389
0.6495175,4483.6284,2.0335376,9.076382,0.056709804,0.14844191,0.25781795,0.038925223
0.6422829,3913.3645,2.595087,6.42979,0.07530783,0.070357256,0.19683424,0.10880715
0.6351409,4189.7095,2.4847946,7.0409064,0.072277024,0.06351951,0.21998554,0.10760234
0.66626734,3115.215,3.0739403,5.0772157,0.17849207,0.061829686,0.24735948,0.05365744
0.68654835,2912.6426,3.1598175,5.046706,0.2106421,0.053349417,0.27807486,0.043564074
0.5896045,4900.9004,0.8798349,4.652076,0.039903793,0.26878047,0.05985609,0.22717038
0.6627786,4420.6704,0.7614048,10.779929,0.112665564,0.34254926,0.12717882,0.10325702
0.670337,4150.715,0.7095432,11.359305,0.15061016,0.31483907,0.10451791,0.104395896
0.6550735,4616.13,0.6096692,11.563194,0.17878753,0.28036055,0.10148997,0.07397557
0.6627473,4139.4463,1.1884952,9.828325,0.37950772,0.088982925,0.04168308,0.053129785
0.66809714,3971.146,1.1787914,10.027717,0.3583058,0.07537537,0.03748004,0.05521737
0.63293296,4744.4907,2.407662,8.689982,0.24235813,0.04997191,0.041256018,0.065651715
0.6319739,4743.362,2.757305,8.181144,0.19973743,0.054317877,0.04083071,0.06437867
0.5899761,6479.1846,2.5558631,9.495007,0.18639609,0.044560455,0.0784359,0.057753418
0.676234,2344.136,0.67763704,2.5105138,0.087095186,0.18062684,0.05804848,0.16097775
0.6082615,1988.6611,3.9151688,0.626616,0.055080377,0.22921148,0.0896801,0.07311843
0.6420553,2748.6204,3.4340053,2.3829017,0.08912271,0.057029016,0.15055752,0.12907995
0.64223593,2758.4248,2.7373662,2.2562459,0.09729606,0.06319917,0.14699408,0.12138112
0.668411,3558.0642,1.9335419,6.96254,0.11990931,0.04088557,0.12011443,0.12400574
0.767,2044.8547,1.1004239,7.9297366,0.08376435,0.11574529,0.042990454,0.16026334
0.7467381,2475.0474,0.763445,9.745658,0.095999055,0.08285873,0.048043594,0.049580894
0.7329899,2555.9805,1.1738317,10.319875,0.087983295,0.086458415,0.057293076,0.056433357
0.68643034,3599.0774,1.4211785,10.417591,0.054309603,0.046240136,0.060054597,0.04392884
0.69253194,3460.3672,1.391084,10.532327,0.053095695,0.046921,0.063689746,0.04884197
0.6141386,5031.366,2.0517037,7.6451187,0.08304423,0.16098502,0.06850893,0.07932427
0.61318934,5499.2236,1.6464815,7.597907,0.08381963,0.22394705,0.06286965,0.07280226
0.73345596,2409.7231,2.7996998,7.7467446,0.11265484,0.10714653,0.15016404,0.055663146
0.6733504,3093.7014,1.5782958,5.5011454,0.12476122,0.06166095,0.23319922,0.042275734
0.6727241,2747.3894,1.3295925,3.2224293,0.113845795,0.07153007,0.2577781,0.043368995
0.67881435,3410.503,1.3401247,6.520459,0.124468565,0.06534192,0.1588276,0.08516948
0.6908371,3107.094,1.7388479,6.649312,0.115209326,0.09877165,0.1520847,0.0690848
0.58554024,5387.443,2.3949225,6.018208,0.15207717,0.07560739,0.44597936,0.11143806
0.61937267,5116.7505,1.8380775,9.564926,0.2114228,0.11039175,0.29606426,0.10372509
0.60825235,4463.0107,2.5317435,5.331989,0.26256582,0.1385215,0.10776837,0.14281288
0.62578845,4292.789,1.2263635,5.9729986,0.06536234,0.11326795,0.081279054,0.07305713
0.67893815,3052.0012,2.0374348,5.28389,0.092797615,0.23029822,0.052559465,0.034345493
0.67455477,2849.7595,2.3133428,4.135386,0.08244345,0.11293587,0.047380645,0.039536603
0.6719095,2870.5637,2.48014,4.0451026,0.081297934,0.115555204,0.045572203,0.03784498
0.6748456,2825.2488,2.5575683,4.0033016,0.078423984,0.11710115,0.045520015,0.03875828
0.637971,4114.9805,3.8021414,6.707987,0.045040894,0.069292895,0.0530007,0.13640222
0.6392723,3927.1047,3.8036034,5.957177,0.038297933,0.08582145,0.06333855,0.13290587
0.62155885,4527.863,3.5889587,6.6512675,0.029428199,0.089963935,0.055495597,0.16969335
0.59927076,4770.791,3.7832475,5.2161655,0.03651069,0.08618414,0.058373515,0.13276057
0.6804635,2956.3564,0.48197985,4.7795815,0.14915092,0.059866093,0.0912877,0.32730496
0.69942456,2953.4133,1.2216314,6.7931986,0.13140847,0.0566548,0.070108,0.27069947
0.7032969,2872.9124,1.8094492,6.433584,0.11640736,0.07904009,0.062133987,0.059977956
0.69612557,2481.3633,2.178127,3.8144083,0.05503972,0.076838054,0.11354923,0.032135222
0.7204541,2482.0554,2.0897956,5.810773,0.14454901,0.07224779,0.075825244,0.05434377
0.7203348,2443.2742,2.5378172,6.093229,0.13933206,0.06344601,0.07014235,0.037247084
0.7288351,2119.833,2.458385,4.1584697,0.11550953,0.08116441,0.09748344,0.030243201
0.72027105,2239.8533,2.8946528,4.1802793,0.11289974,0.08557059,0.08114642,0.03265917
0.7371141,2049.7168,2.0049872,4.4520993,0.09327145,0.09586558,0.05617804,0.040373366
0.6094444,1881.6654,1.7846179,0.51967096,0.054816984,0.17922369,0.15757637,0.067575164
0.5702845,2029.446,0.7314275,0.4665873,0.19719516,0.11296835,0.056311253,0.32709074
0.62040555,2231.7375,1.5579972,0.8793571,0.2641009,0.15168136,0.04947783,0.0784267
0.6177458,2255.4766,1.5763063,0.8694366,0.24232206,0.13840288,0.056834765,0.080227345
0.5836245,3613.815,0.9277033,1.9713762,0.2164174,0.06585216,0.046564594,0.110665396
0.65440154,3552.16,0.55485743,5.6992292,0.10605982,0.14040594,0.07721951,0.067724295
0.64269876,2936.794,0.54216105,2.7042868,0.124962874,0.08816445,0.19429958,0.04625728
0.7313858,2690.7998,4.265033,9.177614,0.24376494,0.24145073,0.0457362,0.17999808
0.7088762,2974.55,1.5307462,8.181742,0.24057701,0.19355801,0.035009664,0.16478097
0.73293996,2590.365,1.3766253,8.549621,0.4473643,0.17142852,0.039370224,0.1564082
0.65618,2903.325,0.97056013,3.2068129,0.225463,0.20297298,0.099995755,0.11883986
0.62346756,2786.004,0.79171383,1.7418499,0.21668632,0.27717522,0.14189345,0.086322784
0.5263174,1792.2306,0.9570559,0.27138048,0.11838611,0.32157502,0.14067842,0.050449893
0.6944941,2818.4202,3.354292,5.7242627,0.07796942,0.2430175,0.08515214,0.33230096
0.6520695,1932.8577,2.0180273,0.7992977,0.065074064,0.105683796,0.05140682,0.12004378
0.69174576,1967.9615,0.5062307,1.7128961,0.03755472,0.0622743,0.057388596,0.13340713
0.69369495,1968.8429,0.917937,1.6467384,0.04303118,0.062368516,0.05249578,0.19442959
0.68973714,2073.7664,1.0527831,1.8327739,0.044688337,0.06682362,0.052388318,0.18279344
0.67799896,2146.5742,1.4707998,1.6483454,0.039062742,0.06341274,0.048486035,0.1584238
0.6742502,2207.572,1.2211903,1.73944,0.037803505,0.0696128,0.04805629,0.1475843
0.54844546,5199.076,3.3021672,3.6839423,0.119065695,0.06938561,0.2316392,0.08050833
0.6225859,2197.979,0.76264584,0.86536926,0.22488244,0.19437052,0.039721034,0.24399886
0.6458856,1650.5806,2.0136154,0.537749,0.23128644,0.14910312,0.04169078,0.2297527
0.64730555,1804.9944,1.6011587,0.62077314,0.19254932,0.15461323,0.03751149,0.23704392
0.67012227,2773.0881,1.0038874,3.5974166,0.19987296,0.13894479,0.092984974,0.03258527
0.6713021,2822.9863,1.0161288,3.3771796,0.19216399,0.13538834,0.10314883,0.032659657
0.65817946,3096.7915,1.1691246,4.02239,0.18374681,0.118136354,0.089674644,0.04366879
0.67614174,3080.666,1.195428,5.13347,0.17293786,0.12535919,0.066285364,0.03792914
0.6466137,3304.317,1.1047853,3.8726833,0.13255863,0.13984632,0.03963863,0.036589302
0.6479783,3219.0093,1.140806,3.559163,0.13230723,0.14806166,0.03982988,0.03867444
0.63470477,3045.8416,2.796891,2.6929772,0.08771309,0.077578746,0.09482279,0.09875713
0.6358043,4193.4463,1.1954882,6.237493,0.07791534,0.0957586,0.044746444,0.039407205
0.6505697,4141.714,1.6251951,7.47023,0.07840127,0.10441417,0.053234354,0.048080195
0.6613179,4182.388,1.653682,9.45897,0.050071478,0.10631801,0.06503116,0.06435317
0.6906118,3619.5203,1.6748352,11.326159,0.06473207,0.048547816,0.057798572,0.06851393
0.6873155,3556.8557,2.5661585,11.024394,0.061834212,0.03715719,0.042322136,0.07372277
0.71229804,3041.7695,3.1284993,10.31555,0.06960296,0.047115978,0.06581262,0.06273726
0.6222123,5595.2856,1.7112156,11.710805,0.07845099,0.048948824,0.07248716,0.07020901
0.66129476,4165.797,0.19756308,9.555394,0.09569855,0.08968604,0.13547614,0.094331875
0.62409085,4631.2437,0.22295573,6.7507915,0.07443421,0.08699113,0.12772925,0.12565899
0.63236016,4281.94,0.29338148,6.054925,0.060366467,0.13856463,0.14373273,0.14474672
0.6100551,3963.4194,0.62041974,3.5726519,0.055696823,0.10402034,0.1765897,0.14147209
0.704468,3122.2236,1.6837198,10.156809,0.11296848,0.051902957,0.033072494,0.16145653
0.6596715,3864.0642,1.6082087,9.215156,0.08724977,0.059713464,0.11282259,0.06059294
0.69455755,3402.5044,1.0592314,10.367098,0.08848043,0.0536424,0.114082396,0.042089395
0.66464657,3972.3904,0.35638505,9.507294,0.09055216,0.054730404,0.11368479,0.041891392
0.65057504,3164.9514,0.4114556,3.5070326,0.04428158,0.07929753,0.14790604,0.0723891
0.6474959,3850.155,0.66898555,6.2311254,0.059215724,0.07496435,0.16058691,0.056948945
0.66345954,3822.5051,0.2758924,7.9629426,0.060695697,0.06314484,0.17683949,0.044046413
0.6660974,3916.0776,0.43625244,9.224637,0.073756434,0.07851496,0.10984244,0.039975345
0.6904532,3266.763,0.31773627,8.370897,0.08245873,0.08434807,0.122302234,0.05639899
0.7086655,2775.6138,0.3233115,7.0053973,0.06731945,0.06492569,0.24763806,0.03904185
0.6499823,2922.166,0.55083895,2.8131077,0.17539187,0.0668793,0.13726449,0.041253228
0.6144125,2934.5444,0.34425208,1.8129523,0.29826283,0.08835337,0.14596923,0.03489118
0.6144125,2934.5444,0.34425208,1.8129523,0.29826283,0.08835337,0.14596923,0.03489118
0.6144125,2934.5444,0.34425208,1.8129523,0.29826283,0.08835337,0.14596923,0.03489118
0.6219079,4974.9697,4.263282,8.299693,0.12177615,0.17284438,0.05201316,0.12596641
0.6700562,3510.0032,1.9256294,7.06296,0.17794637,0.11315704,0.056370545,0.049592648
0.6346812,2775.9277,3.0068476,2.1138778,0.03843362,0.07321078,0.13464862,0.14877108
0.6850788,2035.1251,1.0479478,1.7933543,0.05988488,0.1483945,0.040214326,0.32709497
0.60509384,2784.458,1.753354,1.4966547,0.04195471,0.10487901,0.06725808,0.12641087
0.622764,1946.0154,1.4083035,0.7208923,0.11130418,0.06279188,0.0836724,0.084594116
0.5945746,2167.3303,1.4199517,0.72311115,0.117071584,0.0596379,0.08255617,0.059034586
0.5662094,2162.8494,1.4386446,0.5124662,0.10083225,0.059503075,0.093504876,0.08211002
0.571937,1759.9481,1.2201332,0.3648761,0.115911484,0.047113057,0.0885815,0.09073201
0.57059646,1717.3088,3.4300358,0.3121229,0.23947103,0.049746487,0.052448444,0.1527133
0.60466313,1675.1614,4.0116515,0.40864515,0.20209631,0.063580155,0.061430193,0.12385322
0.6029974,2199.5837,0.7981336,0.72546,0.23451519,0.0717168,0.119671084,0.042003885
0.6029974,2199.5837,0.7981336,0.72546,0.23451519,0.0717168,0.119671084,0.042003885
0.6029974,2199.5837,0.7981336,0.72546,0.23451519,0.0717168,0.119671084,0.042003885
0.61012167,2409.8918,0.80138516,0.95112604,0.23209158,0.07864842,0.1502899,0.04726065
0.5814824,3593.0127,1.4202173,1.989362,0.10801274,0.076539434,0.15458868,0.07469595
0.6562489,3917.63,0.18675178,8.180028,0.06231489,0.08030223,0.13646968,0.06216261
0.6416206,4479.0166,0.3183846,8.450963,0.060047165,0.066955104,0.16466098,0.09115751
0.6734224,2883.375,3.7408078,3.6532428,0.08534346,0.18425468,0.044912525,0.06005348
0.6372698,3299.912,1.0146656,3.339956,0.24823298,0.08029624,0.1060314,0.038869746
0.6317898,3786.9846,1.1869351,4.464196,0.26150697,0.08010079,0.12880155,0.032466862
0.6317898,3786.9846,1.1869351,4.464196,0.26150697,0.08010079,0.12880155,0.032466862
0.64376605,3587.4788,1.1989794,4.4149923,0.2842673,0.08119823,0.11895415,0.03955448
0.62437505,3575.6028,2.0117197,3.7021337,0.2748726,0.06745339,0.10300963,0.052082464
0.6102808,4165.1104,2.0846632,4.025668,0.05478201,0.118888006,0.041193314,0.15731746
0.60506856,4111.6265,2.274739,3.7531128,0.05767141,0.1135183,0.044689566,0.105375506
0.6201617,3697.87,2.790482,3.4202924,0.07426296,0.10580741,0.04246651,0.09504671
0.63932776,3169.544,2.8109243,2.841602,0.08936762,0.11053378,0.035643067,0.092105165
0.6461651,3210.708,2.9262562,3.6022954,0.08984855,0.120385826,0.04446672,0.20852771
0.6669337,2944.1992,3.1786716,4.235016,0.10098616,0.09776419,0.060955714,0.2441876
0.6428031,3667.3118,2.812342,4.897618,0.16049732,0.076365486,0.05233092,0.10230692
0.5868946,3906.5017,1.2931684,2.5178034,0.10050682,0.07377253,0.0704973,0.06986606
0.6635424,3818.6082,4.2330484,8.146919,0.09613243,0.052925933,0.039247565,0.06299685
0.6598656,3806.499,4.249695,8.23877,0.09248304,0.053852182,0.041347876,0.063143566
0.66236347,4430.421,0.33877307,11.588471,0.06272501,0.16717412,0.15401685,0.073976345
0.63045925,5273.225,0.4988272,11.459515,0.07561651,0.61259884,0.33266538,0.06112102
0.6683306,4275.034,0.5747843,11.097702,0.065090545,0.3164292,0.21440552,0.027479649
0.6683306,4275.034,0.5747843,11.097702,0.065090545,0.3164292,0.21440552,0.027479649
0.6418233,4984.3574,0.2789657,11.015527,0.053220622,0.28473833,0.12721866,0.046899695
0.6756345,3951.2117,0.3760348,10.92836,0.062548846,0.34782657,0.13855027,0.046343386
0.6668491,3802.6726,0.44494307,7.9000816,0.0486537,0.26855174,0.14511757,0.03918606
0.62056947,2350.4963,1.6812136,1.0884962,0.07310737,0.09203518,0.041828837,0.14364196
0.65606314,2153.6428,1.8279666,1.193294,0.06416919,0.12763771,0.037873503,0.24215356
0.63274354,2346.3137,1.2431723,1.0941334,0.06661102,0.20682755,0.0530667,0.09848748
0.61430705,2334.0503,0.8095509,1.0039932,0.067550264,0.17050958,0.050865326,0.08602738
0.7218294,1690.9684,1.5423964,1.40714,0.07814277,0.2465522,0.036049582,0.0910091
0.69556314,1440.4565,2.36321,0.6862357,0.099020585,0.33691838,0.06123448,0.09439907
0.7359568,1526.9851,1.6036884,1.2456629,0.040812235,0.4049182,0.05811176,0.11181499
0.6913167,1510.7214,2.2341325,0.538746,0.10901734,0.25594634,0.06031962,0.14175382
0.7333889,1591.9589,1.6601723,1.705977,0.13421367,0.21610183,0.072001606,0.10033052
0.7385002,2103.6836,2.2734919,4.9815006,0.1392847,0.25290763,0.07384362,0.051067196
0.66829705,2184.6882,1.4901209,1.6201563,0.24286199,0.112634994,0.042217948,0.056089364
0.61179984,2653.1523,2.3325062,1.4662175,0.3414751,0.10951748,0.036775246,0.07896994
0.6116716,2703.8774,2.1251028,1.3725648,0.3293664,0.11180809,0.033029437,0.068439975
0.6116716,2703.8774,2.1251028,1.3725648,0.3293664,0.11180809,0.033029437,0.068439975
0.60904217,2708.4463,2.1466436,1.3090084,0.34911314,0.10588102,0.03166509,0.06700833
0.60904217,2708.4463,2.1466436,1.3090084,0.34911314,0.10588102,0.03166509,0.06700833
0.60904217,2708.4463,2.1466436,1.3090084,0.34911314,0.10588102,0.03166509,0.06700833
0.60904217,2708.4463,2.1466436,1.3090084,0.34911314,0.10588102,0.03166509,0.06700833
0.60904217,2708.4463,2.1466436,1.3090084,0.34911314,0.10588102,0.03166509,0.06700833
0.60904217,2708.4463,2.1466436,1.3090084,0.34911314,0.10588102,0.03166509,0.06700833
0.60904217,2708.4463,2.1466436,1.3090084,0.34911314,0.10588102,0.03166509,0.06700833
0.60790837,2668.8992,2.1008341,1.3365475,0.35788405,0.10267134,0.031691663,0.07193589
0.60790837,2668.8992,2.1008341,1.3365475,0.35788405,0.10267134,0.031691663,0.07193589
0.6119268,2664.7876,2.0220146,1.328934,0.36993062,0.109141424,0.031350557,0.0722011
0.6094043,2657.2969,1.9014192,1.2689874,0.38163608,0.11156558,0.03149729,0.07219549
0.6094043,2657.2969,1.9014192,1.2689874,0.38163608,0.11156558,0.03149729,0.07219549
0.6094043,2657.2969,1.9014192,1.2689874,0.38163608,0.11156558,0.03149729,0.07219549
0.6094043,2657.2969,1.9014192,1.2689874,0.38163608,0.11156558,0.03149729,0.07219549
0.6094043,2657.2969,1.9014192,1.2689874,0.38163608,0.11156558,0.03149729,0.07219549
0.61291975,2635.2202,1.8718654,1.3876337,0.37882668,0.10724705,0.031090638,0.072575964
0.6114612,2682.8936,1.9633381,1.3877181,0.3763835,0.10739886,0.031960327,0.07134389
0.6114612,2682.8936,1.9633381,1.3877181,0.3763835,0.10739886,0.031960327,0.07134389
0.6012914,3630.2827,1.5233738,2.2921987,0.32461423,0.122332685,0.04159682,0.08606562
0.5949373,3607.4102,1.6718127,2.2529075,0.33386594,0.11293447,0.039435267,0.0798876
0.60424036,5495.7666,2.1467516,7.6753283,0.111483105,0.17155077,0.069461316,0.035132345
0.6279151,4717.3765,2.461554,8.113083,0.1440053,0.09157881,0.13173318,0.05679602
0.6920342,3144.3098,2.1221862,7.465218,0.05452622,0.2958063,0.120689504,0.037071418
0.59970605,6117.133,1.6112471,9.310783,0.09024073,0.13602819,0.12403981,0.06213892
0.70131105,2827.515,0.62782377,5.772147,0.038870044,0.07106903,0.10102461,0.039180994
0.6625674,3664.6807,2.165986,7.4558797,0.06437079,0.06445742,0.11240056,0.041107476
0.68083465,3694.688,2.8375788,9.9069,0.05593899,0.055592015,0.076677814,0.056959767
0.67109245,3817.178,1.9788297,9.428268,0.057355385,0.06253607,0.06759777,0.047570363
0.63275546,4417.3867,2.4159021,7.2597694,0.04221025,0.068052754,0.0752357,0.056220945
0.6310738,5135.484,2.850927,9.438976,0.075854175,0.10638693,0.073663875,0.11468621
0.5365977,4151.6665,4.5120783,1.9535679,0.04943894,0.13208254,0.18347669,0.074936725
0.64153236,3842.1055,2.6806583,5.7089443,0.08381863,0.08571563,0.2042796,0.08557006
0.64072484,3999.0427,2.6415958,6.504504,0.08620009,0.0859018,0.24776681,0.14291866
0.64914966,3967.5613,2.7573726,6.983931,0.0833288,0.082175955,0.21859032,0.15920958
0.6420816,4091.054,1.6502484,6.4429493,0.108021654,0.053026624,0.124042,0.12835461
0.66806024,3528.3162,0.18184829,6.490759,0.054561708,0.11272373,0.045523487,0.048878957
0.65489453,3785.7593,0.1851441,6.319482,0.051176794,0.10869387,0.052491,0.05088637
0.6449329,3949.9048,0.17147927,6.6171837,0.05146626,0.08561085,0.073164105,0.07925208
0.7016849,2841.8667,0.035422944,6.2226777,0.06913689,0.10341033,0.069287546,0.047981635
0.6805999,2874.3594,0.08823249,4.539923,0.069672905,0.15307447,0.052354142,0.033642933
0.6741425,3315.6912,0.0919423,5.957917,0.07400713,0.1792121,0.049799286,0.041837882
0.62418294,4464.4194,0.15445787,4.96389,0.09567202,0.11919993,0.05229778,0.10254475
0.6697733,3323.9011,0.5461543,4.831468,0.12255329,0.19279027,0.12564473,0.067227624
0.59918225,1825.0201,0.12927164,0.4608664,0.13891785,0.16826347,0.06279536,0.05288824
0.6767571,2036.5502,0.086769804,1.2993627,0.19788292,0.11055255,0.051219773,0.065035984
0.53927225,3340.3396,0.13633136,1.3244627,0.12308019,0.14681882,0.121605605,0.3342251
0.59625334,2867.3218,0.046490934,1.2600194,0.13044816,0.064441234,0.06863462,0.3222488
0.6138899,2295.1301,0.06385302,1.1191049,0.11644055,0.058547977,0.08513012,0.29460204
0.61965185,2205.303,0.064966254,0.8697189,0.07716803,0.060906902,0.06359306,0.2532671
0.6033722,2122.2092,0.04894478,0.7124015,0.06341227,0.07282053,0.09553264,0.16411369
0.62872475,1965.2632,0.056640334,0.7376226,0.061354958,0.07640603,0.09344314,0.107658975
0.6334417,1927.9918,0.051570445,0.71421623,0.055370398,0.071123905,0.09636805,0.10084632
0.7159509,2380.8103,2.0740514,4.1901574,0.1633933,0.2245765,0.05242355,0.10022816
0.6630721,3022.9565,1.7502042,3.6908364,0.15441379,0.36303347,0.19482999,0.041523345
0.6644204,3710.3997,4.483987,7.203872,0.22053024,0.37718365,0.18485764,0.05486463
0.6692172,3594.612,4.461502,7.4091296,0.20551915,0.35344854,0.17219256,0.048801392
0.6220664,4927.765,0.2652098,9.006612,0.04325429,0.036144156,0.052606516,0.20681354
0.62864065,4863.5264,0.25473836,9.222987,0.044055466,0.03784209,0.05009442,0.19073589
0.61437565,5372.5923,0.20598225,9.646734,0.043657724,0.031561878,0.055537395,0.22421908
0.6118757,5388.2227,0.21023956,9.693657,0.042579766,0.03213419,0.05530595,0.22817287
0.6152377,5356.5234,0.18739311,9.628871,0.049265265,0.041628227,0.048626553,0.17266975
0.7247227,2354.806,0.50712544,5.5567093,0.13196287,0.10383349,0.085719675,0.040799323
0.7185772,2395.8992,0.70231366,5.090198,0.102138825,0.077618726,0.08474893,0.03224595
0.71439993,2432.3743,0.66085815,5.427578,0.10293282,0.07031144,0.09069373,0.042614143
0.72120637,2392.812,0.5877298,5.5771914,0.08765733,0.06491285,0.11518629,0.041702714
0.7046119,2364.785,0.5892488,3.273162,0.06287279,0.076919615,0.07612419,0.0613134
0.70994437,2166.9634,0.7235776,2.643859,0.069603324,0.0866348,0.10641196,0.045846075
0.68544084,2747.7937,0.6732264,4.21447,0.046734907,0.09300174,0.06684417,0.07330258
0.62107795,3624.4487,2.4394076,3.4461484,0.06284,0.04825199,0.09586073,0.053980663
0.61520535,3913.4692,2.3694263,3.9755561,0.059588525,0.059047565,0.11045206,0.039536275
0.7037709,2166.522,1.3799096,2.3935888,0.07697871,0.16059226,0.047203656,0.08007088
0.5928082,2238.457,2.990129,0.72218394,0.07985743,0.12077116,0.13635632,0.042141348
0.60124487,1845.983,4.126073,0.4972264,0.095153295,0.10913143,0.14610022,0.049359392
0.6565461,1814.5184,2.8775864,0.71305275,0.05799786,0.09066999,0.063628,0.05224282
0.6420498,4077.6611,0.5298923,6.518971,0.071332715,0.071376726,0.06878357,0.062456593
0.6437164,3840.7642,0.5649545,5.734907,0.07471072,0.06805462,0.09930247,0.08310821
0.67966247,3319.081,0.23099901,6.698083,0.10213317,0.18807752,0.15165946,0.039780714
0.6208057,4156.4883,3.708034,4.5492725,0.092341885,0.42165887,0.032449745,0.06648032
0.60710514,4672.5874,3.0926402,5.016383,0.16174564,0.29337743,0.04635618,0.10744906
0.59122896,5009.797,1.6737423,5.4615874,0.07119878,0.16058406,0.09292184,0.16956973
0.540418,5040.914,1.3914144,3.0209599,0.10412927,0.2844969,0.17197368,0.32420704
0.4905946,2339.7766,3.3023643,0.38174036,0.11296253,0.14081077,0.1302266,0.07426721
0.6237037,2976.662,1.8772293,1.9901887,0.0876173,0.15326184,0.038533576,0.090730794
0.61908686,2424.585,3.8573525,1.1215706,0.080841124,0.10063904,0.06888239,0.1677514
0.6089024,2661.9607,4.401434,1.3544173,0.0688651,0.061087526,0.057875242,0.124807715
0.62831855,2443.435,5.0412908,1.4398618,0.07132481,0.04174279,0.06626993,0.21360824
0.6291394,4257.111,1.7002329,6.0033073,0.09172064,0.05901826,0.061060995,0.06721514
0.6451439,4004.5073,1.7969961,6.4063206,0.08777014,0.048368786,0.039780628,0.06715043
0.6756643,2893.266,2.2007806,4.1639686,0.04899269,0.13115129,0.10368526,0.046451546
0.59100395,5221.5415,1.7563769,5.544388,0.10858591,0.16281256,0.04877114,0.08579586
0.60196567,4389.4517,0.9227373,4.1892776,0.058187403,0.15914963,0.04418542,0.04861787
0.62208796,4051.544,1.5666051,4.6172895,0.058388393,0.17876403,0.06639775,0.048987817
0.6449981,3276.5713,1.5850685,3.2933197,0.05352562,0.14948462,0.06679362,0.050811
0.6402775,3257.179,1.6081499,3.4650044,0.05584607,0.16257235,0.071207896,0.05429804
0.67153245,2752.1787,1.1254402,3.2446072,0.067473255,0.13066919,0.07353793,0.041277498
0.6413204,3472.033,0.5921888,4.157665,0.04211182,0.21562076,0.06679523,0.04402003
0.6357716,3337.1663,0.5238794,3.4484982,0.049590364,0.2152487,0.06026728,0.037592165
0.62216717,3885.9395,0.30946788,3.9879827,0.082521915,0.14164162,0.038383573,0.08574656
0.5856732,3044.0544,0.12280761,1.3386226,0.067450546,0.14884299,0.03837898,0.06615895
0.5853214,3048.2563,0.121210165,1.301401,0.065085515,0.15196684,0.03987544,0.06659691
0.5798717,2951.2617,0.114254184,1.178391,0.06571419,0.15365061,0.03980931,0.064829834
0.5798717,2951.2617,0.114254184,1.178391,0.06571419,0.15365061,0.03980931,0.064829834
0.5798717,2951.2617,0.114254184,1.178391,0.06571419,0.15365061,0.03980931,0.064829834
0.5803647,2939.287,0.11288181,1.2902625,0.062119853,0.15409881,0.040130213,0.065770425
0.579797,2900.7869,0.117388435,1.2023373,0.06278827,0.15236299,0.04001464,0.0664927
0.57659715,2931.8445,0.12156458,1.1829684,0.061340902,0.15398097,0.03890239,0.06547379
0.57659715,2931.8445,0.12156458,1.1829684,0.061340902,0.15398097,0.03890239,0.06547379
0.5728672,3347.9812,0.105052695,1.51643,0.06349234,0.14551313,0.03870964,0.05967571
0.5728672,3347.9812,0.105052695,1.51643,0.06349234,0.14551313,0.03870964,0.05967571
0.5745311,3460.0276,0.11775911,1.6396463,0.05981228,0.14486906,0.040187575,0.05459786
0.5745311,3460.0276,0.11775911,1.6396463,0.05981228,0.14486906,0.040187575,0.05459786
0.56886345,3293.492,0.1043655,1.3834962,0.05714412,0.14929995,0.04004108,0.05713811
0.5727787,3307.3218,0.10767718,1.3981284,0.055682495,0.14517045,0.03875915,0.056816444
0.5727787,3307.3218,0.10767718,1.3981284,0.055682495,0.14517045,0.03875915,0.056816444
0.5747393,3197.2695,0.10617131,1.4933877,0.056733835,0.14654143,0.03740929,0.054970752
0.5704409,3324.524,0.105376765,1.4495075,0.057624336,0.15045173,0.03696985,0.054351844
0.5704409,3324.524,0.105376765,1.4495075,0.057624336,0.15045173,0.03696985,0.054351844
0.5762861,3242.4001,0.106731616,1.4852442,0.05985068,0.14885895,0.037954967,0.05480636
0.5707317,3277.8582,0.11401747,1.4221177,0.060368363,0.16107622,0.03782121,0.055645443
0.57126975,3333.4026,0.10828667,1.5048578,0.060082767,0.1663821,0.037804615,0.054468997
0.5762909,3308.8389,0.11585436,1.4803114,0.058795866,0.16391197,0.03705576,0.05469551
0.5762909,3308.8389,0.11585436,1.4803114,0.058795866,0.16391197,0.03705576,0.05469551
0.5800562,3310.9866,0.10694249,1.5829312,0.06053915,0.15850616,0.03674351,0.054562725
0.57867473,3275.7053,0.11513102,1.5434834,0.060519174,0.16125149,0.038089383,0.05534664
0.5794459,3134.8633,0.08866323,1.4052746,0.06651354,0.17001185,0.045915812,0.047210377
0.5794459,3134.8633,0.08866323,1.4052746,0.06651354,0.17001185,0.045915812,0.047210377
0.5794459,3134.8633,0.08866323,1.4052746,0.06651354,0.17001185,0.045915812,0.047210377
0.5794459,3134.8633,0.08866323,1.4052746,0.06651354,0.17001185,0.045915812,0.047210377
0.5766502,3180.9263,0.09211877,1.4338527,0.06678098,0.17026958,0.044405792,0.04707468
0.5766502,3180.9263,0.09211877,1.4338527,0.06678098,0.17026958,0.044405792,0.04707468
0.57395184,3114.103,0.092976876,1.3734636,0.06970901,0.17324442,0.04404346,0.04674076
0.57395184,3114.103,0.092976876,1.3734636,0.06970901,0.17324442,0.04404346,0.04674076
0.57407784,3132.9988,0.087222196,1.245773,0.07167022,0.17171806,0.041716862,0.045732684
0.57834303,3135.3708,0.084052086,1.3069152,0.07237493,0.17173406,0.042130377,0.045462035
0.57834303,3135.3708,0.084052086,1.3069152,0.07237493,0.17173406,0.042130377,0.045462035
0.57834303,3135.3708,0.084052086,1.3069152,0.07237493,0.17173406,0.042130377,0.045462035
0.57416373,3132.849,0.077801704,1.3512546,0.07089731,0.16618465,0.04286877,0.046149835
0.57416373,3132.849,0.077801704,1.3512546,0.07089731,0.16618465,0.04286877,0.046149835
0.57970935,3121.118,0.07961818,1.3565212,0.0703454,0.16591306,0.042314507,0.04683922
0.57962245,3143.7236,0.080824025,1.3256856,0.07070784,0.16526513,0.040968902,0.04780045
0.57962245,3143.7236,0.080824025,1.3256856,0.07070784,0.16526513,0.040968902,0.04780045
0.57613575,2990.5444,0.082760826,1.3060853,0.07015968,0.16182849,0.043424316,0.04623123
0.57892215,2995.1252,0.08282136,1.2298625,0.06831647,0.16365391,0.04331841,0.04530987
0.5830153,2999.9343,0.08412446,1.3438644,0.070171975,0.16884121,0.04415586,0.045914292
0.5830153,2999.9343,0.08412446,1.3438644,0.070171975,0.16884121,0.04415586,0.045914292
0.57896876,3034.573,0.08365317,1.2581619,0.07175011,0.16482739,0.044939302,0.04529533
0.57896876,3034.573,0.08365317,1.2581619,0.07175011,0.16482739,0.044939302,0.04529533
0.5745219,3117.8813,0.08347738,1.291324,0.07247453,0.15970793,0.044157647,0.047591247
0.5765452,3144.3975,0.08359217,1.2993194,0.070855774,0.15144381,0.043341912,0.047746826
0.56976604,3157.324,0.08163896,1.3544819,0.07003524,0.15260445,0.043549106,0.048404615
0.5704323,3194.6992,0.08111791,1.2331866,0.0715613,0.15315175,0.04290741,0.048868924
0.5704323,3194.6992,0.08111791,1.2331866,0.0715613,0.15315175,0.04290741,0.048868924
0.57078576,2942.9028,0.09647363,1.1366122,0.07285048,0.15324017,0.04469405,0.047330335
0.57078576,2942.9028,0.09647363,1.1366122,0.07285048,0.15324017,0.04469405,0.047330335
0.5688378,2923.031,0.09188933,1.0089252,0.071806364,0.15536387,0.043420445,0.047373608
0.5688378,2923.031,0.09188933,1.0089252,0.071806364,0.15536387,0.043420445,0.047373608
0.5688378,2923.031,0.09188933,1.0089252,0.071806364,0.15536387,0.043420445,0.047373608
0.56676096,2731.3987,0.0884959,0.8692746,0.069893435,0.16156763,0.040613644,0.044481277
0.5685994,2651.7212,0.09204806,0.82623225,0.06895765,0.17359433,0.040230438,0.044147614
0.56711,2555.9893,0.088730715,0.73057425,0.06844686,0.17512383,0.041339368,0.04467615
0.56840336,2575.3992,0.08525117,0.7427319,0.065838516,0.18161316,0.041676603,0.04588315
0.56840336,2575.3992,0.08525117,0.7427319,0.065838516,0.18161316,0.041676603,0.04588315
0.57024854,2556.4258,0.08874108,0.77568394,0.064733446,0.1859469,0.041584812,0.045357782
0.5693646,2528.0618,0.089683056,0.73980135,0.06394844,0.19572356,0.040516466,0.04396568
0.5693646,2528.0618,0.089683056,0.73980135,0.06394844,0.19572356,0.040516466,0.04396568
0.5693646,2528.0618,0.089683056,0.73980135,0.06394844,0.19572356,0.040516466,0.04396568
0.5693646,2528.0618,0.089683056,0.73980135,0.06394844,0.19572356,0.040516466,0.04396568
0.5693646,2528.0618,0.089683056,0.73980135,0.06394844,0.19572356,0.040516466,0.04396568
0.5693646,2528.0618,0.089683056,0.73980135,0.06394844,0.19572356,0.040516466,0.04396568
0.5693646,2528.0618,0.089683056,0.73980135,0.06394844,0.19572356,0.040516466,0.04396568
0.5693646,2528.0618,0.089683056,0.73980135,0.06394844,0.19572356,0.040516466,0.04396568
0.5693646,2528.0618,0.089683056,0.73980135,0.06394844,0.19572356,0.040516466,0.04396568
0.5693646,2528.0618,0.089683056,0.73980135,0.06394844,0.19572356,0.040516466,0.04396568
0.5693646,2528.0618,0.089683056,0.73980135,0.06394844,0.19572356,0.040516466,0.04396568
0.5691814,2568.9119,0.09077413,0.7550941,0.063782305,0.19756274,0.040851604,0.04456021
0.5691814,2568.9119,0.09077413,0.7550941,0.063782305,0.19756274,0.040851604,0.04456021
0.5691814,2568.9119,0.09077413,0.7550941,0.063782305,0.19756274,0.040851604,0.04456021
0.5705618,2567.3672,0.08814858,0.76984847,0.062858604,0.18779083,0.04082409,0.045385778
0.5723673,2541.1714,0.08589466,0.764229,0.06304714,0.1876173,0.0436436,0.047453165
0.5723673,2541.1714,0.08589466,0.764229,0.06304714,0.1876173,0.0436436,0.047453165
0.5758763,2457.6729,0.08266491,0.71340686,0.06328299,0.18802403,0.04383179,0.048538662
0.5799027,2412.0623,0.08407381,0.7407499,0.061878394,0.19002442,0.043676455,0.049419507
0.5799027,2412.0623,0.08407381,0.7407499,0.061878394,0.19002442,0.043676455,0.049419507
0.5799027,2412.0623,0.08407381,0.7407499,0.061878394,0.19002442,0.043676455,0.049419507
0.57468045,2400.5234,0.08605833,0.6922511,0.061385892,0.19227947,0.04228992,0.05193863
0.57468045,2400.5234,0.08605833,0.6922511,0.061385892,0.19227947,0.04228992,0.05193863
0.57468045,2400.5234,0.08605833,0.6922511,0.061385892,0.19227947,0.04228992,0.05193863
0.57366943,2411.635,0.08488539,0.7228548,0.062305693,0.19467168,0.043463945,0.05532841
0.57366943,2411.635,0.08488539,0.7228548,0.062305693,0.19467168,0.043463945,0.05532841
0.5750492,2428.4744,0.088173956,0.68109936,0.06398704,0.196659,0.04425732,0.05464857
0.5724447,2410.355,0.081298694,0.7240113,0.064658634,0.20396677,0.04406727,0.053424373
0.5724447,2410.355,0.081298694,0.7240113,0.064658634,0.20396677,0.04406727,0.053424373
0.57176584,2397.354,0.08263116,0.7222178,0.067770325,0.20177811,0.0441449,0.054890614
0.57176584,2397.354,0.08263116,0.7222178,0.067770325,0.20177811,0.0441449,0.054890614
0.5734421,2460.9934,0.08372801,0.74389666,0.07753392,0.20904824,0.043068137,0.055358745
0.5755711,2451.1772,0.08056899,0.7468125,0.07709541,0.19860648,0.044798493,0.0537955
0.5777081,2509.9949,0.081827566,0.7566123,0.077899404,0.1980479,0.044927895,0.05562223
0.5777081,2509.9949,0.081827566,0.7566123,0.077899404,0.1980479,0.044927895,0.05562223
0.57971305,2456.8257,0.09015171,0.7383137,0.0760809,0.19944836,0.04587698,0.054996222
0.5843193,2402.857,0.08893309,0.76836604,0.07725321,0.19532996,0.044041373,0.055013284
0.585429,2344.809,0.08126061,0.7783098,0.082250305,0.19922616,0.042847343,0.056840822
0.585429,2344.809,0.08126061,0.7783098,0.082250305,0.19922616,0.042847343,0.056840822
0.585429,2344.809,0.08126061,0.7783098,0.082250305,0.19922616,0.042847343,0.056840822
0.585429,2344.809,0.08126061,0.7783098,0.082250305,0.19922616,0.042847343,0.056840822
0.59510595,2286.4744,0.0725773,0.68399763,0.08632803,0.1962839,0.041909516,0.06307745
0.58949715,2366.5298,0.07525064,0.7046814,0.08269402,0.17531767,0.03965111,0.06291389
0.58949715,2366.5298,0.07525064,0.7046814,0.08269402,0.17531767,0.03965111,0.06291389
0.5863506,2385.9324,0.0729267,0.6940614,0.084347546,0.17375758,0.04016242,0.06095105
0.5863506,2385.9324,0.0729267,0.6940614,0.084347546,0.17375758,0.04016242,0.06095105
0.5863506,2385.9324,0.0729267,0.6940614,0.084347546,0.17375758,0.04016242,0.06095105
0.5858845,2307.2542,0.070448205,0.7233278,0.084059685,0.1731045,0.040545795,0.059406444
0.5927057,2365.3462,0.072833665,0.7764925,0.08365092,0.16912283,0.04189305,0.061090644
0.5927057,2365.3462,0.072833665,0.7764925,0.08365092,0.16912283,0.04189305,0.061090644
0.5927057,2365.3462,0.072833665,0.7764925,0.08365092,0.16912283,0.04189305,0.061090644
0.5920823,2331.7195,0.06770614,0.7668171,0.08290528,0.17652991,0.041756637,0.061897695
0.59684145,2328.0125,0.06324695,0.7903693,0.08338099,0.176045,0.041670937,0.059979472
0.59414905,2324.426,0.05747283,0.7871642,0.08229477,0.17185394,0.04217112,0.061879326
0.5991824,2295.0178,0.056378715,0.7905573,0.08224276,0.16716921,0.041802347,0.06024671
0.5991824,2295.0178,0.056378715,0.7905573,0.08224276,0.16716921,0.041802347,0.06024671
0.6015967,2301.539,0.055628255,0.7842794,0.082664266,0.16555153,0.039882295,0.06008976
0.6015967,2301.539,0.055628255,0.7842794,0.082664266,0.16555153,0.039882295,0.06008976
0.6015967,2301.539,0.055628255,0.7842794,0.082664266,0.16555153,0.039882295,0.06008976
0.6015967,2301.539,0.055628255,0.7842794,0.082664266,0.16555153,0.039882295,0.06008976
0.59823066,2424.0115,0.057493366,0.8360967,0.08198367,0.16253066,0.0391829,0.057661194
0.59377366,2502.369,0.060447734,0.94929093,0.076469466,0.16039059,0.042954892,0.059789665
0.5882099,2568.4304,0.06071792,0.9534469,0.07920864,0.1613764,0.04435181,0.060121212
0.5882099,2568.4304,0.06071792,0.9534469,0.07920864,0.1613764,0.04435181,0.060121212
0.58743083,2603.3477,0.06038794,0.9848437,0.079404764,0.15707642,0.044379216,0.05867816
0.5878729,2694.0032,0.057714783,0.9908828,0.07048284,0.16621381,0.044653777,0.060448542
0.5877962,2706.2075,0.061815444,0.9789886,0.070191056,0.16505352,0.044647627,0.060535945
0.5876842,2767.5686,0.056200147,1.1422243,0.069909155,0.1705716,0.044647507,0.060271893
0.5876842,2767.5686,0.056200147,1.1422243,0.069909155,0.1705716,0.044647507,0.060271893
0.5890094,2743.7563,0.058767013,1.1736809,0.069445714,0.16465281,0.045267586,0.060954407
0.5828705,2750.4802,0.063482456,1.0655497,0.06699846,0.1598201,0.045962997,0.059837483
0.58375704,2760.9187,0.06504782,1.079174,0.06512814,0.16565701,0.046111263,0.06049011
0.5831748,2856.093,0.0649261,1.2405384,0.06617324,0.1629835,0.045987144,0.05837463
0.5590532,2769.917,0.093303144,0.85390455,0.10399304,0.2041747,0.08768804,0.046031848
0.5638085,2624.9243,0.07588943,0.78650117,0.1075029,0.19729751,0.09991358,0.048374124
0.634014,2430.6436,0.13845496,1.3565309,0.12952168,0.20098183,0.06276158,0.048855957
0.6756765,2884.8264,0.5763339,4.366349,0.13329849,0.306961,0.09781033,0.106913015
0.696532,2917.3591,0.3407924,6.2528133,0.09591518,0.24893351,0.10201451,0.10810763
0.6232815,4955.935,0.7376565,8.24782,0.10574121,0.07882909,0.071524784,0.08894303
0.6334965,4734.3716,0.71377563,8.251452,0.08143893,0.07662277,0.057434395,0.09562226
0.6296132,5036.0728,0.9035207,9.262697,0.10218249,0.06995767,0.05707793,0.10557004
0.66672075,3324.4968,2.386425,6.983114,0.4456294,0.058524992,0.3403185,0.15370221
0.650986,3218.1147,2.2159986,4.7407002,0.38852337,0.05270921,0.3906602,0.24035662
0.5823644,3775.2612,1.7964325,2.7206626,0.70358706,0.080750026,0.3248745,0.20033264
0.62062716,2957.0232,4.184763,2.0855377,0.72460353,0.11805172,0.19678442,0.112168245
0.64587224,3506.9844,2.4486473,4.5715165,0.24206378,0.06889305,0.16059887,0.04116761
0.68381315,3844.7754,1.1589421,11.361141,0.09789233,0.07712858,0.03276879,0.08744344
0.6767006,3882.7883,1.1228456,11.537632,0.0648051,0.07950543,0.073722824,0.11678848
0.62601465,5111.383,3.5171018,10.20451,0.042152897,0.05760126,0.11328821,0.11134118
0.66372216,3958.6448,4.378911,9.573491,0.04797581,0.073275514,0.11868401,0.10483134
0.7116458,3128.4026,2.1282582,10.387502,0.04876986,0.09166746,0.08838114,0.0519408
0.6826538,3766.1282,2.4163918,11.426971,0.042203296,0.12548327,0.07149527,0.06521192
0.66113865,4383.6006,2.3029869,10.716912,0.053663068,0.10667124,0.038922597,0.05868303
0.66136837,4140.898,4.472833,9.791586,0.05147744,0.14677548,0.05537798,0.033262137
0.6287463,5128.1475,2.5677257,9.863885,0.06748359,0.08311788,0.031452835,0.08308674
0.5956562,4751.695,1.7246119,4.991742,0.059875358,0.059752703,0.13602223,0.15889198
0.75407475,2011.5508,2.1508694,6.811669,0.1277442,0.08255942,0.047620703,0.03737969
0.75300294,2181.1245,1.5559179,8.322626,0.1737499,0.08666785,0.04723268,0.036648393
0.74477494,2343.9077,0.68467903,8.773031,0.109020755,0.16249749,0.03913341,0.06653158
0.5778151,6266.4854,0.5773018,7.5531635,0.06579836,0.049087957,0.08613081,0.050087035
0.6667772,4087.1438,1.0130863,9.732019,0.072542556,0.088669136,0.063325234,0.099925086
0.61162025,5534.696,1.6697886,8.553888,0.07214067,0.16964081,0.047098782,0.14150687
0.63735396,4497.9844,3.3551066,7.5306025,0.047444355,0.31594625,0.038246423,0.2636452
0.6423053,4692.3506,0.8888824,9.042206,0.10992591,0.0841805,0.12774773,0.06058401
0.54517204,4466.501,1.0124646,2.4616342,0.23888145,0.04962889,0.20618042,0.44442314
0.46630928,5090.9536,1.1253812,1.456694,0.17431882,0.045376386,0.2710609,0.08417526
0.4863138,3968.6638,1.2665561,1.2015042,0.22840324,0.103578895,0.23037776,0.39240354
0.43797815,3745.1753,2.17513,0.80660164,0.13422816,0.083429925,0.2805577,0.353669
0.4249258,2479.4045,1.5924298,0.3611994,0.16341588,0.046917666,0.14334199,0.293121
0.42450225,2522.3777,1.5994734,0.35530204,0.16027129,0.046118356,0.13764933,0.28376737
0.4337466,2736.1414,1.996017,0.41414973,0.18809392,0.046953935,0.15220009,0.29931772
0.4319312,2770.902,2.0026248,0.41432148,0.1879004,0.04780732,0.15210202,0.3106455
0.4366664,2761.1746,2.066728,0.44939455,0.18304682,0.052282657,0.1516403,0.3109155
0.4366664,2761.1746,2.066728,0.44939455,0.18304682,0.052282657,0.1516403,0.3109155
0.43542615,2858.401,1.8618466,0.42165673,0.18547735,0.05426847,0.14659499,0.32380736
0.46303633,2019.041,2.972732,0.2978306,0.04140529,0.09402816,0.41296393,0.30058566
0.4648086,2014.2151,3.0133274,0.29005077,0.043180525,0.089596964,0.4068163,0.3057849
0.47535205,1614.344,2.9391646,0.16672216,0.04084498,0.08156547,0.28981453,0.25810778
0.49482322,1387.7479,1.1111063,0.11767492,0.33800107,0.13456316,0.08234066,0.025058862
0.4868276,1528.2891,1.4515333,0.13829075,0.3420933,0.14997154,0.10192065,0.05152888
0.5977474,2276.3564,3.4995573,0.73766255,0.074926026,0.15242016,0.04833186,0.10222177
0.58628404,2277.944,3.2865868,0.67683005,0.074743144,0.1567603,0.046340358,0.113401756
0.5846802,2059.5842,2.588014,0.6091718,0.06790515,0.17718574,0.06310361,0.16915143
0.59898734,2443.5542,1.7273275,0.979431,0.073659115,0.19404247,0.054738417,0.14812498
0.69176924,2186.0776,2.2620645,2.1418908,0.043193333,0.1431348,0.044322487,0.07465212
0.6917786,2245.585,2.4464417,2.4740114,0.04669851,0.1336733,0.044318344,0.07526256
0.609599,4915.3857,1.6426972,6.9602537,0.052201036,0.10975425,0.07966666,0.2302761
0.6612184,2871.2195,3.1119916,3.1738462,0.06799819,0.09783229,0.04929933,0.058820404
0.6591913,2653.6274,2.679482,2.444584,0.0759641,0.10207784,0.040294945,0.06278556
0.7214857,1408.1614,0.2049521,0.89927125,0.53638583,0.054419618,0.116945155,0.06376111
0.65727377,2374.995,2.7153368,1.6486464,0.030723637,0.10185073,0.118955344,0.17424452
0.60676897,1962.8804,1.1019319,0.5296772,0.14947326,0.098485865,0.053444732,0.1497097
0.6154373,2719.1565,1.2938391,1.5236225,0.117578104,0.100202575,0.050203424,0.067797445
0.5985508,2350.285,0.9242262,0.8613969,0.1893203,0.14548802,0.0550032,0.08004323
0.5982757,2331.1526,0.91230905,0.76058567,0.21404672,0.14960769,0.055473715,0.07129132
0.6217475,1858.3068,1.6448158,0.55291235,0.18770014,0.12947081,0.056298703,0.10176287
0.51941985,1694.7498,1.7778589,0.24383606,0.10992824,0.16323756,0.07435028,0.12866056
0.5555611,2033.0035,1.8134558,0.4996213,0.14326766,0.1956154,0.08097023,0.15195727
0.56762826,2164.188,1.5326278,0.5570625,0.12023884,0.15839194,0.08006569,0.1444616
0.6396429,3463.023,1.1722274,3.8855245,0.06324119,0.15171479,0.43890202,0.032313302
0.6694375,2744.1418,0.9791523,3.3159294,0.075948186,0.37189394,0.32268706,0.07095643
0.5693666,3566.1843,1.4287506,1.9188855,0.059632014,0.05159296,0.06620431,0.25867182
0.60784584,3634.5535,1.1899266,2.9203022,0.057725694,0.048186794,0.06248269,0.24067287
0.60784584,3634.5535,1.1899266,2.9203022,0.057725694,0.048186794,0.06248269,0.24067287
0.5981039,5857.891,1.4068254,9.181723,0.06403087,0.057518207,0.11454791,0.10645985
0.6015213,6257.3804,0.8270841,10.928581,0.037842948,0.089160606,0.11690075,0.08526477
0.7146093,2485.6848,1.6665734,5.2884445,0.08254844,0.2244108,0.046695035,0.042688265
0.6998231,2616.3198,1.3586444,4.6077538,0.09771229,0.22351597,0.050071646,0.049447674
0.6979498,2424.167,1.5795062,3.6067328,0.09031785,0.1847101,0.047262847,0.040987357
0.7012898,2362.755,0.93253326,3.2321424,0.0890495,0.12796304,0.036512643,0.09068188
0.57913995,2817.3408,0.5523871,1.1588243,0.05719983,0.2456483,0.11247522,0.17344354
0.5977711,5623.2593,0.8975002,7.0501637,0.071803264,0.13805212,0.055680532,0.051428027
0.5769396,4696.9824,1.3147162,3.6347353,0.1107872,0.091926806,0.04214631,0.06887339
0.59225124,4418.9307,1.5084163,3.8427515,0.076795,0.124035135,0.048433546,0.051654626
0.5943825,4310.843,1.4314971,3.5082989,0.07239975,0.11776234,0.048193965,0.04582597
0.6671141,3625.9126,1.8094633,6.9595428,0.059909828,0.36622176,0.06488923,0.1259181
0.6102033,3859.716,3.640705,3.7946713,0.06903996,0.090009436,0.09761901,0.15174925
0.6152007,4610.709,0.6648822,5.81303,0.13518292,0.068517506,0.34734195,0.05721377
0.6906949,3522.9211,0.36935204,10.544683,0.0504127,0.21516627,0.14808482,0.064774066
0.68989986,3591.151,0.5127107,10.821922,0.044863008,0.23465687,0.10269142,0.05358687
0.71314424,3237.945,0.7750386,10.953365,0.05777034,0.19802105,0.12311567,0.090503365
0.7056644,3238.9216,0.4649908,9.709642,0.0552731,0.19458216,0.09014395,0.17164738
0.69256264,3319.3657,0.72034764,9.959826,0.10430703,0.100232534,0.064283736,0.4516979
0.7078069,3252.144,0.5231815,10.312476,0.07235016,0.09207357,0.07649297,0.5101676
0.66576636,4280.3105,0.8464684,9.548391,0.09499542,0.12896986,0.070092835,0.3450008
0.6398443,4638.438,3.1332455,9.175617,0.062069193,0.072779424,0.07726633,0.048203755
0.6163526,5526.8555,2.8420396,9.686594,0.09800251,0.19698885,0.04503105,0.06310627
0.5942559,6296.3706,2.4261856,9.357913,0.1252365,0.18640934,0.033991665,0.157859
0.6774266,3744.5054,0.34145057,10.007537,0.11668088,0.14756867,0.10285868,0.05019445
0.66625726,3769.7278,0.475122,9.169791,0.08117227,0.13417722,0.07748083,0.04566108
0.5728607,4296.9175,1.8439294,3.537133,0.13289653,0.049249344,0.18406971,0.1355565
0.56727546,3557.5376,1.7026722,1.8092333,0.12680565,0.04270052,0.11336089,0.13389657
0.65650666,2218.9404,0.32877707,1.3988494,0.06330873,0.08840302,0.046701025,0.23034602
0.65134203,2119.9958,0.36917096,1.1646072,0.058911797,0.0893047,0.044837184,0.20402825
0.6486235,3317.4915,0.016290363,4.2383533,0.07973142,0.12990455,0.09269424,0.08207469
0.64281654,4951.6235,0.8485402,10.76063,0.058652285,0.048322633,0.0599776,0.14095066
0.59217024,1742.1587,3.4245183,0.41931129,0.111735284,0.10385476,0.07617485,0.053116348
0.6019913,1715.2875,3.1272388,0.4399458,0.10262453,0.111316815,0.101203665,0.073757775
0.62502277,5273.872,0.89775497,9.807874,0.16047731,0.042079635,0.048079737,0.15683222
0.63377887,4825.671,0.5158114,10.101238,0.11702317,0.042137943,0.038776852,0.11190652
0.56734157,5552.616,0.9762843,4.500781,0.16596518,0.14693458,0.21996656,0.05010636
0.59722745,5221.0107,1.3199733,6.0080814,0.082886346,0.07609814,0.20508142,0.03620494
0.62719625,4336.592,0.82634306,6.311451,0.07323318,0.057342462,0.18086402,0.048732746
0.666285,3126.9329,0.65030724,4.6087914,0.06647737,0.15046939,0.06299882,0.048787456
0.5964274,4012.8752,0.63760185,3.5626497,0.054443263,0.032197848,0.114014395,0.18431723
0.55193394,4822.9263,1.1691703,3.1493769,0.050802596,0.094673604,0.11624375,0.12569138
0.5569788,4911.3247,1.0990518,3.8949919,0.057645,0.10457683,0.12834674,0.12990554
0.6475163,3605.7349,1.2303199,5.4453793,0.095452994,0.099171154,0.14257416,0.11511776
0.6709717,3674.0713,0.9181153,7.672902,0.08456927,0.097993955,0.056669973,0.047379583
0.660127,3871.439,0.72913474,7.7199636,0.05843935,0.097329795,0.03556225,0.06312353
0.64154637,2390.0396,0.7376426,1.4130132,0.058837738,0.18369126,0.069718435,0.08865723
0.62854266,5370.982,0.2551366,10.69237,0.07283798,0.044813663,0.06377145,0.058828495
0.70131826,3386.1223,0.4783361,11.667176,0.07171799,0.11811546,0.06405121,0.12960266
0.63427454,5321.269,0.09344331,11.794884,0.056272037,0.1021775,0.043283135,0.12463055
0.6873111,3739.4333,0.17670137,11.279019,0.05998874,0.054659583,0.12374015,0.035789218
0.6433907,4832.58,0.29073274,11.060853,0.05264398,0.055806257,0.12980536,0.051186115
0.63980865,2832.6074,0.073679045,2.524981,0.08625168,0.09986559,0.07492958,0.08131466
0.63835096,2535.2708,0.034532707,1.5308634,0.072784714,0.11025253,0.07363074,0.096681744
0.6535723,2147.6584,0.13080129,1.4446921,0.056525372,0.10126451,0.17402807,0.08098106
0.67176396,2388.8516,3.1644242,2.2692518,0.22707142,0.075951874,0.0714995,0.10122702
0.63825125,2690.293,2.680483,1.8440632,0.23344368,0.087351486,0.070478894,0.09248007
0.6615677,3205.5298,0.7888037,4.3572154,0.17995238,0.06897758,0.047082067,0.07601278
0.66104674,3156.7551,0.88287663,4.4440746,0.17002656,0.066238634,0.04715792,0.0627832
0.7588984,1520.0358,0.5194165,1.8383901,0.07791683,0.12633103,0.079610035,0.03781207
0.7695654,1690.7648,1.5101528,3.5840085,0.06097054,0.065859884,0.03550805,0.08719772
0.7765846,1656.3458,0.83060044,3.4377584,0.059947178,0.07391126,0.054272287,0.10276676
0.68680114,1656.3475,2.5261037,0.7360281,0.106820375,0.18794638,0.101918414,0.11509945
0.6481979,2663.9917,0.019371036,2.3690143,0.0459216,0.08167226,0.049013883,0.15126872
0.6491296,2645.4888,0.019047873,2.3418865,0.046209805,0.08296126,0.047848877,0.15458816
0.6250539,5073.656,0.0036723125,9.580731,0.05411643,0.073385574,0.072368465,0.42395425
0.62361366,5117.606,0.0035096083,9.541787,0.060782205,0.08926926,0.07621527,0.46065956
0.57670194,4020.017,0.019980343,2.6593971,0.045867234,0.088205665,0.09686497,0.097852215
0.596282,3913.007,0.01953001,3.0420058,0.043546397,0.09089038,0.12332205,0.07445304
0.65827465,3469.6958,0.03659373,5.0854273,0.05212752,0.059375305,0.083187886,0.08403648
0.6291667,4407.4634,0.08816786,6.913239,0.04396382,0.048112452,0.16675527,0.05762236
0.7158345,1931.8064,0.21207087,2.1813743,0.15835515,0.06899277,0.08113377,0.05012039
0.6863886,1897.9592,0.1318849,1.261987,0.15880139,0.08398124,0.067517094,0.047017653
0.6896215,1767.3083,0.09021772,1.2081999,0.062558144,0.04500427,0.060175076,0.07545458
0.6644572,2082.696,0.079306476,1.2998987,0.06929326,0.05219861,0.06718089,0.11365679
0.6088398,2039.4745,0.08247372,0.66584486,0.056205157,0.09715806,0.09906016,0.17313692
0.66388613,3013.6406,0.5823957,3.519885,0.07872404,0.10173977,0.05729937,0.06164988
0.64373267,3244.5078,1.5495743,3.5679822,0.19273609,0.086975865,0.08370198,0.03628598
0.6763847,2919.4202,1.4361862,4.602503,0.201781,0.136168,0.06820695,0.047971476
0.6134709,5228.0103,4.0991135,8.234993,0.16647509,0.2104536,0.07283819,0.060040265
0.6225855,5049.458,3.825127,8.316155,0.15773156,0.20241717,0.07506089,0.06150536
0.6310996,4817.484,1.9275758,8.521078,0.12658122,0.28800315,0.07469052,0.05967528
0.6633039,3369.1042,1.8943298,5.622605,0.045419022,0.057428617,0.04376757,0.09598242
0.62437636,5275.1045,1.899273,9.969242,0.108906105,0.10985247,0.12907472,0.13261455
0.6294472,4976.045,1.6268977,9.649409,0.11772464,0.0926951,0.3258528,0.17388058
0.63665706,4704.074,1.5027951,10.15386,0.111974716,0.09179899,0.37847856,0.18233597
0.6218432,5083.3726,1.529353,9.099457,0.07257124,0.04701055,0.22920334,0.071076035
0.6429399,4734.1206,0.7444645,9.449366,0.033195067,0.12767395,0.13360353,0.039209187
0.6500133,4397.084,0.73021245,9.193012,0.03959421,0.11595972,0.14440638,0.041030485
0.6579737,3927.394,4.005683,7.3609605,0.08577297,0.06808448,0.049996983,0.08759748
0.66603714,4151.9956,1.5069402,10.126867,0.12033658,0.06097849,0.056659393,0.058951292
0.70047855,2940.4346,1.4399192,7.5149894,0.072614476,0.043453358,0.044500362,0.06898006
0.6894794,3297.4724,2.114566,7.532159,0.08908807,0.06223366,0.052423976,0.07565878
0.5986997,4824.4873,0.88904005,5.7000313,0.083543025,0.05978921,0.09263848,0.070778415
0.6339051,4000.8857,0.22839458,5.1718097,0.113733746,0.06341496,0.08131468,0.045771852
0.6861559,3085.2002,0.92172503,5.9558353,0.093120776,0.08752802,0.03429638,0.043760456
0.6861559,3085.2002,0.92172503,5.9558353,0.093120776,0.08752802,0.03429638,0.043760456
0.68350095,3077.4238,0.9604229,5.80354,0.09362784,0.08853677,0.033189528,0.04372041
0.6864311,3210.571,1.7469767,7.6058073,0.1134486,0.093265176,0.03353295,0.05819793
0.67829573,2653.926,1.0323836,3.337965,0.08000919,0.17346543,0.038219403,0.077129245
0.6652957,3172.646,1.488096,4.3808656,0.091458626,0.10278604,0.047972836,0.065041415
0.6222178,4261.193,1.9602567,5.200584,0.047843765,0.23677728,0.27745602,0.040050775
0.61652684,5303.985,2.0589259,9.225848,0.061441634,0.25863123,0.054685716,0.079701744
0.68624103,3189.3481,1.1290336,7.0833874,0.065736294,0.09387264,0.060165707,0.040624432
0.59971356,4637.1235,1.6962942,4.5402684,0.08472563,0.108785614,0.054729216,0.07331085
0.687485,3178.312,2.630834,7.1517386,0.06454292,0.096787125,0.055915147,0.04618957
0.6435741,3581.2222,2.3215094,4.4170732,0.13422528,0.10692472,0.089536846,0.0497031
0.69515455,2888.5872,1.8585259,6.106306,0.0608625,0.15142962,0.1372155,0.031979192
0.7067233,2942.3613,1.9626135,7.524075,0.057081483,0.18768229,0.07658191,0.041749608
0.6125708,4179.5815,1.4341344,4.467537,0.122399054,0.09194085,0.03939707,0.07708312
0.592673,4036.631,1.3987453,3.3859138,0.1301868,0.09074345,0.043864116,0.07556531
0.6182825,4336.8013,2.5307107,5.139233,0.124128945,0.07710466,0.037469577,0.054907303
0.6257029,4168.7134,2.9219317,5.561448,0.14394529,0.08341459,0.03664796,0.05171969
0.626105,4087.9724,3.23274,4.8471212,0.15248115,0.085334264,0.036551382,0.05468706
0.6264412,4350.464,2.0482771,5.6515875,0.11944792,0.07758616,0.05100825,0.05817754
0.58110595,5395.2905,0.7837076,5.4917564,0.09832403,0.08423504,0.070833854,0.13776104
0.6193913,4617.9717,1.3094314,6.2785487,0.0951107,0.08168539,0.06962462,0.14036238
0.6466574,3955.2495,1.5722495,7.152881,0.089768365,0.06568583,0.217584,0.23606671
0.64190465,3305.388,0.6925895,3.8815277,0.06461738,0.07017142,0.122369,0.3346721
0.6517137,2644.6128,1.1198983,2.3619347,0.06341212,0.06778781,0.1248164,0.2984447
0.5804514,3133.304,0.5415015,1.7067075,0.033868607,0.057376817,0.13734987,0.19672485
0.58408016,3141.609,0.5196114,1.743907,0.034794204,0.060008723,0.14089832,0.20355451
0.59450865,2913.6067,0.9415344,1.6947298,0.101281025,0.03988249,0.15107569,0.15032583
0.69160515,3215.092,0.6350031,7.7077427,0.06216933,0.09087658,0.42149413,0.15850794
0.62073386,4800.866,0.5289584,7.660173,0.058215264,0.045490634,0.17738712,0.059638
0.60229945,4913.121,0.9691442,6.1103997,0.033733346,0.06507819,0.08258892,0.12926437
0.6426448,3939.194,1.891332,5.907309,0.05814649,0.09681438,0.07945665,0.1460076
0.6300827,3481.8997,1.8522148,3.5181525,0.05153485,0.22664054,0.08937405,0.08872141
0.66263396,3060.4485,2.7344494,3.6957107,0.14114603,0.18397224,0.2381799,0.10016486
0.6324899,3651.373,1.3229852,3.9753106,0.13338998,0.079029255,0.034082115,0.04319659
0.6290434,3715.2295,1.2991868,3.883699,0.13535927,0.08010606,0.033788484,0.04341696
0.63709295,3531.2112,1.489025,3.492702,0.15737742,0.08360757,0.041041493,0.038505573
0.61515987,3603.0369,2.0991018,3.0589268,0.046601713,0.11814492,0.116879985,0.08427116
0.6582517,3274.5125,2.3960185,4.3843827,0.07846382,0.073022336,0.080687195,0.09691875
0.6347213,4356.3296,2.9147923,8.1207485,0.13050514,0.09014994,0.10571101,0.099050954
0.6407518,4150.0073,2.6764138,6.5235434,0.17531145,0.1093248,0.08964707,0.07742039
0.64921796,3746.287,2.8488832,5.733908,0.12965055,0.11136603,0.0938006,0.06462858
0.5920823,4186.6187,1.5596958,3.0446477,0.063084394,0.06674386,0.10327295,0.09270761
0.7259909,1726.2688,1.2460073,1.7117515,0.12851025,0.14280035,0.08893925,0.15638374
0.7037147,1529.5312,2.077885,0.8232958,0.10531219,0.24755614,0.077255934,0.15145424
0.77738446,1538.2051,2.0215967,3.2627077,0.16710982,0.09796746,0.060671765,0.033509526
0.7188007,1368.3025,2.482542,0.81126386,0.34857336,0.10276458,0.07988036,0.16801327
0.55476254,1375.175,1.8183327,0.14872026,0.1670604,0.064640015,0.040330276,0.13966484
0.537195,1442.5474,2.4769096,0.1692925,0.1488447,0.053715076,0.04063634,0.08877424
0.6337682,2162.53,1.7410853,1.0726225,0.08856556,0.10517501,0.06931136,0.10794131
0.6726141,1951.3475,2.3967218,1.2269206,0.07520744,0.12579046,0.06400367,0.06497261
0.68761474,2056.7485,3.6690137,1.9159595,0.0713118,0.09784291,0.09661997,0.05042457
0.7078596,2063.2415,3.9098904,2.152975,0.100482956,0.10881324,0.119608276,0.03606064
0.6636169,3435.523,0.68663883,6.6407156,0.15398578,0.038051426,0.1216277,0.080947585
0.67978334,3256.1338,0.604506,6.695465,0.10067328,0.042013623,0.12147648,0.08999854
0.64823383,3257.7769,0.3990172,3.7430878,0.041720673,0.12819423,0.1371567,0.03926599
0.6606209,3007.008,3.9759593,4.0018535,0.10203234,0.038407285,0.23771769,0.092632115
0.6147093,4623.052,2.4281375,6.2234144,0.05324646,0.045680713,0.23604137,0.06638825
0.60791546,4922.5996,1.5076045,6.664472,0.03474333,0.05440143,0.27677947,0.13125639
0.6035949,4923.005,1.1071987,5.9987955,0.02839424,0.063851304,0.31360602,0.1199548
0.6080209,4589.6875,1.087313,5.6987553,0.027343314,0.060751736,0.3177647,0.11843411
0.6227875,4382.879,0.9662061,6.193015,0.030757166,0.05973242,0.3323375,0.11557361
0.5807542,5017.2554,1.2924826,4.955506,0.040911518,0.047894415,0.2948478,0.24903175
0.5797823,3141.0547,3.8327916,1.6342194,0.07241561,0.06807531,0.18239215,0.25826454
0.6002952,5234.261,1.4748303,7.3856945,0.057166357,0.045353502,0.15525688,0.2370547
0.6260824,4999.082,0.5935957,9.253961,0.1413204,0.0476139,0.08810808,0.074870914
0.59029025,5434.8887,0.9196111,6.676591,0.10720175,0.1093536,0.06968694,0.049511284
0.6034562,5209.2715,1.1489142,6.549177,0.112079844,0.1100844,0.058327314,0.04107688
0.5744326,5798.936,1.6755874,5.737915,0.10148579,0.11069447,0.06660745,0.05988795
0.63349867,2306.1174,1.0783879,1.1957343,0.10682371,0.05181532,0.058281038,0.10456539
0.68561244,3134.5103,1.9052801,6.9222875,0.10014406,0.070640154,0.050345305,0.13281687
0.6704906,3155.6855,3.6831968,5.1107373,0.096441306,0.07220897,0.036661945,0.11613311
0.6664924,4005.7756,2.9690976,9.862505,0.080007985,0.069969565,0.06922645,0.12816875
0.6531544,4214.462,2.9868383,9.541139,0.038113393,0.13172488,0.0705702,0.08977474
0.6436291,4623.8745,0.99578863,8.936948,0.08508777,0.2209385,0.045612823,0.03950587
0.65378094,4393.1123,0.98155767,8.754389,0.09870521,0.21251386,0.04436833,0.030120626
0.65378094,4393.1123,0.98155767,8.754389,0.09870521,0.21251386,0.04436833,0.030120626
0.654087,4113.159,1.5144402,7.8361807,0.09338804,0.19289197,0.047695342,0.041709624
0.6226656,4985.343,2.8096578,8.516398,0.17811659,0.59625804,0.07711896,0.11852458
0.6340773,2802.0774,1.3756852,2.1176646,0.13749102,0.039292626,0.111682974,0.08341732
0.68849623,3239.9473,0.930222,7.643535,0.14182241,0.048200183,0.042720273,0.079056315
0.6890143,3342.528,0.875566,8.09105,0.1485899,0.04912622,0.034024738,0.08150247
0.61928946,5383.196,3.8164778,9.293461,0.25045013,0.15291987,0.1260833,0.074358724
0.6511438,4436.0034,1.4270432,10.113806,0.36424524,0.10744873,0.054316606,0.106506996
0.6523248,4355.216,1.9290504,9.27364,0.26948285,0.1426892,0.04351322,0.07878223
0.5315035,2674.3782,1.3113958,0.62325513,0.20254846,0.06748623,0.055037986,0.08880612
0.5315035,2674.3782,1.3113958,0.62325513,0.20254846,0.06748623,0.055037986,0.08880612
0.5315035,2674.3782,1.3113958,0.62325513,0.20254846,0.06748623,0.055037986,0.08880612
0.5315035,2674.3782,1.3113958,0.62325513,0.20254846,0.06748623,0.055037986,0.08880612
0.53223705,2645.469,1.4175633,0.6702595,0.20367758,0.068455674,0.05530603,0.08613459
0.5284599,2603.3918,1.4776235,0.60287297,0.20507187,0.06771141,0.053448133,0.0884776
0.5284599,2603.3918,1.4776235,0.60287297,0.20507187,0.06771141,0.053448133,0.0884776
0.52031815,2742.3167,1.3954216,0.625623,0.19711718,0.05711997,0.0508624,0.08668155
0.5253678,2733.0208,1.4706581,0.61082524,0.21869883,0.056157473,0.05723658,0.08106263
0.5258915,2634.9077,1.5518556,0.5957254,0.22073555,0.057412915,0.057825424,0.081167236
0.52577937,2694.4124,1.5915012,0.5865335,0.22825658,0.059125144,0.05653722,0.08229891
0.5240778,2686.4321,1.6707053,0.6130721,0.23235814,0.062083624,0.057112396,0.07836531
0.5240778,2686.4321,1.6707053,0.6130721,0.23235814,0.062083624,0.057112396,0.07836531
0.5200563,2696.3882,1.5867268,0.607269,0.2290247,0.063732915,0.05616998,0.0789783
0.5200563,2696.3882,1.5867268,0.607269,0.2290247,0.063732915,0.05616998,0.0789783
0.5237618,2698.9192,1.54174,0.632789,0.21879338,0.062320966,0.05617614,0.0775349
0.5278625,2872.2083,1.387021,0.6825599,0.23090357,0.060191303,0.055339623,0.06904647
0.5161168,2688.315,1.4443775,0.61236364,0.25253716,0.06294414,0.06565987,0.08231812
0.51763415,2704.2703,1.4669796,0.5774361,0.25413704,0.06590144,0.06552177,0.09030016
0.59622693,2951.5908,1.1332188,1.5261003,0.17388287,0.070479974,0.11029636,0.3657261
0.5911813,2552.3525,1.6522256,1.0406381,0.16032544,0.07834553,0.21354748,0.23072582
0.5671459,2859.6355,2.169344,1.0490509,0.120343864,0.080700465,0.22387604,0.17405975
0.57479674,2441.9543,1.1277688,0.7537168,0.05456124,0.08299032,0.108148776,0.09212375
0.56075865,2251.1794,1.2809328,0.6134818,0.05041443,0.077188976,0.12511142,0.1087878
0.5662783,2967.417,0.73459405,1.1033698,0.11848305,0.06783865,0.16504759,0.16042727
0.58022904,3420.903,3.3593788,1.8306947,0.07371514,0.064198926,0.10988485,0.103460744
0.53081757,3854.5864,3.7264633,1.5130847,0.076093145,0.12363635,0.1717991,0.13401829
0.68360883,2546.2095,0.67097425,2.7592611,0.06713351,0.13617095,0.0607103,0.102821335
0.6208469,2794.9382,1.0508112,1.6908104,0.099468715,0.07166134,0.14760005,0.054996327
0.60944605,2781.863,1.2567685,1.4656167,0.10689443,0.07557119,0.13090008,0.06710027
0.6438529,2457.1404,1.2603633,1.5639924,0.16837463,0.08749425,0.07748048,0.11673242
0.62871456,5002.6704,1.0932776,9.507658,0.03343947,0.06710539,0.1249153,0.044317435
0.6422281,4542.323,1.7244506,8.9036045,0.030495636,0.081842996,0.090637475,0.06387626
0.6227617,4569.805,2.951292,7.0217295,0.03808706,0.07132801,0.06815706,0.08814936
0.6550763,2583.3594,1.9001502,2.2278972,0.057583395,0.046157073,0.1381013,0.062294032
0.6536058,2578.54,1.6231469,2.3063705,0.060143508,0.04891076,0.112890996,0.052874006
0.6782865,2961.545,1.4297227,4.969368,0.059728418,0.05646822,0.12450418,0.05760935
0.6701471,3461.7676,1.0450183,6.5861607,0.053931586,0.044600833,0.11342336,0.05051121
0.6077314,4950.5854,0.78119785,5.687089,0.086310595,0.0753345,0.21106216,0.052471243
0.6710599,3300.4646,1.1583354,7.2060432,0.13103311,0.048227757,0.09575307,0.078143224
0.6681996,3813.626,1.0787946,7.6806717,0.09779312,0.062951595,0.09903036,0.0669776
0.6839477,3636.658,0.9117888,11.07308,0.048028868,0.044930756,0.06686314,0.054665484
0.6080118,5922.011,1.3658972,10.808913,0.08110808,0.049018323,0.10252277,0.075744204
0.6443826,4750.6304,2.811195,10.718939,0.058333695,0.06793816,0.104523964,0.03891481
0.6480832,4773.7334,2.599976,10.990403,0.045311447,0.07145541,0.07888436,0.033012018
0.63712424,5176.795,2.3795154,11.025566,0.039588824,0.081402354,0.074260056,0.03979961
0.6930968,3395.9543,0.9200676,9.530722,0.054206967,0.04936157,0.046759583,0.077544145
0.71544397,2838.8882,0.6195629,9.310604,0.06358874,0.053592555,0.035064228,0.1518386
0.6239447,5340.524,2.8505986,10.470482,0.060066566,0.089714505,0.09452544,0.18152428
0.6473419,2930.0566,0.7037469,2.873621,0.04737503,0.16921341,0.07687556,0.04567881
0.67368704,3191.931,0.46617845,5.464157,0.03767656,0.19778872,0.11680577,0.069108576
0.5945885,5142.456,1.5292133,5.786858,0.11436047,0.16329545,0.041112095,0.040059436
0.6669492,2227.7974,2.2188444,1.7068669,0.04043853,0.0458776,0.09181669,0.1019809
0.6416282,2499.27,2.1623585,1.7674085,0.04385109,0.040343165,0.09461218,0.088146776
0.6416282,2499.27,2.1623585,1.7674085,0.04385109,0.040343165,0.09461218,0.088146776
0.64176947,2492.0305,2.1460268,1.6694291,0.045320835,0.040873416,0.09663128,0.08628646
0.6424564,2545.1663,2.0695863,1.829707,0.04472362,0.040426265,0.10079613,0.08455135
0.65288126,2493.693,2.287108,2.111336,0.04742366,0.03971573,0.10349773,0.09529535
0.6463267,2535.3337,2.179941,2.0357277,0.049075097,0.03918403,0.106379695,0.09620121
0.6463267,2535.3337,2.179941,2.0357277,0.049075097,0.03918403,0.106379695,0.09620121
0.648407,2584.6987,2.3215983,2.04724,0.04782766,0.03611442,0.10750915,0.08637664
0.65126973,2561.1895,2.441593,2.1065705,0.04839264,0.03539572,0.107369214,0.08293446
0.64880055,2619.7705,2.5226812,2.2381794,0.050072696,0.03592009,0.110040344,0.08546115
0.64880055,2619.7705,2.5226812,2.2381794,0.050072696,0.03592009,0.110040344,0.08546115
0.64880055,2619.7705,2.5226812,2.2381794,0.050072696,0.03592009,0.110040344,0.08546115
0.64880055,2619.7705,2.5226812,2.2381794,0.050072696,0.03592009,0.110040344,0.08546115
0.64771897,2643.9075,2.457676,2.4508834,0.049498253,0.037084837,0.10688307,0.08482839
0.6448036,2673.2065,2.608888,2.4673,0.04883595,0.03580794,0.11164581,0.09287688
0.6493082,2706.3982,2.564285,2.3156075,0.04814705,0.033780646,0.115623355,0.097444355
0.6555512,2625.315,2.3462787,2.3902836,0.047889393,0.032817196,0.12469184,0.09657644
0.6555512,2625.315,2.3462787,2.3902836,0.047889393,0.032817196,0.12469184,0.09657644
0.65739876,2463.4531,2.4029698,2.1218228,0.047569923,0.03194346,0.11686619,0.09627144
0.65739876,2463.4531,2.4029698,2.1218228,0.047569923,0.03194346,0.11686619,0.09627144
0.6663572,2351.6887,2.3567061,2.079611,0.045458756,0.033496443,0.116240844,0.0978412
0.6668432,2324.593,2.2753267,2.164124,0.046471544,0.032585263,0.116703585,0.096113496
0.6668432,2324.593,2.2753267,2.164124,0.046471544,0.032585263,0.116703585,0.096113496
0.6737539,2366.625,2.2786884,2.3590786,0.047500674,0.031737622,0.113201566,0.09876587
0.6737539,2366.625,2.2786884,2.3590786,0.047500674,0.031737622,0.113201566,0.09876587
0.6737539,2366.625,2.2786884,2.3590786,0.047500674,0.031737622,0.113201566,0.09876587
0.6737539,2366.625,2.2786884,2.3590786,0.047500674,0.031737622,0.113201566,0.09876587
0.6737539,2366.625,2.2786884,2.3590786,0.047500674,0.031737622,0.113201566,0.09876587
0.6737539,2366.625,2.2786884,2.3590786,0.047500674,0.031737622,0.113201566,0.09876587
0.6737539,2366.625,2.2786884,2.3590786,0.047500674,0.031737622,0.113201566,0.09876587
0.67285347,2412.437,2.2409155,2.3353143,0.04619119,0.031268988,0.110154845,0.102152824
0.6682928,2421.1658,2.3727858,2.4826825,0.04763336,0.03064164,0.11431854,0.10542466
0.66907054,2484.796,2.4114275,2.4026623,0.044050783,0.031127447,0.11785756,0.10681531
0.66907054,2484.796,2.4114275,2.4026623,0.044050783,0.031127447,0.11785756,0.10681531
0.66819924,2435.224,2.4592085,2.3064826,0.043876845,0.031305943,0.12390621,0.10672458
0.67050374,2409.6956,2.5802658,2.4266322,0.04329708,0.03048833,0.12299066,0.10606604
0.67074627,2374.4878,2.6009731,2.2951472,0.044538327,0.03148678,0.11892662,0.11449251
0.67074627,2374.4878,2.6009731,2.2951472,0.044538327,0.03148678,0.11892662,0.11449251
0.67074627,2374.4878,2.6009731,2.2951472,0.044538327,0.03148678,0.11892662,0.11449251
0.66584224,2412.212,2.6523001,2.308671,0.044124015,0.031467408,0.11335789,0.11542317
0.66584224,2412.212,2.6523001,2.308671,0.044124015,0.031467408,0.11335789,0.11542317
0.66584224,2412.212,2.6523001,2.308671,0.044124015,0.031467408,0.11335789,0.11542317
0.66438997,2431.9365,2.6084135,2.17849,0.043760996,0.03178579,0.11951854,0.11374747
0.6653156,2417.0276,2.6535754,2.3635483,0.04359536,0.032374356,0.11838928,0.10969955
0.6653156,2417.0276,2.6535754,2.3635483,0.04359536,0.032374356,0.11838928,0.10969955
0.66518736,2419.1057,2.7487035,2.3031545,0.043640085,0.03129508,0.114889555,0.10874045
0.66518736,2419.1057,2.7487035,2.3031545,0.043640085,0.03129508,0.114889555,0.10874045
0.66518736,2419.1057,2.7487035,2.3031545,0.043640085,0.03129508,0.114889555,0.10874045
0.66518736,2419.1057,2.7487035,2.3031545,0.043640085,0.03129508,0.114889555,0.10874045
0.66518736,2419.1057,2.7487035,2.3031545,0.043640085,0.03129508,0.114889555,0.10874045
0.66518736,2419.1057,2.7487035,2.3031545,0.043640085,0.03129508,0.114889555,0.10874045
0.66649187,2390.5051,2.6041696,2.107469,0.04304924,0.031134209,0.106998675,0.10787207
0.66649187,2390.5051,2.6041696,2.107469,0.04304924,0.031134209,0.106998675,0.10787207
0.67027915,2446.4417,2.6613996,2.3980265,0.043414567,0.03129839,0.10165903,0.10852778
0.67027915,2446.4417,2.6613996,2.3980265,0.043414567,0.03129839,0.10165903,0.10852778
0.67027915,2446.4417,2.6613996,2.3980265,0.043414567,0.03129839,0.10165903,0.10852778
0.67027915,2446.4417,2.6613996,2.3980265,0.043414567,0.03129839,0.10165903,0.10852778
0.67067534,2457.9453,2.7300284,2.5495417,0.04310344,0.030716518,0.10236733,0.109971054
0.67067534,2457.9453,2.7300284,2.5495417,0.04310344,0.030716518,0.10236733,0.109971054
0.67067534,2457.9453,2.7300284,2.5495417,0.04310344,0.030716518,0.10236733,0.109971054
0.66800475,2496.4573,2.753902,2.5706768,0.043232143,0.030739544,0.10248166,0.11449014
0.66800475,2496.4573,2.753902,2.5706768,0.043232143,0.030739544,0.10248166,0.11449014
0.66794604,2434.148,2.8456852,2.3854096,0.04369839,0.030959511,0.10347145,0.113086
0.66794604,2434.148,2.8456852,2.3854096,0.04369839,0.030959511,0.10347145,0.113086
0.66434205,2502.7568,2.7483084,2.5398116,0.043762602,0.032706343,0.10951124,0.12105099
0.66434205,2502.7568,2.7483084,2.5398116,0.043762602,0.032706343,0.10951124,0.12105099
0.66371274,2539.2766,2.8267353,2.5093427,0.043827143,0.032471888,0.111116484,0.118298195
0.66496307,2608.3933,2.7658617,2.6557167,0.043287747,0.031051813,0.11390664,0.118642226
0.66496307,2608.3933,2.7658617,2.6557167,0.043287747,0.031051813,0.11390664,0.118642226
0.6607931,2640.1064,2.7754366,2.6141021,0.045971602,0.03134269,0.112074286,0.12106978
0.66009176,2592.9297,2.5071862,2.6096163,0.045430705,0.030346913,0.1062334,0.117301635
0.66009176,2592.9297,2.5071862,2.6096163,0.045430705,0.030346913,0.1062334,0.117301635
0.6558809,2684.5483,2.5844429,2.6140325,0.04896792,0.0299597,0.115075774,0.10810734
0.6558809,2684.5483,2.5844429,2.6140325,0.04896792,0.0299597,0.115075774,0.10810734
0.6558809,2684.5483,2.5844429,2.6140325,0.04896792,0.0299597,0.115075774,0.10810734
0.6558809,2684.5483,2.5844429,2.6140325,0.04896792,0.0299597,0.115075774,0.10810734
0.6558809,2684.5483,2.5844429,2.6140325,0.04896792,0.0299597,0.115075774,0.10810734
0.6558809,2684.5483,2.5844429,2.6140325,0.04896792,0.0299597,0.115075774,0.10810734
0.6557067,2646.0298,2.634174,2.602571,0.050334565,0.029890344,0.11320008,0.10480964
0.6557067,2646.0298,2.634174,2.602571,0.050334565,0.029890344,0.11320008,0.10480964
0.6576181,2594.5476,2.7003305,2.5638547,0.050937727,0.02898561,0.11550995,0.10317825
0.6576181,2594.5476,2.7003305,2.5638547,0.050937727,0.02898561,0.11550995,0.10317825
0.6621689,2574.809,2.797583,2.4690523,0.049758554,0.028992064,0.11750903,0.10299824
0.66710854,2464.0393,2.8918219,2.5443473,0.052208453,0.029780159,0.11957617,0.096956834
0.66710854,2464.0393,2.8918219,2.5443473,0.052208453,0.029780159,0.11957617,0.096956834
0.6735344,2470.7197,2.8585198,2.7182035,0.054445885,0.029794058,0.1218496,0.098366536
0.6735344,2470.7197,2.8585198,2.7182035,0.054445885,0.029794058,0.1218496,0.098366536
0.6735344,2470.7197,2.8585198,2.7182035,0.054445885,0.029794058,0.1218496,0.098366536
0.6735344,2470.7197,2.8585198,2.7182035,0.054445885,0.029794058,0.1218496,0.098366536
0.66897386,2482.4067,2.889956,2.6284397,0.055862915,0.029491695,0.12824617,0.101517364
0.6693521,2464.6165,2.8146052,2.6077278,0.053571478,0.029304616,0.12861213,0.1030957
0.6715803,2488.675,2.8974714,2.731388,0.05324202,0.029980622,0.12984842,0.10140087
0.6023256,2269.1655,2.884306,0.88511515,0.0411241,0.07482398,0.08037806,0.13627903
0.6023256,2269.1655,2.884306,0.88511515,0.0411241,0.07482398,0.08037806,0.13627903
0.6065085,2719.5637,2.2767322,1.2851813,0.07675855,0.10097595,0.071710266,0.12909032
0.6091782,2808.3433,2.3345876,1.5214645,0.06198765,0.08641817,0.06991917,0.10959435
0.5902408,2854.3296,2.1053715,1.300866,0.0752755,0.0973403,0.092619725,0.08563402
0.68823147,1692.7593,2.159573,0.9205054,0.08423023,0.11510176,0.041802756,0.047668003
0.7566486,1669.5356,3.0988877,2.5144126,0.06640949,0.14673753,0.03990625,0.0297877
0.7566486,1669.5356,3.0988877,2.5144126,0.06640949,0.14673753,0.03990625,0.0297877
0.7566486,1669.5356,3.0988877,2.5144126,0.06640949,0.14673753,0.03990625,0.0297877
0.73419917,1251.8204,1.3280352,0.60042447,0.40100694,0.049956076,0.07927695,0.16380689
0.70726156,1795.3049,0.9622189,1.6334972,0.06524649,0.13504896,0.119197026,0.05432175
0.7020652,2063.069,1.0323573,2.3443985,0.062498644,0.11792387,0.1114362,0.057805464
0.6896255,1555.1538,1.0924599,0.6577386,0.07667668,0.04465992,0.14827438,0.15296674
0.728996,1524.7944,2.293758,1.3359246,0.06474213,0.07053043,0.18438873,0.3871717
0.5446005,3801.9207,0.77547616,1.4474769,0.09383589,0.18614605,0.13107854,0.046590023
0.5757165,3516.027,0.7681236,1.6416737,0.09096895,0.20277302,0.09251565,0.05304239
0.5871376,2638.9163,0.45275277,0.9388874,0.10270699,0.18373647,0.057222717,0.06834857
0.63783,2360.5815,4.3256545,1.4134043,0.12776324,0.101167865,0.06129779,0.059887722
0.6190785,3285.9666,1.9222465,2.4952078,0.05335083,0.19028446,0.082390904,0.056332417
0.7166784,1692.318,2.3073087,1.4053156,0.21576375,0.06651154,0.088664226,0.23725563
0.7092735,1649.3751,1.6731365,1.2027032,0.23702721,0.059772436,0.04588014,0.18918288
0.7485017,1196.8821,1.2873927,0.5552016,0.09653169,0.03658829,0.077332966,0.20100103
0.7826606,1280.1418,1.0248344,1.7519171,0.32273751,0.047000416,0.07402658,0.16092059
0.5526963,3018.2053,2.0337086,1.1066246,0.052487586,0.1569983,0.052191254,0.09111516
0.5665005,2975.0764,2.1508079,1.1301142,0.056597866,0.18124098,0.054005753,0.0920755
0.57240105,3059.8745,1.5622014,1.3593849,0.07100791,0.18033087,0.07565218,0.11870478
0.45731747,1081.951,1.0660573,0.0132951,0.082565054,0.056531057,0.051220186,0.05297095
0.4761296,1039.3407,1.5990245,0.0138093,0.03494122,0.022563636,0.046957932,0.10845757
0.47709674,1060.628,1.6308252,0.014346718,0.038827226,0.10668739,0.040720105,0.122703806
0.46982306,1078.0754,2.259478,0.01076377,0.092251286,0.1286828,0.058333486,0.110199
0.40927505,1226.2042,1.5731518,0.012660034,0.18873528,0.05430318,0.06731751,0.04476822
0.41136113,1226.0055,1.3442348,0.012725436,0.30652237,0.038298424,0.055359364,0.042789806
0.41884834,1171.718,1.4416255,0.01280291,0.41284257,0.042215444,0.06672973,0.036086988
0.47892594,1043.9493,2.0580256,0.028167572,0.11528362,0.08105372,0.08367042,0.069957875
0.46359757,1070.1597,2.893625,0.0141070075,0.08087258,0.050290383,0.10952722,0.13273105
0.43209842,1151.2821,1.8785474,0.016681772,0.081321426,0.055906136,0.14453156,0.24729955
0.43143976,1183.8596,3.716934,0.020620149,0.04470885,0.051748443,0.07183736,0.2229539
0.40614116,1269.1824,1.3513314,0.019311037,0.07852543,0.06933671,0.15721141,0.052020118
0.4205027,1221.5825,3.0101745,0.010361292,0.20908865,0.15740085,0.034295924,0.15197822
0.42097378,1186.348,1.5358713,0.010262274,0.094939396,0.22862403,0.13923366,0.05100446
0.4041762,1200.6558,1.0941528,0.010143822,0.060496468,0.15051892,0.21689302,0.089750364
0.52300984,1781.0837,0.7408269,0.24232212,0.056178324,0.13788171,0.22927786,0.48549932
0.54053175,2059.475,0.6421182,0.45420367,0.051297143,0.16040514,0.20934589,0.49246493
0.5476195,2372.8918,1.4564701,0.5352874,0.102959126,0.08189368,0.13516167,0.07742956
0.68624425,3635.4587,2.5721176,9.712356,0.050892703,0.16355123,0.04046157,0.12224323
0.59422994,5608.249,4.6572967,7.426794,0.11477563,0.13180643,0.04274213,0.09452848
0.62034863,4642.935,3.0445087,6.5281568,0.07281233,0.13558945,0.04443479,0.06734698
0.68168205,3798.4546,1.2833499,10.139156,0.036540546,0.20194072,0.22892667,0.07824902
0.6962702,2992.9795,1.8586466,6.606884,0.058634292,0.16011691,0.1443093,0.09410723
0.57648623,4770.036,1.7666832,4.199933,0.06406566,0.07326724,0.39232713,0.144985
0.6203311,3333.5923,2.6955423,3.258388,0.040347386,0.058752537,0.2949207,0.09865192
0.5790436,4793.279,1.1657058,4.223884,0.18813816,0.18866156,0.050858654,0.23996119
0.6239674,3289.883,1.7226526,2.382634,0.12499544,0.22743905,0.064125665,0.17578715
0.62018585,3915.2656,1.9002653,4.2952547,0.121878475,0.24406642,0.075341105,0.29161593
0.6747763,3021.9314,2.5222738,4.5522246,0.08750804,0.21694133,0.029411793,0.13951683
0.6027621,5580.769,2.3468378,7.3578506,0.17575157,0.28861657,0.09022464,0.03866559
0.5818522,3414.4412,0.5048821,1.7381431,0.06280074,0.19183074,0.10772822,0.06277799
0.62691265,2194.062,1.0212018,0.97532165,0.060584847,0.30682,0.12854108,0.06868591
0.68211496,2903.7485,0.6499103,4.7821393,0.035324953,0.30898738,0.104087874,0.10647432
0.6713236,3971.7498,2.667415,9.629261,0.060373906,0.20622294,0.1399972,0.06752936
0.6000507,2710.2546,1.3950567,1.2761793,0.1206649,0.074636534,0.06148659,0.064875685
0.5860147,2539.2402,1.7908196,0.88659537,0.14015765,0.0702503,0.050726768,0.08021708
0.60264194,2446.265,2.464777,0.89256674,0.12601037,0.09121406,0.03906401,0.06613305
0.60150975,2460.2686,2.4421506,0.9776119,0.12884001,0.08782907,0.039113842,0.06758359
0.5921736,2408.837,2.746356,0.81089777,0.117377624,0.10581888,0.05053458,0.07149563
0.63183147,3337.335,0.40820143,3.3312263,0.06617376,0.23817338,0.109999426,0.055175997
0.6395288,3492.939,0.42147902,3.8609915,0.1203818,0.27910703,0.11721173,0.045099273
0.61247367,1633.6904,3.176496,0.39919475,0.06986158,0.07822858,0.079884514,0.10570302
0.6289048,1623.4028,2.6434488,0.4096795,0.09469539,0.10018559,0.104684204,0.1819021
0.6476426,1704.5903,4.444225,0.699456,0.07886467,0.111863896,0.08910028,0.07922455
0.6440735,1852.9412,1.7436069,0.67589486,0.082197174,0.097844936,0.10466653,0.12292259
0.6502524,3732.6868,2.0668902,6.276206,0.055189125,0.102953136,0.10699497,0.115586475
0.6448099,4677.5063,1.7432446,10.603894,0.045806244,0.08456221,0.051492967,0.15149443
0.6117045,2660.4592,2.324594,1.2803047,0.07583799,0.08387558,0.09244877,0.081621334
0.6337257,3882.0593,3.6140041,4.665413,0.08044934,0.08051591,0.041573044,0.08900076
0.6649916,3581.33,1.0763296,6.137807,0.040925108,0.08673139,0.056489937,0.08040105
0.670862,3569.2207,1.1349894,7.00832,0.051413327,0.08222583,0.061109014,0.07654803
0.61596173,4174.732,1.956451,4.339666,0.120437324,0.15658419,0.03892106,0.044378318
0.6457054,3853.9333,1.7688668,5.984487,0.10062443,0.1375243,0.05259209,0.039220575
0.6511265,3103.2327,3.632626,3.7009368,0.089816935,0.08707751,0.08771345,0.11336224
0.6375246,3202.7607,3.1249838,3.3069453,0.05445265,0.07952336,0.07098927,0.12460548
0.63436985,3234.0383,4.086305,3.1222305,0.050664205,0.06264374,0.06884952,0.17038336
0.65865093,3119.71,0.5360591,3.863002,0.057145357,0.14709066,0.050529197,0.16535038
0.6702401,2631.8276,0.46386558,2.8101847,0.043933235,0.09700528,0.056129217,0.18685293
0.6695147,3010.4458,0.7122918,4.476367,0.035452772,0.118955314,0.05434092,0.18914868
0.64166397,1879.4741,0.48707545,0.70825565,0.07681742,0.14354676,0.06982047,0.11953156
0.61925805,5378.32,2.0312572,8.682626,0.040753912,0.07739169,0.10649524,0.09207016
0.65238196,3732.7751,0.42148438,6.2919807,0.07636523,0.067901604,0.14265876,0.06660785
0.6602503,3418.6836,3.4456196,5.125012,0.050961353,0.17520893,0.046576954,0.12858623
0.60264987,4892.2754,0.5601644,5.4143457,0.16243666,0.21700443,0.067793146,0.027433807
0.60264987,4892.2754,0.5601644,5.4143457,0.16243666,0.21700443,0.067793146,0.027433807
0.58948076,6113.6367,3.1605716,7.8304434,0.1475913,0.2295418,0.057138916,0.063097
0.58479244,7043.3237,3.2447348,9.72462,0.086362205,0.18432666,0.075111285,0.02719587
0.58479244,7043.3237,3.2447348,9.72462,0.086362205,0.18432666,0.075111285,0.02719587
0.5857264,5630.2363,2.6456065,5.9094887,0.08967087,0.1563566,0.053224936,0.068244
0.5770873,5594.1465,2.636373,5.3105154,0.09733436,0.13926437,0.04720026,0.06572148
0.624369,2560.5544,1.4093081,1.5136013,0.16126755,0.06188524,0.07705381,0.108449355
0.66556805,2879.9434,0.8079788,3.2766523,0.06764032,0.053914577,0.07500025,0.14149468
0.59059644,4874.84,0.3673991,4.9530525,0.1120125,0.051727768,0.120815516,0.05914777
0.68196696,1870.5786,0.5373742,1.0847881,0.066005275,0.36984593,0.041585434,0.0762283
0.72528744,1681.0068,0.5105971,1.6645787,0.065848514,0.23033509,0.068281695,0.08525058
0.6763099,1938.3373,0.7434795,1.0925596,0.07270582,0.22926506,0.03592024,0.06215661
0.70853454,2095.947,1.0894417,2.4241915,0.033118695,0.06075669,0.2518733,0.05808529
0.70476526,2092.548,1.0713469,2.336563,0.033276565,0.059324138,0.2551506,0.057349175
0.70424724,2089.7202,1.1192664,2.2212477,0.033275757,0.06037742,0.25652808,0.056035817
0.70249623,2077.888,1.1428702,2.2485728,0.033523943,0.059893005,0.25333703,0.06033396
0.7045893,2071.986,1.1529835,2.3370688,0.032007582,0.060458098,0.24505861,0.058484387
0.70405793,2110.8833,1.1239978,2.341825,0.031369176,0.058086313,0.24165274,0.055788763
0.7017523,2121.9688,1.130632,2.3611403,0.031894863,0.058533587,0.23525393,0.054950718
0.7017523,2121.9688,1.130632,2.3611403,0.031894863,0.058533587,0.23525393,0.054950718
0.70557296,2128.5276,1.1245724,2.4961083,0.031071993,0.059562262,0.23631914,0.05549995
0.70557296,2128.5276,1.1245724,2.4961083,0.031071993,0.059562262,0.23631914,0.05549995
0.70557296,2128.5276,1.1245724,2.4961083,0.031071993,0.059562262,0.23631914,0.05549995
0.70557296,2128.5276,1.1245724,2.4961083,0.031071993,0.059562262,0.23631914,0.05549995
0.7097044,2121.4546,1.0633794,2.5008206,0.031437285,0.06016449,0.24021752,0.058401354
0.7268485,2118.6663,1.0377662,3.1651373,0.033731006,0.08586132,0.22272189,0.057671946
0.63700926,2158.4043,0.5570853,1.0638022,0.06147799,0.09330179,0.20770216,0.19359049
0.60626954,2230.1665,0.45459008,0.8326074,0.056228183,0.046925522,0.2762097,0.20583972
0.5912235,2179.5034,0.42700726,0.7005298,0.05199285,0.04458142,0.25233597,0.19805491
0.5912235,2179.5034,0.42700726,0.7005298,0.05199285,0.04458142,0.25233597,0.19805491
0.6454674,3691.2993,0.15653215,5.3094115,0.080401756,0.13760172,0.091327384,0.032884523
0.58923024,5232.507,0.15663777,5.575205,0.085745715,0.07495845,0.08299576,0.030627536
0.59357923,6382.4263,1.8973951,9.693308,0.13413845,0.10401144,0.029017901,0.06873769
0.69719857,3059.5037,2.248758,7.9573646,0.038626045,0.11571519,0.14858541,0.13532212
0.62178504,5086.479,1.6166303,7.7784014,0.1007981,0.24159816,0.09119664,0.029418238
0.6518778,2721.9417,2.1876185,2.2672646,0.048424643,0.11976491,0.043961905,0.18956944
0.6400845,4770.085,0.9666159,9.831477,0.06679334,0.101818904,0.06549155,0.03624887
0.7050023,2117.2478,2.9219,2.505275,0.1418868,0.040924814,0.06903755,0.07612548
0.72074,2514.132,4.090353,6.3292127,0.083543465,0.047459934,0.081600495,0.05184312
0.68175155,3485.6353,3.1508052,8.361241,0.041202467,0.059021484,0.16407628,0.043697994
0.6125428,5466.4043,0.65355086,8.148992,0.068618014,0.15881756,0.12643506,0.07369182
0.59531677,5469.7275,0.1902866,7.3098483,0.050948247,0.069180466,0.1194711,0.23803467
0.64780056,4183.5947,0.063566536,8.958597,0.067619406,0.05073256,0.06685348,0.12772614
0.63292485,4987.7314,0.05404534,9.736384,0.06455988,0.044727966,0.11914731,0.09576529
0.6686899,1739.0792,0.088533305,0.7670686,0.087427035,0.16654307,0.043410964,0.06164791
0.6381456,5258.3027,3.3430932,11.020126,0.09015742,0.055446863,0.21105517,0.17098948
0.61389065,3325.1558,1.1304022,2.5704474,0.0628968,0.15538114,0.15790531,0.10239264
0.6401085,4164.8306,1.7329806,8.056609,0.16769001,0.125848,0.04972603,0.10627916
0.6079778,5472.0005,3.1712534,7.792122,0.22155385,0.14610341,0.04581459,0.03604843
0.5825363,6208.486,1.1608319,7.054968,0.23866044,0.13439378,0.048690718,0.057593804
0.62804824,5368.9907,1.4352518,10.223087,0.24247026,0.08619197,0.09310419,0.10037815
0.6455189,4830.2583,0.90548116,10.896702,0.28413284,0.08215733,0.077092215,0.06350673
0.63847446,4783.242,0.85633314,9.506248,0.21586367,0.116931215,0.11928123,0.0406968
0.58713746,5202.717,2.0154984,4.877796,0.19929743,0.1513907,0.10290663,0.05620852
0.5786664,6000.014,1.9685446,6.330267,0.17276606,0.13699265,0.103432626,0.06727582
0.6993794,3200.9617,0.20339313,9.402469,0.084967755,0.13708071,0.041959103,0.04570251
0.6881528,3397.2043,0.23536137,9.436199,0.08014749,0.13609128,0.040728346,0.041500483
0.6849714,3530.833,0.21801469,9.483389,0.07909706,0.13898641,0.043720108,0.03924279
0.6848223,3014.148,2.9262996,7.006712,0.24219266,0.06070865,0.110086106,0.10546099
0.7139484,2643.3962,2.3758388,7.242582,0.22501242,0.054118082,0.0798392,0.11885975
0.71108097,2502.6543,1.615081,5.110902,0.17795098,0.064900465,0.07319994,0.10903975
0.63028073,4125.4453,2.2339318,5.374179,0.058290444,0.083145946,0.097353786,0.41113442
0.6460075,3627.1848,1.7778653,5.4212265,0.07979643,0.06871623,0.058352657,0.057086706
0.6781232,3580.8613,3.2290776,8.227572,0.045393106,0.08397513,0.06377584,0.040986557
0.6866157,3333.855,3.1960835,7.8801055,0.054694153,0.07618306,0.07255991,0.046806186
0.67556036,3487.4265,3.4683626,8.076695,0.040831633,0.10092228,0.07432581,0.08348222
0.6919308,3153.3005,1.8878902,8.079313,0.073768064,0.09129527,0.05509275,0.06318487
0.7098313,2958.9702,1.1422691,8.046184,0.0964131,0.08433384,0.05830016,0.06978346
0.6222228,5049.486,2.1103222,8.413608,0.1404083,0.07201818,0.053500585,0.057199582
0.67365307,3748.144,1.5504684,9.206715,0.03687426,0.09962477,0.10068728,0.04857478
0.67430055,3684.2585,1.4757195,9.521112,0.046508297,0.1045437,0.1157132,0.06564486
0.6254528,2728.469,1.9308308,1.6606666,0.16601665,0.082973205,0.11434119,0.097794585
0.6293133,3033.8804,1.9724176,2.2115834,0.14276502,0.09001963,0.12746477,0.13067698
0.57096386,1908.4982,2.2190175,0.40293878,0.10709614,0.07763116,0.15434097,0.066970944
0.5826705,2305.0503,2.269789,0.62584037,0.1434383,0.15146843,0.18623331,0.054673385
0.60808516,4032.9548,1.5127659,3.592725,0.08477324,0.08497651,0.041129407,0.09503295
0.5992155,4190.0127,0.8753992,3.538872,0.1190802,0.17296463,0.0581496,0.1207114
0.5767062,5641.4746,0.32763958,5.1744876,0.10565752,0.21667929,0.076976344,0.15061511
0.5850279,4406.2637,0.29670995,3.0249825,0.13279922,0.19434884,0.07861882,0.11499144
0.5525236,4489.955,0.2666387,2.382945,0.13258821,0.12096279,0.0491418,0.16866238
0.6523817,4078.465,1.621496,7.3763685,0.12701261,0.11797682,0.07474564,0.026375424
0.6523817,4078.465,1.621496,7.3763685,0.12701261,0.11797682,0.07474564,0.026375424
0.7314196,2396.7546,1.8603601,6.518996,0.075267605,0.12882456,0.08412472,0.08601212
0.62621075,4881.77,3.5337672,8.017234,0.14928867,0.05204849,0.092895105,0.03399579
0.6122254,5287.396,2.934708,8.540084,0.16567202,0.058843773,0.10313732,0.06292139
0.70125425,2685.0632,1.1954702,5.7719784,0.07508534,0.06096746,0.06847781,0.09871683
0.6692913,3346.2727,0.73474985,5.7624393,0.0555435,0.06461307,0.09167361,0.17422041
0.6059022,4068.1616,0.42475435,4.1311707,0.071979344,0.04879801,0.100665435,0.19484346
0.6053794,4140.1143,0.46440965,4.3263025,0.07424004,0.05127813,0.102992594,0.20175329
0.6613053,3533.737,4.4401183,5.8626776,0.067966215,0.100396104,0.04605303,0.09986636
0.65265554,3719.0735,3.154676,5.723148,0.059802398,0.092036456,0.061773177,0.06568627
0.66302043,3662.8135,1.5939729,6.682253,0.12020279,0.071168825,0.064135484,0.07969819
0.65276355,3205.3638,1.3509141,3.7120428,0.11089134,0.068474546,0.04655972,0.06559405
0.597458,4348.9717,0.67851305,3.535821,0.082025446,0.1480912,0.061890583,0.05249229
0.69041884,3211.2417,2.9023223,8.270859,0.14344548,0.05071483,0.17573227,0.06991992
0.62605834,5033.417,2.0152814,8.946209,0.07353596,0.05946063,0.17000145,0.14009222
0.6722578,3784.4578,2.5269911,8.609895,0.03857666,0.08494975,0.09312865,0.0984599
0.6536174,3240.5376,1.5455891,4.1573086,0.04990886,0.08171961,0.11259714,0.061959397
0.643571,3271.5461,1.3332318,3.650781,0.044370614,0.07944062,0.10870483,0.06906608
0.6494543,3951.1,1.130127,6.514267,0.061225474,0.09650159,0.12714274,0.08626635
0.6002158,4507.638,1.9976096,4.5170274,0.076391436,0.08571038,0.16308942,0.06772499
0.6028316,5167.3,3.5184984,7.129893,0.06867305,0.054139405,0.15030119,0.06323486
0.62999094,3689.7925,1.0139886,4.245859,0.0348504,0.09834199,0.22374363,0.10210165
0.64025015,4293.7036,2.3264275,7.493918,0.07662383,0.090470284,0.14038461,0.06988517
0.63626975,3950.4841,3.3892503,5.2607927,0.08729994,0.15239133,0.12682304,0.07415131
0.67997885,2522.6914,1.5015136,2.6730723,0.06958729,0.14010112,0.09710607,0.0471108
0.68773776,2540.9255,1.4610449,3.3543973,0.068378404,0.12794824,0.09829745,0.050950434
0.6703997,3208.4358,0.29438096,4.8676796,0.05618265,0.048470743,0.067954175,0.071624324
0.61421305,2940.8425,0.30679247,1.8966229,0.12526065,0.054992028,0.065148406,0.089735255
0.6038834,2805.2734,0.6624825,1.4969907,0.20055868,0.0658368,0.07782758,0.08464899
0.5871918,2747.0771,0.7187212,1.1961548,0.23974098,0.05766499,0.107393175,0.093549676
0.5814543,2428.1028,0.8829602,0.84607923,0.20470579,0.0823088,0.13540955,0.08683628
0.692818,2040.049,0.5768814,1.8972969,0.044472657,0.083139166,0.04704,0.07654281
0.689707,2016.952,0.5187944,1.7232666,0.049066905,0.09026649,0.048157506,0.083222345
0.6703917,3264.2576,0.47575566,5.298236,0.046691295,0.11276228,0.06929333,0.23797883
0.6236334,4866.682,0.83188415,7.032093,0.15757845,0.18598634,0.09611608,0.12800606
0.6583238,3934.9006,1.6799028,8.41254,0.060977038,0.039649993,0.05758699,0.0556761
0.6555091,4049.2532,1.7594618,8.744216,0.06626234,0.037418343,0.05730029,0.050215203
0.6702619,3967.8245,1.1839703,10.525268,0.07634037,0.07543049,0.06118905,0.07126301
0.6793228,3578.1936,1.2030842,9.313186,0.059051603,0.07222667,0.046104394,0.08078228
0.68161076,3545.6787,1.3720571,9.414142,0.05273688,0.060944553,0.04939735,0.09588651
0.6499712,4108.2354,2.606421,7.4998646,0.07051678,0.052466102,0.06656966,0.051408377
0.64542097,4045.5383,2.257304,6.6549087,0.08198146,0.042212937,0.06032504,0.046849996
0.65774536,3560.0315,2.2582994,5.943516,0.058290027,0.04058948,0.05523243,0.03786
0.65774536,3560.0315,2.2582994,5.943516,0.058290027,0.04058948,0.05523243,0.03786
0.65774536,3560.0315,2.2582994,5.943516,0.058290027,0.04058948,0.05523243,0.03786
0.6569798,3602.0437,2.2327018,5.9582095,0.058071803,0.042459413,0.056027163,0.038397297
0.6601074,3554.5774,2.1357732,5.930291,0.056821957,0.041964706,0.057598665,0.038345642
0.66514695,3405.8623,2.022719,5.8605294,0.051380232,0.041854605,0.05958695,0.038559582
0.66514695,3405.8623,2.022719,5.8605294,0.051380232,0.041854605,0.05958695,0.038559582
0.66514695,3405.8623,2.022719,5.8605294,0.051380232,0.041854605,0.05958695,0.038559582
0.66514695,3405.8623,2.022719,5.8605294,0.051380232,0.041854605,0.05958695,0.038559582
0.66565883,3421.9158,1.9415503,5.8155513,0.05168488,0.039415002,0.05914553,0.038513847
0.66565883,3421.9158,1.9415503,5.8155513,0.05168488,0.039415002,0.05914553,0.038513847
0.66565883,3421.9158,1.9415503,5.8155513,0.05168488,0.039415002,0.05914553,0.038513847
0.66565883,3421.9158,1.9415503,5.8155513,0.05168488,0.039415002,0.05914553,0.038513847
0.6675649,3369.385,1.9353122,5.853201,0.052716475,0.03966201,0.055792823,0.036469165
0.6675649,3369.385,1.9353122,5.853201,0.052716475,0.03966201,0.055792823,0.036469165
0.6675649,3369.385,1.9353122,5.853201,0.052716475,0.03966201,0.055792823,0.036469165
0.6675649,3369.385,1.9353122,5.853201,0.052716475,0.03966201,0.055792823,0.036469165
0.6675649,3369.385,1.9353122,5.853201,0.052716475,0.03966201,0.055792823,0.036469165
0.6675649,3369.385,1.9353122,5.853201,0.052716475,0.03966201,0.055792823,0.036469165
0.6675649,3369.385,1.9353122,5.853201,0.052716475,0.03966201,0.055792823,0.036469165
0.6675649,3369.385,1.9353122,5.853201,0.052716475,0.03966201,0.055792823,0.036469165
0.6693958,3319.9067,1.8140398,5.95055,0.05158675,0.03956463,0.058192287,0.034488797
0.67294204,3293.057,1.8072808,5.8418016,0.053085823,0.040712833,0.05804445,0.034373224
0.6716181,3265.1582,1.7982436,5.99061,0.0515626,0.039941646,0.057338923,0.03469929
0.67235136,3341.8413,1.7622226,5.899194,0.054521568,0.038710877,0.0586313,0.035791263
0.66914475,3283.0708,1.7756387,5.9859767,0.05344248,0.038946666,0.05904607,0.0363758
0.66568345,3353.8508,1.8608466,5.8640623,0.052781083,0.037857838,0.05873192,0.036219463
0.6605362,3434.824,1.8283784,5.624454,0.053174544,0.0385771,0.060341455,0.031841964
0.6605362,3434.824,1.8283784,5.624454,0.053174544,0.0385771,0.060341455,0.031841964
0.6605362,3434.824,1.8283784,5.624454,0.053174544,0.0385771,0.060341455,0.031841964
0.6605362,3434.824,1.8283784,5.624454,0.053174544,0.0385771,0.060341455,0.031841964
0.6605362,3434.824,1.8283784,5.624454,0.053174544,0.0385771,0.060341455,0.031841964
0.6605362,3434.824,1.8283784,5.624454,0.053174544,0.0385771,0.060341455,0.031841964
0.6605362,3434.824,1.8283784,5.624454,0.053174544,0.0385771,0.060341455,0.031841964
0.6605362,3434.824,1.8283784,5.624454,0.053174544,0.0385771,0.060341455,0.031841964
0.6623144,3439.8315,1.8257262,5.517781,0.05314519,0.037247866,0.05736705,0.033316426
0.6623144,3439.8315,1.8257262,5.517781,0.05314519,0.037247866,0.05736705,0.033316426
0.6623144,3439.8315,1.8257262,5.517781,0.05314519,0.037247866,0.05736705,0.033316426
0.65855604,3468.9846,1.7961768,5.511919,0.04993475,0.036205735,0.05622383,0.032785743
0.65855604,3468.9846,1.7961768,5.511919,0.04993475,0.036205735,0.05622383,0.032785743
0.65855604,3468.9846,1.7961768,5.511919,0.04993475,0.036205735,0.05622383,0.032785743
0.65855604,3468.9846,1.7961768,5.511919,0.04993475,0.036205735,0.05622383,0.032785743
0.65855604,3468.9846,1.7961768,5.511919,0.04993475,0.036205735,0.05622383,0.032785743
0.65855604,3468.9846,1.7961768,5.511919,0.04993475,0.036205735,0.05622383,0.032785743
0.6561167,3492.0957,1.9251729,5.6469917,0.050147153,0.036219575,0.05749394,0.032651633
0.6561167,3492.0957,1.9251729,5.6469917,0.050147153,0.036219575,0.05749394,0.032651633
0.6561167,3492.0957,1.9251729,5.6469917,0.050147153,0.036219575,0.05749394,0.032651633
0.6561167,3492.0957,1.9251729,5.6469917,0.050147153,0.036219575,0.05749394,0.032651633
0.65285295,3602.618,1.814741,5.5681458,0.050884295,0.03939487,0.057333168,0.0336745
0.6486969,3717.7424,1.8651038,5.3080654,0.05210262,0.039688148,0.05839673,0.03283547
0.6443436,3674.447,1.815018,5.360669,0.052710317,0.03958768,0.058790427,0.031831898
0.6453916,3802.4102,1.677712,5.36705,0.053495638,0.038276106,0.05934311,0.03102114
0.64099,3711.5605,1.6118964,5.2530756,0.053489044,0.037608005,0.058335308,0.031946864
0.6455578,3612.74,1.5706383,5.280865,0.0552758,0.037635256,0.05995784,0.033460658
0.64881915,3697.3228,1.4965057,5.363266,0.05339753,0.03575031,0.061838236,0.03186639
0.64881915,3697.3228,1.4965057,5.363266,0.05339753,0.03575031,0.061838236,0.03186639
0.6456104,3775.7957,1.4580926,5.4692416,0.05298368,0.0340049,0.05874702,0.032023635
0.6456104,3775.7957,1.4580926,5.4692416,0.05298368,0.0340049,0.05874702,0.032023635
0.6456104,3775.7957,1.4580926,5.4692416,0.05298368,0.0340049,0.05874702,0.032023635
0.6456104,3775.7957,1.4580926,5.4692416,0.05298368,0.0340049,0.05874702,0.032023635
0.646834,3654.3467,1.5409617,5.4949136,0.054834146,0.035748966,0.05815646,0.031738672
0.646834,3654.3467,1.5409617,5.4949136,0.054834146,0.035748966,0.05815646,0.031738672
0.6400168,3789.3547,1.5960791,5.118255,0.053504642,0.036914848,0.056153215,0.031646904
0.6400168,3789.3547,1.5960791,5.118255,0.053504642,0.036914848,0.056153215,0.031646904
0.6400168,3789.3547,1.5960791,5.118255,0.053504642,0.036914848,0.056153215,0.031646904
0.6400168,3789.3547,1.5960791,5.118255,0.053504642,0.036914848,0.056153215,0.031646904
0.64108264,3805.7026,1.4829494,5.3132696,0.05349728,0.038473465,0.055273626,0.032621123
0.6418211,3772.3918,1.3492137,5.3252983,0.053898938,0.03763583,0.055027727,0.031227566
0.6418211,3772.3918,1.3492137,5.3252983,0.053898938,0.03763583,0.055027727,0.031227566
0.64362395,3814.236,1.3047967,5.493738,0.052888907,0.037385628,0.05587618,0.031905785
0.64362395,3814.236,1.3047967,5.493738,0.052888907,0.037385628,0.05587618,0.031905785
0.645511,3730.2065,1.3506544,5.4100533,0.0509362,0.03796104,0.05640761,0.031414665
0.645511,3730.2065,1.3506544,5.4100533,0.0509362,0.03796104,0.05640761,0.031414665
0.645511,3730.2065,1.3506544,5.4100533,0.0509362,0.03796104,0.05640761,0.031414665
0.645511,3730.2065,1.3506544,5.4100533,0.0509362,0.03796104,0.05640761,0.031414665
0.645511,3730.2065,1.3506544,5.4100533,0.0509362,0.03796104,0.05640761,0.031414665
0.6481414,3682.4172,1.3441316,5.769006,0.052496534,0.03810913,0.054310884,0.03174686
0.6465733,3788.8276,1.3033054,5.709052,0.050599344,0.038314506,0.058312934,0.030882731
0.6465733,3788.8276,1.3033054,5.709052,0.050599344,0.038314506,0.058312934,0.030882731
0.6465733,3788.8276,1.3033054,5.709052,0.050599344,0.038314506,0.058312934,0.030882731
0.6465733,3788.8276,1.3033054,5.709052,0.050599344,0.038314506,0.058312934,0.030882731
0.6465733,3788.8276,1.3033054,5.709052,0.050599344,0.038314506,0.058312934,0.030882731
0.6465733,3788.8276,1.3033054,5.709052,0.050599344,0.038314506,0.058312934,0.030882731
0.6465733,3788.8276,1.3033054,5.709052,0.050599344,0.038314506,0.058312934,0.030882731
0.64921117,3746.5461,1.2086313,5.7032337,0.04974287,0.03849507,0.058941904,0.03125781
0.648683,3736.0344,1.15313,5.439551,0.050690547,0.039549474,0.059848968,0.03170166
0.6457423,3673.543,1.2026701,5.442057,0.050807755,0.040513676,0.06318443,0.033245645
0.6513269,3623.2717,1.211249,5.5852585,0.051963292,0.04138485,0.062669,0.032721285
0.6513269,3623.2717,1.211249,5.5852585,0.051963292,0.04138485,0.062669,0.032721285
0.6492742,3643.9602,1.1913552,5.4972057,0.050231323,0.040546432,0.061280724,0.033167906
0.64732134,3774.4316,1.1465346,5.6411214,0.052294776,0.04162653,0.060367588,0.034126736
0.64507544,3831.3943,1.2869574,5.7408094,0.050743822,0.04109025,0.061036326,0.03515605
0.64507544,3831.3943,1.2869574,5.7408094,0.050743822,0.04109025,0.061036326,0.03515605
0.64507544,3831.3943,1.2869574,5.7408094,0.050743822,0.04109025,0.061036326,0.03515605
0.64507544,3831.3943,1.2869574,5.7408094,0.050743822,0.04109025,0.061036326,0.03515605
0.64507544,3831.3943,1.2869574,5.7408094,0.050743822,0.04109025,0.061036326,0.03515605
0.64567006,3845.8923,1.284774,5.8015423,0.05162115,0.038610853,0.06172124,0.034575045
0.64567006,3845.8923,1.284774,5.8015423,0.05162115,0.038610853,0.06172124,0.034575045
0.64567006,3845.8923,1.284774,5.8015423,0.05162115,0.038610853,0.06172124,0.034575045
0.6458034,3849.0784,1.3371376,5.9109097,0.05121783,0.03899594,0.06286907,0.035063285
0.64283586,3798.9348,1.315461,5.5860868,0.049827456,0.038770925,0.064079314,0.03405621
0.64283586,3798.9348,1.315461,5.5860868,0.049827456,0.038770925,0.064079314,0.03405621
0.64563847,3721.928,1.3992774,5.575615,0.048158932,0.040919468,0.06383572,0.033908673
0.66257656,3276.5261,1.9294212,5.1586256,0.06349337,0.05040376,0.06575058,0.046645865
0.6843884,3049.416,2.2370687,5.4643025,0.08026917,0.059159126,0.045927472,0.070179574
0.659023,2006.0623,1.2369097,1.1323745,0.11651206,0.07587789,0.07207058,0.07205809
0.64115465,2158.1487,1.3926903,1.1389408,0.10815197,0.069390506,0.07494571,0.079863794
0.63313705,2172.035,1.6997176,1.0518663,0.11080378,0.0670731,0.07234002,0.07720565
0.6073176,2293.5503,2.2178137,0.911612,0.1335761,0.069770284,0.0680663,0.123920746
0.60561275,2270.408,4.566143,0.8266727,0.092238136,0.062274877,0.05710801,0.10488118
0.65988195,2032.646,2.233166,1.1246794,0.100218534,0.058811836,0.08666002,0.040874705
0.61181974,2868.3086,3.571196,1.8305779,0.042814054,0.063903935,0.17120302,0.08219519
0.5921761,2106.8323,1.5966997,0.6348445,0.07552514,0.1070271,0.16720475,0.08803341
0.7537774,1974.865,2.957474,5.801667,0.1955804,0.10079269,0.05467444,0.0351593
0.7406196,2071.9958,2.5975301,5.385795,0.1357148,0.09272554,0.053082317,0.03241165
0.6718397,2603.4377,1.9177425,2.7220268,0.12961394,0.11513247,0.052123882,0.16820082
0.6675572,2658.8955,1.9012545,2.7910078,0.17154981,0.09963973,0.049101487,0.13691108
0.64092547,4013.1792,3.2226017,6.5718036,0.22768895,0.08082973,0.04268103,0.1869109
0.5978479,3039.6982,0.60162824,1.8408312,0.06336479,0.07861248,0.15491802,0.077639416
0.6712059,3697.4202,0.15032575,9.060585,0.05844044,0.06166551,0.14076725,0.06652811
0.63175356,4706.0737,1.8588274,8.323177,0.051580317,0.12279558,0.09277237,0.03908893
0.68963945,3721.4233,1.9623239,11.562136,0.14334492,0.07059875,0.053458087,0.124259464
0.6766829,4152.661,1.3720447,11.797615,0.12394684,0.05092141,0.053364135,0.36028588
0.6579848,4168.39,1.6442057,10.4713955,0.0910065,0.15388763,0.13152958,0.22885235
0.6581046,4545.3115,2.2538419,10.666936,0.040739246,0.4202951,0.06785705,0.043742355
0.6621891,4297.2065,2.913095,10.766706,0.039731935,0.71672976,0.045075733,0.055798315
0.6484135,4686.97,2.9311635,10.432596,0.04462786,0.6905434,0.044721484,0.05567942
0.6300065,5255.4077,2.4031327,11.333309,0.03721723,0.66733307,0.087389335,0.080293596
0.691294,3633.7517,1.3114167,11.427046,0.033827722,0.24562342,0.10990565,0.053248785
0.67549634,4102.1987,0.5253788,11.2032585,0.04836188,0.13664596,0.07095365,0.08724788
0.68248105,4006.955,0.23904954,11.552034,0.08724222,0.1322131,0.08287386,0.044778757
0.6744399,4050.1436,0.16504362,11.758478,0.116875246,0.16200069,0.07002507,0.06405913
0.5988368,6627.129,1.3416309,11.858709,0.10422589,0.046002813,0.13557336,0.05985349
0.6205954,5581.4995,1.9685585,11.830776,0.09342986,0.061783355,0.06519267,0.1757244
0.66236824,4218.13,2.9664323,10.939807,0.051434245,0.038832407,0.09180415,0.16555977
0.6898867,3507.59,2.9944904,11.277258,0.07074516,0.0520942,0.09050077,0.06709741
0.678288,3639.21,3.8545823,9.933034,0.20010404,0.05506865,0.07124748,0.05189348
0.7218437,2680.599,0.27865347,8.602494,0.47191465,0.14251812,0.1677538,0.05184385
0.6567,4274.999,2.219717,10.598048,0.07966903,0.0905249,0.18245175,0.058383755
0.635403,4612.285,1.4800152,8.323155,0.067008205,0.056596003,0.07042588,0.059133843
0.6699153,3759.7227,0.34641445,9.061439,0.14813668,0.07422885,0.067466035,0.058532357
0.6604245,4448.166,0.8530292,10.89331,0.058485795,0.10108389,0.0667569,0.07463237
0.60714304,2538.4197,0.2868692,1.2245363,0.20878524,0.12567115,0.07855837,0.055198707
0.69748104,2653.4524,2.291562,4.857278,0.06944277,0.23604438,0.049907874,0.099918276
0.5945474,5939.7095,1.6301031,8.807956,0.08253121,0.05143915,0.16719264,0.07718962
0.61191285,5497.504,2.770315,9.452959,0.0473538,0.05121485,0.12421652,0.080631
0.62820256,3259.07,1.8828754,2.8989754,0.052309252,0.18230793,0.11583206,0.109453134
0.6250779,2048.5198,0.7757126,0.822749,0.101308465,0.05282319,0.11714395,0.13231686
0.6004655,2252.3723,1.8602512,0.77932554,0.2168659,0.069231,0.12366061,0.06974252
0.6447481,2128.8708,1.7005606,1.0568397,0.10309592,0.04165268,0.10375212,0.067783915
0.6066795,2137.3347,1.3098329,0.69621557,0.10569541,0.08798365,0.11117014,0.0474734
0.6020122,2340.6138,1.6921716,0.8725182,0.11032934,0.08181289,0.11659104,0.057620447
0.6232117,2339.2039,1.2392093,1.0834223,0.127251,0.09099372,0.09809783,0.047282886
0.61807096,3572.115,0.67979795,2.9757502,0.11999533,0.07549827,0.054495536,0.059284408
0.66990733,3950.1033,3.548583,8.689444,0.05380698,0.08231659,0.10093185,0.10193756
0.68901104,2963.8052,3.511019,6.4077744,0.106527895,0.05441779,0.09810981,0.11520994
0.7097227,2597.6982,2.0459325,5.653126,0.13610236,0.09968079,0.10189601,0.07100877
0.61063087,3355.8257,2.3538446,2.6030705,0.17844039,0.09502534,0.056314677,0.14032282
0.65574646,3322.5596,1.3802223,4.349658,0.07078159,0.101933986,0.057254594,0.09231879
0.6527571,3449.891,1.1396385,4.7985573,0.05346097,0.12779647,0.03694632,0.09038123
0.6543051,3729.374,0.9897679,6.2197127,0.06511237,0.116774224,0.035757054,0.06724518
0.6603841,3741.6,0.81505406,6.4555135,0.06726941,0.13214242,0.03439648,0.06936285
0.6355693,3686.1592,1.0661777,4.5835466,0.060228396,0.07815105,0.07050538,0.045063365
0.6731458,3098.6936,2.5719736,4.9459577,0.12129794,0.11616496,0.05708694,0.08841419
0.63199866,4494.6514,0.5624579,6.518098,0.13338986,0.10061111,0.045783818,0.053467467
0.6772275,3660.464,0.6737063,9.734388,0.0429981,0.05407257,0.13280515,0.12276189
0.646858,4500.9873,1.0368019,9.128579,0.04516668,0.08493426,0.15404506,0.06888183
0.67221993,3543.0515,2.788915,7.510907,0.04961346,0.11388298,0.10099719,0.03135476
0.6431307,4217.6904,2.600843,7.509745,0.0633235,0.12166262,0.12370861,0.047564365
0.65702707,4179.5933,1.192611,9.514858,0.07456103,0.05374791,0.03378808,0.066661574
0.67743075,3785.282,0.63147396,9.921423,0.06818123,0.061402388,0.043219388,0.07408354
0.6506937,3586.4863,0.14629912,4.963215,0.046578374,0.05517814,0.04500972,0.13225944
0.6634877,3495.242,0.15608576,6.435792,0.10546699,0.10775137,0.106973395,0.048943583
0.6785432,3057.0715,0.10002421,5.018465,0.06528851,0.104224175,0.09032644,0.06431682
0.6587607,2543.3584,1.2726009,2.1350687,0.07231188,0.076674245,0.09324214,0.07005117
0.63528365,3496.1611,1.6754864,4.130085,0.080291815,0.05448827,0.08036914,0.07168228
0.6360729,3304.3699,1.8057781,3.3613334,0.04672848,0.111893505,0.12047943,0.047736675
0.6333897,4119.52,1.0984373,6.2121134,0.048252348,0.14939776,0.09245763,0.04069949
0.666232,4172.5156,1.1462632,10.891356,0.072443955,0.11038059,0.09553063,0.06564203
0.668478,4174.385,1.5789928,10.965272,0.057735078,0.10295289,0.088009335,0.043846656
0.6681361,4337.362,2.331152,11.774136,0.038667046,0.1825211,0.06418009,0.0441567
0.6484159,4522.155,2.0315554,8.975551,0.081160136,0.08564017,0.105476975,0.07219733
0.62167156,3591.1082,2.2489955,3.1777143,0.070942186,0.12124413,0.04275283,0.09163922
0.62214833,3505.229,2.3623693,3.5035014,0.14032143,0.05806326,0.104074895,0.08232858
0.68905103,2560.4697,2.2359295,3.5149887,0.037268564,0.1047599,0.060285028,0.042773843
0.68905103,2560.4697,2.2359295,3.5149887,0.037268564,0.1047599,0.060285028,0.042773843
0.68905103,2560.4697,2.2359295,3.5149887,0.037268564,0.1047599,0.060285028,0.042773843
0.68905103,2560.4697,2.2359295,3.5149887,0.037268564,0.1047599,0.060285028,0.042773843
0.68807024,2598.0024,1.4153676,3.7520928,0.070130065,0.13201492,0.06532016,0.03486291
0.6951467,2514.0552,1.2772648,3.7130625,0.060238853,0.12487314,0.058232214,0.035741173
0.6834717,2584.6826,2.147714,3.2162962,0.03934805,0.22436553,0.06861896,0.047272325
0.64874,2609.4307,4.0383143,1.9365159,0.1063569,0.23349608,0.03685155,0.07705552
0.6454027,2652.4326,3.8558433,1.9480253,0.11112364,0.26504004,0.040120482,0.07825809
0.6058337,2405.5356,0.10866553,0.99949265,0.05769795,0.07042241,0.11466327,0.054727715
0.56582004,2894.02,0.042745903,1.18089,0.060432736,0.08842091,0.098369986,0.11814199
0.71502423,2277.2512,0.12032295,3.550822,0.0776093,0.12410142,0.05260797,0.110978946
0.6263261,4856.9756,0.09004636,8.259292,0.03786905,0.09684663,0.120948955,0.11094738
0.62918323,2567.9104,0.087529495,1.606143,0.086846255,0.123455316,0.06566802,0.080168284
0.6228296,5557.2275,0.19283378,10.447509,0.11357704,0.07493748,0.0776039,0.06057719
0.6579317,2633.5454,0.6816421,2.3661077,0.04927469,0.07827161,0.08909276,0.054897197
0.64272624,4190.822,1.4670851,6.7582307,0.057163116,0.15725146,0.0735815,0.07984989
0.620939,4752.741,1.5012977,6.900606,0.048059702,0.21577278,0.07480135,0.04727258
0.61575395,4865.849,1.6079377,7.075208,0.0484259,0.21848802,0.0717069,0.04847295
0.6750946,3953.5928,2.1309423,11.262397,0.13393508,0.1112872,0.055898994,0.0461925
0.6389239,4841.2896,1.7544754,11.230909,0.0346136,0.06278938,0.09073518,0.07443764
0.6770515,4170.5347,1.7343382,11.937197,0.1414714,0.13394968,0.065483384,0.08407885
0.7044681,3500.8535,1.2918807,11.899923,0.111185305,0.16079381,0.10133416,0.08357353
0.6659691,4180.807,1.048397,11.918118,0.13063645,0.12015347,0.14636013,0.06831459
0.66472274,3814.8206,2.1450293,8.335331,0.046327785,0.062643945,0.04951629,0.084780216
0.66679865,3935.1035,0.5842549,9.116492,0.09884017,0.10544859,0.19682148,0.05933397
0.6712657,3782.448,0.5322451,9.609895,0.1225921,0.11472474,0.18366477,0.072734304
0.5868549,4242.417,0.2887486,3.4129286,0.052020725,0.24332269,0.13192849,0.121140204
0.5968209,5607.5854,0.11020441,8.009615,0.1664024,0.15063816,0.081855774,0.14049974
0.6462769,4702.187,0.21922627,9.818784,0.09059885,0.16735888,0.10919202,0.071636975
0.6008772,5765.395,2.2371156,8.255187,0.14736427,0.43895838,0.024700884,0.09008779
0.6008772,5765.395,2.2371156,8.255187,0.14736427,0.43895838,0.024700884,0.09008779
0.6005445,5777.8213,2.2238555,8.256053,0.14376697,0.4399346,0.024900034,0.09010256
0.59368587,6583.2856,1.1553457,9.306893,0.14657225,0.32433036,0.044545997,0.06025017
0.5720883,6765.1455,0.9217255,8.078702,0.15011741,0.40570176,0.030389423,0.07355491
0.6578384,4243.501,1.3131976,9.005113,0.08660141,0.20789391,0.059991915,0.08051167
0.7062175,2519.4153,0.4552396,5.1172276,0.100424446,0.04751303,0.07569324,0.08714447
0.70607215,2547.5432,0.4751919,5.132813,0.10537754,0.04779571,0.069710925,0.08910627
0.69809216,2166.2764,0.42772454,2.4970315,0.23311484,0.054071616,0.14187093,0.07430389
0.6683994,3666.1406,0.34336817,7.6013913,0.07867349,0.03298453,0.058573917,0.054750383
0.6683994,3666.1406,0.34336817,7.6013913,0.07867349,0.03298453,0.058573917,0.054750383
0.66776985,3690.2769,0.3582656,7.579566,0.07778792,0.03336998,0.05819373,0.055393413
0.66776985,3690.2769,0.3582656,7.579566,0.07778792,0.03336998,0.05819373,0.055393413
0.66246533,3455.4963,0.42955664,5.884491,0.066769004,0.055292934,0.069285184,0.069162786
0.6593832,3588.1472,1.5584742,6.0093255,0.1339498,0.16794509,0.041331068,0.21354163
0.6604526,3666.135,1.403839,6.1697917,0.13376553,0.18181774,0.03825029,0.22412466
0.6374017,3670.6125,1.0680728,4.2510066,0.13497537,0.1792334,0.049215876,0.24857123
0.60998714,3009.5789,0.9508848,1.8528357,0.09361978,0.10627328,0.04595145,0.17363752
0.6323534,4063.3953,2.052738,5.395085,0.12794311,0.10478601,0.13848451,0.038419656
0.58938015,3667.0574,1.8475293,2.3411877,0.17050385,0.0764145,0.15291703,0.06588333
0.59299976,5378.439,1.5029576,5.9471083,0.090162106,0.12784111,0.12447177,0.057816338
0.65061367,4359.272,2.943271,9.58875,0.033309665,0.09424815,0.09415452,0.214964
0.62182367,4759.026,2.6974843,7.6049423,0.046760533,0.075068995,0.068881094,0.1440045
0.67548996,2795.3413,0.9296561,3.7683318,0.112898745,0.092203945,0.07774353,0.03851526
0.65030104,3159.8955,3.9715996,3.7013874,0.04622758,0.077147596,0.09614485,0.044620156
0.6433669,1679.3912,1.4096565,0.5252728,0.042667527,0.079881445,0.08851266,0.098037325
0.6186307,2186.1797,1.9035081,0.86861473,0.06147368,0.049344108,0.08705615,0.07669619
0.631334,2237.646,1.6771336,1.1109298,0.077144064,0.041836016,0.07512305,0.07274743
0.5974671,2575.3235,1.3512197,1.1786574,0.054554023,0.149657,0.06760275,0.08394166
0.60898805,2609.3386,1.3410722,1.2354504,0.058938883,0.15398335,0.069449015,0.10597269
0.6054071,3054.5676,3.011734,2.0319004,0.06261868,0.049712542,0.09645147,0.09268175
0.63815427,2770.2544,1.9314446,2.3122973,0.050594773,0.0431427,0.07870818,0.09492944
0.6490115,2502.8486,2.3596878,1.945244,0.044366986,0.04917369,0.07799439,0.12096075
0.5927748,4118.5254,2.1061687,3.0677352,0.10272996,0.11081874,0.12969764,0.18400377
0.64145774,2325.4565,2.782153,1.3116187,0.08622113,0.22501376,0.083113305,0.060904726
0.64715385,2145.1606,2.2003512,1.1388701,0.07787617,0.2156892,0.086435005,0.07047389
0.6591574,2111.0999,2.0045128,1.2969949,0.06033711,0.20656139,0.07096971,0.059802454
0.7037412,1863.8439,2.3736265,1.5469397,0.04811088,0.09457612,0.088579945,0.08696461
0.7117852,1684.9044,2.0880113,1.2731332,0.0540214,0.13591096,0.067049645,0.081009716
0.69891983,1753.4714,2.6204083,1.1862644,0.059898846,0.13632156,0.07824598,0.066919886
0.6522999,2090.9968,2.1899054,1.1432761,0.04965707,0.17825687,0.12685709,0.06094598
0.6844017,2205.5698,1.4938328,2.1462436,0.029692637,0.1687492,0.25018921,0.10036183
0.6844017,2205.5698,1.4938328,2.1462436,0.029692637,0.1687492,0.25018921,0.10036183
0.6805965,2181.1624,1.4018977,2.0368655,0.02763404,0.15377171,0.24395835,0.10050455
0.6537062,2080.6711,1.3553385,1.0455407,0.031811755,0.21079074,0.21421076,0.07636953
0.7661922,1574.1559,2.992396,2.0992656,0.12611526,0.14377731,0.17058107,0.06345268
0.6472963,1959.7797,2.3159277,0.8828393,0.11517124,0.07453369,0.10238471,0.041213933
0.63410705,1990.4003,2.1974323,0.8515787,0.12691665,0.08177697,0.09224146,0.045629803
0.6324473,2058.5293,2.2531424,0.83037466,0.12020296,0.08018109,0.09369695,0.045385886
0.6411834,2096.6143,2.3654552,0.9822334,0.11048536,0.0802528,0.087205395,0.039497033
0.6427632,2014.3328,2.4272816,1.017869,0.11110509,0.08033055,0.08397755,0.04097875
0.6430915,2045.7184,2.4194136,0.9554762,0.10905731,0.08378107,0.088679835,0.042613167
0.64833945,2021.5148,2.70417,0.98762155,0.119296595,0.09809984,0.07601271,0.036336195
0.6498284,1885.4059,2.880256,0.82983446,0.117211424,0.09725941,0.07611385,0.03752242
0.71549726,2365.9587,1.034192,4.1943865,0.08203345,0.058631692,0.038010042,0.059148014
0.71549726,2365.9587,1.034192,4.1943865,0.08203345,0.058631692,0.038010042,0.059148014
0.7143443,2587.6558,0.6443925,5.333068,0.08645061,0.0745786,0.034778286,0.07974685
0.5444297,2630.0942,2.6325564,0.7168546,0.060269136,0.10663645,0.25517645,0.10176692
0.69709617,1608.3174,1.6048405,0.7632678,0.054127593,0.04928571,0.05001781,0.17604199
0.63497674,2089.8877,1.1753346,0.9188319,0.05116929,0.05820172,0.046404935,0.20087767
0.631867,2111.0535,1.046242,0.86224955,0.0492512,0.063634574,0.0428368,0.22303104
0.63174224,2074.615,1.0543697,0.8526749,0.048466675,0.06494857,0.045101047,0.23491086
0.63174224,2074.615,1.0543697,0.8526749,0.048466675,0.06494857,0.045101047,0.23491086
0.6450004,2043.2217,1.1695166,0.8023913,0.046189252,0.057286397,0.039904725,0.18718988
0.6450004,2043.2217,1.1695166,0.8023913,0.046189252,0.057286397,0.039904725,0.18718988
0.647369,1986.1461,1.0260669,0.80662036,0.047852058,0.05883489,0.038194235,0.17285888
0.6464765,1949.975,1.0097791,0.80990326,0.04894413,0.05942469,0.03882146,0.16939464
0.64626193,1932.1007,1.0008148,0.81170654,0.048859943,0.060213495,0.039057545,0.17095706
0.64626193,1932.1007,1.0008148,0.81170654,0.048859943,0.060213495,0.039057545,0.17095706
0.6436053,1940.1676,0.9525532,0.7765702,0.049589526,0.06175776,0.037610427,0.17699012
0.6445584,1926.2877,0.95578015,0.7152767,0.047379017,0.06117502,0.037639543,0.17371625
0.6445584,1926.2877,0.95578015,0.7152767,0.047379017,0.06117502,0.037639543,0.17371625
0.63906074,1923.096,1.0435822,0.79023135,0.048649885,0.05876072,0.03660794,0.1748343
0.63906074,1923.096,1.0435822,0.79023135,0.048649885,0.05876072,0.03660794,0.1748343
0.63906074,1923.096,1.0435822,0.79023135,0.048649885,0.05876072,0.03660794,0.1748343
0.63906074,1923.096,1.0435822,0.79023135,0.048649885,0.05876072,0.03660794,0.1748343
0.6423292,1957.8673,1.1038883,0.8502543,0.04974905,0.05681073,0.0402264,0.18620566
0.6423292,1957.8673,1.1038883,0.8502543,0.04974905,0.05681073,0.0402264,0.18620566
0.64379495,1955.0714,1.0708039,0.7662897,0.04750038,0.055849742,0.041035004,0.17866747
0.6451749,1954.8282,1.0983983,0.8218271,0.04982104,0.05552048,0.03884304,0.17430615
0.6451749,1954.8282,1.0983983,0.8218271,0.04982104,0.05552048,0.03884304,0.17430615
0.6451749,1954.8282,1.0983983,0.8218271,0.04982104,0.05552048,0.03884304,0.17430615
0.6426053,1948.1239,1.1187804,0.82232875,0.050504867,0.055170946,0.039381556,0.17487934
0.6431335,1952.5203,1.2342974,0.841362,0.0527095,0.057527654,0.040508382,0.17968449
0.68849015,1814.2261,2.6394513,1.1145842,0.030922472,0.059919987,0.06189318,0.17855138
0.67290217,1903.8567,2.0824933,1.1561022,0.039994724,0.051402297,0.05937934,0.15335828
0.67326653,1992.8589,2.062131,1.2156955,0.037489522,0.04666374,0.057481207,0.14124729
0.6786944,1902.9406,2.2779822,1.1351923,0.04223907,0.04803795,0.05373173,0.114745975
0.6933298,1863.0082,2.3905287,1.3948294,0.13278976,0.14730108,0.09078703,0.039050777
0.72668815,1872.5051,3.7668316,2.1086245,0.17121954,0.16706719,0.05247392,0.074163966
0.60167944,2838.1218,0.6341829,1.5341218,0.05113145,0.0722825,0.090229824,0.078009434
0.59164,2860.503,0.6233639,1.4386117,0.05320796,0.0807666,0.09624581,0.069598675
0.5809822,3245.285,0.6397212,1.555256,0.065225,0.07088857,0.07713353,0.07845819
0.6013567,3482.7244,0.79705095,2.349162,0.06254175,0.070226304,0.09020005,0.11440241
0.6314765,3974.989,0.7453549,6.3841405,0.05276553,0.04173066,0.30927444,0.17666313
0.66235816,2540.3486,1.200304,2.3369029,0.076290004,0.07890381,0.11945299,0.28936914
0.64377034,1691.457,0.6497325,0.5545033,0.10036205,0.056842636,0.16717967,0.22474542
0.64220554,1828.2307,0.45167306,0.6908903,0.10089726,0.05000192,0.18044607,0.17044339
0.62642634,1990.663,0.165172,0.75527954,0.12662335,0.08364491,0.25134853,0.1279898
0.5938964,1849.235,0.17107597,0.48272383,0.17883617,0.082342185,0.19009547,0.14157923
0.65057915,2102.021,3.1607313,1.055996,0.09317345,0.07524587,0.119975135,0.057519384
0.6573814,3402.2378,3.344549,4.732889,0.22595975,0.09078236,0.090957046,0.07489448
0.6903396,3059.101,2.3719046,6.527269,0.1270611,0.055653524,0.081389025,0.19280298
0.67742044,3048.4106,1.84399,5.158902,0.13319582,0.05466856,0.05690307,0.12619533
0.70431966,2327.9612,0.8915225,3.5157137,0.08580316,0.09586059,0.0644035,0.03057077
0.67227715,2488.348,1.3796526,2.2705123,0.053433266,0.086022556,0.0457946,0.07158961
0.6455636,2013.8887,1.7613459,0.896812,0.053112496,0.12574176,0.050807938,0.048533592
0.6455636,2013.8887,1.7613459,0.896812,0.053112496,0.12574176,0.050807938,0.048533592
0.6455636,2013.8887,1.7613459,0.896812,0.053112496,0.12574176,0.050807938,0.048533592
0.64207304,2047.7645,1.7085309,0.840605,0.05322962,0.121545486,0.052204296,0.045826353
0.6384526,2004.3751,1.7289732,0.80808884,0.05346372,0.117390044,0.05107427,0.04535106
0.6384526,2004.3751,1.7289732,0.80808884,0.05346372,0.117390044,0.05107427,0.04535106
0.6384526,2004.3751,1.7289732,0.80808884,0.05346372,0.117390044,0.05107427,0.04535106
0.6365927,1974.3502,1.7824972,0.785212,0.05430326,0.120294414,0.051542774,0.043917622
0.63180655,1970.235,1.8109281,0.7468295,0.055352423,0.12108095,0.053379864,0.04629945
0.6344387,1928.1887,1.8902936,0.7654417,0.055173613,0.12527436,0.054342344,0.04589761
0.6322933,1949.8813,1.926292,0.6789035,0.053301167,0.12811372,0.0520154,0.04343722
0.6303002,1943.2808,1.8426483,0.72963935,0.056715887,0.1252204,0.052609023,0.04300057
0.6305528,2027.84,1.7902181,0.7366401,0.0555312,0.134553,0.05183488,0.04206238
0.63455486,1958.9662,1.8346572,0.7619091,0.055043,0.13606621,0.051142592,0.041025564
0.63455486,1958.9662,1.8346572,0.7619091,0.055043,0.13606621,0.051142592,0.041025564
0.63455486,1958.9662,1.8346572,0.7619091,0.055043,0.13606621,0.051142592,0.041025564
0.6365963,1977.41,2.021809,0.7519743,0.05486293,0.13393071,0.051129486,0.040841892
0.6365963,1977.41,2.021809,0.7519743,0.05486293,0.13393071,0.051129486,0.040841892
0.6329493,2038.6265,1.8333262,0.7672647,0.05431191,0.13330138,0.051500283,0.04060702
0.6329493,2038.6265,1.8333262,0.7672647,0.05431191,0.13330138,0.051500283,0.04060702
0.6329493,2038.6265,1.8333262,0.7672647,0.05431191,0.13330138,0.051500283,0.04060702
0.6317978,2005.1727,1.7751539,0.8245573,0.0555776,0.13764437,0.05089006,0.040067937
0.6329034,2001.6024,1.8746068,0.73486876,0.05708747,0.13284619,0.051261052,0.041881934
0.6360286,2019.1539,1.8949538,0.7711904,0.05617933,0.1303154,0.049706593,0.041518107
0.6308183,2035.3057,1.8308898,0.79120237,0.056975074,0.12752426,0.052278668,0.040300027
0.6331975,2049.3096,1.7625926,0.8453412,0.05506894,0.12231332,0.05297455,0.04140592
0.6303548,1989.0168,1.704004,0.76182926,0.055952836,0.13049659,0.05159262,0.039968032
0.6303548,1989.0168,1.704004,0.76182926,0.055952836,0.13049659,0.05159262,0.039968032
0.6343647,2067.721,1.8007668,0.88568014,0.053416744,0.1289087,0.053667944,0.03760718
0.6343647,2067.721,1.8007668,0.88568014,0.053416744,0.1289087,0.053667944,0.03760718
0.6343647,2067.721,1.8007668,0.88568014,0.053416744,0.1289087,0.053667944,0.03760718
0.6384697,2053.555,1.8202368,0.89360315,0.055081964,0.13038762,0.05319553,0.037022263
0.6384697,2053.555,1.8202368,0.89360315,0.055081964,0.13038762,0.05319553,0.037022263
0.6384697,2053.555,1.8202368,0.89360315,0.055081964,0.13038762,0.05319553,0.037022263
0.6403138,2036.731,1.7995325,0.85483646,0.05335977,0.13242213,0.05034113,0.03631017
0.64544976,2114.3115,1.5411109,1.0249572,0.051299077,0.13019021,0.048933804,0.030960124
0.64544976,2114.3115,1.5411109,1.0249572,0.051299077,0.13019021,0.048933804,0.030960124
0.64544976,2114.3115,1.5411109,1.0249572,0.051299077,0.13019021,0.048933804,0.030960124
0.64544976,2114.3115,1.5411109,1.0249572,0.051299077,0.13019021,0.048933804,0.030960124
0.64544976,2114.3115,1.5411109,1.0249572,0.051299077,0.13019021,0.048933804,0.030960124
0.647421,2056.208,1.551087,1.0202204,0.052033376,0.1277619,0.04770769,0.030301243
0.647421,2056.208,1.551087,1.0202204,0.052033376,0.1277619,0.04770769,0.030301243
0.647421,2056.208,1.551087,1.0202204,0.052033376,0.1277619,0.04770769,0.030301243
0.6541334,2069.618,1.3984388,1.0505371,0.056337293,0.12916283,0.04832866,0.029821312
0.6548964,2088.0483,1.5443937,1.0721463,0.056369834,0.1317033,0.05068443,0.030766409
0.6548964,2088.0483,1.5443937,1.0721463,0.056369834,0.1317033,0.05068443,0.030766409
0.6548964,2088.0483,1.5443937,1.0721463,0.056369834,0.1317033,0.05068443,0.030766409
0.6548964,2088.0483,1.5443937,1.0721463,0.056369834,0.1317033,0.05068443,0.030766409
0.6548964,2088.0483,1.5443937,1.0721463,0.056369834,0.1317033,0.05068443,0.030766409
0.65427417,2072.1396,1.5138787,1.1182629,0.0571404,0.13094454,0.051967334,0.03153553
0.65427417,2072.1396,1.5138787,1.1182629,0.0571404,0.13094454,0.051967334,0.03153553
0.65975326,2058.7197,1.448666,1.1997122,0.055276576,0.13013664,0.053103063,0.032159872
0.6613328,2044.613,1.4272377,1.1421099,0.055183887,0.12893265,0.053893387,0.0317463
0.6577563,2035.895,1.509779,1.0987475,0.054772682,0.12659298,0.055331167,0.031853687
0.6577563,2035.895,1.509779,1.0987475,0.054772682,0.12659298,0.055331167,0.031853687
0.6577563,2035.895,1.509779,1.0987475,0.054772682,0.12659298,0.055331167,0.031853687
0.65481955,2049.2566,1.4325144,0.97216296,0.055494525,0.121726304,0.055776887,0.033821393
0.6555572,2012.504,1.3839093,0.9971372,0.05337368,0.1257944,0.054690305,0.033029266
0.6555572,2012.504,1.3839093,0.9971372,0.05337368,0.1257944,0.054690305,0.033029266
0.6555572,2012.504,1.3839093,0.9971372,0.05337368,0.1257944,0.054690305,0.033029266
0.6555572,2012.504,1.3839093,0.9971372,0.05337368,0.1257944,0.054690305,0.033029266
0.6555572,2012.504,1.3839093,0.9971372,0.05337368,0.1257944,0.054690305,0.033029266
0.6639798,2056.6018,1.2909874,1.245093,0.05182162,0.13416436,0.05134178,0.029898753
0.6639798,2056.6018,1.2909874,1.245093,0.05182162,0.13416436,0.05134178,0.029898753
0.66673374,2060.932,1.3460037,1.2347187,0.053892475,0.13988459,0.051207464,0.031158596
0.6663348,2063.5962,1.3301014,1.3444023,0.054844543,0.14659938,0.05146827,0.03161642
0.6663348,2063.5962,1.3301014,1.3444023,0.054844543,0.14659938,0.05146827,0.03161642
0.6663348,2063.5962,1.3301014,1.3444023,0.054844543,0.14659938,0.05146827,0.03161642
0.6663348,2063.5962,1.3301014,1.3444023,0.054844543,0.14659938,0.05146827,0.03161642
0.66785616,2019.479,1.3352387,1.2163435,0.055582937,0.14552459,0.051060647,0.03212707
0.66785616,2019.479,1.3352387,1.2163435,0.055582937,0.14552459,0.051060647,0.03212707
0.66785616,2019.479,1.3352387,1.2163435,0.055582937,0.14552459,0.051060647,0.03212707
0.6699858,2038.115,1.3740392,1.2935754,0.053112663,0.1494709,0.05243059,0.033260018
0.6645208,2034.3163,1.3865838,1.2464865,0.05443867,0.14623576,0.05151749,0.033973355
0.6645208,2034.3163,1.3865838,1.2464865,0.05443867,0.14623576,0.05151749,0.033973355
0.6643954,2049.615,1.3623012,1.1451606,0.05244108,0.14262468,0.052623123,0.03434068
0.6679271,1997.5428,1.3425614,1.2386131,0.052848034,0.14315528,0.053538203,0.033655096
0.664526,2039.1797,1.3228593,1.149672,0.052188493,0.15098457,0.053875744,0.03259308
0.6644729,2081.699,1.3766366,1.2398607,0.05123266,0.14789154,0.053670272,0.036090594
0.6659873,2088.743,1.3349012,1.3170637,0.05071125,0.15314181,0.054064564,0.038180396
0.6713549,2101.7324,1.3462676,1.3031785,0.051828206,0.1566855,0.056841187,0.039208956
0.6745162,2028.2535,1.4378027,1.4997945,0.053103924,0.15709674,0.055646066,0.037768796
0.6785611,1946.7604,1.3013095,1.2927213,0.054136977,0.15702017,0.056981053,0.038207605
0.6785611,1946.7604,1.3013095,1.2927213,0.054136977,0.15702017,0.056981053,0.038207605
0.6760642,1932.5151,1.4107023,1.202604,0.05143638,0.1548832,0.05576649,0.040238522
0.68329275,1933.6365,1.2886423,1.3578111,0.05254835,0.1529709,0.05887338,0.03643498
0.67866284,1973.2833,1.2964623,1.3638957,0.050898843,0.14999694,0.059052818,0.03638665
0.64097774,2823.541,2.3028064,2.356525,0.05764228,0.068459965,0.073388115,0.17976213
0.64266884,2673.8452,2.7025428,2.0859025,0.05554598,0.05866721,0.06468045,0.11494095
0.6470135,2806.4746,2.746402,2.604743,0.052189812,0.055270135,0.08012949,0.12611659
0.5588022,1686.3632,2.9366755,0.2871396,0.047155198,0.104219005,0.09520165,0.19501531
0.6768594,1756.4666,1.9916475,0.9018798,0.07904965,0.08301227,0.15366039,0.080707915
0.69111496,2581.789,1.8725202,3.971373,0.06839712,0.09632379,0.11536997,0.10925129
0.6075193,3002.511,2.5062678,1.9216577,0.088804066,0.08762096,0.28811517,0.06445866
0.59570116,3224.883,2.9151785,2.0685163,0.08120336,0.09529005,0.32137677,0.09669996
0.60887057,6723.512,1.0708109,11.493084,0.17792599,0.12878907,0.13345742,0.121972226
0.7107262,3396.2317,2.6760466,11.517506,0.07474724,0.20426421,0.063027255,0.0692909
0.66417617,4239.2695,1.827238,11.792505,0.045004204,0.23142108,0.058474265,0.06502561
0.57291883,3046.0781,0.19742827,1.232902,0.15514752,0.07611882,0.07480804,0.05253709
0.6111349,2218.7148,0.19030963,0.8513729,0.1423759,0.10156397,0.04618497,0.08039213
0.65983087,3835.2092,0.24031807,7.2102194,0.047267545,0.09885214,0.11431263,0.06768644
0.64572173,4357.9756,3.3966012,8.346974,0.12295313,0.085333064,0.035513803,0.04938324
0.65052724,4263.1104,3.387806,8.37297,0.10664375,0.089717396,0.036882617,0.052580647
0.64799154,4149.8574,4.261352,7.1633024,0.069393635,0.09934879,0.05262936,0.048185028
0.6741376,3212.0034,2.2442021,5.4150486,0.08359132,0.11140244,0.06509113,0.07809904
0.68340003,3060.962,1.767193,5.7810698,0.10375393,0.10768192,0.062706694,0.03804864
0.7127435,2679.0923,2.9693916,6.5816703,0.09529087,0.08069768,0.036979895,0.059754822
0.70151037,2881.2036,2.3781517,6.2347236,0.13208935,0.10301685,0.055919375,0.06864425
0.6915469,3315.1006,0.6526998,9.392568,0.093390495,0.10758459,0.055756744,0.032879975
0.6001936,5996.565,3.8983867,9.874478,0.11823072,0.07566004,0.13695666,0.3496853
0.5969305,5839.9893,4.8403244,9.327719,0.095479056,0.06756089,0.18080519,0.58185285
0.62445027,5217.832,2.189442,10.031681,0.10660252,0.088494584,0.26994523,0.5297178
0.6579457,4173.7305,1.2753087,10.210394,0.091443926,0.06770673,0.19794384,0.27286336
0.6725813,3918.6816,1.3133688,10.366413,0.08852368,0.06996171,0.22909404,0.26269108
0.67241144,3960.332,1.5417169,10.809452,0.09607878,0.081471324,0.23295934,0.23141152
0.5181409,4028.354,2.1844778,1.4500172,0.15713786,0.120538905,0.08855435,0.12700652
0.58527505,3947.581,2.4841077,2.7268243,0.17152108,0.19620803,0.15388271,0.1652775
0.6813398,2875.1226,1.7933296,3.572534,0.375108,0.16759248,0.08923976,0.06493876
0.60435146,4123.3564,0.9308025,3.8518193,0.039367784,0.13185792,0.12478888,0.14106606
0.60479844,3677.7559,0.75533783,2.7557988,0.11123799,0.12238035,0.0846408,0.14345862
0.6345736,3680.8174,0.65005773,4.9941583,0.123095006,0.040624134,0.11506181,0.13999707
0.55969393,5056.6055,0.34692088,3.8220327,0.09166579,0.06660539,0.122281246,0.2577658
0.5424902,3393.496,0.57795995,1.0046952,0.14550738,0.13458876,0.056951985,0.07938105
0.5396438,3353.116,0.5312482,0.98405695,0.16517776,0.1714797,0.040713154,0.08255419
0.5355334,3445.2253,0.53436667,1.0577329,0.16947804,0.17949688,0.04028119,0.07053218
0.5355334,3445.2253,0.53436667,1.0577329,0.16947804,0.17949688,0.04028119,0.07053218
0.5355334,3445.2253,0.53436667,1.0577329,0.16947804,0.17949688,0.04028119,0.07053218
0.5355334,3445.2253,0.53436667,1.0577329,0.16947804,0.17949688,0.04028119,0.07053218
0.5355334,3445.2253,0.53436667,1.0577329,0.16947804,0.17949688,0.04028119,0.07053218
0.5297751,3769.4329,0.6963201,1.2116036,0.21941434,0.15087686,0.04865986,0.08116633
0.53599197,3545.0107,2.506912,1.2240484,0.19312203,0.13717885,0.071967766,0.045536503
0.5474923,4882.131,2.7172484,2.9850543,0.16962388,0.15010154,0.15113544,0.06518624
0.56473947,5449.8306,1.4158784,4.1839223,0.1016251,0.08456241,0.122111164,0.10931176
0.5508177,5383.6665,0.9468228,4.007604,0.120961785,0.0689631,0.11513291,0.08710654
0.6999839,2931.0728,2.1512902,6.6107693,0.055566974,0.08337638,0.14435774,0.13369137
0.662633,4200.0327,2.2130153,9.253173,0.050005995,0.11743075,0.09675187,0.14788865
0.6168987,5053.021,2.338766,8.944826,0.0456724,0.120072715,0.13745189,0.2373098
0.6310871,4453.973,2.4544365,6.5850363,0.06460683,0.1099067,0.11876961,0.15248834
0.65942955,3477.2678,1.7174174,5.451167,0.034764417,0.09066506,0.100524366,0.22065908
0.6781268,2249.4556,3.2312832,2.2248082,0.07873526,0.084080085,0.18292007,0.16992
0.6618373,2438.6384,3.7226946,2.2707617,0.076583244,0.091582716,0.19718371,0.16683602
0.56398696,4241.964,1.7777648,2.8326516,0.069572516,0.053721916,0.08142631,0.0987731
0.7396099,2505.0244,0.99335605,10.096289,0.13727438,0.10040462,0.05488763,0.041972533
0.62819344,2995.9329,3.5339308,2.1822345,0.049271397,0.10677581,0.08791196,0.08470914
0.65230525,4545.7686,0.53560525,9.441713,0.20002764,0.10562782,0.05023314,0.051025804
0.7311716,2587.895,0.3411278,7.8749447,0.11264794,0.07821873,0.075501435,0.050299488
0.699865,3052.104,0.42274928,8.262538,0.047997456,0.06689809,0.045880444,0.06036121
0.7031963,2884.2336,0.4794654,6.785162,0.045400627,0.060617905,0.036370285,0.06765086
0.70367336,2958.1523,0.49071476,7.0342836,0.045113064,0.059687886,0.03644966,0.06785165
0.6975939,3043.2688,0.3902009,7.2026486,0.04921989,0.056052346,0.04540918,0.047696106
0.6975939,3043.2688,0.3902009,7.2026486,0.04921989,0.056052346,0.04540918,0.047696106
0.7148978,2673.5435,0.31879213,7.216551,0.08206915,0.04281097,0.06620518,0.06243907
0.60319895,4559.2817,1.3216475,4.9044485,0.05604894,0.06346907,0.08980599,0.10149842
0.71365786,2325.0527,2.1869304,4.001453,0.069979206,0.08340308,0.15821658,0.04489182
0.724558,2035.4166,1.439308,2.8935328,0.055772673,0.06045696,0.09735035,0.03386222
0.7018777,2917.9177,1.5920472,7.925157,0.12388683,0.03723215,0.06946956,0.044467803
0.7112328,2980.9258,1.1873507,8.973896,0.09400119,0.060814384,0.09802405,0.04749773
0.59454197,4469.3003,2.4362524,4.4104457,0.14100508,0.06656851,0.110323,0.06173878
0.59560686,2706.0603,0.9777341,1.2891195,0.13021156,0.06344041,0.14287373,0.06458248
0.6144862,2733.915,1.7638606,1.3877873,0.13375252,0.093467146,0.16776232,0.050342318
0.6207796,2496.9595,0.41366366,1.2056379,0.26029402,0.07551603,0.30519375,0.07010379
0.6972512,1711.8291,3.041834,0.906798,0.55335444,0.07716618,0.14639364,0.07848831
0.684455,1260.3583,1.6034998,0.39063752,0.35479927,0.08026007,0.1749017,0.095462784
0.73443025,1676.0172,1.3806955,2.0467885,0.09660465,0.06289018,0.21744892,0.14081144
0.73451054,2212.9429,0.769872,5.492204,0.13035594,0.068492144,0.09102312,0.07169946
0.7373649,2008.7412,2.190136,4.2508507,0.2480708,0.0400395,0.03430378,0.12757534
0.75348705,1798.8308,0.743566,3.0359378,0.19767019,0.06917878,0.04106845,0.047308393
0.74302596,2369.6643,0.8526637,7.432395,0.14276479,0.067867376,0.052509602,0.055278383
0.701406,3101.8582,0.54766595,8.60151,0.24717706,0.11084942,0.08898636,0.073508695
0.64781743,4395.53,1.7147573,9.355473,0.19276509,0.052106448,0.12259418,0.145852
0.65431005,4245.4004,1.4365548,9.789751,0.13473664,0.031249791,0.12189007,0.11264421
0.65951574,3992.8508,1.8934864,9.010815,0.1398259,0.07892515,0.08317101,0.5688197
0.6151833,4722.1714,1.6146762,6.700832,0.19679591,0.056205306,0.09960078,0.30826828
0.6427744,4114.6367,1.9462377,7.092553,0.12013239,0.070185445,0.11105234,0.33822435
0.6426488,4092.6716,2.132906,6.826299,0.10604976,0.06747331,0.11514362,0.34901884
0.5644507,3838.5825,2.4110806,2.0080245,0.11969808,0.05738668,0.09328225,0.26526052
0.56062573,3548.1094,2.4037576,1.5820584,0.106515706,0.051084124,0.08667688,0.21364966
0.65404826,3995.3928,1.5601281,7.116122,0.059306588,0.12030663,0.13962285,0.042727873
0.6369178,3954.736,3.3143601,5.7802286,0.06716588,0.10442072,0.08051328,0.03761153
0.64454144,3927.5435,1.7823391,6.358574,0.081136316,0.1629389,0.0511084,0.052323807
0.6466055,3971.1724,2.0482059,6.0819197,0.07439896,0.08434763,0.036471523,0.04246144
0.6716499,2914.6511,1.9969662,4.188458,0.060586423,0.045652173,0.080108345,0.055747785
0.6795214,3358.0764,1.5769126,7.2708817,0.06562663,0.07179149,0.08183675,0.050724
0.6523654,3968.785,2.9893374,7.3011117,0.09754924,0.05717707,0.08811587,0.05119865
0.69021934,3138.4016,1.569064,6.3774443,0.12736858,0.080465004,0.10511046,0.063529655
0.6826992,2899.212,1.9653641,4.293826,0.12557906,0.07729831,0.09493643,0.08051342
0.6955644,2676.7754,2.7776103,5.797944,0.09054603,0.07731195,0.07851558,0.071307875
0.58587116,5099.044,1.221989,5.1642375,0.08887428,0.11646135,0.08407766,0.120903455
0.645485,3920.7534,2.0207062,5.99372,0.04974358,0.105540976,0.036618765,0.21649255
0.6558473,3657.048,2.9818647,6.182239,0.11576571,0.043760184,0.121792726,0.11410938
0.605426,3665.4375,2.28563,3.111485,0.14827368,0.03711754,0.12772267,0.110104114
0.61402434,3471.2722,1.7389994,2.931076,0.17305455,0.05383589,0.110174045,0.13132672
0.6737438,2466.9307,2.3988845,2.4580915,0.18673822,0.10102052,0.07213231,0.10986133
0.576058,2111.2034,2.1761482,0.5282147,0.116372444,0.11208315,0.07536182,0.054081608
0.58073276,2110.443,2.2758982,0.56761104,0.11467601,0.11172245,0.07388522,0.04828318
0.58073276,2110.443,2.2758982,0.56761104,0.11467601,0.11172245,0.07388522,0.04828318
0.58073276,2110.443,2.2758982,0.56761104,0.11467601,0.11172245,0.07388522,0.04828318
0.5895995,2175.9983,2.3484273,0.60365814,0.110210456,0.109500304,0.07386364,0.043759733
0.5884633,2145.1482,2.2737758,0.62610596,0.11016325,0.10428043,0.070808545,0.04603033
0.5922319,2124.4897,2.295694,0.5795875,0.10961377,0.1042586,0.07228428,0.047163676
0.59019333,2113.3938,2.3449082,0.5580241,0.10616307,0.1010622,0.073319204,0.046877224
0.5916788,2080.9756,2.4013968,0.569067,0.10149518,0.1026199,0.07181284,0.04669833
0.5916788,2080.9756,2.4013968,0.569067,0.10149518,0.1026199,0.07181284,0.04669833
0.5916788,2080.9756,2.4013968,0.569067,0.10149518,0.1026199,0.07181284,0.04669833
0.60714984,2033.9713,2.257168,0.6216313,0.10058272,0.10154426,0.07339301,0.04353193
0.60603327,2013.4226,2.1946154,0.59620994,0.101512454,0.09936476,0.072703324,0.04420915
0.60609126,1926.4352,2.0730088,0.5652857,0.093476124,0.10289653,0.07098841,0.042840734
0.6073041,2051.546,2.1718264,0.63034475,0.08708482,0.10067955,0.07032937,0.048926808
0.6073041,2051.546,2.1718264,0.63034475,0.08708482,0.10067955,0.07032937,0.048926808
0.6073041,2051.546,2.1718264,0.63034475,0.08708482,0.10067955,0.07032937,0.048926808
0.63050884,1768.4387,1.9457642,0.5305909,0.06378875,0.07841935,0.06334065,0.116506174
0.63342094,3455.2544,2.491353,3.5333145,0.081497505,0.15652682,0.16885445,0.03880973
0.6372486,3087.1343,2.4776044,2.6706233,0.085255414,0.15870312,0.1515051,0.035281472
0.65285474,4634.4053,0.737209,10.455011,0.040503833,0.08318223,0.07810308,0.11546592
0.71088064,2967.1328,3.1635034,9.838838,0.15628724,0.05721362,0.06225718,0.11037383
0.69832265,2924.2253,2.6450844,6.7491684,0.16458218,0.048513636,0.075825915,0.09392469
0.5905187,3693.7651,0.9341511,2.505367,0.093027264,0.060749028,0.06936801,0.077336214
0.5771996,4441.962,0.42561197,3.4812007,0.075078644,0.062059354,0.082539685,0.077800386
0.62397647,3605.3875,0.59262097,3.466476,0.17081228,0.06454594,0.10292715,0.044155397
0.67296267,3105.1008,3.698982,4.7727065,0.049279857,0.08618377,0.116030544,0.09196104
0.6622498,3082.9165,4.8736415,4.298298,0.06563664,0.08196283,0.12564108,0.06986373
0.685141,2999.0825,2.5910556,5.451658,0.046180807,0.07907796,0.11454553,0.08641493
0.44714698,1796.7965,0.7213657,0.17510758,0.1371408,0.08715848,0.08178824,0.097377144
0.5388331,1104.2067,3.693315,0.080793835,0.08173227,0.050775398,0.07186348,0.04587818
0.50754607,1181.0406,2.8158162,0.059768416,0.06073902,0.059965704,0.095056474,0.10637899
0.45843083,1140.7069,2.4826465,0.018981384,0.029224107,0.03992192,0.05258199,0.10156329
0.49321458,1097.5808,1.6980766,0.030224048,0.15494752,0.067584604,0.06680673,0.096208595
0.5318297,1132.6489,1.1037621,0.06311504,0.15289794,0.0913202,0.066542946,0.10083637
0.43213686,1202.6833,3.086465,0.018573062,0.035446737,0.042403713,0.078761436,0.05100766
0.5488252,1036.8953,0.85662174,0.044391014,0.14359428,0.09024775,0.13502076,0.17711535
0.5003258,1025.9305,1.633218,0.03966712,0.2062263,0.1454008,0.06116048,0.07790475
0.5129814,1045.2297,1.4775984,0.025454452,0.21223812,0.25073773,0.043713998,0.117184095
0.5122366,1094.4115,2.7373233,0.03606312,0.22943804,0.17306769,0.07685025,0.11554165
0.49387637,1064.4171,3.1167743,0.023449361,0.060087077,0.14789173,0.21621183,0.08827736
0.47882953,1347.9072,1.2275838,0.09155429,0.056657,0.0438114,0.40899462,0.041524872
0.48906684,1359.0353,0.470556,0.11501488,0.068454415,0.12454423,0.22058764,0.05639504
0.49845183,1559.598,0.6696591,0.17145278,0.043442987,0.08886513,0.10781507,0.03864127
0.48437163,1563.2028,0.77756447,0.1487257,0.053802595,0.08249095,0.110506855,0.041100882
0.5342729,1299.1304,2.6675992,0.11224879,0.10782592,0.3025894,0.036980122,0.17604691
0.5498861,1306.5669,1.8044974,0.15195043,0.11917279,0.24627998,0.03803824,0.12823635
0.5437998,1260.9707,1.6724558,0.12625729,0.124988854,0.22188744,0.044027746,0.12858635
0.5914905,1386.7928,2.0263798,0.21253806,0.15595658,0.29357898,0.04237671,0.1827742
0.50332826,1652.5,1.2019746,0.17325759,0.110082254,0.32124993,0.039148416,0.24971582
0.5339222,1508.7301,1.789502,0.20478004,0.08010818,0.048504278,0.11497236,0.038309008
0.5308322,1521.4103,1.7336116,0.19609952,0.07786463,0.047567517,0.112850115,0.036928184
0.5321575,1539.395,1.7431457,0.20573789,0.078905635,0.04691552,0.114750266,0.03677278
0.5321575,1539.395,1.7431457,0.20573789,0.078905635,0.04691552,0.114750266,0.03677278
0.5321575,1539.395,1.7431457,0.20573789,0.078905635,0.04691552,0.114750266,0.03677278
0.53253055,1568.4304,1.7712418,0.21398528,0.07944514,0.04635658,0.11565633,0.036832437
0.5373457,1610.7416,1.7239614,0.24417749,0.09086384,0.046270184,0.114378765,0.0356574
0.5378461,1593.9602,1.7192459,0.2377265,0.09308162,0.045536328,0.11451386,0.03549364
0.5327405,1631.5035,1.6792058,0.22921325,0.08839836,0.045183297,0.11129829,0.035940867
0.5327405,1631.5035,1.6792058,0.22921325,0.08839836,0.045183297,0.11129829,0.035940867
0.5327405,1631.5035,1.6792058,0.22921325,0.08839836,0.045183297,0.11129829,0.035940867
0.5327405,1631.5035,1.6792058,0.22921325,0.08839836,0.045183297,0.11129829,0.035940867
0.52661043,1627.5864,1.7422117,0.23813005,0.085161924,0.04510835,0.10882811,0.036591414
0.52661043,1627.5864,1.7422117,0.23813005,0.085161924,0.04510835,0.10882811,0.036591414
0.52661043,1627.5864,1.7422117,0.23813005,0.085161924,0.04510835,0.10882811,0.036591414
0.52661043,1627.5864,1.7422117,0.23813005,0.085161924,0.04510835,0.10882811,0.036591414
0.52661043,1627.5864,1.7422117,0.23813005,0.085161924,0.04510835,0.10882811,0.036591414
0.5193154,1558.3696,1.657451,0.19181432,0.08321312,0.04792536,0.09811108,0.035092574
0.5193154,1558.3696,1.657451,0.19181432,0.08321312,0.04792536,0.09811108,0.035092574
0.52131796,1545.0568,1.6777729,0.19282569,0.084355414,0.04528286,0.097405404,0.0332328
0.52131796,1545.0568,1.6777729,0.19282569,0.084355414,0.04528286,0.097405404,0.0332328
0.5192506,1545.1154,1.7112795,0.18915619,0.08402049,0.046071097,0.09221197,0.033574767
0.5192506,1545.1154,1.7112795,0.18915619,0.08402049,0.046071097,0.09221197,0.033574767
0.5192506,1545.1154,1.7112795,0.18915619,0.08402049,0.046071097,0.09221197,0.033574767
0.5186649,1578.1064,1.6988002,0.19845827,0.081890225,0.04691848,0.093598574,0.032226726
0.5186649,1578.1064,1.6988002,0.19845827,0.081890225,0.04691848,0.093598574,0.032226726
0.5186649,1578.1064,1.6988002,0.19845827,0.081890225,0.04691848,0.093598574,0.032226726
0.5186649,1578.1064,1.6988002,0.19845827,0.081890225,0.04691848,0.093598574,0.032226726
0.52112544,1590.747,1.5712936,0.21474043,0.082912534,0.045969013,0.0956348,0.03122965
0.52112544,1590.747,1.5712936,0.21474043,0.082912534,0.045969013,0.0956348,0.03122965
0.52112544,1590.747,1.5712936,0.21474043,0.082912534,0.045969013,0.0956348,0.03122965
0.52112544,1590.747,1.5712936,0.21474043,0.082912534,0.045969013,0.0956348,0.03122965
0.52112544,1590.747,1.5712936,0.21474043,0.082912534,0.045969013,0.0956348,0.03122965
0.52112544,1590.747,1.5712936,0.21474043,0.082912534,0.045969013,0.0956348,0.03122965
0.52112544,1590.747,1.5712936,0.21474043,0.082912534,0.045969013,0.0956348,0.03122965
0.52112544,1590.747,1.5712936,0.21474043,0.082912534,0.045969013,0.0956348,0.03122965
0.52112544,1590.747,1.5712936,0.21474043,0.082912534,0.045969013,0.0956348,0.03122965
0.52112544,1590.747,1.5712936,0.21474043,0.082912534,0.045969013,0.0956348,0.03122965
0.5289528,1628.6436,1.4785802,0.23676151,0.081114754,0.04660419,0.08302228,0.029958485
0.5289528,1628.6436,1.4785802,0.23676151,0.081114754,0.04660419,0.08302228,0.029958485
0.5289528,1628.6436,1.4785802,0.23676151,0.081114754,0.04660419,0.08302228,0.029958485
0.5289528,1628.6436,1.4785802,0.23676151,0.081114754,0.04660419,0.08302228,0.029958485
0.5289528,1628.6436,1.4785802,0.23676151,0.081114754,0.04660419,0.08302228,0.029958485
0.5289528,1628.6436,1.4785802,0.23676151,0.081114754,0.04660419,0.08302228,0.029958485
0.5278778,1639.2068,1.4071536,0.22025812,0.0827372,0.047956333,0.08360549,0.030956766
0.52830213,1594.3645,1.4747983,0.21593584,0.07694186,0.047958177,0.08590735,0.031884287
0.52830213,1594.3645,1.4747983,0.21593584,0.07694186,0.047958177,0.08590735,0.031884287
0.5281682,1602.7695,1.4307402,0.22036624,0.07484339,0.04789558,0.08616485,0.031305525
0.5299617,1594.3977,1.4397259,0.21827866,0.07555695,0.049435355,0.08553761,0.031873677
0.5299617,1594.3977,1.4397259,0.21827866,0.07555695,0.049435355,0.08553761,0.031873677
0.5294605,1575.4628,1.4223406,0.21401638,0.077442564,0.045199275,0.08751876,0.031900704
0.5294605,1575.4628,1.4223406,0.21401638,0.077442564,0.045199275,0.08751876,0.031900704
0.52941173,1607.4071,1.5084887,0.22829956,0.08047436,0.044947255,0.08415329,0.03168224
0.52941173,1607.4071,1.5084887,0.22829956,0.08047436,0.044947255,0.08415329,0.03168224
0.52684486,1636.2542,1.5899444,0.23514965,0.07796832,0.045149557,0.084028445,0.03287108
0.52684486,1636.2542,1.5899444,0.23514965,0.07796832,0.045149557,0.084028445,0.03287108
0.52684486,1636.2542,1.5899444,0.23514965,0.07796832,0.045149557,0.084028445,0.03287108
0.52430236,1679.4491,1.6080605,0.23266082,0.07401186,0.047040246,0.08240016,0.033796277
0.522818,1686.6008,1.6764826,0.24129948,0.07391584,0.046296127,0.08223732,0.03204402
0.522818,1686.6008,1.6764826,0.24129948,0.07391584,0.046296127,0.08223732,0.03204402
0.522818,1686.6008,1.6764826,0.24129948,0.07391584,0.046296127,0.08223732,0.03204402
0.523306,1699.1895,1.652642,0.2384394,0.07161737,0.044401407,0.084489964,0.030963011
0.5241286,1712.8242,1.5217143,0.24992536,0.07117982,0.04633785,0.083557785,0.03158165
0.5241286,1712.8242,1.5217143,0.24992536,0.07117982,0.04633785,0.083557785,0.03158165
0.5241286,1712.8242,1.5217143,0.24992536,0.07117982,0.04633785,0.083557785,0.03158165
0.5276951,1723.2019,1.5625609,0.2605605,0.07116248,0.046888415,0.08221313,0.032192666
0.5276951,1723.2019,1.5625609,0.2605605,0.07116248,0.046888415,0.08221313,0.032192666
0.5276951,1723.2019,1.5625609,0.2605605,0.07116248,0.046888415,0.08221313,0.032192666
0.5276951,1723.2019,1.5625609,0.2605605,0.07116248,0.046888415,0.08221313,0.032192666
0.5276951,1723.2019,1.5625609,0.2605605,0.07116248,0.046888415,0.08221313,0.032192666
0.5242904,1719.9824,1.5968261,0.2501862,0.06940708,0.047208823,0.083804324,0.03216198
0.5242904,1719.9824,1.5968261,0.2501862,0.06940708,0.047208823,0.083804324,0.03216198
0.5226824,1738.1232,1.6638646,0.2588637,0.06959114,0.04805057,0.08340189,0.032409687
0.5357161,1696.3519,1.3533558,0.26406357,0.07598986,0.043134667,0.06921067,0.032338206
0.5357161,1696.3519,1.3533558,0.26406357,0.07598986,0.043134667,0.06921067,0.032338206
0.5357161,1696.3519,1.3533558,0.26406357,0.07598986,0.043134667,0.06921067,0.032338206
0.5357161,1696.3519,1.3533558,0.26406357,0.07598986,0.043134667,0.06921067,0.032338206
0.5357161,1696.3519,1.3533558,0.26406357,0.07598986,0.043134667,0.06921067,0.032338206
0.53664273,1709.437,1.332903,0.26046127,0.07518729,0.04142227,0.0705984,0.03218732
0.53664273,1709.437,1.332903,0.26046127,0.07518729,0.04142227,0.0705984,0.03218732
0.53664273,1709.437,1.332903,0.26046127,0.07518729,0.04142227,0.0705984,0.03218732
0.53664273,1709.437,1.332903,0.26046127,0.07518729,0.04142227,0.0705984,0.03218732
0.53664273,1709.437,1.332903,0.26046127,0.07518729,0.04142227,0.0705984,0.03218732
0.53664273,1709.437,1.332903,0.26046127,0.07518729,0.04142227,0.0705984,0.03218732
0.53584546,1747.5624,1.4034358,0.27675942,0.071213834,0.03972499,0.074903175,0.033542547
0.53557473,1706.6064,1.4897429,0.2728773,0.07184155,0.04062609,0.073022604,0.0341151
0.53557473,1706.6064,1.4897429,0.2728773,0.07184155,0.04062609,0.073022604,0.0341151
0.532744,1762.0426,1.5466304,0.28037846,0.07031129,0.039540015,0.06972289,0.03524539
0.5324951,1752.9902,1.4578724,0.27804378,0.069015525,0.03965212,0.06983897,0.034575853
0.5324951,1752.9902,1.4578724,0.27804378,0.069015525,0.03965212,0.06983897,0.034575853
0.5324951,1752.9902,1.4578724,0.27804378,0.069015525,0.03965212,0.06983897,0.034575853
0.5319893,1737.2605,1.3863657,0.27201387,0.069601946,0.041875586,0.06941375,0.034656744
0.5319893,1737.2605,1.3863657,0.27201387,0.069601946,0.041875586,0.06941375,0.034656744
0.5319893,1737.2605,1.3863657,0.27201387,0.069601946,0.041875586,0.06941375,0.034656744
0.5319893,1737.2605,1.3863657,0.27201387,0.069601946,0.041875586,0.06941375,0.034656744
0.5319893,1737.2605,1.3863657,0.27201387,0.069601946,0.041875586,0.06941375,0.034656744
0.5319893,1737.2605,1.3863657,0.27201387,0.069601946,0.041875586,0.06941375,0.034656744
0.5319893,1737.2605,1.3863657,0.27201387,0.069601946,0.041875586,0.06941375,0.034656744
0.5223062,1724.2958,1.3186617,0.24368824,0.07124738,0.04238558,0.069456965,0.035971083
0.5223062,1724.2958,1.3186617,0.24368824,0.07124738,0.04238558,0.069456965,0.035971083
0.5223062,1724.2958,1.3186617,0.24368824,0.07124738,0.04238558,0.069456965,0.035971083
0.5227927,1755.5615,1.3616276,0.25222647,0.072814725,0.04271276,0.06971445,0.036226597
0.5227927,1755.5615,1.3616276,0.25222647,0.072814725,0.04271276,0.06971445,0.036226597
0.51767474,1713.0084,1.3253764,0.24649554,0.07313338,0.043439932,0.06883447,0.034266792
0.51767474,1713.0084,1.3253764,0.24649554,0.07313338,0.043439932,0.06883447,0.034266792
0.51767474,1713.0084,1.3253764,0.24649554,0.07313338,0.043439932,0.06883447,0.034266792
0.515471,1712.9141,1.3243288,0.23960826,0.070797905,0.043261964,0.069627985,0.034493573
0.515471,1712.9141,1.3243288,0.23960826,0.070797905,0.043261964,0.069627985,0.034493573
0.515471,1712.9141,1.3243288,0.23960826,0.070797905,0.043261964,0.069627985,0.034493573
0.515471,1712.9141,1.3243288,0.23960826,0.070797905,0.043261964,0.069627985,0.034493573
0.515471,1712.9141,1.3243288,0.23960826,0.070797905,0.043261964,0.069627985,0.034493573
0.5202451,1682.6199,1.305608,0.22714797,0.071489185,0.04340796,0.07163571,0.035531275
0.5202451,1682.6199,1.305608,0.22714797,0.071489185,0.04340796,0.07163571,0.035531275
0.5202451,1682.6199,1.305608,0.22714797,0.071489185,0.04340796,0.07163571,0.035531275
0.52074295,1644.0978,1.2140777,0.22295706,0.07384087,0.042580515,0.07029839,0.03802732
0.52074295,1644.0978,1.2140777,0.22295706,0.07384087,0.042580515,0.07029839,0.03802732
0.52074295,1644.0978,1.2140777,0.22295706,0.07384087,0.042580515,0.07029839,0.03802732
0.52511656,1629.7992,1.2334146,0.22847064,0.06985584,0.043914042,0.06926429,0.037444178
0.52511656,1629.7992,1.2334146,0.22847064,0.06985584,0.043914042,0.06926429,0.037444178
0.52779317,1648.3893,1.2519386,0.22404817,0.06918299,0.043467294,0.071551695,0.038574643
0.52779317,1648.3893,1.2519386,0.22404817,0.06918299,0.043467294,0.071551695,0.038574643
0.52847165,1606.1942,1.2281343,0.22097234,0.066013075,0.04201276,0.072803654,0.038665432
0.5299537,1652.6193,1.033509,0.24684255,0.06752754,0.0437502,0.07212423,0.039692275
0.5299537,1652.6193,1.033509,0.24684255,0.06752754,0.0437502,0.07212423,0.039692275
0.5299537,1652.6193,1.033509,0.24684255,0.06752754,0.0437502,0.07212423,0.039692275
0.5292075,1612.9193,1.0636384,0.22042362,0.067482285,0.044514753,0.07119357,0.039633982
0.5292075,1612.9193,1.0636384,0.22042362,0.067482285,0.044514753,0.07119357,0.039633982
0.53186613,1620.0288,1.1043184,0.2366703,0.06569097,0.045938764,0.07107783,0.039942086
0.53186613,1620.0288,1.1043184,0.2366703,0.06569097,0.045938764,0.07107783,0.039942086
0.54040426,1622.3319,0.95350355,0.25312915,0.06333009,0.05395143,0.07082695,0.041343004
0.54040426,1622.3319,0.95350355,0.25312915,0.06333009,0.05395143,0.07082695,0.041343004
0.54011834,1594.7113,0.9654689,0.2250203,0.061724402,0.0542217,0.07051574,0.041169424
0.54011834,1594.7113,0.9654689,0.2250203,0.061724402,0.0542217,0.07051574,0.041169424
0.53884584,1577.2386,0.9065639,0.21381293,0.059738982,0.050598793,0.072460674,0.047668274
0.54065603,1604.4012,0.9128357,0.2248302,0.05973132,0.053700738,0.06949479,0.04476124
0.55432236,1453.0065,0.4244912,0.19001924,0.08084156,0.10495505,0.056332376,0.07936543
0.5217851,1659.1975,0.553446,0.23796411,0.070082024,0.1368089,0.101337016,0.056747593
0.436778,1525.6663,3.1345508,0.10842991,0.065130934,0.32835594,0.16194358,0.18011324
0.47531784,2135.4067,0.9295255,0.27722946,0.24590102,0.14422439,0.060332924,0.096967325
0.48486555,2122.332,1.1204894,0.28484434,0.23431833,0.15015046,0.052691143,0.09988036
0.48455808,2158.8015,1.0528979,0.27196208,0.23595583,0.15209779,0.051014286,0.09503844
0.46016276,2382.6206,1.0949999,0.29243064,0.2831583,0.14483592,0.07787985,0.062355865
0.46016276,2382.6206,1.0949999,0.29243064,0.2831583,0.14483592,0.07787985,0.062355865
0.48218322,1838.8419,2.5404427,0.18967675,0.3091333,0.14969614,0.1358965,0.09358354
0.5015682,1539.0458,2.5742767,0.17779283,0.14565967,0.08047308,0.11161028,0.08463922
0.5317137,1630.3274,1.8502659,0.25761038,0.20365112,0.06750637,0.1141677,0.10974067
0.52797127,1415.195,3.1773136,0.14192659,0.11668597,0.069135435,0.15123981,0.07022868
0.44587055,1575.0863,1.3224958,0.11349131,0.24339028,0.10497007,0.109895565,0.058325894
0.45233652,1316.5928,2.1728277,0.06300858,0.27312776,0.078493066,0.063951306,0.09750861
0.47304612,1506.9336,1.8988758,0.12475357,0.16348341,0.054691426,0.06968347,0.07462676
0.55483353,1917.9567,1.748587,0.39197716,0.08958398,0.19011836,0.12426095,0.06660102
0.573948,1647.7449,1.189812,0.29742447,0.058595218,0.1911371,0.111428976,0.0894024
0.64890045,1962.7458,0.82122666,0.76680285,0.07299362,0.17097805,0.07563193,0.22434066
0.63701767,2935.2007,0.16423479,2.296457,0.085460335,0.13222143,0.05276455,0.09764743
0.6336439,3809.6267,0.16397956,4.69519,0.039306127,0.11608198,0.05995401,0.12078285
0.7007813,2616.6116,0.07503416,4.2610497,0.0844329,0.065607354,0.064933136,0.069898054
0.7580571,1739.2917,0.46714163,4.3454595,0.09361479,0.089541286,0.13136165,0.07462577
0.7757994,1598.5963,1.0104146,2.8431287,0.10615601,0.080424264,0.08421733,0.033091694
0.6874227,2506.6804,3.271923,3.5170019,0.26914042,0.04937932,0.09197554,0.16820994
0.67626584,2535.09,2.3660798,2.880567,0.2255942,0.07977083,0.11495808,0.13056979
0.6927282,2398.5469,2.37336,3.0012212,0.28733334,0.080519095,0.15511355,0.05817171
0.68330777,2797.577,1.721762,4.7480607,0.25808108,0.04634198,0.13140428,0.05689489
0.7379046,2401.5925,1.2132945,7.940202,0.14120527,0.07191256,0.029267268,0.04817796
0.7408396,2381.4739,1.3870268,8.481665,0.17215654,0.080363944,0.034357302,0.05319836
0.74400383,2307.367,1.4141468,8.412834,0.14701356,0.089748204,0.03448341,0.05512733
0.7676639,1982.0181,0.81477344,7.798571,0.1265022,0.0962797,0.05079989,0.052067004
0.7859828,1812.7623,0.8091537,7.5976644,0.13154227,0.086502165,0.042206343,0.056608327
0.6404587,4213.7827,0.30430964,7.107238,0.04361489,0.056631032,0.05360311,0.07859747
0.63488877,4301.1675,0.33520478,6.54584,0.0372561,0.08064967,0.05011966,0.060895797
0.63488877,4301.1675,0.33520478,6.54584,0.0372561,0.08064967,0.05011966,0.060895797
0.6432782,4036.215,0.580436,6.340277,0.042726144,0.09101574,0.06408217,0.06200005
0.6605687,4442.181,3.7457721,11.121209,0.1438581,0.1371086,0.05973471,0.055899166
0.67518383,3907.1655,2.8728302,11.320818,0.15560769,0.1433363,0.072380334,0.040738672
0.6498184,3935.6577,0.9342606,7.473786,0.052998625,0.046277337,0.054079544,0.07605939
0.66176224,3605.0103,0.8754703,6.454464,0.083001144,0.095017724,0.038670633,0.08336091
0.62642056,4976.405,3.2761683,8.873855,0.120231844,0.09972645,0.1594174,0.04324865
0.6934592,3490.4885,1.0174894,11.42737,0.08615533,0.043364074,0.24386251,0.0658251
0.70598984,3227.2952,1.4001712,11.584284,0.09112327,0.04600117,0.2929669,0.0841174
0.7176013,2905.6697,0.9757768,11.178102,0.1237562,0.039294396,0.32158923,0.045193158
0.6730386,3944.9038,3.4526317,10.801512,0.05445134,0.04771817,0.16310476,0.03829009
0.6469258,4552.3345,1.7721912,9.582817,0.04681671,0.05174642,0.042186655,0.12856844
0.6605845,3851.68,1.9288338,7.886432,0.03820247,0.07314895,0.048186187,0.113865525
0.639067,4684.7925,2.8303535,9.394449,0.1326691,0.103452355,0.082297675,0.055944566
0.62477124,3318.7593,1.701827,2.8430772,0.111157104,0.09046481,0.054124225,0.043650232
0.6660983,2283.9788,2.193409,1.6980226,0.10687206,0.11274824,0.053783264,0.051869653
0.6673037,2272.1785,2.618447,1.7322869,0.10994266,0.12543187,0.044637702,0.05060201
0.6933382,1938.7881,2.4315193,1.6084001,0.09663586,0.14615868,0.05630484,0.050832182
0.73215777,1574.8478,2.3864377,1.2203616,0.114301614,0.13466609,0.045208976,0.068405405
0.7578092,1563.7942,1.447958,2.1774194,0.124564216,0.12004555,0.053362712,0.073268406
0.70507616,2288.1587,2.220061,3.1167848,0.2310617,0.056407142,0.049618974,0.033932928
0.70507616,2288.1587,2.220061,3.1167848,0.2310617,0.056407142,0.049618974,0.033932928
0.7028043,2434.2415,2.521708,4.362957,0.19677329,0.051263765,0.062262807,0.051724944
0.7266845,2312.228,2.6153917,6.117903,0.1756001,0.039368384,0.06550507,0.061950017
0.66193515,2961.4897,1.6652443,3.4565408,0.10434303,0.0657607,0.11102721,0.038195465
0.66285944,3060.3125,1.8098907,3.761064,0.1000226,0.065145485,0.109524846,0.035940986
0.70915383,2307.722,0.4009337,3.2970295,0.034628786,0.06011406,0.06470189,0.07429732
0.7009875,2413.46,0.3622901,3.8552065,0.0316184,0.058949776,0.06465712,0.07597797
0.6959199,2424.7979,0.26513645,3.1060762,0.035165817,0.063722245,0.06157784,0.08701219
0.6959199,2424.7979,0.26513645,3.1060762,0.035165817,0.063722245,0.06157784,0.08701219
0.7384325,1977.0912,0.47110814,3.271793,0.08524365,0.05122236,0.11755661,0.06231893
0.73147714,2045.8766,0.5365349,3.3032036,0.09561412,0.042261403,0.10321958,0.061990857
0.6773235,2863.5623,0.38500503,4.247058,0.14126304,0.25217238,0.09255986,0.044183724
0.61761004,5520.069,2.6585827,10.560917,0.040952086,0.03256233,0.10374948,0.13349217
0.60435456,6132.018,2.4777236,10.51239,0.04877691,0.04051871,0.109654024,0.14198552
0.6223869,5074.548,2.2592773,10.239033,0.067687504,0.052698106,0.17254728,0.13350414
0.6037922,5464.366,2.0707617,8.5336685,0.15218918,0.05988315,0.082035445,0.23423886
0.6259114,3651.7898,0.52528816,4.194674,0.15410951,0.07913686,0.15370443,0.35360783
0.559868,4196.9497,0.22149746,2.2517624,0.29142773,0.069335036,0.03964778,0.23320751
0.6228518,3437.3826,0.25429818,2.8173716,0.21550488,0.06171912,0.054653678,0.4239401
0.6253053,3361.918,0.25130352,3.0452793,0.21606283,0.059760664,0.056960814,0.42316037
0.6280916,3641.555,0.26053318,3.563171,0.119842574,0.069253065,0.06319005,0.13452114
0.60879785,3380.5422,0.24933532,2.4415135,0.12844452,0.047575206,0.06500887,0.13730767
0.60398537,4689.863,0.8184024,5.833889,0.03978166,0.07166482,0.05830693,0.081151895
0.6610458,3246.056,0.255018,4.981315,0.10390491,0.07487022,0.09045435,0.45747995
0.66583556,3252.3171,0.32080385,5.6440425,0.10886247,0.052762285,0.10324789,0.32969752
0.70456326,2528.1328,0.40348274,4.8542304,0.09201825,0.028511034,0.19275573,0.2563028
0.729905,1894.8495,0.2886445,2.4484673,0.07017459,0.054497328,0.28196886,0.18998879
0.5768158,6014.5215,4.6579275,6.675398,0.07819309,0.12701036,0.091366805,0.03975291
0.55586225,6405.098,1.1320951,5.2448435,0.16171372,0.07582844,0.1716384,0.06245945
0.60541975,4467.211,1.0336874,5.046907,0.122420125,0.08506955,0.105135754,0.09521561
0.57262975,4988.2007,0.9240588,4.271657,0.13049752,0.08670685,0.16053692,0.12857339
0.543635,4958.784,1.8669549,2.8605003,0.07610566,0.106302395,0.12268561,0.05631437
0.6660532,2198.149,3.7006137,1.5523137,0.07264806,0.066250384,0.093865946,0.08425053
0.6192871,5541.995,0.31955627,9.76784,0.049333617,0.24520285,0.040278953,0.061367597
0.66797835,4013.6257,0.65272635,9.426746,0.08126419,0.20290598,0.05807496,0.05084446
0.65584207,3927.5598,2.0751977,7.531035,0.03831753,0.15827565,0.044979233,0.08815714
0.6419095,4720.7812,1.6464627,9.811898,0.07994908,0.21204703,0.12135655,0.05434035
0.6345604,4931.2207,1.9625264,9.754224,0.12751926,0.15198775,0.046027415,0.076282255
0.6420715,4721.052,2.1711185,9.260728,0.14855272,0.16652536,0.0538257,0.09598116
0.6598771,4459.3594,3.61799,10.85768,0.1098022,0.23147315,0.06328408,0.14110552
0.6680344,4309.668,3.1631303,10.927109,0.13867207,0.14276823,0.06078009,0.1991894
0.7131713,2666.0684,3.5019684,7.561248,0.14977963,0.26136214,0.057301655,0.112690195
0.7386247,2413.6038,2.6670332,7.1566696,0.18531877,0.2540529,0.05781649,0.1421963
0.7545421,2050.1938,3.4473107,6.6796503,0.16149108,0.2287665,0.068623476,0.07046892
0.7261129,2621.348,3.7368858,8.105722,0.120474115,0.22244853,0.07584059,0.060660396
0.68001515,2390.0012,1.4733162,2.3336926,0.10142855,0.10740562,0.07229734,0.068033606
0.6781351,1919.0829,1.4856519,1.3005757,0.09533757,0.14774281,0.087485775,0.115909494
0.52997094,4621.9194,0.7326484,1.8983893,0.16266707,0.077678226,0.048017785,0.05985098
0.715534,2868.356,3.7516446,8.648404,0.13121665,0.09882909,0.056584172,0.06810031
0.71401197,2882.8362,3.6817303,8.626858,0.13102089,0.09698127,0.05567059,0.06641434
0.72300255,2607.021,4.927416,8.107692,0.10701421,0.10774012,0.10297175,0.046033263
0.60014284,3541.023,2.1142027,2.4030259,0.09315939,0.065964475,0.056776892,0.093246676
0.5865175,3203.9692,3.0389981,1.6688147,0.10081843,0.0757303,0.051923603,0.09403604
0.76470023,1742.7678,0.9883712,4.1355343,0.110970475,0.084131524,0.0960195,0.050900966
0.525681,4802.1064,3.020844,2.4987965,0.038280822,0.14909855,0.20674515,0.13230193
0.58528394,3764.8762,2.8473237,2.5775146,0.048189677,0.1753914,0.14720823,0.111890994
0.58957815,4176.6377,2.061237,3.370253,0.091654345,0.083242625,0.15827066,0.18355182
0.6315762,3827.5173,2.841703,4.9716578,0.13130897,0.056650545,0.116877034,0.17586875
0.610402,2589.448,0.8498859,1.3364198,0.06457683,0.15133977,0.2342272,0.068383634
0.69458854,2045.9252,1.3743718,1.8662595,0.05150973,0.13917074,0.1235099,0.06438689
0.7189745,1881.0353,1.0226173,1.9877906,0.05090706,0.09931502,0.08755848,0.05187831
0.60774815,2666.8203,1.8388997,1.2298594,0.11738736,0.06799993,0.0899604,0.17726278
0.719666,1889.9241,1.6605093,1.9703492,0.0785647,0.09113182,0.0627594,0.034875553
0.5688074,5776.8774,1.8063766,5.8469906,0.06697838,0.063451044,0.06647283,0.10592727
0.6325154,3916.6804,1.6354276,5.2255406,0.04174928,0.07088219,0.1450405,0.13851896
0.6215259,3970.1455,1.5893091,5.4066133,0.044537343,0.064697646,0.15812346,0.14170486
0.7131337,2880.348,0.46852967,7.942853,0.06943044,0.09101978,0.14175653,0.03499753
0.73731226,2422.1091,0.22450465,7.094664,0.045148097,0.063549876,0.17871931,0.09345077
0.6711463,3450.3274,0.3585827,7.189046,0.04843842,0.03562672,0.14418218,0.10266853
0.6318654,5003.7334,0.47163543,9.969765,0.043869983,0.08883306,0.07615898,0.05298368
0.641867,4255.593,0.3268345,6.5697427,0.19462228,0.092455536,0.04519123,0.04194061
0.6445498,4156.2607,0.34382156,6.6688833,0.19049107,0.09281206,0.05170805,0.04138564
0.6353581,5205.841,0.31010595,10.553453,0.18332589,0.121698014,0.13790773,0.04849969
0.6032204,3433.624,1.7703353,2.2598884,0.052762046,0.100936644,0.12617676,0.097058736
0.62609595,3239.9429,1.540202,2.5198898,0.06953135,0.10055186,0.11794302,0.11786638
0.61105007,4670.399,2.6224976,6.137457,0.044625327,0.10824381,0.072622456,0.12567396
0.6210818,4478.806,2.1597009,5.846568,0.050603967,0.09421888,0.051220357,0.0696373
0.6137192,4626.8213,2.5116358,5.7510977,0.06013,0.0790887,0.048396897,0.05393573
0.6092189,4982.006,2.1093097,6.6867957,0.054753937,0.07369617,0.039513383,0.05257128
0.62140054,3985.3416,1.9175918,4.3382726,0.15574868,0.097352624,0.049622003,0.05141068
0.61082673,4444.9434,2.1505282,4.4793773,0.12774073,0.113149434,0.0447808,0.037165206
0.6190734,4330.6914,2.2533832,5.107732,0.13170795,0.12741175,0.046523206,0.039917104
0.6455138,3973.8203,2.2579393,6.4438314,0.13484833,0.15977836,0.044965025,0.05043509
0.50129944,5857.0215,0.6604277,2.3424406,0.15175942,0.19453463,0.08147927,0.09810314
0.65426916,3695.713,2.3659735,5.3557444,0.0852703,0.08210913,0.04184343,0.09290957
0.652228,3831.8413,1.734658,5.7991056,0.058824554,0.11570576,0.10994727,0.049355358
0.68087333,3339.7905,1.5681076,7.531337,0.036879502,0.12873599,0.071344554,0.055510115
0.638409,4236.2603,1.5748478,6.3514786,0.03068808,0.13434166,0.104742765,0.04698071
0.6521262,4070.717,1.6449131,7.6990957,0.04131324,0.109710425,0.08114489,0.041525997
0.59617275,5829.949,1.117578,8.914429,0.07150765,0.12378205,0.09299074,0.11820502
0.60615826,5773.2456,1.1536301,9.524525,0.033506706,0.06934015,0.080985785,0.27441671
0.6470652,4526.1865,0.69826025,9.200553,0.039590538,0.06774813,0.06482907,0.22459291
0.6666464,3918.8823,0.8687287,9.513527,0.05013001,0.12934008,0.14448376,0.15026666
0.6732278,3921.9072,3.228145,11.418116,0.12683186,0.056154728,0.10255154,0.0910164
0.66388196,4130.318,2.5019257,11.128906,0.11415186,0.040960785,0.06339557,0.050004385
0.66170174,4380.0176,3.081356,11.50625,0.103504986,0.06459364,0.058156624,0.034108493
0.6363243,5137.786,2.5423906,11.763964,0.08014451,0.070354626,0.051445514,0.068055265
0.7279684,2874.0288,1.0017753,11.719807,0.24913818,0.06401338,0.079673685,0.051684164
0.6400969,3782.3699,0.46545023,5.507223,0.13459569,0.06161964,0.05588468,0.074597076
0.6622527,3377.5723,0.41891572,5.089706,0.063435696,0.095737435,0.063556775,0.03506164
0.6622527,3377.5723,0.41891572,5.089706,0.063435696,0.095737435,0.063556775,0.03506164
0.6622527,3377.5723,0.41891572,5.089706,0.063435696,0.095737435,0.063556775,0.03506164
0.6704706,3092.55,0.4738646,5.027644,0.049993098,0.08859031,0.07258108,0.04672867
0.60291433,5175.629,0.45194617,6.3628697,0.053096797,0.09266862,0.060994472,0.06440224
0.6359043,4369.802,1.7790858,7.429169,0.19525585,0.11725405,0.067145646,0.098812275
0.6614541,3993.6184,1.4456296,7.8823266,0.22568694,0.11968144,0.049500342,0.1396535
0.63285035,4232.5513,1.2143288,6.868701,0.07280469,0.060341857,0.15114059,0.051835496
0.64842415,3911.8948,1.5086647,6.52402,0.07522227,0.08498397,0.13993385,0.082672074
0.6261852,2820.4736,1.3902522,2.1322732,0.0844424,0.04988414,0.15914859,0.11212343
0.5866174,2319.3975,0.4255568,0.7613468,0.07857774,0.075952694,0.18890558,0.055959504
0.6048092,2033.1631,0.38326278,0.6309804,0.10417405,0.06355423,0.17466488,0.06529528
0.6141086,3794.6565,1.0911281,3.3246334,0.07966176,0.14598614,0.0906426,0.066732086
0.62720406,2392.4265,2.6193914,1.2115263,0.08067725,0.045030672,0.1031862,0.21764345
0.61914647,2439.0288,2.3599503,1.3477888,0.079592235,0.039955974,0.10809137,0.15277952
0.63195586,2556.1194,1.811268,1.6687512,0.15908688,0.06509672,0.1771999,0.18336706
0.6951333,1958.6993,2.9975727,1.5907235,0.14920354,0.12390181,0.17871201,0.09902689
0.6299249,3075.8845,1.640327,2.3399682,0.0647359,0.13369296,0.40267804,0.05696474
0.5503677,5103.181,1.9418391,3.2519498,0.18099964,0.051277347,0.04651657,0.2848149
0.57931906,4498.2026,1.2255299,3.5484939,0.14931954,0.062087767,0.0763217,0.17100394
0.6801025,3545.0134,2.3812594,8.763049,0.045770008,0.06454486,0.07927806,0.05163309
0.63248575,4686.186,0.14863317,8.619853,0.12085746,0.08747837,0.081140615,0.10817758
0.67334175,3835.7532,0.031884417,9.838132,0.035224203,0.09942478,0.04371853,0.1361205
0.6778812,3832.8474,0.031813454,9.806505,0.0365786,0.09792055,0.044542745,0.13849553
0.7164248,2938.0823,0.07733981,9.133209,0.031341538,0.13566796,0.0488691,0.1806472
0.7207631,2879.6528,0.0944831,8.758567,0.034498524,0.12147692,0.054419372,0.174175
0.7164378,2895.8662,0.23004931,8.265032,0.037508707,0.12124099,0.06409082,0.18281724
0.7129056,3036.894,0.19109899,8.847908,0.050966214,0.09635429,0.08410798,0.22328746
0.69019234,2903.335,0.26389658,5.485999,0.033197243,0.15188853,0.051768716,0.20969155
0.66594726,3661.475,0.43481562,7.5894322,0.065654,0.16066426,0.04021362,0.2580329
0.67239505,3452.6785,0.42619267,7.705143,0.07899213,0.13438116,0.043410197,0.25497416
0.6430995,2465.966,2.0123932,1.573805,0.056036472,0.078893654,0.21308492,0.07464945
0.6475061,2256.1584,1.7713674,1.4374115,0.15939638,0.09461261,0.11727211,0.080728605
0.6595596,2037.0413,2.2025928,1.3345878,0.19556601,0.11197933,0.11757881,0.09109861
0.657097,2054.8367,1.8875484,1.1033325,0.1298916,0.07631485,0.14866406,0.1142173
0.66859674,1962.3206,1.8730359,1.109482,0.13221714,0.08535007,0.15168296,0.10929519
0.6073351,2590.1206,2.7781248,1.1460959,0.16052581,0.27071902,0.080059506,0.11099408
0.6278175,5421.284,1.4654822,11.387861,0.10446041,0.09175159,0.05541455,0.04535959
0.712653,3125.7073,2.293196,11.398138,0.061006762,0.05312634,0.07039431,0.07967198
0.6221407,3846.253,1.5747474,4.067153,0.0887368,0.38463616,0.1243426,0.055016406
0.6080994,3671.4165,1.6761602,2.8067105,0.06784489,0.4338295,0.17743307,0.081986815
0.69062054,2219.1694,2.3843048,1.9007238,0.05519494,0.29105622,0.11709118,0.06471518
0.7168197,1925.2664,1.590653,1.9321948,0.09415255,0.1588087,0.08608456,0.17881265
0.7182354,2364.021,3.204787,4.4190564,0.12362267,0.16295215,0.12032656,0.07154279
0.65063924,3288.958,2.9069154,3.9434023,0.1647469,0.17035308,0.07119589,0.15989307
0.6264755,3131.1763,2.6584716,2.6711166,0.14835636,0.08842829,0.21454023,0.18653557
0.6523601,3342.3342,3.3988013,4.3343472,0.17573468,0.08643197,0.21097742,0.110892005
0.67779803,3604.4136,2.4476457,9.186776,0.09674878,0.05944552,0.1271297,0.08422039
0.68173933,2209.4614,1.2951969,2.0161655,0.122033365,0.061631996,0.12467302,0.04012922
0.6991881,1628.5754,3.0759597,0.912846,0.06580666,0.08385613,0.038604334,0.056812152
0.6412467,2716.9917,2.0927494,2.1193933,0.06844593,0.11631098,0.07205988,0.107760616
0.646313,3188.1213,1.9591498,3.4342632,0.036585037,0.1444801,0.07214509,0.089951195
0.60601336,4126.1807,0.85902923,3.438517,0.09257133,0.12599832,0.045339987,0.051722974
0.66377825,3575.1604,2.4218428,7.09572,0.05447389,0.06638162,0.08400593,0.08293073
0.68512,2817.5513,2.7252457,5.1754456,0.037897944,0.05820358,0.057602208,0.08092734
0.6758747,3062.6082,4.754166,5.018586,0.046989277,0.0603314,0.05726104,0.05073776
0.5839808,5462.96,2.4767811,6.4518943,0.04960315,0.056672808,0.07331249,0.1271558
0.6932398,3388.9336,1.3389225,10.631629,0.07351892,0.050061535,0.07302347,0.112200096
0.6942655,3358.8494,1.7121476,10.430039,0.09762743,0.049950372,0.051085703,0.10136688
0.68147063,3582.3928,1.7355506,10.15802,0.08137858,0.08979726,0.051934868,0.059498522
0.626862,4491.877,2.0487306,7.0297933,0.08073218,0.05004551,0.10332662,0.065126665
0.6390404,5064.038,2.2573318,10.511002,0.08247286,0.16449226,0.07604795,0.059503756
0.699372,1855.5266,1.7050613,1.4731638,0.28153223,0.15953453,0.036792994,0.059436705
0.71573466,3148.4937,2.0679843,11.687935,0.08168108,0.04527918,0.22399561,0.06921074
0.5456395,2568.3132,1.9187969,0.61829686,0.074166454,0.15155417,0.0532064,0.15363583
0.66307396,3482.5044,2.2604814,6.395741,0.087049074,0.21111852,0.064534195,0.14878169
0.6541044,3415.4595,3.564715,4.629166,0.09440211,0.18192086,0.045680918,0.08400244
0.6782196,3704.272,1.5744845,9.22673,0.039458726,0.18135928,0.052901484,0.102433905
0.63616,4863.1313,2.3154042,9.481827,0.09349748,0.06313584,0.059908915,0.037109196
0.64220774,3722.2402,3.7106254,5.0042458,0.080067374,0.058754947,0.10262546,0.053898938
0.6090759,3514.5127,1.4824992,2.7355027,0.07776986,0.06237601,0.07214919,0.114501655
0.6691129,3307.3655,1.3385714,6.071562,0.0861465,0.076211266,0.06283849,0.07657316
0.60358185,3238.0227,2.149671,1.9840769,0.08872752,0.07922546,0.06428445,0.08938388
0.66262424,2936.496,3.264829,3.1053934,0.50383,0.21842028,0.07250749,0.039862692
0.70235646,2369.3088,0.8564979,3.6426284,0.07536632,0.039090887,0.05241178,0.10563991
0.7193342,2157.951,3.6245844,3.1819015,0.07121406,0.03829101,0.06793482,0.056816783
0.65325475,3164.7275,3.732528,3.7709317,0.07002831,0.065167636,0.05628665,0.04785298
0.6326035,3231.8765,4.25474,3.1695614,0.069067724,0.06914058,0.061468843,0.041385185
0.63107485,3766.3958,2.167901,4.0726857,0.066915706,0.13904408,0.051019512,0.077366956
0.6416737,4013.6062,3.0892923,5.5143356,0.06950654,0.1648813,0.05620166,0.10812823
0.64066106,4172.526,1.4595947,5.9710956,0.08435756,0.14289722,0.19362624,0.20357397
0.628907,3776.0476,2.3012412,4.196518,0.043596387,0.11248919,0.072630905,0.06076873
0.6826368,2993.3987,3.4370804,5.1405516,0.06182659,0.055745326,0.060523704,0.04102897
0.67516893,3071.8696,2.8036914,4.8852477,0.0733181,0.07736928,0.040047444,0.048117556
0.61388314,4536.4326,0.60065114,5.88284,0.16763467,0.08674939,0.05913992,0.075022265
0.6945507,3275.9177,0.85032547,9.726429,0.12937768,0.047873694,0.14647149,0.0482743
0.6706296,3526.6233,0.5811854,7.6413302,0.105779134,0.069151856,0.1409665,0.05111536
0.6594099,2987.6536,0.802977,3.904574,0.121508144,0.049138494,0.12537093,0.07217329
0.6513775,3194.3418,0.9705237,4.04691,0.1252301,0.04861053,0.12770976,0.06954309
0.6359599,3263.636,1.3821105,3.400075,0.12609458,0.048258375,0.12045662,0.08013811
0.6091494,4787.2476,3.2285242,6.333657,0.040103815,0.1654214,0.07502463,0.26406747
0.62197065,4259.8125,2.957084,5.574369,0.042574234,0.16277128,0.1087782,0.20365189
0.6144266,5189.0005,1.928565,8.907747,0.096984416,0.23785767,0.39858484,0.23521851
0.61170876,5244.8784,1.7561673,9.54837,0.097337514,0.20486464,0.44706607,0.38756484
0.58787525,5771.387,0.30194715,7.60954,0.033701472,0.09985288,0.31010047,0.13114528
0.58556545,5959.3413,0.47758466,7.544742,0.0446197,0.112469584,0.23370937,0.121280156
0.59543943,6339.0693,0.3718831,9.934664,0.07256456,0.14023742,0.1791082,0.14597178
0.6805218,1849.3833,3.2658286,0.990784,0.085971296,0.06310952,0.05120645,0.053110242
0.68841803,1839.0992,3.146965,1.3130435,0.07577388,0.061353497,0.048772976,0.045307674
0.69460875,1737.4852,3.2561233,1.0887971,0.086546786,0.05704703,0.05596695,0.039919876
0.69460875,1737.4852,3.2561233,1.0887971,0.086546786,0.05704703,0.05596695,0.039919876
0.69486016,1711.0847,3.1306763,1.0676033,0.08482105,0.057678092,0.057630613,0.040446993
0.7020028,1756.6184,3.248917,1.3887143,0.07300084,0.054030262,0.05587999,0.04613914
0.6596377,1847.3959,3.189207,0.8040417,0.1165934,0.13735783,0.07961061,0.08214641
0.65473616,2218.0361,1.9916602,1.4407991,0.1293066,0.06053668,0.07535255,0.09268238
0.58146983,6527.004,1.5895911,7.728864,0.20480882,0.105936244,0.089509204,0.06740476
0.6000218,5893.887,2.5611541,8.2814665,0.20753151,0.05106133,0.066341065,0.056081995
0.62897253,5183.188,2.4257379,9.7185755,0.2615655,0.07180092,0.06750515,0.11868761
0.6433536,1965.0594,0.5244828,0.96164244,0.06092808,0.22097532,0.13812567,0.08311439
0.6587491,3859.4905,3.225112,8.066952,0.10528827,0.052187324,0.06225473,0.083224684
0.63735765,4720.869,3.0092366,8.929541,0.098924525,0.054503098,0.058823377,0.080856524
0.6553022,4263.3276,2.1684504,9.108795,0.073758565,0.077074274,0.07020071,0.0793118
0.64758515,4225.4272,1.731358,8.517095,0.055205062,0.067172,0.0833288,0.111559786
0.622024,2900.204,2.167724,1.8823195,0.09999558,0.08521833,0.060866024,0.070104636
0.6617478,1532.6665,1.6187329,0.6036819,0.072069705,0.110107265,0.16225713,0.23049846
0.6876065,1930.3777,1.7910652,1.3174117,0.13007274,0.094552696,0.104795,0.0803124
0.5403452,3629.195,2.4582903,1.4935865,0.1284802,0.057142552,0.23053491,0.08838144
0.6547395,2599.4006,2.1873622,2.0019586,0.088281885,0.11674953,0.045310583,0.1056316
0.6953733,2234.0842,1.8756267,2.4320414,0.07587907,0.12644099,0.058491036,0.112992376
0.7023568,2373.0017,2.386928,3.1638334,0.08832719,0.14002515,0.060340088,0.11563496
0.7292143,1768.4912,2.6449084,1.8613964,0.058546275,0.16802779,0.08157346,0.12461828
0.6679315,2306.6804,1.8579443,1.6302257,0.072373435,0.12996244,0.12962657,0.11560863
0.566767,3956.6553,1.5456492,2.0069427,0.069142014,0.15156157,0.10005404,0.12074611
0.6377557,5106.746,2.7478433,10.905939,0.2575089,0.18326896,0.04464078,0.050574236
0.6600039,4411.4385,2.3037703,11.237442,0.16941385,0.19700427,0.044433285,0.032177676
0.6391127,5081.2812,0.42519376,11.74078,0.06709493,0.09997852,0.090740226,0.107363865
0.62076753,4592.08,2.5342796,7.03384,0.118039705,0.0782377,0.1615099,0.16990472
0.6283841,4990.1045,1.3230238,9.060708,0.2573328,0.09073216,0.10049949,0.04603887
0.6412707,4538.1714,1.2430233,7.9826884,0.24849038,0.12622975,0.18387881,0.04507587
0.65593547,4184.056,0.80331737,8.195953,0.07092698,0.16518264,0.16559152,0.05700997
0.6531143,3732.2458,2.2102265,6.342718,0.053859152,0.03587503,0.12000437,0.06943799
0.65811545,3502.7756,2.2449565,5.912039,0.055812377,0.03286256,0.111744925,0.067832306
0.64863807,3631.1912,2.5104735,5.850787,0.054635063,0.036423393,0.1120754,0.06803173
0.67201287,3538.966,3.4097242,7.263744,0.061814237,0.046298746,0.0844924,0.07511214
0.6911321,2804.827,2.0584898,5.1630116,0.0958507,0.05348056,0.10975901,0.039701357
0.6696918,3439.108,2.0270312,6.724522,0.070236236,0.047163576,0.06800544,0.073807806
0.6640363,3556.9888,1.8525804,6.5816755,0.07967435,0.044194534,0.052130666,0.07949038
0.661946,3464.1292,1.8973967,5.8066316,0.063546576,0.04456924,0.058349844,0.0822476
0.63780457,3623.8496,1.1083108,4.124094,0.09628255,0.13031903,0.0653314,0.04308232
0.64037323,3384.7837,0.8705098,3.8956425,0.071993284,0.13841076,0.07572642,0.048952814
0.6605652,4093.1943,2.7249532,8.239521,0.06283309,0.058796834,0.075140856,0.10477878
0.6687451,3742.1099,1.4081019,7.622347,0.045646463,0.041796945,0.047564704,0.072259516
0.6510387,4329.943,1.1670132,8.688973,0.07213278,0.055924132,0.05694668,0.06260251
0.6916743,3630.4365,2.7968,11.035734,0.06905225,0.21092947,0.09197328,0.052878253
0.65378845,4465.9443,1.0007017,9.907708,0.040406376,0.19802925,0.10842296,0.06543551
0.64124346,4228.0083,2.0498827,6.7249656,0.11027251,0.1296126,0.06472462,0.051575165
0.63877934,4816.7476,3.0355341,9.784578,0.050644256,0.15413299,0.070130415,0.058597665
0.6568786,3758.9624,2.0936983,7.229989,0.06347026,0.09866709,0.078133084,0.11292855
0.6271513,4753.19,1.2607245,7.887839,0.10328901,0.07202597,0.061960448,0.12361227
0.6534961,3745.9287,1.3061234,6.290508,0.063004285,0.05377734,0.07035907,0.046727397
0.63554925,4085.06,1.6510671,6.0403266,0.0882251,0.06944835,0.090968125,0.064549275
0.6515751,3899.469,3.1738873,6.757077,0.09925678,0.04772798,0.049479894,0.055544097
0.6554583,3565.5093,2.8463945,5.2578325,0.06448733,0.073697515,0.10202733,0.040617004
0.61008203,4595.7036,0.75228304,5.0997343,0.1246587,0.08566521,0.13880032,0.21569806
0.6091649,4399.453,1.1189295,5.2416415,0.25636843,0.058035303,0.10205465,0.18227562
0.6364856,3413.0354,1.2376164,4.0278926,0.11564905,0.03808411,0.145621,0.07252149
0.6238698,4024.399,1.3535258,5.1687374,0.13290733,0.04481034,0.120238155,0.08854818
0.6662532,3775.21,1.5806478,7.8578906,0.14368498,0.047662955,0.08344922,0.06518445
0.65054995,4679.996,1.4027758,11.429773,0.038620546,0.12577772,0.045215733,0.08876595
0.6417135,4945.7085,2.2966805,11.039308,0.036890134,0.117702805,0.055120774,0.07132847
0.45712623,1106.7761,1.8031528,0.021369204,0.2175534,0.046525955,0.09665181,0.044482507
0.45014518,1510.8667,0.6251562,0.0886026,0.0986825,0.120129414,0.035312407,0.05648105
0.5481378,1298.9823,1.5002803,0.13382544,0.06112382,0.06442629,0.10261565,0.058017984
0.53748214,1463.042,1.0426592,0.18926585,0.073938616,0.057314496,0.067511395,0.041496277
0.5126879,1372.433,0.8682983,0.1299953,0.08151898,0.06335799,0.059675664,0.04644497
0.51121277,1342.0137,0.7936451,0.12594783,0.08219876,0.08369379,0.06528535,0.029231327
0.5246672,1359.9724,0.82907,0.14638266,0.0933829,0.08201757,0.06475283,0.032229852
0.5246672,1359.9724,0.82907,0.14638266,0.0933829,0.08201757,0.06475283,0.032229852
0.5141704,1436.3345,1.3565937,0.1483372,0.096380234,0.07285161,0.06374633,0.033864215
0.51571393,1443.8953,1.2947305,0.15094648,0.09746522,0.07379401,0.06292551,0.033439063
0.4874086,1321.2993,1.299237,0.0851643,0.10103013,0.09518184,0.07014518,0.05246505
0.49348235,1333.3203,1.7369169,0.09674216,0.08816237,0.07815626,0.06970632,0.036336403
0.543869,1398.2986,1.1411738,0.158645,0.03805892,0.042912576,0.07789582,0.105756514
0.52346194,1321.3257,0.6610201,0.12736437,0.04439164,0.050527122,0.07334003,0.10256301
0.5022192,1394.7931,0.4599947,0.13106848,0.086020485,0.057171196,0.11979592,0.06937653
0.4863968,1377.7158,0.31436643,0.108383596,0.11136884,0.07129115,0.1246756,0.06390529
0.45233122,1116.7867,1.0905921,0.010652418,0.0359157,0.07805535,0.055160895,0.05436195
0.4451864,1096.0034,1.1161268,0.010673835,0.023858737,0.07997463,0.05762835,0.05340074
0.53408235,1610.0367,0.38919762,0.25370497,0.30014274,0.061732776,0.07852399,0.066941984
0.591361,1498.6417,0.7584517,0.3087758,0.23413588,0.13848169,0.054634124,0.14084964
0.47411963,1419.0876,1.1560689,0.08974946,0.13086964,0.1787667,0.07392872,0.06561466
0.40048012,1403.8448,0.9981752,0.051889174,0.12508914,0.13785657,0.06098649,0.066691704
0.41684973,1373.891,0.8463948,0.035930432,0.10286925,0.1707024,0.061780073,0.05799093
0.43982273,1305.4133,2.4398572,0.039492637,0.18201222,0.11863402,0.057372246,0.18511584
0.4052856,1234.7576,3.2403376,0.019599257,0.0581947,0.18808815,0.05352203,0.22983754
0.5412252,1163.7925,0.29891568,0.12303826,0.29366302,0.05364874,0.09612525,0.025596598
0.5349294,1147.9098,0.3265855,0.113025516,0.3040085,0.052437015,0.09728467,0.025724677
0.52417827,1220.0458,1.664315,0.10654545,0.78628683,0.07624771,0.076762445,0.10298395
0.49431604,1230.6965,1.4658916,0.08135182,0.1598754,0.10366759,0.08501992,0.05125609
0.5077372,1305.4938,1.6032137,0.09955171,0.12545788,0.11310212,0.07825389,0.04968285
0.4599709,1391.535,2.7759311,0.07562257,0.08663298,0.072366804,0.028004326,0.041399177
0.45102376,1104.7847,1.2490476,0.01885523,0.05000833,0.14071563,0.12571743,0.044413
0.5086989,1056.7854,0.45204753,0.027361913,0.05743066,0.05084658,0.044239275,0.1797767
0.5303301,1018.03735,0.2670344,0.03992943,0.05841691,0.061769806,0.045876037,0.36502331
0.4761072,1034.3242,0.1844905,0.015579952,0.14938146,0.121883325,0.030888556,0.20914334
0.4333767,1081.0327,0.41449815,0.011883297,0.09411098,0.059034545,0.22060208,0.06197342
0.46587932,1092.7644,0.9791249,0.012047116,0.052746978,0.06787702,0.2215561,0.071785636
0.45844644,1048.66,1.273129,0.011369093,0.04483326,0.03454386,0.12550114,0.11444461
0.4846529,1297.9518,1.4982642,0.105487816,0.08347671,0.1948028,0.059738956,0.13328864
0.4838019,1070.9513,2.033466,0.012074559,0.06518248,0.047855493,0.072654285,0.17499751
0.46124452,1059.8293,0.94519985,0.012163541,0.03430636,0.04417121,0.069698125,0.19287445
0.49971193,1036.7372,1.6122152,0.0124713145,0.058656916,0.044242047,0.043172114,0.2336743
0.42631683,1129.0702,1.0419257,0.014651959,0.047420967,0.096864894,0.2958125,0.16199826
0.44818085,1105.4785,3.8136854,0.017768877,0.11329496,0.034830954,0.27880895,0.2053099
0.45984286,1081.4916,2.7170296,0.014110937,0.11903254,0.031005753,0.4067517,0.14541422
0.5012638,1358.5726,0.33522156,0.08827578,0.048244502,0.19167118,0.09690955,0.05030571
0.50978565,1293.2079,0.2919008,0.09784533,0.05260259,0.16456097,0.08744236,0.041107282
0.5045303,1321.9742,0.29706907,0.10966856,0.055969898,0.1422613,0.082419455,0.035660118
0.5628426,2287.8306,0.39694953,0.62476325,0.15928787,0.06369872,0.07697913,0.08968343
0.56465656,2367.4578,0.46599865,0.68317807,0.17272529,0.06444382,0.0809224,0.086956315
0.64579064,2858.392,0.30982408,2.4680393,0.11437803,0.084002644,0.10158448,0.14202382
0.6483751,2866.6543,0.32170102,2.7345989,0.12379536,0.07943125,0.08911866,0.13429317
0.6554429,2933.3867,0.577697,3.2774458,0.114417605,0.09158045,0.0673712,0.08865571
0.6724333,1977.2606,1.9719752,1.0774465,0.05054756,0.08552843,0.08821957,0.07451987
0.68070155,2085.0117,2.5061839,1.5208132,0.050975636,0.11127197,0.084449545,0.06132343
0.7581509,1543.1945,1.7056917,2.1171196,0.14472665,0.052032657,0.03666414,0.07321422
0.7411502,1508.3464,1.2565085,1.5422263,0.105129056,0.044673253,0.036597118,0.058596782
0.7477244,1363.7089,2.7839673,1.2238281,0.09808768,0.05235795,0.089829765,0.088848986
0.744055,1350.9363,2.504051,0.96014565,0.06172745,0.0377797,0.08955273,0.070610434
0.72972107,1602.552,1.9334134,1.3777801,0.05695583,0.041274447,0.076742955,0.06367373
0.7319807,1618.1604,2.6801965,1.3963003,0.04706148,0.04974389,0.0645002,0.06507361
0.6949746,1754.6292,2.3971722,1.1177927,0.058418594,0.05516037,0.06818499,0.053961582
0.70591927,1960.7772,2.7215395,1.9221482,0.13417664,0.05242839,0.047017924,0.047679596
0.6356296,4893.0366,0.46959662,8.721405,0.041963365,0.2849909,0.092796795,0.09545668
0.64787835,4363.4834,0.8240498,8.906356,0.042357374,0.23607612,0.10139252,0.105445296
0.6512768,4213.714,0.2629991,8.204413,0.071053855,0.047816053,0.058296755,0.038890585
0.7049968,3204.164,0.3497471,10.357924,0.0614711,0.039820157,0.055947978,0.0658024
0.65720963,4643.498,0.9991274,11.428726,0.071306415,0.10042857,0.07002118,0.11128892
0.62476164,5323.2466,4.2948403,10.707207,0.101349965,0.1199369,0.06571058,0.20419008
0.6134986,4935.2144,1.9118857,6.3271775,0.13245134,0.07351428,0.059687845,0.1023612
0.6064977,4873.0073,1.8417234,5.59536,0.13742994,0.10853274,0.056223612,0.073336266
0.5940264,4946.528,2.0050132,5.2285776,0.104708284,0.060836487,0.04142742,0.05022525
0.66032964,2077.6797,0.8415667,1.308718,0.14579663,0.056515858,0.17250614,0.07383825
0.667066,2293.4868,0.6933233,1.9520864,0.1342289,0.07842645,0.15855372,0.074935116
0.7348261,2233.1787,0.64314884,5.1183953,0.06767377,0.12089997,0.12752864,0.073525116
0.6611707,2254.7976,0.4056557,1.8396266,0.060994662,0.120789595,0.10876272,0.08282231
0.6696903,2440.1355,0.83080626,2.3994122,0.06945645,0.08112119,0.101359196,0.063035
0.6496512,1886.9059,1.22781,0.7485962,0.10580745,0.058039483,0.08069908,0.046826523
0.65326464,1933.0808,1.1690068,0.8734202,0.10603418,0.05924528,0.110427685,0.05462369
0.59717286,2074.3403,0.9161231,0.54903,0.103883386,0.07297004,0.08127622,0.07393653
0.63577044,1717.1222,2.3108423,0.46888596,0.0627238,0.11883558,0.05067781,0.2245202
0.62179476,2232.0432,2.1036396,0.9007108,0.07109942,0.07891111,0.0582972,0.13769144
0.58401996,2759.039,2.7067673,1.0814453,0.21259484,0.099935144,0.05405513,0.11124725
0.6043391,2309.8591,1.8871299,0.8797589,0.09666403,0.09571847,0.05025891,0.05608313
0.6056251,2266.479,1.9495585,0.86226416,0.09642139,0.09325348,0.050236877,0.055478834
0.5968044,2309.5945,1.8888435,0.7794553,0.09199473,0.09083018,0.05634084,0.0523488
0.5968044,2309.5945,1.8888435,0.7794553,0.09199473,0.09083018,0.05634084,0.0523488
0.5968044,2309.5945,1.8888435,0.7794553,0.09199473,0.09083018,0.05634084,0.0523488
0.6291676,2620.938,1.9969112,1.6888758,0.07374451,0.11422874,0.1227998,0.0725378
0.63452846,2642.7244,1.7509962,1.9620866,0.08568923,0.118415445,0.14161344,0.07252774
0.6323364,4965.879,2.8514304,9.407928,0.065084845,0.1800771,0.060705304,0.036988676
0.67548186,3480.7185,2.454015,7.4344707,0.055772472,0.21722676,0.088050805,0.07206123
0.6671277,3497.0684,3.0562823,6.3796897,0.061541032,0.16236047,0.08109364,0.0574888
0.62324256,5341.5513,1.9615312,9.36744,0.037216194,0.20516565,0.12248888,0.050044447
0.64771116,3960.8428,2.0083508,8.232011,0.13719253,0.09945069,0.27800515,0.14065857
0.55571127,5822.2974,2.9974391,4.8389306,0.18272355,0.10762666,0.18040103,0.05440688
0.68309087,3130.371,0.60365164,6.9761,0.3621332,0.120144136,0.15004916,0.076473534
0.68686426,2246.9397,0.6432887,2.3207252,0.15799883,0.16986638,0.055357054,0.050737254
0.5665599,3043.134,0.29481712,1.2775213,0.055055298,0.24207756,0.09238042,0.11798945
0.5815346,3668.6094,0.94222784,2.2903638,0.07512085,0.19765005,0.2156476,0.25371313
0.58905935,3873.187,1.4568475,2.4749777,0.2069316,0.26466256,0.09469487,0.23410638
0.5243651,6777.3984,0.2717301,4.3288884,0.16889235,0.45089987,0.083826326,0.10382057
0.57188815,7095.3335,0.4753276,8.508207,0.12413211,0.35958207,0.09758676,0.06423209
0.6681472,3320.1655,0.10816726,5.021902,0.06775478,0.17978841,0.0997941,0.051583037
0.62493354,4792.5264,0.9885982,7.1879644,0.15069275,0.08962752,0.13466391,0.047920868
0.6600544,3211.2007,0.88348734,5.118804,0.12220937,0.03134191,0.20463604,0.057485715
0.6705144,3209.5764,0.7848524,5.7828236,0.10722979,0.03706637,0.2097871,0.058975767
0.5291612,4871.751,0.8865429,2.5731754,0.044055507,0.068741955,0.09575294,0.18577701
0.6513583,4348.282,0.31833732,10.463225,0.26418597,0.05068739,0.09476249,0.18877545
0.69647366,2918.3845,0.39063153,7.2274256,0.122477785,0.055326432,0.052169286,0.39591834
0.6831831,3055.4531,0.37396032,5.6691666,0.08479467,0.06624498,0.06607014,0.36182624
0.6624013,2964.8367,0.38090912,4.1673822,0.08042246,0.053567685,0.09063759,0.39722684
0.6579286,2918.6013,0.44532365,3.418323,0.062754475,0.02888358,0.058355175,0.31596923
0.6579286,2918.6013,0.44532365,3.418323,0.062754475,0.02888358,0.058355175,0.31596923
0.6700104,2941.282,0.4616508,4.263213,0.05829895,0.034225732,0.062585235,0.3184473
0.66201407,3074.8745,0.5140267,4.0671206,0.060035184,0.030484943,0.06638093,0.31854993
0.6498501,2718.6064,1.1481501,2.5173886,0.09905078,0.044590883,0.08572535,0.18235517
0.6613628,2201.1826,0.49109644,1.677248,0.14497715,0.061086986,0.10863635,0.46903202
0.661737,2076.7764,0.68488914,1.4274259,0.086815864,0.06780528,0.12672308,0.6245993
0.57801616,5484.4873,1.1639802,5.1346354,0.07073381,0.051573113,0.054454833,0.04979013
0.68157715,3123.0552,2.3437011,5.4734197,0.29206535,0.11140217,0.13555409,0.2450918
0.68368095,3272.2979,2.4111915,6.641939,0.2578819,0.10656491,0.13274276,0.25243792
0.73190266,2612.8318,1.764366,9.007209,0.10999594,0.038705353,0.1335086,0.32307485
0.71979296,2614.4343,2.5324962,8.590771,0.102091864,0.048100017,0.11922346,0.23864192
0.7001226,3221.1572,0.8078771,8.845736,0.05966026,0.058911923,0.12127513,0.22056504
0.68384224,3181.2256,1.0569872,7.3331003,0.06297228,0.05786398,0.15150116,0.21989499
0.58119625,4685.8823,0.91317475,4.5765324,0.10430795,0.090502456,0.20837605,0.11765836
0.5735195,4840.847,0.97528356,3.7365828,0.09107387,0.09182777,0.22286399,0.1209392
0.6127391,3794.675,0.58191353,3.488852,0.07792183,0.06409308,0.2621071,0.13038255
0.6528995,2308.939,3.0418808,1.5761626,0.040538304,0.13413708,0.059306547,0.057848796
0.6829557,2241.7002,3.149311,1.9890375,0.04116273,0.10900778,0.06806752,0.05528529
0.69285727,1864.5562,2.7702596,1.1086833,0.0446442,0.12591405,0.05383553,0.07621307
0.62349117,4729.2075,1.428952,7.4528265,0.13409181,0.056877855,0.084370516,0.060027942
0.62730527,4232.865,1.5435605,5.719308,0.15763539,0.07097235,0.065701745,0.070295274
0.6622439,4112.782,2.8102434,9.138718,0.034890946,0.0941895,0.08803886,0.04840803
0.621548,3285.0547,2.2731652,2.7124257,0.050471954,0.074754335,0.058087144,0.060274724
0.64952546,4311.6143,0.83788306,8.747028,0.06743115,0.09942929,0.08964252,0.04416948
0.6753954,3248.4004,1.0583258,6.6068316,0.10189892,0.07268937,0.09260604,0.042241186
0.61502004,4361.2876,1.0184511,4.6063285,0.1310938,0.070917144,0.05819642,0.05079684
0.6199656,4678.514,1.5590492,6.5186677,0.13277365,0.07944836,0.04462034,0.04435549
0.6193451,4676.443,1.4964195,6.3863287,0.13264851,0.079747595,0.043931507,0.04373903
0.64890814,4219.042,2.4054222,7.6876245,0.12752993,0.0825253,0.048142884,0.036342535
0.6748644,3568.3809,3.1200688,7.2368484,0.18349327,0.091469154,0.04536887,0.041354667
0.6451262,4271.8057,1.5071034,9.455443,0.174362,0.28362608,0.16134167,0.13917501
0.6039066,2881.4377,2.5866878,1.5508717,0.29611135,0.05453588,0.13729326,0.09636566
0.5850519,4055.4485,1.2609872,2.9503422,0.03378308,0.0713159,0.24607183,0.13984904
0.6043038,5661.408,0.68688095,8.629011,0.112517305,0.1656756,0.15241233,0.05214659
0.6740929,4013.2664,3.351539,11.35444,0.043971296,0.046691142,0.03665707,0.20729163
0.6832115,3772.902,3.590469,11.3308525,0.0480434,0.047477927,0.035411127,0.15483826
0.6250336,4099.2334,0.5629585,4.8564935,0.06599435,0.092852384,0.1545326,0.035034295
0.6354035,3121.066,0.27653027,2.7244334,0.09772375,0.113663405,0.12730019,0.10548787
0.62718403,3259.1123,0.20499478,2.9047418,0.099026866,0.07281042,0.070906825,0.13701777
0.63122475,3332.86,0.20243445,3.3590798,0.10150509,0.06338334,0.06601597,0.1424167
0.72280085,2049.383,5.0667562,3.346928,0.062390618,0.06286444,0.09362762,0.07780803
0.6743016,2152.828,4.8368225,1.8055755,0.046424747,0.060723748,0.06648176,0.09183504
0.69842005,1922.913,0.3416723,1.5327337,0.0925334,0.118474126,0.0563984,0.0472667
0.64973515,2205.7153,0.24024282,1.0930431,0.10186499,0.21553868,0.046264384,0.08388506
0.67941135,1808.2595,0.15278824,1.1237706,0.16419289,0.17718713,0.09259811,0.095520586
0.67799,1811.8517,0.17235306,1.0585964,0.16067743,0.17167532,0.091640316,0.0976407
0.698098,1779.0427,0.08672512,1.2408283,0.13880426,0.0873685,0.076257944,0.0695145
0.66934294,1712.5393,0.249911,0.7472677,0.06578377,0.15211545,0.13211927,0.0730231
0.42782977,1430.413,0.65256965,0.08175631,0.26417395,0.052093007,0.12728517,0.058228146
0.4680458,1302.5457,0.39460728,0.07690104,0.34499633,0.066074505,0.13832779,0.062469132
0.50799674,1526.3737,0.33043826,0.18004301,0.10388458,0.049590614,0.15274726,0.0458204
0.52031803,1169.858,3.0812035,0.07325931,0.055699132,0.10365429,0.039468173,0.09548632
0.49569443,1348.2794,0.73136747,0.105379775,0.03188589,0.21013299,0.08068904,0.20552646
0.46447664,1409.8384,0.576623,0.10935691,0.042706598,0.16436104,0.0821349,0.235961
0.613226,1400.6956,0.79017764,0.28078726,0.06675019,0.12232358,0.06376657,0.14304617
0.5316207,1341.5857,1.4631574,0.12915276,0.1361927,0.121021785,0.04402849,0.16715401
0.5202333,1268.7191,2.4812453,0.096236125,0.1083868,0.13442954,0.041359194,0.19687977
0.5589129,1149.9856,1.9864179,0.10817598,0.12223779,0.1544228,0.06010737,0.12613812
0.5352026,1352.8806,0.08465474,0.12857924,0.08720533,0.07016716,0.08340362,0.13806604
0.6137202,1294.9198,0.14923674,0.2256707,0.2855612,0.065934464,0.0906071,0.14968336
0.5964418,1251.5752,0.18432683,0.18700308,0.121510774,0.049037963,0.053414784,0.18180196
0.58990395,1582.8934,1.3061604,0.3057809,0.13233468,0.07292786,0.053773943,0.09575408
0.5733366,1647.9641,1.0404987,0.30147073,0.11382381,0.07982816,0.042761035,0.1277626
0.4788026,1366.5856,2.2674882,0.09944012,0.04148166,0.053223096,0.13361636,0.029434985
0.4775194,1444.3289,2.3826663,0.11343421,0.04333961,0.057105277,0.13368168,0.027166665
0.4734064,1423.7228,2.4592009,0.11057875,0.042079534,0.06261893,0.13269128,0.028421141
0.4758293,1477.1276,2.6011124,0.11518675,0.041273013,0.06873327,0.131483,0.03187351
0.4758293,1477.1276,2.6011124,0.11518675,0.041273013,0.06873327,0.131483,0.03187351
0.49322504,1497.3157,2.4404619,0.14008923,0.044502296,0.068388954,0.13016935,0.037373666
0.4727701,1197.232,1.1608355,0.04758046,0.20355432,0.08087779,0.105646715,0.081045896
0.48727623,1219.4037,1.4091583,0.058430128,0.1718299,0.04908613,0.2241793,0.106574945
0.54489446,1075.444,2.9451754,0.0654244,0.18602224,0.057233796,0.08862321,0.1482378
0.51111704,1126.579,0.85359603,0.05878217,0.13971756,0.047069438,0.07937054,0.1325872
0.6453611,1169.1566,3.3053184,0.25406897,0.25542876,0.06632675,0.097695865,0.61418176
0.71244484,1907.0454,1.0397538,2.0312016,0.11806157,0.11161068,0.062391076,0.03575389
0.6426473,3312.0813,3.7833967,3.7789257,0.10262905,0.082703754,0.05305275,0.09299358
0.63833374,4130.723,0.8146001,6.473345,0.031235468,0.07149857,0.07125307,0.16450031
0.6105581,3165.8032,1.0036577,2.0791135,0.07933469,0.079328276,0.04595925,0.21999916
0.6479961,4048.764,2.4194756,6.441716,0.14927968,0.09798797,0.16575599,0.03669921
0.64478177,3744.3713,1.881172,5.93444,0.11592613,0.03420179,0.121899456,0.043796286
0.6519399,3780.8584,2.0954792,6.416893,0.120805375,0.04019524,0.10483408,0.04432912
0.6639676,2810.67,1.8567556,2.9946876,0.20199937,0.08426112,0.0390257,0.13132119
0.6181339,1757.7333,3.2737951,0.4298731,0.10305022,0.11067735,0.083423026,0.1369544
0.63873804,4659.8696,1.1242137,9.375365,0.043441445,0.041531228,0.06936308,0.13911752
0.6429451,4311.316,3.9552717,7.956773,0.03767782,0.05690307,0.062713064,0.049073108
0.6429451,4311.316,3.9552717,7.956773,0.03767782,0.05690307,0.062713064,0.049073108
0.5220816,2752.2322,0.65259,0.6837237,0.2824527,0.08623941,0.08536242,0.1466103
0.5226561,2752.9458,0.6332709,0.6388362,0.28617814,0.075908795,0.1065169,0.17102513
0.5658715,2762.3582,0.8050397,0.92834127,0.2474361,0.10791189,0.13274541,0.17372441
0.5895711,1383.1283,4.2375584,0.23509575,0.05952656,0.066548705,0.14352517,0.06814169
0.5908779,1470.1909,4.3556857,0.2625811,0.06592665,0.06262476,0.16847156,0.060069576
0.57225513,1443.6677,4.8372016,0.23253761,0.057481658,0.044786125,0.14450082,0.058046624
0.46710667,1542.7518,0.486846,0.13103499,0.048865974,0.096476145,0.14985546,0.05004161
0.47583818,1328.037,0.2314668,0.08719988,0.055151742,0.07251522,0.1189123,0.03899276
0.53503484,1581.1786,0.22333474,0.21563582,0.06537199,0.06200064,0.09217889,0.09714444
0.5635269,1335.2996,0.06283454,0.1781461,0.07986071,0.13441086,0.0704835,0.08770674
0.4852048,1443.264,0.05027475,0.097473934,0.068368,0.11784972,0.06490779,0.17885458
0.46834394,1338.7584,0.04838586,0.064620614,0.05216426,0.14800936,0.05563893,0.080085546
0.5369758,1151.6982,1.1575973,0.0695059,0.44172075,0.0887102,0.05894188,0.15778762
0.5896094,1118.0627,2.6305938,0.15116073,0.6821849,0.08708223,0.07173609,0.10829585
0.51831007,1215.7354,0.7469878,0.089452714,0.146324,0.04790265,0.04751566,0.08451557
0.5209182,1392.2577,0.8270285,0.14595799,0.11865561,0.059794188,0.050120905,0.06951367
0.50955456,1472.1538,0.87786365,0.15289648,0.029357225,0.09228279,0.07842329,0.061152313
0.50955456,1472.1538,0.87786365,0.15289648,0.029357225,0.09228279,0.07842329,0.061152313
0.5122799,1443.5128,0.8987561,0.14755566,0.02949393,0.09545029,0.07840155,0.06338993
0.55018103,1610.9542,1.9684103,0.27464554,0.10063563,0.15109834,0.32975018,0.07074
0.52945465,1812.2054,1.1281502,0.29041895,0.09741708,0.13414843,0.35743162,0.0637938
0.52112955,2274.5388,1.7286828,0.43749052,0.048958465,0.11627275,0.3145113,0.17051013
0.55121523,2267.9238,3.3154578,0.54837006,0.15320884,0.07585647,0.49707323,0.060836792
0.58750296,2238.8333,3.1591911,0.6908632,0.14913745,0.066447295,0.32780775,0.05725454
0.5344209,1406.9957,1.279972,0.16532406,0.2113173,0.054085255,0.16813506,0.04760643
0.5207665,1998.6299,2.1051366,0.34743157,0.123464935,0.06586254,0.21937576,0.10662247
0.6812667,2973.33,1.8334026,5.7754626,0.06656481,0.07352869,0.10101467,0.1467868
0.6285416,3001.0662,1.2521344,2.7464004,0.11263975,0.05875925,0.0902226,0.13984063
0.6270575,4452.2075,2.8578806,6.1238523,0.06519676,0.12954399,0.059116222,0.1652481
0.5942177,4581.5635,4.037484,4.515878,0.044287786,0.16673356,0.073372714,0.1689696
0.69766116,3381.313,1.2983757,9.925055,0.035358,0.09492496,0.068681665,0.13373244
0.62244153,5933.507,3.6796684,11.776047,0.10252325,0.06500969,0.07390666,0.1073536
0.67294276,4198.763,1.7505796,11.662179,0.116673596,0.10341729,0.03534197,0.08956424
0.709582,3141.6519,1.704781,11.0192175,0.07998194,0.088309586,0.047016263,0.07428974
0.6386776,5090.061,2.1383402,10.523792,0.15705097,0.05401518,0.07584602,0.04128629
0.59165937,2304.5398,1.5936433,0.77415526,0.071787365,0.21176961,0.0679957,0.1595225
0.5777696,3347.9377,2.5390828,1.5874698,0.10546174,0.15816021,0.09083748,0.2168464
0.60376626,4292.787,1.4934378,4.474575,0.043919016,0.08644947,0.041638333,0.3254649
0.66301906,3893.7595,3.1860979,8.98952,0.08036754,0.22781822,0.11797592,0.07236265
0.68855596,3348.044,1.9891648,9.448949,0.06467114,0.0828724,0.19554374,0.057160717
0.67769,3713.0056,0.6649937,9.018983,0.032353442,0.051660314,0.1333358,0.08132216
0.6491992,4182.8667,0.38520554,9.013107,0.03590903,0.043777265,0.12737536,0.075275466
0.6513394,3782.9893,4.0418606,5.6282845,0.12734032,0.16945086,0.06553033,0.05086318
0.64802504,3894.4277,4.629563,5.447584,0.12986575,0.1648575,0.057251442,0.06039249
0.6253438,5113.774,0.45429656,9.676288,0.049788624,0.10183289,0.10798756,0.075008385
0.62387526,4356.2397,2.1917963,5.837966,0.068427704,0.057399925,0.07824583,0.09836133
0.6169769,4199.1055,2.0495634,4.9289913,0.1314929,0.06771215,0.062479574,0.11553782
0.58400613,5620.405,3.8947916,6.2324314,0.16869733,0.12744738,0.095006265,0.03679516
0.54963195,5765.8984,4.026111,3.874039,0.13623914,0.23554014,0.03735123,0.0832971
0.581,5007.08,1.778407,3.942756,0.14282139,0.24411914,0.040713444,0.057894547
0.6615804,3688.8755,1.483508,6.8022447,0.35734546,0.0638672,0.16679904,0.11471996
0.7139743,2864.9216,0.6051402,8.578748,0.21631894,0.04970285,0.23146647,0.08080206
0.6086606,3166.8723,0.44369516,1.9930527,0.13596487,0.14039974,0.08789059,0.08369917
0.59122115,2858.7212,1.9312241,1.4386168,0.115683,0.14593165,0.083736256,0.055008404
0.67307097,2583.2036,2.1614187,2.7491977,0.11494978,0.056395616,0.07278201,0.08462332
0.68283117,3058.5808,0.52049434,5.857417,0.050951734,0.072009474,0.052212924,0.07921888
0.60925424,3936.894,4.0423317,3.80669,0.090367585,0.07566103,0.093422115,0.059208598
0.6513118,3325.0986,2.722822,4.194475,0.08963837,0.075367086,0.06639957,0.05383788
0.6757074,3278.2605,3.954078,6.258281,0.2235826,0.11907393,0.034921274,0.046780325
0.6596236,3222.1023,4.042909,4.438112,0.29745185,0.11744049,0.055498283,0.08250821
0.6916122,3264.249,2.0303566,7.7409325,0.2285676,0.112729,0.033373266,0.095834225
0.6648247,3908.9375,2.7541504,8.615603,0.23020037,0.087772526,0.062592424,0.054061174
0.671408,3774.436,2.392693,8.553227,0.22512792,0.07088472,0.05701292,0.061502926
0.67743593,3521.4067,2.8717272,7.321544,0.15227193,0.0715997,0.07069072,0.058848333
0.62934226,4872.6704,1.9450144,9.076817,0.051572017,0.050637614,0.11032947,0.051522393
0.6594638,4300.0054,1.2997855,9.243848,0.16595337,0.15857695,0.04373275,0.07532837
0.6169521,4603.825,1.1722549,5.582825,0.11878371,0.09508229,0.07242789,0.23518683
0.59149647,5370.194,0.8134753,7.1544504,0.20082724,0.10838199,0.14264783,0.1419827
0.5868249,6754.4224,1.2730318,9.505068,0.19973512,0.1351803,0.05164092,0.084023
0.7096485,2494.7793,1.0088167,4.494545,0.05168844,0.09165725,0.17067537,0.08932934
0.6842758,2069.9238,1.5043385,1.8057151,0.069413885,0.07070193,0.37336776,0.07945375
0.6838203,2034.3419,1.557934,1.6975484,0.07234783,0.06780863,0.37990087,0.07876801
0.690126,2075.5288,1.0014865,1.9984007,0.08635345,0.07884841,0.24939281,0.12944649
0.6708308,1991.4028,0.99180806,1.1391146,0.09475919,0.07233989,0.10820766,0.05523475
0.5961338,2524.2114,3.8030405,1.0534762,0.07043409,0.05189749,0.07544756,0.0978972
0.5905546,2563.1245,3.0495849,1.058328,0.06028467,0.05357914,0.09031882,0.102292575
0.64267755,2326.503,1.909119,1.4719136,0.06388444,0.05737928,0.07851719,0.09200144
0.6449973,2271.804,2.9100492,1.2731122,0.050909065,0.05354258,0.13494886,0.07533856
0.65966237,2260.3035,1.0037253,1.5419532,0.06003006,0.05398652,0.14636414,0.07593732
0.6337774,2277.5652,1.120846,1.1923207,0.056994382,0.054428976,0.15214396,0.074453935
0.5716495,2603.9517,0.816882,0.94010746,0.053656355,0.048626076,0.19714162,0.10233553
0.57157284,2574.9028,0.82191515,0.94786066,0.05172328,0.04905453,0.1895619,0.10112183
0.5723053,2618.001,0.812507,0.88577557,0.05269544,0.04998759,0.18604183,0.103942946
0.6704154,3205.8147,2.2754707,5.2184763,0.09998672,0.12495781,0.0693357,0.052317232
0.7113053,1810.4213,1.938705,1.8032292,0.06493378,0.054710194,0.04432479,0.141998
0.69634414,2280.5713,1.2391312,2.6197467,0.05673455,0.11350379,0.051509924,0.35099852
0.6728985,2588.7642,0.6940714,2.5732884,0.07178644,0.10975197,0.038087703,0.47370395
0.7095911,2449.83,0.68521273,4.98547,0.090257645,0.073864944,0.047242228,0.25511375
0.7099052,2667.119,0.7902381,5.0094876,0.06441875,0.092650205,0.052348487,0.15854844
0.576343,5036.601,0.26463553,3.971232,0.08765736,0.108707264,0.07772283,0.04230248
0.6542708,3073.659,0.5484593,3.7495267,0.048810832,0.14055347,0.075075835,0.15516078
0.6378658,3787.813,0.64247906,4.6688447,0.07810775,0.106792,0.07233122,0.09991652
0.6471141,2968.4749,1.4620979,2.9434357,0.07449862,0.079252206,0.05968164,0.06555824
0.6431608,3589.8057,1.061675,4.507327,0.038133845,0.08538512,0.08140249,0.05804059
0.61992294,3763.7021,0.9875318,3.8623817,0.048908625,0.072047085,0.08210657,0.057179265
0.6314629,3970.0242,1.6582355,5.292621,0.0480378,0.07215216,0.07161527,0.07937722
0.63311064,4181.7144,1.8328321,5.879728,0.04706443,0.076512195,0.08891186,0.036021374
0.8308853,1339.0337,2.179509,6.863574,0.13554724,0.064749695,0.08428207,0.08963968
0.8080182,1658.3629,3.7840657,8.846838,0.09417075,0.07724745,0.058574744,0.07940618
0.81491226,1450.893,2.51683,4.6430693,0.11632693,0.09166223,0.0634712,0.10656862
0.72699535,1720.6732,1.0351605,1.4824066,0.09995254,0.07700057,0.043628745,0.06761178
0.7111116,1579.8213,1.3272939,1.0673687,0.051743545,0.05253198,0.03753595,0.054736353
0.7005181,1586.8658,1.1616904,0.8265532,0.05957307,0.061141524,0.0391433,0.06877594
0.6950168,1793.5931,1.0260518,1.2077389,0.06207982,0.057002697,0.035151783,0.06319391
0.6921456,1799.5736,1.0197544,1.1326962,0.063417956,0.05564937,0.034783967,0.06494475
0.69095516,1819.8667,1.0077324,1.1550362,0.06474582,0.05628496,0.03628446,0.06560279
0.6676803,1970.9626,1.4341987,1.1556611,0.07675527,0.07335615,0.041246705,0.06473997
0.6789981,2074.9995,2.534997,1.5311099,0.11169874,0.07293233,0.041689243,0.047967553
0.6488777,2218.355,2.6230369,1.2710645,0.11109214,0.07134056,0.04721276,0.050459407
0.6488777,2218.355,2.6230369,1.2710645,0.11109214,0.07134056,0.04721276,0.050459407
0.6488777,2218.355,2.6230369,1.2710645,0.11109214,0.07134056,0.04721276,0.050459407
0.6488777,2218.355,2.6230369,1.2710645,0.11109214,0.07134056,0.04721276,0.050459407
0.6488777,2218.355,2.6230369,1.2710645,0.11109214,0.07134056,0.04721276,0.050459407
0.63241786,2402.0088,1.8606703,1.3594929,0.10786976,0.09758478,0.07932911,0.069869325
0.68539304,3586.384,2.3995996,8.757349,0.050960165,0.107526556,0.038855374,0.06418284
0.68654674,3462.6985,2.1714418,8.863334,0.044774435,0.10135187,0.038144585,0.06183996
0.6984449,3256.935,5.01704,9.124192,0.07040228,0.20469688,0.06820186,0.051172595
0.6509174,3982.5566,1.8493967,7.4064837,0.10208738,0.22826959,0.10199554,0.070391856
0.6268583,2753.4626,1.6806852,1.952688,0.07617307,0.08754622,0.16834907,0.12173615
0.63741016,2703.686,2.3150475,2.1008558,0.19703218,0.04752691,0.17062448,0.15210101
0.5491516,3337.235,2.2033725,1.2635884,0.084920876,0.06371929,0.061362714,0.25950402
0.6546945,3579.9978,0.89959,5.734277,0.06688884,0.09555918,0.09752703,0.14035782
0.61629844,4384.0645,2.6205301,5.026384,0.076648,0.07896286,0.04938218,0.05258006
0.6069499,4565.386,2.7105536,4.7784014,0.0741454,0.079940274,0.04872429,0.045948643
0.65614325,3768.4297,1.7424765,7.1201735,0.06460504,0.054282185,0.09252925,0.14502293
0.6455635,4229.546,0.7699471,7.7712426,0.083206035,0.06636755,0.056252412,0.1279646
0.64813167,4438.6343,0.70284444,9.111497,0.04875062,0.0419434,0.06654945,0.07998741
0.68416834,3652.1487,4.2172055,10.403191,0.058410615,0.057794146,0.10030696,0.053573303
0.6551616,4391.8276,4.0455585,10.125228,0.06332275,0.09211232,0.06103957,0.04062152
0.6479809,4636.3916,3.7578976,10.023371,0.061837733,0.083400495,0.062173758,0.03688192
0.6555671,4502.7256,2.4909203,11.389075,0.09159798,0.05542076,0.063857846,0.09313843
0.65874916,4347.631,2.2405906,11.325462,0.07536759,0.04466694,0.053956024,0.081923485
0.646737,4423.9043,2.4061563,9.154465,0.03628999,0.06473902,0.058623444,0.08966727
0.61010826,5203.5034,2.6623313,7.783614,0.044786137,0.043265294,0.07244477,0.06655351
0.6511537,4244.132,0.666988,9.054064,0.067662075,0.058243044,0.047458824,0.16001227
0.6755077,3891.0708,3.4249845,10.288179,0.048547167,0.20691295,0.040500443,0.04783049
0.63003653,4965.28,1.6370928,9.716379,0.05321971,0.104291245,0.13681608,0.04537625
0.6387795,4115.3394,1.5858134,6.6122084,0.13190836,0.04111223,0.12189937,0.12042242
0.6450437,3803.4128,2.5481818,6.187325,0.08541039,0.059696384,0.1516699,0.099252075
0.6413283,3683.711,2.6827056,5.98561,0.08658266,0.059672307,0.15316895,0.09768252
0.6060479,4430.3916,3.3404772,4.79536,0.09776386,0.08152719,0.043047708,0.3657242
0.55534804,3892.2466,2.1642885,2.107827,0.14285587,0.06731521,0.10619491,0.21884714
0.62933993,3984.665,1.7362096,4.6322975,0.12972145,0.16703963,0.05103606,0.059845217
0.51236737,3470.7346,2.2222834,0.88448584,0.10387556,0.13065545,0.07307105,0.078223675
0.5390705,3521.6885,4.0946164,1.1795518,0.15994257,0.19615433,0.10907215,0.06105405
0.63667995,3425.9673,0.40701884,3.4079378,0.2910827,0.19578174,0.14409631,0.059530463
0.6835639,3075.0142,0.32689482,5.523182,0.33224225,0.20708354,0.16997826,0.049926355
0.55774313,4497.9414,1.0121517,2.7367525,0.05890351,0.046437763,0.05585519,0.09412061
0.55774313,4497.9414,1.0121517,2.7367525,0.05890351,0.046437763,0.05585519,0.09412061
0.577657,3588.5007,1.2873966,2.058125,0.038198944,0.08326779,0.08425481,0.26033303
0.5799149,3455.08,1.2746638,1.8336159,0.047226056,0.087928124,0.074547485,0.27859244
0.6961431,2436.358,0.7381007,3.0050411,0.05788991,0.06514002,0.08193595,0.09325749
0.5869061,4566.5137,2.94819,3.5970607,0.08886579,0.10278224,0.16871276,0.06998175
0.6146727,3953.4966,2.541506,3.8726294,0.075065956,0.110670775,0.15068968,0.14399548
0.559056,6349.832,3.3541791,5.8033986,0.12015367,0.115964144,0.14847128,0.14021234
0.685391,2765.2327,0.744299,4.396409,0.051178634,0.051334262,0.0777323,0.11042018
0.6871412,2585.7346,0.6713293,3.762379,0.054993547,0.048752528,0.07931767,0.08937746
0.6847508,2508.3523,0.4827269,3.3380964,0.047477305,0.07636281,0.1164275,0.09325386
0.60312074,4291.4707,0.48765686,3.4612212,0.086291775,0.096103616,0.0803952,0.0415317
0.63792866,3330.4822,1.7852035,3.8508964,0.10144831,0.2980967,0.078695625,0.24630295
0.60636896,4152.294,1.7433208,3.9634845,0.08018207,0.07180876,0.107447036,0.045630053
0.58182704,4622.9487,1.2443801,3.8694673,0.09505942,0.05341458,0.12314638,0.056372926
0.5804841,4864.8696,0.9475387,4.1750784,0.101619,0.04910343,0.092073284,0.0615704
0.62622005,4276.7573,2.950767,5.8017993,0.07852292,0.09040243,0.11375425,0.4873218
0.6705923,3302.8984,2.5456479,5.907928,0.14190792,0.1538326,0.09258557,0.459983
0.6478544,3113.3208,2.289404,3.2040036,0.073181815,0.17355607,0.033069167,0.49634293
0.6313433,2242.4988,2.793174,1.0829861,0.03628006,0.1947359,0.059800316,0.29570863
0.6641722,2035.8793,1.8938416,1.2510419,0.038401973,0.27664083,0.057433724,0.340003
0.71553147,1705.4357,1.6620178,1.1474746,0.057110272,0.34096462,0.07577356,0.14040703
0.6870268,1620.6272,1.3515127,0.73823166,0.075731546,0.42917427,0.12369069,0.22324643
0.68812865,1751.9352,1.6677176,1.0566893,0.06436153,0.48472416,0.11772596,0.1983515
0.6638303,1446.1993,1.563178,0.4319825,0.054771066,0.38477618,0.15716928,0.1328682
0.6590468,2071.1863,3.999388,1.1907964,0.057445377,0.16310336,0.059411302,0.07962242
0.7568218,1376.0767,1.4916251,1.2628491,0.060508512,0.0879152,0.046842135,0.097695425
0.7605361,1446.6378,0.89511484,1.5557833,0.07508625,0.097605065,0.053482477,0.1055825
0.76423806,1600.4191,1.9380939,2.3116388,0.066711515,0.06357316,0.053738147,0.109814
0.74294037,1828.2314,1.6323348,2.7003627,0.08510607,0.05032121,0.049619045,0.08109045
0.7563021,1763.125,2.5254498,3.3679395,0.07025579,0.042927735,0.03989666,0.09971623
0.7157032,2233.2231,1.1366167,3.496115,0.062655225,0.041963857,0.038160857,0.09234305
0.6657621,2622.7695,2.314724,2.5181632,0.07414245,0.1429595,0.08045625,0.0493293
0.60971045,2099.7568,1.922208,0.7338434,0.10242602,0.090662315,0.09270012,0.060683858
0.57971436,3469.8682,1.4887066,2.017049,0.059787173,0.07335328,0.061162915,0.09628914
0.5875908,2883.7534,3.0287085,1.2982578,0.043394923,0.08551547,0.081882656,0.087992296
0.5875908,2883.7534,3.0287085,1.2982578,0.043394923,0.08551547,0.081882656,0.087992296
0.6280024,2219.3743,1.5972604,1.0204041,0.07205314,0.10087186,0.09471119,0.055342354
0.61610496,2430.2332,2.1108856,1.0624266,0.0542299,0.08797027,0.104332626,0.06264298
0.6274066,2259.6228,2.262528,1.045126,0.056734484,0.107058994,0.10858094,0.06656164
0.6274673,2222.3523,2.6979914,1.0634925,0.060489357,0.08455838,0.14111942,0.053530633
0.64287806,2406.184,2.6646466,1.4643779,0.07781957,0.09707913,0.1315968,0.060563486
0.7050878,3005.7722,2.5348065,8.325007,0.041272234,0.040223904,0.063450545,0.09843941
0.7728009,1871.398,1.6316093,7.7513375,0.15903592,0.054603808,0.041717142,0.055495042
0.71294254,2720.0525,1.3867112,7.2625403,0.068287216,0.073482275,0.047615662,0.04106397
0.6420582,4222.3584,1.657405,7.546649,0.05486285,0.1518284,0.1298555,0.053132646
0.6755599,2603.7578,0.3526301,2.854526,0.0697864,0.0634783,0.14540735,0.07347875
0.6983917,2599.9429,0.24823123,4.1233745,0.050499506,0.06403544,0.26696625,0.067889705
0.6229171,3679.9744,0.27296844,4.0823116,0.05838004,0.040317412,0.14681262,0.12948807
0.60722244,3403.9507,0.07912531,2.6651945,0.06072751,0.049752917,0.22728425,0.34291315
0.58393914,4419.1104,0.09171051,3.4498992,0.06251258,0.04588982,0.12955272,0.497066
0.57380503,4706.8154,0.10309632,4.259309,0.070297346,0.05889499,0.13995159,0.728058
0.5638869,4362.8584,0.11093716,2.966445,0.03215304,0.06997045,0.12869559,0.3614017
0.5638869,4362.8584,0.11093716,2.966445,0.03215304,0.06997045,0.12869559,0.3614017
0.5638869,4362.8584,0.11093716,2.966445,0.03215304,0.06997045,0.12869559,0.3614017
0.5638869,4362.8584,0.11093716,2.966445,0.03215304,0.06997045,0.12869559,0.3614017
0.57166004,4192.1245,0.10766918,2.9550443,0.030042773,0.06805202,0.11842597,0.37719926
0.5717048,4224.496,0.10503684,2.9821806,0.030621022,0.06910447,0.116770886,0.38015035
0.5719358,4272.0146,0.105931506,3.1916182,0.031129949,0.07157623,0.122383356,0.36514544
0.57437694,4459.9214,0.104053766,3.2584043,0.03358191,0.06623319,0.12138352,0.36947298
0.5749166,4464.4404,0.0699435,3.4458659,0.055322077,0.05732558,0.089428216,0.22525465
0.6929541,2712.0583,0.09632971,4.5260596,0.04205848,0.08920905,0.04480131,0.16660357
0.5996433,5623.2104,0.23957123,7.96951,0.06312905,0.04628165,0.12796392,0.14811063
0.6984871,2948.6587,1.45055,6.3407435,0.05666554,0.12704326,0.051809292,0.10579063
0.5572166,5518.125,2.77317,4.6792145,0.0789473,0.06169754,0.13378741,0.08530472
0.58999264,3973.853,2.6941297,3.4143496,0.09124977,0.042667974,0.12856995,0.110594414
0.67269963,2279.161,1.3684644,1.783333,0.058350734,0.21072423,0.06050632,0.075535715
0.6703808,2419.2053,1.3234892,2.0376928,0.05947142,0.16304041,0.084661365,0.045560196
0.63016003,3649.2092,2.7295773,4.1922617,0.06894848,0.23052086,0.10102611,0.07252459
0.6804469,3277.91,0.8888633,7.026832,0.038523637,0.1946557,0.06378635,0.18840815
0.616984,4154.375,0.27753484,4.6335464,0.050734594,0.16836372,0.07129157,0.20910633
0.61360013,4869.634,0.28974074,6.52731,0.14903408,0.23461203,0.06450246,0.105506584
0.5774571,6048.859,0.22276351,6.107134,0.18742199,0.16528818,0.06868768,0.21410169
0.7012373,2514.2542,0.21278383,4.231515,0.07262299,0.05216808,0.06641489,0.05113346
0.6033189,4924.3315,1.1153374,6.061349,0.15158133,0.11620413,0.1313121,0.08415365
0.631969,4199.0635,1.5569289,6.149974,0.043139827,0.12448863,0.19165869,0.09736196
0.6818724,3627.0,1.3556302,9.736598,0.06879804,0.2241168,0.18429005,0.058530156
0.63783264,4988.1733,1.5781392,10.439864,0.044544734,0.1556483,0.09851748,0.030279526
0.6810004,3817.4167,1.0989667,10.259811,0.063865066,0.13211302,0.06192797,0.05990517
0.54679745,3238.2483,2.2547064,1.2297835,0.09269592,0.07549775,0.13493243,0.18984638
0.5675495,3048.1704,1.8579507,1.2273853,0.0935016,0.14120917,0.15909278,0.21117084
0.60799885,3900.1736,1.4225532,3.3149474,0.14472184,0.095426716,0.06795335,0.08380418
0.66084933,3636.9722,2.7070212,6.54235,0.17445181,0.052076977,0.037133913,0.057546806
0.65713525,3830.1384,3.4628053,6.954847,0.17932186,0.04036434,0.036014773,0.06339861
0.50865966,3552.5378,0.588132,0.8003245,0.21700244,0.31468967,0.31690693,0.10830739
0.46578497,1071.4166,0.04671319,0.017458847,0.05272242,0.028294502,0.09086943,0.056715373
0.41946948,1175.6863,0.04396083,0.021952147,0.034561463,0.03581472,0.24823084,0.07066047
0.4352267,1239.2219,0.033581443,0.041199718,0.039729852,0.04477107,0.2539822,0.043099724
0.4819174,1129.5061,0.04656188,0.03534285,0.043117832,0.048361003,0.2076904,0.122243114
0.5342943,1099.4506,0.43521997,0.041713003,0.05639867,0.1428503,0.22763008,0.22588463
0.4605085,1110.3562,1.0449538,0.018890548,0.04119904,0.08218183,0.08539613,0.17066655
0.54628974,1236.227,4.532692,0.10228809,0.04432912,0.071120396,0.1878789,0.060727105
0.53265387,1177.833,2.113288,0.10684012,0.057779808,0.10070425,0.29235384,0.08264923
0.4801063,1090.4698,2.0724664,0.02991439,0.05251053,0.16727689,0.36187327,0.11245725
0.5583508,1310.8059,3.1710553,0.1736153,0.056599353,0.3469803,0.1667518,0.085582614
0.5665015,3549.6409,0.50168806,1.5786409,0.27698496,0.060307354,0.07692635,0.09341143
0.5491493,3546.0454,0.31159762,1.4503298,0.21894468,0.07903018,0.0633022,0.09979491
0.5671198,3580.7285,0.577763,1.7667072,0.1591565,0.09264718,0.08274212,0.11927478
0.5838065,3113.8647,0.49758464,1.5146252,0.10299972,0.083486654,0.07204296,0.07628109
0.6570985,4394.9023,1.3595831,10.314692,0.07913582,0.08843306,0.07592682,0.04723377
0.6639144,4242.0713,2.5521,11.016727,0.07200921,0.07686662,0.09607748,0.11141907
0.7315573,2411.9937,2.2493339,6.8274994,0.14198521,0.11859019,0.04183536,0.0346244
0.6756606,2713.3367,3.1522684,3.6216872,0.16235706,0.07025377,0.05145236,0.1049513
0.6883588,2970.4585,2.3960629,5.4662657,0.13922724,0.091879785,0.033065658,0.0590433
0.6984182,3249.0225,2.82047,9.757627,0.13157475,0.064286076,0.056018908,0.07263191
0.614889,5048.648,3.0625672,7.3641906,0.057563834,0.09280147,0.16030416,0.03321123
0.68280107,3205.7793,4.4617724,7.795961,0.069728546,0.11045383,0.07886371,0.18776128
0.59581757,5645.1465,0.7583262,8.103742,0.047209475,0.047688894,0.062413722,0.15217511
0.5883506,6247.0005,0.6149306,8.838747,0.035085462,0.037562557,0.08078858,0.11912947
0.7397684,2311.5688,3.508648,6.3969274,0.21114877,0.3103742,0.074646726,0.052586954
0.6763373,3692.2483,1.1722343,8.050612,0.041663207,0.19919147,0.08917466,0.07289903
0.6567563,3845.7346,3.6172388,7.97452,0.03965838,0.08480457,0.06934016,0.14763907
0.6700936,3928.9358,2.227752,9.707333,0.08020612,0.07721877,0.04362817,0.07074344
0.6649875,4119.966,2.5009646,10.225066,0.06749411,0.08240244,0.038745753,0.050155856
0.6562302,4307.6143,2.692168,9.860386,0.059089378,0.0724114,0.042409174,0.06035163
0.6049214,5617.7075,2.6136835,8.90821,0.064548165,0.104396224,0.053309593,0.041688696
0.6567751,2134.5325,0.81511116,1.3639498,0.08712493,0.13788372,0.0913987,0.1471545
0.5805701,1647.4468,0.8337221,0.32350823,0.092620715,0.13613702,0.06533774,0.14381664
0.6372967,1582.9158,1.2102342,0.47205895,0.11439698,0.128099,0.084054574,0.15753779
0.45269343,1188.2417,1.8250242,0.032419648,0.06389879,0.05265046,0.06434766,0.030987596
0.46779573,1134.0878,0.97594297,0.0308881,0.044889234,0.20329268,0.10825591,0.07113047
0.4740772,1144.7996,1.0350639,0.031105088,0.033351693,0.20108384,0.12633549,0.07844536
0.44665498,1263.6279,2.7051404,0.03195562,0.13251616,0.06858576,0.06723793,0.05919118
0.43609864,1252.3922,3.2680063,0.033712372,0.13816041,0.07593897,0.06698512,0.0604925
0.4185622,1249.8684,2.2348819,0.027513955,0.10201393,0.08963983,0.15070596,0.07284133
0.42241523,1287.452,1.6009933,0.04607545,0.087526165,0.04410693,0.3791173,0.070083566
0.51699585,1281.25,1.0162508,0.10408035,0.075199805,0.078275554,0.20722929,0.036760867
0.42866117,1348.2062,2.626436,0.066563636,0.051823843,0.112068936,0.21198115,0.16711572
0.4991869,1269.114,1.9867716,0.09148037,0.048963133,0.06319509,0.3240264,0.03156609
0.48710054,1419.0844,2.8188856,0.121008195,0.05115497,0.07683474,0.23953164,0.0511567
0.4877485,1306.5461,2.6827075,0.08051785,0.054081105,0.079210535,0.19153622,0.054132268
0.48561275,1340.7968,2.0504615,0.0797019,0.056312274,0.1077424,0.13649204,0.097526
0.51105154,1284.1056,1.6048125,0.09632549,0.07173147,0.08897384,0.120874576,0.098285735
0.5240007,1321.8866,1.4414946,0.0968349,0.08573459,0.062748626,0.100645825,0.12100514
0.5103877,1093.8057,0.80431694,0.03185915,0.048997454,0.15712394,0.06057175,0.25359088
0.57671887,1149.616,1.761652,0.10108786,0.13332003,0.06943544,0.07733247,0.17800343
0.5408803,1198.348,1.6815778,0.12478385,0.093967065,0.06565676,0.082224265,0.1124595
0.4484298,1467.683,0.49076307,0.08358168,0.092765,0.11949816,0.06376314,0.051404417
0.49484685,1178.4773,2.8547482,0.06568391,0.10283904,0.084103845,0.107281625,0.04550747
0.47757572,1592.2942,2.0400288,0.13474959,0.09669913,0.059622306,0.109738834,0.08165396
0.46596974,1503.9951,0.84259045,0.10306262,0.11576398,0.09546333,0.043766912,0.12594552
0.5136907,1083.5948,2.3845172,0.0668031,0.11719161,0.08401071,0.056439873,0.05745413
0.4708389,1079.0464,2.6212568,0.030051125,0.1398132,0.08927281,0.04765858,0.0354078
0.5401015,1062.7028,4.584273,0.045471363,0.15456764,0.073651426,0.07421871,0.11470147
0.47476417,1030.2438,0.21268958,0.013812514,0.05302413,0.07835024,0.050059147,0.10703475
0.46349245,1500.1405,0.10176798,0.09961602,0.09507386,0.22424062,0.075294495,0.06404157
0.540325,1510.1788,4.7590156,0.2274627,0.090982676,0.13325353,0.09288938,0.06391748
0.61942595,1971.7784,3.610242,0.7907317,0.17977649,0.09305,0.17825517,0.082052946
0.6340212,2559.884,0.44090408,1.6226978,0.12953271,0.09589563,0.060845625,0.067152224
0.6491492,2817.052,0.58504266,2.5425115,0.15022187,0.07294536,0.05691451,0.11067574
0.7267426,1309.4154,0.611638,0.63952553,0.16248688,0.07723804,0.056551374,0.08525033
0.74010223,2088.2727,1.5909836,4.663215,0.09028424,0.04513896,0.033521112,0.05445143
0.74010223,2088.2727,1.5909836,4.663215,0.09028424,0.04513896,0.033521112,0.05445143
0.7521525,1945.0164,1.4008518,4.062175,0.086988956,0.049978964,0.036156826,0.06316603
0.74967134,1744.5074,1.2816854,2.4869428,0.09222479,0.05515554,0.035598446,0.06707708
0.7321778,2040.5295,0.5345226,3.2582488,0.10555124,0.08834337,0.034308523,0.033245176
0.73673344,2033.2068,0.48087582,3.9274216,0.12436035,0.09975768,0.03358393,0.039564025
0.60368174,1942.9998,0.08115533,0.5475133,0.06383604,0.047668297,0.12743601,0.08470804
0.60368174,1942.9998,0.08115533,0.5475133,0.06383604,0.047668297,0.12743601,0.08470804
0.6072873,1898.4689,0.08244131,0.56149054,0.065372586,0.04822117,0.13186088,0.08516231
0.6407409,1858.211,0.027533619,0.68730927,0.04705502,0.059497997,0.13550326,0.0847955
0.6398265,2322.5317,0.02045452,1.4893377,0.16046885,0.04287237,0.08611009,0.22564799
0.6495789,2142.176,0.013015582,1.2959743,0.19403738,0.052678406,0.06448292,0.17905384
0.6316049,1503.1385,0.015357316,0.33568203,0.13483524,0.07217828,0.03988575,0.33251095
0.59903914,5798.8887,3.4287684,10.062102,0.10671227,0.08555729,0.31307334,0.08458776
0.60462993,6249.901,0.963585,11.136429,0.1231627,0.05910421,0.19950719,0.10114254
0.6763032,3920.1143,2.350438,11.234974,0.028219957,0.100457855,0.118274026,0.10052027
0.6932236,3537.8481,2.37358,11.137977,0.027625158,0.106515095,0.12482301,0.114208646
0.67874193,3899.7834,2.4422007,11.253091,0.030831931,0.1118272,0.14597295,0.11738677
0.60761064,2331.2617,1.366377,0.98861915,0.5068358,0.2241359,0.08092856,0.12861998
0.6140648,4108.4883,2.5796015,4.6005306,0.06924226,0.09774843,0.16776264,0.06247269
0.6689543,3487.109,1.2691352,6.8226185,0.04502186,0.06711629,0.089368984,0.06261224
0.66733074,3894.525,2.0069168,8.838169,0.04212404,0.063907854,0.07002799,0.06285454
0.68415225,3374.3826,2.5428035,8.205687,0.054613456,0.07229829,0.04601104,0.048036978
0.6299259,4829.365,1.600279,8.796669,0.060938686,0.06428297,0.058753226,0.08792676
0.63542587,4676.7075,1.4598086,8.386527,0.07167582,0.07890456,0.03920991,0.07774242
0.68378377,3586.0178,1.4317238,9.414898,0.09407625,0.07768269,0.031940024,0.08731532
0.7394,2470.367,0.033611637,8.935139,0.117272414,0.054756835,0.08469462,0.13474628
0.7388418,2447.9998,0.032073133,8.913439,0.11561867,0.05432623,0.0895091,0.13812122
0.72155666,2716.3079,0.035273515,8.708497,0.10596031,0.04919047,0.048909523,0.12609887
0.68018836,2708.2039,0.044203214,3.5272472,0.1038477,0.13213477,0.042424656,0.08860117
0.6759721,2861.8997,0.054103438,4.1340666,0.08130109,0.11704289,0.04807158,0.07062736
0.6538567,3047.0151,0.029322114,3.3494291,0.10505416,0.06650772,0.13204013,0.03903404
0.63814485,3630.5603,0.6954701,3.887699,0.11589587,0.11404079,0.0426082,0.1625792
0.62623274,3421.1443,0.38637128,3.327294,0.08767776,0.09844141,0.058665823,0.09535283
0.59387815,3515.058,0.64262176,2.4692297,0.063313514,0.13771206,0.05828472,0.1424174
0.6376534,3358.5625,0.49353138,3.1131449,0.08601495,0.36630732,0.060335025,0.17562217
0.64310795,2318.487,0.061652698,1.5206211,0.053925365,0.123051226,0.14885168,0.10182871
0.6590898,2377.8298,0.06551191,1.8278946,0.063580036,0.11624852,0.1784474,0.11786953
0.6327744,2568.6494,0.06326418,1.602744,0.05756522,0.12666997,0.26439846,0.20120512
0.6039198,2596.459,0.11842966,1.2644693,0.041205384,0.07425979,0.21724382,0.34924746
0.5963755,2575.791,0.08443241,1.1437052,0.038212672,0.069217525,0.20192403,0.34423357
0.5974717,2594.712,0.08135245,1.1407266,0.040883258,0.06942738,0.20149285,0.3504383
0.6241146,3026.8547,0.18701455,2.4375083,0.07032179,0.098035805,0.15534842,0.6003895
0.607935,3668.7766,0.15491745,2.9214463,0.084329575,0.12363287,0.118790485,0.47406423
0.65616506,3772.678,0.5214557,7.1606083,0.045419283,0.14345495,0.3318387,0.33539897
0.67873085,3105.0168,0.4648829,5.5721784,0.05250194,0.29786086,0.40845913,0.28451714
0.60039663,5652.148,2.3216639,8.355809,0.25400534,0.04370316,0.08813362,0.08176806
0.60160273,5376.2153,2.5045087,7.235093,0.13338877,0.071657404,0.05072864,0.10609105
0.68883306,3308.4583,1.8431758,8.469434,0.060707085,0.22983697,0.060153604,0.17635722
0.64469504,4538.7256,0.85158354,8.463347,0.056946296,0.14121638,0.06059831,0.10347202
0.6444464,4193.9062,2.9321692,8.099624,0.11003845,0.07223056,0.13315882,0.05710774
0.6686911,3823.4412,1.5244521,8.504551,0.1617527,0.06395829,0.23210508,0.119276404
0.65610856,3833.598,1.3325024,7.714957,0.09857455,0.057436574,0.20812996,0.076253764
0.65869653,3947.8684,1.3940872,8.008725,0.098490864,0.06436907,0.19602373,0.08079313
0.6507218,1594.8716,2.470568,0.4861359,0.11659054,0.06476058,0.16649157,0.070340976
0.5954545,2829.4297,0.78005004,1.3161334,0.068506174,0.13727057,0.07092406,0.11236436
0.5987177,2843.8723,0.7237064,1.4472537,0.062764846,0.13221869,0.06712605,0.10457511
0.58394295,2914.9302,0.6130306,1.2756865,0.06677638,0.10462711,0.05889062,0.102250196
0.58985895,2826.3127,1.0066898,1.2765434,0.089016534,0.066656746,0.06840908,0.07867109
0.6005422,2796.8198,1.5222185,1.3445592,0.109854415,0.07545763,0.062363356,0.05570753
0.5656788,2688.5242,3.5376627,0.9053387,0.12342868,0.06497855,0.05836835,0.081901886
0.64966726,3299.0068,0.9977311,3.9273086,0.20588578,0.08252139,0.07807307,0.08939682
0.5641584,4295.563,3.2626503,2.729369,0.12852098,0.05846612,0.12970448,0.07751475
0.5843408,4267.713,3.965685,3.3643036,0.18924281,0.069296815,0.14282744,0.05989386
0.7370403,1988.9694,0.607057,4.1505795,0.3747462,0.0787574,0.33327904,0.05213167
0.75611115,1915.4445,0.5356913,4.965031,0.39924902,0.10613791,0.23389028,0.07037827
0.7427363,1974.559,0.55195725,4.3253336,0.26115403,0.10896769,0.15393761,0.08484332
0.643187,4965.543,1.2465802,10.414892,0.12537004,0.13521002,0.08089171,0.08436774
0.6140927,6101.23,1.879507,10.868363,0.12858543,0.13571121,0.025871199,0.06390007
0.7022903,3319.7588,2.1109653,10.366011,0.038717534,0.08137377,0.26303595,0.059328593
0.7267366,2695.8633,2.216731,8.781188,0.0648076,0.07112221,0.16071008,0.04371184
0.54537743,6665.37,1.9528482,6.200219,0.08909787,0.040334564,0.114589185,0.18580619
0.6589659,2690.84,2.1805742,2.7691402,0.20648463,0.11434438,0.11428614,0.09855018
0.56221825,4338.328,1.1567066,2.7739155,0.08353631,0.24946854,0.07733048,0.07538344
0.5985671,4893.607,2.0904891,4.878613,0.14046443,0.39927116,0.068967395,0.08739121
0.60644776,5606.275,3.3365004,8.503178,0.37765628,0.13351321,0.07435752,0.084905505
0.6080615,5857.274,1.5064672,9.132445,0.2929214,0.096756786,0.06424738,0.07425065
0.63539875,4922.093,2.7391298,9.431845,0.34231645,0.12289203,0.04700326,0.17074925
0.6455932,4203.5728,2.7033103,8.463638,0.24690713,0.07946807,0.03757727,0.18882573
0.6737941,3394.3218,4.566796,7.9620275,0.22782962,0.100729726,0.04632222,0.21360005
0.59394795,3287.5347,0.25978738,1.8558252,0.07354411,0.092562705,0.14451665,0.054197997
0.58748776,3713.7456,0.8533031,2.5108736,0.04856371,0.07873675,0.16720647,0.11151852
0.62023735,4354.6895,1.9675272,5.9795,0.04691297,0.040359035,0.14398652,0.09709304
0.6627671,4204.8105,1.2407584,10.406046,0.06348618,0.08618568,0.080733664,0.04432532
0.66070884,4179.489,1.4388008,10.103544,0.060760487,0.080600575,0.07778273,0.042050518
0.62121993,4920.6133,2.1866853,7.9182673,0.05691269,0.058607362,0.10032949,0.10549207
0.6344345,4019.652,2.236837,5.8755054,0.04131233,0.032195553,0.10747909,0.07175692
0.6344345,4019.652,2.236837,5.8755054,0.04131233,0.032195553,0.10747909,0.07175692
0.6644109,2422.0686,1.4581499,1.9618744,0.19198307,0.3182559,0.16452819,0.047356486
0.6441829,2520.1643,2.411805,1.5735502,0.16493249,0.273068,0.14144728,0.033517987
0.58867455,3500.2737,2.3245218,1.8479638,0.19770235,0.24057738,0.13100503,0.045910887
0.60800195,4889.09,2.9559062,5.826877,0.13889578,0.1675354,0.06586888,0.034067858
0.5794302,4200.3193,1.9790807,3.0269892,0.23261657,0.09125719,0.097421214,0.09395134
0.71048445,2277.4812,1.1295799,4.180285,0.22826986,0.038708016,0.16003752,0.06076098
0.7136632,2596.3425,1.2340252,6.0012474,0.16836157,0.042316847,0.123817116,0.06251897
0.6308148,4132.5874,2.609959,5.0686293,0.055042543,0.115111805,0.07370444,0.06507042
0.5948866,5148.189,1.6036799,6.2932224,0.11666408,0.1393242,0.062411625,0.057527393
0.5930558,6065.116,2.1786041,7.589993,0.20816278,0.102886565,0.06458482,0.05710036
0.5987936,5785.198,2.030062,7.3572845,0.20795514,0.13898198,0.04564606,0.14533095
0.60895133,6231.8853,2.3039827,10.49542,0.116763815,0.21376018,0.047143564,0.09970489
0.6320988,3522.8247,1.7354703,3.5715938,0.15393884,0.27667186,0.08691463,0.056466
0.63549036,3325.1597,0.08106866,3.312992,0.05706231,0.15114221,0.15908241,0.08011582
0.70057005,2481.415,0.20525394,3.3303127,0.047393695,0.066182025,0.040207826,0.056866575
0.697648,2494.014,0.19685021,3.560192,0.046920698,0.06432246,0.042091735,0.055470213
0.6988244,2473.435,0.20551015,3.2970738,0.04842029,0.06277287,0.043367032,0.056091145
0.5754454,4599.176,0.95235884,3.3555086,0.09222451,0.084883586,0.119791925,0.14262392
0.5931865,4237.48,0.57609373,3.4536014,0.053964384,0.069634214,0.09178887,0.15367582
0.5887133,3620.7969,0.60110146,2.453752,0.04153905,0.06397665,0.1465581,0.21522504
0.60171217,3321.9634,0.6943611,2.465356,0.053413995,0.0720555,0.16131243,0.20980763
0.65516317,3351.1719,3.2750034,5.589052,0.121237546,0.040961936,0.128186,0.12171957
0.7092586,2861.2607,1.2988755,8.4587145,0.10399884,0.091748744,0.052076343,0.06251152
0.7128512,2495.8223,0.56277865,5.4642797,0.19427802,0.055512574,0.039138272,0.06712589
0.7153089,2552.6328,0.5251834,5.5516047,0.19560286,0.052368447,0.03673139,0.06404939
0.59319955,4495.1655,4.8060517,4.295124,0.18307963,0.0728572,0.06766238,0.20785132
0.5687546,5033.6064,1.9759899,3.5972948,0.1539729,0.099615075,0.04819083,0.4056461
0.56256086,5436.521,2.8785152,4.4904404,0.06739886,0.07155719,0.061969,0.17357862
0.7042244,2113.8489,1.8369095,2.3296504,0.0371107,0.10725076,0.06897306,0.42259982
0.68294024,2206.4097,1.4485769,2.1097744,0.17657004,0.103994355,0.034378402,0.21031444
0.6895433,1785.1892,0.8073026,1.0367844,0.18556416,0.06832984,0.0690808,0.22560987
0.73327875,1691.0072,0.9576741,2.1221402,0.12386985,0.059134956,0.07823085,0.15654904
0.6166671,2036.5262,1.6442816,0.71914846,0.073748015,0.07976585,0.09232427,0.076419696
0.48772094,1853.0416,1.0920417,0.26845008,0.08549294,0.11293323,0.09039683,0.114436015
0.49213055,1888.2848,1.1973274,0.25956106,0.0845455,0.115238205,0.09549445,0.097844124
0.51340586,1671.0165,1.0480336,0.23451109,0.11081948,0.056743547,0.07229093,0.13310008
0.59189826,1594.3999,3.0010335,0.34188864,0.15450242,0.060908254,0.07670895,0.08831159
0.6515167,1763.6467,1.7663214,0.64903975,0.12438695,0.067278534,0.06691902,0.09075385
0.6420819,1635.8818,4.379946,0.52585226,0.123122126,0.03784433,0.06440066,0.07649286
0.6420819,1635.8818,4.379946,0.52585226,0.123122126,0.03784433,0.06440066,0.07649286
0.63686657,1687.0007,4.907676,0.5243634,0.11687419,0.037470095,0.06053196,0.08250409
0.6331905,1706.7137,4.541196,0.5628331,0.11638266,0.03792187,0.057721384,0.07751536
0.6331905,1706.7137,4.541196,0.5628331,0.11638266,0.03792187,0.057721384,0.07751536
0.6331905,1706.7137,4.541196,0.5628331,0.11638266,0.03792187,0.057721384,0.07751536
0.6331905,1706.7137,4.541196,0.5628331,0.11638266,0.03792187,0.057721384,0.07751536
0.6326876,1691.6324,4.550673,0.54718274,0.11881453,0.037898812,0.059548333,0.075953186
0.6326876,1691.6324,4.550673,0.54718274,0.11881453,0.037898812,0.059548333,0.075953186
0.6370568,1664.0869,4.5219345,0.49783573,0.11467703,0.03688886,0.06255768,0.07419624
0.6287653,1650.8418,4.634603,0.4745949,0.11320059,0.03744357,0.062458068,0.070408106
0.6287653,1650.8418,4.634603,0.4745949,0.11320059,0.03744357,0.062458068,0.070408106
0.6287653,1650.8418,4.634603,0.4745949,0.11320059,0.03744357,0.062458068,0.070408106
0.6287653,1650.8418,4.634603,0.4745949,0.11320059,0.03744357,0.062458068,0.070408106
0.6304687,1677.3455,4.3613586,0.45683613,0.112474255,0.037610553,0.061176755,0.07045761
0.61796975,1726.4374,4.473105,0.43746704,0.102539025,0.038413495,0.06269961,0.07234038
0.6156844,1712.4016,4.440913,0.51931685,0.10636268,0.03855949,0.06347259,0.0711731
0.62265503,1738.4471,4.363472,0.47177556,0.10599867,0.03809962,0.06383413,0.070666924
0.62265503,1738.4471,4.363472,0.47177556,0.10599867,0.03809962,0.06383413,0.070666924
0.6232605,1751.3574,4.504,0.5129808,0.09357406,0.036531117,0.06406624,0.06031463
0.6232605,1751.3574,4.504,0.5129808,0.09357406,0.036531117,0.06406624,0.06031463
0.6234598,1739.226,4.2971306,0.49349803,0.09014742,0.038026042,0.06653871,0.06162769
0.6234598,1739.226,4.2971306,0.49349803,0.09014742,0.038026042,0.06653871,0.06162769
0.6234598,1739.226,4.2971306,0.49349803,0.09014742,0.038026042,0.06653871,0.06162769
0.6234598,1739.226,4.2971306,0.49349803,0.09014742,0.038026042,0.06653871,0.06162769
0.6234598,1739.226,4.2971306,0.49349803,0.09014742,0.038026042,0.06653871,0.06162769
0.61936,1765.3313,4.13431,0.51140076,0.089916095,0.037934963,0.06632981,0.0651015
0.6191737,1736.0519,4.0522747,0.49403223,0.09373677,0.038701605,0.06418991,0.066388056
0.6142678,1719.4227,4.09841,0.45300367,0.097552955,0.0395042,0.063041955,0.0694959
0.61188346,1740.9703,4.2249866,0.43826643,0.09827477,0.03925665,0.06112749,0.069160394
0.61188346,1740.9703,4.2249866,0.43826643,0.09827477,0.03925665,0.06112749,0.069160394
0.61188346,1740.9703,4.2249866,0.43826643,0.09827477,0.03925665,0.06112749,0.069160394
0.60712814,1750.9711,4.369322,0.49336332,0.09445709,0.03883262,0.06267895,0.07053
0.60712814,1750.9711,4.369322,0.49336332,0.09445709,0.03883262,0.06267895,0.07053
0.60712814,1750.9711,4.369322,0.49336332,0.09445709,0.03883262,0.06267895,0.07053
0.60712814,1750.9711,4.369322,0.49336332,0.09445709,0.03883262,0.06267895,0.07053
0.60480464,1766.3356,4.30633,0.48233375,0.0944364,0.038203478,0.06394731,0.06931547
0.61738724,1701.9891,4.1318893,0.48456332,0.09303048,0.03711437,0.06431473,0.067750506
0.61738724,1701.9891,4.1318893,0.48456332,0.09303048,0.03711437,0.06431473,0.067750506
0.61738724,1701.9891,4.1318893,0.48456332,0.09303048,0.03711437,0.06431473,0.067750506
0.61738724,1701.9891,4.1318893,0.48456332,0.09303048,0.03711437,0.06431473,0.067750506
0.6171342,1685.5083,4.1952305,0.4747231,0.09539928,0.037380144,0.06341248,0.06653907
0.6160995,1688.635,4.18535,0.4604268,0.091128916,0.038538076,0.06445528,0.068133324
0.6160995,1688.635,4.18535,0.4604268,0.091128916,0.038538076,0.06445528,0.068133324
0.6160995,1688.635,4.18535,0.4604268,0.091128916,0.038538076,0.06445528,0.068133324
0.6141843,1691.192,4.209565,0.43294305,0.092107974,0.03793793,0.06629986,0.06841536
0.6249543,1731.3961,4.2075596,0.5455169,0.10035901,0.04212548,0.07008154,0.064393714
0.6249543,1731.3961,4.2075596,0.5455169,0.10035901,0.04212548,0.07008154,0.064393714
0.6374978,1767.9995,3.4447536,0.58931,0.10074125,0.04443395,0.07085872,0.0748085
0.5159445,2055.5935,0.8975668,0.293451,0.19676119,0.1502903,0.15037191,0.10568389
0.60701156,1834.661,3.1464522,0.48244607,0.057055876,0.06039389,0.07288372,0.15067407
0.57344955,1737.7407,2.253728,0.3259732,0.07074275,0.075516805,0.06398396,0.23677446
0.55269796,2091.633,1.399263,0.4616069,0.07062763,0.07469907,0.06926619,0.30152974
0.61872786,3832.8276,2.745794,4.165243,0.071819805,0.07776469,0.08852437,0.10183604
0.68311715,3138.8584,0.50786114,6.433467,0.12938574,0.038625546,0.07516802,0.13332224
0.68273956,2958.594,0.40109622,5.327842,0.089667976,0.041326717,0.107521735,0.11312052
0.5834403,6371.4023,5.06767,8.589642,0.045312926,0.1491009,0.110571556,0.06953709
0.6109286,4981.597,1.7130508,6.4915543,0.07140648,0.15146416,0.11617537,0.053879317
0.6078064,4956.4805,2.0129085,6.3493347,0.05748312,0.104941316,0.088245064,0.10489219
0.6726416,2642.3372,1.7481681,3.285521,0.06681452,0.085711114,0.10486145,0.03878671
0.61745536,4070.1685,1.510847,4.574112,0.085948795,0.13092874,0.05463067,0.049664862
0.6839156,3508.7634,0.4029837,9.75457,0.17390996,0.04432892,0.09782033,0.07542977
0.6877431,3395.4883,0.30673796,9.9194355,0.18158032,0.047693714,0.09993005,0.09708246
0.68804324,2727.3596,0.29633012,4.4245872,0.276868,0.053580813,0.05305964,0.06057823
0.6440672,3287.9907,0.50980115,3.6097593,0.42885384,0.109516904,0.0363329,0.06281624
0.62148166,4209.18,0.28025788,5.1008615,0.24529468,0.11627011,0.07779037,0.07778206
0.5934638,5077.5713,0.27023193,5.6384735,0.10228121,0.0416089,0.04279708,0.09903971
0.64404196,3842.3887,0.4620506,5.8516455,0.048186038,0.057794824,0.07252988,0.13186955
0.66664505,3457.2673,0.3402297,6.1365385,0.07491992,0.08415491,0.116469786,0.08996928
0.6954788,2964.6882,1.0911078,6.488507,0.092683166,0.036101136,0.202288,0.101437815
0.5358153,5278.25,3.1120183,3.1834953,0.14659794,0.21820745,0.08728452,0.21055795
0.5632311,4488.0796,1.6264489,2.6759546,0.61391157,0.10250549,0.062212978,0.19905077
0.55842173,4842.566,1.7851652,3.0026126,0.37015682,0.094463825,0.07471026,0.19583634
0.6112285,4108.474,2.4344916,4.5557714,0.08345977,0.13192892,0.13446146,0.17488666
0.6645469,3566.9702,1.2852833,6.8355255,0.16211997,0.064131245,0.2881658,0.5071892
0.61819065,5859.7827,2.8596492,10.557813,0.078967325,0.102718994,0.07057396,0.06446407
0.6898514,3445.8623,1.9458716,9.768827,0.041626215,0.09638122,0.043278016,0.065299965
0.6459854,4662.044,2.5832334,10.311136,0.06502315,0.09622516,0.05077903,0.063078456
0.6175186,5661.4805,2.3249662,10.28249,0.05753292,0.097260594,0.06139359,0.06727564
0.58749837,5639.8076,1.9111925,6.793641,0.1365959,0.05232881,0.18599711,0.10679634
0.5679762,6261.66,2.0343137,6.719312,0.098405614,0.08782366,0.16353516,0.27219808
0.58902323,5900.1484,3.743106,8.238734,0.1031031,0.1077499,0.11332967,0.28291434
0.6363671,4445.422,0.3332729,9.075357,0.08944604,0.10117942,0.085874625,0.09045938
0.66755927,3876.6116,0.38475809,9.391556,0.080385864,0.068848945,0.084746785,0.087777585
0.66803473,3796.426,0.41102445,8.711415,0.06379707,0.05539846,0.06926553,0.08630815
0.7102231,2492.9568,0.253423,5.052346,0.11096399,0.11380639,0.09822297,0.032263827
0.6701945,1620.4392,0.9922139,0.6193071,0.09313689,0.037068017,0.055236846,0.12432997
0.6838721,1707.0453,1.3370727,0.77896535,0.06981757,0.052910652,0.047030702,0.09247028
0.6847786,1773.1584,1.4348519,1.1702921,0.06682994,0.054575942,0.045341566,0.11484001
0.6714471,1922.4799,1.110466,1.09046,0.050903905,0.056089245,0.06018185,0.08455356
0.69221705,2029.8322,0.53265214,1.5844243,0.110959366,0.09956597,0.1147266,0.06634483
0.69895375,1831.4504,0.2219158,1.6274034,0.14029692,0.12268394,0.06718851,0.04177266
0.6375123,1800.5017,0.12809911,0.6404795,0.122479975,0.10331962,0.05702646,0.046831593
0.61723524,1839.3877,0.13208467,0.5293313,0.08939705,0.051313963,0.07590425,0.07241582
0.5872407,1893.1134,0.105311766,0.45373693,0.09012301,0.054117505,0.07402026,0.07463701
0.5872407,1893.1134,0.105311766,0.45373693,0.09012301,0.054117505,0.07402026,0.07463701
0.5872407,1893.1134,0.105311766,0.45373693,0.09012301,0.054117505,0.07402026,0.07463701
0.536869,1822.073,0.42442605,0.32815447,0.06852664,0.070201024,0.08833707,0.14324574
0.5754741,1844.5803,0.94605726,0.391311,0.09532966,0.06487327,0.11141484,0.08594812
0.55567014,2167.2126,2.4303896,0.46272033,0.1622421,0.11242313,0.28045434,0.045921408
0.5796524,3936.861,2.0528603,2.859671,0.04164259,0.07001307,0.080535784,0.2908194
0.64197695,2695.988,3.721401,2.3679383,0.06540096,0.101397365,0.16726544,0.19259359
0.683637,3004.3057,1.0056458,5.2947197,0.06284196,0.042189874,0.121258765,0.26364943
0.67278224,2215.5002,1.5909716,1.7223499,0.05211943,0.057815854,0.085785896,0.09362538
0.5260995,3570.734,3.716181,1.2202858,0.06647436,0.08541171,0.1501567,0.10295954
0.66488457,3505.7131,1.5742849,6.009783,0.0759918,0.09379454,0.14025195,0.08393714
0.66462773,4140.525,1.9042604,11.434616,0.06503888,0.101360336,0.04728205,0.08054417
0.6779845,2651.34,2.6616297,2.9765706,0.088915356,0.06521904,0.082780905,0.06673907
0.6604889,3040.4436,0.8121522,3.308971,0.09506048,0.07593768,0.046238072,0.053677466
0.65923154,2969.9263,0.78560406,3.4866028,0.09621667,0.07577334,0.046300855,0.058489922
0.69121665,2543.9548,1.3093295,3.5290825,0.15518892,0.12708107,0.049535263,0.07453363
0.53962183,6374.7666,2.3010466,4.392216,0.3437154,0.16086538,0.10297823,0.056657
0.689872,3185.8074,1.7971225,7.4872136,0.21808079,0.09575325,0.060530458,0.1507291
0.6862477,3175.7642,1.6046298,7.347395,0.20252219,0.09509936,0.06474508,0.14402878
0.6431892,4443.3105,1.8677758,8.827493,0.035485093,0.0864453,0.12896003,0.048866723
0.68054277,3317.9573,1.885821,7.421516,0.08578479,0.09048675,0.09647957,0.19578668
0.6990359,2914.733,0.86694455,7.1158595,0.057885326,0.0757952,0.064706855,0.084705316
0.65439934,4224.343,0.19738941,8.899528,0.09686707,0.061831925,0.039843984,0.083958514
0.51812565,1435.86,4.3020344,0.1571682,0.1098603,0.08231651,0.19195879,0.06308959
0.5513091,3639.333,0.33631694,1.165618,0.27704805,0.37915868,0.0782076,0.21726996
0.537542,1499.6238,2.540482,0.13628064,0.17599905,0.26426888,0.15297039,0.18851933
0.5382325,1624.8062,1.5056982,0.15683423,0.17671686,0.3822485,0.1629877,0.25455528
0.6144284,2831.158,1.8410463,1.2676721,0.12569402,0.25065958,0.6671066,0.20978533
0.6438107,2868.687,1.6815765,2.0491686,0.118752114,0.26127237,0.44291595,0.23045343
0.5847703,5599.0586,2.8078315,6.5604873,0.060555518,0.0628904,0.20521471,0.054720785
0.6666674,2716.27,1.7931776,2.8549218,0.12799984,0.18032697,0.07725065,0.12399566
0.64091307,2997.4246,1.8914062,2.5861573,0.12718888,0.15023446,0.13890752,0.08807157
0.64166826,2976.479,2.151875,2.650717,0.11308676,0.13933113,0.15291245,0.087218784
0.6397424,2392.2705,1.9212381,1.2275575,0.095111445,0.12015184,0.16351269,0.05303345
0.6423194,2203.1836,1.9718512,1.0408399,0.1554535,0.13204086,0.06586963,0.090630785
0.71396416,1655.5476,1.8757305,1.34345,0.076582715,0.04577218,0.073875934,0.049420215
0.71457624,1884.3237,1.7783382,2.0847375,0.09749955,0.13696548,0.06567055,0.13111383
0.676214,2034.6069,3.16275,1.3007286,0.08451636,0.122632615,0.05944681,0.12765774
0.6807711,2547.1206,3.4944284,2.9787624,0.07391228,0.065972246,0.085079834,0.09534587
0.6271207,3738.4353,1.1421571,4.229852,0.0348068,0.06872861,0.08339535,0.04983969
0.6271207,3738.4353,1.1421571,4.229852,0.0348068,0.06872861,0.08339535,0.04983969
0.62784994,3777.9395,1.1600572,4.2041454,0.035431452,0.06539609,0.08504828,0.046108857
0.62784994,3777.9395,1.1600572,4.2041454,0.035431452,0.06539609,0.08504828,0.046108857
0.6240413,3889.399,1.145032,4.323702,0.035372242,0.06536998,0.086832345,0.045089502
0.6240413,3889.399,1.145032,4.323702,0.035372242,0.06536998,0.086832345,0.045089502
0.61943483,3936.9275,1.1207113,4.2968903,0.034657866,0.06399644,0.08432392,0.045893148
0.61943483,3936.9275,1.1207113,4.2968903,0.034657866,0.06399644,0.08432392,0.045893148
0.61943483,3936.9275,1.1207113,4.2968903,0.034657866,0.06399644,0.08432392,0.045893148
0.61943483,3936.9275,1.1207113,4.2968903,0.034657866,0.06399644,0.08432392,0.045893148
0.61943483,3936.9275,1.1207113,4.2968903,0.034657866,0.06399644,0.08432392,0.045893148
0.61943483,3936.9275,1.1207113,4.2968903,0.034657866,0.06399644,0.08432392,0.045893148
0.61943483,3936.9275,1.1207113,4.2968903,0.034657866,0.06399644,0.08432392,0.045893148
0.61668843,3775.0286,1.4396232,3.5155084,0.033093452,0.06496304,0.074644856,0.0528626
0.61668843,3775.0286,1.4396232,3.5155084,0.033093452,0.06496304,0.074644856,0.0528626
0.6080187,4176.3584,1.7497225,4.2098002,0.061764635,0.05532912,0.06464244,0.04848881
0.617247,4001.277,1.7049592,4.135183,0.075815536,0.055336982,0.05922212,0.0641303
0.57871944,4139.2275,0.4611169,2.6664338,0.08126902,0.087360695,0.10286788,0.094681755
0.5856386,4116.0854,0.5532999,2.9928215,0.11136842,0.08246048,0.085728444,0.11006637
0.62802637,3582.9458,0.5312903,3.4298513,0.07507304,0.14066185,0.07162446,0.08978666
0.61279213,2582.671,0.1998339,1.4122831,0.032794185,0.13360922,0.10680489,0.135776
0.63417286,2632.0974,0.21801819,1.9163384,0.030674692,0.13457285,0.11304672,0.12702405
0.63417286,2632.0974,0.21801819,1.9163384,0.030674692,0.13457285,0.11304672,0.12702405
0.6482681,2254.2185,0.42391554,1.38504,0.041952644,0.110213764,0.10964275,0.12320144
0.63451016,1782.5457,0.7737056,0.5325358,0.040147305,0.10561055,0.08227837,0.07739258
0.58228195,3651.1404,2.1481981,1.8318307,0.273796,0.14201999,0.05909873,0.047750525
0.5560309,5918.808,5.6578374,4.4765334,0.17535892,0.11271234,0.041656226,0.09052792
0.5795801,4376.284,1.1953665,3.5374742,0.2664932,0.4282846,0.08832435,0.38933808
0.5810894,5166.559,1.1234097,4.0190253,0.2545952,0.32001942,0.14164972,0.38248014
0.55537635,5445.537,1.0394926,3.7239258,0.32124034,0.27711675,0.10655002,0.42905766
0.5482074,6257.03,3.2422805,5.755384,0.117634214,0.14693762,0.11510788,0.3780119
0.6048707,3926.1724,0.53827745,3.1450253,0.13903798,0.10415544,0.43765005,0.03459284
0.6391068,3461.902,2.0058296,4.3476253,0.24989054,0.04249269,0.52712303,0.19988692
0.65403295,3338.0017,1.1375333,5.0511317,0.25657704,0.037418146,0.45102218,0.1463326
0.67289054,3604.2764,2.0505893,9.360894,0.49966308,0.040032588,0.19501078,0.13012809
0.6799779,3424.6206,0.93512785,7.8912716,0.23083857,0.0421821,0.36755335,0.09223378
0.6153683,5124.251,2.5514495,9.451998,0.27095327,0.07809675,0.18839979,0.0845709
0.60578954,4476.139,1.6800293,5.191566,0.13442473,0.055833314,0.14484936,0.102267824
0.6246428,3227.868,3.0320237,2.6401746,0.15842247,0.08286139,0.21363457,0.11082973
0.607075,4102.17,1.9635234,3.9852514,0.07722012,0.06003199,0.21363421,0.120285235
0.61253154,2786.999,1.395621,1.7384479,0.04533147,0.047296155,0.15719546,0.08777868
0.6292804,2786.3706,1.4454954,1.9354974,0.05550814,0.04819663,0.15784317,0.084842235
0.65007716,2741.8145,1.3543489,2.7347755,0.05444368,0.043118767,0.1933767,0.09010862
0.61781865,2081.0657,1.1865568,0.7309115,0.10680701,0.12680933,0.09013823,0.058697022
0.56632954,2283.736,2.1090553,0.58752483,0.0863788,0.15536828,0.04941629,0.09930933
0.56979537,2272.8484,2.1821172,0.60129696,0.08554587,0.15236661,0.047366448,0.1042372
0.57216,2295.6323,2.1277847,0.6175229,0.08860366,0.15673983,0.049335334,0.101374835
0.61931896,2174.045,2.7798584,0.8376139,0.052564602,0.1317595,0.041877393,0.0832884
0.61931896,2174.045,2.7798584,0.8376139,0.052564602,0.1317595,0.041877393,0.0832884
0.61931896,2174.045,2.7798584,0.8376139,0.052564602,0.1317595,0.041877393,0.0832884
0.6440791,2068.391,1.4640958,0.91532063,0.100687616,0.16029027,0.04850725,0.11742837
0.67406243,1584.9823,1.2848585,0.555823,0.076666474,0.16772011,0.05433701,0.15384366
0.678667,1918.4613,1.159832,1.1367357,0.045782134,0.1890592,0.05297619,0.30917242
0.6732264,2090.0054,1.2296761,1.4318895,0.035502534,0.2299124,0.0495067,0.22848462
0.6557794,2242.6538,1.7840687,1.3161829,0.07516775,0.1534701,0.09913501,0.24377543
0.5948086,2646.926,2.519176,1.2341453,0.0772247,0.12598027,0.15788555,0.16275424
0.66568995,2701.4702,2.0632527,2.9839988,0.08615525,0.15451139,0.13323879,0.12586018
0.6162499,4832.633,1.2722263,7.1850038,0.039225213,0.08070737,0.23136427,0.08058824
0.5609212,5716.925,1.9543433,4.928614,0.058757454,0.03313062,0.14732003,0.13765731
0.54693604,4777.0117,1.249746,2.813506,0.04854417,0.038075693,0.12705189,0.09722501
0.54707706,4658.7856,1.3256363,2.9165292,0.048093356,0.038073096,0.12952904,0.09785954
0.5539361,4522.0845,1.4458866,2.7392569,0.04489499,0.037403546,0.13372031,0.09676622
0.5511187,4607.7607,1.551804,2.9199467,0.04421211,0.038322557,0.1325328,0.09944704
0.550116,4590.246,1.5576276,2.8981304,0.045689076,0.037490953,0.13084692,0.10217173
0.54867077,4594.135,1.5603042,2.8328767,0.04705603,0.03689061,0.13155656,0.10301872
0.5553972,4573.525,1.4179972,2.9221563,0.048183016,0.03581112,0.13655087,0.10052482
0.5568973,4552.3794,1.4331528,3.2076442,0.050497472,0.035991877,0.13232997,0.10117322
0.5568973,4552.3794,1.4331528,3.2076442,0.050497472,0.035991877,0.13232997,0.10117322
0.5574889,4495.721,1.4490178,2.9916492,0.050222088,0.037525427,0.13213876,0.09888467
0.5585916,4723.5454,1.5478697,3.0283403,0.049711015,0.036406893,0.13359421,0.103790276
0.56243193,4592.4946,1.4142897,3.3728206,0.047337748,0.03717156,0.13007557,0.10133414
0.56208533,4633.6006,1.2939904,3.2284825,0.046719626,0.03738765,0.13393164,0.094331175
0.60738117,4184.579,2.8672338,4.180762,0.06689994,0.055474207,0.18505304,0.067101315
0.6087548,3810.0552,2.4151244,3.7625794,0.07959725,0.046246164,0.16640106,0.08374342
0.5960334,3745.8896,1.6202655,2.952183,0.084982365,0.041865245,0.16209021,0.06470741
0.6130789,3921.1006,0.8549801,4.003376,0.073781185,0.06835811,0.06451713,0.09357008
0.61503667,3892.1992,1.12372,3.9586918,0.06449637,0.07468071,0.06325715,0.08208498
0.61598223,3577.7402,2.704752,3.0806553,0.06010665,0.08700256,0.044570804,0.18304116
0.63610953,3746.2021,4.082207,4.7081566,0.08575249,0.08527388,0.04199434,0.14496785
0.65292084,3545.5703,2.9964786,5.656115,0.0777757,0.16059455,0.07235794,0.1738891
0.6267048,3420.5042,1.1113428,3.1373048,0.060547158,0.090718985,0.040084153,0.060744975
0.6066296,4533.0415,0.84078723,4.894661,0.037120983,0.08524735,0.060178176,0.05581906
0.6044596,4518.9663,0.8426564,4.856225,0.03598503,0.083683684,0.059962202,0.05596675
0.6174642,4291.28,0.7711457,4.998624,0.038137127,0.08604834,0.05646535,0.0651503
0.64553756,4030.0913,0.3845554,7.3200283,0.061355297,0.094355084,0.115464516,0.07588353
0.6568143,4209.48,3.1831026,8.688337,0.037651107,0.119948335,0.3058689,0.040812682
0.6536791,4013.636,2.4585178,7.4380198,0.053373054,0.1256261,0.16043483,0.032642026
0.645867,4188.939,0.83780193,8.28708,0.052375767,0.038524784,0.06177782,0.09458363
0.6607596,3934.8953,0.4319116,8.6673975,0.1498493,0.08141468,0.039405063,0.21610309
0.5676998,5889.2925,2.1638894,5.1789966,0.09163162,0.11996266,0.109552525,0.07664133
0.6724948,3045.1707,1.9226807,4.4778647,0.19090262,0.09945093,0.039419882,0.058172267
0.6939155,2987.8699,2.9836485,6.9376564,0.11480708,0.084142275,0.08435356,0.046330757
0.6094317,4063.3525,2.3663669,4.2118506,0.21907052,0.04979933,0.08852596,0.0707831
0.63641703,3734.146,1.0359643,4.382212,0.042977646,0.133364,0.07344884,0.20218886
0.5970476,3772.0325,2.8490608,3.0771577,0.04310991,0.07518878,0.09810789,0.25135174
0.5968297,3154.567,2.436489,1.6736922,0.13644435,0.07483826,0.16130613,0.36572158
0.60971487,2776.5723,2.135527,1.6015916,0.10875504,0.061394468,0.11186253,0.20340145
0.56964546,3568.2988,1.0727648,1.7258515,0.12088781,0.04098299,0.19763242,0.07731011
0.6625304,2014.803,0.8308648,1.125627,0.10268647,0.12980078,0.07140876,0.045307092
0.6141629,2485.389,1.3858266,1.1258593,0.21073297,0.1068968,0.068252385,0.056100424
0.60156673,2575.5134,1.4000796,1.095433,0.18131831,0.08871631,0.06795398,0.049549073
0.60709065,2523.1746,1.6308548,1.0395633,0.15625289,0.08069441,0.07352203,0.04455354
0.61915535,2490.3862,1.6225834,1.1813267,0.16972274,0.083650514,0.075529434,0.047823578
0.6736986,1971.9207,2.015881,1.1623468,0.18405628,0.1132868,0.10752979,0.16695955
0.64280283,1877.8881,2.187534,0.7007871,0.18211934,0.10137408,0.12584704,0.10396711
0.5998954,1875.6106,3.4218168,0.5157131,0.100748725,0.058985077,0.1702063,0.07346059
0.5894453,2076.1719,3.9887314,0.5947587,0.0879858,0.05882809,0.20046577,0.06397897
0.59253556,2101.6448,3.847606,0.6489514,0.085131966,0.06998725,0.18089138,0.06734551
0.6067134,2212.1785,2.3213398,0.8325434,0.10981301,0.062017567,0.121820256,0.079582885
0.6200105,3860.2559,1.0840259,4.240521,0.039082743,0.056436226,0.16759175,0.100026965
0.6381825,3317.3713,0.9216123,3.6049984,0.051763967,0.06776091,0.16146359,0.07077544
0.64340323,3729.6765,2.0405414,5.050978,0.07656977,0.07019115,0.090262465,0.079683065
0.6549974,3410.012,1.9467593,4.6885595,0.08244876,0.06902667,0.10442552,0.062441867
0.6594351,2848.0427,1.5037237,3.1624951,0.05154147,0.14181322,0.055125058,0.083824344
0.61028767,4272.234,0.79595554,4.345974,0.069482766,0.12311229,0.11660416,0.09145627
0.63643515,4029.7542,0.44819075,6.1591573,0.0521593,0.32106575,0.08134836,0.07997137
0.6302479,4140.748,1.5701197,5.3976274,0.08386519,0.16619009,0.06033983,0.03659904
0.6202575,4075.355,1.4290062,4.3391194,0.073509276,0.17697045,0.0512947,0.037881132
0.6345967,4047.702,1.4948359,5.562386,0.07406335,0.17271127,0.050210714,0.030018114
0.6345967,4047.702,1.4948359,5.562386,0.07406335,0.17271127,0.050210714,0.030018114
0.63400495,4203.901,1.3613197,5.838447,0.075266704,0.18331733,0.048405413,0.030379817
0.63400495,4203.901,1.3613197,5.838447,0.075266704,0.18331733,0.048405413,0.030379817
0.63400495,4203.901,1.3613197,5.838447,0.075266704,0.18331733,0.048405413,0.030379817
0.6291458,4344.2144,1.3724692,5.526679,0.076325685,0.18404627,0.047339533,0.029541025
0.62799877,4155.5015,1.5500141,5.1791034,0.06926675,0.18169585,0.04555402,0.030881993
0.6318118,4052.815,1.4414781,5.452114,0.0688092,0.18090893,0.044998497,0.030916795
0.63650227,4035.0625,1.4663112,5.631806,0.0721463,0.18751775,0.045391742,0.03162904
0.6378697,4122.6357,1.4871536,5.701029,0.07357529,0.18782961,0.047310345,0.031384196
0.63637877,4177.746,1.5751686,5.981551,0.07353333,0.1802136,0.046733692,0.031444024
0.6626412,3853.4912,2.570043,8.182885,0.37891173,0.12169427,0.07901952,0.0861183
0.69071394,3432.958,2.5730205,9.523092,0.060103483,0.15795021,0.07068814,0.09547801
0.661114,4515.949,0.9430461,11.346779,0.087704666,0.12801558,0.03677997,0.14869587
0.6708729,4013.7073,0.49765483,11.122036,0.094960995,0.10370281,0.07930659,0.033059422
0.6153212,4708.262,0.27312586,6.7956076,0.040226046,0.06496716,0.24258953,0.06715784
0.5700833,1581.7152,2.9864633,0.30273017,0.11954119,0.06939945,0.12407681,0.2028147
0.51988035,2230.821,2.1723292,0.41789466,0.11851583,0.06782989,0.082333274,0.43030342
0.54066384,2153.4016,4.023159,0.43944168,0.106633276,0.07265808,0.08336143,0.5249119
0.67460454,2095.046,1.0390286,1.5659566,0.16440669,0.06105325,0.21935892,0.059655707
0.6780493,1686.901,1.2493793,0.8756528,0.19105613,0.073718674,0.1402501,0.03340796
0.6696652,1870.285,1.1087977,0.95983976,0.20596024,0.0970387,0.14577281,0.0317394
0.67428684,1877.4174,1.1720085,1.0314951,0.19644843,0.096825525,0.14557126,0.031296555
0.6980865,1758.9628,1.221605,1.2250462,0.07302573,0.11247857,0.097285666,0.046604812
0.57269394,2896.1345,2.34916,1.2150503,0.14243376,0.1477447,0.16085361,0.20537552
0.5819771,2891.9229,2.8310437,1.2985169,0.10985247,0.10747515,0.19867769,0.110748194
0.59603506,3507.4248,1.975972,2.2721844,0.090671495,0.19568804,0.19048573,0.0716871
0.5962997,3477.212,2.0401185,2.2397358,0.09734244,0.19402486,0.19746104,0.074885845
0.60733074,2213.5686,1.7355424,0.82273614,0.054312218,0.0926016,0.20589054,0.10635319
0.5856874,2752.4453,0.89707845,1.1978863,0.064865105,0.0644604,0.2642903,0.10901098
0.61156994,3587.4778,0.16295597,2.8992047,0.07946207,0.06997079,0.52713835,0.05346213
0.6533026,3343.5576,0.30178958,4.351614,0.10077878,0.10405929,0.29153338,0.05238532
0.5970333,3144.1006,1.8000023,1.6825911,0.05097816,0.09906061,0.1732562,0.058943015
0.6931099,3086.607,1.6295298,5.941481,0.10524688,0.16841651,0.09106432,0.05596384
0.62505174,2847.9155,4.2046766,1.8904276,0.066177756,0.26074633,0.05495242,0.08195846
0.60645276,3015.3884,4.217203,1.7413405,0.09293559,0.33006573,0.061951082,0.10566097
0.5825001,5706.5586,0.3873334,5.3141456,0.29945737,0.16964346,0.17369747,0.06227875
0.57016045,5694.8193,0.5898072,5.31799,0.21081153,0.10457055,0.31761584,0.08116201
0.6476217,3134.0273,1.6757797,3.0383172,0.2031321,0.123460196,0.3115953,0.08726205
0.6864767,3087.0684,0.3856038,6.2201934,0.14393666,0.13746464,0.1890869,0.08641149
0.6546197,1985.767,0.536599,0.99087906,0.3938804,0.07567309,0.18361248,0.06042948
0.6055054,1534.4039,0.21341242,0.34314352,0.3438535,0.055380777,0.24882564,0.057358105
0.6294095,4888.073,0.46085724,7.8974166,0.052458674,0.11072974,0.034592807,0.07750112
0.6246054,4945.084,0.52949655,8.36507,0.057414487,0.08840296,0.030919855,0.061047442
0.67259073,2926.561,2.8147533,4.5996876,0.0891882,0.070247844,0.34615567,0.14430057
0.6148586,4574.9194,1.022598,5.4410405,0.13232525,0.20035833,0.15197702,0.03456074
0.6340006,2946.2354,1.8028629,2.3215961,0.060690053,0.26165926,0.14793968,0.09030825
0.65447706,2852.165,1.6113008,2.779823,0.06732847,0.24864478,0.110540845,0.046968624
0.63135004,4469.159,2.4889865,7.337267,0.04219609,0.19672678,0.11826328,0.06662303
0.64158344,3179.615,2.2453885,3.177882,0.110380486,0.21079195,0.0995518,0.0395298
0.69094336,2690.0144,3.4131753,4.3993907,0.065568544,0.16066658,0.10549275,0.045140177
0.63086736,2719.254,0.5382132,1.5151411,0.15773751,0.25233752,0.038741864,0.13797742
0.70623314,2208.1445,2.3520691,2.477286,0.14686336,0.12746373,0.11314371,0.035449214
0.6747901,1557.0734,3.6147761,0.6707628,0.14979295,0.11683725,0.08921849,0.09359612
0.62009186,2631.7786,0.9156356,1.2376044,0.16649877,0.23908672,0.17126705,0.17627615
0.5713947,2398.1455,3.255933,0.74073017,0.06707244,0.13239098,0.12505965,0.08782274
0.6011154,2253.284,2.7392766,0.76740324,0.063370965,0.088495344,0.12701514,0.056036565
0.6011154,2253.284,2.7392766,0.76740324,0.063370965,0.088495344,0.12701514,0.056036565
0.6552768,4312.2153,1.8094685,10.116623,0.19184136,0.062298816,0.09059934,0.06097832
0.6249336,3332.591,1.8001689,3.0180864,0.044375967,0.22020954,0.09135075,0.13934249
0.63559073,4405.9375,3.6436396,7.325899,0.05936725,0.08378364,0.032855414,0.29716203
0.66255516,3863.2087,0.9249028,8.337733,0.06118606,0.08316663,0.11759025,0.09108408
0.6301615,3577.5693,3.119294,4.0698595,0.043618426,0.22826028,0.12390857,0.052521586
0.6378888,2621.9788,1.5746701,1.8880372,0.0749922,0.25093266,0.1645513,0.0736568
0.6652442,2902.5676,1.3864126,3.5299401,0.11329666,0.27361748,0.15137964,0.05612342
0.65975606,2928.2156,1.4177233,3.1252124,0.11693029,0.32696173,0.143998,0.04715676
0.57238376,2714.719,2.2252054,0.9892828,0.09471664,0.06878286,0.11806512,0.081311695
0.57011706,2925.1172,2.058345,1.2036097,0.072409816,0.074825324,0.112260975,0.09473423
0.59567475,2493.3828,3.7623227,1.0803614,0.08948682,0.102833666,0.1295779,0.08729798
0.665402,2041.9446,3.042755,1.2554632,0.051235832,0.18413353,0.061074607,0.04417201
0.6815207,2199.8413,3.6771946,1.9469283,0.07524503,0.16853459,0.061957195,0.041679274
0.6462204,2886.576,4.127126,2.9004965,0.08274782,0.16717055,0.038085006,0.07693119
0.66998994,1522.566,0.76863474,0.45443714,0.093764104,0.202268,0.08095378,0.13498184
0.65339434,1811.1438,0.9571601,0.67565984,0.1101938,0.09146602,0.06585583,0.1241719
0.66027206,1820.9062,1.2413747,0.79869294,0.12502131,0.09198135,0.06567622,0.13199902
0.7082421,1742.8928,2.243063,1.3305287,0.1222277,0.06810231,0.028042201,0.2329312
0.7079594,2167.2717,1.8987817,2.6926346,0.120018765,0.08754265,0.037996717,0.22962417
0.7214986,2129.057,1.6977462,2.780214,0.12192768,0.08639394,0.03720019,0.23715603
0.71588117,2041.4744,1.6115913,2.2824001,0.122401685,0.08057654,0.033977736,0.26231056
0.74356115,1638.4663,0.83467925,2.180049,0.21846494,0.09350358,0.062617935,0.14197648
0.7053593,1590.8759,0.43262175,1.0151584,0.43273187,0.07842277,0.05287668,0.07551314
0.6946803,1820.4907,0.26202062,1.413516,0.278783,0.107314624,0.044261605,0.069523335
0.72348845,1782.3672,0.5243126,1.6258106,0.028820742,0.11094442,0.1170403,0.10333684
0.7277674,1819.4098,0.6585471,1.99872,0.030899715,0.103854656,0.119695686,0.08292938
0.5861631,5433.289,4.1213703,5.9769983,0.11806475,0.054607674,0.06783564,0.03815658
0.5824026,5518.949,4.0738306,5.800823,0.12617584,0.05806444,0.070718855,0.037448097
0.5946437,5351.82,4.5390368,6.164368,0.14061967,0.05190751,0.08704883,0.045597058
0.6702642,2929.513,1.6715609,4.3319516,0.35659337,0.09193088,0.098146915,0.07296423
0.56229323,5900.4756,2.1079142,5.7180223,0.1405443,0.059407182,0.16555604,0.096192196
0.6655011,3130.4429,2.0086136,5.191467,0.17268747,0.17726713,0.07201445,0.05910968
0.5948769,5703.234,2.2581532,7.547702,0.0926169,0.28543794,0.11893666,0.09635215
0.6906933,1928.513,0.17275488,1.511966,0.077937976,0.049322054,0.07372161,0.076633945
0.6758223,1925.8865,0.15806353,1.2760552,0.074310444,0.060470264,0.08381192,0.055472407
0.65730935,1960.5972,0.19845603,1.104841,0.057504095,0.06951584,0.06464177,0.047232397
0.6632717,1943.5687,0.2140161,1.092494,0.057094958,0.072374396,0.0651642,0.04587645
0.6468416,2329.7532,0.43793964,1.5166543,0.07877706,0.055758607,0.062085934,0.052777644
0.6737572,2534.793,5.4325323,2.3723114,0.08851898,0.09011328,0.11523856,0.15279436
0.65400547,3916.476,0.2689686,6.905169,0.069747694,0.07582551,0.055652954,0.044582408
0.63893145,4335.4175,0.77932316,8.204704,0.070470124,0.07384371,0.055058777,0.044315226
0.64136267,4717.2427,2.7145035,9.59028,0.04641258,0.06636002,0.10133216,0.055254165
0.6275359,5172.452,4.677283,10.113348,0.045591254,0.06384954,0.09197054,0.05002413
0.6775768,3020.4612,0.30040225,4.910286,0.07967589,0.065544695,0.037629325,0.0780866
0.6566766,3995.3699,1.1541729,8.050548,0.05802934,0.18896107,0.048290063,0.055944405
0.64484644,4097.5894,0.76229805,6.8519793,0.06512909,0.1699622,0.048771303,0.053655468
0.6448386,3909.7527,1.0781068,6.0540037,0.0815474,0.19640222,0.05920123,0.0474419
0.65561014,3732.2966,1.1695844,6.6377726,0.07598392,0.17604844,0.065865755,0.047393072
0.5966811,5564.883,1.147637,6.7216153,0.08803213,0.13933969,0.045046877,0.115750864
0.6416676,4263.717,2.3469954,6.5460753,0.09641786,0.11800309,0.032696493,0.087231755
0.6434084,3686.229,1.449261,5.363982,0.040650148,0.13911152,0.114618175,0.05904686
0.6745582,3104.904,0.15197006,5.277645,0.23028298,0.05640366,0.07658513,0.09136652
0.66565937,3454.2136,0.25506008,5.9968996,0.27844816,0.07859306,0.061112292,0.10505419
0.68157417,3155.8132,0.20416848,6.499413,0.21546541,0.08471459,0.072871625,0.12611036
0.6778068,3099.1516,0.19936672,6.4549193,0.22331014,0.08728743,0.077172354,0.12962735
0.6568368,2991.617,0.5453008,3.4759848,0.15343772,0.04357043,0.08567597,0.05545658
0.71088785,2260.2644,1.537033,3.427106,0.105811566,0.070679665,0.10809335,0.072044164
0.700707,2443.4153,2.108599,3.1433709,0.068991885,0.10318698,0.14365073,0.04363301
0.62088615,2029.8326,2.4355009,0.7436251,0.06527809,0.07544756,0.17444128,0.30262092
0.64131546,2066.7014,2.3067725,0.9763877,0.06077851,0.075019136,0.19592191,0.24210244
0.6284157,2545.1726,1.0421209,1.5964438,0.068225294,0.0714136,0.19644012,0.19361396
0.5625549,3170.8716,2.8625083,1.3921064,0.07304978,0.08018281,0.17275697,0.44743112
0.62761444,4577.7324,0.5517609,7.2515645,0.054014754,0.07999618,0.24995422,0.0940504
0.678035,3244.9907,0.51422495,5.971267,0.057342216,0.042526916,0.156376,0.0682606
0.57057405,4949.773,2.6990283,3.6963637,0.095195524,0.16091889,0.043940246,0.21962503
0.68040097,3652.6772,4.194566,9.584465,0.121971816,0.11949363,0.05464156,0.24022041
0.6756027,3631.1782,4.065266,8.765556,0.09790813,0.097653136,0.078695685,0.14398868
0.67294425,3694.0752,3.79818,8.222731,0.065412715,0.09841871,0.06197439,0.1188409
0.58854944,3824.2517,2.5302155,2.4321082,0.09533391,0.15904248,0.05440303,0.07474318
0.6935827,2930.7822,1.5388668,5.826786,0.04339175,0.096713305,0.078114234,0.051239926
0.6140252,4710.5234,0.69794995,6.3707995,0.05410967,0.08223806,0.11956665,0.0704919
0.7080926,2742.954,0.68073046,6.810235,0.05400256,0.052235335,0.13557635,0.057757273
0.6698686,3504.9153,0.5675815,6.5379696,0.1390486,0.05010274,0.18968707,0.03329049
0.6638955,3218.8286,0.24760178,5.2472334,0.41549814,0.05819173,0.076194175,0.06311292
0.6228137,5622.1113,2.1698236,10.685912,0.18170181,0.12127122,0.09583244,0.045731712
0.63393867,5154.4653,3.1672723,10.11829,0.13978289,0.21832727,0.059335865,0.042295456
0.6505413,4788.3643,2.224342,11.765776,0.061567184,0.19414283,0.06706152,0.14972748
0.6537658,4720.9883,0.93350196,11.431217,0.0696413,0.17674698,0.031384278,0.24766183
0.64506096,5000.7427,0.78942657,11.392565,0.06856925,0.22447057,0.036971044,0.27716422
0.6500454,3681.255,2.115642,5.416667,0.045159034,0.08732188,0.061065886,0.124110185
0.635015,4035.8792,1.3587904,5.756211,0.060280632,0.08383658,0.13826557,0.08061693
0.57051086,4775.071,0.43811646,3.5273633,0.12527111,0.09412193,0.11311766,0.06712584
0.69646823,2278.1929,3.709019,2.6113462,0.04628219,0.09119818,0.035839323,0.05714209
0.69920385,2248.0935,3.7248611,2.5089705,0.04736778,0.0944918,0.03514344,0.0575857
0.69920385,2248.0935,3.7248611,2.5089705,0.04736778,0.0944918,0.03514344,0.0575857
0.6980381,2221.1726,3.862092,2.487443,0.048074476,0.09322245,0.035390735,0.05545338
0.6980381,2221.1726,3.862092,2.487443,0.048074476,0.09322245,0.035390735,0.05545338
0.6980381,2221.1726,3.862092,2.487443,0.048074476,0.09322245,0.035390735,0.05545338
0.67483914,2116.1873,3.0216913,1.5379744,0.047009952,0.07685434,0.038284585,0.06572899
0.67483914,2116.1873,3.0216913,1.5379744,0.047009952,0.07685434,0.038284585,0.06572899
0.6755101,2138.7131,2.9952416,1.4776313,0.045841858,0.0778699,0.038605474,0.06442062
0.6755101,2138.7131,2.9952416,1.4776313,0.045841858,0.0778699,0.038605474,0.06442062
0.6785701,2052.1162,2.9989913,1.4177283,0.040636968,0.084728286,0.037309308,0.069312476
0.68807673,1950.6747,2.9140952,1.3492072,0.03844983,0.08416125,0.036068127,0.072115324
0.68349123,1962.0007,2.9635391,1.4376407,0.038276143,0.08439802,0.03593257,0.06885641
0.68656266,2004.2434,2.7963672,1.5780613,0.038063075,0.08486861,0.035747122,0.06839012
0.6820662,2124.7922,2.8890715,1.7105567,0.035962064,0.08370504,0.037434395,0.06698113
0.6788247,2085.918,2.841798,1.6205816,0.036077473,0.085170135,0.03893793,0.06825182
0.6788247,2085.918,2.841798,1.6205816,0.036077473,0.085170135,0.03893793,0.06825182
0.6788247,2085.918,2.841798,1.6205816,0.036077473,0.085170135,0.03893793,0.06825182
0.67892146,2046.8158,2.9215765,1.502511,0.03611473,0.08524806,0.039908025,0.06499069
0.67892146,2046.8158,2.9215765,1.502511,0.03611473,0.08524806,0.039908025,0.06499069
0.6815211,2054.2998,2.9078088,1.5901871,0.035254937,0.08631648,0.039968662,0.060631175
0.68001735,2036.8837,2.886528,1.5680611,0.037729986,0.0858209,0.04087678,0.060003676
0.6807298,2100.8804,2.8703532,1.5607044,0.037910316,0.086572856,0.040978026,0.060110204
0.6807298,2100.8804,2.8703532,1.5607044,0.037910316,0.086572856,0.040978026,0.060110204
0.6833637,2132.7314,2.994588,1.788029,0.03675946,0.08758004,0.04183957,0.06047344
0.6162152,2855.8948,0.94147366,1.79948,0.23533617,0.06602906,0.19852564,0.11370121
0.6274578,5380.7114,2.6448991,10.265892,0.14186214,0.11892608,0.1478118,0.051126145
0.66025007,4448.654,3.4206398,11.378078,0.17679764,0.08183642,0.111277804,0.045249276
0.6797616,3855.298,3.496411,10.9842005,0.1904631,0.101407155,0.101661384,0.050047502
0.6733081,3987.0679,2.3314314,10.526563,0.22275054,0.059876427,0.08734935,0.09049721
0.6859733,3356.0332,0.54833156,8.116639,0.26613784,0.049552806,0.13487121,0.04911454
0.70177126,3107.128,0.885998,8.904929,0.19540864,0.05084509,0.09601361,0.051372
0.664725,3000.7563,1.2931799,3.7779405,0.2382991,0.12610912,0.1468954,0.05299198
0.6592053,3060.8274,0.79996264,3.3708487,0.33146423,0.084883064,0.14237243,0.041597523
0.61164695,4787.08,2.4785035,5.620386,0.16007727,0.109265275,0.03658442,0.086298235
0.60044926,5199.712,2.943478,5.656182,0.13197558,0.14040914,0.06333686,0.07482229
0.67123413,3790.3457,1.0098315,9.510336,0.19129491,0.07545929,0.1841641,0.051152423
0.6352867,4037.8667,0.14382927,5.730999,0.13991113,0.09348181,0.09552815,0.048640374
0.64347446,4081.5608,0.2063731,6.0951366,0.09361358,0.15306023,0.05070661,0.04526765
0.6642018,3897.6255,0.3785846,8.437985,0.06838949,0.19960259,0.051553182,0.03850282
0.6658543,3821.111,0.46122423,8.31136,0.06618239,0.18290126,0.049972065,0.030469073
0.66776824,3730.447,0.45186117,8.1253195,0.06570443,0.1780131,0.0499884,0.02980762
0.6543369,3722.961,0.11764784,5.974321,0.050802425,0.088461205,0.07426009,0.14463252
0.6048911,4989.777,0.15437621,6.3546658,0.041974805,0.08528203,0.08165308,0.16350655
0.5259156,7360.3027,0.21159479,4.9787035,0.086581334,0.07253304,0.11170742,0.081690684
0.66160154,2172.744,2.0463588,1.4737909,0.43614572,0.18106987,0.062898725,0.13437465
0.6462108,2970.7104,0.9092605,2.7756884,0.31857288,0.22426371,0.064088635,0.15509406
0.6292218,2410.7012,0.7650779,1.3419417,0.19751427,0.18552074,0.06856802,0.2085244
0.5728779,3564.8562,1.1825325,1.8974141,0.11759313,0.11254751,0.05358251,0.12375659
0.58873093,3144.1587,0.62469834,1.5210576,0.085799515,0.10835427,0.04632829,0.06927329
0.7326058,1482.4141,1.2326571,0.8076027,0.058165044,0.13964432,0.10242668,0.15860692
0.5967013,3040.488,0.82886046,1.5930161,0.073684394,0.24141382,0.07636012,0.09527047
0.60640717,3254.7832,1.2672225,2.1194873,0.06982115,0.22075932,0.06691028,0.079975925
0.68105286,2736.523,0.5371796,3.6553612,0.08827928,0.14672905,0.043304183,0.07755821
0.61885977,2194.89,3.7629278,1.0260055,0.055075318,0.09298258,0.1758437,0.088358976
0.65304613,4398.957,0.3419209,8.78137,0.086616725,0.20926692,0.07377962,0.056693133
0.6459987,4801.4316,0.14973484,10.716789,0.07630665,0.21606188,0.075072885,0.035442892
0.70404017,3527.9097,0.3862806,11.396485,0.06882497,0.21277867,0.05214757,0.2969505
0.67958075,3953.8235,0.37457046,11.417154,0.046942428,0.3004282,0.035983987,0.24439904
0.66555405,4276.4697,0.115529016,10.706745,0.058766548,0.2007105,0.04519444,0.3945678
0.6964251,3541.0708,0.22164497,11.092686,0.038073786,0.18015331,0.11608812,0.12838331
0.67813945,3856.6267,0.13105121,10.798471,0.043121185,0.11798509,0.19810946,0.103148095
0.6846966,3831.8594,0.08262301,10.991421,0.036347944,0.13234377,0.10371594,0.07920838
0.6598274,4376.6177,0.08296885,11.25227,0.037977956,0.15056372,0.18117644,0.0756888
0.6672746,3852.167,0.05601799,8.907913,0.054572117,0.13808458,0.11772105,0.039801545
0.6523328,4229.6846,0.15638243,8.675367,0.07291888,0.05002115,0.052115876,0.083359264
0.63349384,4771.5195,0.9908176,8.573184,0.052878156,0.12203639,0.0658615,0.07176654
0.6347296,5201.0947,1.2837977,10.701656,0.052158885,0.25309667,0.054270085,0.036638204
0.62165576,3568.7095,3.7967703,3.618658,0.07211138,0.082108505,0.10090147,0.091285765
0.5919518,3298.7234,4.0249033,1.6710179,0.124039866,0.14246185,0.08459494,0.06447368
0.6294041,4378.658,0.4850855,6.6229076,0.112239644,0.16011404,0.050584607,0.07788115
0.6501928,4163.5117,0.9534396,6.1284895,0.13066496,0.15198913,0.0438914,0.093988374
0.6964592,3039.572,1.566378,7.9385157,0.1371063,0.17537558,0.0507626,0.114583746
0.70050526,3103.1746,1.64901,8.110776,0.12075864,0.15690914,0.05055906,0.11095034
0.70273966,2875.231,2.0023916,7.3677106,0.114932075,0.10881371,0.083579324,0.11077518
0.6767018,3418.767,2.9602616,6.9003096,0.09068851,0.09671229,0.043564714,0.056782305
0.609231,4317.4272,2.7153008,4.471625,0.060515396,0.05739608,0.06345627,0.043533795
0.69407994,3409.8245,0.33385807,9.684149,0.07048785,0.09996235,0.10667548,0.18760449
0.63430506,4466.4688,0.82577014,7.4258842,0.04806315,0.15086594,0.10743072,0.4126196
0.70082784,3207.407,0.79602855,9.666453,0.120024115,0.09950513,0.042775027,0.07781228
0.7353882,2584.3313,1.1521318,9.7402525,0.14577433,0.06144446,0.037272856,0.10120065
0.7138479,3079.4224,3.1431863,11.038047,0.060982477,0.046823207,0.040883426,0.07240821
0.7110075,3062.0305,3.0126235,11.116325,0.061003257,0.046790287,0.038338084,0.067792535
0.71791077,3009.368,3.0587223,11.0942545,0.060445573,0.046449058,0.038706467,0.06340269
0.715033,3061.6501,1.8746575,11.288343,0.06827898,0.04735554,0.06968071,0.080135606
0.62650377,4821.8125,0.2851443,7.875104,0.11321617,0.106515706,0.06905477,0.053663183
0.68430007,3335.732,0.22064115,7.7273073,0.040188026,0.15122053,0.04626625,0.050898287
0.634785,3495.0635,0.7811201,3.8260224,0.054102242,0.10441076,0.080652475,0.06769759
0.7057211,2346.2,1.7401452,3.5152292,0.061564,0.07482182,0.03684375,0.08683619
0.5998226,4060.6775,1.1385059,3.8684177,0.088835046,0.11299633,0.0718046,0.07182455
0.58357346,4545.996,2.2672732,3.7283,0.15913232,0.05377879,0.036942758,0.078293264
0.5912143,4051.6262,2.009942,3.1024528,0.110024236,0.0695579,0.051364515,0.14724544
0.6382005,3293.991,1.3171278,3.3098927,0.07867527,0.062031306,0.046255164,0.444498
0.6627617,3259.1323,0.75738215,4.6134114,0.03324244,0.09031092,0.11558044,0.12069068
0.62028784,4210.9404,4.0844994,5.46165,0.04496269,0.10198594,0.28886673,0.07507244
0.58303344,4034.4114,2.9199777,2.9187858,0.04500075,0.088319,0.20404702,0.050324954
0.7034925,2819.2373,1.4361917,6.3669424,0.106591895,0.072996594,0.17781164,0.07444229
0.698698,2768.8816,1.5526915,6.240494,0.087857254,0.074679054,0.1687448,0.062426
0.6421154,4610.66,0.628116,10.559801,0.082292356,0.07198887,0.20404917,0.084944665
0.64592546,4304.9917,2.5990677,7.648751,0.061468784,0.12470198,0.25861773,0.04945357
0.62663054,4628.103,2.5487795,7.836575,0.09781125,0.14332806,0.24079998,0.06596374
0.6266638,4642.054,3.016106,6.826187,0.057494197,0.12730335,0.32629448,0.07270918
0.68149817,2846.5837,1.0418824,4.078625,0.4081517,0.06370309,0.04617101,0.09904533
0.6378131,2988.1255,4.1641827,2.5005322,0.14879158,0.13650241,0.13832504,0.05576327
0.6106718,3156.1145,3.892312,2.1779597,0.13004738,0.12534918,0.15244702,0.045183167
0.69012874,3262.3225,2.5329132,8.455748,0.20652938,0.15403895,0.14611576,0.0324321
0.6743282,3824.8567,1.1350496,8.84934,0.12650907,0.22562437,0.24849994,0.073145166
0.6777427,3666.9333,1.3039793,9.160345,0.12627235,0.25625262,0.22770964,0.051402174
0.63328075,4934.856,3.0752313,9.186345,0.038905945,0.097434506,0.044085033,0.05503169
0.6760253,3652.379,1.712664,9.327759,0.06237775,0.06548813,0.05452097,0.060236108
0.6206402,3302.8433,1.1490364,2.7291567,0.19355251,0.04815767,0.12515749,0.07811899
0.6179948,2759.978,1.4362668,1.8382035,0.15243813,0.049178567,0.10238324,0.13506252
0.5422041,3720.796,1.5216188,1.5058018,0.1659415,0.07749426,0.16303304,0.10742386
0.57546866,1308.8699,1.8073457,0.18396574,0.10677935,0.036149733,0.18580806,0.07375316
0.4400519,1411.5605,2.7174041,0.07242713,0.10603719,0.09846795,0.06372014,0.049589194
0.4555798,1278.446,2.412379,0.06044066,0.06593757,0.13240635,0.04840621,0.049047094
0.432059,1315.0698,1.9991251,0.04194635,0.065998286,0.17530467,0.07660704,0.023303118
0.44014782,1538.2653,2.087973,0.08740842,0.07267371,0.19046548,0.035825856,0.034859203
0.48159182,1449.2865,2.2374163,0.115555234,0.0911607,0.07898472,0.056071877,0.032020755
0.48257214,1427.5886,2.123826,0.10997011,0.09064385,0.079750426,0.05617602,0.033788968
0.45244214,1478.1206,2.166696,0.09741982,0.142082,0.056427438,0.037227195,0.056485802
0.47217757,1202.3477,4.341314,0.03826157,0.0878986,0.065483384,0.08139384,0.1570762
0.46228606,1187.7925,3.638846,0.040607486,0.084839076,0.058057018,0.050511897,0.19249827
0.527433,1194.3732,0.46417737,0.091397025,0.1290327,0.047051765,0.045912582,0.1096643
0.48095605,1203.7124,0.34958422,0.06137379,0.13640572,0.06751779,0.08456086,0.11855186
0.49620214,1192.9751,0.5985954,0.06638583,0.2033962,0.049321044,0.057557166,0.11292146
0.5708744,1517.0077,3.1075578,0.2670544,0.16622739,0.045846425,0.07401135,0.19306317
0.6724746,3846.835,0.86072797,9.15914,0.05510738,0.20079146,0.09212563,0.03497188
0.6648827,4105.167,0.75457317,9.956486,0.050073475,0.24918935,0.07983689,0.038156446
0.6443395,4620.7393,3.3227308,9.804409,0.052065816,0.20985836,0.25240183,0.07760625
0.65374416,4147.2305,3.9096222,8.767398,0.03854862,0.08444381,0.1541209,0.15006146
0.66419625,4010.0374,3.3607461,9.018484,0.02682105,0.0794922,0.16741307,0.11975902
0.6627663,4187.659,1.3788575,10.410954,0.052769806,0.06722488,0.05393605,0.068606414
0.5940909,2835.7944,3.0177152,1.381275,0.055305894,0.07123624,0.12320561,0.07048161
0.656621,3568.9492,2.704574,5.829813,0.0829377,0.06326338,0.061842054,0.04586711
0.66924226,2836.604,1.5235766,3.4689791,0.18289256,0.07862146,0.07936697,0.08536124
0.6810869,2780.2163,1.0112672,3.9238017,0.14974174,0.05998781,0.07604532,0.057890546
0.7010007,2501.2903,1.1618345,4.2841783,0.12877546,0.08198484,0.05294913,0.033756536
0.7010007,2501.2903,1.1618345,4.2841783,0.12877546,0.08198484,0.05294913,0.033756536
0.66702735,3457.3794,0.67348737,5.7369823,0.075471506,0.09184866,0.04321702,0.055810664
0.6667231,3150.7542,0.75811464,4.8373685,0.118347,0.045813844,0.04327654,0.070638604
0.64364576,3896.3384,0.7857188,5.450672,0.1418927,0.098564744,0.04722752,0.08204843
0.6297991,4357.087,1.7632211,5.8550115,0.05985816,0.114884295,0.078967005,0.04813789
0.6557464,3443.2314,1.0758439,5.187399,0.20004514,0.07222176,0.0521141,0.08639027
0.62316734,4282.2915,0.6800544,5.478963,0.08532417,0.09580119,0.053369544,0.17605989
0.6703561,3310.6543,0.9703249,5.9253182,0.034734268,0.08410738,0.05446139,0.14442721
0.6319383,4520.227,0.38842586,7.073594,0.040053535,0.12517783,0.06720005,0.048153788
0.61717874,3572.0542,0.5993719,3.0811331,0.09048951,0.049859956,0.15392181,0.059553474
0.6545481,3546.191,1.7605143,5.811406,0.1420612,0.065737724,0.10267303,0.061118864
0.660541,3483.2153,1.1486521,5.851487,0.07081219,0.07483346,0.0650088,0.089206114
0.6617708,4336.5166,0.5849151,10.133905,0.14808884,0.17688996,0.092966735,0.0612875
0.53414094,2411.3926,0.45566,0.6319103,0.09505439,0.084933974,0.11845337,0.13967752
0.58782655,4205.137,1.3988509,3.2560341,0.11552565,0.07956918,0.13042568,0.15694007
0.6481434,2120.3425,2.7329035,1.2119079,0.12043399,0.07790145,0.10878424,0.14105114
0.6747129,2191.1658,4.2543397,2.056727,0.21213639,0.074828,0.16967075,0.15331833
0.69864404,1813.0851,0.6501991,1.2171081,0.13148212,0.09276187,0.11927885,0.11554732
0.6972899,1793.0068,0.6890085,1.3919976,0.12720674,0.096890464,0.12013073,0.10621469
0.70230114,1934.7188,0.54487425,1.7559968,0.09516185,0.059486777,0.11016346,0.10739581
0.61365145,1976.6763,3.3821795,0.66938907,0.072633155,0.08869256,0.07897075,0.11055851
0.68415225,2039.9265,3.3148336,1.6840074,0.050262097,0.09315351,0.11594664,0.06582442
0.66523576,2192.7256,3.8160923,1.5517569,0.040636785,0.15365115,0.11393643,0.062486336
0.6540742,2151.733,2.9392886,1.2560167,0.04000055,0.113269135,0.14380887,0.0773745
0.6720729,2196.2488,3.0511432,1.5855718,0.04142482,0.120901324,0.16188262,0.08477269
0.6357147,2115.1829,3.3375084,0.90761113,0.040554304,0.080885,0.12890248,0.08238132
0.60703474,1843.5741,1.6163496,0.57513297,0.063150086,0.05791918,0.1358348,0.13887113
0.6053855,1875.5851,1.5912532,0.53589123,0.06973554,0.057175,0.12376269,0.12544799
0.6007386,1643.7037,1.2773813,0.35991764,0.08562373,0.051887713,0.103805244,0.12271656
0.58780265,1777.3842,1.0357445,0.42079958,0.12538734,0.06997452,0.07021708,0.07637119
0.58650976,2434.8628,1.3507338,0.79955405,0.12211736,0.062657826,0.07128984,0.059874974
0.6315049,3714.4019,1.8668426,4.0373664,0.106320366,0.17487882,0.06780438,0.09792627
0.55653423,2772.2961,2.1720443,0.76613945,0.10300885,0.32856497,0.05344936,0.053972736
0.5570682,2705.9302,2.0423613,0.719146,0.09604775,0.3080534,0.049482677,0.050816175
0.5509981,2669.9612,2.0112178,0.7636237,0.099065356,0.30754098,0.04985798,0.051283192
0.55153793,2692.533,1.982065,0.7106968,0.10194412,0.3028421,0.051458396,0.04923497
0.5528193,2741.0022,1.899213,0.7390336,0.09825115,0.29624292,0.0507295,0.050806943
0.5528193,2741.0022,1.899213,0.7390336,0.09825115,0.29624292,0.0507295,0.050806943
0.5528193,2741.0022,1.899213,0.7390336,0.09825115,0.29624292,0.0507295,0.050806943
0.5517357,2777.9624,1.9221734,0.72738266,0.09793559,0.29842544,0.053475015,0.05325427
0.5532379,2748.7798,1.7841676,0.7510967,0.10168082,0.27696794,0.060700066,0.0515456
0.62905,2826.7183,0.17340955,1.8100991,0.14372797,0.2512801,0.09033504,0.08488729
0.59219897,2878.8223,0.23575854,1.3255169,0.09623027,0.20130603,0.087131985,0.05250432
0.59767073,2818.8994,0.576737,1.5469652,0.09890377,0.047119394,0.14506212,0.06376114
0.6025623,2861.7263,0.47285974,1.4427707,0.09130812,0.03526868,0.15655248,0.05447075
0.6022168,2860.7908,0.47913438,1.469955,0.08630142,0.034253266,0.15506548,0.055423982
0.5998822,2828.3125,0.44510573,1.4292428,0.083747,0.03425695,0.16172954,0.05764657
0.5994407,2798.8838,0.4468114,1.577804,0.081564665,0.035240933,0.16238791,0.05558201
0.60354924,2833.657,0.47109443,1.4875143,0.08410192,0.03509424,0.15659347,0.053935394
0.60354924,2833.657,0.47109443,1.4875143,0.08410192,0.03509424,0.15659347,0.053935394
0.602055,2778.3196,0.4665119,1.5410008,0.08581723,0.035695758,0.15170316,0.052299675
0.602055,2778.3196,0.4665119,1.5410008,0.08581723,0.035695758,0.15170316,0.052299675
0.5979167,2837.0083,0.45842746,1.4442751,0.08089476,0.037503827,0.15859792,0.051442005
0.5979167,2837.0083,0.45842746,1.4442751,0.08089476,0.037503827,0.15859792,0.051442005
0.5979167,2837.0083,0.45842746,1.4442751,0.08089476,0.037503827,0.15859792,0.051442005
0.5979167,2837.0083,0.45842746,1.4442751,0.08089476,0.037503827,0.15859792,0.051442005
0.5994256,2720.5964,0.46165398,1.3751833,0.07788845,0.038441986,0.14442906,0.048087843
0.60239,2753.0913,0.48697826,1.4822726,0.078877814,0.038335077,0.14692913,0.04668899
0.60474664,2740.6267,0.5063917,1.4218833,0.07597982,0.03883341,0.14855024,0.045289434
0.60474664,2740.6267,0.5063917,1.4218833,0.07597982,0.03883341,0.14855024,0.045289434
0.60474664,2740.6267,0.5063917,1.4218833,0.07597982,0.03883341,0.14855024,0.045289434
0.6052128,2712.63,0.48853856,1.4888198,0.07091435,0.038182337,0.14604172,0.047084443
0.6052128,2712.63,0.48853856,1.4888198,0.07091435,0.038182337,0.14604172,0.047084443
0.6052128,2712.63,0.48853856,1.4888198,0.07091435,0.038182337,0.14604172,0.047084443
0.6052128,2712.63,0.48853856,1.4888198,0.07091435,0.038182337,0.14604172,0.047084443
0.6052128,2712.63,0.48853856,1.4888198,0.07091435,0.038182337,0.14604172,0.047084443
0.6085924,2754.0645,0.49013245,1.4262447,0.07024136,0.038666595,0.15227823,0.047938477
0.60753757,2747.7444,0.45227703,1.424652,0.06995462,0.03888288,0.15066588,0.04693428
0.60753757,2747.7444,0.45227703,1.424652,0.06995462,0.03888288,0.15066588,0.04693428
0.60753757,2747.7444,0.45227703,1.424652,0.06995462,0.03888288,0.15066588,0.04693428
0.60897195,2687.5356,0.46369,1.4998522,0.068978466,0.037551317,0.14910936,0.0493002
0.61436045,2682.864,0.4414159,1.4740862,0.0698221,0.037187666,0.14601922,0.050030526
0.6135327,2606.981,0.40020314,1.4047177,0.073216945,0.0368057,0.13893022,0.059572715
0.61143327,2644.1768,0.39360148,1.3759414,0.0737356,0.03720608,0.14405023,0.05822501
0.61143327,2644.1768,0.39360148,1.3759414,0.0737356,0.03720608,0.14405023,0.05822501
0.611026,2573.3757,0.41347542,1.4616413,0.07125463,0.038134072,0.13564938,0.05749439
0.61391526,2577.159,0.41907817,1.4140209,0.07296514,0.03707933,0.12941837,0.05663144
0.6090319,2666.4077,0.42902803,1.3794807,0.07566349,0.036566027,0.13052925,0.059257783
0.6123052,2665.1309,0.38806063,1.549555,0.07139085,0.037908502,0.13009998,0.060928226
0.6123052,2665.1309,0.38806063,1.549555,0.07139085,0.037908502,0.13009998,0.060928226
0.6125224,2709.942,0.375243,1.4718683,0.07030217,0.03923659,0.1293267,0.062466808
0.6125224,2709.942,0.375243,1.4718683,0.07030217,0.03923659,0.1293267,0.062466808
0.6125224,2709.942,0.375243,1.4718683,0.07030217,0.03923659,0.1293267,0.062466808
0.61658406,2715.319,0.3512728,1.5582441,0.068560205,0.038608376,0.12826085,0.06123356
0.6150737,2826.2034,0.31079975,1.6707764,0.07035273,0.042089224,0.13675733,0.058513746
0.61886185,2758.9297,0.413803,1.6291065,0.07532501,0.04734128,0.17921346,0.06761821
0.65288603,2544.0244,0.8489549,2.0953586,0.062132742,0.078882575,0.14601587,0.05975139
0.6479027,2212.9858,1.4163395,1.0956367,0.10450966,0.17555265,0.05110862,0.14635193
0.5890978,2289.8577,2.3255355,0.6760448,0.10168572,0.14468259,0.04163643,0.07687996
0.5981018,2339.1814,2.8108826,0.85504526,0.079612866,0.19672228,0.060331315,0.08863707
0.54227924,3376.159,3.062736,1.0847335,0.28948674,0.13078365,0.04801158,0.057216644
0.5433499,3324.399,2.6642036,1.0259877,0.28758404,0.13439342,0.048210975,0.05033658
0.5466675,3373.6294,2.7325425,1.1161156,0.2718337,0.13653146,0.047742613,0.05168493
0.5461587,3249.4856,2.7175279,1.0220665,0.2814082,0.13380757,0.046487987,0.049955122
0.5461587,3249.4856,2.7175279,1.0220665,0.2814082,0.13380757,0.046487987,0.049955122
0.5473413,3189.1255,2.6593854,1.157342,0.29417184,0.13348944,0.047966227,0.049727764
0.54727143,3227.098,2.5921745,0.9319639,0.3015482,0.1369621,0.04718583,0.049549356
0.54783344,3214.0437,2.499543,1.1960233,0.30122954,0.13359597,0.047789432,0.049511045
0.5456133,3230.9539,2.5465596,1.1128409,0.29474482,0.12505187,0.044807892,0.04802297
0.5458128,3217.2334,2.6085575,1.0395867,0.2800298,0.12192875,0.044735156,0.04872457
0.5458128,3217.2334,2.6085575,1.0395867,0.2800298,0.12192875,0.044735156,0.04872457
0.54568046,3232.3215,2.5177207,1.0189553,0.27608377,0.12159885,0.044495333,0.049375955
0.54382324,3205.7244,2.4723613,0.97555375,0.26808828,0.12494369,0.04610479,0.04831041
0.54395366,3219.661,2.4062202,0.9974879,0.27058864,0.122379504,0.046791136,0.04838805
0.54395366,3219.661,2.4062202,0.9974879,0.27058864,0.122379504,0.046791136,0.04838805
0.54395366,3219.661,2.4062202,0.9974879,0.27058864,0.122379504,0.046791136,0.04838805
0.5509771,2861.107,2.1480396,0.83676016,0.23759443,0.12899753,0.050403304,0.06963162
0.57064146,2873.9045,1.7604395,1.106692,0.23571557,0.12741554,0.042988345,0.06583294
0.57064146,2873.9045,1.7604395,1.106692,0.23571557,0.12741554,0.042988345,0.06583294
0.57024133,2860.8967,1.8119323,1.013198,0.24006572,0.1243364,0.044082962,0.067148045
0.5547852,3327.1863,2.4530308,1.3572805,0.28604603,0.122347325,0.06330608,0.07623442
0.5626789,3404.5608,2.581682,1.3700457,0.2621951,0.11676866,0.0689289,0.07603526
0.56096184,2562.9768,3.1229086,0.71933204,0.1880976,0.0775271,0.31093055,0.098339945
0.5306436,1430.294,0.9011491,0.16634223,0.087770596,0.12784642,0.0670833,0.04967984
0.47090933,1371.1106,3.0596519,0.08109863,0.05168917,0.20910758,0.047299437,0.09220916
0.5674882,1808.7925,1.6191384,0.34562188,0.05394842,0.11592867,0.12806009,0.062154356
0.5674882,1808.7925,1.6191384,0.34562188,0.05394842,0.11592867,0.12806009,0.062154356
0.58587295,1808.1376,0.67143106,0.41310808,0.06482792,0.12560406,0.14263247,0.06780805
0.55059856,1611.7483,0.9367015,0.25740921,0.07503636,0.06779862,0.12757622,0.04415545
0.4967296,1431.1514,0.69658446,0.1266085,0.13183987,0.06142416,0.10972732,0.047624335
0.4536049,1176.6356,1.0431669,0.03741233,0.068703726,0.034580752,0.05942782,0.058127835
0.500579,1067.0507,4.391359,0.03864642,0.14049199,0.08756455,0.06976513,0.072714664
0.46259382,1870.4478,0.94896406,0.21197483,0.16405915,0.07444983,0.08216071,0.13256249
0.49425882,1751.4432,2.9247892,0.20031369,0.17821583,0.14429714,0.12149464,0.18018457
0.49186516,1761.3094,0.3456107,0.19458085,0.16398144,0.11234186,0.053221244,0.07504799
0.4960133,1741.7284,0.33213356,0.21423405,0.17421311,0.10630835,0.05294344,0.06704136
0.51087207,1673.6484,0.36626336,0.20787595,0.17413774,0.13618709,0.04768405,0.07945671
0.5243602,1475.2893,0.2712115,0.16575113,0.1326586,0.16916998,0.04883041,0.087510996
0.7001946,2724.0798,1.5721562,4.650657,0.053344175,0.2248621,0.059339076,0.07014005
0.61243486,4638.2764,2.6745439,5.48287,0.039937645,0.18072906,0.15878665,0.068995
0.6096151,3584.984,1.6839837,2.793741,0.04907581,0.16628465,0.13968074,0.053176913
0.68095475,2943.1685,1.1308453,4.966683,0.11640425,0.15272012,0.092532545,0.05041489
0.6555025,2818.2302,1.3996341,2.698183,0.050805163,0.21547627,0.09061831,0.049277015
0.6624689,2810.786,1.3764509,2.879496,0.04703909,0.23936412,0.08698835,0.048810586
0.684589,2704.9055,1.3534721,3.565391,0.05391148,0.24167141,0.11202593,0.047604218
0.7071674,2136.634,1.936553,2.6729662,0.066317886,0.37920508,0.10800968,0.035301425
0.6998264,2105.2056,1.9899906,2.0215983,0.06615693,0.39534968,0.10734063,0.032534633
0.7114993,2281.7712,1.7460096,3.3828902,0.07849075,0.3682776,0.101097405,0.043582864
0.6776332,2964.8918,2.302011,4.731038,0.107412845,0.40116575,0.096103325,0.065433055
0.6031034,3965.1748,0.4981226,3.5444863,0.031774357,0.2752488,0.15840808,0.19678488
0.65828127,2080.0862,0.5835982,1.1318454,0.11651614,0.1551519,0.06899733,0.07060966
0.6424321,2015.15,0.55176836,0.82366085,0.12199875,0.13795203,0.054144297,0.07023456
0.6138734,2513.4797,2.7396045,1.1702486,0.10614003,0.14285383,0.2107917,0.10773565
0.65149236,3533.6235,2.5212288,4.8657875,0.051128607,0.19603264,0.25486726,0.13331473
0.61984974,2263.5435,1.5564584,0.918151,0.049239926,0.09048392,0.15325886,0.056431502
0.59600896,3005.8528,1.5594529,1.5422686,0.08797665,0.12386763,0.10398057,0.06278252
0.6714054,1869.2362,0.09091023,0.98612636,0.055936575,0.062153604,0.05430199,0.04519461
0.6737328,1834.2477,0.099473275,0.9271639,0.057158235,0.06220034,0.053287037,0.047442928
0.6153105,2421.4465,0.14715141,1.1705459,0.10741484,0.09135471,0.052545395,0.058846563
0.61215854,2477.27,0.14510259,1.0594866,0.104724266,0.08678888,0.052124947,0.054015
0.60534596,2678.1106,0.13489732,1.1501663,0.12288028,0.07555471,0.07208404,0.051142115
0.62736976,2278.547,0.07590276,1.095434,0.103707336,0.0702134,0.045672502,0.068261795
0.6345122,1967.8779,0.27359107,0.78713864,0.11383803,0.040879205,0.062764876,0.12063832
0.63310647,1981.015,0.33344918,0.7771434,0.09351057,0.061330725,0.045913734,0.3195678
0.6311773,3256.8013,4.0435147,3.224177,0.03575307,0.07344922,0.13578993,0.19632989
0.6591475,2861.099,0.08492839,2.86417,0.21556285,0.09796847,0.049211934,0.05667186
0.65911067,2933.374,0.20825747,3.4485698,0.12180919,0.07431434,0.078623615,0.05194869
0.59657866,4693.577,1.0300272,5.100745,0.04095514,0.069073156,0.07959231,0.19194616
0.6404313,3500.0847,0.69337374,4.379897,0.04361514,0.06728638,0.07125351,0.1001232
0.66272056,3307.0525,1.0026058,5.0277476,0.06064942,0.071797445,0.058936242,0.09816211
0.5639867,3982.5835,0.41042104,2.2751496,0.12132701,0.07214917,0.062822096,0.17567953
0.5618847,3861.9094,0.3744467,2.061674,0.06615137,0.045149185,0.0707144,0.15928696
0.5536552,3631.1216,0.4648774,1.6510384,0.062323,0.045873486,0.07162348,0.15202105
0.59782135,5724.1104,0.32255787,8.311779,0.051823843,0.049062975,0.10846585,0.16584787
0.5993964,4123.377,0.19110611,4.384933,0.059671924,0.0611644,0.11118006,0.20814624
0.5914899,5233.0312,2.0245965,6.650205,0.065802924,0.06114854,0.25740248,0.08771843
0.625041,2095.3923,1.8609802,0.81184965,0.05610806,0.06623082,0.047291793,0.17903677
0.61783487,2793.3572,2.7333946,1.9784728,0.13719782,0.10961594,0.08744213,0.21816337
0.56408507,2824.631,0.8612529,0.9404381,0.16480273,0.06894116,0.0680992,0.14761688
0.58318734,2958.8567,0.97430855,1.4187562,0.15472586,0.07140168,0.0550907,0.119643785
0.6339354,3459.0903,0.43257272,3.3185382,0.12582117,0.06926857,0.06164518,0.07670899
0.6499101,3200.3118,0.334732,3.4599094,0.2365341,0.0731554,0.09493181,0.058437023
0.69143903,2520.575,0.34634855,3.5191994,0.16767257,0.07223831,0.07559155,0.08540397
0.7043579,2577.29,0.17021285,5.1256833,0.14254048,0.04015483,0.08958056,0.04540068
0.7115774,1865.7384,0.29120937,1.9241352,0.16283275,0.080380134,0.25903282,0.045318652
0.53303844,8145.183,3.122995,8.633983,0.029408498,0.064330555,0.2341102,0.42750004
0.53704417,7842.0283,3.6019068,8.220253,0.04803519,0.05560616,0.21811278,0.36651653
0.690961,3276.1135,0.17421141,9.319461,0.052472398,0.073442146,0.053262725,0.14437541
0.6647662,3491.7644,0.31964758,6.5605345,0.06698247,0.09399891,0.0777139,0.054339908
0.66214883,3534.1365,0.31205657,6.436336,0.07037437,0.093890004,0.08040716,0.055559356
0.64590544,3770.0945,0.1478716,5.3082986,0.067769855,0.079547346,0.07052451,0.039186142
0.6555853,2779.1357,0.29066306,2.5654738,0.08163611,0.10734505,0.10177772,0.04130074
0.65713495,3547.3062,0.85389787,5.6179137,0.09934282,0.081581004,0.05202097,0.049343742
0.65911484,3060.2292,0.76972836,3.9983962,0.06534134,0.0712644,0.04510259,0.058236644
0.64742655,3494.772,1.0787543,4.671073,0.08732644,0.057868026,0.055788327,0.09485096
0.65708905,3295.8755,2.6607265,4.8089004,0.08417279,0.096587725,0.06634957,0.10621851
0.63914967,3058.8743,3.0978048,2.680321,0.097693354,0.088254906,0.04916445,0.07688722
0.64440435,3001.5466,3.5084925,3.104773,0.091824815,0.09120858,0.05786082,0.072709635
0.63505775,2714.2004,3.9083178,1.8279958,0.12098198,0.07196967,0.11481466,0.06432255
0.65965974,4035.9814,0.7315025,9.016186,0.2246368,0.070347846,0.03510041,0.07817806
0.71139455,2893.1814,3.9812694,8.395488,0.16551982,0.09801638,0.046979703,0.06685485
0.7099451,2891.8787,4.151408,8.206612,0.18166697,0.10722992,0.035575766,0.073322125
0.6939188,3051.111,2.803358,6.9094048,0.15795708,0.109274834,0.03416343,0.102280915
0.714485,2624.8408,1.827703,6.479722,0.16074601,0.103719875,0.045952663,0.031232532
0.6680352,2916.4822,2.8917134,3.8202353,0.10218084,0.050265547,0.06998148,0.07156922
0.6643516,2957.6445,0.55224043,3.0426743,0.30383196,0.2006099,0.06178652,0.061267953
0.5868186,4945.3936,3.729664,4.359625,0.08653957,0.08330759,0.07119569,0.06533257
0.6642202,3419.1238,3.5763345,6.3206005,0.13645136,0.066091016,0.09245712,0.045520186
0.6588181,3455.8247,2.1908207,5.7854567,0.083133146,0.08328449,0.16404155,0.05261507
0.62926847,3760.467,0.82132775,3.9443693,0.071081325,0.2174342,0.07923428,0.060292028
0.6204404,3697.4514,1.870409,3.524261,0.038113277,0.30351615,0.040118743,0.07028063
0.6204404,3697.4514,1.870409,3.524261,0.038113277,0.30351615,0.040118743,0.07028063
0.5479709,4954.1055,1.7737217,2.9862251,0.053879008,0.26703012,0.06412316,0.056136362
0.7281656,2668.7285,3.417681,9.518997,0.09584558,0.26074314,0.03992688,0.06413515
0.51921844,6267.656,0.33116183,2.9841285,0.16077495,0.2022641,0.20926096,0.04609016
0.5185527,6336.554,0.32728088,2.921566,0.15657303,0.20171982,0.21041477,0.045803074
0.54022837,4755.632,0.98462355,2.0373707,0.21210705,0.28841338,0.12926267,0.058490355
0.5527235,6048.627,2.1627831,4.466359,0.1918335,0.21180627,0.08589072,0.19938114
0.53085583,7935.692,1.2916219,6.3854923,0.07941097,0.11961104,0.18655619,0.09273555
0.6140228,4617.715,2.8130636,5.9981413,0.10885154,0.034588825,0.049526714,0.23023218
0.62386423,3958.8108,3.724906,4.738187,0.09606548,0.05838255,0.037445877,0.24563935
0.59743077,5024.1436,1.2061204,6.4049945,0.073178045,0.03856109,0.056381945,0.35870802
0.6296642,4062.0398,1.9354421,5.2522426,0.06827249,0.03964057,0.041771922,0.42802006
0.6220105,4388.7925,1.7554886,6.2321205,0.07934958,0.037990745,0.06719267,0.33273515
0.57437044,4708.431,2.9664717,3.616226,0.15637127,0.053072687,0.13294631,0.07358715
0.5961348,4829.343,2.4183156,5.9151583,0.15045445,0.06563374,0.1973399,0.09601968
0.6603421,3487.8967,1.136182,5.0838175,0.38710347,0.07856019,0.05704007,0.073191345
0.6732535,3415.5598,0.705283,6.386485,0.33809796,0.059102453,0.05709324,0.0346373
0.6676529,3610.1877,0.8265895,6.7393894,0.36814183,0.07647784,0.054289058,0.04810401
0.6482504,3215.345,3.5736294,3.83171,0.23335952,0.11390979,0.05506865,0.08450298
0.6481994,3308.715,3.5488987,3.588399,0.23406017,0.11603851,0.05290215,0.08035258
0.6520631,3335.9526,0.5678707,4.4436617,0.07818653,0.11331122,0.071786374,0.07298368
0.61665356,4570.9214,0.5466687,5.67642,0.051640537,0.19320652,0.072424546,0.05915588
0.6456981,3988.922,0.7187665,6.338742,0.04923448,0.22977722,0.054597795,0.0732888
0.6538753,3305.3596,1.4459093,4.4258275,0.046091564,0.2692192,0.07370282,0.12526065
0.6048488,4535.4995,1.8263283,4.9495034,0.04991954,0.20129061,0.06858766,0.08241177
0.7171521,2299.848,0.46012592,5.524575,0.30386996,0.094209425,0.10122596,0.14672288
0.6902481,2500.9565,2.565382,2.7187433,0.4482482,0.0973436,0.09640066,0.11134474
0.62689847,4648.069,1.7229927,6.302541,0.10644949,0.14267609,0.087594494,0.115122944
0.69732666,3473.9038,2.8919225,10.089592,0.07491359,0.16168194,0.1643165,0.07014368
0.6103015,5224.3877,0.9285613,7.661028,0.06535016,0.05130956,0.07046675,0.0811828
0.62857735,3619.321,0.5793979,3.8902166,0.058837123,0.10354457,0.08850857,0.06098198
0.673951,3722.385,1.0855148,9.118877,0.059837513,0.042230573,0.03330552,0.11588045
0.6654466,3828.59,0.9671054,9.146589,0.051633164,0.042348832,0.040508933,0.12958053
0.66367406,3886.5054,0.95282745,8.528852,0.05238743,0.041900624,0.048380952,0.16333823
0.6221703,5048.5723,1.1903261,8.259215,0.07360959,0.081975244,0.117906295,0.22762987
0.5790498,3347.37,0.70721674,1.8410226,0.06970531,0.07180379,0.16718982,0.1726005
0.55517536,3529.2917,0.5717445,1.6832134,0.05201363,0.07166316,0.15183981,0.22107963
0.540122,3766.7952,0.5180713,1.5919864,0.046093524,0.06873281,0.14153221,0.24741547
0.7169171,1568.1212,3.421807,1.2536315,0.11862237,0.086553946,0.09705594,0.030171921
0.66111875,2343.9365,3.3258252,1.6118268,0.07833657,0.10450388,0.09759639,0.06214397
0.5906268,1916.499,0.6218122,0.43885136,0.07139324,0.07782133,0.1934946,0.077150375
0.6243589,1739.2347,0.50669926,0.48750484,0.16373394,0.10417196,0.076361924,0.06273455
0.60678214,1731.6625,0.63976294,0.4464335,0.16754708,0.1211169,0.08955401,0.05041609
0.61033803,2414.1619,0.6188779,1.014516,0.08792716,0.08832568,0.13217737,0.052819878
0.6027672,2479.2168,1.0140994,0.98782855,0.10922089,0.094644085,0.10717678,0.07546168
0.6439837,2266.4915,0.60443914,1.2786431,0.06594169,0.08230709,0.095862806,0.12235234
0.6382504,2375.7717,0.59064484,1.4776481,0.06411518,0.10976045,0.11259561,0.14503607
0.728456,1816.8989,1.5823215,2.0928047,0.061087307,0.15259449,0.20143402,0.037864357
0.5454774,3458.2107,2.1462102,1.3362583,0.07282091,0.06343004,0.17915072,0.096562624
0.58815783,2963.4507,4.4589148,1.5030102,0.117569275,0.059238106,0.09477173,0.2309598
0.6277052,4136.1177,2.7581825,5.763265,0.09616605,0.056490127,0.21648651,0.17621166
0.61989015,4525.1704,2.7825265,7.4156756,0.10460346,0.055614833,0.2720613,0.24846885
0.64014703,4980.9927,1.8369292,11.191835,0.0509082,0.09351835,0.22821932,0.12817067
0.6408906,4854.434,1.5300497,11.063387,0.06762461,0.08684255,0.24661234,0.08716039
0.60826504,3482.1165,1.6638939,2.794049,0.06596319,0.08082283,0.1625883,0.090652496
0.64753956,3722.7417,1.8323979,5.1884317,0.09044285,0.09876183,0.14490281,0.07318401
0.65008605,3551.2314,2.1156642,4.9705443,0.06698976,0.070533715,0.12349812,0.06376831
0.63808054,3452.3071,1.9946041,3.9582403,0.074230656,0.058508933,0.09787879,0.046098135
0.62765276,3418.2463,1.7049801,3.4525623,0.079194695,0.05815581,0.09183872,0.040688176
0.6227823,3369.3225,1.5907583,2.982439,0.07826227,0.058941793,0.09337987,0.038841583
0.62867033,3254.3618,1.4634967,2.6657882,0.070390865,0.06236202,0.088707134,0.039882526
0.6285322,3278.995,1.4256123,2.826915,0.07086882,0.05848592,0.085662186,0.040215887
0.62553596,3337.1965,1.5303128,2.889864,0.06968686,0.057339974,0.08478129,0.038872063
0.61679083,3484.3,1.6436154,3.0918708,0.06569113,0.05399226,0.09080961,0.041277204
0.67160743,3977.8687,0.5919348,11.166453,0.06691128,0.053743053,0.048727207,0.059382215
0.6755873,3880.1345,0.7160805,11.153682,0.0670885,0.05398967,0.04700637,0.06055604
0.6193456,5711.4634,1.5186692,11.654158,0.04003233,0.042407595,0.0840964,0.14121217
0.69782984,3468.925,2.2056584,11.674517,0.103153184,0.098744184,0.047126774,0.047207303
0.6365909,5141.417,1.6226678,11.92053,0.08720385,0.0689439,0.07794795,0.06266792
0.6618961,4607.0454,2.7080178,11.894054,0.08762033,0.061605994,0.074069105,0.051161103
0.65442884,4521.3477,1.5839432,11.698727,0.07774137,0.059297483,0.07269866,0.07237913
0.6248982,5569.6807,2.105602,11.302496,0.069486015,0.07290594,0.06202217,0.06281814
0.67846173,3862.4485,2.2355533,11.785386,0.040592097,0.06530444,0.06518106,0.045565225
0.6265037,5467.2114,2.5004,11.867023,0.04033773,0.08113978,0.07127482,0.049609486
0.6616653,4363.006,1.2124653,11.770057,0.061446894,0.06658184,0.065784164,0.047813352
0.6646217,4321.9263,1.5477169,11.70386,0.054547325,0.08201698,0.07593406,0.06182746
0.64354664,4896.0625,1.4777973,10.042428,0.060504243,0.15069768,0.06371088,0.041439835
0.6501713,4285.2896,2.4363089,8.262682,0.06993906,0.11436827,0.051476605,0.07569258
0.6556539,4052.03,1.6473509,8.222723,0.07712659,0.07417408,0.09600425,0.034356598
0.6617205,4005.8086,1.8934405,8.362916,0.08635506,0.0661843,0.08617849,0.031364128
0.6494326,4197.472,1.1009669,8.777241,0.119895786,0.05900304,0.061708793,0.122052304
0.6038418,6368.6816,0.38906038,10.685615,0.10533266,0.075435415,0.0611976,0.086062066
0.73026896,2751.272,4.2068663,10.062273,0.048643053,0.078215316,0.08249149,0.12806535
0.6507696,4450.9707,0.5898596,10.4129305,0.03286242,0.053486057,0.080092765,0.09311756
0.7147177,3001.162,1.8266325,10.709592,0.0944573,0.10518479,0.067520216,0.038230266
0.6130826,5492.3228,2.1376648,9.521879,0.056018412,0.0483329,0.08619799,0.06107398
0.6118888,5510.21,2.3445272,9.227327,0.05165807,0.052863255,0.083264634,0.059978288
0.59617484,5892.856,1.0457827,8.755923,0.035297267,0.06510743,0.073678665,0.12797128
0.5902327,6321.0312,0.7961819,8.871585,0.1329531,0.060094226,0.11286618,0.106466144
0.6252668,5217.3984,0.66826135,10.760358,0.08469843,0.02815738,0.12905131,0.19738308
0.6273129,5197.465,1.4087945,11.400358,0.0620088,0.04679574,0.10164117,0.2024318
0.5978877,6500.1694,1.9458561,11.59185,0.05243389,0.03244815,0.098042466,0.16686077
0.5976417,6642.3447,3.1099825,11.553406,0.06152997,0.054547258,0.05604027,0.1262579
0.67955846,2033.2273,0.91514874,1.5376909,0.08489917,0.13096862,0.20372479,0.04612899
0.674946,2591.927,1.4064335,3.0364485,0.038948476,0.2601144,0.15783778,0.054264393
0.6762824,2634.49,1.3194541,3.0209432,0.037348583,0.2597403,0.15606709,0.051248163
0.6873937,2760.8613,1.4369992,4.446915,0.038182717,0.23749973,0.1437489,0.04324539
0.70113456,2670.496,0.95473284,4.5818834,0.06776482,0.21608478,0.108572185,0.06664534
0.66740704,2978.6,1.5813282,3.624728,0.08487114,0.2717977,0.12860534,0.055358283
0.6448709,3843.6616,0.76712006,6.211772,0.11332221,0.14852546,0.07948865,0.10731557
0.66433007,2949.9648,0.96904194,3.6443515,0.06256574,0.113830104,0.058367528,0.041167296
0.6464027,3166.1812,0.37921274,3.6647162,0.042298026,0.099386856,0.0508937,0.18224029
0.64343077,3210.8972,0.39353278,3.3100085,0.040709447,0.101387575,0.050497703,0.18201573
0.64280236,3239.6284,0.48026362,3.4473355,0.036735803,0.13053265,0.04954874,0.16277444
0.66735303,2973.4556,0.66180813,4.151157,0.0363862,0.09727752,0.06410994,0.14871752
0.6633087,3024.6145,0.76275647,4.1130977,0.039609537,0.08414327,0.0493136,0.15492561
0.6358039,4406.7207,0.28535435,6.622116,0.10684343,0.1492421,0.108030975,0.15403232
0.71227616,2717.478,0.8042951,6.4812746,0.048272014,0.058752187,0.040703274,0.06595732
0.708176,2721.1736,0.7867351,6.484332,0.048547376,0.060242243,0.040059894,0.068384334
0.63322926,3289.9539,1.4991323,3.0307791,0.060098782,0.07187782,0.050809667,0.09820776
0.612843,3817.958,2.4478917,3.6890461,0.051958747,0.110502556,0.057684585,0.0911654
0.62183917,3790.0977,1.3798977,4.333887,0.066161,0.06759173,0.1936427,0.14470255
0.59427303,3630.832,1.5155457,2.623294,0.059842948,0.041538447,0.22841236,0.09662879
0.5935887,3145.2368,1.5754998,1.9002476,0.05527626,0.040413007,0.24626058,0.08996308
0.5935887,3145.2368,1.5754998,1.9002476,0.05527626,0.040413007,0.24626058,0.08996308
0.5935887,3145.2368,1.5754998,1.9002476,0.05527626,0.040413007,0.24626058,0.08996308
0.5579338,3320.4011,1.554667,1.4696705,0.09023793,0.04421677,0.13347247,0.112174794
0.5579338,3320.4011,1.554667,1.4696705,0.09023793,0.04421677,0.13347247,0.112174794
0.570157,3256.5525,1.8061489,1.6170399,0.089549445,0.046971537,0.119762935,0.105463296
0.54823035,3365.2407,1.0357987,1.2505324,0.12686546,0.074105546,0.11434893,0.08491535
0.6339032,2526.234,1.4641734,1.5034899,0.06672567,0.105328485,0.15501295,0.03872493
0.63667333,2571.71,1.5118476,1.5326157,0.06687446,0.1062293,0.1563139,0.039214518
0.62192965,2462.4792,0.82461184,1.1171694,0.055122808,0.14243843,0.045036264,0.13010922
0.7186378,2751.2957,2.5129898,7.27964,0.113212846,0.08752811,0.04641985,0.088124946
0.7019772,2880.9119,2.6769722,7.6607065,0.08275833,0.08728826,0.04600851,0.093849026
0.58923745,3333.1018,2.7894263,1.9712937,0.059872717,0.06123476,0.09499503,0.09334755
0.5815396,3376.8171,2.4163566,1.928255,0.058464255,0.062022757,0.0955328,0.08713922
0.5349328,2574.748,0.7044498,0.6218599,0.13998495,0.11575954,0.0650509,0.1071485
0.6006631,3125.275,0.43044373,1.6490728,0.13355047,0.05521978,0.06589473,0.24748449
0.6181633,2382.537,0.38017344,1.2711955,0.18373232,0.084296405,0.066689365,0.16350587
0.68120766,1777.5878,0.84467226,0.9862852,0.07152096,0.11379507,0.06003895,0.08642022
0.6740688,1989.4865,1.0943137,1.1747408,0.10350187,0.09528974,0.05842219,0.12724215
0.61097425,5689.753,2.115574,9.781255,0.066501975,0.086275935,0.09385127,0.03936962
0.69141424,2377.068,2.0301645,2.75805,0.061448503,0.10998162,0.060955133,0.18207097
0.7200351,2470.875,1.4826812,4.6489043,0.051806685,0.1268961,0.05882112,0.091906555
0.58112526,3619.366,2.2573097,1.7943579,0.17768219,0.13955857,0.067486644,0.06455579
0.63525325,4295.396,1.5731064,6.696006,0.09832009,0.19365826,0.10455031,0.31458673
0.52337444,4377.4023,2.3416653,1.7352324,0.11378452,0.3201438,0.065056734,0.077208005
0.53077835,4582.9927,1.8387638,1.7521296,0.15599196,0.2775094,0.06694771,0.10831289
0.618811,3263.7883,1.3939166,2.4671738,0.17027442,0.18717179,0.074927114,0.087848164
0.5760668,3068.8804,1.5798168,1.2704308,0.13898037,0.112325415,0.04799016,0.105596796
0.5762913,3200.5828,1.6667389,1.4626324,0.13047388,0.115527384,0.042736433,0.09371237
0.5320607,3874.0625,0.9976261,1.4025893,0.12807816,0.059557818,0.12229661,0.12985823
0.6852171,3133.8037,0.897366,6.9282923,0.17042303,0.15409338,0.032691933,0.07509628
0.71668524,2269.862,2.730734,4.3034525,0.105905734,0.086873546,0.1273617,0.102033556
0.71869504,1761.1624,3.4543607,1.5536098,0.092794985,0.104113534,0.09321658,0.10216817
0.617303,2945.3884,0.6823527,1.8151278,0.07438278,0.20035465,0.056989312,0.06208876
0.62805444,3118.3972,0.35896847,2.6223552,0.06795928,0.18276834,0.06482267,0.08172941
0.64866006,3331.9573,0.34694147,3.9671812,0.04541493,0.1793362,0.058244754,0.059755236
0.6155571,3331.397,0.8795672,2.5581195,0.070961185,0.06272703,0.07942279,0.05146257
0.61114466,3272.4067,0.8492738,2.3456326,0.066611834,0.06635647,0.08426556,0.053286366
0.6401155,3278.6738,1.8427573,3.9671173,0.048602965,0.04927013,0.21846002,0.15392375
0.6405101,3560.8284,1.957116,4.3766503,0.049019575,0.062107697,0.34488449,0.044067495
0.6370133,3905.2886,2.3652096,5.484587,0.062264662,0.091128975,0.160812,0.048745587
0.62151086,3333.15,1.2667798,2.92675,0.098558515,0.052493356,0.25575218,0.22133136
0.6596566,2897.9758,2.0034654,3.2861753,0.05676801,0.042652212,0.6964476,0.08931303
0.66251165,2871.9033,2.2391756,3.1849756,0.070316695,0.06591332,0.23522738,0.05600921
0.57780075,1605.9019,0.85543436,0.33789423,0.16830122,0.10655771,0.19651368,0.11554647
0.5815691,2098.3748,1.3025283,0.5468235,0.19586106,0.067066155,0.07718123,0.1719101
0.6127354,2505.8416,0.68869185,1.3130023,0.0843854,0.03603212,0.11476293,0.22843692
0.6344351,3011.6155,1.7965695,2.5767503,0.091675386,0.07209844,0.073815055,0.09805016
0.6328991,3210.034,1.6280662,3.0694132,0.10957452,0.07091675,0.0736044,0.14714083
0.56454,4555.186,2.353236,3.242991,0.06507464,0.067331135,0.13597322,0.14697587
0.651762,2976.5513,2.8513649,3.1356146,0.10142079,0.110762686,0.0720438,0.09878038
0.70435023,2397.5151,1.3588748,3.805635,0.060692526,0.1132173,0.07106072,0.068276815
0.5863385,1715.0533,1.7782209,0.32859597,0.070875816,0.0931452,0.08984506,0.09022173
0.5879267,1812.0659,1.6561763,0.37325555,0.06530751,0.08186647,0.108618505,0.08781778
0.6020765,3421.9421,1.3947309,2.1762557,0.09183961,0.08659876,0.08257608,0.23001742
0.5700213,4182.711,3.0325973,2.7874022,0.13909125,0.062643215,0.0974945,0.08329883
0.66386694,3497.7808,1.8508393,6.7249913,0.24943592,0.07328658,0.1553191,0.06857203
0.6332478,4440.152,1.577386,6.4357705,0.15693803,0.085134074,0.07605451,0.04519518
0.6092682,3700.917,1.3501415,3.1373658,0.1035369,0.08701434,0.08637366,0.032818783
0.5940944,4353.807,1.2317625,3.7733114,0.09230633,0.0727317,0.13310689,0.04187161
0.60269886,3874.2737,1.2623258,3.1839166,0.14480186,0.04657752,0.20474696,0.059786573
0.63196033,3677.9937,1.0026729,4.395375,0.08651836,0.10924329,0.21004018,0.09716499
0.7115422,1808.4242,1.7377579,1.6445221,0.060703624,0.19141252,0.11722791,0.04781644
0.67468894,2521.7607,3.082327,2.8968496,0.096882544,0.067740925,0.22483152,0.11592356
0.67980176,2676.7754,1.3978069,4.021198,0.070083596,0.04532788,0.31348604,0.13298744
0.65269077,3006.2537,0.5009572,3.316587,0.06541585,0.05250427,0.17225611,0.29824126
0.6380243,3344.7876,0.81510645,3.6510415,0.03857093,0.08091143,0.19619834,0.32510376
0.64632773,3960.082,0.49723378,5.6833167,0.039590396,0.09057276,0.16569412,0.33961868
0.6198974,3896.1968,0.38772765,4.920968,0.042302623,0.08463387,0.12389572,0.38643062
0.65780133,4223.7734,0.26841387,8.096015,0.09545284,0.3539175,0.15878727,0.042944826
0.67202145,3187.9084,0.30361664,6.3442035,0.07127045,0.12819988,0.17228758,0.099168465
0.6370407,3744.6448,4.066534,4.385367,0.07726474,0.06409479,0.039286707,0.097203754
0.6154617,5458.416,0.6429286,10.541413,0.06385153,0.057350583,0.1793583,0.19471765
0.6471926,4574.4507,2.4263275,10.84308,0.06454153,0.054473076,0.06260769,0.08425117
0.6526152,4637.6343,2.8059735,11.755888,0.07619991,0.07107847,0.069160014,0.03675129
0.69242644,3570.2625,2.6909845,11.555422,0.03869127,0.09078242,0.052709173,0.09438591
0.65748787,4513.1143,1.2309774,10.889664,0.11528816,0.073604606,0.065203585,0.03076142
0.65739495,4301.4185,1.4212613,10.28641,0.108385116,0.0678476,0.05606868,0.03348484
0.659653,4430.0396,1.3427515,10.438921,0.115263425,0.06741111,0.05599929,0.030153498
0.6552299,4487.271,1.5082545,10.638901,0.10617251,0.068768494,0.056981064,0.034289494
0.65105784,4683.4746,1.3033394,11.100925,0.10357699,0.07356564,0.059880424,0.039759066
0.65546876,4464.235,1.5328351,10.379266,0.080683134,0.13962136,0.058701504,0.040367167
0.66693693,3766.2407,1.4643703,8.294651,0.08606338,0.12722892,0.03137331,0.03912829
0.6633261,3941.784,1.4884751,8.20414,0.08884066,0.12292165,0.03021616,0.04027608
0.6633261,3941.784,1.4884751,8.20414,0.08884066,0.12292165,0.03021616,0.04027608
0.6633261,3941.784,1.4884751,8.20414,0.08884066,0.12292165,0.03021616,0.04027608
0.6623144,3981.7998,1.5261383,8.069772,0.08873283,0.12102346,0.031574734,0.04135798
0.6677632,3776.7178,1.5871142,7.979697,0.088287905,0.10733594,0.031377792,0.039812982
0.6677632,3776.7178,1.5871142,7.979697,0.088287905,0.10733594,0.031377792,0.039812982
0.66477644,3795.5146,1.5120356,7.8478365,0.087810725,0.11095026,0.033073504,0.03912575
0.66477644,3795.5146,1.5120356,7.8478365,0.087810725,0.11095026,0.033073504,0.03912575
0.6661442,3780.6877,1.480733,7.804469,0.089763016,0.10910669,0.031558115,0.03789437
0.6661442,3780.6877,1.480733,7.804469,0.089763016,0.10910669,0.031558115,0.03789437
0.6661442,3780.6877,1.480733,7.804469,0.089763016,0.10910669,0.031558115,0.03789437
0.6637424,3670.5164,1.3882772,7.35786,0.10929039,0.10971179,0.04035665,0.03661494
0.66936636,2384.0283,1.4015881,1.8025777,0.17804897,0.20105755,0.07463872,0.039555375
0.6225891,3075.3777,2.02647,2.182501,0.18436724,0.18361443,0.16949241,0.070631064
0.6072438,5498.652,1.0925016,8.12376,0.16263306,0.08964771,0.16450417,0.058301605
0.57986706,6586.9507,1.4231353,8.568078,0.21602093,0.05019628,0.065424725,0.06547811
0.66298836,3766.044,1.1221961,8.751617,0.12004589,0.04040601,0.08088926,0.15727231
0.6886283,3281.7566,1.0439073,8.887225,0.095597416,0.06709448,0.064639166,0.15290104
0.6643684,3418.4895,0.98405933,5.8253236,0.0925642,0.058276437,0.06820817,0.169544
0.61351204,3242.1013,3.3661702,2.1864595,0.05575341,0.12346626,0.048556637,0.09227927
0.6585505,3945.7278,1.1628748,7.578957,0.03172795,0.08999807,0.10171336,0.10198666
0.63604325,1966.2894,3.085435,0.79988694,0.2175306,0.06388153,0.06298255,0.10120077
0.62888163,2480.1956,1.8105911,1.4054718,0.23623492,0.06327522,0.047543798,0.10222365
0.62806493,3587.1487,1.993588,3.9778733,0.05392899,0.1693815,0.09359822,0.052076392
0.5605363,4252.4297,2.0933015,2.6524045,0.05199383,0.14467941,0.11154069,0.08348365
0.6606806,4036.2012,1.6869301,10.719639,0.19025846,0.0506391,0.08570443,0.19794266
0.75568753,2314.3904,1.9576166,9.76771,0.09752726,0.049431596,0.03661861,0.046475865
0.74614465,2300.0562,3.3330514,8.881834,0.098019235,0.061093558,0.05099305,0.060621087
0.5964759,6695.293,0.8309659,11.432793,0.052905,0.17289622,0.064642094,0.05783579
0.70743483,3386.8994,2.5329695,11.396711,0.071985096,0.12351122,0.036011674,0.115595296
0.71583724,2908.3694,2.6726081,10.880132,0.09144744,0.10205438,0.062164243,0.13478577
0.6784127,3532.341,0.22580314,9.588796,0.07038749,0.061502017,0.08858681,0.11799665
0.61244524,5368.9175,3.3683658,7.862332,0.06685145,0.06254007,0.071262,0.04417837
0.6693794,3716.848,1.399542,9.012467,0.08647375,0.074973285,0.13815533,0.050609987
0.6895764,3294.592,0.42106524,7.6691513,0.19629999,0.06955019,0.11963001,0.02907236
0.68975985,3201.3445,0.6846777,7.3388643,0.11261389,0.078579314,0.08162902,0.035680562
0.62654024,3736.9014,0.4123074,3.934111,0.086629674,0.10970721,0.059844416,0.061372925
0.62296534,3833.1536,0.2255958,3.9816961,0.09203132,0.10299574,0.052786946,0.051725376
0.61735225,3762.274,0.20556386,3.2894318,0.079076126,0.11977604,0.058050387,0.05276353
0.56833464,4342.5737,0.125847,2.7285037,0.058393918,0.06333485,0.056168895,0.12219032
0.68893677,3655.0095,0.96693635,11.155038,0.06763654,0.05301772,0.06319207,0.030863954
0.6954557,3430.9758,1.0082777,11.290031,0.074992456,0.060496524,0.058670398,0.027925903
0.686376,3671.5286,1.0766044,11.278118,0.073230565,0.058204845,0.056688145,0.028394131
0.683474,3700.8442,1.0755914,11.253761,0.07163966,0.056509875,0.05629253,0.027783407
0.683474,3700.8442,1.0755914,11.253761,0.07163966,0.056509875,0.05629253,0.027783407
0.683474,3700.8442,1.0755914,11.253761,0.07163966,0.056509875,0.05629253,0.027783407
0.683474,3700.8442,1.0755914,11.253761,0.07163966,0.056509875,0.05629253,0.027783407
0.6864837,3612.6396,1.1179403,11.262493,0.071094744,0.05673941,0.05576077,0.027932895
0.6864837,3612.6396,1.1179403,11.262493,0.071094744,0.05673941,0.05576077,0.027932895
0.6864837,3612.6396,1.1179403,11.262493,0.071094744,0.05673941,0.05576077,0.027932895
0.6893842,3604.3801,1.11105,11.220648,0.07197477,0.05922749,0.056878194,0.027913582
0.6893842,3604.3801,1.11105,11.220648,0.07197477,0.05922749,0.056878194,0.027913582
0.6883369,3659.5872,1.1083294,11.18603,0.07165764,0.05966623,0.055943657,0.027735973
0.6883369,3659.5872,1.1083294,11.18603,0.07165764,0.05966623,0.055943657,0.027735973
0.6883369,3659.5872,1.1083294,11.18603,0.07165764,0.05966623,0.055943657,0.027735973
0.6883369,3659.5872,1.1083294,11.18603,0.07165764,0.05966623,0.055943657,0.027735973
0.68748724,3691.308,1.095668,11.210767,0.0712564,0.058827512,0.056504082,0.02696643
0.6862967,3717.6826,1.173267,11.236118,0.06873879,0.05877501,0.05556382,0.026994277
0.684806,3730.1213,1.174264,11.251921,0.068181016,0.05737245,0.055994485,0.025849989
0.6833542,3723.418,1.1074169,11.272135,0.066708475,0.057940986,0.05623836,0.027149072
0.68281204,3818.4421,1.1444062,11.11771,0.06755264,0.051731765,0.053073876,0.02976166
0.6818025,3827.608,1.1453916,11.304635,0.06458595,0.054196462,0.054547504,0.028115895
0.68199277,3794.5935,1.110752,11.291841,0.06519053,0.05475536,0.05294976,0.027872996
0.67841214,3882.5676,1.1126608,11.312646,0.064760536,0.057067234,0.053889222,0.027248073
0.67841214,3882.5676,1.1126608,11.312646,0.064760536,0.057067234,0.053889222,0.027248073
0.67841214,3882.5676,1.1126608,11.312646,0.064760536,0.057067234,0.053889222,0.027248073
0.67841214,3882.5676,1.1126608,11.312646,0.064760536,0.057067234,0.053889222,0.027248073
0.67841214,3882.5676,1.1126608,11.312646,0.064760536,0.057067234,0.053889222,0.027248073
0.67907196,3809.3992,1.0556716,11.282623,0.06705217,0.05514765,0.05620545,0.027398549
0.67809665,3883.4224,1.0739605,11.258576,0.06754208,0.054438554,0.05511625,0.026922688
0.67809665,3883.4224,1.0739605,11.258576,0.06754208,0.054438554,0.05511625,0.026922688
0.67809665,3883.4224,1.0739605,11.258576,0.06754208,0.054438554,0.05511625,0.026922688
0.67809665,3883.4224,1.0739605,11.258576,0.06754208,0.054438554,0.05511625,0.026922688
0.6783553,3846.9392,0.94638735,11.262832,0.06673764,0.054339092,0.055643864,0.028032497
0.6808758,3783.0305,0.9725762,11.219904,0.06668987,0.05553553,0.056602806,0.027085466
0.6854519,3640.6572,0.9689105,11.177925,0.06816257,0.056119714,0.057100374,0.026344856
0.6838025,3715.5376,0.9725689,11.183743,0.06486167,0.058202233,0.058042057,0.025117649
0.6857848,3704.488,0.94889593,11.159675,0.06412108,0.058551773,0.058207214,0.025888136
0.6853201,3700.3367,0.9610196,11.125811,0.066397905,0.059525706,0.057682823,0.026169147
0.6853201,3700.3367,0.9610196,11.125811,0.066397905,0.059525706,0.057682823,0.026169147
0.6872267,3586.3264,0.9272752,11.139676,0.06796063,0.062237725,0.057614088,0.026479755
0.68568504,3682.6567,0.91621786,11.13842,0.068946026,0.061020028,0.058254156,0.026759798
0.68676966,3637.197,0.9082594,11.150986,0.06768169,0.061059292,0.059687234,0.026493432
0.68676966,3637.197,0.9082594,11.150986,0.06768169,0.061059292,0.059687234,0.026493432
0.68676966,3637.197,0.9082594,11.150986,0.06768169,0.061059292,0.059687234,0.026493432
0.68676966,3637.197,0.9082594,11.150986,0.06768169,0.061059292,0.059687234,0.026493432
0.68676966,3637.197,0.9082594,11.150986,0.06768169,0.061059292,0.059687234,0.026493432
0.68676966,3637.197,0.9082594,11.150986,0.06768169,0.061059292,0.059687234,0.026493432
0.68375677,3651.475,0.8927079,11.184564,0.06756347,0.05845124,0.058226563,0.027879402
0.68375677,3651.475,0.8927079,11.184564,0.06756347,0.05845124,0.058226563,0.027879402
0.68375677,3651.475,0.8927079,11.184564,0.06756347,0.05845124,0.058226563,0.027879402
0.6874549,3693.9265,0.8503069,11.215646,0.06760296,0.059400894,0.057121918,0.028298562
0.6863736,3645.9382,0.8395605,11.182702,0.06960178,0.058376506,0.0568299,0.028347615
0.6863736,3645.9382,0.8395605,11.182702,0.06960178,0.058376506,0.0568299,0.028347615
0.68567485,3677.7905,0.8310058,11.189967,0.07117794,0.05587177,0.05605922,0.02820335
0.6870937,3599.0261,0.90756804,11.170713,0.06975398,0.054619536,0.05788312,0.029192178
0.6870937,3599.0261,0.90756804,11.170713,0.06975398,0.054619536,0.05788312,0.029192178
0.6870937,3599.0261,0.90756804,11.170713,0.06975398,0.054619536,0.05788312,0.029192178
0.68705326,3658.6724,0.82612467,11.150089,0.06883732,0.055839863,0.0567111,0.030273464
0.69062924,3580.9175,0.8345914,11.207279,0.068356514,0.05638583,0.05853014,0.030525358
0.69062924,3580.9175,0.8345914,11.207279,0.068356514,0.05638583,0.05853014,0.030525358
0.69183886,3568.9082,0.8237929,11.278258,0.06843759,0.05697858,0.05722764,0.031268496
0.69183886,3568.9082,0.8237929,11.278258,0.06843759,0.05697858,0.05722764,0.031268496
0.69183886,3568.9082,0.8237929,11.278258,0.06843759,0.05697858,0.05722764,0.031268496
0.69183886,3568.9082,0.8237929,11.278258,0.06843759,0.05697858,0.05722764,0.031268496
0.69144946,3563.8457,0.8211155,11.301537,0.06842635,0.054272596,0.05381732,0.033652015
0.69144946,3563.8457,0.8211155,11.301537,0.06842635,0.054272596,0.05381732,0.033652015
0.6918026,3594.0913,0.74297357,11.282029,0.06946214,0.05399463,0.05571013,0.031660993
0.69275916,3506.995,0.6859294,11.309167,0.06808821,0.052885227,0.053593438,0.030413907
0.68815845,3629.3726,0.7205923,11.266044,0.06606699,0.04974987,0.056674458,0.025892766
0.6878086,3649.4568,0.77281135,11.282787,0.06569667,0.04942494,0.05591008,0.02616395
0.6900931,3568.843,0.7906868,11.194244,0.061986465,0.05123663,0.0554261,0.027410852
0.69112456,3519.455,0.8273068,11.153317,0.06387402,0.052121393,0.057483807,0.027399339
0.69112456,3519.455,0.8273068,11.153317,0.06387402,0.052121393,0.057483807,0.027399339
0.69330174,3463.0508,0.73303324,11.019879,0.06498259,0.050115548,0.060868043,0.028061718
0.6918295,3541.8357,0.7795926,11.055704,0.07151481,0.053074636,0.05796583,0.02752125
0.6918295,3541.8357,0.7795926,11.055704,0.07151481,0.053074636,0.05796583,0.02752125
0.6977137,3318.5947,0.80657065,10.956206,0.06046287,0.05525414,0.05711644,0.027516691
0.6977137,3318.5947,0.80657065,10.956206,0.06046287,0.05525414,0.05711644,0.027516691
0.6977137,3318.5947,0.80657065,10.956206,0.06046287,0.05525414,0.05711644,0.027516691
0.6945915,3440.0002,0.74803096,10.920005,0.06122723,0.053358067,0.05788678,0.02838773
0.6945915,3440.0002,0.74803096,10.920005,0.06122723,0.053358067,0.05788678,0.02838773
0.6888012,3493.9934,0.76376516,10.87628,0.060535163,0.054101117,0.05717987,0.027513726
0.6954188,3324.8938,0.7726779,10.825122,0.058854,0.05191578,0.058831062,0.027669178
0.6954188,3324.8938,0.7726779,10.825122,0.058854,0.05191578,0.058831062,0.027669178
0.69803745,3474.017,0.7186787,10.776995,0.058431286,0.05091545,0.058712114,0.026653737
0.69803745,3474.017,0.7186787,10.776995,0.058431286,0.05091545,0.058712114,0.026653737
0.69803745,3474.017,0.7186787,10.776995,0.058431286,0.05091545,0.058712114,0.026653737
0.6950387,3382.7495,0.7097059,10.822626,0.060276106,0.051570125,0.059432313,0.025303045
0.69840825,3388.4648,0.732493,10.76243,0.060893778,0.050733432,0.057408836,0.02469337
0.69579524,3402.8196,0.77134514,10.773452,0.061913442,0.0512379,0.058632474,0.02509069
0.69579524,3402.8196,0.77134514,10.773452,0.061913442,0.0512379,0.058632474,0.02509069
0.6962347,3434.927,0.80023783,10.742527,0.060933206,0.05200991,0.05662293,0.02470828
0.6962347,3434.927,0.80023783,10.742527,0.060933206,0.05200991,0.05662293,0.02470828
0.6962347,3434.927,0.80023783,10.742527,0.060933206,0.05200991,0.05662293,0.02470828
0.6962347,3434.927,0.80023783,10.742527,0.060933206,0.05200991,0.05662293,0.02470828
0.6962347,3434.927,0.80023783,10.742527,0.060933206,0.05200991,0.05662293,0.02470828
0.6943244,3433.6213,0.7801694,10.692995,0.05983403,0.050538328,0.056585196,0.023399811
0.6943244,3433.6213,0.7801694,10.692995,0.05983403,0.050538328,0.056585196,0.023399811
0.6956622,3377.6797,0.750299,10.78311,0.0628794,0.05150193,0.056937147,0.024164945
0.6956622,3377.6797,0.750299,10.78311,0.0628794,0.05150193,0.056937147,0.024164945
0.6956622,3377.6797,0.750299,10.78311,0.0628794,0.05150193,0.056937147,0.024164945
0.69200975,3448.9634,0.77729654,10.775944,0.06380037,0.048718367,0.05947092,0.023919659
0.69200975,3448.9634,0.77729654,10.775944,0.06380037,0.048718367,0.05947092,0.023919659
0.6898611,3466.2615,0.79506147,10.768568,0.06440904,0.048856795,0.06259262,0.023582343
0.6898611,3466.2615,0.79506147,10.768568,0.06440904,0.048856795,0.06259262,0.023582343
0.6898611,3466.2615,0.79506147,10.768568,0.06440904,0.048856795,0.06259262,0.023582343
0.6898611,3466.2615,0.79506147,10.768568,0.06440904,0.048856795,0.06259262,0.023582343
0.6898611,3466.2615,0.79506147,10.768568,0.06440904,0.048856795,0.06259262,0.023582343
0.6898611,3466.2615,0.79506147,10.768568,0.06440904,0.048856795,0.06259262,0.023582343
0.69350845,3498.5613,0.8386081,10.76338,0.065853745,0.04900471,0.060744975,0.02276932
0.6805968,3701.974,0.92002547,10.578378,0.066916995,0.04380316,0.05842404,0.022241779
0.68168855,3746.0808,0.9314813,10.639081,0.06717973,0.0430861,0.060936242,0.021840475
0.68168855,3746.0808,0.9314813,10.639081,0.06717973,0.0430861,0.060936242,0.021840475
0.68168855,3746.0808,0.9314813,10.639081,0.06717973,0.0430861,0.060936242,0.021840475
0.68168855,3746.0808,0.9314813,10.639081,0.06717973,0.0430861,0.060936242,0.021840475
0.6809181,3765.5708,0.8979125,10.665192,0.06945764,0.04500458,0.060417034,0.02163697
0.685687,3690.2332,0.9134377,10.660972,0.06952514,0.045590363,0.05872785,0.021879038
0.685687,3690.2332,0.9134377,10.660972,0.06952514,0.045590363,0.05872785,0.021879038
0.685687,3690.2332,0.9134377,10.660972,0.06952514,0.045590363,0.05872785,0.021879038
0.685687,3690.2332,0.9134377,10.660972,0.06952514,0.045590363,0.05872785,0.021879038
0.6805732,3688.5796,0.96754694,10.737856,0.07211864,0.044775568,0.06101504,0.022295658
0.6805732,3688.5796,0.96754694,10.737856,0.07211864,0.044775568,0.06101504,0.022295658
0.6841933,3764.9294,0.94618803,10.742627,0.0674725,0.045861743,0.06037431,0.023067964
0.6841933,3764.9294,0.94618803,10.742627,0.0674725,0.045861743,0.06037431,0.023067964
0.6841933,3764.9294,0.94618803,10.742627,0.0674725,0.045861743,0.06037431,0.023067964
0.6841933,3764.9294,0.94618803,10.742627,0.0674725,0.045861743,0.06037431,0.023067964
0.6841933,3764.9294,0.94618803,10.742627,0.0674725,0.045861743,0.06037431,0.023067964
0.6841933,3764.9294,0.94618803,10.742627,0.0674725,0.045861743,0.06037431,0.023067964
0.6841933,3764.9294,0.94618803,10.742627,0.0674725,0.045861743,0.06037431,0.023067964
0.68070686,3723.1548,0.9415561,10.680041,0.068592645,0.043803837,0.059749868,0.022449583
0.6819445,3755.118,0.9045862,10.605965,0.06809938,0.044738464,0.059499614,0.023209965
0.68204606,3744.0884,0.91462934,10.617117,0.070760526,0.04455321,0.061817024,0.023283513
0.68194264,3693.9565,0.8815017,10.687485,0.06956513,0.044523336,0.061484013,0.023667775
0.676213,3855.9282,0.8932495,10.642004,0.07149537,0.043419264,0.05988164,0.02440549
0.6771529,3874.7253,0.9748691,10.625202,0.06927884,0.044701837,0.06116437,0.02369199
0.6771529,3874.7253,0.9748691,10.625202,0.06927884,0.044701837,0.06116437,0.02369199
0.6771529,3874.7253,0.9748691,10.625202,0.06927884,0.044701837,0.06116437,0.02369199
0.6771601,3804.4634,0.8880947,10.711565,0.06928771,0.04196652,0.06253608,0.024378315
0.6771601,3804.4634,0.8880947,10.711565,0.06928771,0.04196652,0.06253608,0.024378315
0.67547375,3885.0544,0.8155072,10.680976,0.07385979,0.042114824,0.061168034,0.024941232
0.67700416,3849.4285,0.7810464,10.689445,0.07381669,0.040905304,0.062405627,0.024292631
0.67700416,3849.4285,0.7810464,10.689445,0.07381669,0.040905304,0.062405627,0.024292631
0.67700416,3849.4285,0.7810464,10.689445,0.07381669,0.040905304,0.062405627,0.024292631
0.6739929,3876.9092,0.826299,10.684101,0.07219816,0.039908037,0.05829029,0.025177473
0.67742884,3885.8403,0.89358956,10.6617565,0.074652724,0.039636355,0.0604876,0.024610873
0.67742884,3885.8403,0.89358956,10.6617565,0.074652724,0.039636355,0.0604876,0.024610873
0.67742884,3885.8403,0.89358956,10.6617565,0.074652724,0.039636355,0.0604876,0.024610873
0.67742884,3885.8403,0.89358956,10.6617565,0.074652724,0.039636355,0.0604876,0.024610873
0.67742884,3885.8403,0.89358956,10.6617565,0.074652724,0.039636355,0.0604876,0.024610873
0.67742884,3885.8403,0.89358956,10.6617565,0.074652724,0.039636355,0.0604876,0.024610873
0.67742884,3885.8403,0.89358956,10.6617565,0.074652724,0.039636355,0.0604876,0.024610873
0.6771063,3821.9863,0.9418928,10.622857,0.07210759,0.04120839,0.06180976,0.025246697
0.6771063,3821.9863,0.9418928,10.622857,0.07210759,0.04120839,0.06180976,0.025246697
0.6771063,3821.9863,0.9418928,10.622857,0.07210759,0.04120839,0.06180976,0.025246697
0.6771063,3821.9863,0.9418928,10.622857,0.07210759,0.04120839,0.06180976,0.025246697
0.6771063,3821.9863,0.9418928,10.622857,0.07210759,0.04120839,0.06180976,0.025246697
0.6803319,3748.8066,0.8637914,10.965559,0.07485887,0.04164705,0.06562468,0.027196098
0.70818824,3145.8987,0.9773017,11.087239,0.06688766,0.036869824,0.06424538,0.03140631
0.7100915,3080.388,0.94912755,11.055044,0.06923088,0.035539195,0.06254496,0.031923816
0.7100915,3080.388,0.94912755,11.055044,0.06923088,0.035539195,0.06254496,0.031923816
0.7127649,3031.2708,0.9565285,11.055715,0.069676094,0.037023775,0.061747838,0.0327719
0.7125536,3034.1008,0.9777196,11.032619,0.06908019,0.036473446,0.06316195,0.03353782
0.7143018,3035.412,1.0222512,11.063073,0.07105504,0.03590183,0.06295719,0.033389702
0.7151902,3003.8337,1.044628,11.058324,0.06849098,0.035998754,0.06236129,0.033219166
0.71655035,2943.527,0.9751541,11.042624,0.071635626,0.037981644,0.06789731,0.032666042
0.7173619,2876.6782,1.0325103,10.978229,0.07147923,0.037351154,0.06700801,0.032899007
0.7211795,2950.442,0.9429033,10.936205,0.07068088,0.03675977,0.06893925,0.033974577
0.7186105,2872.3787,0.9155613,10.869535,0.06846435,0.03554828,0.07048567,0.033576265
0.71874017,2986.31,0.878497,10.886557,0.071763426,0.036759324,0.07037717,0.033462152
0.7166337,3000.9006,0.82677376,10.81142,0.07248361,0.036395248,0.07022401,0.034220755
0.6244782,4137.264,2.3088365,4.8881016,0.059133813,0.0637044,0.04847926,0.07127142
0.64490795,3873.1528,2.7066882,5.410629,0.06253964,0.059425995,0.03982275,0.062031396
0.65474254,4328.7197,3.0460706,8.890606,0.102850735,0.07642729,0.06457795,0.038010344
0.653631,3529.6968,0.6872248,5.325798,0.05067148,0.10157387,0.07919233,0.094163366
0.6321741,3523.8904,1.2085974,3.563871,0.09074894,0.094952255,0.123511136,0.057343476
0.66585225,3855.5635,1.1534038,8.761065,0.08848226,0.05428151,0.06705487,0.05393385
0.6765953,3895.4675,2.8730855,10.5043,0.0987391,0.09651892,0.046399616,0.039184965
0.6600495,4228.34,3.610792,10.586974,0.11271099,0.11948104,0.046599247,0.041451246
0.56673664,5537.9487,0.6796198,4.506681,0.116645806,0.06824456,0.12129546,0.08120155
0.62828314,4463.266,0.8632144,6.425667,0.13769719,0.070706256,0.11635538,0.09696964
0.6169364,5391.5205,0.44553646,9.871324,0.09611578,0.04833729,0.13145792,0.22002728
0.6891665,2460.2288,0.8852576,2.937913,0.05622041,0.13300614,0.12525137,0.060527284
0.60790277,5443.0713,2.7497723,7.6828055,0.11250214,0.11896851,0.040176846,0.092940606
0.7095375,2910.7468,1.1757717,8.938847,0.12849331,0.051960133,0.097522445,0.0345134
0.5522348,3498.5322,3.1467812,1.4727967,0.14549884,0.046773635,0.20522183,0.10382819
0.6747115,3983.7175,0.54469633,10.959814,0.101637244,0.2396104,0.06601808,0.087182276
0.671455,4242.294,1.5570306,11.586748,0.1277866,0.18955448,0.0577478,0.064838156
0.69095284,3726.2024,4.043409,11.260053,0.035905607,0.13690695,0.1808286,0.097947076
0.6715695,4039.759,2.7951913,10.97085,0.04690343,0.055389676,0.10649473,0.07857928
0.68566704,3646.3635,1.8007643,9.282074,0.04602264,0.085491635,0.080453396,0.0638862
0.6083498,4394.942,2.0920906,5.327759,0.23174977,0.08667475,0.0663262,0.08099436
0.58183336,3246.9143,1.703873,1.655743,0.13811535,0.06899583,0.074661985,0.068456784
0.6078059,4700.968,2.058133,5.339209,0.20561539,0.5033303,0.048716903,0.059784707
0.5446725,2894.933,4.0452127,0.7722069,0.099675514,0.30086622,0.074920736,0.05311442
0.5417901,2837.2722,3.995763,0.7203268,0.10166657,0.30222043,0.07252274,0.052099068
0.7203018,2567.3176,0.49209362,6.642313,0.067110434,0.034407675,0.053777546,0.08326386
0.71365607,2580.6135,0.5780805,6.6818633,0.06519981,0.03295839,0.044403695,0.07787913
0.7171404,2580.682,0.55188453,6.7762413,0.06917333,0.040444266,0.039137702,0.088192075
0.7245724,2506.447,0.5332372,6.751751,0.073353514,0.03734007,0.04174491,0.07894246
0.6211032,4182.342,3.7949228,4.8296776,0.09288489,0.18406242,0.17584994,0.054733157
0.657635,2411.6633,0.90707034,2.1329646,0.046048135,0.11185608,0.07712538,0.109690964
0.69222534,3292.4397,0.905076,7.6643567,0.040748872,0.115039974,0.058380056,0.2052322
0.6817615,3179.544,0.65365505,6.336883,0.032872427,0.09800251,0.050282367,0.5404586
0.65210414,3875.5593,0.5863536,6.8453827,0.04025408,0.10500636,0.05667466,0.39123324
0.6370946,4003.703,0.5636245,5.8641024,0.044777796,0.08265904,0.05244069,0.35266954
0.640748,4449.2583,0.8353599,6.997175,0.07367229,0.12532671,0.055091947,0.25076613
0.6469191,4570.485,0.883908,10.2273655,0.060757473,0.054514796,0.1305316,0.07840929
0.6522827,4736.5303,2.36933,11.685246,0.07304148,0.04668939,0.074208714,0.054988224
0.6505718,4777.4575,2.988289,11.732271,0.059620984,0.12901126,0.07296206,0.06566363
0.6695311,3781.1287,0.82107115,8.904184,0.18364373,0.060393155,0.111753404,0.04586778
0.6244654,4050.0347,1.378358,4.9791574,0.24458194,0.053212732,0.079883784,0.037299916
0.6088918,4260.403,2.004208,4.0358906,0.3300223,0.066323906,0.09059645,0.041650306
0.6971256,2540.4734,1.26749,3.7329102,0.17345256,0.059938904,0.045552216,0.17768991
0.71288145,1740.8324,1.5806262,1.7187333,0.06215685,0.07462169,0.16883823,0.037822485
0.7163015,1752.3274,1.5162898,1.6169388,0.08212642,0.086787984,0.11938517,0.032204244
0.5765442,2646.3074,1.7372286,1.0179826,0.06643626,0.10312542,0.054912224,0.13940491
0.57441336,2673.4866,1.7810571,0.96635103,0.060857855,0.10486241,0.05182262,0.13862976
0.5590903,2601.721,1.7001266,0.71213543,0.0652508,0.108384624,0.053019643,0.16687635
0.5547483,2660.013,2.1969082,0.8635974,0.061919864,0.11206517,0.044366203,0.13225353
0.558068,2711.593,2.0798738,0.885218,0.05826624,0.10731184,0.048718937,0.12765278
0.55470955,2649.774,2.1608982,0.7980026,0.058183502,0.10944776,0.048482034,0.12523106
0.5516613,2645.761,1.8914565,0.7502358,0.059163414,0.10207531,0.043679483,0.13912368
0.5493101,2661.4187,1.7954069,0.7621123,0.058290154,0.10369633,0.04348838,0.1461122
0.5493101,2661.4187,1.7954069,0.7621123,0.058290154,0.10369633,0.04348838,0.1461122
0.551518,2581.7852,1.8149264,0.68521214,0.057148643,0.10457265,0.04437709,0.14350146
0.551518,2581.7852,1.8149264,0.68521214,0.057148643,0.10457265,0.04437709,0.14350146
0.551518,2581.7852,1.8149264,0.68521214,0.057148643,0.10457265,0.04437709,0.14350146
0.551518,2581.7852,1.8149264,0.68521214,0.057148643,0.10457265,0.04437709,0.14350146
0.551518,2581.7852,1.8149264,0.68521214,0.057148643,0.10457265,0.04437709,0.14350146
0.551518,2581.7852,1.8149264,0.68521214,0.057148643,0.10457265,0.04437709,0.14350146
0.5653603,2549.523,1.7341982,0.79184526,0.05347675,0.100038245,0.041474074,0.14022823
0.5653603,2549.523,1.7341982,0.79184526,0.05347675,0.100038245,0.041474074,0.14022823
0.5653603,2549.523,1.7341982,0.79184526,0.05347675,0.100038245,0.041474074,0.14022823
0.5653603,2549.523,1.7341982,0.79184526,0.05347675,0.100038245,0.041474074,0.14022823
0.5653603,2549.523,1.7341982,0.79184526,0.05347675,0.100038245,0.041474074,0.14022823
0.5693298,2553.4294,1.7050701,0.7829025,0.055713464,0.102409855,0.04265651,0.1373766
0.5701206,2538.4514,1.6576309,0.76477534,0.054104473,0.1023275,0.042805806,0.14204927
0.5495405,2463.4216,1.6662834,0.6603706,0.06497839,0.116229646,0.04865732,0.14153403
0.54934233,2471.5813,1.6911325,0.5821901,0.06432199,0.114821315,0.048995364,0.14926082
0.52336144,1522.899,0.75151634,0.1963301,0.09047294,0.15654433,0.11135135,0.102738366
0.5080887,1441.761,0.7094599,0.12459222,0.11270903,0.19665092,0.089365594,0.09343065
0.5128936,1386.987,2.4074717,0.13900964,0.057020668,0.05422205,0.10526497,0.038163133
0.5261715,1825.2687,1.8756156,0.2929046,0.103306144,0.07542581,0.09842674,0.06285979
0.62467146,4972.4375,2.9961054,9.05616,0.04511089,0.086777456,0.0551034,0.043418095
0.6823549,3641.9773,0.5756317,10.234766,0.08517368,0.07356627,0.058919102,0.09118998
0.63579625,5029.2666,1.3254724,10.748804,0.075467184,0.06314507,0.06729222,0.07075592
0.6895739,3620.0452,2.4460597,11.016611,0.04593069,0.31893718,0.046208274,0.14998053
0.6234304,4602.29,1.4580817,6.2397156,0.061666477,0.40097165,0.053963654,0.030776048
0.6234304,4602.29,1.4580817,6.2397156,0.061666477,0.40097165,0.053963654,0.030776048
0.6234304,4602.29,1.4580817,6.2397156,0.061666477,0.40097165,0.053963654,0.030776048
0.6234304,4602.29,1.4580817,6.2397156,0.061666477,0.40097165,0.053963654,0.030776048
0.6234304,4602.29,1.4580817,6.2397156,0.061666477,0.40097165,0.053963654,0.030776048
0.61860216,4572.4653,1.2005552,5.669531,0.06254493,0.3180189,0.056139495,0.03745544
0.66496783,3744.0767,1.9582338,7.2344756,0.06348229,0.11935306,0.07877045,0.058038652
0.6298907,4636.554,1.3556191,8.031294,0.062725544,0.151173,0.105132386,0.08241036
0.65796447,4200.2964,1.2259396,9.081658,0.08471085,0.18166272,0.105840914,0.091696024
0.56092983,4695.99,2.72428,3.2946029,0.12318314,0.06023901,0.101831265,0.085161075
0.5644737,4328.189,1.8246439,3.0476418,0.07060473,0.04985166,0.12017341,0.20511942
0.6582329,3347.4346,2.5072963,4.59904,0.062882036,0.07424252,0.110149615,0.046712395
0.6533376,2951.361,2.4400563,2.9173036,0.035378307,0.116373695,0.10394631,0.06611555
0.6253391,4607.673,3.3085985,7.1027246,0.1175285,0.053055353,0.046977922,0.0906568
0.6145737,4948.7197,2.3275669,6.4757466,0.14325848,0.05477604,0.048863016,0.03434845
0.5960575,5304.079,2.7588046,6.774558,0.098053925,0.088199414,0.049467035,0.052427426
0.6639746,3858.5986,0.6991123,8.691147,0.08742558,0.22620334,0.11465379,0.07880785
0.68653375,3449.4443,1.7648196,9.472653,0.1436669,0.14187519,0.11854242,0.09724049
0.65868527,4455.2188,1.1254135,10.736822,0.09801996,0.099905625,0.0794745,0.10366422
0.689533,3114.09,0.5600594,7.388343,0.057989202,0.057234846,0.047285356,0.08681789
0.66273767,3034.7793,0.35050696,4.0971255,0.055731494,0.06371575,0.04392826,0.21082267
0.6253872,3198.9578,0.280477,2.740579,0.05571078,0.078512736,0.045595992,0.17161293
0.65849525,3388.8367,0.20980035,4.784399,0.051166862,0.07402317,0.06747477,0.0996151
0.700216,2837.0952,0.09450333,5.6302323,0.056208372,0.050228506,0.054893322,0.06590843
0.6821987,2991.768,0.074462496,4.7599964,0.050939187,0.06613243,0.043314207,0.08040156
0.67524815,3003.7354,0.07139461,4.5448236,0.05872712,0.07536664,0.046036422,0.08073336
0.58709353,4350.078,0.029237317,3.4055624,0.107444525,0.08146021,0.08124354,0.074122936
0.65962183,3163.9004,0.085313216,4.2097545,0.039214265,0.08876924,0.05977292,0.14227311
0.61769605,3580.9219,0.055693265,3.1236281,0.0569182,0.09000111,0.03741836,0.08221768
0.621206,3613.466,0.06353877,3.4542363,0.06579092,0.09362746,0.039213162,0.08304031
0.6828908,2626.1277,0.15702817,3.4878907,0.057912108,0.03985266,0.21736148,0.035879523
0.67643696,2640.8838,0.1563019,3.36947,0.057819176,0.039896086,0.21959445,0.035509773
0.6811509,2621.786,0.15255874,3.2858891,0.058325116,0.03998992,0.22436574,0.035058193
0.6855025,2692.51,0.14284265,3.7381496,0.058261406,0.04153787,0.2090808,0.035740886
0.67807347,2687.4612,0.1495242,3.9781375,0.062054515,0.043073088,0.20700848,0.038855467
0.61767876,3944.481,0.14401826,4.2721243,0.101011395,0.18368475,0.14809024,0.08207263
0.56174135,3434.7966,0.8184257,1.7583851,0.051040355,0.16206548,0.22107565,0.22156093
