x1_phys,x2_phys,x3_phys,x4_phys,sigma_0,sigma_1,sigma_2,sigma_3
0.6174737,5797.291,1.3194789,10.198205,0.13785394,0.08838327,0.07328275,0.04885801
0.6444861,3358.0112,2.2591147,3.531771,0.10070497,0.1148485,0.06967212,0.07684778
0.6505526,3373.213,2.059227,3.9935598,0.1001763,0.1209045,0.0678359,0.08013146
0.64964736,3844.975,2.1240711,6.0190754,0.13334067,0.06765871,0.11610338,0.097351834
0.667748,2137.5603,1.8640801,1.2513723,0.08141969,0.14276683,0.06706096,0.0875265
0.61374193,2454.2847,2.6065412,1.1236148,0.10274679,0.08755702,0.08951299,0.0662707
0.6351312,2023.228,1.6275085,0.82899565,0.10357943,0.09338537,0.096267834,0.06559022
0.6179502,3140.7778,2.6672504,1.9573576,0.0995462,0.11035049,0.08267065,0.085308954
0.6221141,2875.9648,2.037692,1.9473126,0.104128055,0.10975278,0.07774059,0.08617812
0.6179206,2553.4734,2.1948376,1.2456888,0.112302974,0.17308995,0.10165166,0.052216597
0.6158449,2541.6282,1.493854,1.2160819,0.1291442,0.06669991,0.061919983,0.08206504
0.61733663,2276.691,1.7746238,0.87499774,0.14458844,0.07174228,0.056423254,0.09165358
0.5916948,2812.8376,2.1827064,1.1650413,0.1691086,0.14508373,0.05960855,0.0873543
0.6007186,2787.997,1.5381696,1.2244437,0.17108603,0.12721905,0.05252504,0.08563094
0.69025564,1965.6661,2.193031,1.4009206,0.07137385,0.07033103,0.09601668,0.07737854
0.692541,1927.3682,2.0053668,1.3039939,0.07535181,0.06876859,0.094628066,0.079697736
0.6407013,4427.247,1.5445379,7.687203,0.13181975,0.11976773,0.061233766,0.050563637
0.65515816,4159.566,1.1299467,7.5358324,0.12522186,0.1357333,0.065868266,0.056490045
0.6498801,4327.9307,1.8303058,7.801928,0.11359259,0.12053416,0.08975402,0.076259166
0.6496992,4448.7373,0.70416385,9.137062,0.08954308,0.09298569,0.06670546,0.067688085
0.6726061,1493.0222,3.0232081,0.5165496,0.16794214,0.10928747,0.08399581,0.101514265
0.6830787,3251.859,1.8922288,6.4649134,0.119756855,0.070152104,0.086730875,0.07442156
0.62623066,4585.0693,0.92611456,6.5596137,0.10875242,0.16688564,0.08421332,0.070647955
0.6596964,4056.9766,2.6804302,7.1091537,0.14274576,0.09806683,0.08806597,0.08827452
0.6726399,3798.44,1.8352786,10.067776,0.13039847,0.1054497,0.108517736,0.0680484
0.70121026,3128.1467,0.76974493,7.9908614,0.12445263,0.10253128,0.10025792,0.06292536
0.7314823,2598.8079,0.11530175,7.9054947,0.11249614,0.07317689,0.10066056,0.06348355
0.6524678,4449.33,0.30249023,8.801584,0.15465516,0.11920468,0.058727108,0.068435945
0.65818757,4286.228,0.3436706,9.399162,0.15041748,0.10051669,0.06210022,0.07057304
0.63050634,4018.731,2.5421898,4.6109753,0.120205134,0.102767125,0.090399176,0.060205597
0.6455473,3550.8875,0.46782038,4.366991,0.0923422,0.096618444,0.07793619,0.060231414
0.6665442,2819.251,4.0213084,2.9488626,0.102941304,0.10908216,0.08130728,0.05744101
0.6456215,2876.4033,2.7135987,2.336114,0.09779787,0.11244189,0.06848875,0.06306059
0.6295463,4110.7324,3.274186,4.821539,0.10758048,0.077511944,0.06683648,0.059256557
0.62652034,4836.3584,1.9032617,7.486862,0.094621316,0.07227276,0.064808525,0.05196774
0.64127225,4507.2456,1.7262986,7.8127465,0.110298336,0.07495449,0.056949273,0.050255805
0.6718738,3772.032,1.8412726,8.061125,0.101311795,0.1265951,0.09797458,0.07541783
0.6297906,3951.7969,1.0253487,4.583599,0.07945682,0.108072944,0.06860241,0.08021106
0.7026364,2137.142,3.3906987,2.2734838,0.11230547,0.09785387,0.06583731,0.053040884
0.6878399,2180.7646,4.054546,1.8714759,0.10573904,0.08963835,0.06571036,0.051760204
0.6135688,2641.8083,0.24903704,1.3149765,0.09729425,0.10900284,0.088322476,0.09569691
0.6637989,2032.5549,0.14631318,1.0897053,0.12521386,0.07552565,0.06492318,0.08361219
0.68574274,2067.743,0.07613345,1.657807,0.10011135,0.07860515,0.0771521,0.097681984
0.64364725,2075.4697,0.041007422,0.91618204,0.0978197,0.09004737,0.06985464,0.08082802
0.6110833,2632.265,0.008130818,1.235923,0.115968235,0.08182612,0.07073271,0.07562702
0.6044763,2810.5054,0.061780836,1.3671209,0.12064634,0.14689136,0.097252175,0.058343668
0.70333695,1918.1714,0.9178083,1.5375863,0.10791979,0.07680413,0.062032297,0.092804186
0.6526147,2302.0562,0.3216385,1.3014747,0.19956861,0.12592174,0.06025609,0.07611991
0.6361681,2573.5493,0.31370434,1.36124,0.20173916,0.17011814,0.048387434,0.077601165
0.6241227,2677.8933,0.2729316,1.4289837,0.20130186,0.17163706,0.04736682,0.075984955
0.7644822,1540.7689,0.49565557,2.1643527,0.11530523,0.1442214,0.08658375,0.07321197
0.63615453,4227.378,3.095421,5.952029,0.113655105,0.07509918,0.06498779,0.060412034
0.67658424,2749.3357,0.36905536,3.1167397,0.07855758,0.15014431,0.068298645,0.07101847
0.693324,2162.5027,3.064783,2.0330713,0.12153248,0.12814374,0.07956537,0.052615486
0.7084217,2420.2632,1.2238516,3.3259416,0.1439246,0.11093108,0.095616534,0.09536135
0.7089691,2051.7188,1.8417814,2.1988559,0.09268211,0.1359033,0.06062351,0.051156387
0.7266869,1699.7427,1.5413693,1.5546141,0.12542334,0.0668724,0.07969299,0.08890864
0.7175033,1632.474,1.5015047,1.0958432,0.11526279,0.09249134,0.09713087,0.08373905
0.70649385,2260.496,0.9617759,2.836062,0.09025304,0.07168114,0.07844506,0.0836274
0.6459467,3392.2046,3.211847,3.778132,0.09753379,0.09512174,0.06357499,0.062609665
0.63115156,2880.7075,4.895199,2.0769358,0.08988403,0.10301261,0.07775555,0.06683311
0.6574448,2527.5322,4.2640047,1.808462,0.1062826,0.10943886,0.064010054,0.05817959
0.5970384,3202.5808,1.7332232,1.6685045,0.08255181,0.11360715,0.06764927,0.076031454
0.58502686,4964.61,1.7300739,4.017806,0.121685654,0.11960283,0.06990815,0.07746644
0.7268203,2130.2705,1.4150016,3.5872617,0.112625115,0.09830532,0.07401867,0.062253635
0.66314524,3661.6956,0.6688756,6.5978804,0.13541575,0.084492385,0.07845123,0.07908557
0.68433774,1978.5951,2.2085595,1.3128836,0.07165406,0.09851161,0.06952955,0.042781238
0.6735972,2239.3352,2.6343749,1.6831536,0.08798483,0.08753798,0.06567794,0.04254561
0.65695876,1736.728,3.8323846,0.61611944,0.106683925,0.086966366,0.069632865,0.058868427
0.6327725,3227.316,1.643693,2.6293585,0.13091205,0.11425263,0.06721493,0.056122176
0.66186595,3801.7837,1.1321317,6.3312993,0.13756222,0.1617952,0.055309694,0.06986242
0.638999,3844.2917,2.7552543,4.808236,0.10605327,0.11920695,0.06546782,0.060022403
0.63915217,4015.14,2.2419271,5.3133707,0.09578979,0.12857099,0.060418446,0.049724787
0.6536848,3948.3123,2.7139046,6.6226087,0.098775364,0.110978544,0.06406294,0.055287875
0.650244,4594.7603,0.7590759,9.498742,0.08890584,0.24283071,0.07020128,0.12878534
0.67938113,2969.3364,2.424733,4.4955707,0.091325104,0.06838083,0.077348515,0.054309227
0.6370122,3294.95,1.0176709,2.9849193,0.10805695,0.096775725,0.08035879,0.09627922
0.70742625,3033.9438,3.198958,8.530853,0.1038395,0.08772257,0.06807776,0.08163303
0.5992941,3608.0542,1.6086937,2.4295216,0.09600093,0.08146578,0.08909996,0.12234257
0.6527876,3186.5278,1.1129645,3.4196768,0.087802455,0.10136541,0.08661249,0.122060865
0.6426945,4093.74,2.9600153,6.0565066,0.14545876,0.08753687,0.075484335,0.052384034
0.59307265,3775.639,1.9651768,2.3691094,0.1340715,0.1265227,0.089163154,0.07091653
0.6744075,3630.9573,2.604101,7.6714277,0.18001318,0.11067373,0.06558477,0.08408682
0.6617976,1973.7058,1.4561262,0.951438,0.062138073,0.13435166,0.08243754,0.060920265
0.6758541,2192.8887,1.2922072,1.7311847,0.06846955,0.12596543,0.09919596,0.06285614
0.6310174,3139.2905,1.4243411,2.2367544,0.0661831,0.101443835,0.07316841,0.06438006
0.67797905,3304.0847,2.2234993,5.9176183,0.15410039,0.26487604,0.073290266,0.0772055
0.6075967,2051.7446,1.7513645,0.5831588,0.09206185,0.0683051,0.08874804,0.067989506
0.61812836,1544.6318,4.7345986,0.32561892,0.12987219,0.07420981,0.07425487,0.0618371
0.6526364,4497.7656,0.45802486,9.280415,0.0959891,0.107292034,0.08056641,0.10083125
0.5512752,4731.5024,0.37090647,2.3709311,0.12881026,0.12036364,0.06281703,0.13036421
0.6042127,4727.0454,0.109642036,4.8370824,0.14130332,0.10618949,0.09508025,0.10469915
0.68065405,2410.3328,4.206688,2.2806144,0.08955905,0.111575425,0.06454283,0.04742123
0.63656026,2605.485,1.2739718,1.6452589,0.10421237,0.12096458,0.10147707,0.07472675
0.6448986,1956.6831,2.279451,0.84236777,0.121481575,0.12387077,0.0972168,0.05874542
0.54858166,1952.0917,1.0484223,0.3316677,0.15629205,0.072377056,0.077466905,0.067108415
0.5838278,1772.6907,0.7437691,0.3577466,0.16145281,0.077446125,0.07362655,0.06006101
0.55870676,1749.046,0.72844356,0.29378587,0.15379114,0.09185926,0.07123187,0.05711162
0.52373856,2061.4802,0.26786792,0.34171963,0.15710753,0.11786501,0.13597521,0.06419505
0.51937276,2027.7609,0.30567193,0.31162056,0.16054964,0.1244491,0.14964642,0.06801387
0.5836161,1821.259,0.25217792,0.37648067,0.14650658,0.11292082,0.11158399,0.060092036
0.590729,2258.8403,4.8099227,0.7097475,0.07031713,0.08883285,0.065430075,0.15584949
0.58237547,2449.6968,4.4776206,0.7809047,0.066501535,0.08956559,0.06304079,0.15676008
0.5959544,5071.87,1.9292485,5.0527096,0.08897028,0.13653776,0.08778012,0.10189295
0.7109585,2844.2124,2.5548024,6.6194663,0.10511783,0.12595089,0.0988135,0.14753519
0.6231117,5635.7754,2.1307938,10.511117,0.08807159,0.0751079,0.07974719,0.13361809
0.61547965,5448.346,1.768297,8.093145,0.16641796,0.1122005,0.09658503,0.062618606
0.6925982,3199.8604,0.75603557,7.3243513,0.081433065,0.09903279,0.063321985,0.07732506
0.61701447,2350.6091,1.646896,0.978987,0.1437039,0.1037707,0.07748881,0.07158258
0.6149616,2355.5725,1.6674448,0.8858055,0.14250773,0.10153363,0.076135285,0.073345155
0.59034157,2297.2185,2.6897938,0.6768607,0.12355867,0.09253733,0.08698698,0.051273435
0.7380426,1944.4999,1.490215,2.7867107,0.0954406,0.10848967,0.10224242,0.10028919
0.7407208,2010.5973,0.5755064,3.0459151,0.07898796,0.11109222,0.12732957,0.12228853
0.58716214,2685.9207,0.0027192496,0.94774246,0.15183976,0.0885829,0.056781847,0.040930726
0.56967896,4302.664,0.0047744955,2.3068054,0.1816695,0.14899383,0.080396235,0.08596593
0.5644497,6760.11,0.1692985,6.288836,0.17770962,0.12181299,0.069239214,0.05775467
0.559786,7153.588,0.113325894,6.7249374,0.17248496,0.1344457,0.06804211,0.05768578
0.6728754,2314.2734,0.6961446,1.9229193,0.14228731,0.11428331,0.087487385,0.10978662
0.6176492,5680.2886,2.6133444,10.125066,0.13184811,0.09349433,0.07359873,0.12422585
0.656478,3686.7036,1.8316245,6.0292306,0.12329201,0.080523,0.09671405,0.077891424
0.6468165,3959.4023,1.9508497,5.9899273,0.10574741,0.08295127,0.12398718,0.094244696
0.66043365,4118.4194,2.2198963,8.892959,0.15131101,0.09145789,0.08356127,0.057004586
0.6966121,3002.6675,1.680368,6.2947574,0.1254761,0.106703795,0.09552981,0.06405555
0.6223506,5878.4966,1.8138665,11.361895,0.12383917,0.10601859,0.064927116,0.082442805
0.66574085,4215.3716,0.7958361,10.495483,0.13908036,0.12916742,0.07309951,0.051211007
0.6258693,5451.683,1.8255581,9.676749,0.11422068,0.07155603,0.06834769,0.054107696
0.6825421,3580.3103,1.6551678,9.1276865,0.090627365,0.1691912,0.08676997,0.096082866
0.59912556,3314.8726,2.5355563,1.8415804,0.11993424,0.08590151,0.075764544,0.07169673
0.5998133,3671.8408,1.3439804,2.605245,0.16967326,0.0832074,0.08201542,0.090128645
0.68611985,3604.0786,2.3301933,10.040549,0.14800864,0.15186101,0.07884459,0.10598624
0.6879881,3826.6848,1.9891112,10.685293,0.11892605,0.15178454,0.06787037,0.10093768
0.6246599,4779.5186,1.7992986,7.112733,0.09894988,0.08376595,0.082350984,0.049602404
0.6212981,4555.023,2.7816534,5.8487277,0.11557598,0.0716997,0.08539884,0.057165634
0.65839976,2984.8694,0.79976225,2.9622746,0.13111989,0.12513913,0.07088885,0.07403778
0.67383873,2788.0037,2.3421257,3.1478643,0.11260387,0.14470503,0.07268436,0.061195225
0.623228,2071.4978,1.1610721,0.76581645,0.08036553,0.1385685,0.10461601,0.100108586
0.63145,2929.7278,2.9525974,2.0236423,0.13677178,0.14544493,0.059721153,0.06539976
0.677596,2342.4712,4.313002,1.9786292,0.1094814,0.13782287,0.062307358,0.077146515
0.69811416,2482.0261,2.0713978,3.7388022,0.102003686,0.07057705,0.06551053,0.039697923
0.7045819,2604.7405,2.0741,4.7090464,0.11342626,0.066167355,0.07603769,0.038287915
0.6885656,2646.735,2.2076168,4.047026,0.11189796,0.061510272,0.097819604,0.04187954
0.6547332,2973.4487,1.9083624,3.0518732,0.11850347,0.08269076,0.11129731,0.041236036
0.68675846,2673.7844,1.3210331,3.1940913,0.09123713,0.15532154,0.04964755,0.124188505
0.7072391,1751.4252,2.1149457,1.1127393,0.084696755,0.12811081,0.0773281,0.06628235
0.70290315,2322.4585,0.13157402,2.918867,0.16129443,0.100524314,0.0845752,0.07533836
0.69372123,2373.3098,0.6444664,2.636826,0.13097714,0.08377741,0.07745889,0.07981677
0.67184055,2905.1897,1.7502586,3.6348124,0.13505921,0.10641919,0.10109264,0.094799615
0.6500542,2592.291,2.611799,1.8332992,0.109286614,0.07568233,0.070474006,0.058910295
0.6428043,2673.5725,2.316457,1.9914834,0.10940492,0.082220405,0.07563546,0.06606275
0.7031405,1722.1832,2.6842706,1.0480078,0.11081393,0.06391411,0.04779392,0.07098058
0.64067614,3646.417,1.1987958,4.4666705,0.109140016,0.16526477,0.14096498,0.08258697
0.55992043,4943.328,0.62660474,3.0236995,0.1198987,0.11437377,0.09332396,0.06595806
0.6557578,2976.975,1.9418648,3.1678739,0.16493866,0.079340324,0.08608961,0.17840686
0.66905946,2749.2578,2.4310029,2.8706326,0.16526182,0.07773412,0.08861458,0.15202466
0.66282713,3236.4302,3.1011386,4.222406,0.12698066,0.09050133,0.1058179,0.12151726
0.70369005,2638.3052,0.7365811,5.0529146,0.13584758,0.09896234,0.0632631,0.11147678
0.61015314,5611.878,2.8477352,8.942973,0.093407884,0.09702079,0.13352388,0.06421171
0.6511078,3993.8923,1.5900667,7.135488,0.11664069,0.10980113,0.23644301,0.063032724
0.6645512,4035.935,1.8480054,8.812642,0.12310889,0.09545962,0.28962612,0.072147556
0.64552474,2438.79,1.9227405,1.4665726,0.26487622,0.101481885,0.04754246,0.0917276
0.64860344,1994.1685,0.38905552,0.8489747,0.21599054,0.15062788,0.07682067,0.07803553
0.589323,3313.906,1.2458346,1.6560026,0.12330703,0.09713979,0.11057416,0.044176254
0.5807593,4199.388,0.2426105,2.6650887,0.121362366,0.09493537,0.14291002,0.052399598
0.66581786,3622.0261,0.41321945,6.3520217,0.11114279,0.09891087,0.13976659,0.05922496
0.6692751,3401.1619,0.5675549,5.5505233,0.120733246,0.11583057,0.1332739,0.06417533
0.6471978,1988.3274,3.4981081,0.8340262,0.10568657,0.09180864,0.05008828,0.07057669
0.56221896,4345.276,0.9708273,2.2055547,0.15494138,0.15150748,0.11458479,0.05445147
0.6573285,4239.453,1.6986368,9.253045,0.16500215,0.08480128,0.07123885,0.13551846
0.6588754,4201.018,1.6669854,9.321316,0.16579339,0.08483891,0.07074459,0.1364907
0.6474097,4310.055,1.7721465,7.969577,0.14254771,0.08203925,0.082045555,0.15600117
0.6721421,3844.342,0.6625529,8.527116,0.18998444,0.098757915,0.090079665,0.08732015
0.65942305,4122.7036,0.2857975,8.960162,0.16070585,0.11029878,0.09635633,0.077594966
0.6457267,4047.1694,2.8382747,6.458728,0.101796016,0.11424593,0.0563446,0.07629032
0.59460217,3333.4429,1.9986908,1.7539417,0.15658695,0.15619914,0.06368071,0.097978674
0.5726463,3710.3796,2.107915,1.729611,0.1843482,0.13755658,0.05795726,0.0751069
0.6850059,1806.0807,1.482623,0.99938154,0.08409282,0.09382808,0.16156396,0.06368355
0.67487454,1991.0901,1.3040702,1.1503991,0.0783672,0.093202315,0.16625424,0.06624615
0.62336326,2589.5886,1.4298548,1.3247246,0.10453416,0.094336934,0.13331918,0.0816744
0.69068885,2215.834,2.9220002,2.0574138,0.093453795,0.1276291,0.0694819,0.07440064
0.69074327,2270.091,2.7876856,2.179861,0.0967045,0.12655497,0.07173154,0.07485931
0.6123038,2092.3308,2.404866,0.6856116,0.12111516,0.10880782,0.09479055,0.051951006
0.5726968,2317.672,2.1428359,0.58125323,0.111599,0.09589036,0.057322286,0.09084831
0.58818763,1667.0277,2.2052703,0.31524336,0.1255027,0.09815754,0.08564072,0.098699465
0.624445,1494.8499,1.4157252,0.35487974,0.12860207,0.07887088,0.08144879,0.068463214
0.6635273,1715.3729,1.5777426,0.6631451,0.1488862,0.10612493,0.073542126,0.0994331
0.63052523,2480.7952,1.7109919,1.281326,0.118230015,0.09342922,0.11399055,0.1344682
0.69297373,3365.0278,1.3293839,8.266977,0.123230904,0.10721588,0.06678439,0.07335836
0.60281694,3302.5513,3.7313495,1.8866383,0.15315358,0.07627005,0.0881236,0.07404634
0.5960686,2973.4094,3.0041409,1.3523903,0.12414143,0.11668105,0.06682223,0.093539104
0.6289063,5658.194,2.0922089,11.073692,0.09331384,0.099721886,0.09540518,0.07857281
0.6790579,3695.1484,0.6888566,9.651754,0.1460666,0.10662664,0.06114304,0.059792433
0.6372397,2962.7478,2.8604982,2.0813992,0.118321724,0.12312533,0.08842127,0.08300221
0.5670396,1465.353,1.4607623,0.22740602,0.117657274,0.099324726,0.09713215,0.08033866
0.6090932,2412.0283,2.7934864,1.033487,0.10573329,0.09695344,0.1714109,0.1279279
0.64190376,3708.7114,2.2093863,4.5248985,0.09358318,0.073353164,0.09727641,0.12603572
0.6142827,2121.1458,2.3643258,0.70290995,0.10455133,0.07829972,0.12519856,0.071042694
0.6121382,2220.2612,1.8123103,0.7902283,0.09807384,0.09063156,0.089068696,0.052420005
0.62662137,3244.2998,2.2583818,2.6911068,0.18604222,0.092160076,0.07056352,0.0772261
0.6218779,4510.6724,4.1347303,5.5240126,0.17696823,0.09311851,0.08390833,0.06326481
0.5642393,3053.608,0.90346,1.1316851,0.12973525,0.1191024,0.12861523,0.073433004
0.566678,4646.7603,1.3695145,2.9201317,0.18044709,0.12966524,0.06778702,0.0647765
0.6910031,3012.736,1.5864388,5.996976,0.10415043,0.12103979,0.08486857,0.06439501
0.6907199,3080.694,1.4764657,5.737285,0.10785713,0.114622764,0.082885794,0.06303457
0.5929448,4091.4502,2.4880877,3.0862858,0.08677245,0.09444716,0.086703524,0.082582004
0.66026187,2717.753,1.6310586,2.5233116,0.082627304,0.104368076,0.068002604,0.08337451
0.64863515,3262.7957,1.4028004,3.3275218,0.18845634,0.11454968,0.08174186,0.05819133
0.60657066,2564.4167,1.6592506,1.0773622,0.18056892,0.11602064,0.083907925,0.06493322
0.5868749,3358.6655,2.164506,1.6453304,0.19202031,0.101885974,0.058247086,0.05255182
0.6578485,2104.9512,1.0842423,1.1285945,0.08739868,0.13481122,0.091546305,0.097509354
0.68852407,1910.5697,4.1751,1.2171853,0.092716455,0.15246066,0.07415578,0.06924474
0.60856277,3406.5984,0.36000586,2.1726434,0.098083735,0.17412175,0.06844761,0.055402067
0.6066019,4584.3735,0.55863136,4.6940417,0.13075654,0.15340886,0.09504056,0.06293085
0.6203126,5080.1553,1.2664902,7.460001,0.16678186,0.12812884,0.09756328,0.06137913
0.6431528,3248.7646,2.923408,3.2344518,0.08513676,0.114888154,0.090558335,0.058225773
0.665399,3545.1816,1.9900372,6.304733,0.112541124,0.1552624,0.1016615,0.054954045
0.64302385,4117.883,1.6770451,6.7813325,0.12092234,0.07000537,0.07299727,0.08084195
0.61369556,4446.7695,4.682886,4.9408493,0.12772033,0.10657484,0.06951451,0.05067299
0.6540748,4160.4585,0.8599152,7.9741364,0.20796825,0.12675983,0.05525559,0.07012688
0.65590245,4250.56,2.4690518,8.449156,0.06744653,0.1079681,0.10351448,0.060582
0.6611281,4077.9856,0.49220473,8.31097,0.23639388,0.10619656,0.06217859,0.088660315
0.646956,4582.1626,0.47044897,9.24276,0.22586536,0.101234,0.05495276,0.08269853
0.6444098,4714.0737,0.5280505,9.277654,0.13163804,0.113671854,0.051893864,0.07819783
0.63974386,4543.628,0.58968645,7.5803866,0.12812233,0.10205784,0.060887113,0.072573796
0.6280186,5567.0967,1.0411564,10.551911,0.119082786,0.0963039,0.052938312,0.064093724
0.6206667,5393.1045,1.524567,8.758571,0.09590981,0.0813254,0.058768593,0.048775002
0.68977654,3313.95,1.7909147,7.5799384,0.120847546,0.12655707,0.13069521,0.09587993
0.6029539,5761.535,0.7366047,8.141965,0.09420046,0.14192444,0.13497828,0.07869357
0.6325987,5289.699,0.5090786,9.995545,0.09734109,0.15078583,0.11645838,0.06058687
0.6452789,5132.9575,1.3006804,11.183548,0.088460006,0.17481525,0.08530251,0.08210309
0.6560252,4075.4976,0.37590283,7.7727695,0.104124576,0.104203135,0.04906191,0.07706184
0.66013676,4538.242,0.3301743,10.272228,0.10662577,0.15884586,0.051169366,0.10848656
0.6263709,5629.414,1.4255618,10.711073,0.15744936,0.09086561,0.0984112,0.081172615
0.6833981,3427.2256,1.4345028,7.534819,0.1242691,0.10382654,0.058177665,0.08342422
0.6175705,5578.0767,2.113286,9.518572,0.120661646,0.075019546,0.07599785,0.1091629
0.61323816,5536.6104,2.525666,8.584497,0.13241014,0.07873217,0.099395916,0.08581458
0.6792494,3360.2024,0.6830909,6.715642,0.09615244,0.19882351,0.058508277,0.05263649
0.61221254,3505.4333,0.21340139,2.5380993,0.12135982,0.21439326,0.08054174,0.054548882
0.66862583,3649.8823,0.91350514,7.014552,0.09847354,0.095399484,0.063827194,0.13169694
0.6539172,3363.0923,2.0985372,4.855254,0.1603107,0.122612916,0.09893832,0.098351836
0.6440615,4163.195,1.9268591,7.033998,0.09191802,0.10717254,0.10699569,0.05558628
0.6675806,2842.528,2.9970374,3.1153982,0.11093672,0.06796602,0.09429758,0.07160745
0.65139776,2992.9238,0.027455285,2.807731,0.14818202,0.14166762,0.064740315,0.058432914
0.67239755,2762.8438,0.06226029,3.0467699,0.21169001,0.20047651,0.06586371,0.05792108
0.6754633,2770.4287,0.07414664,2.969577,0.2198196,0.18111286,0.073328175,0.05992406
0.6851371,3046.9575,0.29097918,5.5789027,0.13433862,0.20045109,0.08551235,0.07479179
0.61049414,3965.8894,3.0596256,3.5568683,0.09247659,0.07837716,0.10143915,0.05695246
0.7068036,2504.8162,0.78648055,4.3908725,0.13856259,0.11399618,0.19394906,0.08310157
0.64978963,2613.1287,1.9091562,1.8629775,0.14867127,0.1246014,0.100600585,0.066343926
0.59420985,2532.9805,1.8221812,0.9303643,0.08214252,0.08461185,0.11286823,0.06839477
0.68883014,3580.5276,1.7590691,9.492664,0.16360866,0.1384784,0.06324834,0.06085613
0.6546548,4299.2515,2.1763356,9.127208,0.10516899,0.075908646,0.1403341,0.064358935
0.64260465,4559.484,1.6686839,8.580644,0.118300736,0.12204739,0.059929386,0.08970371
0.6063834,4555.5347,1.7755708,4.75056,0.12019092,0.12301049,0.07919231,0.06745113
0.594714,4708.146,1.814302,3.934219,0.131131,0.1296076,0.07931869,0.06515027
0.57753944,4785.825,1.7534195,3.272602,0.12901424,0.12675777,0.079265796,0.06625519
0.684218,3791.2307,0.96667296,10.254729,0.16205133,0.0843683,0.058860216,0.08613825
0.54774255,4128.927,3.1249096,1.7443507,0.111781195,0.11666689,0.10172141,0.0690012
0.5476509,4157.5225,3.1455457,1.6495467,0.11192349,0.11616914,0.101680994,0.068863705
0.7396305,1648.409,1.0647137,1.8237973,0.1074536,0.11004475,0.05768684,0.06059243
0.7257205,2043.9966,1.8244138,2.6847172,0.18551186,0.07840793,0.13057218,0.065183304
0.7007034,2390.0654,0.5982396,2.981009,0.15503404,0.1089519,0.073094435,0.16959621
0.6964414,3116.2522,0.3388123,6.7854376,0.13369076,0.13379723,0.07269377,0.11455222
0.69624376,3082.6052,0.28162697,6.822435,0.15994957,0.15533304,0.06780346,0.122074835
0.6822343,3267.0388,4.3227463,6.8868823,0.1127469,0.072177865,0.08374502,0.045701005
0.68728113,3282.187,4.542284,7.0726166,0.11186256,0.07215376,0.08380069,0.044764787
0.6226627,3557.914,2.5365887,3.067191,0.12537278,0.13000715,0.0716734,0.0528819
0.54715353,3097.3271,2.3427842,0.830228,0.16253343,0.10651286,0.07533428,0.0644295
0.66900533,4022.625,0.24898036,8.7061825,0.18828255,0.13838498,0.07516612,0.069516435
0.63942486,4393.7534,2.4479246,7.739085,0.124580555,0.07490155,0.08631578,0.064793415
0.6888238,3298.7947,0.47325084,6.840909,0.12742493,0.15485045,0.07738183,0.07788791
0.66501087,3620.4475,0.8940443,6.6922264,0.08764624,0.11858985,0.102815524,0.049451295
0.66263545,3313.929,0.7416126,4.8418274,0.0864586,0.122948796,0.0913182,0.0517822
0.6642232,2813.5703,1.475851,2.9964573,0.095541246,0.109579876,0.07161464,0.056612644
0.6778484,2460.2852,3.3605669,2.4290628,0.094558805,0.118541144,0.071093895,0.03567783
0.6832056,2269.7305,2.3717175,1.8623768,0.117885694,0.13890588,0.08105421,0.082539134
0.6149677,5820.051,1.505673,9.890156,0.10410388,0.09192792,0.07884785,0.06317791
0.6155952,5596.229,1.5651329,8.858979,0.103794605,0.096707754,0.0798371,0.05990063
0.60169286,5808.978,2.0553548,8.400389,0.11387221,0.10484746,0.061566614,0.06499587
0.6374003,4263.35,4.0679183,7.0181217,0.118367545,0.088399075,0.08037341,0.07095903
0.68029106,3266.753,0.4957988,5.7212715,0.14461304,0.10824677,0.06780922,0.06001954
0.6170804,5534.5,0.25812975,9.014158,0.096641645,0.09845553,0.091236524,0.08572683
0.66842794,2751.0923,5.161355,2.7005386,0.1079454,0.09036821,0.10378909,0.0585979
0.65773606,2497.32,3.9058938,1.6659842,0.12539637,0.10351673,0.10848183,0.06192763
0.6950909,2782.9966,0.8177781,5.2991834,0.14177783,0.07882811,0.10696345,0.11004572
0.6235048,4488.83,4.0562406,6.110441,0.08252141,0.10363304,0.07158246,0.07156292
0.65853727,4123.2925,0.56529063,8.288173,0.14810671,0.11647379,0.09384236,0.06695914
0.60655516,5067.267,0.8351517,6.21647,0.16510034,0.06954223,0.08634308,0.08932557
0.6250417,4427.7905,1.8476987,5.9107647,0.16048473,0.10948177,0.100177824,0.08414891
0.5431362,4106.7817,1.0100728,1.6004941,0.18054521,0.08223209,0.09647803,0.084544756
0.65690655,2190.7793,3.556799,1.2448336,0.22021112,0.13965388,0.07945751,0.05572028
0.68858486,2435.6545,1.0275058,2.6392128,0.084352076,0.07447538,0.06089423,0.07830824
0.6782296,2018.0662,0.7711265,1.3040733,0.17367794,0.14776543,0.11939746,0.044525705
0.6452427,2136.7837,3.5489504,0.9972982,0.116689704,0.11068967,0.11072478,0.047299054
0.61120534,2623.644,0.5217594,1.1955853,0.09044775,0.08193552,0.11061052,0.08961533
0.69281787,2023.1968,3.2973478,1.6107795,0.11183374,0.104338124,0.054223344,0.054199718
0.71931565,2328.7976,1.3652327,3.9245648,0.09218165,0.07960129,0.055710196,0.07268062
0.67501473,2463.6306,2.316973,2.369622,0.14185052,0.113755494,0.089076,0.07449669
0.6275506,4623.5444,1.2112395,6.375316,0.080115035,0.11153803,0.107918605,0.060459092
0.67284226,3086.1465,2.480153,4.647036,0.17750412,0.0920151,0.063370995,0.07325926
0.62094736,4302.344,0.75641114,5.0571356,0.13676345,0.104777515,0.12605824,0.05878353
0.64183474,3673.4463,2.4316518,4.3126574,0.092169136,0.12436673,0.05821052,0.06908087
0.6147371,4772.389,0.81263876,5.590642,0.123736344,0.12882474,0.07014978,0.06667498
0.62752664,4731.514,1.7278286,6.811982,0.12894656,0.124636106,0.071075134,0.070247255
0.6514124,4580.108,1.9201725,9.738885,0.093663946,0.11484362,0.078508995,0.06985092
0.62222785,3838.2522,0.90913755,3.5748281,0.12275539,0.13087787,0.082710676,0.10375272
0.6816396,2830.9424,1.7260506,4.160296,0.090974614,0.07578902,0.09897593,0.04928006
0.58595526,4141.715,1.4636614,2.7905114,0.13725527,0.13381459,0.058579016,0.09039931
0.62760764,4068.085,0.6198673,4.764497,0.094858825,0.18610513,0.071024604,0.04331333
0.6566665,4106.662,0.88480306,7.94785,0.13254204,0.20128328,0.08711221,0.07801503
0.61217713,5553.649,3.9294195,7.825746,0.13072142,0.2914199,0.10040692,0.08668494
0.64739996,4408.7183,1.892626,7.7512617,0.20447119,0.23757163,0.08878167,0.077988215
0.5675295,4133.446,2.0166464,2.1764665,0.18548766,0.080282554,0.07466748,0.079836965
0.56581503,4105.8203,1.633601,2.0568538,0.19010782,0.10411678,0.062097657,0.0881922
0.5871165,3278.4875,3.3414927,1.5873792,0.18258163,0.099861525,0.051407382,0.08970137
0.5813003,3260.3901,3.2606688,1.5328605,0.16864893,0.0802367,0.053478725,0.09323509
0.7054647,3231.1206,0.33672598,9.749378,0.079520956,0.12487915,0.11191562,0.16727959
0.59935606,6597.682,0.4043546,10.63263,0.15034255,0.07770167,0.06494178,0.08432109
0.6863285,3789.8037,1.053792,10.8387375,0.12763774,0.09855438,0.09633819,0.09424968
0.7004891,3343.596,0.79946244,10.222937,0.1065692,0.081693314,0.115834795,0.094225466
0.5497524,2011.5978,3.1591148,0.37032533,0.13953462,0.11161672,0.06005981,0.06577246
0.54868174,1734.6184,1.9084511,0.2819817,0.14798082,0.11946315,0.10044171,0.07581096
0.56867915,1802.6151,2.7258387,0.34036693,0.1337966,0.06911792,0.057856463,0.056920886
0.5707633,1811.5431,2.783219,0.35237017,0.14242907,0.062027566,0.055070844,0.05549053
0.56980264,1834.9862,2.7744775,0.35318342,0.14154707,0.06351165,0.05518843,0.056703772
0.66356456,3402.8547,1.2277734,4.853203,0.09318663,0.17186257,0.09930192,0.09249185
0.62501925,4728.452,3.7450585,6.8691597,0.1444416,0.08666967,0.108702034,0.06652435
0.6801373,2722.4058,0.07912116,2.9995766,0.08832389,0.12349933,0.060433023,0.068105504
0.7072661,2070.8071,0.5336504,2.1774693,0.11921795,0.11182016,0.14427672,0.06167402
0.62809706,2290.712,0.27119055,1.0252019,0.092258155,0.14575383,0.06602708,0.054745425
0.6429144,2553.8154,0.08859257,1.729948,0.08767228,0.07017094,0.074954376,0.07699413
0.6232623,2271.799,0.04224128,0.865892,0.12174279,0.120769866,0.072771266,0.05012921
0.6204027,3047.942,0.08179122,2.0224204,0.13876055,0.08288407,0.070596196,0.08100751
0.63932806,2153.2917,0.9336631,0.97130716,0.106053755,0.1271181,0.08327907,0.070575714
0.65498763,2374.1328,1.3448074,1.6229818,0.07952167,0.11432195,0.071261935,0.091258496
0.6711995,2688.4692,1.2795459,2.8419585,0.07456379,0.09547223,0.06510544,0.10196541
0.68349355,2763.494,1.2532307,3.483704,0.08201288,0.113112375,0.054762017,0.083193555
0.5918214,4121.404,1.3240572,2.948262,0.17562348,0.08630049,0.12833285,0.05430489
0.6891414,2837.3784,0.92295897,4.622412,0.08806435,0.115862526,0.05486085,0.07887334
0.60944283,4346.1343,3.3414915,4.2163258,0.1114379,0.1821543,0.09899694,0.07183306
0.6765786,3737.6396,0.7665292,8.441794,0.10711754,0.09076002,0.06430564,0.0639269
0.65795827,4414.767,0.7641459,10.12531,0.15584889,0.12114193,0.06481812,0.05154419
0.5969826,1980.9204,0.4803313,0.5096318,0.07567935,0.07838845,0.10489261,0.09067634
0.6708143,2986.0708,0.7370215,4.036027,0.14656518,0.10933957,0.08654004,0.0521948
0.66911304,2645.3245,0.43093663,2.5932403,0.17937541,0.12943088,0.11011821,0.06488885
0.6397616,3398.0205,0.22039653,3.2874615,0.16357581,0.116145045,0.086429894,0.058047466
0.6718966,2929.853,2.4299004,3.7476034,0.09918225,0.104200795,0.077338405,0.07745765
0.6448107,1798.5903,3.0753095,0.6357882,0.08405371,0.104668856,0.07259945,0.06764738
0.6222497,2889.9773,2.0670855,1.7581621,0.08107862,0.10512803,0.07135737,0.055738576
0.59641844,2734.3953,4.6457644,1.1443158,0.07995677,0.11818991,0.08126718,0.043732148
0.6869636,2362.995,1.9056756,2.335341,0.09153195,0.1105874,0.07663422,0.06240963
0.6931837,2226.81,2.4486732,2.17544,0.0960401,0.120678425,0.05936953,0.07219842
0.6472068,3446.8726,1.6903906,4.0033317,0.112557575,0.16634928,0.086892255,0.059607696
0.6521323,4071.7764,1.7016394,6.8261576,0.10985881,0.15554008,0.10585792,0.05703493
0.6505927,4387.811,1.1350762,8.25213,0.12013898,0.14867555,0.10087974,0.054253332
0.64081323,3569.56,0.5444801,3.9483318,0.15660453,0.12050511,0.06773124,0.0687742
0.65425855,3120.1,1.0415753,3.1943884,0.13492374,0.09375411,0.07273856,0.07061407
0.6437764,4318.57,1.2833856,7.0239754,0.10708649,0.1317393,0.08704347,0.06160185
0.7178777,2973.9946,2.6036255,9.949835,0.14081597,0.12459944,0.066742495,0.08694664
0.62665176,4435.8022,1.6319988,6.028532,0.15952343,0.07702435,0.07872886,0.056130275
0.6786978,3096.0674,1.3195846,4.6659727,0.17353441,0.14685228,0.064300306,0.06933233
0.55515546,6734.4536,1.7762989,5.5494018,0.14674892,0.11659668,0.08491662,0.07466545
0.71006,1900.4012,1.6631335,1.7800313,0.116340764,0.12350966,0.07057641,0.08457208
0.70759594,1949.4237,2.2682817,1.7692416,0.1732207,0.1263276,0.088463254,0.0996854
0.7275019,1589.512,0.5247624,1.2893293,0.16789901,0.0972279,0.09503757,0.09441648
0.69889855,1840.8657,0.38071427,1.354209,0.17001714,0.10975006,0.06638456,0.08637052
0.6918486,2607.2896,0.78644174,3.7395859,0.18319653,0.1361588,0.07363315,0.074890785
0.66437083,3101.509,0.24040265,3.7062163,0.085138194,0.09046731,0.07579672,0.04366168
0.656072,3220.0186,3.963971,4.1467032,0.13050374,0.10591048,0.08114414,0.111855045
0.6587216,2873.0728,0.90195996,2.7015684,0.146349,0.09775454,0.09140533,0.112563156
0.63202596,5095.1807,2.154222,9.784225,0.08568367,0.10151337,0.08462044,0.043965623
0.65588766,4384.0117,2.566365,9.361477,0.095651835,0.10280742,0.105462946,0.047528736
0.65326303,4718.474,2.004416,11.086232,0.12689114,0.09941988,0.103439234,0.060125872
0.65502757,2349.3042,1.6912946,1.5297033,0.19111842,0.086142704,0.06675662,0.06319753
0.71430224,1900.0469,0.3074841,1.8519776,0.19227074,0.079205304,0.07100249,0.05465941
0.7438227,1763.8608,3.2781694,2.3658288,0.17252019,0.1338734,0.07400586,0.08498293
0.65880203,3094.7207,0.36848018,3.4372401,0.17794737,0.07659437,0.09201801,0.05105966
0.6598049,3139.8408,0.37701413,3.589532,0.18448491,0.08082815,0.086104676,0.04961294
0.7045974,2499.9636,0.4875027,3.7087903,0.16722974,0.07632836,0.093517855,0.09226983
0.6212172,3998.0935,0.19478643,4.452628,0.14863783,0.116028495,0.09628386,0.113769
0.6410094,4396.303,0.34023383,7.0403624,0.091854334,0.098168775,0.060781453,0.09221173
0.6074167,3688.124,3.3158028,2.5656257,0.16355434,0.08513817,0.07481767,0.08472125
0.7001768,3234.697,0.64379585,8.340726,0.19363566,0.11968695,0.07788152,0.06128569
0.6710657,3742.9436,0.16020584,7.5185,0.15415886,0.08994371,0.0968901,0.07688372
0.63368756,5127.254,0.24394429,9.547613,0.15483782,0.10152811,0.10134584,0.05385191
0.6850664,3741.1606,0.99689,10.265309,0.111535825,0.13953614,0.0876681,0.046131343
0.65199167,4617.819,1.7612877,9.830547,0.13393362,0.14537363,0.07750132,0.05402851
0.6172504,2843.324,2.937961,1.6586102,0.14405279,0.06507071,0.06952918,0.092945054
0.6794975,2229.2854,1.8999124,1.8449845,0.13796042,0.09179673,0.08831081,0.09870631
0.60756505,4731.557,1.7716677,4.954813,0.09713127,0.10956402,0.06466443,0.046744525
0.62110937,4348.798,3.300301,5.196342,0.09396019,0.08331504,0.06836468,0.044662327
0.6566131,4297.041,2.2068524,9.42829,0.1042903,0.06428758,0.067291416,0.049832292
0.65090823,4613.7344,0.96991426,9.812914,0.14424847,0.13940822,0.08407273,0.04886107
0.6533646,4362.8013,0.7672537,8.790987,0.12657693,0.19590434,0.070381,0.03887086
0.65991265,3885.377,1.0397435,7.3774066,0.112663925,0.19811492,0.086810626,0.049001276
0.6351177,4686.0063,1.3962353,7.759449,0.106254354,0.1812439,0.09718816,0.07157915
0.6430108,5013.752,2.2156994,10.562113,0.09736017,0.13839656,0.08688666,0.060106177
0.6512011,3421.1328,0.16055077,4.4872346,0.114141546,0.076959714,0.07024312,0.07549433
0.44280067,1400.7167,1.5260608,0.070585996,0.11059505,0.118407115,0.09973701,0.067539714
0.40692008,1285.5496,3.0697868,0.011253815,0.16163632,0.1196823,0.05469551,0.06253397
0.5015215,1252.6735,1.2256995,0.07663086,0.1158507,0.08086597,0.14317079,0.06322304
0.48156178,1211.3323,0.9595548,0.041483033,0.15211289,0.096643515,0.06554804,0.10230987
0.49563935,1616.5967,2.3826964,0.1588951,0.15406522,0.1387731,0.08314787,0.05598697
0.6072677,2330.6826,2.426552,0.8530086,0.10918242,0.08475208,0.07537458,0.06718401
0.62711394,3065.452,1.468619,2.1661563,0.1693868,0.12239182,0.07760427,0.06377017
0.7579959,1607.4581,1.5837604,2.1463516,0.13080198,0.09996231,0.06802892,0.060033854
0.7148434,1732.8586,2.3484404,1.2442598,0.17342234,0.12373345,0.061454657,0.102105394
0.72566235,1718.7745,1.6507381,1.4857105,0.16435553,0.12147173,0.06016628,0.05403195
0.69650316,2501.9678,2.1096811,3.6405954,0.09374374,0.06923611,0.07264658,0.07979935
0.664165,3052.5476,1.7763157,3.694274,0.0973286,0.092059985,0.121465646,0.04409835
0.6263945,4323.3584,1.6808022,5.2996063,0.10488738,0.10211708,0.055027004,0.09942777
0.64143807,3964.4072,1.0690489,5.3066053,0.100559145,0.1272547,0.08160961,0.061733942
0.64453727,3744.8428,0.62040997,4.811079,0.12017246,0.09807854,0.07877992,0.04816967
0.66029197,3172.9543,3.2167702,4.025071,0.101113364,0.09751549,0.075147524,0.08882408
0.64374924,3933.974,0.7193869,5.4027143,0.10005686,0.119953424,0.06587199,0.055908177
0.6347832,1998.3845,3.546845,0.7988546,0.11208962,0.11019443,0.10483231,0.11766956
0.6962417,2778.466,0.60130996,4.952033,0.11675563,0.090611726,0.073155895,0.054838292
0.70774966,2267.013,0.6255216,2.711485,0.13581614,0.10658109,0.086604916,0.047512215
0.6687703,2016.9707,1.3792577,0.98820686,0.114674345,0.09418625,0.07917221,0.10843648
0.6738523,1641.3137,1.4729383,0.58445483,0.093253374,0.11624397,0.060494896,0.13839938
0.6708571,3806.4004,1.3372222,8.224996,0.10506847,0.120944336,0.08686108,0.0644976
0.66033536,4111.208,1.6230057,8.379791,0.103807256,0.128515,0.08102866,0.06404753
0.693258,3217.5657,1.8000242,7.422116,0.10321225,0.08554191,0.06574514,0.05576387
0.6291492,4498.376,2.4736865,6.0793056,0.08594855,0.10581346,0.07087254,0.08919014
0.60246956,5097.163,1.1110653,5.5510554,0.098024726,0.09948375,0.05665745,0.05722142
0.62509394,4540.74,2.784216,6.7044578,0.10263074,0.08191393,0.060359154,0.10274025
0.6418549,4189.3247,1.9722742,6.535522,0.118757635,0.11651325,0.057807613,0.11940532
0.6797934,3396.4585,2.043107,6.932168,0.0848965,0.087284915,0.09850933,0.044110034
0.57517034,2453.455,1.7557919,0.6800254,0.13291585,0.097225845,0.09154901,0.08257748
0.618523,2920.948,0.85205865,1.765628,0.14167385,0.1292853,0.096314766,0.07358276
0.5903098,2810.641,2.0898247,1.1295799,0.11796816,0.1059294,0.06687723,0.063151635
0.6403366,2622.2441,2.1160524,1.7447186,0.108234465,0.1041359,0.09449041,0.08518534
0.68382734,2918.9307,1.5655024,4.553797,0.124156795,0.08315818,0.050155666,0.08475281
0.62759805,5076.09,1.6054199,8.367901,0.12980343,0.14415628,0.1152335,0.049294278
0.6249627,3778.586,0.14553578,3.6668832,0.15716387,0.1023716,0.10171729,0.080503836
0.65598816,3094.798,4.9405613,3.68752,0.08342867,0.103325784,0.06668444,0.077153705
0.65290594,2995.6077,5.9453793,3.173389,0.07900989,0.12449246,0.069718584,0.08696741
0.6791103,2762.344,0.12036777,3.6544855,0.21398517,0.090907246,0.10247269,0.0529772
0.6817212,3543.5767,1.820884,8.168161,0.118445516,0.11338397,0.05489364,0.0820417
0.6786765,3129.7927,1.8672271,5.173208,0.17256635,0.092100665,0.09267008,0.045957737
0.66814935,2891.8333,3.0110362,3.3250325,0.20782392,0.11909678,0.06349604,0.06153104
0.66180044,3787.6106,1.1166936,6.8022995,0.17373946,0.06977512,0.082124874,0.06591755
0.6004308,2776.4387,2.4661708,1.2228365,0.0893507,0.15996006,0.100112975,0.08158606
0.6681601,4241.267,1.359464,11.514047,0.13082883,0.06782669,0.058956057,0.05268912
0.49258825,1404.2599,1.4248316,0.09563601,0.17243622,0.07522433,0.066823184,0.075034715
0.5081563,1290.4061,1.7923342,0.10038878,0.17119224,0.10601075,0.07019631,0.07832871
0.50065434,1366.2974,2.0707753,0.09636052,0.1785692,0.12387499,0.08081353,0.07882777
0.45676988,1511.901,1.8341131,0.09170282,0.18195501,0.09715788,0.09863332,0.05113502
0.6068629,2662.2593,2.1791077,1.24094,0.089911915,0.11257164,0.06798806,0.07491895
0.6539972,3006.561,3.0323064,3.0425136,0.0922223,0.101057716,0.06504264,0.07154225
0.5410487,2048.917,0.24840163,0.36734384,0.12166642,0.10837202,0.08091581,0.055609476
0.5411044,1831.6556,0.14492255,0.28618136,0.12437969,0.14628819,0.09179693,0.0856659
0.5797601,2072.0457,0.14231753,0.45299926,0.11965049,0.11842917,0.07171755,0.071406536
0.5638364,1796.8579,0.13987869,0.32507557,0.1276553,0.14173916,0.05871652,0.060247686
0.51987934,1486.9521,5.5486026,0.14934807,0.082607426,0.10804661,0.13004704,0.12807848
0.63929623,1851.2151,0.224304,0.6485117,0.15541391,0.083950065,0.107824735,0.09757561
0.7435132,2590.3262,4.41325,10.463038,0.15712845,0.10988375,0.054009035,0.06721041
0.74855727,2540.5796,3.2712677,10.678603,0.15979877,0.10019909,0.045963917,0.06549846
0.5273233,1920.4814,0.4773597,0.28768644,0.08229956,0.09697306,0.195537,0.07562546
0.45778197,1157.0618,0.120330654,0.018662874,0.10342074,0.10453229,0.0510599,0.092204034
0.4459264,1199.359,0.10056065,0.02195644,0.110096164,0.10661416,0.052706018,0.10096483
0.45307556,1187.019,0.078356795,0.014228488,0.15052839,0.10088377,0.08106571,0.094222635
0.47940958,1043.4395,0.19244912,0.010294862,0.15815395,0.09749296,0.08574827,0.0657394
0.44050053,1198.3783,0.6288923,0.011223488,0.15513311,0.08428685,0.08725381,0.07708277
0.4443539,1154.5194,1.7968414,0.018329626,0.121379614,0.095695674,0.09630409,0.05313147
0.47217909,1122.71,1.4803171,0.027783591,0.14806068,0.10377046,0.07043853,0.060152397
0.44801292,1333.9016,1.4113988,0.061375163,0.11005328,0.08951078,0.12213833,0.081147715
0.4716548,1298.6191,2.7877786,0.06590775,0.15979321,0.08865104,0.073227055,0.051883508
0.43795362,1403.3705,2.400766,0.06530267,0.12535542,0.13082275,0.09109613,0.05945122
0.43722486,1286.4714,1.7245855,0.033843696,0.12982923,0.12673958,0.074255705,0.05518885
0.65460336,4874.564,0.002222155,11.743285,0.13240348,0.14064626,0.05778909,0.060123336
0.6834707,3510.4927,0.0125795,8.195415,0.13883461,0.09870337,0.09972755,0.09373154
0.6588067,3876.4841,0.012709945,7.1092257,0.13313885,0.10416269,0.09262693,0.095142856
0.6336481,2231.148,0.81401885,0.9645884,0.09337841,0.10598742,0.0693933,0.047824137
0.60449713,2918.4722,0.62857723,1.4940152,0.08913351,0.093245566,0.07992804,0.054081142
0.64973956,2408.5964,0.4148353,1.5481818,0.09242186,0.07404282,0.073247656,0.051163204
0.6176604,2753.7576,2.6288638,1.3694187,0.12899692,0.137235,0.07850824,0.08673354
0.63059574,2587.6943,1.7540789,1.3984303,0.119576655,0.14663555,0.08748765,0.08731541
0.6353378,2628.3306,1.9574988,1.7444916,0.11612115,0.13741356,0.089193836,0.08057223
0.63760793,2672.674,1.9595135,1.6234488,0.11586943,0.13777146,0.089215025,0.0805199
0.59331244,5379.1187,1.1012661,5.4453006,0.10351031,0.12635492,0.054515366,0.043722704
0.6756453,3567.655,3.8935049,7.329823,0.07956537,0.116826385,0.067414515,0.081394784
0.6888536,3622.1174,2.7655733,9.914896,0.08324239,0.114611834,0.07825214,0.07346812
0.66309285,4429.432,1.6727427,11.661153,0.13819385,0.09469898,0.06636402,0.11492048
0.62355834,5759.2866,1.2201583,11.246584,0.10628247,0.08378351,0.06424174,0.08671417
0.6625283,4444.6875,2.6482432,11.563135,0.18725154,0.087858595,0.117763184,0.07573166
0.6008156,2087.4185,1.1594871,0.5852265,0.098756105,0.10648244,0.06465382,0.05467479
0.6153002,2870.8127,1.4557961,1.5559475,0.099511765,0.12145514,0.07286033,0.061190337
0.578509,3682.0386,0.620441,1.825122,0.079695284,0.09163354,0.07230148,0.06289834
0.6555846,1987.7932,0.3119204,0.86446714,0.12417074,0.10229723,0.113518104,0.093543515
0.6421859,2579.8608,3.691928,1.6867867,0.12030124,0.07418607,0.052423827,0.07762644
0.59572524,2386.7063,2.7372298,0.80908835,0.116607964,0.06904535,0.05223804,0.074944586
0.6771775,3544.962,1.3079057,7.511661,0.10937602,0.1511292,0.09837183,0.054464415
0.7108331,2924.788,2.2330685,7.7025,0.08556696,0.077185936,0.08080813,0.07671115
0.70795554,2811.9924,1.2140551,6.321878,0.09156324,0.06583588,0.07252537,0.075694725
0.6948345,3339.0073,1.1385901,8.859301,0.08148925,0.046378445,0.076383606,0.06828547
0.6893438,3384.519,0.8783627,8.312761,0.09144327,0.04698269,0.07101531,0.057022393
0.7008867,2980.0022,1.2341347,7.576211,0.0878218,0.04524439,0.074460305,0.05764874
0.7056097,3023.764,1.3340302,7.458002,0.08540134,0.045952894,0.073993035,0.058856215
0.75783,2166.3289,0.55783,8.108836,0.19084522,0.105460405,0.088986024,0.073671445
0.6358194,4088.4875,0.58613664,5.3906584,0.1418911,0.10210678,0.10225968,0.049135108
0.67774445,3625.3079,1.824839,7.9437943,0.11259464,0.1004744,0.08395059,0.05201679
0.62082905,4014.2156,1.3532251,4.297083,0.14777334,0.11314765,0.07115973,0.09227546
0.6190492,3406.4392,4.813112,2.7016437,0.1317994,0.11476326,0.07129037,0.08753616
0.6601585,3743.6113,0.18560326,6.5456715,0.13844883,0.08587872,0.11228461,0.054905027
0.6525147,2583.649,0.43067348,2.0562656,0.14842634,0.08022507,0.080999516,0.06276716
0.703936,1718.4058,1.4578618,1.0476354,0.107416734,0.094680466,0.073002845,0.0689846
0.6882338,1975.7164,1.4665442,1.3584884,0.10558796,0.08317626,0.06860273,0.06766425
0.6759922,2067.6274,2.2219129,1.3932046,0.10355457,0.0838759,0.063518435,0.08391511
0.65109766,2130.1062,2.2066226,1.0896261,0.11243141,0.070721686,0.07813517,0.08267355
0.66248,2457.7896,2.3939185,1.8334618,0.118265286,0.0960399,0.099439815,0.044469222
0.6146694,3229.4058,5.565651,2.2407575,0.12207783,0.14931685,0.11379236,0.09843704
0.64704317,3977.4563,0.79374206,5.9988813,0.12943858,0.07718997,0.14734024,0.066577554
0.65505123,3825.5493,4.084322,6.0839114,0.08885805,0.15885869,0.10525428,0.05230677
0.63079363,4057.0012,0.44401348,4.978579,0.11200542,0.12541734,0.058119327,0.09116472
0.6320123,3318.603,0.6123521,2.7943609,0.08170666,0.07037622,0.07948413,0.08112688
0.61090493,5532.3506,0.34657127,8.166259,0.13041784,0.08002781,0.112131774,0.065883815
0.6244824,5156.715,0.106561854,8.127818,0.1177133,0.20827433,0.10022725,0.046447683
0.6839892,3098.6099,0.043231755,5.59883,0.11429382,0.16611703,0.15291898,0.06627489
0.6468461,2828.9614,0.21943559,2.3091607,0.09743994,0.11093664,0.06461097,0.080438815
0.6289886,2354.4172,0.52649814,1.1713109,0.12210138,0.12134882,0.06747908,0.050015368
0.65324634,2751.444,1.7454939,2.3424852,0.15290837,0.11399553,0.09029942,0.06383671
0.6223013,2651.935,4.527951,1.3451178,0.21056014,0.11141165,0.05579462,0.07477812
0.63097376,2908.4053,4.988681,1.9455613,0.23854135,0.100435846,0.05443109,0.061574012
0.6254662,4887.2153,0.6137728,7.578576,0.24491826,0.08428824,0.11742283,0.049199685
0.67594165,3960.3289,0.6090599,10.257972,0.13860731,0.17460577,0.060274784,0.0884196
0.6749519,3874.265,2.6291878,9.131568,0.14399017,0.14273624,0.07773462,0.09622617
0.71750796,3033.7944,1.0809755,10.745988,0.13093458,0.06938717,0.09023051,0.06978104
0.6173017,4846.5337,4.1548066,6.6043835,0.17582259,0.06822089,0.11983289,0.080969244
0.5802355,2195.3599,0.6203214,0.55382067,0.1517921,0.1577866,0.08140175,0.10854343
0.60622036,2606.2847,1.4498914,1.1163793,0.20070815,0.17235655,0.09652522,0.07659939
0.6052833,2523.1785,1.6846713,1.0179008,0.18464075,0.14611304,0.09820604,0.0710692
0.6117013,2488.7627,1.9372107,1.030719,0.20094581,0.15625633,0.09966071,0.08087247
0.6103777,1789.58,5.1718526,0.44133347,0.15119432,0.17099778,0.08555352,0.08712199
0.6217249,1828.4957,4.9102902,0.5172875,0.1515295,0.1665476,0.08741684,0.08116242
0.64529765,2307.5515,1.7807866,1.2981772,0.124502726,0.1631365,0.089895114,0.10405715
0.64377886,2441.622,1.9941576,1.4190032,0.17424831,0.19283327,0.08645734,0.09439865
0.5950729,3249.2722,1.976963,1.7712091,0.108618736,0.06750478,0.063053675,0.051744062
0.6396183,2125.4495,0.6276029,0.9673467,0.10288041,0.1046566,0.08563039,0.084922165
0.64149004,4132.223,3.3735461,6.004584,0.11676595,0.09242673,0.07548984,0.052567236
0.64677286,4096.348,3.043454,6.258355,0.124878466,0.11956183,0.07978202,0.061593246
0.6495115,3159.0076,0.76260704,3.1480463,0.12516934,0.16731058,0.07760594,0.057035364
0.63761145,2709.864,1.7526966,1.7778038,0.14248064,0.11931636,0.08540452,0.048694283
0.5538551,3831.4265,2.7242832,1.614968,0.15323648,0.09005194,0.094072826,0.088545606
0.5590445,3808.1729,2.514042,1.6666229,0.15837488,0.08991837,0.09441438,0.09157173
0.6741824,2033.8004,1.0490636,1.1993189,0.10594506,0.12718378,0.069212586,0.054000266
0.6602389,2092.4119,1.0124441,1.22707,0.11247694,0.12180277,0.07014634,0.051363353
0.6631757,2087.2803,1.0390594,1.0749264,0.110042624,0.12271018,0.0729218,0.05125013
0.64045686,2090.2654,1.3247432,0.8585143,0.10522751,0.15691572,0.07878473,0.0432135
0.6345816,2141.1748,1.4878904,0.90220034,0.10446788,0.1587828,0.07871878,0.046239153
0.7185572,2351.753,1.4168898,4.135823,0.14380674,0.11000802,0.05714394,0.07688115
0.678401,2200.6062,2.4850972,1.7432725,0.16529581,0.08677479,0.09761612,0.08447413
0.6885097,2291.715,2.9163244,2.4764016,0.15387289,0.0846972,0.105905056,0.07867308
0.6148413,2782.8875,1.4314489,1.4302241,0.14057866,0.1086521,0.105178,0.06425678
0.62580913,3371.1729,1.6463289,2.7061,0.15183389,0.122730955,0.09921557,0.06538569
0.65467656,4436.5063,1.2140745,9.094677,0.092111185,0.092065275,0.079401225,0.068485446
0.6765596,2440.8796,1.1780865,2.139007,0.097464405,0.09111981,0.057649687,0.08064696
0.65159655,3961.2642,3.1575031,6.5783052,0.11963625,0.10166773,0.102241084,0.07907179
0.65341544,3461.989,1.4840819,4.568164,0.106306195,0.13519058,0.09301828,0.08379975
0.6848435,3392.8774,0.8604305,7.3451247,0.09763544,0.13259915,0.08858286,0.07271846
0.6803212,3368.2227,0.6172879,6.4913344,0.06739718,0.17975631,0.06637572,0.077416465
0.67719287,3399.3157,0.6289463,6.201128,0.06634247,0.17994529,0.06598469,0.073397264
0.6593688,3696.1887,3.5503976,6.0370216,0.12905218,0.12049738,0.06889798,0.04499881
0.6137377,5802.226,1.308731,9.957832,0.10088932,0.10581717,0.107226364,0.05920401
0.6022121,6174.2905,1.2300632,9.656659,0.11190257,0.109428324,0.12019588,0.06443375
0.6934169,1651.1301,1.5895941,0.7520258,0.13452117,0.10100754,0.07070747,0.073518895
0.6846616,2035.2026,2.9548166,1.3881732,0.12155989,0.10007143,0.07020938,0.07278992
0.71852875,2095.0618,3.5494564,2.6718483,0.10651949,0.1080138,0.05805972,0.07123267
0.6166405,3298.244,0.594099,2.3670168,0.13358632,0.08574623,0.09351939,0.066927575
0.5650835,3652.9348,0.6243781,1.6074182,0.14104912,0.086086854,0.106636606,0.057731487
0.58611214,3362.2727,0.5223294,1.7263906,0.11685148,0.065439,0.1097413,0.05912613
0.6085054,2364.1206,0.22301757,0.8712422,0.11055036,0.124856316,0.069073126,0.1137065
0.5809069,2557.821,0.25040746,0.74825495,0.11379046,0.13311921,0.076708145,0.09474398
0.61618173,2281.5774,0.42835295,0.9402521,0.10703054,0.12206942,0.09385681,0.09661594
0.6181024,2308.2485,0.4316103,0.84790546,0.10700959,0.122151956,0.09387046,0.09630358
0.65737385,1804.3888,0.32373706,0.65532786,0.13136196,0.1181294,0.068395786,0.056662608
0.63287747,5317.9497,2.2453308,10.49112,0.0860893,0.13469383,0.08113841,0.09842955
0.68768835,3619.3816,2.205015,10.431251,0.14085126,0.067434534,0.08680704,0.072568126
0.6422453,5121.3467,1.4704846,10.809753,0.101008214,0.15623505,0.08469403,0.0563654
0.6232201,4806.204,0.16908473,6.8840938,0.09264746,0.22899504,0.08618003,0.09012602
0.6151421,4399.5405,0.09893042,4.6800413,0.07697425,0.15137309,0.07814495,0.06650469
0.6212339,3751.9475,0.10194074,3.208536,0.09402797,0.14857799,0.058034323,0.05663503
0.68773234,3441.7375,4.1128855,8.72023,0.12809958,0.06937183,0.11576019,0.07654838
0.6932703,3295.1392,4.225784,8.312603,0.13750054,0.06727295,0.10899359,0.081992485
0.6270158,4891.204,0.07244141,7.6222196,0.09750773,0.13565594,0.07512117,0.051717445
0.70293206,3053.0725,0.02711093,7.8401556,0.11368665,0.12114433,0.08210234,0.06747554
0.71809494,2513.1204,0.3850861,6.1351438,0.15546614,0.08726644,0.11421842,0.0822046
0.626575,3603.6375,1.0368606,3.393692,0.10965983,0.08945677,0.0779655,0.09262646
0.6469275,2533.6301,2.5846407,1.6432576,0.116526954,0.10701153,0.08723354,0.08070414
0.64643645,2543.405,2.7642465,1.7553024,0.120189145,0.10823748,0.08900285,0.083348535
0.6766864,2892.1675,1.1526191,3.9323704,0.09071422,0.10858005,0.14060542,0.04691148
0.6622704,2895.727,0.747958,3.0463772,0.10152279,0.15188234,0.15471382,0.050704107
0.6805987,2789.8796,0.4055419,3.4977067,0.09922408,0.14867146,0.0934035,0.05237403
0.6197741,3922.1514,1.7692989,3.6093507,0.10373872,0.14931762,0.063471824,0.07992355
0.62024164,2338.8752,2.6799972,0.98105234,0.110875376,0.1141428,0.11388893,0.051788196
0.61503744,2993.3657,1.877803,1.8311039,0.13397388,0.10041293,0.10946503,0.05137141
0.60703695,2657.1333,0.51867586,1.2331548,0.15594512,0.12819022,0.11645238,0.07085505
0.71964866,2202.188,0.33566597,3.083853,0.09193832,0.17091998,0.16915481,0.091033
0.7081029,2574.8445,0.115336396,4.6686177,0.09669634,0.13224901,0.12372469,0.07158
0.6783011,2064.6707,0.104116715,1.4263562,0.09053457,0.08055658,0.07380622,0.09146484
0.6531838,1702.2611,0.043689344,0.5625251,0.088248864,0.090443075,0.07941984,0.082015574
0.60804844,2165.2651,0.03791696,0.6917475,0.08536766,0.094984815,0.07737313,0.08949489
0.62509716,2165.4553,0.013931112,0.88147783,0.090304226,0.07114538,0.07998298,0.10327396
0.657781,2057.2625,0.02618401,0.9687598,0.09053336,0.08159143,0.07109921,0.0965661
0.66886646,2113.634,0.031359635,1.3463366,0.0879197,0.06562449,0.06976383,0.08117568
0.6544347,2284.3442,0.028086351,1.435358,0.08475311,0.10052177,0.05503334,0.071323775
0.6773212,2016.1672,0.03840871,1.3576281,0.18670803,0.079973504,0.090965524,0.08341853
0.7015037,2525.6465,0.554943,3.8670285,0.07403675,0.10444761,0.11334965,0.05044835
0.6437317,2641.8167,0.81436014,1.9155433,0.13469923,0.101374716,0.0966187,0.089991674
0.6281723,2806.0027,0.31985396,1.8428588,0.15258129,0.13236588,0.100461684,0.05737103
0.63693523,2088.5476,0.2890478,0.86108065,0.093900256,0.08250035,0.1653266,0.07212925
0.658735,3779.9514,0.08191389,6.2941513,0.18880118,0.17660981,0.057478685,0.059471194
0.69869167,2907.0012,0.46793947,6.1155195,0.109423466,0.122821525,0.06800888,0.05488627
0.69895226,2934.7163,0.47425112,6.2935443,0.10843001,0.12272276,0.068230115,0.05601135
0.5821907,3257.9204,1.2338251,1.5580611,0.12040371,0.12696728,0.09612704,0.04902371
0.5461512,3423.489,3.015401,1.2075363,0.10612946,0.18302742,0.06567135,0.052589826
0.5537119,3038.9363,2.9095628,0.9414704,0.113749206,0.22496176,0.073098704,0.046130065
0.63270485,2735.0134,1.7120677,1.7287656,0.103026435,0.15271145,0.07166402,0.06252025
0.5955851,2708.5825,1.1834724,1.0860109,0.12516738,0.13930532,0.09094143,0.10472901
0.59340537,3079.9348,1.5887078,1.4604762,0.1171699,0.13817717,0.10481492,0.11544918
0.63631094,4871.751,2.5391774,8.742077,0.085448414,0.11442644,0.073201515,0.094198756
0.6932197,2531.2485,0.3584281,3.110754,0.1530124,0.091464624,0.08150351,0.06853086
0.7037966,2234.3318,3.4813952,2.6271536,0.11356201,0.09480893,0.070615,0.05829781
0.61782336,2299.1934,2.8978133,0.9403924,0.09870279,0.070391215,0.091594666,0.055224612
0.6175058,2286.1116,0.82179946,0.89095265,0.15592778,0.08331641,0.09088358,0.049688123
0.6827434,2301.9539,0.91665924,2.1587238,0.12673238,0.084931284,0.08622578,0.04708364
0.5774855,2397.923,1.7480191,0.7328634,0.07923379,0.084531754,0.09240009,0.07466424
0.56828624,2179.0195,1.8228191,0.5078882,0.075882375,0.09471275,0.08687051,0.08805421
0.5599625,2005.2705,1.053618,0.39054495,0.08950057,0.09794516,0.060670406,0.107482135
0.63795257,2348.0735,2.0166504,1.2312286,0.0911609,0.09187323,0.07758243,0.07401858
0.68573326,3318.7803,1.7651354,7.1205554,0.09565934,0.08573175,0.06386741,0.045590427
0.66432464,3997.0256,1.9729295,8.199868,0.11105022,0.08751214,0.06761634,0.07165196
0.64285344,4794.2505,1.8795238,9.502995,0.09432632,0.10308486,0.08073426,0.063356325
0.68159866,3844.067,0.799095,10.266144,0.07653203,0.12199232,0.059037752,0.049584206
0.62878484,4683.6274,3.0859592,7.294715,0.16770887,0.08992456,0.10114377,0.08870286
0.6533737,3547.4517,0.5147374,5.2185664,0.10109182,0.12038022,0.06275654,0.06968962
0.70936435,2400.2515,0.9870178,3.681479,0.11638249,0.09221925,0.098996416,0.09877044
0.6975753,2668.4675,0.17273228,4.6125674,0.18634775,0.10046405,0.06537048,0.05291947
0.7070624,2754.9297,0.09464434,5.6919365,0.19778082,0.12446453,0.063522264,0.052673798
0.645619,3001.8806,0.4463205,2.605134,0.13257,0.07403821,0.06933079,0.063302726
0.5932664,2103.7336,4.332018,0.5786191,0.12922092,0.13130628,0.08898188,0.06965025
0.59323895,1976.9686,0.068719946,0.4794378,0.09828756,0.16764705,0.11893368,0.075153686
0.5983959,2210.7986,0.1192934,0.6446995,0.0939985,0.15003142,0.11775507,0.06741619
0.68811214,3667.1,0.7183854,10.925267,0.12968741,0.10579136,0.06428445,0.052916795
0.6850896,3726.7231,1.3301739,10.441191,0.15463997,0.07368696,0.056639742,0.06533915
0.62225074,4389.7046,1.3480029,5.1395197,0.10527676,0.12523423,0.093770504,0.061197557
0.65431273,3478.727,2.403014,4.5008287,0.11495739,0.10935501,0.056583457,0.08591874
0.67191684,4054.4197,1.3965362,10.342592,0.09424737,0.078749776,0.08745045,0.07480119
0.64076257,4757.5303,2.1490855,9.076842,0.12969927,0.11922471,0.08019905,0.054625735
0.6706283,2283.9248,1.8200798,1.656284,0.0940789,0.09148654,0.074085124,0.092835784
0.5950895,2537.4492,1.9978683,0.9748416,0.089891404,0.09959209,0.10494524,0.04825977
0.6073294,2697.3628,2.4841673,1.2325368,0.1170696,0.093774214,0.056041777,0.09407332
0.676191,3479.235,1.3410352,7.417447,0.09820518,0.10769671,0.13242668,0.09086111
0.6761567,3986.1108,1.7658913,11.474113,0.1525738,0.09645011,0.11182592,0.08163881
0.69682515,3358.7444,0.13252714,9.468584,0.2270092,0.10867202,0.18937531,0.09136891
0.65727055,4317.166,4.708681,8.937536,0.15602767,0.10293917,0.08007392,0.05777658
0.66140264,3991.6748,2.7879295,7.648001,0.15203615,0.096249,0.08703764,0.07210403
0.6452305,3933.1516,3.2597353,5.6069064,0.166643,0.10755633,0.088249,0.10166761
0.6265152,3848.4946,0.064359546,4.102737,0.09603312,0.08977793,0.08316199,0.09124492
0.6833379,3296.3936,0.041105777,6.6548414,0.11185027,0.13262056,0.084976934,0.0426799
0.606952,5376.103,4.844141,7.352165,0.11108957,0.075952314,0.07718507,0.14050171
0.64445484,4786.084,1.3710563,9.900367,0.1415172,0.09094262,0.1087651,0.08708294
0.61351806,3971.774,3.5518034,3.905665,0.15112343,0.07054505,0.1091055,0.08499223
0.61915827,4189.4077,0.69912124,4.2753863,0.19270831,0.13295773,0.16087072,0.080023974
0.65192384,3381.5933,0.55266505,4.21349,0.11717044,0.096873075,0.04968728,0.063097365
0.6676044,3423.5117,0.9391392,5.624765,0.16613562,0.10467878,0.12877743,0.06719516
0.6233939,4247.455,1.4846094,4.9439473,0.10793225,0.10301556,0.12653475,0.08256474
0.6456282,3779.6453,1.3944517,5.106109,0.107486516,0.10940826,0.1343947,0.083491914
0.6222874,4604.43,0.9349323,6.003267,0.07786246,0.2007123,0.058935665,0.05919118
0.638907,3698.844,2.8545132,4.411671,0.10715783,0.15026005,0.10432787,0.07659842
0.64144504,3991.0173,2.2691905,5.50882,0.12584923,0.13632694,0.120548904,0.06586398
0.6768912,3622.3054,1.4242274,7.5226974,0.12319868,0.12593609,0.09575006,0.061771147
0.71399146,2765.9514,1.2692591,7.0054717,0.091764525,0.10327263,0.08239491,0.058024153
0.71633893,2810.6118,1.9433758,7.728986,0.1002063,0.10773498,0.09772082,0.052395876
0.64297086,4090.3599,0.76314706,6.1586294,0.092037946,0.08310048,0.10699653,0.05771724
0.6473168,3986.9136,0.68078107,6.5022755,0.098961346,0.07947827,0.09161447,0.058357526
0.6582563,3575.923,0.9797607,5.5157948,0.10089724,0.09383547,0.08917068,0.06190382
0.5649951,1698.3839,3.144659,0.2872678,0.14637761,0.10441248,0.072431915,0.06841129
0.6117978,3698.9114,2.479935,2.932807,0.11316991,0.13981651,0.11557755,0.07636543
0.6122472,3832.7512,3.0617285,3.3236232,0.13759275,0.13436225,0.15566006,0.04909342
0.62235653,3140.2258,2.9416628,2.1674566,0.12375868,0.1143716,0.121858835,0.048181467
0.6535532,4734.5596,1.0495564,10.584773,0.095902696,0.084462315,0.065388516,0.11711016
0.636781,2358.7542,3.0491986,1.218821,0.11788909,0.13155659,0.0913945,0.0502927
0.60867274,4715.945,1.4692925,5.03681,0.114504986,0.13090746,0.07170987,0.06487355
0.6964294,3360.641,2.4812634,9.31755,0.10222343,0.06997702,0.118699774,0.06117715
0.69757175,3160.522,2.1882863,8.010596,0.10912946,0.067839034,0.14422196,0.055277344
0.68584085,3816.425,1.6734083,11.312212,0.12383084,0.12026493,0.074819006,0.11222273
0.6499118,4363.858,0.5939558,8.086603,0.09263209,0.10336816,0.0626025,0.09041698
0.6376105,4714.3467,0.6505603,8.388004,0.10052867,0.11107678,0.07526075,0.08716451
0.61913246,5313.8833,1.1633708,8.400698,0.0951285,0.12793553,0.09003946,0.08514297
0.68775696,3692.525,1.1308129,10.620507,0.10055507,0.09213093,0.06307067,0.07654978
0.6708421,3279.2542,2.3022943,5.576068,0.1353249,0.09327965,0.10896052,0.06157981
0.6604979,3926.371,2.6995995,7.04871,0.113059044,0.0914162,0.0934511,0.05910644
0.6221181,4225.258,3.5584552,4.892312,0.13221112,0.105053216,0.13317844,0.08792263
0.6275323,4026.1733,3.4400616,4.9070625,0.13724388,0.10284877,0.12727357,0.08789637
0.6791466,2967.7493,0.4389879,4.3929734,0.084942155,0.096351534,0.05346864,0.081341416
0.6495355,4549.4565,2.7578197,10.214976,0.16428934,0.09814203,0.1250171,0.060613975
0.6383284,4482.278,2.7032,7.5524054,0.18335722,0.097790666,0.10244319,0.049704116
0.6042149,3020.9478,1.6416769,1.5535842,0.1743665,0.0819822,0.09167753,0.08082356
0.5840759,2905.6018,1.4455756,1.2052792,0.14092286,0.08570633,0.07199472,0.09586308
0.6176358,3083.1633,1.1240828,1.9909651,0.13144168,0.06483268,0.08493146,0.0653281
0.6740109,4033.1555,2.8656561,10.362914,0.08498022,0.16623232,0.0666897,0.06263978
0.6715937,3916.984,1.7685103,9.501082,0.09550877,0.17461711,0.06649305,0.0595541
0.65675783,3969.523,2.4549422,6.967329,0.10970838,0.13235696,0.06927843,0.11060731
0.6088161,2946.579,1.1717484,1.5245668,0.12354694,0.11994024,0.08232542,0.09550269
0.66187704,2456.5867,1.201895,1.9015746,0.13095497,0.0831198,0.15821187,0.059420653
0.5109602,1660.4141,1.0252056,0.19028275,0.09552342,0.13536197,0.08439295,0.07287927
0.49502572,1638.9734,0.68845636,0.16490336,0.12535281,0.08711909,0.0644746,0.07652493
0.5235478,1508.8109,1.6257155,0.15167592,0.09190653,0.09510349,0.08617128,0.091329694
0.48395434,1491.6033,1.2015387,0.122330464,0.11146091,0.10114539,0.05780141,0.076175444
0.60578036,2191.9736,1.8646638,0.7258829,0.1442647,0.09849693,0.10455609,0.052585762
0.5702893,2097.5083,0.76930076,0.45810205,0.09257652,0.092753485,0.10104076,0.07335718
0.68028194,3919.6804,0.5728116,11.58209,0.15716103,0.1079016,0.05821553,0.0643906
0.6740898,4283.6636,0.06632849,11.959237,0.093705684,0.10811828,0.08654703,0.060508974
0.5823921,2242.64,0.111442864,0.65112466,0.10768267,0.098842315,0.13292648,0.072874196
0.66130203,2324.268,0.57416207,1.4653726,0.20166858,0.11423907,0.047751073,0.094602846
0.64981467,3612.132,1.1674693,4.6528726,0.10733302,0.12407072,0.12775551,0.05126252
0.6703663,3002.67,0.62361336,4.1022325,0.13471201,0.07736286,0.13229229,0.06821154
0.6550751,3279.7073,1.3618373,3.806764,0.08902651,0.070455626,0.13610356,0.07640395
0.6016888,4369.321,1.4827025,4.4428205,0.103610456,0.07289207,0.10520039,0.10370147
0.6917349,2680.4978,2.554964,3.934186,0.14958508,0.1007988,0.13616896,0.05695796
0.66260475,2717.1252,1.4113946,2.6525617,0.1294479,0.093367584,0.13833584,0.04427523
0.6266793,3897.6587,4.122616,4.1122165,0.1252227,0.1683653,0.11668122,0.095840916
0.61062485,3723.7993,1.3617339,2.899136,0.12292752,0.091050774,0.115540355,0.100704014
0.6851849,2981.5544,3.4079187,4.937992,0.11079188,0.06353699,0.14011082,0.1151292
0.6311909,3913.7625,2.0190988,4.3435316,0.096902296,0.09260729,0.08513883,0.07902829
0.60620695,3859.6113,2.2708359,3.2269683,0.0852826,0.09810548,0.09300724,0.08302707
0.7155192,3046.97,1.6092141,10.118178,0.22021699,0.10777662,0.06891626,0.0565687
0.589207,2969.117,2.215063,1.290677,0.09128609,0.11347481,0.098532155,0.075365975
0.635007,2597.8875,2.2859035,1.5618603,0.09657496,0.10679934,0.086664565,0.072554976
0.5529953,2143.1091,2.7282214,0.43301937,0.13475576,0.08653276,0.05872246,0.05634119
0.6182801,3010.2695,0.5913949,1.7807484,0.15624402,0.09531046,0.051866442,0.102316305
0.6867709,3707.0312,0.75728136,10.217061,0.08022152,0.106346786,0.118193686,0.05269215
0.6674471,3703.406,3.4949288,7.414705,0.13221143,0.061357856,0.11707943,0.055396162
0.6734046,3119.304,2.2159135,4.9469004,0.13615873,0.07178425,0.11793025,0.055299964
0.63793594,3336.494,1.2911469,3.0473557,0.14513257,0.08540505,0.104019895,0.049408846
0.6757401,3017.2065,0.3173052,4.338318,0.13597383,0.08143108,0.06542471,0.059085727
0.63408947,3605.4854,0.61977994,3.6387699,0.112252034,0.099037446,0.08214265,0.07472481
0.7267597,1609.2139,2.9110532,1.3236821,0.13107917,0.12176694,0.08917906,0.042387683
0.63650864,3949.927,1.1660955,4.624046,0.086340524,0.12835546,0.0910712,0.10240829
0.63129216,4120.399,1.9758354,5.3185534,0.08941862,0.1446075,0.09595107,0.08087309
0.6308921,4205.1436,1.7077794,5.602818,0.12192742,0.15033591,0.09440045,0.08362062
0.6193908,5053.486,2.7948625,7.990682,0.11905448,0.09013249,0.115201555,0.11914353
0.6713554,2783.5054,1.2536592,2.8608747,0.09979755,0.1261098,0.05681352,0.046917804
0.6746976,2957.6892,1.6104051,3.8614058,0.08576146,0.14248765,0.051751133,0.047457263
0.6954495,2407.5615,0.74230206,3.04332,0.14690962,0.10897738,0.07528675,0.06477181
0.6545723,2449.5278,1.0424824,1.6603887,0.14527148,0.093277544,0.0898194,0.07205126
0.6090936,2562.3535,1.6076459,1.0827358,0.09494829,0.114759676,0.07542118,0.07003995
0.6583622,2088.164,2.3707063,1.1345439,0.12413895,0.09016286,0.08427972,0.080584794
0.7261165,1891.5474,2.8927758,2.3422894,0.1789403,0.08129126,0.067027695,0.054336764
0.7257275,1935.7297,2.5807614,2.4964912,0.17790982,0.0834615,0.06497539,0.05600044
0.6669236,1868.4453,2.597396,0.84745693,0.2438342,0.09457797,0.061998393,0.062238943
0.6031077,2961.2314,1.5407149,1.5290763,0.18843493,0.07359262,0.09034559,0.12363909
0.64336634,3938.6838,3.0127368,5.2132034,0.2084284,0.101670206,0.0691684,0.060242243
0.6672485,2755.3223,1.9336102,2.8084774,0.15637325,0.090276584,0.08773928,0.060836792
0.6699574,2555.0605,4.149593,2.2898033,0.1572493,0.0946479,0.076037794,0.062000062
0.62939984,3066.2097,1.1651845,2.1882353,0.1756537,0.14513586,0.10262981,0.058467433
0.61229706,3628.4822,0.77753067,2.6416566,0.16649793,0.15041047,0.116983384,0.06057095
0.6437655,1988.9358,2.8308063,0.79104525,0.10048008,0.07401608,0.057824194,0.08055658
0.6419139,1864.3367,3.9860783,0.65358293,0.092321545,0.07321576,0.072736315,0.068548225
0.6523758,1621.6307,3.2331014,0.5018502,0.08645565,0.08868238,0.06642733,0.08669962
0.5975885,4736.667,1.1747121,4.505935,0.1271661,0.12769812,0.08749579,0.05036725
0.6951885,1950.5645,2.0295427,1.588379,0.095234185,0.07800527,0.07424264,0.10137111
0.65579057,2824.876,1.1671716,2.5307593,0.12168362,0.10000607,0.074153304,0.052122872
0.6616149,2953.714,1.3562984,3.0893683,0.11904418,0.09628331,0.07937524,0.053619497
0.6805205,2684.759,0.34140688,3.162783,0.15507875,0.07160573,0.13487099,0.08004044
0.6784644,2551.0986,0.364207,2.5713882,0.12689607,0.08516036,0.13161956,0.069496766
0.58158046,1729.4304,0.20465916,0.32194138,0.14463726,0.1381256,0.054170832,0.06860581
0.5771231,1755.8251,0.21468535,0.33201343,0.14224318,0.13247247,0.0557627,0.06919351
0.56858575,1983.3114,0.26106805,0.41387907,0.13947216,0.12965183,0.059710477,0.0699079
0.62180537,2126.7717,1.5862782,0.77525467,0.12598853,0.07578292,0.10228965,0.060769413
0.6379786,2361.0627,1.0093273,1.1991962,0.10702702,0.06951799,0.092058994,0.06852989
0.6131076,2583.8833,3.3118913,1.2758784,0.16991176,0.1494678,0.07897646,0.06349391
0.6728461,3909.3206,0.96749926,9.199453,0.171561,0.06392646,0.084107734,0.07116977
0.66954243,3828.43,1.9389977,7.736888,0.1293867,0.11555305,0.16764593,0.07564879
0.64396906,3648.641,1.3528746,3.9723485,0.124166034,0.13295186,0.12963822,0.09995163
0.58569914,2618.857,2.9943945,0.9226825,0.12519172,0.07333174,0.16312578,0.101824
0.5875224,2048.5881,2.439269,0.49736106,0.15506628,0.09101229,0.13143267,0.06322982
0.64137316,2958.723,1.3853467,2.4326212,0.14041549,0.11702727,0.05240368,0.07258884
0.67311656,3372.31,2.0710976,5.802766,0.18838409,0.09587725,0.07580039,0.093449205
0.6733391,3176.564,1.6211364,4.9138403,0.17472343,0.10449414,0.06625064,0.09913856
0.67077917,2857.2983,0.8691702,3.1394439,0.10143733,0.07890112,0.08737545,0.06816485
0.66819966,4081.78,1.0092545,9.9784775,0.10078578,0.082922995,0.10390248,0.079950474
0.6558636,4871.1665,2.609987,11.930337,0.13032064,0.114748105,0.11853018,0.055690713
0.6201444,6088.863,1.2488263,11.960489,0.10649061,0.10436564,0.075039476,0.07877071
0.6867712,3738.7576,3.1667378,11.103026,0.15205577,0.13125855,0.078571685,0.050326835
0.70434225,1766.4458,3.144054,1.1613182,0.22174208,0.08800252,0.07951699,0.049012784
0.70735556,1740.4474,2.93942,1.290605,0.2150124,0.08147565,0.07408658,0.054205623
0.7189479,1564.9442,2.8820298,1.0440016,0.18693368,0.07957631,0.05867062,0.06778408
0.7195444,1583.734,2.9856796,1.0413556,0.18331446,0.08068283,0.05679506,0.06392658
0.61603373,4539.049,0.6692018,5.3456025,0.08546579,0.10629649,0.10000579,0.06237039
0.6475569,3798.4731,3.2952466,5.4710727,0.13501458,0.16987793,0.1439254,0.05701413
0.6422628,3951.2358,2.5731623,5.569972,0.1428709,0.10292643,0.1060601,0.04731508
0.70351654,2094.034,0.6883261,2.0844898,0.10153051,0.07948846,0.066331215,0.08681321
0.6394289,2489.31,2.7761369,1.4169209,0.112670474,0.173861,0.07738869,0.07068767
0.6047248,2381.7544,0.7892695,0.8542023,0.11457779,0.10767432,0.061191823,0.04830541
0.6713201,2061.7808,4.187178,1.2474219,0.102419525,0.06754515,0.08310816,0.05851225
0.6861057,1759.292,1.7123836,0.8797358,0.07897407,0.08952503,0.06331364,0.0824477
0.7017691,2483.1504,2.5604815,3.6957464,0.14102665,0.10669248,0.17817706,0.07082436
0.62769663,3901.7124,1.4235504,4.347932,0.10902062,0.069850706,0.09929598,0.05227873
0.6095566,3796.149,0.9075274,2.9126458,0.08444685,0.10526894,0.103227116,0.0966918
0.6442739,3566.7695,5.509247,4.338498,0.13122068,0.07860562,0.08048315,0.062129363
0.61918795,5545.586,1.4988375,9.146481,0.14290577,0.12904811,0.055964977,0.057757206
0.6132067,3110.9417,3.270149,2.0434957,0.13737199,0.06016835,0.09930657,0.116580166
0.58788234,4473.735,0.527715,3.1236057,0.14957148,0.106963195,0.073078945,0.06607485
0.6255383,3976.498,2.528208,4.0944247,0.12036754,0.14940298,0.07400642,0.08162463
0.6824888,2938.566,0.90891343,4.7970405,0.10762266,0.077991545,0.105555445,0.07563849
0.64290416,2276.6226,1.192158,1.261264,0.109674074,0.0624313,0.115600586,0.093219936
0.6275067,1863.6438,0.73327756,0.54633474,0.07361723,0.10357435,0.084657244,0.11111092
0.6062445,5881.5825,3.750426,8.325441,0.15418467,0.12094734,0.110588774,0.11007007
0.61558217,5117.813,2.9685934,6.794657,0.13507138,0.097540885,0.088753924,0.09927879
0.62754536,4737.9775,0.4372826,6.2998114,0.10384013,0.16892068,0.072203286,0.083996795
0.68140596,3060.513,4.2375937,5.007703,0.13350914,0.093568034,0.086496435,0.060990155
0.61785406,5527.196,0.13651171,8.970241,0.09667345,0.17203954,0.062751785,0.06653257
0.60971504,5503.146,0.092803136,7.6056695,0.11187051,0.18007807,0.070553795,0.07095213
0.60625607,5729.6157,0.073229834,7.927177,0.10682068,0.19204345,0.0603712,0.06698437
0.6232129,5400.5356,0.06496719,8.687751,0.14697614,0.21410924,0.057694364,0.05879068
0.6662997,4259.451,0.116634175,10.784435,0.11591187,0.18401405,0.103660345,0.059809458
0.6889344,3702.9248,0.05961197,11.580145,0.12962013,0.13163076,0.09103727,0.0827357
0.64185184,4957.2505,0.2647196,10.069141,0.09326484,0.06966785,0.062663816,0.08572997
0.6625235,4466.636,0.12242625,10.824013,0.1973622,0.08726184,0.10263282,0.095554166
0.641626,4771.7007,5.508399,8.825009,0.1444722,0.16786857,0.10226309,0.05788824
0.62555623,3128.5613,1.032614,2.4003544,0.16257063,0.15489602,0.10175843,0.08431645
0.66862047,4263.812,3.1981382,10.975685,0.078924015,0.06683649,0.06757423,0.043770753
0.6531866,3027.7585,0.4380262,2.8829627,0.08200939,0.083468825,0.06042928,0.0977399
0.6386031,3563.6035,0.2096705,4.0372176,0.091265544,0.07878102,0.058319274,0.10271534
0.6606834,3417.3406,3.36538,5.2712545,0.140804,0.12461249,0.14884186,0.045683153
0.65370715,3272.884,1.3974427,3.8094583,0.092613876,0.06636726,0.12012179,0.07974419
0.70535636,2061.264,1.1943101,2.2035816,0.113868184,0.099458516,0.08103253,0.09356016
0.6423357,2448.4731,1.879276,1.5172575,0.12086403,0.099567465,0.07678112,0.078908265
0.6907027,3372.508,2.3643847,8.68644,0.111889824,0.10010161,0.063302904,0.055464856
0.59596604,4659.9185,1.1881303,4.40208,0.10771936,0.113389894,0.108095616,0.08039702
0.6847204,2765.168,0.74163723,3.9165075,0.12423595,0.08016787,0.06373863,0.047678664
0.68455434,2437.6514,1.7245835,2.5278134,0.1351861,0.076444566,0.07083194,0.060337946
0.65013856,2769.624,2.0621645,2.2609534,0.10047278,0.13809088,0.07062425,0.07656877
0.65069824,3465.49,3.3416514,4.2569537,0.0951709,0.16831738,0.055381358,0.09103413
0.66157633,3636.6458,1.1519871,5.6627684,0.11287105,0.09460724,0.05428709,0.09001012
0.65363824,3488.562,0.7470224,4.790956,0.09150164,0.16203552,0.07120346,0.089166686
0.6381639,3455.052,2.0713289,3.3479295,0.12741463,0.09600778,0.090336606,0.16177723
0.6565061,3828.8433,3.5282652,5.985489,0.11102385,0.106178254,0.06891041,0.1928876
0.6655382,4158.3335,0.8921072,9.970309,0.121894866,0.10147088,0.07225785,0.07490656
0.6691605,4282.2656,1.6516865,10.9816475,0.14153387,0.10428982,0.059454635,0.07589679
0.5873629,4224.2334,2.1529791,2.773409,0.137685,0.1305095,0.053715616,0.10422691
0.65245014,4181.0557,1.8021241,7.358155,0.10761678,0.19458348,0.10258262,0.054871354
0.6313249,3557.3735,1.4639491,3.696562,0.09615044,0.07046144,0.05515632,0.062113695
0.6474946,3279.1438,2.2700114,3.7306833,0.1462968,0.17652364,0.11577146,0.0755183
0.63514173,3558.835,0.9805323,3.750099,0.09476893,0.101609625,0.054443836,0.06228239
0.6275331,3500.672,5.9843264,3.3630483,0.08484296,0.13913712,0.057599187,0.08422914
0.61959475,3526.4036,3.8562486,3.0124083,0.0938271,0.14267176,0.06500698,0.10884959
0.616675,3475.0159,2.540808,2.837793,0.09172653,0.11518577,0.095987335,0.060042586
0.6560688,4149.0166,0.7729297,8.772786,0.072338685,0.09039192,0.10109266,0.06396028
0.6619976,3913.9568,3.1222966,6.7876806,0.22203314,0.120358184,0.09879185,0.10524487
0.6646212,3706.7446,2.67582,7.599474,0.22313641,0.12867169,0.099589,0.08901454
0.6171441,4681.6157,1.5801072,5.872993,0.2503255,0.1722668,0.10617481,0.108409256
0.6258809,3685.962,0.58913,3.2981288,0.16878647,0.1420629,0.052156363,0.07569644
0.6590206,3299.9998,0.9361795,4.3226895,0.11589449,0.08855365,0.08000654,0.057929717
0.69182974,2417.8516,2.4930608,2.935916,0.11565517,0.09088018,0.14304784,0.06874645
0.64870954,3421.0566,0.8140332,4.1432643,0.07539557,0.0806161,0.06210623,0.06708783
0.67191637,3181.1917,4.7761574,4.8247166,0.08650775,0.09744984,0.056929126,0.074091256
0.65141857,3648.4658,1.713069,5.197559,0.13701744,0.15677038,0.093864754,0.041782897
0.64478344,4115.7266,1.7646213,6.5522556,0.115444586,0.15417394,0.089965954,0.05811912
0.6503642,3052.7722,0.30278397,2.8043466,0.13690808,0.07038112,0.067311734,0.07513973
0.6119233,2387.9875,0.37715375,0.95755756,0.17580135,0.14890638,0.072656415,0.0942145
0.72660244,2086.7454,3.5687737,3.0643392,0.14862773,0.105340414,0.081636555,0.073667124
0.6765303,2527.9966,3.5695007,2.5291395,0.16492708,0.08753592,0.10898866,0.068646125
0.6581032,1980.7948,0.5680462,1.0032115,0.12835568,0.17472431,0.14170618,0.04851634
0.6286696,4296.2095,2.36575,5.718421,0.10841939,0.08552146,0.10406839,0.080191456
0.64196914,3534.1582,2.6001923,4.19525,0.096011624,0.08702158,0.12454533,0.10067743
0.6021323,4356.225,1.2224346,3.8123472,0.10184666,0.11210507,0.053475935,0.08143228
0.602151,5441.731,2.7675345,6.81612,0.19625399,0.16734032,0.08510457,0.06702594
0.60591197,5377.4854,3.2845929,7.1701193,0.18511912,0.17657328,0.082600966,0.06738339
0.6639109,4093.2131,0.91283274,8.890925,0.084271826,0.10834342,0.06961927,0.092746675
0.6639584,4235.1367,1.2509384,9.436287,0.08148393,0.08455441,0.076437384,0.08023211
0.6268281,5185.9863,0.37592426,8.244103,0.07740742,0.07393449,0.047901586,0.071593985
0.6331084,4864.9424,0.32864255,8.23877,0.08244404,0.086906925,0.049901925,0.074756116
0.63359433,5013.744,0.44265673,9.389431,0.103207946,0.07877428,0.092886485,0.067237005
0.6425478,3628.0022,2.012573,4.2183666,0.13479403,0.11801809,0.06088064,0.058650482
0.6830337,1985.1559,1.3799022,1.3295214,0.10937318,0.13773736,0.079281345,0.045414202
0.6757562,1892.8439,1.4782001,1.0791931,0.116857775,0.20335867,0.06593074,0.05123024
0.62622905,2285.7712,4.1107097,0.95694673,0.11057214,0.1842696,0.1197452,0.05774465
0.61800796,2206.275,0.40335503,0.84861094,0.12311943,0.0607083,0.0900376,0.079000376
0.61856496,2312.8005,0.42622706,0.97708076,0.12650023,0.06124247,0.08906226,0.08374019
0.62595916,2316.8374,0.1841206,0.99567944,0.05839928,0.12903501,0.14315341,0.060623758
0.5735077,1900.0969,0.24971567,0.40088177,0.08032556,0.12542059,0.10388343,0.057984862
0.57950443,2082.201,0.6997123,0.4920532,0.08764062,0.098873615,0.107837304,0.049686853
0.5674178,2018.8043,2.1244981,0.43616933,0.071407825,0.12960467,0.10192478,0.05987807
0.69931626,2879.623,1.8656313,5.9636536,0.12658547,0.07235706,0.0701559,0.056486826
0.70659536,1703.5891,0.8974776,1.0534277,0.10600476,0.083307266,0.064207666,0.119723335
0.6845837,3515.2866,1.4943752,8.486218,0.16333222,0.20398767,0.076132655,0.060288753
0.61278695,5616.5977,1.3174565,8.682061,0.07798095,0.11233527,0.11990262,0.074007586
0.6208748,5517.9517,1.3907721,8.657005,0.08254069,0.11864964,0.117315456,0.074887305
0.696952,2985.8865,0.036329933,5.782501,0.16739224,0.10722222,0.06677127,0.065169424
0.683502,2788.0723,0.039905228,3.5064578,0.16755325,0.104157135,0.08119031,0.08019979
0.699818,2735.584,0.014395298,4.709691,0.16812417,0.102222234,0.086249135,0.079797044
0.66894704,3001.384,0.010252434,4.1064477,0.13874134,0.08988219,0.08109534,0.08581619
0.6244924,3791.687,0.04077167,3.7566056,0.1363452,0.12296515,0.069964394,0.10404705
0.6375299,4436.576,0.21001405,6.7361183,0.093308814,0.09640287,0.07932907,0.077176295
0.6541083,4764.92,1.2360966,11.528946,0.1423975,0.11199637,0.061252486,0.0625521
0.64106774,4846.6504,0.68585086,9.273147,0.09866686,0.09575543,0.08869761,0.055402726
0.6993959,3122.8855,0.4282831,7.225966,0.10777223,0.095790386,0.04408804,0.06696537
0.70102006,3242.0889,0.6911284,8.402809,0.12578306,0.08077005,0.058147877,0.060300168
0.7062323,3313.8413,0.8815712,10.32193,0.14660251,0.08223638,0.05292376,0.06278577
0.68509185,3231.3157,4.6122794,6.301449,0.09391466,0.16450989,0.07659316,0.102797806
0.6789593,1629.6819,0.96608967,0.6116627,0.12523817,0.08442072,0.055209853,0.10204307
0.7111356,1757.4933,1.4285964,1.3557768,0.124560654,0.08642719,0.07806866,0.13340321
0.68952215,2457.028,2.3370583,2.7541177,0.106029175,0.10823692,0.06787166,0.04918164
0.6523847,3052.654,1.5268413,2.9807696,0.129455,0.075977,0.08479121,0.074719876
0.649394,3320.4438,0.7592822,3.540751,0.14759229,0.08993747,0.08165762,0.079968035
0.6821631,3613.1382,2.0737193,8.148296,0.12159253,0.090000235,0.09857504,0.0915868
0.6435935,4926.3657,3.4058414,10.439847,0.11193665,0.09575344,0.119724855,0.0996893
0.6467125,3452.7798,0.6531258,3.9194362,0.12467061,0.08690794,0.06059288,0.05768901
0.67616284,3445.0823,0.33242697,6.64841,0.10390781,0.11096892,0.08936029,0.050205518
0.6585207,2203.8406,0.21333252,1.3588014,0.108114205,0.097819254,0.104726814,0.060947374
0.6489668,2506.7617,0.20448053,1.7360897,0.09796573,0.09843021,0.10373855,0.051500026
0.67699224,1840.1261,0.37163377,0.98888654,0.10292226,0.08378157,0.086872146,0.07482992
0.73786306,1978.2601,1.9294323,3.044263,0.091792,0.08534916,0.10870978,0.077725835
0.7181474,2144.1123,2.8070838,3.0036013,0.19507954,0.0950463,0.12368897,0.084033236
0.619391,5288.3604,1.0484073,7.9234133,0.08944653,0.14449981,0.0558991,0.06264393
0.6269729,3604.5457,0.8786462,3.4672353,0.122421935,0.11762922,0.078730136,0.06485225
0.65562814,3164.6096,2.0114777,3.8687067,0.09983236,0.11172961,0.089361146,0.06576746
0.6381653,3615.2087,1.224706,3.7844265,0.07890613,0.13333371,0.07637256,0.058720805
0.6773662,2721.1042,3.550357,2.9951634,0.11029213,0.1414416,0.10248189,0.058262628
0.61839956,4351.9766,0.8903216,4.742249,0.11295369,0.086821534,0.07627853,0.15412007
0.66247755,3366.3337,0.8286817,5.207406,0.13297297,0.1256763,0.08427213,0.12599711
0.6736658,3228.9333,1.0518843,5.775334,0.1262725,0.12508678,0.08153243,0.13317004
0.6064914,2477.0645,2.215359,0.86100715,0.24898978,0.0966552,0.15389855,0.13833947
0.6764943,1858.6538,1.7261858,0.9220238,0.2436619,0.08505643,0.14202644,0.10232604
0.657455,1889.858,3.7001889,0.9047245,0.2830198,0.123257115,0.11504239,0.069594696
0.6150543,3649.5444,0.7244567,2.955721,0.10641976,0.09183942,0.070555575,0.062436182
0.6569174,3949.08,1.0007542,6.861492,0.1347432,0.1282594,0.06574799,0.06211676
0.5782442,4182.4937,1.7174902,2.6059794,0.15107352,0.08525781,0.056877326,0.081020415
0.6244837,4216.872,1.2810436,4.6917048,0.20909986,0.106099024,0.065992884,0.103027515
0.65614617,2969.058,2.4943528,3.0345511,0.110509485,0.10009584,0.068734825,0.06034209
0.6583554,3194.3254,2.9855278,3.9803722,0.10448584,0.14014855,0.06460239,0.061885845
0.6725072,2312.652,2.3345966,1.7975137,0.08754797,0.12003991,0.06303776,0.074550934
0.6911403,1918.932,2.143274,1.3519863,0.08110292,0.112551,0.062319122,0.074253224
0.6891963,1719.9114,2.5060525,0.90510345,0.10410082,0.10795062,0.09349703,0.10834822
0.61523235,2864.6711,0.7933629,1.4627517,0.19923611,0.08923061,0.06714392,0.18510047
0.6036546,2639.299,1.1818734,1.216637,0.19136986,0.09512258,0.061097868,0.14654852
0.66862196,3346.3733,3.0239956,5.1067004,0.23722495,0.07550793,0.11776866,0.11669067
0.6797875,3501.9124,2.5850646,7.3546796,0.20481956,0.077070676,0.1187246,0.12823816
0.64674515,2495.1064,1.5109478,1.5526778,0.13714479,0.11926144,0.08909072,0.10317953
0.6391918,5241.173,2.109635,10.909712,0.13060002,0.08191927,0.11626382,0.04554166
0.6886299,3487.4128,0.73955685,9.650804,0.098614745,0.12787051,0.058336504,0.11062071
0.5568561,2177.0293,4.3449645,0.4721615,0.11424509,0.1089454,0.098977275,0.09952015
0.6702131,2773.6296,1.0884877,2.815616,0.092720255,0.113512635,0.13464414,0.06565239
0.6370952,4325.735,2.824079,6.4462852,0.16599467,0.08419511,0.06428623,0.06956462
0.66917795,3665.747,0.3277369,7.437855,0.07997854,0.1051716,0.08504828,0.055372395
0.6432887,4125.393,0.39304385,6.2755003,0.078320466,0.11129378,0.08141959,0.06830734
0.6288061,4204.0117,0.6489311,5.207197,0.10741274,0.10814798,0.08652935,0.059841163
0.63228434,5001.906,0.7696996,8.511608,0.15114757,0.14603408,0.06885822,0.09087132
0.6261825,4930.1377,0.5301716,7.8374047,0.18164481,0.12632154,0.052705616,0.094501264
0.6372294,4813.4883,1.2777097,8.373728,0.15049241,0.08177927,0.1089334,0.050191686
0.6539364,2708.9526,2.7506704,2.3302066,0.08093201,0.13950963,0.06053476,0.09290839
0.6426198,3200.3083,2.5645032,3.01434,0.09548698,0.14877088,0.055063203,0.09234345
0.6472677,2993.039,1.8802111,2.7028508,0.09275943,0.14459023,0.07553959,0.07711547
0.5841801,4275.261,2.1272352,2.8349917,0.1325707,0.12431165,0.06321926,0.08662269
0.6364005,3335.3782,3.062771,3.2581937,0.17273575,0.11920445,0.05742418,0.097528376
0.6449078,3125.796,2.5441015,2.9783077,0.19701646,0.12115537,0.091609955,0.09730752
0.6618172,3609.9219,2.0381405,5.7719393,0.20917484,0.12429239,0.10002904,0.099271834
0.62542933,5681.6714,1.1419898,11.63525,0.1767126,0.06639412,0.06225764,0.05659571
0.63113934,5025.653,2.254969,9.264842,0.09550287,0.13204709,0.08338709,0.10494402
0.6345378,4994.524,0.9212103,8.8676605,0.08123029,0.15622464,0.061583128,0.097838804
0.7025199,2873.0435,2.1235685,6.4647903,0.14901596,0.06692489,0.0947635,0.046825908
0.64481884,4334.894,2.9622812,7.539878,0.090425715,0.123142034,0.109982744,0.077221535
0.6365802,2851.992,1.2846044,2.021471,0.08027011,0.085917205,0.078258015,0.042118497
0.6106584,1642.2106,3.4138885,0.3461994,0.16663307,0.09125852,0.07698658,0.1341132
0.6043906,1961.7445,2.0915678,0.5325853,0.088505045,0.1354262,0.06884413,0.13496235
0.60611176,2187.4944,0.8868314,0.70220864,0.12918575,0.09644306,0.08221389,0.073186666
0.6273823,2413.446,3.2868989,1.1789528,0.109070696,0.10608842,0.08800434,0.05231788
0.62457377,2263.3857,2.153607,0.87963176,0.14908022,0.16239259,0.09816985,0.061225813
0.64841664,3395.7834,1.8781664,4.0165634,0.15913966,0.11302357,0.048745066,0.06172861
0.65453094,2919.376,1.776054,2.7046242,0.12545097,0.09364025,0.050496113,0.05813612
0.60631794,4488.081,1.6646303,4.579485,0.09801933,0.07836681,0.051651068,0.07697307
0.7228477,2604.5618,2.197254,7.252787,0.12497759,0.11899339,0.12841158,0.07164934
0.73003525,2789.1558,2.1639655,10.575745,0.11968444,0.07498883,0.15739846,0.06368379
0.61389714,3998.636,2.4885738,3.7270827,0.092745855,0.08443644,0.09544308,0.07021013
0.62875205,3805.862,1.9393619,3.9559674,0.10071404,0.13364981,0.052083284,0.06696912
0.6687691,2546.1106,2.2832787,2.3181179,0.11024036,0.14761473,0.12017459,0.060934618
0.6989223,2023.0354,2.3035119,1.7411529,0.085242614,0.14426552,0.06733027,0.06419971
0.6133476,4748.9146,1.8930753,5.5204725,0.1365212,0.0824475,0.09723159,0.052792206
0.6080211,4675.9126,2.0595083,4.913388,0.13622172,0.07654884,0.08336777,0.06976324
0.70248926,1939.723,1.7329545,1.5063784,0.09727618,0.13208872,0.11554975,0.07472185
0.6838575,2121.5425,1.9277738,1.7755641,0.15169358,0.075969316,0.053361107,0.06445892
0.64639544,2147.3308,1.4042976,1.0767037,0.15574037,0.07582204,0.058998298,0.07047537
0.6833387,2199.2295,0.6265029,1.9260414,0.1581463,0.066451795,0.071562566,0.07575775
0.639116,2224.3594,0.34987372,1.0055298,0.12586102,0.116542846,0.09470403,0.076530255
0.6469386,4154.529,0.112984136,6.7451,0.23925634,0.09631511,0.06948136,0.06179022
0.6625811,4119.9873,4.98858,8.598518,0.06394211,0.1087141,0.08189054,0.07060254
0.6906776,3223.5693,1.5851657,7.721142,0.09906174,0.09887543,0.0686259,0.111736216
0.65676993,4366.3447,3.7996817,9.285268,0.21185723,0.12421613,0.054321647,0.058155835
0.70332575,3261.3704,1.7197788,9.915222,0.21411958,0.09145804,0.05604942,0.044575788
0.6193935,5002.212,2.1199844,7.875005,0.06095724,0.09287395,0.104747616,0.13119304
0.72469807,2543.7805,1.6218824,6.459954,0.1701187,0.081489876,0.08131039,0.03476972
0.6920823,3189.6355,6.010835,7.130131,0.23729324,0.07080763,0.09754516,0.07198587
0.680609,3386.9763,6.54073,6.840727,0.2368711,0.07054542,0.098417185,0.073183626
0.6699821,3508.5693,5.7176557,6.3747797,0.19124119,0.08961098,0.09858773,0.07375612
0.6204844,4575.839,0.32452828,6.0053167,0.09473524,0.10948545,0.11568165,0.05674417
0.71131665,2186.4192,2.113462,2.8060143,0.12047325,0.107426524,0.07299929,0.082298085
0.610935,2949.9165,2.3968954,1.7194488,0.06609218,0.12822464,0.08621497,0.07528198
0.61300904,1833.0632,1.7278587,0.47653934,0.17847861,0.08661654,0.06572479,0.08033706
0.56063026,3070.5522,1.6553135,1.0536587,0.20683798,0.09952772,0.06639689,0.060649347
0.5650026,3000.116,1.9218712,1.0555948,0.21126619,0.09951627,0.06814988,0.061047517
0.6865928,3818.3108,1.6133813,11.577193,0.07385251,0.102733,0.08516739,0.071000956
0.6252458,5756.5244,0.5300621,11.63376,0.13851424,0.10466082,0.14770588,0.05554395
0.53465915,1692.5564,2.6201339,0.24649331,0.13946603,0.10643759,0.18160227,0.057464186
0.6507544,1798.883,1.5822923,0.6587662,0.13471699,0.09082304,0.12163843,0.06410992
0.61484617,1874.0629,1.3473208,0.51207155,0.109855406,0.09353085,0.095115595,0.071418725
0.6465225,3392.6294,1.3155892,4.0083547,0.123491995,0.21132798,0.08211667,0.04673384
0.6421167,3369.4717,1.2409081,3.6498,0.13633844,0.1330271,0.07615683,0.06848215
0.6603168,2658.6155,4.7310057,2.4151268,0.12596159,0.07984192,0.06710456,0.057381373
0.6259071,2931.0947,2.2150588,1.8675454,0.11747076,0.11241608,0.071848184,0.052835196
0.6034468,2442.623,4.06459,0.9057777,0.12164362,0.06599372,0.06265376,0.061655145
0.66399276,1502.5326,3.4682193,0.46371084,0.09868441,0.08782676,0.07236355,0.06641312
0.6699001,1542.4478,3.0864947,0.5237588,0.09379396,0.08435744,0.067990914,0.067807965
0.69349444,2394.1677,3.2918828,2.8633895,0.090826325,0.12808354,0.06857243,0.07178552
0.6466329,2784.7532,3.846371,2.057239,0.084215686,0.13876137,0.07142772,0.05913352
0.7214011,1997.7239,0.43155044,2.436082,0.15988818,0.11655504,0.07490316,0.07425154
0.67262214,1916.5135,3.2105992,1.0116202,0.11737253,0.06683646,0.062384132,0.06860084
0.6848256,2045.023,3.4218192,1.4846624,0.100823045,0.06285632,0.056891214,0.058557495
0.6546285,2113.186,1.2204577,1.115571,0.12006258,0.09000105,0.07686482,0.054660168
0.65758973,2207.0151,0.6631526,1.3107394,0.13552293,0.10937363,0.06929714,0.06699574
0.62261087,2815.1562,1.2151215,1.6600673,0.099212214,0.090312466,0.052901458,0.05375715
0.65892607,2147.446,0.54454154,1.1124812,0.14060654,0.13467155,0.06496646,0.058470834
0.73685604,2007.2623,2.9653976,3.4942718,0.1317169,0.13709414,0.11484182,0.095502034
0.6369419,2348.9194,0.51313657,1.1963135,0.1101017,0.1580373,0.07205167,0.08076784
0.6379959,2347.6978,0.56416804,1.1567762,0.12022506,0.17168291,0.07232562,0.077031456
0.6379528,2291.2554,0.53249365,1.0404437,0.12241201,0.17834231,0.07274126,0.07892304
0.653599,2049.012,0.273991,0.88288635,0.09085849,0.19151743,0.09133384,0.10339799
0.701591,2729.3376,0.15417369,5.0237226,0.11403304,0.059662633,0.069923304,0.07358392
0.59766775,6644.739,2.887159,10.184739,0.122007616,0.23552725,0.08520858,0.057278585
0.59196556,6391.673,2.4936879,8.450126,0.1226797,0.15620625,0.055763327,0.059657827
0.57571644,6072.9077,3.03299,6.2527137,0.12425547,0.10917869,0.06669474,0.061802775
0.62990195,4134.089,4.2586417,5.631246,0.11561393,0.0740693,0.077188976,0.087828815
0.6393379,4238.2305,2.9777694,6.259971,0.11196243,0.0771421,0.081885815,0.08258198
0.6964026,2535.4177,1.2105708,3.6455822,0.10721548,0.13571966,0.09611565,0.120550655
0.6154631,4717.008,2.6655672,5.638645,0.14613372,0.09322109,0.06017849,0.04139001
0.7152365,2525.5618,1.128877,5.02363,0.09847434,0.095777206,0.07557782,0.099950396
0.71834713,1918.4196,0.12022736,1.8698167,0.12372761,0.11585426,0.07336264,0.05655144
0.6274363,4704.0254,0.026151055,7.681754,0.12237189,0.09588078,0.10182745,0.1113856
0.60697865,2009.0338,0.7513479,0.60867053,0.11534521,0.13954847,0.13044073,0.049025476
0.6423075,2800.832,2.6892948,2.0338929,0.10191316,0.07395339,0.048980743,0.0961233
0.6081237,2563.8445,2.7003093,1.1004375,0.11353952,0.089362785,0.05534601,0.06071577
0.6158638,2555.8572,2.4788284,1.224005,0.116708845,0.083033904,0.05173602,0.06376771
0.7452481,1839.0939,1.2564083,2.6105738,0.1341013,0.11682789,0.119943105,0.07284272
0.7009034,2415.958,1.0307789,3.304665,0.123934306,0.066215344,0.08005996,0.04738966
0.7020045,2014.2722,0.7926928,1.8738723,0.1090946,0.08190866,0.07171526,0.051683687
0.6782654,3369.8052,1.7055683,6.29769,0.12550165,0.093913645,0.0781301,0.056140646
0.6683652,3554.2615,0.42338938,6.0470543,0.09072454,0.10657591,0.072534606,0.07711756
0.7064655,2924.7056,1.1237904,7.560053,0.10106805,0.084074154,0.08676409,0.1947402
0.6292247,4058.0107,2.6322236,4.719841,0.13690686,0.18622348,0.085961625,0.1258509
0.59781176,4212.4194,0.49017915,3.37463,0.17396215,0.1397559,0.08005953,0.09371849
0.6601463,3276.2903,2.4843462,4.650069,0.12985156,0.098259255,0.11282703,0.06613906
0.6798226,2922.139,0.202852,4.1137776,0.12539408,0.08104478,0.06480205,0.07078163
0.6777199,3307.4736,0.42779,6.034479,0.20123933,0.09153426,0.075868405,0.049756084
0.63549984,4000.6382,0.41706863,5.197526,0.07313334,0.090257384,0.08148397,0.07883807
0.6724299,2385.5962,3.7722034,2.0907698,0.13094307,0.11045088,0.09667202,0.09142135
0.6764824,2537.7966,4.8183327,2.6693788,0.13658533,0.105525374,0.108803,0.09677872
0.673405,3479.1814,4.736524,6.3159018,0.13129239,0.09500545,0.08950247,0.08921912
0.6769428,3510.0752,1.187854,7.4547987,0.14256813,0.14532858,0.08354799,0.09763695
0.6505288,4489.6445,2.445861,9.210547,0.16289471,0.15036777,0.08410994,0.06559758
0.62225705,5034.851,1.8181952,7.540072,0.14092961,0.1801276,0.07118608,0.05717834
0.6525917,3387.2605,2.1017008,4.5930595,0.08529677,0.06766219,0.08158912,0.07929178
0.62837017,3472.7134,3.5959997,3.0516295,0.16051993,0.09046981,0.08898118,0.07171164
0.6496651,3468.8784,1.6548182,4.3293514,0.101355016,0.087297544,0.06283717,0.044273205
0.6565606,3926.0312,2.242551,6.4197116,0.12699986,0.12435229,0.09542653,0.109346375
0.6389858,4044.198,1.7340297,5.910388,0.10179995,0.09760663,0.08819938,0.10538048
0.6108282,4576.4126,1.6658149,5.283215,0.09484137,0.100005075,0.08580531,0.11715205
0.6272091,4188.4453,1.5579479,4.845274,0.094425544,0.099200904,0.07350542,0.11842815
0.7021855,2218.1602,1.9896376,2.604838,0.09733578,0.075084284,0.08633374,0.08243574
0.6893261,2470.8398,1.8602785,2.9850898,0.11448522,0.11487575,0.061015375,0.14702512
0.6906961,2480.2412,1.860467,2.9211326,0.115327805,0.11470182,0.060941983,0.14875406
0.67634237,2683.9526,2.1009436,3.1287131,0.10921436,0.10924728,0.055332378,0.15728277
0.69573367,1812.9565,1.5400581,1.19183,0.1419528,0.08669598,0.06622796,0.07809174
0.63664806,4154.507,2.2176027,5.7316456,0.090187564,0.11305775,0.08611871,0.055162594
0.6742303,3340.4683,1.4367098,5.908907,0.10744732,0.11101372,0.070568345,0.07956144
0.68907624,3413.2456,2.2224314,9.0299015,0.13169788,0.13693993,0.062250547,0.050661247
0.66298854,4006.835,2.0074701,8.417492,0.11070701,0.06886682,0.07722879,0.12504615
0.6136837,3265.452,1.2332218,2.0810544,0.13441846,0.14658189,0.0885639,0.071845636
0.6167081,2450.1057,1.382118,1.0264956,0.08494033,0.14099617,0.057039663,0.08424667
0.61112684,2315.8357,2.109805,0.9122471,0.09169436,0.1613884,0.06474474,0.08970698
0.59131676,1980.8104,3.021698,0.50774455,0.15559167,0.115008086,0.14678802,0.083879724
0.6075934,2593.903,0.75600487,1.1577278,0.13943367,0.11666235,0.099738315,0.08041845
0.58237904,5414.3413,5.7247925,5.1696873,0.12835549,0.08899774,0.058776945,0.059197277
0.6770295,2224.827,0.46292248,1.582885,0.15804008,0.14469256,0.08699009,0.08098127
0.680177,2369.1208,0.6912356,2.199299,0.10253714,0.11551576,0.058089778,0.061068684
0.60868627,2529.4966,2.9416306,1.0146896,0.09270164,0.16042475,0.109228894,0.04759769
0.6034764,2659.9592,2.801309,1.092839,0.09629688,0.15909761,0.106776685,0.047507424
0.5974331,1852.185,1.0712174,0.45234808,0.113081716,0.16208129,0.07284086,0.08339568
0.5959518,2820.8354,2.6368432,1.2192764,0.10378822,0.12031707,0.07594393,0.093124285
0.67931354,2900.423,1.1674262,3.9180055,0.23490465,0.09298276,0.09307024,0.06692025
0.638502,3434.4163,2.836837,3.7271092,0.09485675,0.13349357,0.11183933,0.05665253
0.66536427,3109.3936,0.1657963,3.8776503,0.12774588,0.07668736,0.055752344,0.07861464
0.66327053,3401.9502,0.29324728,5.226322,0.08398518,0.0874609,0.08952003,0.04746156
0.62728465,4113.8794,4.831243,4.8958073,0.14107248,0.13980451,0.08746809,0.0769812
0.6087085,3791.983,0.42542005,2.8875606,0.10097017,0.07498954,0.066486314,0.05635051
0.6338005,3765.1426,0.5492709,4.3322396,0.13201413,0.066446714,0.086422786,0.048443582
0.63232183,3424.6965,1.2156279,3.191564,0.1444251,0.07236874,0.0801363,0.052232422
0.6768427,3335.0881,0.37490472,5.713573,0.09521014,0.14890169,0.0727351,0.06679331
0.6334434,4132.761,3.7618802,4.917787,0.13928181,0.07552716,0.09033198,0.07720341
0.64283985,3518.1912,0.97302175,3.9688766,0.1754921,0.113576904,0.12437485,0.05977195
0.66282934,3521.022,2.721517,5.589773,0.15793,0.11114052,0.10823849,0.048512988
0.61497664,4389.022,1.192795,5.1542144,0.10011999,0.0838414,0.060162567,0.09925447
0.66539025,3908.138,2.282663,7.4475613,0.09795828,0.09278005,0.07315804,0.092845194
0.65236926,4656.352,2.5470562,11.308932,0.1109665,0.1365263,0.08572828,0.10722529
0.6546314,4712.397,2.550921,11.299621,0.11159107,0.13636285,0.085989505,0.10742124
0.5964385,4223.373,1.6292126,3.2048774,0.11626421,0.10911736,0.096873514,0.08146089
0.6590193,3955.7998,1.8417006,7.322924,0.10814153,0.10182597,0.0714065,0.13874245
0.61960024,2354.972,1.7049469,0.9781615,0.18949059,0.10864233,0.08047517,0.039388467
0.5806961,3804.5198,1.9338388,2.1292415,0.13348438,0.11609651,0.08338745,0.14715523
0.6477473,4931.5654,2.2384486,11.263103,0.11772293,0.08179762,0.08422342,0.08283024
0.6446858,3435.9087,1.4461257,3.91501,0.108820066,0.20782448,0.10015516,0.055430602
0.6499554,3266.274,1.7037594,3.6218386,0.12644358,0.13478433,0.05937358,0.05354392
0.6681366,1877.7263,3.306656,0.92015696,0.1853141,0.11208206,0.09986762,0.057327494
0.6360984,1575.5569,4.2675157,0.4284894,0.17621619,0.11618407,0.13495561,0.04649116
0.63468003,1614.3918,4.0986533,0.46189022,0.17355713,0.12053651,0.13442609,0.049943477
0.6210939,1905.978,3.3899903,0.57128906,0.1637223,0.10365352,0.10720487,0.054873
0.7096015,2655.7039,0.48586017,5.5015426,0.08336893,0.08002926,0.046218984,0.081246175
0.49786577,1564.4888,0.8326146,0.1591358,0.14875494,0.09789179,0.12220136,0.055542693
0.52513355,1678.2935,0.84249765,0.22201182,0.13765186,0.09858705,0.13156399,0.059734624
0.515353,1598.1543,4.431781,0.17181773,0.116616555,0.14813463,0.08844752,0.073395304
0.52503043,2014.7102,2.9451308,0.31856796,0.12261081,0.095642254,0.044251174,0.07203746
0.58511424,1872.333,2.1519744,0.41019264,0.15937781,0.098056145,0.060733665,0.06330309
0.598738,1770.453,2.615637,0.40668255,0.17370506,0.08305509,0.06543588,0.0585631
0.6548037,1921.3546,1.9180975,0.80271626,0.16163293,0.093456805,0.067397594,0.06147255
0.6797982,2081.229,1.0373837,1.5325994,0.14542265,0.08116633,0.07575317,0.050228637
0.67415744,1992.0537,1.1634152,1.1722468,0.13295615,0.07959535,0.07125162,0.047175236
0.6350341,2124.2327,0.7812598,0.831524,0.10730877,0.09893115,0.076851554,0.04924858
0.6394661,1982.896,1.1926088,0.78902364,0.09797314,0.08893781,0.05394572,0.058964156
0.6232738,3349.284,2.321042,2.5665886,0.14279956,0.087797746,0.08489369,0.059431475
0.6129671,2222.3528,2.0637753,0.77042097,0.15691233,0.08050359,0.06447811,0.07257551
0.671454,4144.5654,1.9417447,10.186077,0.19654027,0.12355575,0.09155246,0.06807716
0.66395843,4346.301,0.9192036,11.075081,0.1697507,0.08775633,0.08238594,0.0763392
0.64293456,5006.8613,0.56836975,11.032256,0.13487376,0.08735488,0.07427105,0.08175825
0.65399367,4094.0405,3.7752354,7.4623065,0.11866636,0.11494394,0.12107815,0.051494367
0.632427,3516.0967,1.9094665,3.5401883,0.16267839,0.14755793,0.112862356,0.06873869
0.67919534,3090.988,0.6508422,5.290756,0.12455276,0.086246684,0.08553165,0.053716257
0.66511565,3420.4219,1.160362,5.747815,0.13336866,0.06721123,0.08650999,0.05358089
0.6628869,2684.216,1.1643616,2.4315739,0.103814356,0.09249917,0.100256816,0.05035109
0.64047587,4163.241,1.2812774,6.176569,0.102473356,0.14299285,0.072985806,0.0448175
0.67012644,3501.3884,1.6471043,6.149441,0.1253203,0.1290616,0.06831945,0.0608458
0.6357635,4023.0178,1.2868438,5.105835,0.12924697,0.09513306,0.06441021,0.04715303
0.6789404,3220.1282,2.8631585,5.618341,0.09882525,0.086096995,0.07796756,0.0951029
0.68210787,3521.54,1.0589179,7.7996664,0.14449705,0.10600135,0.08610882,0.107262135
0.6497005,3117.3953,0.18563944,2.9045947,0.1273263,0.08499995,0.0857397,0.047016554
0.66889703,3258.2034,0.6385571,4.575859,0.08044998,0.07391059,0.0978089,0.06866051
0.6372899,3586.1082,0.26337817,3.5725522,0.079346985,0.09272364,0.08635917,0.05558221
0.6330837,3577.6912,0.44971204,3.3915148,0.08794909,0.090314776,0.08173354,0.06709203
0.67357105,3839.8809,2.672598,9.512086,0.1061496,0.092680074,0.06168411,0.057740364
0.6423379,4655.4355,1.1412505,8.2972555,0.13697514,0.06526605,0.05170852,0.046002254
0.6839147,3756.0122,2.741671,9.208806,0.09460305,0.16386014,0.124345765,0.11959453
0.6741681,3797.7693,3.9719367,9.167074,0.0896201,0.18484655,0.13973749,0.12809564
0.65310043,4808.1436,1.1636114,11.271997,0.16378248,0.11286596,0.10030672,0.043777246
0.6685165,4354.3657,3.0367215,11.574053,0.1130526,0.14914083,0.08758184,0.05798442
0.6710852,4175.8296,0.6005951,10.589604,0.108789146,0.06814462,0.06370936,0.117710724
0.681266,4006.195,0.8696557,11.690315,0.10808454,0.07567662,0.06889956,0.10267318
0.6425099,4791.022,3.2090452,9.317586,0.09296352,0.11505987,0.09975846,0.05747267
0.632925,5037.121,2.2854986,9.410111,0.13555044,0.08588587,0.10543044,0.06020468
0.67865145,3900.9502,1.6508386,10.516822,0.1313942,0.13385493,0.056918256,0.0648579
0.6516071,4515.022,1.3140815,9.390215,0.12923667,0.10835822,0.07892955,0.07306482
0.6417898,4063.4304,2.997875,5.974543,0.1196326,0.201135,0.08312718,0.061202534
0.66942996,2660.775,1.2246307,2.6518903,0.14967012,0.09347138,0.08203237,0.048646312
0.70022386,2725.767,1.3715694,4.994116,0.105581194,0.06543468,0.07700834,0.050186764
0.59032226,4281.1885,2.1059072,2.9909816,0.080950186,0.123560466,0.079672694,0.062834136
0.70442665,3074.9038,0.27852163,7.898509,0.10443476,0.09376806,0.08742122,0.06421022
0.58353513,2751.6375,2.0723894,1.0116218,0.08002676,0.099346966,0.08276617,0.06898947
0.60285246,2607.6377,1.6964333,1.102093,0.096225135,0.107845485,0.081339926,0.060932163
0.6063876,3033.2156,1.8766271,1.6597453,0.08407752,0.10281974,0.077858225,0.051561702
0.6016808,3174.027,1.5934403,1.7527184,0.08722912,0.099928215,0.066424616,0.052776173
0.635972,2573.6987,1.6078277,1.448412,0.095348276,0.10528982,0.06400713,0.056247573
0.6787234,2736.9895,3.1500597,3.487111,0.08565269,0.09745267,0.053274095,0.059458673
0.64251894,2835.0872,1.4927404,2.137714,0.07815228,0.09179354,0.070291266,0.078016706
0.6826334,3417.2332,1.4364341,7.3089867,0.1379962,0.07674034,0.10033278,0.04437673
0.65289855,3860.334,2.5201054,6.0296564,0.11633666,0.073163114,0.07405339,0.049806572
0.6488757,2946.1611,1.1331296,2.6091232,0.1122999,0.10288605,0.07102789,0.057195697
0.6600355,2977.029,1.6749154,3.0863771,0.1554981,0.11080651,0.085574955,0.056970675
0.5844052,5566.282,1.0442374,5.5737443,0.12887725,0.111254856,0.06135047,0.07219346
0.7098073,2827.5657,2.073849,6.6875186,0.10197784,0.14206898,0.086154595,0.056963284
0.63196164,4860.512,0.33855382,8.208416,0.07929649,0.20492321,0.090307325,0.068612486
0.6039936,5561.1875,0.4744158,7.1477923,0.116017155,0.16091844,0.061261293,0.10245838
0.627961,4659.0522,0.49286115,6.9280796,0.10339345,0.12840952,0.082341954,0.09375083
0.6949616,3480.2239,0.4956168,10.228139,0.15404624,0.18610954,0.10289412,0.08830308
0.69459987,3414.1277,0.51606995,9.750434,0.19443743,0.18985334,0.09794628,0.09541093
0.5898336,5206.709,0.99029416,5.2304897,0.17217843,0.06134984,0.09302804,0.08403241
0.64338416,4461.414,0.799405,8.106615,0.16816631,0.061507575,0.09232275,0.072359525
0.6777168,3434.5005,3.4191039,6.3888254,0.16133386,0.08426815,0.09382866,0.07140878
0.6484885,4096.4917,2.8927703,6.11825,0.16536132,0.08729449,0.0932519,0.06040826
0.63805526,4016.5005,1.0878973,5.1169662,0.18629953,0.09181415,0.10038121,0.09444824
0.6442026,4095.5566,0.8173693,6.5818563,0.15004018,0.1116398,0.08991052,0.07375032
0.6500237,3471.4343,2.7490573,4.1991324,0.11597501,0.09405376,0.07251856,0.050160542
0.6651386,3022.3062,1.1948403,3.37183,0.22133793,0.21036842,0.0640906,0.09042265
0.65094703,4255.9927,2.0932317,7.953861,0.18895903,0.26372704,0.12859711,0.042062834
0.6630325,4059.8403,1.9147421,8.180103,0.11999024,0.21223319,0.12764461,0.056918107
0.6957306,2958.1362,0.8953282,6.112156,0.122256115,0.07247242,0.07118224,0.08119351
0.6350632,5089.3613,4.1623015,10.524864,0.09471673,0.12674399,0.09992023,0.06490079
0.6538466,4801.5596,1.2849027,11.268273,0.10403222,0.1291439,0.06262616,0.066874616
0.6355852,5316.505,1.8981556,11.11815,0.12043075,0.13150473,0.06993444,0.07254555
0.66156375,4534.279,2.4107585,11.402506,0.1327915,0.11518538,0.072072096,0.060820214
0.6773334,4063.6316,0.9483323,11.770445,0.08215673,0.095828235,0.08168762,0.04363301
0.6433562,5204.379,4.55366,11.391145,0.1118934,0.12161607,0.07190539,0.09232247
0.6481589,4977.0444,4.818078,11.41651,0.1145964,0.161014,0.083369106,0.09051717
0.6627613,3959.4443,0.9155773,7.6626973,0.13084392,0.0816441,0.0549596,0.069160245
0.6605338,3989.8757,0.96330154,7.638753,0.13058554,0.082553655,0.055541143,0.06885758
0.6537367,4397.4556,0.9114097,9.338736,0.107419044,0.088495344,0.059659448,0.05951698
0.62345093,5070.646,2.1478496,7.8078547,0.10588097,0.13716115,0.06448547,0.07784721
0.59508336,4473.7446,1.685424,3.5554392,0.1298363,0.10055665,0.061074566,0.06060863
0.6593116,3336.76,2.9341984,4.1834235,0.115523025,0.11470046,0.08720836,0.07105565
0.6200555,5303.715,1.5230738,8.842229,0.11150437,0.06886361,0.11816577,0.09234111
0.6844678,3592.6157,1.610954,9.619801,0.14482197,0.13080691,0.12222636,0.07838176
0.6953267,3571.0298,1.8511299,11.379598,0.17044333,0.116855495,0.101205476,0.04202841
0.66975486,3874.4077,2.0364516,7.8397446,0.17158814,0.14712572,0.100568995,0.07826979
0.65675867,4261.468,3.8856375,8.475593,0.19212213,0.14661625,0.10104078,0.105268635
0.6710997,3883.456,3.2523742,9.520185,0.23487695,0.12934014,0.13972317,0.127734
0.6137267,4817.267,0.78836733,5.3901916,0.15636912,0.09570959,0.056315497,0.048576087
0.6940583,2848.081,2.348971,5.303525,0.08684046,0.09156573,0.09597434,0.08484312
0.62628114,2042.6578,1.568871,0.7078185,0.10610983,0.09269276,0.05790628,0.06912707
0.7085975,2905.5537,2.965476,6.941067,0.079481676,0.08844526,0.09172569,0.051004555
0.71843874,2809.4963,1.6803769,7.545762,0.074955665,0.07695524,0.08397425,0.07912454
0.5912307,5120.1494,2.1318872,4.666973,0.13543524,0.12607594,0.06682006,0.05820673
0.599767,4352.9395,1.2781656,3.5639267,0.1505531,0.11273967,0.060896058,0.049185343
0.63205343,4162.5713,1.5196632,5.757381,0.14779843,0.10831331,0.066965304,0.050575044
0.6817239,3766.4668,1.3297906,10.344178,0.13793756,0.11742711,0.07945972,0.061971806
0.66932786,3931.4,2.1320882,9.595602,0.1515497,0.08215293,0.056889303,0.066777766
0.68660635,3579.7878,3.4312718,8.693932,0.11344619,0.107052565,0.058545843,0.06821544
0.6467454,4300.6875,1.3440896,7.353119,0.12231591,0.124542624,0.08468393,0.072639875
0.6313943,3315.8987,1.7488136,2.8067794,0.18263415,0.07996394,0.0854906,0.063341975
0.63756955,3273.3457,2.01847,2.938176,0.16983075,0.07519148,0.09137996,0.05831776
0.6768285,3451.8875,1.2402757,6.9149427,0.13965173,0.08592839,0.05685349,0.06768357
0.58483064,3823.7722,2.3086524,2.2482357,0.0884784,0.10311416,0.090558745,0.07149827
0.6167988,4699.5854,4.1193085,5.877925,0.08949156,0.09078668,0.07196382,0.08498846
0.6124744,3247.0723,3.6426222,2.1061175,0.13959225,0.11730583,0.06849252,0.09099372
0.61145246,3137.6694,2.4418185,1.8870027,0.13122472,0.10630551,0.06813038,0.08761124
0.54085004,3340.8137,2.786091,1.048376,0.1532952,0.074216604,0.070439085,0.064276196
0.6074329,2682.841,1.8586363,1.2411072,0.11408558,0.10728155,0.09414828,0.060030974
0.72294915,2079.984,2.0607176,2.6236222,0.09901799,0.08827374,0.057891194,0.06870748
0.7336017,1847.051,1.0981941,2.3074994,0.09455089,0.097443424,0.06852215,0.09382406
0.7326863,1662.7723,1.4928166,1.5285614,0.09338397,0.11190988,0.08004966,0.06826221
0.62382174,2967.8086,2.5713022,1.882582,0.08948565,0.08237836,0.07689153,0.059981376
0.6407623,4051.9565,1.1043212,5.325947,0.113845006,0.1259882,0.080392614,0.062985465
0.6468169,3828.9404,0.86944336,5.207201,0.116555765,0.16868995,0.069585785,0.06113109
0.6626668,2982.5725,0.5198558,3.3222864,0.09739825,0.09493363,0.062081255,0.060637508
0.6345926,3001.838,0.98506445,2.2852404,0.12020296,0.09343232,0.0882313,0.08329128
0.6681727,3210.8901,3.6529336,4.7662826,0.084176585,0.08321107,0.11902962,0.057565838
0.6683153,2411.4014,0.7093344,1.9676508,0.092007995,0.084602766,0.055390403,0.064564236
0.7269764,2122.3735,0.29067266,3.1523757,0.08282495,0.08907355,0.052955277,0.05129937
0.6546559,2140.6885,0.27217603,1.1493782,0.087659866,0.095672294,0.056261186,0.050697193
0.6475187,3708.1675,1.3556346,4.898028,0.11616748,0.20208098,0.16256204,0.082208134
0.6259516,4670.4043,3.0161154,6.507705,0.09607661,0.1059947,0.1543153,0.049096067
0.6263815,4617.5293,3.2250686,6.533926,0.09568918,0.105583355,0.1530872,0.0483388
0.6459776,3530.8494,0.7606125,4.275779,0.108629644,0.08922562,0.11738652,0.055324756
0.6340629,3747.718,0.9660179,4.2889023,0.103767365,0.073895805,0.117598206,0.060864314
0.7015874,3032.115,1.6768352,7.301173,0.12116776,0.12405617,0.09741792,0.055605564
0.6641638,3597.58,0.5173133,5.782237,0.14868537,0.10427222,0.085434966,0.05781019
0.6821325,3372.9114,1.2237288,6.855582,0.104877934,0.087859765,0.07673366,0.0583606
0.64249843,3706.2437,2.0844288,4.591876,0.08268757,0.11663285,0.08969932,0.04351685
0.5661981,1494.3711,0.39701736,0.20893595,0.12341282,0.112093925,0.079465955,0.11904843
0.6146306,3135.2903,0.8427714,1.9832854,0.13514666,0.09688017,0.08011702,0.08660066
0.64173776,4470.1143,1.1623222,7.469288,0.11430263,0.12769234,0.07369328,0.043984905
0.60464615,4418.6206,0.7331573,3.9627693,0.11952113,0.113753706,0.08372262,0.055393703
0.66961277,3740.759,0.41345763,7.469332,0.11073948,0.116002,0.064496495,0.05348264
0.6510909,3278.6885,0.068527624,3.7308567,0.09093657,0.10067436,0.08716454,0.06327893
0.6470699,3182.344,5.232845,3.2989473,0.15490435,0.0931579,0.063182145,0.0747753
0.6178766,4337.6436,0.16202071,4.7001038,0.16165303,0.117208265,0.09441215,0.04589587
0.6994887,2539.895,0.05178006,3.807707,0.19884096,0.07068382,0.07637314,0.069451846
0.7002459,2515.5374,0.055691533,3.5683305,0.18794075,0.07476817,0.07698022,0.06892553
0.60067093,5628.3745,0.45624104,7.279397,0.079396546,0.11087601,0.07615391,0.054953847
0.61620075,5718.0034,1.5269154,9.849775,0.093334936,0.11163636,0.09701513,0.07923347
0.72141826,2838.8596,2.4310813,8.710819,0.1252682,0.110495314,0.10220323,0.08111507
0.5996801,6069.8257,0.8444011,8.27651,0.096576415,0.09647191,0.057501644,0.058894806
0.71104616,2729.4568,3.1383967,6.3599586,0.13240108,0.1844935,0.10071361,0.07140386
0.6935459,3281.632,1.6139203,7.6686172,0.12766887,0.1752602,0.09071247,0.06939643
0.68105465,3273.005,0.41269368,6.437476,0.12641458,0.23169939,0.08769756,0.09416382
0.5647643,5822.984,4.365048,4.853094,0.14841783,0.059732676,0.06734195,0.07409207
0.6487212,4475.696,1.0690138,9.5090475,0.19033624,0.10995115,0.0773055,0.105015524
0.64012206,4419.513,0.90196174,7.852755,0.19834894,0.11272836,0.07860114,0.09776344
0.65425205,3000.3787,1.449847,2.7525098,0.10784829,0.07940448,0.10067895,0.1060775
0.5938719,6995.091,1.6195072,10.804727,0.15047084,0.14552756,0.06257598,0.10753476
0.6350032,4886.233,3.4008136,8.877698,0.1175565,0.14184092,0.061532464,0.05507276
0.6293903,3012.9956,1.2161146,2.0087638,0.15393822,0.16702832,0.10092175,0.058955032
0.6126472,2904.508,2.3628137,1.5376292,0.15202668,0.17491743,0.09705656,0.056001734
0.57324797,2027.7976,2.0211375,0.4526904,0.1808428,0.103549756,0.08743043,0.068206124
0.59714764,2035.4088,0.15410256,0.54496735,0.07454148,0.08810517,0.08482583,0.072663814
0.6688339,3569.7043,1.9174442,7.1214495,0.11526194,0.09117946,0.09000438,0.07685073
0.69094485,3521.3286,1.7003375,9.3497925,0.11096063,0.11740564,0.060457118,0.06358839
0.6985832,3381.2222,1.0648313,10.839539,0.13081102,0.07074516,0.089570776,0.096123576
0.69439435,3711.883,0.6576696,11.6673155,0.1621473,0.08964724,0.1251043,0.16194633
0.6123769,4191.485,3.3084245,4.062996,0.082517885,0.13562351,0.06279463,0.04613252
0.6874041,3665.485,1.9462308,10.288662,0.110438295,0.100582376,0.1412126,0.057519592
0.70380735,3391.2712,1.1667078,11.160757,0.16600059,0.11358297,0.053482335,0.053635288
0.67419,4073.3896,2.1097958,10.488907,0.096154824,0.11535841,0.08829607,0.12899975
0.59815806,6351.8516,1.9048966,9.854992,0.13574845,0.068396516,0.08798846,0.076125644
0.6181948,5774.989,0.9779531,9.646376,0.12172581,0.10604341,0.10278599,0.0648237
0.6392085,4680.4067,1.4339646,8.955184,0.09131104,0.09035772,0.102570616,0.07932164
0.6311779,5193.0107,1.2670064,9.551954,0.08504834,0.08875452,0.105955414,0.08486857
0.6724841,3510.022,0.18006462,6.309573,0.124613255,0.114448324,0.0750802,0.055042714
0.6350487,4140.5586,0.18464358,5.550622,0.11094791,0.11713315,0.09933915,0.0532088
0.66240704,3413.6716,0.11895153,4.931798,0.11629331,0.14009789,0.059730012,0.0721548
0.66109747,3538.8372,0.18125696,5.4792013,0.10799925,0.111038305,0.078673735,0.07249392
0.6975129,3190.4993,0.18757841,7.6574616,0.08434312,0.11194247,0.08148956,0.08279208
0.6943239,3214.9187,0.25252202,7.3726473,0.10685822,0.08776587,0.07022652,0.1066245
0.687201,3314.388,0.21690328,7.2886415,0.13891825,0.11591729,0.09301285,0.08402079
0.6865536,3294.0457,0.2150669,7.743969,0.14434692,0.11433271,0.090967625,0.08319326
0.6253662,5107.983,4.043404,7.7223163,0.094160765,0.15186751,0.109656796,0.05300176
0.60483396,5159.6064,2.8016787,5.6002927,0.11598803,0.15499204,0.07214461,0.075130396
0.6875887,3269.604,1.114273,7.5290456,0.0907059,0.07986846,0.104221515,0.07694944
0.62308997,5269.254,2.7101638,8.358479,0.13202669,0.1545595,0.06266003,0.059758015
0.6374144,4761.141,1.4722215,8.8459635,0.09053154,0.098313875,0.0759004,0.084790565
0.6412277,2751.6047,2.4047253,2.0262702,0.13456018,0.10186924,0.07280681,0.06322702
0.6500216,4763.818,0.8020025,10.373606,0.08826324,0.103282385,0.08213437,0.06596122
0.6318572,4803.841,0.612579,8.300538,0.16977662,0.06516057,0.12708072,0.06242871
0.71718425,3074.4392,0.42619997,11.190071,0.16157287,0.12767567,0.14378545,0.073551804
0.60908294,5959.309,4.1715,9.860567,0.08396242,0.07243604,0.0626788,0.074722834
0.63700503,4834.2886,2.594973,8.933742,0.07471186,0.10755735,0.060800817,0.07785154
0.6924779,3118.2117,0.707553,6.91468,0.121662244,0.08151691,0.06758797,0.11903975
0.6680384,3537.7188,1.0630318,5.7163744,0.123857945,0.10303351,0.082317635,0.10466326
0.6611646,3776.7104,1.9320612,6.8660083,0.1776456,0.084009714,0.1199039,0.08035779
0.6145752,2136.56,1.276879,0.7154678,0.07852994,0.14118549,0.048117593,0.05363029
0.60574216,1950.6256,1.346996,0.522219,0.080654286,0.13328159,0.047473706,0.051986404
0.58531654,2375.7039,0.8164236,0.7302233,0.12817015,0.101513736,0.10169241,0.124901034
0.7107992,1974.9539,2.3105252,1.860132,0.16322574,0.07648681,0.12797168,0.10051044
0.66905576,2176.3286,1.4228824,1.3829145,0.08799204,0.119986035,0.059656817,0.05687075
0.66748744,2074.4426,2.4088569,1.1615553,0.09939141,0.122907616,0.060377836,0.06419011
0.682565,3054.3796,1.4994546,4.7730575,0.14351165,0.10854607,0.07003733,0.061626926
0.6797183,3042.2007,1.1861695,4.804856,0.14008616,0.10841458,0.070081174,0.067383476
0.64938504,2883.386,1.7717886,2.6016233,0.08825871,0.09191335,0.0586477,0.06550219
0.64978105,2906.4797,1.7708575,2.5739727,0.08835696,0.09097912,0.05875527,0.06515684
0.6236451,2208.6523,1.8712406,0.8527459,0.1338189,0.11398085,0.12564036,0.06993943
0.5796115,1882.505,1.951469,0.3957097,0.090814486,0.13634856,0.12033543,0.09085524
0.5620836,2272.8691,1.4591857,0.5553776,0.10168974,0.12470138,0.13889351,0.10147088
0.71718466,1771.9542,2.406825,1.4832394,0.10576768,0.14542228,0.08483574,0.09435923
0.6655331,2355.307,1.4526138,1.7033634,0.10571829,0.1167178,0.09077671,0.088177755
0.704211,2364.4395,1.1496032,3.1775975,0.14442779,0.090915784,0.075969756,0.08399099
0.6060004,4163.1797,1.0158896,3.4799356,0.15139002,0.0812113,0.0677963,0.08487584
0.634855,3847.1726,0.4888892,4.6892653,0.12430288,0.08188615,0.08516812,0.089897186
0.64289504,3804.678,3.2311518,4.6233187,0.17122608,0.13729376,0.07031981,0.04936377
0.6692676,3780.4658,2.697822,7.3401694,0.10848501,0.14721988,0.07343849,0.0631395
0.704804,2640.4946,0.77601105,4.1652923,0.14161526,0.07185754,0.08002229,0.1091586
0.6650215,4222.59,2.9487436,9.411382,0.11427736,0.1234388,0.0985055,0.05346566
0.62918264,3448.1436,1.2049825,3.0584707,0.101453945,0.18769772,0.0892113,0.04783236
0.6465239,4171.102,0.7523692,6.95311,0.106061034,0.18413353,0.12286159,0.062185027
0.6185973,2158.3293,4.8470783,0.78123415,0.09325574,0.11701131,0.11049305,0.07117758
0.6609398,2496.6094,0.4645628,1.995217,0.13552427,0.12753808,0.09004707,0.06231517
0.65797216,3448.528,1.2177202,4.755111,0.07998262,0.0781525,0.07252082,0.07267521
0.65015185,3080.1897,0.01569291,2.922248,0.10500306,0.11733246,0.096385404,0.06388502
0.5930304,2126.7144,0.049487013,0.56891596,0.10848737,0.11496803,0.08259556,0.07210353
0.6657038,1918.5334,0.048044838,0.93493,0.10233934,0.1106845,0.06829189,0.061609153
0.7550311,1685.5232,0.013474855,2.2805026,0.1110009,0.095208615,0.08691254,0.045468915
0.7263434,1525.6053,0.0121113295,1.0327874,0.14824623,0.078742534,0.09180039,0.048849903
0.7278436,1650.6976,0.022171715,1.4727805,0.13878015,0.08240049,0.08786033,0.051327653
0.5689578,3671.505,0.3881686,1.6156034,0.1210477,0.13498947,0.07633043,0.087006025
0.57134485,3245.338,1.1478078,1.3565,0.12953024,0.1208925,0.07378695,0.06773737
0.5964812,3052.913,0.9893728,1.5300556,0.11199805,0.11974081,0.06925374,0.07613294
0.591947,3489.3699,0.7896267,1.8065104,0.09404616,0.12824656,0.07052609,0.056174293
0.7047831,3107.2534,1.9788607,8.577036,0.12629059,0.07517035,0.0820207,0.09216997
0.74722666,2403.7456,3.189071,9.046751,0.13659805,0.068593204,0.09340194,0.081116244
0.5923989,2601.3044,1.1515601,0.9787884,0.101423815,0.114626266,0.080619946,0.05769285
0.6887601,1823.8739,1.0368148,1.0580356,0.11443171,0.1093633,0.10825772,0.04605379
0.69625103,2778.3445,2.270724,4.8377037,0.15415235,0.07656261,0.060704883,0.12156653
0.6996839,2721.907,1.4784088,4.8015795,0.15777354,0.07050483,0.053035308,0.106085666
0.68852746,2274.7656,1.6948725,2.2089248,0.14215441,0.1120563,0.127441,0.084240146
0.6425992,2987.0486,0.77459246,2.5089886,0.1215399,0.096328035,0.11192472,0.06808886
0.62318695,3338.1387,0.4465494,2.48348,0.10505935,0.1400235,0.09389851,0.07886582
0.6376733,3023.1128,0.31305692,2.3484602,0.10745934,0.131679,0.102892235,0.07618733
0.7035894,1905.1415,0.15204501,1.3691249,0.10614563,0.10771325,0.06458927,0.07670593
0.7030782,1929.7043,0.14950897,1.4582362,0.10557707,0.109020285,0.06458719,0.076136954
0.71451294,1791.1927,0.25538427,1.5137882,0.106657,0.11127518,0.06996368,0.10910357
0.703922,1907.6135,0.6851213,1.5887724,0.101712756,0.13437392,0.05707382,0.09120594
0.67296463,2178.5117,0.30283615,1.5306759,0.08852056,0.08310411,0.07660942,0.0846764
0.6531767,2682.3381,0.58159167,2.0761747,0.06952171,0.13115638,0.062011153,0.081073955
0.6616942,4188.3867,0.33401623,9.454713,0.13589482,0.17367062,0.07063081,0.09922953
0.6040561,4563.153,0.4073002,4.401778,0.11578935,0.09398918,0.08624946,0.09264638
0.6150985,4265.522,0.6033054,4.7273064,0.12990907,0.10335557,0.08252399,0.10640996
0.62051606,4355.411,0.4106473,4.8915386,0.15091997,0.101066776,0.07391274,0.09528494
0.73855996,2364.5007,2.1514387,6.942666,0.1950801,0.118369035,0.088738665,0.11589245
0.5876865,6550.92,0.7830756,8.277422,0.10918921,0.08934569,0.06786681,0.042985033
0.6225816,5105.8013,3.7003293,8.019827,0.16611308,0.12170298,0.07479564,0.061177775
0.63278943,4954.148,1.9836833,8.593788,0.16435738,0.122482926,0.08488278,0.06742434
0.6359763,4125.49,1.4309855,5.529036,0.15528548,0.10595675,0.07691565,0.06701049
0.6123915,4741.229,1.7358737,5.620471,0.12038445,0.10833918,0.06826041,0.07091917
0.60943913,5252.6094,2.1622853,6.59886,0.10164427,0.103227064,0.080630824,0.07645776
0.59963566,3710.694,1.4590371,2.4509425,0.16061145,0.09055406,0.06753356,0.095773324
0.5976356,3824.0693,1.7493769,2.519468,0.16756073,0.10680247,0.065277144,0.10218033
0.71183,2782.417,0.3366603,6.7524347,0.11350557,0.08273758,0.07814847,0.12326717
0.5399027,5527.6597,4.59227,2.9865875,0.20003366,0.16772105,0.09290044,0.03964538
0.6959956,3451.0015,0.2954675,9.958879,0.08267688,0.09523216,0.06985212,0.13571666
0.69027996,3550.5273,0.31598997,9.89659,0.08346039,0.102112554,0.06831662,0.13847925
0.63344526,4701.576,1.8002445,7.5501585,0.16055395,0.12405108,0.08498184,0.041868158
0.69751,3154.8423,0.79814357,7.6407676,0.09028861,0.07633343,0.07010265,0.078756236
0.7250968,2710.4048,2.8328972,7.7990956,0.09861568,0.082493514,0.084307075,0.055206433
0.5841614,5210.776,1.8883051,4.8687744,0.09501188,0.088565096,0.08166655,0.07136305
0.71375287,2798.9023,2.1918693,6.9828897,0.09785952,0.12215327,0.057684734,0.08495117
0.70752513,2943.824,1.764754,7.7097588,0.09345852,0.090335146,0.069453366,0.083157286
0.7255454,2601.4326,3.0451376,6.864499,0.10133286,0.09177598,0.08727946,0.09095858
0.60743874,6021.175,0.8823674,9.188675,0.12007572,0.113067344,0.0650324,0.053480536
0.60497135,6165.299,0.6023872,9.604272,0.12602055,0.098051846,0.060542986,0.048741195
0.6280925,4945.4985,0.45126444,7.8000774,0.12618919,0.12213946,0.0782192,0.06952129
0.6010481,2428.496,1.9010124,0.8951951,0.20254667,0.10969149,0.074220605,0.05806391
0.60376436,2445.8599,2.2009897,0.9055974,0.2170017,0.10264756,0.07259381,0.05136732
0.6764088,3203.7773,0.26720497,5.106502,0.120684266,0.09467606,0.08582432,0.09223312
0.6801964,3186.5227,0.60330445,6.2479086,0.11513832,0.092512116,0.09730513,0.09111177
0.65974134,3925.9692,0.77551126,6.618409,0.075705245,0.08428039,0.07034639,0.09417242
0.67654043,3628.133,3.8087482,7.052285,0.08714549,0.10600173,0.08874187,0.07555057
0.6808518,3700.1719,1.9683282,8.155262,0.09487898,0.10858565,0.09500762,0.069758855
0.6896515,3295.1306,3.0910084,8.527033,0.0887326,0.13672036,0.084071405,0.08488071
0.61311716,4397.3667,0.79805726,4.5749583,0.16478992,0.08490059,0.075438835,0.06167133
0.7099614,2979.827,3.2025266,8.357429,0.08288704,0.14691894,0.085840546,0.07548176
0.60931844,4686.7905,0.60247356,5.0186625,0.13157146,0.18772095,0.038939472,0.045559894
0.62524945,4447.707,0.88811463,5.6940317,0.12311931,0.17942986,0.044419706,0.046423957
0.6367443,4482.7393,0.7696598,6.436418,0.095096685,0.1598743,0.0629601,0.06932385
0.6615707,3630.5935,3.552214,5.8325014,0.09483054,0.12475773,0.07995698,0.059410635
0.6139457,3964.4963,0.7415242,3.7201223,0.11800577,0.07508597,0.08907141,0.08784113
0.6667363,4329.3677,3.3854043,11.046232,0.08177553,0.13580844,0.10718943,0.075939134
0.6149285,4541.16,0.92818856,5.1665955,0.09769677,0.09594469,0.10643612,0.06874589
0.6620585,3530.5293,4.183543,5.624696,0.08246386,0.08339568,0.081744395,0.070895925
0.6820883,2636.3723,0.5165318,2.9229429,0.11365113,0.073598444,0.071884334,0.05200501
0.6836808,2496.9502,2.3570726,2.653445,0.109883726,0.10007255,0.060834948,0.08029833
0.5612559,2463.435,0.9124835,0.6209644,0.13058504,0.09777813,0.109480046,0.060395762
0.5751897,1920.95,3.7559001,0.41061497,0.11024738,0.13045724,0.11283626,0.06004021
0.6831643,3331.0398,0.6164713,6.91558,0.108820505,0.09174899,0.063842855,0.07051076
0.609719,3999.2212,0.7368753,3.486165,0.09911735,0.117927186,0.15631393,0.062911354
0.685812,3774.765,3.3145657,10.772974,0.12772718,0.101836555,0.045260787,0.06979599
0.68270826,3809.9758,4.0363097,10.944547,0.1353674,0.10636278,0.044221852,0.06905463
0.59236187,5543.1353,0.5120679,6.490498,0.100776374,0.097972415,0.15484728,0.083073385
0.71227825,1963.2367,3.933234,2.0509837,0.09418104,0.12141715,0.07204878,0.06516178
0.7097697,2032.0383,4.227934,2.20465,0.08517037,0.12559585,0.06781845,0.05771975
0.68898594,2276.9236,0.21909098,2.2593184,0.127349,0.08485121,0.084048316,0.06830816
0.60008615,2234.6382,0.25766587,0.68646485,0.09365818,0.12801494,0.07095944,0.06374896
0.6008222,2606.066,0.46449217,1.119999,0.0718739,0.12960398,0.07004482,0.06820734
0.6684473,2272.9746,0.43464825,1.68913,0.109968744,0.15874086,0.08394182,0.06598118
0.697969,2291.1714,4.27937,2.7068753,0.102233134,0.092622794,0.07894333,0.077963695
0.6734856,2732.5508,1.1979259,2.9903765,0.13167919,0.15460606,0.06305286,0.0488356
0.65152705,3309.8572,0.90645564,3.8139668,0.09047751,0.07860418,0.08194283,0.080729045
0.6459985,3264.4724,0.84006274,3.3412561,0.07987733,0.083508775,0.09299254,0.083949946
0.63055575,3465.8584,0.9176437,3.333023,0.14413223,0.08715086,0.066912,0.09300285
0.6345656,2472.736,3.085071,1.5192999,0.1498949,0.11146644,0.08964985,0.089061305
0.66160625,2211.0452,1.3280934,1.3743978,0.075741336,0.11050946,0.0936532,0.049192578
0.503284,1575.9999,3.0186725,0.15646501,0.17817037,0.08794465,0.06754612,0.11297217
0.517761,1636.9172,1.6635549,0.19299299,0.17694022,0.09088193,0.071937725,0.09070343
0.60999566,2514.6765,1.8516909,1.0917875,0.15097223,0.09038627,0.08029214,0.05731071
0.62234765,2664.8481,0.76276034,1.3990675,0.14705943,0.07029755,0.093761355,0.0723914
0.47300962,1623.7133,0.3654646,0.14014025,0.1375285,0.14672303,0.0864253,0.0673557
0.6054842,2338.8677,0.06531831,0.814964,0.09110919,0.0792489,0.08813992,0.07344167
0.5163886,1335.5016,0.20226435,0.127016,0.1420892,0.14585951,0.12322644,0.081462055
0.46625164,1350.5078,2.2377594,0.066238225,0.0947537,0.06675062,0.10116297,0.10740114
0.48451117,1254.9974,1.4553378,0.057772726,0.12114841,0.094400965,0.06323402,0.09025654
0.49170902,1240.7229,1.6108118,0.058057196,0.13231839,0.06380037,0.056561053,0.10957805
0.6646478,4128.5024,2.562204,9.100757,0.0953976,0.13369092,0.12393605,0.050899755
0.6562384,4354.86,0.82168555,9.827777,0.1273902,0.075925134,0.06077509,0.12072691
0.6352075,4896.303,2.5047748,9.418809,0.13756995,0.10582093,0.058458835,0.11011107
0.63789904,4539.247,0.7912058,7.209775,0.15464027,0.10943114,0.08752832,0.048762314
0.649501,4954.403,2.951084,11.505701,0.112252116,0.09390995,0.07199011,0.08741799
0.68320894,3847.4868,1.8201537,9.867898,0.14650801,0.095077984,0.07588961,0.1240727
0.6295589,3872.98,0.725076,4.0079226,0.13015865,0.11514631,0.07791159,0.07502836
0.6016368,3983.3394,2.601542,2.9556897,0.120289624,0.115042694,0.09302518,0.07465699
0.5958549,3513.2324,2.4019547,2.1311069,0.11199947,0.11180033,0.07519935,0.07482992
0.6622813,4438.896,1.5146352,11.255533,0.10888362,0.10408397,0.07621303,0.054134164
0.6402517,3336.097,2.0174165,3.391026,0.10390654,0.08957441,0.07016018,0.08539308
0.6338473,3455.4475,2.9024096,3.598414,0.11439087,0.07098247,0.10293144,0.06415077
0.62698656,3705.6353,1.0785006,3.466434,0.11536609,0.18495023,0.06174295,0.08416726
0.654855,4220.3726,2.0720108,7.9959726,0.11554005,0.12402961,0.06710168,0.073611856
0.611905,3257.4858,0.5990362,1.9284523,0.14425412,0.16676252,0.070944846,0.05263847
0.6087328,3313.6313,0.7000667,2.0592117,0.14492063,0.16617619,0.075994864,0.0550237
0.6140589,3081.2292,0.38671827,1.9160283,0.104505524,0.119984515,0.06590272,0.055118404
0.71620876,2474.8542,0.43179235,4.6976433,0.11122733,0.09756263,0.09480766,0.07725273
0.6376465,4716.5093,2.4941847,8.210538,0.08639355,0.13184114,0.07344789,0.057250924
0.66362685,4132.232,1.322126,9.672819,0.111929044,0.07597035,0.10476877,0.07518245
0.61959875,4252.5044,2.2313914,4.685199,0.1105627,0.10845548,0.059034474,0.04886415
0.61054605,3739.742,2.84316,2.9526124,0.11547195,0.10008861,0.06864567,0.050359666
0.6570279,3017.2534,0.4463433,3.0848293,0.09259992,0.09388177,0.09329556,0.0757032
0.66280603,2636.2876,0.36450097,2.3700225,0.11337816,0.11560646,0.08251478,0.08102666
0.6620072,2668.1562,0.17718542,2.4114563,0.09011707,0.11370845,0.07576783,0.09819247
0.6533928,2089.3643,0.3613913,1.0816834,0.095113605,0.094103016,0.08000331,0.11138295
0.6542468,2244.3916,3.2182155,1.3625177,0.11729733,0.08662519,0.057143096,0.15178959
0.65463024,2137.0623,4.3515983,1.1981364,0.09996944,0.079927966,0.055348106,0.112823375
0.656264,1934.7505,1.6940849,0.82475483,0.10848041,0.10692153,0.062127825,0.09953808
0.67690873,4003.5771,2.0569558,10.047575,0.15758106,0.16595739,0.07221538,0.06972716
0.58444506,3743.183,1.5060793,2.2763383,0.07212153,0.08343968,0.07557738,0.16190667
0.60065454,1648.3754,3.15189,0.36096424,0.12021963,0.09438978,0.12866047,0.05610663
0.6771975,3749.9634,1.1367171,8.474837,0.10055946,0.087952636,0.0530302,0.07502446
0.70639426,2961.9453,2.1768143,7.65792,0.12001219,0.09349242,0.1056577,0.05301919
0.6875426,3227.427,4.4954457,7.436284,0.086342975,0.07793719,0.10695771,0.09107225
0.62972325,3825.041,0.56219256,4.0547743,0.1347209,0.124888144,0.053411447,0.04403565
0.6355738,3496.0693,0.58013165,3.2707865,0.1274854,0.13215937,0.07203753,0.058607597
0.65078056,3309.409,0.8406794,3.9785125,0.14551674,0.07853074,0.067729734,0.0684607
0.6565597,4480.3916,4.017518,9.704113,0.10658005,0.11050433,0.06868218,0.047336947
0.64779234,4515.2114,2.413253,8.76675,0.12313951,0.08499509,0.07486149,0.06928915
0.6472127,3776.0842,1.2584102,5.0337176,0.11220409,0.14170317,0.07311049,0.05858455
0.62070364,3902.7417,1.803269,3.705009,0.12272598,0.13874894,0.08331367,0.06425421
0.74999064,1534.553,1.8010513,1.5343258,0.10726403,0.07898467,0.06425919,0.11406697
0.74566084,1599.8314,1.1659465,1.7524695,0.103436425,0.074883446,0.05956117,0.11148271
0.6483516,2106.1753,2.9781046,1.0341794,0.1566425,0.1090507,0.07460104,0.07909553
0.67332405,2232.6917,1.8980145,1.7263614,0.20462693,0.085546866,0.07274471,0.06632109
0.66434526,2068.7522,2.3317342,1.1495404,0.18244745,0.09072878,0.057688653,0.052275937
0.62481713,1951.8673,1.4723085,0.619765,0.23803696,0.09251037,0.06537626,0.06996465
0.6223216,1860.8749,0.7897767,0.54267997,0.16424195,0.121947855,0.07620346,0.07678357
0.6895099,2142.5344,0.5613139,1.7799335,0.104253255,0.100546226,0.10632716,0.0496725
0.60915583,2271.4785,0.8670673,0.78891265,0.10799426,0.071715534,0.11682616,0.07053832
0.5756423,2472.817,2.1004884,0.7191293,0.123909965,0.22248083,0.06153653,0.06420594
0.5725055,2285.772,1.9352479,0.55894005,0.12702332,0.22412315,0.06781816,0.0680456
0.66705596,4239.3813,0.95667434,10.907031,0.15599272,0.06982453,0.0821114,0.10395756
0.6529384,3960.359,3.1766973,6.784431,0.12835772,0.12963365,0.08578688,0.0858776
0.6997411,3321.1924,5.0263014,9.617739,0.14327265,0.08521433,0.08502709,0.09353616
0.71542734,2344.8892,0.979498,4.2428045,0.15167928,0.075456694,0.07500896,0.037216984
0.65633374,3123.5596,0.47408065,3.4917755,0.118924975,0.09763512,0.09843941,0.073012486
0.63848525,3428.8423,1.4041747,3.666606,0.12754667,0.09452418,0.07928921,0.07331741
0.6507353,4326.5127,0.14439708,7.1149335,0.14069937,0.115691744,0.052542288,0.08782174
0.66949695,3973.2786,0.059674103,10.163138,0.13452484,0.08539966,0.069755994,0.09382064
0.6691351,3472.8276,0.0142281065,6.4599648,0.12542242,0.13887465,0.07766852,0.07936241
0.64534676,4930.154,0.006058629,10.60947,0.123284094,0.101393424,0.081189245,0.06184487
0.6959298,3102.2544,0.020034892,6.946981,0.15901494,0.09035001,0.09603598,0.04913178
0.5352362,1911.5087,2.7131438,0.30519634,0.08332733,0.11875197,0.06362272,0.09921588
0.5326127,1537.3475,3.0650244,0.18415046,0.1403599,0.07166311,0.06843911,0.053875335
0.55325925,2176.245,3.2606652,0.45984754,0.119097576,0.0941157,0.066034816,0.06738228
0.5519122,2150.053,3.1187375,0.42845988,0.119214,0.1289408,0.067770906,0.054455467
0.544479,2302.24,2.9986677,0.48702976,0.11811115,0.12497941,0.06749897,0.056445777
0.5928077,1856.8619,3.4495177,0.41824025,0.12639634,0.072856784,0.075424485,0.09306149
0.59561634,1731.9691,3.557113,0.3704189,0.12474599,0.08478765,0.0862677,0.09287515
0.6570466,2859.3333,1.1944188,2.4595003,0.09581485,0.1024648,0.08554399,0.053706102
0.61790437,3891.6665,1.4557953,3.2942927,0.16175613,0.111642376,0.07266073,0.058375545
0.6781852,4145.797,1.447394,11.244541,0.09375425,0.089206815,0.08591163,0.08483811
0.66965294,4326.0054,1.8035893,11.165074,0.1053836,0.099946536,0.08802119,0.086985946
0.61029005,4387.6094,1.4241755,4.0907135,0.18575892,0.09053243,0.07316421,0.056643456
0.5912617,4540.972,1.3615899,3.5150063,0.17455861,0.100277066,0.062722825,0.06068947
0.6980242,2583.1182,2.3972692,4.1689305,0.11910709,0.10364957,0.101158164,0.083911546
0.70044434,1987.9337,1.9442514,1.8333588,0.11421867,0.08672744,0.113031015,0.08424334
0.6490321,3973.1309,0.8723375,6.402656,0.08140367,0.089250505,0.07014983,0.07074012
0.6704717,3108.0845,1.8211565,4.421784,0.12783869,0.10411862,0.07817622,0.05394662
0.6736652,3204.9868,2.1537292,4.706524,0.12974706,0.10288134,0.07915737,0.053795114
0.67231464,3413.849,2.4621587,6.3530493,0.13536903,0.10283235,0.08069447,0.05754705
0.68616605,3347.6638,1.1686374,7.138157,0.11806132,0.104512274,0.081992075,0.06750497
0.68545026,3434.304,1.9099098,7.7772775,0.08725849,0.109473124,0.055819035,0.084959775
0.6001537,6445.4873,0.5397445,9.898589,0.10522041,0.13216898,0.06746451,0.07379371
0.70352554,2250.8657,1.1866509,2.8430781,0.09888962,0.068966314,0.104668476,0.06408313
0.7123192,2272.755,2.6486824,3.3257222,0.124621816,0.07222316,0.1578967,0.054802455
0.6194898,4347.2935,0.10361505,4.7357445,0.09614774,0.16041048,0.05040758,0.075791195
0.64705765,4353.197,0.06061707,7.5960903,0.119561344,0.113546714,0.06303462,0.061811864
0.6613441,4153.9346,0.762711,8.954986,0.12747537,0.11719653,0.069546975,0.079107694
0.5888486,4115.0576,0.2891724,2.8226604,0.16939244,0.0796563,0.11399227,0.041669477
0.603693,3732.6082,0.26894194,2.6150954,0.1760185,0.08637674,0.10372143,0.046324693
0.6948889,3275.7886,4.3025656,7.9953837,0.09566994,0.12608075,0.087510474,0.108206265
0.64715284,4562.535,0.5743807,8.509503,0.14305344,0.09949108,0.05740002,0.09374629
0.6480043,4834.602,3.5122507,10.040879,0.11532481,0.112968616,0.09528653,0.059197363
0.5820031,4043.4368,0.52831954,2.5449023,0.1464332,0.07535377,0.07272274,0.08908582
0.71099114,2888.2979,1.055473,7.739783,0.08194089,0.14311045,0.08113425,0.06387353
0.63559425,4448.6694,1.6189662,6.9388824,0.12692891,0.10389324,0.08648107,0.055815015
0.63009375,4569.1953,2.2967274,6.7687235,0.12127923,0.09349859,0.08414139,0.04898025
0.6434893,2877.4507,0.7389838,2.2450066,0.18304896,0.10959566,0.09418811,0.05422572
0.62944037,2043.9159,2.6188881,0.80142444,0.14808579,0.09921987,0.11556763,0.06231676
0.6349843,2008.8911,2.6731405,0.8156469,0.14873156,0.09426516,0.119253315,0.066477485
0.6348795,4870.708,1.0887656,8.621045,0.18050182,0.14749084,0.05623313,0.07084736
0.6237315,4799.7666,2.7783902,7.486321,0.12534265,0.07871653,0.10616507,0.068199225
0.6755249,3810.553,1.1714748,9.286499,0.09236558,0.12405075,0.060080305,0.06055055
0.5932074,4847.3975,4.866583,4.259777,0.12354385,0.105561286,0.082864694,0.07698289
0.6324288,4940.175,2.4219782,8.795717,0.12814146,0.08956006,0.05571397,0.088618666
0.63091236,4973.0845,1.4051056,8.202184,0.11545659,0.1328246,0.07749709,0.055732265
0.6075313,5766.0254,2.2559361,8.526207,0.11770806,0.11514123,0.07023185,0.051027153
0.62276524,5519.4546,2.354749,9.564388,0.14023396,0.10237287,0.05249279,0.059397917
0.6406707,4879.116,2.9248474,9.738725,0.11375319,0.11053982,0.06406361,0.05362282
0.653253,3006.9824,0.58725524,3.0413039,0.106455915,0.08777939,0.07728352,0.06488928
0.7033217,2444.3652,2.5491672,3.9496303,0.13841894,0.11585219,0.10164948,0.0683078
0.7122535,2596.0247,1.5336003,5.6758814,0.12109836,0.11683895,0.10539634,0.07813703
0.7184355,2812.7344,1.5232853,7.638507,0.11380031,0.11217528,0.10627292,0.07092622
0.5110005,1694.1444,1.0227025,0.1891808,0.11372192,0.08943263,0.066960305,0.0672761
0.5059316,1459.0912,2.731686,0.1317295,0.092881635,0.08085234,0.054420166,0.058825184
0.6797943,3043.9878,1.7503475,5.1395807,0.1967258,0.13336454,0.13429776,0.08127316
0.684609,2982.4639,1.3970498,5.3929963,0.17446658,0.09330675,0.06936857,0.100981444
0.6738644,3694.715,1.6122104,7.964763,0.11553278,0.13364637,0.09885827,0.048386037
0.66362387,4072.0913,0.91300803,8.714994,0.13742083,0.13719207,0.07470019,0.0501319
0.6376372,4623.3833,2.325739,7.887985,0.16070135,0.079937704,0.12360487,0.072572626
0.64198893,4822.4023,1.1139778,9.740657,0.28204167,0.0765302,0.10381651,0.07534687
0.634064,4754.519,3.112103,8.231736,0.2759948,0.09492989,0.07771568,0.13934475
0.63454294,3726.07,1.4897698,4.127639,0.19730906,0.08493823,0.085712746,0.06475476
0.65618205,4545.327,1.338266,10.321297,0.13363175,0.11698032,0.0690894,0.11158096
0.6415271,5021.344,1.2636821,10.261064,0.10959749,0.13204835,0.062447287,0.09780811
0.6531869,4034.4465,2.845528,7.4181266,0.082617804,0.08756198,0.08810808,0.059772607
0.6641486,2477.3196,1.4052336,1.8744211,0.120243885,0.190128,0.05372504,0.10159242
0.60839695,3831.983,1.4604366,3.0541682,0.09758469,0.124121994,0.06596828,0.065974794
0.64513975,3457.977,2.3363345,4.0823617,0.15637386,0.0849346,0.090655655,0.12273499
0.6534263,3291.8848,1.4589484,3.9778771,0.10850702,0.08805561,0.097438246,0.043595016
0.65938854,2241.53,2.0806785,1.3966508,0.12818332,0.1023329,0.06920305,0.16034324
0.59399164,2977.0542,1.4445909,1.4053131,0.14263195,0.0764307,0.07293496,0.057240687
0.6521198,1967.1865,2.282532,0.7984459,0.07920534,0.13097888,0.08815563,0.09328365
0.5951707,3049.6106,1.615548,1.5208358,0.14445034,0.07327246,0.070540234,0.06585385
0.6288434,2718.4934,1.9994235,1.6333612,0.14385386,0.05886005,0.07194635,0.09208876
0.6764785,4084.0076,1.6834525,11.232475,0.1010582,0.2128691,0.08167664,0.052470267
0.6665805,3434.6868,0.29385066,5.6823463,0.16346808,0.11006483,0.06400237,0.08434753
0.65714294,4638.831,0.07427663,11.460075,0.07908891,0.0908354,0.10045352,0.05346535
0.6770863,4055.5525,0.14121231,11.53496,0.117486954,0.08306433,0.05366138,0.08250618
0.6609847,4468.952,0.1975549,11.615546,0.12088951,0.056493923,0.05290205,0.09728759
0.6758241,4173.081,0.08296959,11.775859,0.11466385,0.08397801,0.065695055,0.07485564
0.6547155,4676.606,0.113571845,11.092567,0.12239502,0.109185666,0.08913484,0.0564214
0.61721957,2903.5212,4.442268,1.6836061,0.10384005,0.095920146,0.06405437,0.088982016
0.64401203,4671.915,0.8659166,8.99734,0.08928807,0.10513861,0.06213074,0.056861043
0.67213297,3870.5762,1.0309421,9.0565815,0.08943564,0.1037541,0.07665067,0.051647704
0.6328137,4708.967,3.6195817,8.206779,0.07845065,0.09105826,0.07257899,0.07206789
0.6654372,4471.718,1.6839908,11.036345,0.078532,0.11446688,0.06388101,0.09098828
0.655771,3284.5637,1.273663,3.5904589,0.17113762,0.09718846,0.13768269,0.06622083
0.64349174,3390.0503,2.4542015,3.9005184,0.11380907,0.14038093,0.07009959,0.09416204
0.66027427,3804.4473,1.3837054,6.6735272,0.09153236,0.08279066,0.09247117,0.056812394
0.6340843,3058.6123,1.1777525,2.2715967,0.13365532,0.20602411,0.07755069,0.09779498
0.6812278,3584.2988,1.8568407,8.524741,0.09651758,0.054746274,0.08746196,0.05024803
0.60215604,3801.0254,1.9296249,2.5923843,0.13321754,0.23469916,0.064433925,0.08901307
0.6156525,3498.714,2.2697,2.5099015,0.24995536,0.11068223,0.072574146,0.06142964
0.6861583,3486.2068,1.2384853,7.7762465,0.12381818,0.12829067,0.079988606,0.07488502
0.4667502,1457.3416,1.697962,0.10106316,0.10615051,0.09895736,0.0923924,0.06360784
0.5484166,1839.6337,2.6303964,0.30381674,0.084515914,0.117552824,0.076156884,0.06874528
0.57108873,2014.9017,2.3695123,0.43078637,0.074384876,0.101967454,0.07065395,0.07140674
0.5753132,1972.9481,2.0211368,0.41998094,0.07354539,0.10335254,0.07250232,0.07773301
0.5678916,2582.922,0.29998243,0.735736,0.15836534,0.08470538,0.1061438,0.06807894
0.7128552,2137.5066,2.5169802,2.6098921,0.08226715,0.10855603,0.05656115,0.06276453
0.6975516,2134.0457,1.6000907,2.0754135,0.0824049,0.12770215,0.06335424,0.070661835
0.61668426,2346.6047,1.971197,0.9469001,0.13871415,0.06541694,0.06645687,0.092256814
0.6195836,2151.323,2.5774136,0.7839514,0.11690493,0.06074441,0.07038442,0.08635539
0.6417987,2018.6865,2.8249135,0.80080897,0.11239022,0.06544156,0.088391215,0.07845636
0.61228186,1712.1333,3.2608542,0.39628738,0.121108755,0.08178266,0.0690136,0.08469254
0.50502753,2073.3828,1.028838,0.32237694,0.13318804,0.15676986,0.079858005,0.077807546
0.5019513,1201.6953,0.592139,0.055046387,0.11342972,0.06557925,0.11368704,0.09898508
0.44309747,1238.3754,1.1643726,0.022141878,0.099872425,0.104503974,0.056886114,0.09006242
0.44841123,1237.3364,1.3520176,0.031334348,0.105500646,0.10183505,0.050464734,0.094228834
0.48907685,1389.3977,0.15493464,0.11540273,0.0989588,0.09882867,0.13178073,0.066820905
0.5339479,1652.655,0.38892347,0.20580824,0.1565755,0.106591895,0.111458525,0.10595377
0.44333285,1336.2318,2.0843585,0.04332176,0.13036701,0.08973444,0.09093647,0.051387005
0.45528287,1271.653,2.1859632,0.047195174,0.14167583,0.099518694,0.0653758,0.049121417
0.61332023,1946.0353,0.12996823,0.5564543,0.10582297,0.096722275,0.112815656,0.10086221
0.60041136,1971.9716,0.33699456,0.54122376,0.11371097,0.15994567,0.09681097,0.0648862
0.50963753,1825.0273,3.4448712,0.23088865,0.16353913,0.07271119,0.06828701,0.07978672
0.5461127,1709.0083,2.3616645,0.2700157,0.06633543,0.13755707,0.08725431,0.06054788
0.5727706,1694.1787,2.019861,0.30174088,0.0924698,0.13198814,0.10425122,0.06444846
0.4373288,1469.6589,2.9247785,0.06554887,0.13376263,0.09523118,0.054371115,0.0849333
0.5280509,1415.1278,2.2756023,0.14005621,0.072521076,0.087885916,0.11263478,0.06601766
0.5292033,2252.6858,0.6012681,0.40777224,0.106858455,0.07508233,0.10156951,0.07565857
0.5824933,1390.975,3.917407,0.20803939,0.13282304,0.07758255,0.07154279,0.062384874
0.61963016,6054.298,0.169373,10.860347,0.11158221,0.13198735,0.08821212,0.0820676
0.69532037,3565.0767,1.0195101,11.825083,0.083407,0.07343801,0.0771001,0.05407217
0.63544273,5351.8594,2.3927748,11.87364,0.12730786,0.1395975,0.08523944,0.07120204
0.68517166,3662.22,0.31305096,9.931753,0.15951166,0.093016535,0.079886,0.053209838
0.6569374,3701.643,0.18204245,5.683958,0.14460668,0.08260467,0.08366984,0.06070445
0.6652805,4200.215,0.36113888,9.900794,0.117201164,0.07050286,0.12475232,0.06283459
0.6464698,4223.7227,2.7952752,7.3249393,0.10657345,0.07884553,0.10097617,0.07980804
0.66309,3245.142,2.089748,4.317623,0.1401988,0.09586614,0.08305731,0.051715337
0.6614944,3679.226,2.098818,5.965085,0.098664224,0.14091349,0.06777301,0.06309068
0.6397063,5239.757,0.64897674,11.641125,0.100894615,0.0926196,0.058949437,0.0511992
0.6021402,2642.281,2.9109578,1.1845306,0.1930116,0.11469799,0.0927073,0.08406143
0.5923638,2897.0352,2.0448122,1.3353405,0.21668369,0.08611332,0.09852011,0.08788709
0.60322607,2444.6714,2.5266607,0.89362466,0.11366161,0.0648577,0.088003755,0.12108817
0.6475126,2373.1643,2.1409829,1.4131672,0.10330898,0.060429953,0.0844425,0.13270892
0.6447433,2029.5023,0.7451881,0.8389136,0.097127974,0.22898388,0.09972055,0.08312133
0.64116055,4581.3833,2.6879542,8.521744,0.11651931,0.05451656,0.070538975,0.053441573
0.6486743,4226.918,4.263419,7.436385,0.10468205,0.086729966,0.080246076,0.068644084
0.6912706,3652.718,1.4465746,11.243329,0.124743156,0.053735957,0.07921703,0.052725714
0.5475272,3359.6592,0.034130182,1.0898458,0.16618134,0.22673948,0.065405995,0.07506989
0.6236211,2891.8645,0.03952591,1.6592292,0.10119201,0.17194678,0.09018879,0.06461043
0.6388624,2885.3591,0.045575712,2.0111659,0.09987495,0.1642225,0.090466015,0.061713807
0.6604293,4075.9263,0.32314688,7.970352,0.11267765,0.07572696,0.081377536,0.061903436
0.6468435,3653.7158,1.6487337,4.9672794,0.1182365,0.14802197,0.07424961,0.074215226
0.6571055,3693.0293,1.9018801,6.1176863,0.10880767,0.071302466,0.08226748,0.06175256
0.65558976,3765.1655,2.863577,6.0547075,0.13138153,0.10439961,0.05199781,0.06605548
0.6075138,5188.11,2.4831035,6.245477,0.20154902,0.09889191,0.101388514,0.046352115
0.63231623,4121.268,0.88259083,5.2140546,0.23909673,0.14208886,0.0799031,0.049150728
0.64586157,3929.1482,1.5630769,5.6015325,0.21732311,0.1321698,0.054265246,0.060483936
0.623858,4582.3047,0.5514949,5.9964914,0.22626458,0.18807922,0.10177876,0.047337502
0.6193753,4153.4995,0.573387,4.183413,0.22974095,0.20133527,0.100347094,0.04431133
0.6280713,3619.3062,0.8137633,3.347233,0.1719816,0.20472299,0.09023748,0.045717746
0.59029746,4423.1006,0.29506275,3.1349578,0.15162376,0.3213136,0.06780024,0.07880937
0.5909104,4335.9736,0.7079748,3.1040134,0.1122328,0.1825911,0.07402499,0.06601078
0.5870942,4247.977,3.1914384,2.8824606,0.118922964,0.16027203,0.07221822,0.07540442
0.6846645,3066.047,1.3407216,5.33427,0.088216454,0.11458427,0.079271935,0.05918933
0.6412712,2495.954,1.0500076,1.5217274,0.10370531,0.14882036,0.049472168,0.05303335
0.6777081,1937.7405,1.2240708,1.2334503,0.103299275,0.11569839,0.1200576,0.07673716
0.64668196,3585.9385,1.4227194,4.6747065,0.08690537,0.10791382,0.13642725,0.06598065
0.6317159,3874.89,1.2565542,4.4824886,0.08960677,0.1095261,0.14538798,0.0616788
0.63962835,4671.9355,0.4710938,8.759229,0.10847627,0.073730856,0.10685234,0.09345956
0.6369706,4657.2017,0.60626316,7.9186654,0.08185863,0.08832471,0.08729643,0.07765576
0.61706835,5341.814,0.5887199,8.542968,0.0864187,0.107138,0.100737125,0.08645412
0.67658794,3731.1694,2.738295,8.504569,0.07756545,0.06639612,0.051198445,0.057147484
0.70917726,3038.947,2.1169806,8.5556135,0.112035386,0.0994017,0.052701674,0.05787815
0.583479,3772.2683,1.0677599,2.1235244,0.09927979,0.08783055,0.13663347,0.07944987
0.6411004,4146.8037,0.8807422,6.0051394,0.07410931,0.08671636,0.0794354,0.05823359
0.64605683,3647.7104,1.002095,4.8347487,0.09341878,0.10508766,0.07056285,0.08228535
0.69191796,2206.7495,0.6797895,2.0859747,0.07335617,0.13078377,0.07898037,0.105524346
0.63006103,2285.1208,1.7909552,1.0454352,0.100246824,0.066541195,0.07287952,0.037398376
0.6239788,2480.5833,0.8944043,1.1867659,0.10410586,0.06978185,0.057159815,0.047551688
0.68763334,2023.9664,3.0189512,1.4450657,0.09707227,0.10810985,0.087022536,0.080056876
0.69587326,2621.7983,2.8209486,4.100851,0.09855847,0.09654805,0.05900751,0.07607582
0.4580327,1254.985,1.1183418,0.042789448,0.12791356,0.10714873,0.12644684,0.061132707
0.45468083,1269.7372,0.56995904,0.054565363,0.13365676,0.1271528,0.120849825,0.054377638
0.44234484,1170.9723,0.15337971,0.019764805,0.07122479,0.09142475,0.06984093,0.058499742
0.4611516,1134.3088,0.36635736,0.024309728,0.10412917,0.075705916,0.0818442,0.06277317
0.42733625,1192.7279,0.7756736,0.01524735,0.19938934,0.120152555,0.09084855,0.073529504
0.5105946,1279.5765,1.3497925,0.091832176,0.16873178,0.11352788,0.0630736,0.14179292
0.47733438,1640.6674,2.7946022,0.1437977,0.116162434,0.09723841,0.1101127,0.047152914
0.4807693,1747.2606,3.148675,0.17683455,0.11657427,0.094785854,0.106088474,0.044084623
0.4799141,1889.1913,2.9937737,0.21485145,0.110411175,0.09348807,0.107774645,0.04696998
0.5385226,1217.061,1.6148558,0.102057055,0.17301092,0.11709626,0.11181131,0.12058274
0.6299157,5353.419,2.3672915,9.59805,0.08796864,0.084743656,0.058191232,0.048257906
0.63022697,5009.4976,0.9205043,7.9724936,0.10107107,0.08364401,0.081358954,0.041453116
0.6627153,4102.9463,1.4589646,8.675239,0.11047392,0.08246785,0.086068034,0.04416562
0.6363019,4746.102,0.78834397,8.326726,0.09946753,0.08221603,0.070509486,0.10928247
0.659009,4633.8447,2.9002225,11.434194,0.09099374,0.15869,0.06967078,0.067121394
0.67716706,3986.1426,1.7185706,11.55934,0.15486401,0.05348264,0.08028104,0.05942717
0.6535662,4869.2246,2.140865,11.823084,0.08637186,0.24686904,0.06685612,0.08238555
0.6926548,3769.8718,2.8205833,11.894276,0.078404374,0.108557746,0.053896934,0.061557822
0.63735753,5335.692,1.8996103,11.88113,0.11583181,0.12589268,0.08001378,0.06374794
0.67519504,4274.5684,2.5041575,11.861664,0.08934276,0.09123352,0.059015896,0.07685773
0.6520892,4877.4023,1.422931,11.891171,0.08445683,0.10596534,0.08701548,0.047904193
0.66358304,4507.155,1.5780412,11.9079075,0.08314652,0.10589604,0.07917134,0.04674816
0.639579,5173.423,1.951024,11.622725,0.11676267,0.13060471,0.0973019,0.07478699
0.6423348,5101.138,1.9944162,11.464983,0.15662518,0.094144955,0.07297481,0.06986072
0.70911074,3330.8533,1.383849,11.894508,0.1372946,0.110867314,0.08038935,0.054637704
0.7045692,3464.7317,2.3914387,11.931395,0.12082807,0.1168182,0.08543277,0.052579354
0.6054469,6096.9185,1.2788799,9.658706,0.09718478,0.07948352,0.12396699,0.15967831
0.6702178,2689.4648,1.2056563,2.6740136,0.13798006,0.110153295,0.049999747,0.044466667
0.6798383,2780.642,1.3152058,3.398845,0.14837605,0.115634136,0.052260835,0.047906306
0.56863993,1914.5122,2.0302062,0.3788775,0.10191044,0.08542802,0.13292891,0.09765765
0.56727266,1614.0571,2.0154202,0.27640584,0.10453353,0.07705559,0.13012213,0.08478456
0.5481678,1753.6283,2.113884,0.28529269,0.09097363,0.08490628,0.15539457,0.08988118
0.5628772,1780.477,1.374255,0.30991277,0.105886295,0.076496236,0.126886,0.11594891
0.53129864,1928.7867,2.332644,0.31449094,0.09295228,0.0912808,0.14320374,0.11521076
0.6198776,3306.5925,1.1836554,2.4406202,0.125102,0.12142621,0.05903743,0.15809141
0.6002199,2841.3762,2.8018036,1.2754219,0.12810446,0.15692955,0.07408346,0.09314911
0.6688004,3479.155,1.0282586,5.8656416,0.14898452,0.094000116,0.06254171,0.09708688
0.6679753,2429.2834,3.4059079,2.0309124,0.16204943,0.11211787,0.086269334,0.04627548
0.6842354,1931.3403,1.9409579,1.2163033,0.17008185,0.13406739,0.075959064,0.067459084
0.69662935,2162.9768,1.0040648,2.1441994,0.09103,0.072083764,0.103182435,0.061771087
0.6764417,2656.6091,0.82356334,2.7794247,0.117164984,0.08680649,0.07472107,0.058157653
0.6090483,2642.846,2.1806116,1.1354,0.10820222,0.1217463,0.093405835,0.07760638
0.61713827,2330.2952,0.7606808,0.93529636,0.12982395,0.0816132,0.076864675,0.059835915
0.5998032,2681.7964,3.8407326,1.0862381,0.11230212,0.16313206,0.06023173,0.063089676
0.69153607,2960.9028,0.28470004,5.6059637,0.124417506,0.07439889,0.09302833,0.07872549
0.6880691,2897.3093,0.87113273,4.9280605,0.1561566,0.07013719,0.08976382,0.05348657
0.7032107,2213.8694,0.45878497,2.541665,0.16169819,0.07961695,0.06843072,0.0764063
0.68755245,2725.3044,0.2681524,3.6318352,0.18045405,0.08629286,0.068486266,0.07101011
0.6826735,2704.3093,0.34445447,3.518805,0.17122655,0.08390041,0.056862347,0.075857684
0.6974373,2465.2017,1.3137404,3.2575397,0.10979612,0.10592872,0.07450065,0.06056697
0.6580189,3146.6392,0.8287832,3.6246483,0.09669623,0.09383491,0.07489666,0.058509853
0.65163356,3298.4539,0.5746418,3.7890594,0.1695536,0.082517296,0.07295931,0.066336334
0.6451899,2323.8196,2.4676406,1.3089281,0.13164328,0.100730926,0.086886644,0.060660467
0.6547258,3896.8762,2.364955,6.8571434,0.09892087,0.09558802,0.11773806,0.058041018
0.6886352,3514.2834,1.9016114,9.080596,0.1070248,0.11681221,0.12720068,0.059196174
0.63452315,5302.7407,3.426213,11.109424,0.091762684,0.13376145,0.081748314,0.05583755
0.708904,3111.4468,0.63161933,8.305729,0.1512756,0.10311175,0.0733479,0.15076995
0.6321125,5083.674,3.2879474,9.248739,0.08516052,0.12213323,0.08300411,0.040276736
0.680484,3480.3057,2.2279081,7.570962,0.1072649,0.10446223,0.07580972,0.04725962
0.68580216,3231.0112,1.4037865,7.3781424,0.11656799,0.08156331,0.102354124,0.08940965
0.6803645,3365.3174,2.3720458,6.3362517,0.10588215,0.15642649,0.06677076,0.07526949
0.584122,2588.1096,1.5720153,0.8704918,0.12544796,0.07417668,0.11842778,0.06389816
0.57429826,2308.2537,2.0894954,0.6080833,0.099617995,0.12708339,0.065418035,0.07649461
0.6536692,1971.4944,0.993216,0.87834466,0.0940661,0.099342465,0.05414267,0.074030586
0.6247343,4987.267,3.1617908,7.9632745,0.11217207,0.08936438,0.09882617,0.06551902
0.58928293,6309.218,3.0218303,8.013296,0.13215606,0.08775932,0.10962291,0.062448658
0.6543212,3570.9102,1.3125101,5.0749073,0.07128201,0.096054964,0.08422247,0.07694264
0.65695536,3746.664,1.1673716,6.080696,0.07466394,0.08621394,0.082749255,0.07630357
0.6434084,3910.0735,0.89878607,5.2329874,0.14301212,0.17977497,0.09617548,0.06429409
0.63973385,3981.4238,0.93947524,5.1308937,0.1437331,0.17898059,0.097799666,0.064633265
0.59731877,4136.3896,1.7844126,3.0197842,0.15402249,0.17834616,0.06647092,0.055319507
0.64488006,3628.2432,3.874749,4.7067003,0.25791258,0.16519803,0.10173815,0.06046212
0.64000225,3016.7053,2.685165,2.5015616,0.28351584,0.15603895,0.10293238,0.057988707
0.5641768,2925.8127,2.2501342,1.0186733,0.17515713,0.15785237,0.11074856,0.06896424
0.60175395,2564.8723,2.5737114,1.0926635,0.1667349,0.1546318,0.0967295,0.069992706
0.6126996,2489.6711,1.8371226,1.0126398,0.1378346,0.1790204,0.11343502,0.06127891
0.5939298,3479.0295,2.0734906,1.8787084,0.17036861,0.08948997,0.06252474,0.06884323
0.68003017,3801.6091,1.5198839,9.854897,0.08205958,0.121242344,0.099046275,0.065538585
0.67189974,3692.432,1.7425045,7.6576295,0.090900615,0.11666127,0.08581427,0.06813035
0.65223145,4740.5913,1.8086088,10.674385,0.112310424,0.08575508,0.08228547,0.054885957
0.62500954,5434.939,1.5121142,9.762209,0.097268246,0.06903314,0.06188049,0.06665843
0.60626477,5647.0396,2.4473252,8.298003,0.08147575,0.07193982,0.073965445,0.09157407
0.602921,5489.881,3.0106528,7.5965595,0.0701553,0.11006262,0.08762171,0.10187726
0.6290784,5092.1284,1.0179181,9.3188095,0.105323315,0.113941595,0.066861525,0.09836872
0.66677475,3655.01,3.5538483,7.4807205,0.09528588,0.070174,0.07480351,0.058204886
0.59959364,3954.4927,0.8463161,3.077518,0.13388377,0.14154646,0.0770708,0.09908118
0.6161869,4489.6323,2.7224085,4.8837533,0.18179286,0.17254226,0.11837197,0.09206874
0.657382,3259.2317,0.8245377,3.939748,0.06962717,0.091152295,0.04724668,0.047118112
0.71464235,2130.0137,2.452456,2.478131,0.17974994,0.099705175,0.19423729,0.10118945
0.6846864,1957.6952,1.4625821,1.4207451,0.1390837,0.13492666,0.0630424,0.062189206
0.6904,1976.548,1.5080906,1.5781133,0.13087738,0.13654654,0.06497717,0.058609135
0.68970054,1921.8389,1.2531987,1.2535706,0.14183368,0.13363002,0.06775632,0.054322097
0.67635596,2303.4365,3.5193882,1.7980485,0.13573387,0.112794034,0.06039039,0.07299908
0.7064314,2216.484,3.711535,2.587807,0.12407962,0.12334307,0.066418126,0.07695779
0.6502809,2710.6946,0.5537372,2.028561,0.10189657,0.11073993,0.076449595,0.06611202
0.71660596,2709.5125,0.46320745,6.4022746,0.20963511,0.085400715,0.070946924,0.10560939
0.65833116,1939.928,0.27533418,0.86483073,0.2360606,0.14747484,0.11008753,0.07254181
0.664269,2009.1659,0.1763247,1.0288012,0.20949982,0.19024968,0.1430301,0.044983767
0.65424514,2150.2844,0.17700419,1.2007408,0.19681405,0.18019503,0.12243983,0.048703685
0.5927057,3180.598,0.110360846,1.5583179,0.12651864,0.18701422,0.081153795,0.10364339
0.5791186,3521.4702,0.28027904,1.6397544,0.123523705,0.16559204,0.0661791,0.10162482
0.65006053,4081.9487,0.574881,7.1031995,0.12784286,0.105954655,0.07333314,0.12755097
0.631796,3189.476,3.15236,2.8442452,0.13204668,0.09276509,0.118374765,0.10875766
0.71739316,2163.435,2.5979047,3.142396,0.14602764,0.09369957,0.06406324,0.054887135
0.6926279,2555.8706,1.0194681,3.3378608,0.1468747,0.12885156,0.07434702,0.07032397
0.67377794,2393.5962,3.6268113,2.061317,0.0939605,0.08549166,0.04842896,0.05650722
0.6043791,2317.465,0.877924,0.82798344,0.10099994,0.09221802,0.09524106,0.065671645
0.4404469,1443.2131,3.4608808,0.06901959,0.1198392,0.09288223,0.14921294,0.06530395
0.48495868,1381.2562,1.0572037,0.09358796,0.11986277,0.122330084,0.07925956,0.08500326
0.41400012,1322.5619,2.6777892,0.029968379,0.12442109,0.07903809,0.0986201,0.09626566
0.4230112,1317.2573,2.6532717,0.026593745,0.121336155,0.07794147,0.09847645,0.09375939
0.4320133,1236.4738,3.7056375,0.022563787,0.07467288,0.087923035,0.15935126,0.1262321
0.4552547,1260.8201,1.159653,0.04184001,0.10221295,0.0677581,0.1296407,0.076646395
0.53769875,1339.5391,0.63671875,0.14630936,0.11604366,0.077621445,0.116145186,0.11211006
0.48936164,1631.0521,1.7521514,0.14049292,0.123123154,0.12748002,0.059316743,0.08799295
0.5974717,1794.6404,2.0341756,0.40302396,0.089576885,0.123742394,0.13543852,0.06512062
0.57882535,4085.539,3.0560389,2.4984004,0.11756067,0.1738399,0.10238129,0.05792904
0.67161727,4021.1343,0.63655925,10.109004,0.13213019,0.101202816,0.07853204,0.13177316
0.65472704,4680.8584,0.9284498,10.673143,0.11544558,0.10880699,0.07226302,0.12696946
0.6161701,5521.7354,0.3808337,8.868295,0.12684356,0.10411247,0.082409255,0.09098333
0.6943286,2970.121,0.22594018,5.8848615,0.20664479,0.10556954,0.067155026,0.08480769
0.6493535,2933.8828,4.984904,2.5453873,0.081419356,0.088478014,0.08498551,0.069054306
0.62380826,4605.2095,0.5912118,6.585832,0.17319384,0.087036565,0.07299562,0.12496073
0.6404349,3653.6902,1.222138,4.530917,0.08902354,0.08528339,0.074015886,0.1434329
0.6751942,2653.6472,2.2697763,2.8882084,0.09599814,0.10824515,0.053721353,0.06256784
0.6775362,2414.6746,0.55299956,2.234962,0.087730244,0.12509066,0.072373725,0.038522616
0.685211,3075.4675,0.50208765,5.7884064,0.08795157,0.07398718,0.07462559,0.067590326
0.62076753,5288.4297,0.5658743,8.938258,0.13965283,0.082206875,0.10865834,0.077141695
0.6248042,5429.2773,2.0293553,9.90672,0.092794344,0.14191099,0.06798737,0.05907501
0.6470992,5028.4517,1.4460725,11.656503,0.14977522,0.06626146,0.072340496,0.058944028
0.6518906,4912.2188,2.081675,11.622971,0.14325449,0.070656314,0.07347073,0.058015563
0.67734414,4078.5945,1.0850663,11.734192,0.11106166,0.120145254,0.057160158,0.059718963
0.5928838,2817.689,2.790451,1.2278999,0.23912945,0.09417109,0.1115371,0.09638997
0.6643822,2317.3289,0.48838222,1.6682689,0.0859852,0.107954636,0.056094915,0.072079726
0.65227646,2432.8816,0.4020482,1.6288524,0.0731157,0.10840442,0.06532614,0.057727605
0.6244279,2034.0039,0.5362085,0.69145906,0.07668505,0.10674303,0.0644726,0.05045796
0.5946934,2590.3623,0.52505565,0.97175956,0.09514574,0.10164437,0.05424971,0.079878286
0.6759908,2244.4023,2.0040007,1.8407782,0.08569525,0.10617233,0.12403431,0.050273232
0.6491541,3585.1228,2.474213,5.0116515,0.1146349,0.070003405,0.10731542,0.07283845
0.6434554,4104.454,0.9033865,6.5182686,0.07214081,0.075432286,0.102764085,0.054574393
0.6848377,2422.556,2.27082,2.626049,0.29684532,0.10908385,0.06653234,0.06809786
0.6745622,1830.1328,2.026235,0.84157324,0.18423551,0.11182377,0.104248956,0.08742481
0.68795747,2110.9587,1.0862671,1.8545183,0.16358763,0.07675763,0.08243358,0.061598122
0.6825255,2088.087,1.5953197,1.5474536,0.07356859,0.11246055,0.06310937,0.06677523
0.6990361,2484.8733,1.4720378,3.431346,0.075222954,0.10318533,0.05657957,0.05696092
0.5658265,4882.64,1.8307033,3.1737134,0.16606988,0.09382889,0.11678639,0.1245222
0.64564437,3402.2166,0.58749026,3.6926713,0.10746776,0.096019335,0.071460456,0.09764047
0.5627209,2781.6592,0.49518374,0.8134779,0.09340176,0.18277359,0.10501735,0.055348054
0.5793413,2520.1887,0.45791608,0.7722715,0.08963615,0.17979397,0.105620995,0.050499026
0.5920129,2284.5098,0.5675791,0.68223435,0.09194474,0.16842361,0.11663529,0.059598587
0.58885306,2778.2434,1.3858463,1.0935357,0.083313785,0.16075283,0.10946845,0.064772025
0.6204921,2795.1274,1.6236434,1.5411018,0.09427946,0.14467506,0.095217496,0.06386692
0.6920174,3326.3943,2.0506465,8.072678,0.14526926,0.15721938,0.085715815,0.060651734
0.6554335,4630.69,2.9283547,10.879167,0.09503381,0.12251902,0.0929099,0.062275354
0.6484985,3729.134,1.0457503,5.0457616,0.104047626,0.13389629,0.056781575,0.0559481
0.64541537,3795.8416,2.3805017,5.1848736,0.10435494,0.10460257,0.07935362,0.07190137
0.61560404,2725.5605,2.2001052,1.3995868,0.1191629,0.10747873,0.081673525,0.06258407
0.6083972,2918.5183,3.2940004,1.568523,0.093527175,0.07945186,0.062272858,0.05854108
0.63691825,3129.4272,2.872427,2.5707211,0.09602277,0.089050174,0.05774681,0.06161087
0.662513,3397.0002,1.8784802,4.8813453,0.10191515,0.116501726,0.09753879,0.06347423
0.66374135,3347.7703,1.8424164,4.9377813,0.10107148,0.114222966,0.09243621,0.061090264
0.5770582,2878.8032,2.539867,1.0161396,0.12167216,0.10908794,0.052585274,0.047965962
0.63801014,2219.2153,1.7029517,1.0235167,0.127945,0.11814714,0.06738042,0.055825394
0.65329707,4447.7285,2.4208755,9.541907,0.09196912,0.06934359,0.063228875,0.098022416
0.6029164,3657.6548,1.5063572,2.4707713,0.122381546,0.14668073,0.08281113,0.10468577
0.65634394,4253.025,2.2581468,8.310939,0.15439022,0.136102,0.05216231,0.06623257
0.6815628,3433.3408,0.9846396,7.1966243,0.08521809,0.079665706,0.123758234,0.068203926
0.65770274,4159.899,1.7972541,7.8770647,0.15463045,0.084345415,0.104368724,0.06441993
0.6465336,4175.525,1.9300164,7.4978404,0.09433833,0.11332573,0.100071214,0.06974284
0.6521701,4518.9575,1.5925745,8.998846,0.07816226,0.09234294,0.09619185,0.07183869
0.6259781,4760.6484,2.267294,6.8797226,0.16350514,0.16270742,0.07843889,0.06343509
0.63275623,3119.3972,1.7233613,2.470734,0.11781348,0.101324745,0.086651504,0.057293005
0.6296742,3165.5923,1.6887325,2.5062428,0.12032028,0.10191552,0.08532386,0.056838125
0.6624588,3036.4822,2.1166952,3.5760956,0.12454687,0.099288665,0.09269254,0.060431696
0.62967706,4760.7866,1.8165603,7.630036,0.11382587,0.10441393,0.080732375,0.07290725
0.6522463,3881.396,1.8522673,5.938198,0.09244412,0.07409359,0.13073058,0.056444664
0.623632,4416.1484,0.62542063,5.8611317,0.10406529,0.06477001,0.15419199,0.07344395
0.61888754,4774.2017,0.5303061,6.0911765,0.1327721,0.076485224,0.10734828,0.061620817
0.5867496,3400.6116,2.962035,1.7118635,0.15468094,0.0881219,0.07436491,0.10330701
0.6661047,1941.2279,1.1374011,0.98299915,0.19014211,0.11237495,0.068597,0.061805736
0.65603447,3877.2188,1.6364636,6.7193265,0.10012379,0.08772928,0.08285288,0.07177392
0.63530785,4175.718,2.470539,6.005949,0.10502514,0.10923923,0.07607706,0.075433455
0.6291902,4147.9067,2.7998161,5.372569,0.10202419,0.1185137,0.075940214,0.075565614
0.66196704,3425.562,1.678593,5.2285466,0.08607748,0.08245452,0.059918284,0.067728944
0.64697516,2902.177,3.0409086,2.417167,0.0765385,0.08727316,0.08267507,0.049534958
0.6489427,2522.1567,2.7111354,1.823614,0.086249895,0.090198316,0.09493501,0.04887587
0.61611855,2363.7236,1.2616048,0.90708655,0.06747096,0.07766248,0.09289165,0.06027569
0.63029146,3304.308,1.3799547,2.8406496,0.06668587,0.087932445,0.1010957,0.06056987
0.6581731,3401.4214,1.0338129,4.51663,0.088889584,0.13398957,0.08862069,0.06953303
0.634289,3626.0527,0.94138616,3.8737915,0.101879805,0.1212956,0.07314225,0.059311327
0.6415719,4548.6797,0.36529166,7.5133605,0.095923185,0.12882705,0.09562869,0.04942541
0.6324512,5108.2827,0.6780428,9.248673,0.13633823,0.08987932,0.06832751,0.07825193
0.62336993,5087.7183,0.7406331,7.7557573,0.13615476,0.08633614,0.06968945,0.08038245
0.63532877,4920.5103,0.09111815,8.985046,0.13519,0.14086595,0.06165106,0.11521463
0.62884384,4886.493,0.0092078345,7.9154096,0.11744304,0.08605712,0.089366555,0.074841626
0.6852617,3656.0212,0.027940802,9.757334,0.13117218,0.08287254,0.08143025,0.06162722
0.6444861,1712.9274,6.226565,0.54557914,0.11461544,0.17807505,0.07576897,0.09726134
0.5364607,1960.3215,0.5484027,0.3213116,0.095451064,0.07174623,0.06274637,0.13477932
0.53454554,1544.65,0.47406617,0.19675404,0.08561418,0.07426331,0.13034159,0.10854059
0.5114926,1759.6772,2.202688,0.2386863,0.12374723,0.09543361,0.099691175,0.04498049
0.4957761,1373.8324,3.2957249,0.10854074,0.07684141,0.093807176,0.08001436,0.05992997
0.4614785,1332.2653,1.2777827,0.07073047,0.12345181,0.0834471,0.084995314,0.07667354
0.46304733,1282.3185,1.3132136,0.06341206,0.10732655,0.09184741,0.11292755,0.06848277
0.44025883,1229.4508,3.0056226,0.016800765,0.124480106,0.09460715,0.06881999,0.0629629
0.43800008,1240.583,2.1705976,0.028574334,0.10960985,0.10264709,0.06425577,0.06440132
0.441175,1260.4564,2.8381226,0.035785504,0.11941372,0.103531785,0.060890947,0.05366551
0.45808864,1247.2257,1.8528196,0.049778227,0.11632196,0.114451736,0.11932495,0.047897168
0.4810212,1344.1123,0.75396556,0.08908872,0.09498717,0.09495735,0.13908823,0.055759523
0.5180463,1834.3948,2.412254,0.2516296,0.13740674,0.073550545,0.10326608,0.06735445
0.5279652,1907.0352,2.9596045,0.29810145,0.13650356,0.07777984,0.08813982,0.06742743
0.55468464,1866.911,2.728821,0.33324796,0.14186926,0.12162694,0.07522321,0.06781154
0.5546592,1796.7793,1.8029194,0.30603752,0.14020568,0.10914832,0.071596965,0.067578964
0.55739874,2401.9858,2.785766,0.5813102,0.12317386,0.11867247,0.083878,0.06788179
0.6834587,2688.597,0.8395712,3.0805888,0.1403473,0.10872686,0.06930795,0.093554854
0.69389683,3047.4062,1.5524955,6.9766693,0.15034536,0.0947673,0.06908785,0.08145419
0.70027226,3220.5076,1.1983438,9.477316,0.15146902,0.088563345,0.08385637,0.067065746
0.5389715,3305.261,2.9823873,1.0385951,0.1323508,0.116630904,0.08050537,0.07183806
0.554736,3616.0002,2.166452,1.3796988,0.13332362,0.10880543,0.096433744,0.06601119
0.73460454,2009.7305,1.2695552,2.9326854,0.09294245,0.12781134,0.05872757,0.063869864
0.68632483,1899.496,2.4979749,1.1969639,0.099703416,0.0925381,0.05971576,0.046918057
0.69223344,2573.2546,1.132358,3.2677236,0.07867205,0.116955444,0.08898102,0.051780827
0.62758964,2698.6375,1.7757957,1.6419519,0.14703368,0.08093608,0.0948665,0.112600334
0.5978695,2509.5212,2.1263266,0.8598443,0.1227817,0.11842507,0.08343524,0.09290518
0.6791837,3086.0378,1.955925,4.7906895,0.11151554,0.11467374,0.0746331,0.06546957
0.6987121,3237.2246,1.4674484,8.346859,0.0994235,0.10726367,0.061688285,0.04854424
0.59345984,4838.8027,3.0460837,4.605406,0.10535538,0.120197795,0.09274159,0.07846833
0.5933229,5799.987,4.3343825,6.6822305,0.10148269,0.16025575,0.07921137,0.09416503
0.69045496,3067.5378,0.4115678,6.3217196,0.14858636,0.08871658,0.06887406,0.047154084
0.64738077,4467.6445,0.5783042,8.649473,0.13840942,0.09605758,0.084049985,0.09973663
0.67236173,4120.735,1.444565,10.470355,0.08821078,0.09200622,0.047972552,0.06449923
0.6467367,4454.544,0.4941671,8.013464,0.0945428,0.08288291,0.05200909,0.06926467
0.6403898,2931.0884,2.9517198,2.3105702,0.13276586,0.11450605,0.13236573,0.0655007
0.5892185,4750.1245,1.5876672,4.007103,0.09676513,0.10489754,0.072524466,0.08616057
0.65690374,2908.0403,2.3511934,2.7876236,0.1412468,0.15193607,0.08361209,0.053308718
0.65732735,4412.4927,1.6388166,10.157993,0.31677735,0.07462185,0.10549614,0.108645335
0.61321,4340.8423,0.53011954,4.5165844,0.34415212,0.10838693,0.07216823,0.07487549
0.689823,2982.3894,2.3796844,5.4425397,0.30643776,0.17684108,0.071899116,0.0884023
0.60559845,4941.4634,1.5411302,5.852382,0.06892602,0.10749975,0.073478416,0.0660898
0.67824244,3209.5525,1.8034997,6.0765553,0.12134341,0.11145929,0.1667656,0.07089976
0.61889124,5490.0776,1.5802879,9.429496,0.11352617,0.10960509,0.054567028,0.073064394
0.6912915,3509.4348,1.7316532,10.560834,0.18017769,0.09720144,0.11402749,0.05994306
0.58525395,3048.755,2.1516755,1.2612122,0.08611317,0.10230192,0.05678955,0.082415685
0.61214423,2674.012,2.2825177,1.29158,0.078127384,0.084702894,0.056851067,0.065930404
0.6217276,2508.8704,2.0070055,1.2213522,0.08136541,0.07804063,0.05428683,0.072658285
0.62812334,2371.341,1.2495937,1.0987855,0.12331358,0.08856223,0.09300874,0.049726352
0.65730995,1842.0917,1.468205,0.7464739,0.12456315,0.07976733,0.10197016,0.078732505
0.7305185,2399.5571,0.76805323,5.6101747,0.1289432,0.081405655,0.07218952,0.07857521
0.6696439,3941.4092,1.0919034,8.822085,0.113273166,0.08884649,0.096323125,0.070504054
0.64139104,2797.5747,2.7962377,2.081913,0.11341893,0.09630611,0.063902505,0.0986439
0.56660944,3354.8674,1.9866586,1.3328118,0.09449937,0.07916224,0.044001855,0.07709789
0.5659182,3491.1743,2.0899246,1.5251158,0.09043641,0.078511,0.045998286,0.07854039
0.5656891,3266.0972,2.239624,1.2671535,0.08607077,0.07477236,0.05110711,0.07876835
0.63479936,2734.0632,2.0027559,1.7003477,0.19860703,0.17387375,0.09605366,0.04954051
0.7098345,2276.7646,2.3306396,3.2387357,0.14670657,0.060197577,0.057262335,0.08286424
0.65862834,2298.591,1.2349306,1.4333947,0.16133155,0.12024759,0.08067746,0.059860412
0.642874,2171.1123,0.8390246,0.99061817,0.15702027,0.12241102,0.06838414,0.06577365
0.66207594,2279.2473,1.0087761,1.4299896,0.17443438,0.1384658,0.060977504,0.054455675
0.65522134,2405.276,1.8841133,1.6632161,0.1542747,0.11530337,0.0712011,0.05597552
0.7514767,1807.4835,0.6896573,2.7184768,0.11217637,0.07110705,0.061933137,0.09346398
0.73056394,1446.7572,1.6336412,0.85261726,0.18077521,0.06734666,0.06103874,0.0879696
0.7603841,1970.8297,2.6121693,6.369055,0.2956799,0.14079428,0.10071717,0.076373555
0.7902268,1914.9304,1.7128507,9.395981,0.24133953,0.0897696,0.094879545,0.11551424
0.71563435,2080.5,1.0395389,2.5487533,0.20664845,0.109247096,0.1218071,0.06039913
0.6796645,3818.041,1.9100546,10.213211,0.069016136,0.14737,0.06500856,0.07766241
0.6765628,3481.944,3.0562782,7.505773,0.10272212,0.12793119,0.059121504,0.054772552
0.62710905,4676.928,3.4192953,6.317375,0.09790318,0.11986866,0.061463375,0.054703567
0.61922044,5587.853,1.0159837,9.044739,0.100993186,0.13313115,0.08026855,0.04606173
0.705417,2770.3286,2.0160499,5.5483136,0.12920284,0.08437084,0.06897065,0.11602797
0.57033384,5677.3296,1.938344,4.951738,0.120504625,0.15393461,0.07776804,0.072769865
0.5480289,5949.9126,1.9308269,4.163432,0.11667254,0.16625322,0.067118995,0.08235569
0.6080991,5111.0483,1.5230968,5.9989405,0.11412007,0.12617277,0.07154953,0.1464628
0.6845491,2638.8923,1.8709812,3.1582603,0.16918172,0.070529595,0.103107035,0.08595013
0.60970825,5291.5845,1.7513958,7.0249133,0.13484353,0.15635484,0.056360092,0.05092951
0.59152216,3505.8308,0.36041537,1.818056,0.16359958,0.12517595,0.07692506,0.069664665
0.6983249,3159.054,1.4779798,8.659971,0.08514177,0.08627963,0.082390554,0.0716201
0.6256923,4350.3335,2.5907881,6.24925,0.13566567,0.10726692,0.18529098,0.06826812
0.65712744,4488.8745,0.8847695,9.241746,0.09395911,0.18326639,0.15161347,0.074908234
0.6297002,4993.971,2.757863,9.41074,0.0805061,0.17040053,0.10366217,0.07970482
0.65220433,4147.8896,1.9188224,8.319407,0.12403638,0.05940606,0.068760425,0.0747869
0.6292208,4928.2617,2.6794488,8.286819,0.10025094,0.06701172,0.072160006,0.06796004
0.679576,3659.1064,2.0883238,8.353231,0.11980654,0.1634257,0.09220782,0.056711208
0.6147651,3934.8948,1.0391208,3.341118,0.12305331,0.14764293,0.12633769,0.087844
0.5840548,4727.4263,0.46690783,3.4388802,0.1057519,0.1115978,0.14845149,0.06902361
0.6525578,3251.7004,2.5166774,3.736357,0.14193116,0.11235932,0.10259304,0.06695814
0.63883966,5013.1807,2.1417968,9.8586445,0.083162464,0.12332143,0.06908019,0.047465194
0.6754215,3641.8862,4.3480105,7.891155,0.08216916,0.11995426,0.070270084,0.0729446
0.6899973,3414.3342,3.599141,8.487718,0.07959829,0.13290562,0.06668042,0.062002886
0.61810946,4105.964,1.8880059,4.450786,0.08990896,0.12943806,0.09853716,0.05243495
0.67518383,4064.1367,2.6059732,10.520626,0.08414249,0.08892369,0.061866507,0.065623894
0.62027925,4131.5815,1.4212835,4.466469,0.12122977,0.10010782,0.090707645,0.04656373
0.6115336,3998.1987,3.8490303,3.604671,0.13537614,0.10417591,0.07333746,0.04413665
0.7023744,3326.7026,0.3733831,10.773039,0.14039414,0.09041112,0.07868289,0.11583187
0.6608869,4494.997,1.5078909,10.702814,0.11043945,0.09531864,0.1251124,0.06447987
0.6497135,2874.0984,2.0677414,2.34723,0.12133227,0.11725094,0.053206414,0.087394446
0.66671526,3700.6926,1.2672061,6.2054143,0.15710835,0.10044686,0.063605614,0.10085851
0.6892456,3629.124,2.4606955,9.372844,0.09616135,0.08234498,0.08725075,0.086784825
0.65516126,3502.1365,3.569176,4.794207,0.12330076,0.090509355,0.10057163,0.10030145
0.63949287,2693.4006,0.7092063,1.8900568,0.106600046,0.13126625,0.06778959,0.06970496
0.59851164,3872.1243,1.7795873,2.723716,0.09415838,0.114852905,0.058826167,0.07753392
0.617206,3816.7292,2.6567082,3.3523636,0.085746065,0.093878925,0.059198137,0.076407395
0.6120231,4824.1763,2.2411706,5.7117147,0.076125264,0.10876552,0.062177256,0.1056011
0.65437144,3774.24,0.51992095,5.5880556,0.09562057,0.16950318,0.08111104,0.065209106
0.6742323,3666.4114,3.920903,7.6196756,0.14937542,0.08956757,0.06653685,0.067603976
0.6425282,4984.5874,0.5532035,10.02198,0.10066198,0.10168906,0.05762109,0.04563483
0.6243931,5252.3013,0.38866216,8.77388,0.0978159,0.08311598,0.05374298,0.04766065
0.63925683,4973.324,0.3992829,9.852136,0.11070331,0.096988,0.058622368,0.05114898
0.67450356,3046.8064,3.285451,4.5925646,0.123617426,0.1146393,0.102815725,0.082942784
0.65165347,4509.9707,1.1932269,9.67935,0.10492465,0.07365619,0.10389812,0.059814062
0.6615833,3103.2205,0.6278693,3.8725605,0.08447035,0.095765516,0.075371504,0.05596104
0.6364852,3599.5432,2.1706786,3.717385,0.10134557,0.116951235,0.10677698,0.050944723
0.6458157,3134.8486,1.0213485,2.9250116,0.08734102,0.07137728,0.095882945,0.07472386
0.6369507,3449.4143,0.9213322,3.4908016,0.09627034,0.06754124,0.10120743,0.057516836
0.6971765,2477.8967,1.0785004,3.1852798,0.111346036,0.13764323,0.060222223,0.08375105
0.606961,4143.852,1.9471494,3.5161312,0.16860966,0.083742686,0.09423908,0.06676921
0.6539782,3002.6155,1.8288643,2.9607754,0.0941187,0.117750324,0.061983496,0.08086032
0.65781116,3392.7627,3.0510762,4.566261,0.110831216,0.12723641,0.061381865,0.06672214
0.66683227,2876.916,0.5652813,3.1677656,0.09194848,0.09862335,0.049000047,0.07348273
0.62665534,4807.5625,0.7130451,6.727569,0.10024238,0.0888817,0.05784153,0.047495883
0.6710473,2939.2493,0.4321351,3.8101618,0.100032926,0.09911027,0.06001044,0.06880978
0.7243117,2871.3196,0.27923733,8.57008,0.06558809,0.1263999,0.0546298,0.074631654
0.65103257,3490.654,0.17971818,4.4086494,0.09449226,0.17037168,0.054693945,0.062014595
0.618843,3615.8083,0.14111142,2.9163527,0.10796259,0.19949861,0.075937465,0.06596561
0.6316676,3772.796,0.07031501,3.8191297,0.1168911,0.18495029,0.064921774,0.044922754
0.70237505,3064.1345,5.7716374,8.022938,0.12230938,0.061497457,0.09537156,0.11180886
0.604866,5658.612,0.18865378,8.068629,0.091497734,0.18561196,0.08122423,0.08319935
0.59617984,6098.234,0.19041766,7.828071,0.09089963,0.16567315,0.07313817,0.0895205
0.66854393,4056.3845,1.6177263,10.171147,0.111754976,0.12245986,0.0983986,0.07299778
0.6394012,3756.3452,2.0985277,4.6076174,0.11915279,0.11763609,0.059921887,0.08748982
0.6350655,4422.5737,3.8478627,6.617528,0.10584076,0.11969605,0.05007431,0.101079136
0.64267033,3790.2815,1.7725112,5.010296,0.12033213,0.13282612,0.055877607,0.08136665
0.7085934,3074.0063,3.408046,10.015796,0.11628946,0.10417956,0.07395333,0.051197685
0.6386336,3129.8076,0.9151119,2.6011758,0.090238385,0.11998778,0.07838479,0.052637406
0.6134347,3800.536,1.1370431,3.0179229,0.10002363,0.130005,0.06554263,0.044300586
0.6861669,3460.1233,2.7703269,8.963609,0.14982899,0.0783906,0.07665602,0.09177229
0.60115975,5777.596,1.8192102,8.415532,0.108594865,0.09621293,0.09670321,0.06857623
0.63248724,4995.9365,0.028284013,8.895372,0.17029701,0.1421368,0.09918165,0.05864517
0.6534774,3169.2976,0.0036475102,3.2948508,0.13427159,0.091168165,0.057353564,0.07296677
0.65884304,3175.0798,0.0019761892,3.8211362,0.13968568,0.08478719,0.069721624,0.08675499
0.66088396,3362.6436,0.0017132218,4.6286263,0.13630208,0.08768568,0.0578447,0.097493224
0.58350253,4805.9023,0.0030664087,3.713706,0.12735775,0.14417107,0.089381516,0.054467022
0.6780081,2924.7466,0.023741774,4.088475,0.13633129,0.076598965,0.1433489,0.077303804
0.72884214,2105.869,1.519537,3.3431165,0.19226909,0.11684151,0.16682076,0.06016232
0.7090342,2185.5212,1.8791867,2.7047372,0.185378,0.103939995,0.13527364,0.061437357
0.59110045,6161.399,2.3229601,7.742516,0.14419445,0.18606472,0.070355326,0.11255731
0.60871303,5557.539,1.5474675,8.175434,0.11513494,0.07385674,0.06724575,0.06678496
0.58430624,3738.599,0.3098698,2.3094184,0.1154747,0.09899217,0.10988257,0.13379924
0.72334665,2860.193,2.3628309,9.698217,0.13862465,0.13099638,0.05723385,0.07742591
0.6653613,4220.988,2.7847617,10.270891,0.09161543,0.07499158,0.07641487,0.06923111
0.6120569,5107.7207,1.08809,6.9560432,0.100626275,0.10408442,0.06662233,0.06386594
0.6257453,5386.8037,3.2620196,10.190228,0.08430364,0.070420496,0.07366077,0.12864618
0.6819304,3873.694,1.2578254,10.830249,0.09734374,0.084673174,0.07750644,0.065376855
0.6844931,3583.0044,1.2742585,9.4755125,0.09079881,0.08332604,0.0878542,0.06757537
0.62406677,4771.118,2.2892425,6.9236736,0.12734781,0.1228591,0.06773914,0.07738749
0.69271713,2563.0476,1.4667238,3.6205869,0.083415605,0.0826356,0.07880641,0.06259138
0.5980728,4408.5117,0.75092715,3.7145517,0.17941327,0.12448842,0.07297735,0.0671384
0.62518513,3686.0461,1.1767964,3.2231302,0.12718661,0.12936004,0.07670875,0.07460885
0.66656655,3935.3384,1.6393794,7.66989,0.11725234,0.08705304,0.10518206,0.05418301
0.61775243,4493.986,3.3462985,5.552768,0.07939096,0.06547154,0.0782788,0.06522504
0.6149966,4031.373,1.8144082,4.0876184,0.08090751,0.08352879,0.07645864,0.08032239
0.65073895,3509.2375,2.0072143,4.8502502,0.08976511,0.080485225,0.072156236,0.080390826
0.6618634,3696.1611,2.1400232,6.9131784,0.09660755,0.08742994,0.08851646,0.074533306
0.66053927,3615.5286,1.5636986,5.4919143,0.09504521,0.09031979,0.08287979,0.066731974
0.6409368,5170.6084,2.7703226,10.717275,0.11737533,0.1042324,0.06920787,0.061477855
0.6768971,3805.8347,0.7992712,9.135479,0.099025026,0.08779067,0.09301866,0.066798225
0.6503882,4816.4756,0.53618544,10.396054,0.090779565,0.08007114,0.07125966,0.07170637
0.6403987,3168.02,1.9079856,2.8643847,0.1290687,0.12413634,0.077480905,0.064164035
0.6931391,2287.5156,1.8973821,2.4823437,0.091898054,0.082917675,0.072954245,0.08484239
0.6716469,1998.5774,1.1129214,1.1555244,0.17562729,0.10876456,0.06835694,0.07383376
0.6776798,2461.5525,2.9019804,2.3864138,0.08203452,0.08122042,0.07880282,0.0689022
0.7096965,1849.668,2.7385192,1.5114639,0.10866513,0.0879682,0.071653135,0.060800526
0.60154426,2439.585,1.4404105,0.85608405,0.18966293,0.10454959,0.08271754,0.09874028
0.697633,2046.6018,0.8357508,1.8219748,0.099078394,0.080203116,0.059898604,0.06712959
0.70608634,1795.819,3.5539944,1.3044652,0.15069632,0.111905456,0.05522065,0.076103255
0.74949354,1556.0432,2.3856075,1.7221467,0.15887254,0.10005561,0.07765413,0.07309912
0.70167553,2121.318,0.59967273,2.0662987,0.10065675,0.11976479,0.07795589,0.086129
0.7324707,2121.014,0.035136607,3.6679945,0.11783795,0.08133201,0.14213371,0.08956659
0.5666329,2049.1274,0.2329083,0.42576092,0.08865554,0.112568334,0.04570032,0.09772967
0.5819599,1615.5106,0.34762773,0.27274168,0.109290734,0.085865185,0.15489684,0.10919915
0.5360066,1921.2113,1.3593467,0.3097953,0.091130584,0.08593527,0.099127494,0.056668255
0.53686255,1957.9595,1.5900668,0.3351587,0.10158014,0.08042796,0.09449259,0.05508254
0.53672725,1896.258,1.7796859,0.30701816,0.10480637,0.075477645,0.085249156,0.05255647
0.60647523,2110.7673,2.6581748,0.63212216,0.10407415,0.091607615,0.090616584,0.06182578
0.6121673,1818.4916,1.8276953,0.42997247,0.09841463,0.10249297,0.09586468,0.069837816
0.6657406,3483.212,2.288584,5.0946894,0.18935484,0.13115878,0.05613497,0.13097045
0.5749063,4432.1064,1.94512,2.658097,0.15578955,0.06446495,0.06157962,0.07223361
0.5750674,3978.5403,1.3848902,2.2431402,0.111701325,0.07316426,0.044653416,0.06717709
0.63741595,2040.7654,2.221679,0.7665786,0.10166596,0.15590237,0.10743041,0.10214793
0.41312793,1618.492,2.3870912,0.08336487,0.14915915,0.08479808,0.05962943,0.055329517
0.44223404,1226.6747,3.4104352,0.019022249,0.13954361,0.121839516,0.06793608,0.046828285
0.4410756,1183.4098,1.4763039,0.014142523,0.15223219,0.082298145,0.06860907,0.06975026
0.46831536,1166.8962,1.8563972,0.03337566,0.084498405,0.1343154,0.092868745,0.074575715
0.4486118,1236.6733,2.7107909,0.030420855,0.08599512,0.11350912,0.08741466,0.064391755
0.4536636,1354.3992,4.6333323,0.061901,0.0902244,0.108326524,0.09920821,0.073856756
0.5134857,1808.2698,0.034428075,0.22637182,0.13908371,0.08823849,0.07923588,0.06473993
0.5590244,1691.1362,0.15566985,0.2756555,0.105727196,0.08220887,0.06518587,0.06424799
0.5328242,1679.2468,0.15817283,0.22681913,0.10083923,0.081738144,0.06987424,0.06697974
0.5585575,1918.5981,0.1476974,0.36161253,0.09963583,0.110032365,0.06392628,0.051162593
0.5610658,1911.7223,0.14450568,0.35029984,0.09962134,0.11036162,0.06616819,0.05090615
0.5590076,1953.422,0.15714781,0.37469867,0.0995004,0.109105185,0.06316382,0.04974243
0.5573228,1944.587,0.15123114,0.38951343,0.10210303,0.112400346,0.0644942,0.051404614
0.56678295,1794.7836,0.16216998,0.32538557,0.095246375,0.13003488,0.07127971,0.06093758
0.54916877,1718.0266,0.15152898,0.27900624,0.090564616,0.111126475,0.07635238,0.059635755
0.5430948,1657.3612,0.17880084,0.24443094,0.082062304,0.116857335,0.07935394,0.085243
0.5236384,1682.5402,0.16078235,0.22061084,0.09744124,0.092922166,0.11033528,0.05933182
0.47766703,1243.6688,0.23147158,0.060803093,0.085339814,0.08477767,0.091751024,0.08289811
0.4569079,1312.2051,0.0846757,0.063305095,0.07293847,0.079627484,0.07658084,0.09062909
0.48520178,1154.2084,0.103117295,0.043365087,0.069849074,0.05205426,0.07075943,0.07285998
0.46100658,1193.5076,0.0815311,0.03803392,0.116444185,0.06831743,0.102061875,0.093214735
0.5071808,1369.4872,2.5111086,0.09878886,0.1142711,0.15510835,0.07635952,0.077455565
0.4952807,1359.3346,3.0647063,0.10995036,0.13506944,0.13226976,0.06893628,0.09121275
0.49208468,1400.5571,2.8930655,0.118944086,0.14078051,0.13727517,0.07195383,0.09777111
0.4974711,1494.5863,2.2078657,0.13070829,0.15274203,0.13199225,0.10125802,0.06837997
0.5023556,1752.484,0.8487323,0.21632782,0.13586389,0.080736436,0.09441258,0.059292026
0.55871785,1664.0579,0.6179771,0.27659643,0.09501798,0.1028496,0.13733101,0.048071347
0.5748513,1584.1948,0.5046054,0.27940458,0.099474646,0.107762724,0.13885462,0.045584157
0.6054672,5539.172,3.152285,7.362892,0.27663493,0.12097569,0.044783585,0.10984946
0.60738176,3597.0854,2.0953674,2.5364542,0.36527014,0.08158807,0.049483456,0.05891052
0.61813784,3406.322,1.9832909,2.6747482,0.33888218,0.09285183,0.06637441,0.046357065
0.6505919,3306.737,1.6574373,3.6871464,0.34081092,0.09957188,0.07053211,0.04054508
0.64281064,3397.6516,1.2841549,3.4184647,0.2995559,0.09293378,0.06293431,0.045554996
0.63398397,2250.5164,3.6695027,1.0753086,0.24368054,0.120099284,0.074404106,0.07933388
0.6655104,2211.9949,1.5786636,1.379704,0.14865872,0.14531466,0.056021124,0.082129106
0.6444635,2462.2412,1.242113,1.5564079,0.12511513,0.1453777,0.059646264,0.060411934
0.7089757,1864.9559,0.6003128,1.6675485,0.101240516,0.14919952,0.072486386,0.060916897
0.68896365,1969.7981,0.6555344,1.4092872,0.09211601,0.15244424,0.065700606,0.061889946
0.6551166,2655.2053,1.9082776,2.0693784,0.093042016,0.12472707,0.055995714,0.06430593
0.6705787,3380.0728,0.71527046,5.3578243,0.10515558,0.08889592,0.07328537,0.07373845
0.6648471,4051.672,1.1450099,8.50696,0.11410318,0.09840062,0.11054633,0.08540638
0.5745452,4478.7363,3.541848,3.083298,0.10474322,0.09226972,0.097090796,0.09468805
0.662596,3207.5608,1.2298677,4.1835313,0.10291584,0.10623485,0.06496141,0.14105244
0.7194063,2326.8435,1.8819561,4.0409813,0.10208716,0.09739107,0.086130545,0.13107401
0.6129039,5820.2847,2.1494424,9.097426,0.14403477,0.12037049,0.0751453,0.083725035
0.63512796,4800.4424,2.3869417,8.022823,0.12340835,0.10822579,0.10363319,0.06853056
0.73125774,2639.1077,1.8318208,7.698923,0.13480791,0.067088515,0.05045571,0.09346311
0.6767442,3627.6877,2.2954936,7.5503116,0.21212576,0.11670773,0.09152919,0.08951037
0.6778398,3658.1829,0.5162285,8.075032,0.14391305,0.12380767,0.062482167,0.080439754
0.5967955,2034.3041,2.6481085,0.5328201,0.09101325,0.11336213,0.089380234,0.058118355
0.7052774,2165.3013,1.8668447,2.4076824,0.08968097,0.10278469,0.09776171,0.0482981
0.66356885,2075.67,0.94181293,1.2902635,0.08117587,0.1059146,0.104658425,0.046924792
0.5763482,3285.3547,2.8193133,1.402495,0.14233334,0.10034652,0.06735816,0.090303704
0.5957751,3091.0186,1.9644489,1.458576,0.12660563,0.095834725,0.09390507,0.071364835
0.7103571,2457.0352,1.5290748,4.206614,0.09669613,0.10653333,0.06518451,0.06802691
0.56235325,2221.914,1.1147138,0.5153364,0.1567322,0.0879575,0.0923379,0.06390805
0.5630399,2249.671,1.1867063,0.53482544,0.15570518,0.08918597,0.09487993,0.06460679
0.6655246,2351.9185,0.35135964,1.7008573,0.2200953,0.11577609,0.064266,0.060080346
0.6073691,2679.8987,1.9054776,1.2258867,0.08315955,0.10435507,0.113161765,0.08955758
0.5616479,3095.496,0.6131803,1.0564231,0.17951457,0.116333276,0.09746426,0.07984428
0.56563115,4145.999,4.3730803,2.1635058,0.22234029,0.08128167,0.08761657,0.079569355
0.6700571,2286.868,0.35012653,1.741225,0.11957363,0.16268945,0.07617659,0.05491728
0.68520993,2972.0867,0.40726903,4.85491,0.11019201,0.14903602,0.090066455,0.068559505
0.6943421,1586.1355,1.9760282,0.7210215,0.087242864,0.06364184,0.06371429,0.13548282
0.64563566,1782.3479,2.2367234,0.62826186,0.13775082,0.11263363,0.07646431,0.09908773
0.65880644,1790.5488,2.4179413,0.72569823,0.11954812,0.08915846,0.072067246,0.09280638
0.637725,3214.8345,1.9136724,2.7836776,0.097237684,0.107962154,0.06489474,0.04704988
0.6372397,3190.4446,1.558884,2.581655,0.103133336,0.10496551,0.0685415,0.04463219
0.6380598,3332.6062,2.9796119,3.1001475,0.10049748,0.09924519,0.09003623,0.048147567
0.59747094,3919.002,3.1177833,2.681947,0.12271407,0.09482091,0.070154496,0.07110283
0.67308533,1918.2897,0.21653664,1.0917381,0.1023806,0.13937084,0.1321245,0.09480624
0.69167656,1996.1547,0.40766805,1.4563493,0.10182233,0.14214727,0.111056656,0.10566343
0.69879925,2024.714,1.1861519,1.8744346,0.112103894,0.10231863,0.12939762,0.109907776
0.57069033,3545.767,0.80186933,1.563101,0.120999195,0.08949289,0.08291398,0.05604214
0.5716424,3013.1067,1.6278429,1.1475285,0.14504288,0.099106394,0.08101143,0.06081314
0.6259515,2967.1558,2.9492247,1.9382887,0.109746344,0.11462684,0.08572523,0.078432515
0.64025986,2578.7217,3.3721282,1.6522871,0.100743584,0.097445235,0.1016063,0.07692275
0.55411327,2302.7007,1.3726394,0.48055145,0.13315003,0.11056109,0.10551918,0.059391744
0.718489,2839.6528,1.3480247,9.014034,0.10650255,0.10092964,0.07311505,0.097
0.6831471,3372.801,0.6494168,7.6438594,0.1253178,0.111382894,0.06920495,0.1273926
0.62420416,5104.243,2.762776,7.8203707,0.09675992,0.09016103,0.085999526,0.047098376
0.6749165,4144.581,0.93687177,10.737421,0.1634032,0.08886466,0.08284752,0.09933602
0.623037,3904.2622,2.9025943,4.048027,0.083095595,0.17984018,0.10195555,0.062078916
0.6457418,3320.1855,0.9826895,3.3056529,0.107754394,0.11604274,0.11844908,0.07200018
0.60890454,5060.2256,2.9693904,6.138793,0.1497114,0.14185588,0.068659306,0.06362253
0.6320303,4114.288,1.7986126,5.207443,0.12516333,0.14868593,0.062257018,0.045073476
0.64060646,3724.3174,1.0689515,4.5295286,0.13021554,0.15221256,0.06606033,0.045290384
0.64326096,4234.037,1.4879395,6.5422645,0.09320682,0.07747056,0.09605542,0.067853056
0.5729035,2663.9656,3.5774996,0.81730825,0.1328676,0.123849325,0.057430506,0.11156138
0.5830828,2494.1116,3.5569508,0.80257916,0.14400125,0.10852115,0.068307295,0.10042011
0.57942784,2565.7666,3.231629,0.8475902,0.14586268,0.10236535,0.06953026,0.09842723
0.6337154,1856.7734,1.6580302,0.6118631,0.09891936,0.06578181,0.096529916,0.1294514
0.64941466,1836.8423,2.0978923,0.64863914,0.100871354,0.0774124,0.10781816,0.122671716
0.6670659,1745.2324,3.4919555,0.7426293,0.06218624,0.09097406,0.10076434,0.119892895
0.68092036,1810.6929,1.3438348,0.8745456,0.09233728,0.09380368,0.12641072,0.0940091
0.5893229,2700.4553,2.002897,1.019573,0.13232587,0.08927415,0.088982016,0.09869297
0.6245649,2774.9058,0.51003695,1.5975229,0.115923285,0.09362092,0.07978335,0.06468369
0.62266034,2336.1956,3.8458447,0.93028724,0.22023001,0.10456763,0.07084939,0.06345539
0.61906344,2437.819,5.750621,1.1116747,0.26422137,0.10153591,0.082547754,0.06661923
0.60056746,2121.998,0.50558364,0.6213398,0.17482597,0.07670467,0.1020489,0.09972759
0.6117491,2179.1296,0.49717787,0.8109567,0.16679326,0.0789306,0.10232616,0.097911775
0.6403703,1966.8242,0.48395103,0.6690901,0.17458338,0.12581182,0.069547735,0.12133251
0.61911094,3093.5786,0.42398012,2.076948,0.1382308,0.07933543,0.06335019,0.13235863
0.6724368,3654.9438,0.9671215,7.562571,0.17764693,0.07203013,0.08529008,0.115323216
0.6304968,5094.8423,3.652211,8.824113,0.1666429,0.125887,0.101734705,0.105229214
0.6293884,4830.4233,0.21631713,7.843996,0.17273057,0.08692184,0.09312002,0.06836747
0.68735564,3258.1216,3.5374434,7.3985314,0.072282866,0.10927262,0.06108176,0.1081256
0.5986254,3410.4858,0.77187043,2.017436,0.09606802,0.07925096,0.09086408,0.095554166
0.6871559,2659.5435,4.1653724,3.79097,0.16067673,0.12399874,0.05340442,0.06164972
0.6855874,2672.383,2.570003,3.7102125,0.15791976,0.115256116,0.055092577,0.081322975
0.6274363,4302.9287,1.3366807,5.0545373,0.089517236,0.10100978,0.11196975,0.057925835
0.6425823,4248.612,0.8379869,6.8554196,0.07684785,0.08929961,0.08398804,0.07273304
0.68884385,1838.9236,3.8211951,1.0653944,0.13238722,0.08863218,0.059784323,0.06805339
0.5267671,1824.1465,3.092788,0.26879612,0.118058644,0.09197219,0.079011716,0.04943044
0.53303605,1698.3802,1.2483108,0.2440894,0.11243506,0.12744638,0.106765024,0.040920746
0.557687,1525.4557,0.09755757,0.20400524,0.13484555,0.14418745,0.07282674,0.11429366
0.5839479,2594.863,0.21044785,0.8589407,0.13652685,0.11503002,0.073258676,0.064189985
0.70241106,2808.744,2.6419477,5.8001127,0.09038319,0.0958504,0.08026567,0.08196866
0.7120292,2338.103,4.329255,3.584187,0.15237151,0.12525545,0.074919716,0.070788234
0.70627666,1860.2468,0.34970808,1.673485,0.16324432,0.09318078,0.07556005,0.06726328
0.6814704,2255.896,1.6346902,2.0169723,0.19830954,0.09941009,0.08223519,0.057562202
0.6205016,2044.3492,1.8699859,0.6982782,0.06837234,0.088071175,0.0722661,0.07348789
0.6492726,2553.693,1.4412742,1.7889616,0.17032847,0.09887963,0.075805485,0.055222243
0.64200777,2148.5889,1.0792019,0.92241275,0.13414034,0.109993495,0.052357238,0.06002129
0.59799206,2578.2134,0.32508254,1.0120759,0.1270689,0.09407897,0.05529462,0.06744542
0.6545525,2107.7913,0.38155386,1.1013778,0.10431813,0.13790037,0.072569504,0.07464039
0.6546822,2044.3105,0.34578854,0.94155437,0.106851324,0.13867672,0.071670234,0.07494855
0.6446602,2481.1233,0.27865186,1.5837362,0.09111225,0.13217598,0.07528702,0.045697182
0.64494675,2409.7715,0.1949966,1.3832273,0.08582953,0.11824631,0.06886845,0.041118603
0.63655573,2444.9058,0.24455036,1.3547859,0.0863947,0.12209928,0.0677199,0.042552333
0.6262696,2336.3594,0.56755334,0.9944427,0.10544253,0.14026101,0.060947374,0.050385147
0.6335409,2318.5388,0.56572515,1.0665206,0.104618005,0.13591315,0.06181381,0.05216386
0.64239365,2963.4895,3.4798818,2.5157285,0.11232086,0.08529696,0.095398486,0.08732349
0.6913524,2299.243,1.6643143,2.4232461,0.09101412,0.08393011,0.060760025,0.13040957
0.64398867,3203.6582,1.4525555,3.0199475,0.090214595,0.123020925,0.09431267,0.07340806
0.6420984,3447.5483,1.939708,3.7975683,0.13776015,0.09353727,0.09560457,0.05724871
0.5868861,3061.5256,1.9406406,1.3822578,0.092204586,0.13999337,0.06424457,0.06569795
0.65941405,3126.129,2.2732074,3.9044602,0.2529515,0.102368504,0.09831207,0.06799231
0.6596067,2959.654,1.4280239,3.565082,0.21546218,0.091339014,0.114519104,0.08245568
0.6568136,4196.909,1.926889,8.000208,0.070061594,0.14094548,0.08693302,0.06492364
0.65734494,4607.893,0.845248,10.754628,0.13640873,0.067486756,0.058326088,0.05532064
0.6651619,3930.7637,1.0037936,8.220806,0.10878598,0.089242466,0.12205516,0.06593627
0.64051914,4593.3105,1.3025135,8.280085,0.10177194,0.083052576,0.07194258,0.09602916
0.6609134,2171.3696,2.52988,1.3347695,0.10494522,0.11854437,0.07171823,0.05044799
0.7173083,1960.9657,0.88216984,2.101919,0.14980529,0.062336538,0.09621004,0.08563211
0.66522014,3081.7627,2.4721162,3.7577105,0.079834685,0.17638011,0.05996043,0.051369645
0.66447157,2934.9424,2.1378856,3.032979,0.09824239,0.12777564,0.0687606,0.05241303
0.69818836,2070.6697,0.48711172,1.7679844,0.09434606,0.15090154,0.08971855,0.07125591
0.6486206,2216.4814,0.61017543,1.2092526,0.09696201,0.10609277,0.08475374,0.035641987
0.6373426,2116.399,0.69329655,0.9216775,0.08813837,0.11231085,0.09183358,0.03375041
0.6470911,2201.127,0.76790637,1.1912882,0.09712221,0.09512433,0.09609372,0.03579037
0.6705227,1971.4775,2.3006556,1.1157044,0.108000174,0.07616824,0.06980875,0.05351022
0.6453,2648.9404,2.0415928,1.7674779,0.0833789,0.121065505,0.060855795,0.0521022
0.64459264,2509.3828,2.0125759,1.5791308,0.09219016,0.11864231,0.06101799,0.053559918
0.6434679,2555.8984,2.061959,1.7211398,0.09057783,0.11965015,0.059767563,0.052516762
0.611281,2656.3765,2.346448,1.2556585,0.11851269,0.13767277,0.07197461,0.07772541
0.67821294,3686.3674,2.2350364,8.837826,0.11932436,0.07820797,0.060411833,0.06944098
0.66529226,4317.0986,1.7443784,10.198164,0.092741415,0.12358268,0.05075614,0.07216954
0.67159986,3591.6782,2.3123891,7.022082,0.118603766,0.06639914,0.06671642,0.08631
0.6794471,3529.3555,2.6314175,7.8475895,0.13144645,0.070600085,0.06706833,0.08833772
0.5753154,1782.3765,1.2351211,0.3392294,0.091934875,0.14269733,0.09791679,0.1793924
0.7203079,2997.9785,1.5588757,10.633444,0.11861677,0.08720966,0.059663218,0.09247961
0.65073115,4742.423,1.2829542,10.7271805,0.10496208,0.092867196,0.0958246,0.06037307
0.6801904,3966.1267,1.6099012,11.393734,0.11326971,0.10690868,0.06389371,0.07453373
0.575285,2547.3777,1.3652344,0.7736827,0.11072042,0.09548125,0.12806137,0.058030393
0.58532804,1888.9703,1.8320383,0.42468902,0.1284083,0.105542034,0.07917183,0.06547952
0.5917567,2059.169,2.3415196,0.53204834,0.11464504,0.100320585,0.08649738,0.067310475
0.6406718,2439.2139,1.7062031,1.4519506,0.10773867,0.10221093,0.08141093,0.07614852
0.713503,2027.8468,0.4515048,2.2284074,0.09411899,0.0867418,0.086086385,0.06044014
0.6921286,1913.681,1.0262291,1.3621969,0.120148376,0.1110485,0.057662982,0.074522674
0.6586908,3581.9622,1.6094463,5.4740605,0.08350231,0.07259557,0.09285438,0.069113255
0.63793427,3529.8564,1.8069261,3.5781686,0.087313265,0.067935176,0.05593156,0.05737862
0.63689536,3504.8728,1.8898777,3.6194057,0.087349094,0.067466356,0.055579014,0.0573505
0.6140206,4690.2754,1.8305774,5.29216,0.21445844,0.25196263,0.09975018,0.069851756
0.6409869,4101.035,1.0934056,5.7943506,0.15540506,0.12243524,0.09209212,0.064837165
0.6416816,3769.4758,2.6620848,4.9721475,0.10081541,0.08704843,0.100112714,0.06591859
0.6585538,3636.7188,0.77465796,5.800436,0.12821679,0.09048426,0.099095024,0.08507253
0.61062753,4762.729,1.6832361,5.4851923,0.1101742,0.113905005,0.107516915,0.06836931
0.6633117,3452.3218,2.499038,5.2556443,0.1394065,0.08311295,0.049730692,0.062415477
0.65770143,3410.9531,2.1199458,4.9072056,0.13459335,0.081086546,0.05540077,0.060550608
0.6791521,3187.7395,4.610261,5.263448,0.17539886,0.07176785,0.05892982,0.0692147
0.66841334,3476.2751,4.204702,5.62442,0.16597745,0.07146492,0.064133696,0.07101497
0.63603747,3789.4727,2.6636097,4.20855,0.16019718,0.10612761,0.079587,0.055549156
0.6656464,3650.4106,1.5852118,6.2292404,0.10121691,0.19030724,0.09147963,0.06038813
0.6069307,3696.9065,1.4236033,2.8480785,0.15060829,0.20023626,0.08361247,0.0675031
0.57262313,3485.157,1.768587,1.6286287,0.27208668,0.12688681,0.07192958,0.07534508
0.554629,4351.683,1.5947647,2.1250696,0.28055966,0.100456536,0.10262142,0.064434044
0.5307202,4257.2603,2.0198483,1.5960208,0.2628462,0.07112308,0.1421451,0.08269107
0.54071647,5218.776,0.55334944,2.5348525,0.22637422,0.08470372,0.08517168,0.08903986
0.6380006,4213.54,3.119666,6.3393364,0.1912649,0.2235296,0.06311763,0.0856823
0.67309225,2766.6575,0.41291577,3.268218,0.076168686,0.075260855,0.086071216,0.051040463
0.6644981,3045.269,3.3113883,4.0024576,0.13101806,0.11939294,0.06203978,0.14218627
0.5722197,1906.3428,1.2334924,0.38535178,0.07982024,0.09405374,0.090378314,0.057951637
0.5151933,1552.379,1.9117366,0.16890235,0.107312396,0.08859266,0.083490916,0.08170005
0.49444517,1579.6115,2.176728,0.16093172,0.1113996,0.10152806,0.09267426,0.05754048
0.4832862,1451.8618,2.3805664,0.11719634,0.09503805,0.08390068,0.062629566,0.07734477
0.5128436,1455.1106,2.2180917,0.12725303,0.080773324,0.0919839,0.09068166,0.08837149
0.64122194,5183.28,2.1409705,11.88571,0.16539425,0.08993713,0.06485759,0.056045238
0.64148825,5201.0317,2.2431273,11.825272,0.14891365,0.09259802,0.06325375,0.06373685
0.6621543,3757.2249,0.92271394,6.217106,0.099984124,0.10924029,0.1076486,0.069437556
0.62284756,3757.231,1.1056708,3.5808973,0.14956503,0.11042997,0.087935336,0.09493996
0.61388814,3926.27,3.8780227,3.7117994,0.1024691,0.09968402,0.07942218,0.088102505
0.67299813,3703.955,2.240451,8.469696,0.08515553,0.10475728,0.059718177,0.08215027
0.59897524,6248.2227,2.2694807,8.388053,0.14545253,0.12893248,0.07211266,0.09356763
0.71003866,2833.417,0.87337554,7.2454805,0.10178325,0.080029026,0.083957516,0.055768482
0.6264472,1951.6462,0.17534466,0.60475713,0.111303255,0.105536245,0.06332505,0.17737584
0.585472,1828.2125,0.17477337,0.38326728,0.09655643,0.08648066,0.08392543,0.09264393
0.59152496,1996.5363,0.668112,0.50272965,0.14516805,0.10149965,0.08307178,0.098217845
0.6192935,1785.2617,1.1226227,0.48934415,0.14494687,0.08826876,0.07479751,0.10868016
0.56471765,1957.237,0.8323903,0.39227346,0.076993115,0.09588123,0.06318222,0.10246717
0.5393817,1381.5835,2.9357572,0.12571047,0.09983724,0.10711545,0.06964168,0.19689454
0.509385,1485.0576,0.052348763,0.14759701,0.12626055,0.08126894,0.08218536,0.08982813
0.4975199,1621.3947,1.1112112,0.17864251,0.123365514,0.14481255,0.08016349,0.047949873
0.49967352,1849.0597,1.0967895,0.22779773,0.13026522,0.13723256,0.08855668,0.059413627
0.50278395,1372.872,3.5937662,0.112442724,0.1086335,0.06545168,0.10342247,0.08591581
0.6818265,3890.1394,1.2978315,11.587621,0.14420281,0.133411,0.07107936,0.047649853
0.6667311,4199.9624,2.5058124,11.332869,0.19196057,0.08726126,0.09813185,0.09614019
0.6627696,4543.1914,0.121006705,11.942742,0.08539732,0.09698423,0.10169287,0.05395911
0.6266011,3896.706,4.0207963,4.0170503,0.1622836,0.10078363,0.07709631,0.07868486
0.67358655,3337.9363,0.74517775,5.6280704,0.093253344,0.07742575,0.061717518,0.06491676
0.65837973,2823.6526,0.81215864,2.718811,0.10126166,0.08263613,0.056304395,0.057633746
0.67313117,4254.271,2.469366,11.487611,0.18659055,0.12167556,0.122534946,0.09288684
0.62125427,4254.0986,0.5638106,5.207574,0.084878586,0.08991335,0.07291712,0.05507771
0.6204918,4393.344,0.40834388,5.4821663,0.07623633,0.10711706,0.070876,0.060608137
0.70035726,2380.2498,2.8412917,3.4031568,0.19995992,0.10325525,0.10653678,0.072059624
0.7098922,2362.1804,2.853674,3.5930681,0.14641684,0.06703829,0.056113333,0.067871675
0.70029265,2418.7024,2.3277745,3.1664324,0.14123988,0.063655466,0.05897955,0.06588413
0.70242524,1570.8921,1.1310728,0.8092973,0.14707036,0.10852705,0.097085215,0.05998658
0.7257903,1924.924,2.69345,2.184044,0.108546354,0.11994682,0.10753687,0.053749476
0.67394054,2145.073,3.8389835,1.4388039,0.12425102,0.09712024,0.06495446,0.04882695
0.6484457,2431.6646,3.0203729,1.5283805,0.15086961,0.07552729,0.07586517,0.07716525
0.67043835,2163.0376,1.6902807,1.4597623,0.0778888,0.083242744,0.100468606,0.07650043
0.6274295,4229.0596,2.1611834,5.0855923,0.13350427,0.12671721,0.054206952,0.06462246
0.6134477,4525.9614,2.7715695,5.005443,0.14078368,0.12318743,0.053276584,0.06653428
0.6739198,4020.3984,0.83499396,10.607229,0.078522995,0.12180678,0.107008085,0.06456239
0.6587584,4559.425,0.7077073,10.960096,0.09503295,0.14930171,0.083133936,0.09021795
0.6497621,3796.8425,2.6778846,5.1862764,0.18452136,0.0733642,0.07268873,0.054217357
0.6494928,3832.839,2.7513268,5.3836036,0.17981166,0.07579903,0.07252808,0.057138003
0.6441852,4104.95,1.8931935,6.0342493,0.15125574,0.08702069,0.0647278,0.09478779
0.660143,3516.8997,0.74412525,5.130265,0.118556775,0.103230536,0.07268798,0.07543468
0.6563366,3205.8408,0.5343638,3.6490505,0.12074617,0.10102209,0.07432249,0.0613628
0.68477184,2615.3962,0.09570037,3.0836406,0.11032655,0.08942163,0.060566764,0.054245558
0.5725495,4455.426,0.5773474,2.6661813,0.13639751,0.117213465,0.086756974,0.068992265
0.63924766,5151.522,2.2020044,10.907515,0.10031468,0.13083613,0.07196391,0.058596853
0.71761537,2530.2231,1.6299671,5.1859784,0.12692478,0.081821725,0.07283789,0.09599903
0.63256145,4659.2324,1.6010829,7.4951506,0.14420436,0.114928864,0.10309442,0.045134537
0.6256796,5430.0244,0.85181993,10.338855,0.19146885,0.16207772,0.11680708,0.06904761
0.60886985,4176.6274,2.0238488,4.0670877,0.17141096,0.07051159,0.09188114,0.079766005
0.6172269,3920.8274,2.0545847,3.7390878,0.16926144,0.07012563,0.0899438,0.07192589
0.68078387,2740.1636,0.27867106,3.3868709,0.17247185,0.089187995,0.097014084,0.048879154
0.68559253,2660.3298,0.082690515,3.2133312,0.096933745,0.065788195,0.060642727,0.09730434
0.6637808,3073.9946,0.35406843,3.7798998,0.083263606,0.07558796,0.07050831,0.058417704
0.63729227,3418.5386,1.2105137,3.527256,0.10733374,0.07491929,0.07482416,0.058810852
0.6134467,4379.417,2.4557936,4.6945553,0.10948166,0.089706466,0.07140417,0.085924804
0.6535448,2655.7046,3.2637436,2.0192401,0.10541805,0.09593977,0.07878063,0.07680684
0.65773106,4235.838,0.7040394,9.301381,0.0796122,0.09092851,0.14828771,0.0550272
0.63497657,4829.515,0.4858639,7.987231,0.11173361,0.0887374,0.049350392,0.09095752
0.6859088,3509.0603,0.5109674,8.655187,0.090964265,0.086502105,0.1616195,0.047759157
0.6686073,3762.724,0.7844086,7.5970573,0.085568026,0.08764683,0.15084891,0.05042976
0.6286615,4816.473,3.2722707,7.73121,0.12053117,0.123278625,0.11084527,0.0800806
0.65911704,2896.4453,1.0772107,2.8320985,0.09345977,0.11792446,0.041829955,0.076072104
0.63023394,3638.5054,1.3070953,3.4875338,0.10880598,0.1149777,0.0524283,0.065378286
0.6534212,3097.3542,2.5217814,3.2623162,0.12145557,0.09210134,0.11486997,0.06479941
0.51436055,1614.3743,0.6343508,0.18788975,0.11076562,0.10760742,0.057169057,0.06716982
0.6070606,1942.9941,4.2840905,0.51705056,0.14186443,0.081615224,0.10768932,0.09519514
0.49911144,1651.885,1.1946573,0.18391627,0.1039033,0.114013225,0.0691903,0.06311843
0.5571247,1638.4565,1.4730306,0.24591202,0.16562471,0.09358854,0.111063376,0.088570654
0.5265178,1765.9232,3.3668635,0.25510004,0.13213855,0.10301761,0.065599754,0.06818687
0.52403784,1848.9812,3.5839381,0.26105773,0.13161644,0.10372754,0.06865932,0.063085206
0.5496735,1505.81,0.8769519,0.19565727,0.11412554,0.09010778,0.079799004,0.18931226
0.6549153,2860.3298,2.4539585,2.6431396,0.1114784,0.099655814,0.074663,0.08685222
0.6436817,4838.942,1.3565123,10.01279,0.10474651,0.09925139,0.07095682,0.052890435
0.6402549,4614.618,1.1266168,7.932157,0.098173246,0.09598862,0.064501725,0.06237042
0.68405855,3488.1553,2.6532192,8.238603,0.12283403,0.0747375,0.13434835,0.09608375
0.6041941,3198.8984,1.7246317,1.8988042,0.08396204,0.11046534,0.07475432,0.10090065
0.59180146,2201.7412,3.0676012,0.6469134,0.0925558,0.11014896,0.13369794,0.078990415
0.58143026,2361.798,2.5407648,0.6846596,0.1032484,0.09717898,0.13547121,0.07746591
0.65679705,2583.367,2.7067478,2.0314429,0.118257895,0.07690792,0.09306267,0.061055142
0.65086335,2354.355,1.866884,1.3317556,0.11420584,0.10549058,0.0649,0.07753849
0.66857445,2494.3647,2.3877027,2.2710361,0.1258469,0.11819149,0.05951197,0.069931425
0.6632802,2788.163,2.3874626,2.8780346,0.114028335,0.12302445,0.0627309,0.05932294
0.66107583,3114.998,2.0545194,3.607849,0.11849333,0.12743714,0.059439808,0.06387577
0.6362941,5059.8657,0.68449944,9.893542,0.122708485,0.097820565,0.10707064,0.058616333
0.647591,4580.2715,1.3061717,9.427485,0.09500801,0.07632996,0.13036984,0.053524468
0.6400743,2441.1462,2.3113737,1.3998702,0.1265464,0.12011183,0.07188043,0.04668148
0.71004635,2057.594,1.8484192,2.189921,0.12914655,0.11769366,0.06543347,0.0830029
0.6993139,1707.992,1.2423377,1.0045245,0.16172023,0.0850392,0.08047703,0.07090008
0.7404422,1781.2188,0.8385879,2.2349997,0.10783219,0.06236435,0.10582277,0.062279034
0.7346442,1927.9603,0.7905368,2.464628,0.08149761,0.1070395,0.067771085,0.08816876
0.5607996,2505.302,0.2615612,0.6637322,0.09592715,0.096333824,0.07844721,0.079221055
0.5702945,2236.6445,0.27857998,0.50993127,0.09823126,0.10995317,0.07850205,0.0816262
0.5906587,2211.4795,0.3740765,0.6248504,0.11991434,0.12176744,0.072035335,0.07743771
0.6762405,2180.4807,3.8434432,1.7083454,0.12419413,0.087385796,0.14469548,0.06544143
0.69007146,1558.2574,3.1365042,0.6695489,0.13220298,0.058054846,0.10157799,0.045936354
0.6586725,4280.706,0.48272943,8.059272,0.123902485,0.20907944,0.061738327,0.13911195
0.6685669,3688.787,0.45351595,6.440687,0.11171315,0.20228213,0.055631954,0.17217252
0.6331925,3876.3726,2.2229407,4.2302885,0.093401074,0.24305695,0.06843906,0.0651344
0.6236336,4996.9346,1.9424878,8.082027,0.11946956,0.25413346,0.08851604,0.07066093
0.6410525,4208.2305,1.1057441,5.964017,0.17007092,0.062625445,0.08032934,0.06738456
0.68429255,3469.2795,1.224456,8.809631,0.14546892,0.1550813,0.12986764,0.065134615
0.6871842,3551.0042,0.85051227,9.517009,0.1446535,0.15062529,0.12001705,0.07039805
0.6122818,4022.1697,1.265797,3.4894552,0.13130058,0.11730765,0.092616566,0.04964702
0.5881627,4686.193,1.1115432,3.7687473,0.11766875,0.115435116,0.096677825,0.0533331
0.58881193,4624.1284,0.8423317,3.5025449,0.11914554,0.11001133,0.095984384,0.06005594
0.6649624,3373.3613,1.7250832,5.3398337,0.11739508,0.12672567,0.12449296,0.055306185
0.64051694,2984.1746,3.4559348,2.5198631,0.07357622,0.11574825,0.08174564,0.053532496
0.63840437,3383.8933,4.304082,3.4325602,0.0970055,0.11267343,0.080951676,0.05750211
0.6411339,3364.7139,2.2863805,3.3083777,0.10926085,0.11240219,0.054643307,0.0598592
0.6252931,3822.6982,1.7626703,3.865231,0.117542654,0.13959047,0.052625883,0.08209639
0.6764851,2782.722,1.0524608,3.5338237,0.12930821,0.13579026,0.103886805,0.061523385
0.60939837,6195.0835,1.4128948,10.703032,0.102074,0.10157487,0.094953135,0.048955336
0.6533417,3342.155,3.7448792,4.353538,0.074648544,0.08893193,0.056745656,0.0873127
0.6420759,3380.038,3.3928862,3.6772525,0.09068802,0.1078845,0.105984345,0.066610105
0.6452975,4693.7085,0.66122144,9.440252,0.14557298,0.092079386,0.067928016,0.08664227
0.6901935,3493.514,1.476101,8.600546,0.12053657,0.09535253,0.07928418,0.09468922
0.6999749,3225.593,1.8716581,8.439773,0.105232425,0.118139766,0.059698973,0.07101847
0.68170106,3141.4568,1.3031517,5.4206076,0.11033186,0.11867255,0.10538322,0.07418566
0.64459753,1827.7203,1.3123623,0.6317264,0.096538275,0.095280245,0.056177452,0.101338245
0.61624146,3861.9175,0.2698474,3.4116163,0.105018355,0.103927955,0.08655481,0.0689313
0.6964869,2493.4954,2.229461,3.5442765,0.09935893,0.06214585,0.16178459,0.074024335
0.5851958,4492.2393,1.2899171,3.2061462,0.11171147,0.15501015,0.119056895,0.06204719
0.69847775,3340.8271,1.753558,9.435434,0.14429358,0.08944431,0.04775984,0.07183032
0.69767106,3330.3247,1.2663951,9.509875,0.15415683,0.09507277,0.052568525,0.07770079
0.7025511,2278.9583,0.5389357,2.7544332,0.108690396,0.09766804,0.08752827,0.08886403
0.65040284,3368.1702,0.49666402,3.7926126,0.11567964,0.12702833,0.046975546,0.08105088
0.6786246,2227.5933,3.8660326,1.8241189,0.0964793,0.08174352,0.12473028,0.115020394
0.6752455,2228.1296,3.4594176,1.7396612,0.09112176,0.082501754,0.12079866,0.108319916
0.65292645,1833.2312,3.5868602,0.7038073,0.08140024,0.09532837,0.10067143,0.082560465
0.6367139,2865.9568,2.060054,2.112698,0.10421345,0.079554446,0.09949063,0.07193637
0.6867015,3115.2415,1.8054789,5.778158,0.09812371,0.088173404,0.058681898,0.053175393
0.60637546,3841.4968,0.77916396,3.2116575,0.116993174,0.08909093,0.08612816,0.1079314
0.60271996,4342.204,1.1970266,4.056262,0.13245529,0.06776193,0.068448246,0.08049144
0.68251693,3494.6553,3.2564228,7.867106,0.08569548,0.12633161,0.07363787,0.09958729
0.68617266,3419.5088,3.486074,8.082339,0.08404353,0.12888622,0.075651534,0.0937418
0.68219304,3331.6355,3.3661144,6.5756645,0.08099276,0.11649145,0.08231665,0.09878115
0.63299286,3188.4607,0.8194429,2.6642487,0.10279283,0.1319294,0.10360132,0.10770215
0.63500303,2380.1174,2.334263,1.2661831,0.12024283,0.07373145,0.06061516,0.04806879
0.628279,2742.103,1.7613674,1.5628031,0.13327357,0.11635422,0.07701506,0.10066846
0.65586513,2005.2671,2.9286127,0.93883306,0.09686603,0.099080876,0.05799841,0.051144518
0.63488096,2921.5613,1.1278588,2.174055,0.11223285,0.17264093,0.06582985,0.059214454
0.5712722,1651.3694,3.284192,0.29443672,0.10825754,0.063159734,0.10131148,0.09170508
0.4693128,1669.0454,2.082235,0.14651302,0.12421237,0.17031762,0.074673325,0.054911625
0.53012586,1420.9409,3.909293,0.14770713,0.10590508,0.16167997,0.07666496,0.05841265
0.5837624,2855.8643,2.311502,1.1451145,0.100031905,0.09961208,0.09716211,0.06363703
0.6462323,2245.9065,2.1227398,1.2099857,0.14053395,0.104538344,0.07336481,0.07444599
0.61474234,2642.7717,2.7790647,1.3686678,0.1180933,0.079730004,0.070317715,0.09361914
0.6566804,2193.927,3.191536,1.2824945,0.14536999,0.075261734,0.070735276,0.08281939
0.6580297,2226.4226,0.33486277,1.3734363,0.18557337,0.1052968,0.08478011,0.058721185
0.65762067,2255.278,0.3342756,1.2090411,0.1852147,0.10538664,0.08498119,0.058527377
0.6507967,2340.864,0.45270935,1.2248473,0.17602128,0.104005985,0.08104348,0.0639451
0.6618977,4708.9653,3.1793048,11.833676,0.08804386,0.11853778,0.082135156,0.082177915
0.62830925,3284.338,0.88011813,2.5580947,0.13405935,0.09000963,0.07836651,0.060186997
0.67976874,3875.3562,2.7329807,9.626176,0.108399175,0.13094017,0.06986365,0.06925668
0.68537736,3616.5767,2.453527,9.022948,0.10484211,0.12102909,0.06478543,0.06664586
0.61590004,5545.5376,2.2965655,9.322348,0.07274615,0.08702928,0.07801098,0.08289425
0.6903494,1871.9447,1.1961688,1.180598,0.19248109,0.10938014,0.07578563,0.051453833
0.6842446,3041.4421,1.1060035,5.332334,0.10516596,0.09610368,0.112266324,0.0641037
0.6067068,6216.7783,2.8840022,10.068083,0.13658926,0.13211203,0.054893192,0.07027447
0.70119435,3087.4033,1.9060332,7.619558,0.10150599,0.13946189,0.06526018,0.068391316
0.68174195,3676.3215,2.9668345,9.660712,0.10527403,0.19320552,0.096015535,0.04486362
0.6320553,4799.9087,0.5714697,7.984242,0.10252778,0.060095705,0.059100945,0.09863263
0.66981405,4040.537,1.5924119,9.489333,0.120758295,0.15204214,0.0919343,0.086739026
0.5934109,5577.91,2.4897366,6.953865,0.08170685,0.080784455,0.14598677,0.07117921
0.6338722,4989.536,2.5100482,8.982776,0.07829052,0.076651365,0.13958077,0.11467762
0.64229614,4617.856,2.5333152,8.936748,0.09089795,0.07752061,0.16109559,0.12010584
0.6299825,4387.6816,2.643407,6.877363,0.10574247,0.09438762,0.1719582,0.13314949
0.6065422,4449.034,2.7381084,4.8051057,0.0905302,0.08808453,0.08137074,0.09907932
0.68982625,2779.5972,1.4617432,4.053474,0.12782834,0.09751975,0.096112214,0.072912164
0.68251264,2983.9575,1.5095567,4.286058,0.11729702,0.08647396,0.08488262,0.07348539
0.6192219,2265.8958,1.8048129,1.0129818,0.11909437,0.081602655,0.10406318,0.08537981
0.64150345,2494.785,2.6162655,1.4476231,0.13827974,0.0986994,0.053293798,0.06511737
0.6140197,4301.2354,0.7598496,4.501445,0.15535799,0.121925786,0.08474337,0.079487
0.65083003,4611.7886,0.7611492,9.958198,0.18650158,0.08904264,0.087064646,0.039590992
0.62848115,5438.5244,1.4576322,10.304835,0.19372275,0.09744145,0.07281775,0.03997887
0.67506534,4164.6616,2.0895395,11.385302,0.09165309,0.10658846,0.0796712,0.12010141
0.6382341,4252.8374,1.7752556,6.243226,0.12907195,0.11304883,0.07793203,0.04492964
0.6346222,5062.7256,1.9034306,9.991052,0.09516916,0.092746764,0.11777408,0.083556056
0.6003916,6919.755,1.2893004,11.37019,0.1029499,0.12927842,0.099995255,0.06297593
0.7147451,3001.087,3.2740858,10.643831,0.10902226,0.08330586,0.14782783,0.08452049
0.6480431,5102.8438,0.55003035,11.705135,0.15331371,0.10094316,0.06950203,0.059245806
0.652719,4815.5483,1.3825605,11.410393,0.104455724,0.123196155,0.066012844,0.044577315
0.6621813,4259.89,0.7123171,10.216881,0.10334419,0.11666978,0.08701129,0.10669347
0.6727353,4154.457,0.6685995,10.224728,0.104455456,0.1242939,0.08805719,0.1152151
0.6622751,4045.3442,0.95953596,8.308993,0.08564066,0.092626765,0.07291008,0.08323602
0.6638053,3925.8948,1.053429,8.634236,0.09437774,0.0998851,0.07694926,0.07379478
0.7233458,2904.5476,3.4508717,9.440727,0.10222663,0.06623254,0.07822734,0.061439216
0.6460479,3002.5242,1.1830374,2.9363995,0.11219039,0.12785947,0.071660206,0.0864952
0.64719373,3053.5916,1.1927298,2.7592986,0.11175484,0.1282928,0.07190359,0.087500006
0.65817654,3191.781,0.91760755,3.9014862,0.14251393,0.15210734,0.061144076,0.05555105
0.5846115,4468.8633,2.4613218,3.3951514,0.11638551,0.077885106,0.08302578,0.07130798
0.69180846,3655.618,2.6841354,11.006145,0.124230914,0.15746564,0.099596195,0.12327228
0.68564343,3865.2776,2.0386035,10.607237,0.12568907,0.15958998,0.097898975,0.10899385
0.63175535,4848.5337,0.6085056,8.662126,0.076683976,0.0690599,0.09953709,0.08782724
0.6306762,4678.641,0.7524483,8.021871,0.12595558,0.079527795,0.13677303,0.122618176
0.6870233,3666.4216,0.7157043,10.033898,0.18465102,0.08660169,0.07741353,0.10034202
0.6842954,3653.6833,0.74272203,9.390333,0.15806563,0.08038629,0.062413126,0.10972751
0.67010045,3170.0537,1.5711031,4.619735,0.10928052,0.07498483,0.0807011,0.056606073
0.65157485,3127.6477,3.3271163,3.3747253,0.12852211,0.06587602,0.121344976,0.049767606
0.64212364,3273.435,1.932156,3.38285,0.12119269,0.084723376,0.12374691,0.0573
0.7168301,2223.2349,2.1194332,2.9893665,0.15071172,0.08709645,0.047556177,0.100379154
0.6290011,3845.858,1.832886,4.113819,0.1413037,0.09976938,0.13774788,0.06263941
0.63034505,3845.1462,1.9698316,4.2539215,0.1356363,0.10349028,0.12862766,0.066728026
0.59141064,4061.7944,1.5185446,2.8168392,0.15596381,0.09633192,0.14522484,0.06475685
0.65576977,3658.326,2.5359268,5.5976562,0.12291524,0.10401496,0.18864287,0.08120097
0.6745994,2328.3958,2.1707978,2.0382526,0.12664041,0.106099755,0.09617825,0.05732696
0.68271077,1882.3005,1.757429,1.1998131,0.1434421,0.13404481,0.07577511,0.063593835
0.7217302,2091.0938,3.3361166,3.1124716,0.15372677,0.099766284,0.06541209,0.05312364
0.65706754,3097.62,2.2650955,2.990294,0.17361848,0.15965176,0.11493632,0.07030925
0.6315272,2413.643,0.5074004,1.2201867,0.09748985,0.14888914,0.06729591,0.07180138
0.6468206,3058.4814,0.41783738,2.503004,0.10020152,0.16032207,0.05947,0.092503905
0.7210714,2735.1611,2.321237,7.517867,0.1661744,0.06576022,0.08131014,0.065007195
0.68746173,2043.7034,1.5708205,1.4895833,0.16882204,0.0994607,0.06952718,0.06982855
0.59868395,5496.5225,1.6141605,6.846667,0.10176299,0.09546387,0.09304415,0.0893894
0.7355366,1601.8185,0.58810866,1.3519669,0.14432049,0.12744273,0.07163349,0.06597873
0.6289319,4413.626,0.2255319,5.7587585,0.08669445,0.09457713,0.08008154,0.073782995
0.645944,3500.7356,0.47508195,4.1810713,0.111148834,0.13852368,0.08640257,0.09425716
0.66331726,2875.1934,2.3980205,3.1866155,0.1284251,0.09556095,0.10689854,0.12523662
0.6572023,3396.646,0.5089317,4.537472,0.08556633,0.099522725,0.058468815,0.04105665
0.64998525,3294.3423,0.28644574,3.6185818,0.05345595,0.108885676,0.0738015,0.043761164
0.64665884,3237.7751,0.005464828,3.2357805,0.36548328,0.09521529,0.07663554,0.10977977
0.6495393,3379.6218,0.0046699713,3.8167257,0.33197957,0.08922912,0.07573913,0.055332195
0.56390196,4946.206,0.010437065,3.0598774,0.15149221,0.121595226,0.110251166,0.060349543
0.72408104,2203.4443,1.0465477,3.5966825,0.11376298,0.10786806,0.089712456,0.084356375
0.72238004,2522.8303,0.63271725,5.68744,0.15010913,0.110311456,0.0992725,0.08643183
0.71386325,2476.8162,0.5972815,5.0218234,0.19001645,0.12160044,0.095647685,0.062478606
0.73717296,2625.3792,0.70232433,9.030603,0.19561204,0.13446118,0.06399319,0.06429445
0.7482692,2063.5251,0.5105639,3.9511094,0.09061436,0.08706184,0.12250629,0.14724246
0.59818554,2735.92,2.2835126,1.1159627,0.14298195,0.14343962,0.05590294,0.04385984
0.5932726,2538.4583,2.671299,0.8965869,0.12224927,0.13713786,0.057643395,0.04585564
0.45520976,1239.5212,1.4193506,0.039718572,0.09572707,0.06733396,0.17383932,0.09997134
0.43960837,1244.0599,2.9687316,0.026224328,0.13341913,0.10967967,0.06579731,0.052547887
0.49126744,1127.6278,1.6480757,0.035778016,0.1072031,0.095889375,0.10126055,0.107789524
0.42901617,1329.553,2.856714,0.04258857,0.10099509,0.10564137,0.09492978,0.0455304
0.4778919,1118.9023,0.99199975,0.01911976,0.11393983,0.13327628,0.08589588,0.09380567
0.45674765,1251.5509,0.69594365,0.031783517,0.123483546,0.10022543,0.06380381,0.12652391
0.45538813,1136.1838,3.0718615,0.017636282,0.11376512,0.16029823,0.09496009,0.054272905
0.44475684,1251.097,1.7449753,0.029835144,0.11862084,0.10144744,0.108606234,0.05414001
0.4854374,1256.9198,1.1924465,0.04438984,0.11853145,0.13913348,0.054423902,0.1450471
0.46293554,1122.9332,1.5997602,0.012957929,0.14058024,0.062328618,0.09695843,0.061971955
0.43304026,1214.9832,2.8134758,0.013587566,0.116459765,0.11055252,0.076008394,0.067707404
0.5333862,1740.3007,1.1799417,0.24864796,0.11596373,0.08044097,0.13526729,0.062244684
0.7125712,2533.3877,0.9880997,4.6458797,0.10923879,0.12958752,0.050252356,0.07324944
0.73641807,1504.7778,1.5289881,1.1379623,0.18213895,0.109860644,0.08784793,0.11224484
0.699533,2032.8693,2.00356,1.88503,0.15814653,0.09658441,0.117223635,0.07863405
0.7365377,1534.3433,0.2749247,1.3010298,0.12696144,0.07177313,0.07421754,0.12378674
0.7315292,1393.1777,0.49331412,0.7247782,0.13236159,0.080222756,0.064752445,0.119238354
0.72948325,1381.5089,0.4880209,0.71270716,0.12968673,0.07896164,0.064015314,0.11934391
0.7042663,2161.3696,1.2647352,2.4356763,0.12642342,0.0898696,0.09103647,0.095657334
0.68072945,2078.0173,1.7918811,1.4797034,0.10600737,0.09775157,0.06211818,0.101464495
0.68607366,2104.9768,1.1387478,1.7104244,0.122472644,0.10167908,0.08521825,0.113414004
0.6690936,2277.579,0.8885137,1.8106323,0.10685833,0.06803395,0.10297071,0.13401254
0.66059554,2206.1472,0.743917,1.502511,0.1098636,0.06751844,0.10805305,0.13688423
0.5850313,1905.201,0.29320136,0.44349253,0.15246288,0.07057817,0.09473292,0.16870758
0.55151016,1914.8898,0.10446763,0.3571626,0.18489578,0.107628435,0.110697426,0.120336525
0.55626726,2582.179,0.22522397,0.6677574,0.15391588,0.10394026,0.10281394,0.11951178
0.5290987,1474.1443,0.9721114,0.1763205,0.121044785,0.0957944,0.10763441,0.055479273
0.5211024,1572.5564,1.9908367,0.18281305,0.0767735,0.061927084,0.09844943,0.049628038
0.5018649,1620.8766,3.237611,0.16891141,0.082317375,0.10200232,0.14344776,0.07811314
0.42667452,1195.8944,0.0627595,0.013517894,0.18083793,0.09095149,0.09595125,0.19359528
0.4221071,1223.547,0.112399206,0.016559485,0.112416826,0.08626135,0.091077894,0.11536364
0.43892673,1312.396,0.087619275,0.03847583,0.16444826,0.12304988,0.09211281,0.07136722
0.4273151,1221.8387,0.803475,0.013081536,0.18776087,0.108017586,0.1261767,0.054760944
0.47268423,1232.1218,0.6816101,0.045060165,0.06494422,0.085066594,0.06146354,0.07983683
0.44058198,1253.3418,0.23062937,0.032853287,0.119234435,0.0872608,0.11346626,0.05819592
0.44969457,1373.287,0.48205635,0.06793924,0.106036335,0.10697691,0.09775204,0.057838053
0.49435598,1543.8853,3.3899121,0.1450151,0.1102041,0.11150769,0.09788234,0.053933144
0.5232919,1719.6425,1.7036424,0.23436783,0.09195245,0.08217623,0.07012082,0.050401922
0.5634016,1696.7213,1.0542582,0.28648454,0.097051516,0.07611599,0.058505695,0.06102659
0.56546783,1697.581,1.1666905,0.2935979,0.09654142,0.06720121,0.06625876,0.09830612
0.50685674,1592.9178,2.8661425,0.17198452,0.09019145,0.098207146,0.08843234,0.082455166
0.48646814,1395.4165,1.6745656,0.098276965,0.13155445,0.09694341,0.091101915,0.06673901
0.4803612,1742.2618,3.4431305,0.1772656,0.14079289,0.17319319,0.07345684,0.05908574
0.5242711,1730.3423,1.7421013,0.2340593,0.11915182,0.18928066,0.06593924,0.08098059
0.63530654,2806.6265,1.0338212,1.93402,0.12730683,0.0995395,0.11949258,0.05028433
0.63059366,5590.0806,2.0363662,11.814208,0.12754922,0.10441798,0.14721265,0.087723196
0.61915725,5368.2847,0.77114636,8.52651,0.0983162,0.10273192,0.0663432,0.06964715
0.6974871,3199.343,2.749776,8.413851,0.11717546,0.08936165,0.065845214,0.07697884
0.61342216,3605.553,1.196212,2.7524211,0.10115042,0.115188785,0.08801571,0.056981638
0.61224294,4163.304,0.6624071,4.0795536,0.08752869,0.10280511,0.11118679,0.07087703
0.64420253,3458.2463,1.3878562,3.8143973,0.103029184,0.08490449,0.0973045,0.052256536
0.62696177,3549.0527,1.0220271,3.226097,0.18201521,0.108114,0.08055861,0.067610875
0.62017417,4112.5474,2.0597506,4.279786,0.13962528,0.11564839,0.09259009,0.074588254
0.67060876,2946.9836,0.6368979,3.6945333,0.16077846,0.080754265,0.0899918,0.1014213
0.6742096,2842.4993,2.4499226,3.5666103,0.13856897,0.1190557,0.10216457,0.049546532
0.67641556,2280.805,2.5377064,1.7268963,0.106987245,0.08886295,0.05384643,0.061033398
0.62784326,2528.9817,6.3113923,1.3907727,0.10987139,0.08558912,0.061682004,0.056465525
0.66318184,2362.1992,1.027739,1.8040721,0.09739393,0.096081,0.07409924,0.08308014
0.6436208,3917.226,0.552121,5.5793037,0.15978935,0.09510025,0.084648244,0.0651657
0.6907028,2935.7803,0.7050399,5.224935,0.18089211,0.092592925,0.08176053,0.074343674
0.688431,2975.9019,0.7609843,5.2867417,0.18404616,0.08505128,0.058574826,0.06564311
0.58511287,5199.6675,3.5491586,4.911353,0.1608639,0.13127519,0.112163536,0.08055481
0.6020714,3970.509,1.9437705,3.145484,0.1267307,0.10520683,0.12392213,0.07706689
0.65651745,4560.294,3.2883625,10.3822975,0.11699231,0.08534995,0.08014707,0.07119106
0.6713644,4251.5957,0.9280629,11.308369,0.11066373,0.10629844,0.06982055,0.065970786
0.67252433,4094.3887,0.9981306,11.09827,0.088454664,0.07297951,0.07964778,0.078691065
0.6536009,4635.1587,1.1510886,10.027287,0.090497345,0.08291734,0.07715661,0.06324617
0.659237,2888.2935,1.6930593,2.6604154,0.11592149,0.12574941,0.081210695,0.06375494
0.6347349,3286.2222,3.0843325,2.9614236,0.1181123,0.1325891,0.09284654,0.07070601
0.6553226,3902.0735,0.9029816,6.7176857,0.095950864,0.10068056,0.15134694,0.048388507
0.6458301,3739.7327,1.4304398,5.0300283,0.09428079,0.058162227,0.13321576,0.05472915
0.7180891,2105.6016,1.9223847,2.581054,0.19131738,0.17773536,0.05718697,0.07196397
0.70328486,2767.8193,0.91998786,5.4117727,0.18529877,0.16151094,0.074599884,0.09474498
0.6783091,2811.5898,3.0972748,3.804585,0.07547203,0.068988666,0.08135823,0.053922664
0.6526031,3288.4766,1.8196924,4.085444,0.09060317,0.07346339,0.12939745,0.06363793
0.6428773,3394.7004,1.7474746,3.7918804,0.15534942,0.13923752,0.064913295,0.06481369
0.6542219,3311.2102,2.9055989,3.7771263,0.1524427,0.1429029,0.080868706,0.053164504
0.66478586,3323.3682,2.2244952,5.0653877,0.14100625,0.13460074,0.082933016,0.062066354
0.635022,4104.3325,1.8014685,5.554712,0.13104199,0.115936965,0.07998819,0.04323262
0.6601741,4389.0415,2.1851308,10.463627,0.112903535,0.09280796,0.058634963,0.08836843
0.6109139,3152.7607,1.8148769,1.7381902,0.12913182,0.13808195,0.09292312,0.05174109
0.6981425,2758.9065,1.9783995,4.949533,0.09741367,0.15479667,0.11857891,0.06371037
0.6499676,3282.7925,3.6938548,3.764098,0.16633382,0.09145985,0.13680142,0.057593293
0.64379704,2947.8933,2.8545942,2.3944771,0.13717721,0.10771808,0.12260488,0.053057402
0.63974535,2708.1033,2.1019444,2.0004928,0.11619767,0.09182834,0.08816191,0.07154861
0.5763577,2813.5884,2.5323303,0.9752833,0.1424799,0.11777933,0.08758794,0.06377391
0.6923941,3427.367,1.2757014,9.090086,0.07727447,0.13845171,0.054578334,0.059830107
0.6329525,4280.6777,3.5863488,5.609731,0.08554944,0.13208245,0.1017331,0.06068859
0.68318635,3861.0046,0.9584069,10.498171,0.11500386,0.12982157,0.059970807,0.08255151
0.6328531,5362.4243,0.5903671,9.99955,0.11843114,0.15043896,0.08578074,0.09814177
0.6288284,5066.0703,1.2079772,9.285872,0.095752366,0.15319596,0.09350744,0.057475872
0.65010685,4523.6455,1.8112793,9.335074,0.0964313,0.17685106,0.079682596,0.051884536
0.64322335,4524.358,0.9928053,7.9263153,0.1034822,0.19136162,0.07140679,0.06685885
0.6195228,5275.6567,1.9307773,8.555782,0.090991355,0.21369903,0.07050128,0.08079536
0.6535488,4062.5088,3.1585739,7.6867504,0.11874498,0.16912495,0.07673344,0.12105087
0.60188353,5752.865,1.4708842,7.863468,0.1958975,0.1495448,0.08089636,0.07254811
0.7146314,1773.1903,2.3235054,1.4580071,0.07350382,0.0842747,0.07494038,0.05887324
0.69235307,1963.202,2.238887,1.4743776,0.07888967,0.11368918,0.08755449,0.0616648
0.6329836,2144.6768,2.5276797,0.8504944,0.124584,0.102744296,0.10001397,0.08125919
0.69142365,1999.4972,1.3002262,1.4457151,0.12549974,0.068066396,0.097901106,0.069115266
0.7634408,1739.7798,0.9892894,2.940765,0.16571727,0.1676805,0.090927206,0.0708584
0.7000797,1843.2057,2.9937844,1.3869138,0.09591939,0.06167677,0.064193524,0.08201147
0.68887407,2637.7798,2.1896424,3.5064235,0.08293219,0.085601956,0.1183312,0.071375504
0.64781487,3439.753,0.3739455,3.677697,0.11094987,0.11512385,0.120159976,0.07337277
0.66473675,2981.3704,0.62759143,3.3763957,0.14575659,0.08643776,0.0902828,0.06592063
0.6521057,3857.1487,0.24784958,5.9774427,0.13243054,0.06625252,0.08423235,0.07378298
0.6636052,3392.3445,0.6199461,5.1035113,0.112330236,0.07043648,0.085205406,0.07677372
0.67394,1809.4832,4.794491,0.8637029,0.1049979,0.14284599,0.064553015,0.04705538
0.7474283,1756.2957,1.7227869,2.244462,0.094685905,0.120303586,0.06352378,0.056969956
0.5706077,6246.832,3.2473397,5.780347,0.15193458,0.25218135,0.056194346,0.08338264
0.60727686,6097.3335,0.65913206,10.137114,0.1040901,0.13073005,0.102598816,0.07601759
0.6201829,5206.886,0.4464958,7.904703,0.09545393,0.12283883,0.06825966,0.0572888
0.63302183,4055.063,0.68313575,5.0627575,0.0928035,0.13543391,0.05740536,0.081353985
0.68503296,3609.538,1.5883604,9.721713,0.10320878,0.09312448,0.057823863,0.06877323
0.63028914,4977.3115,2.1128047,8.088701,0.09798351,0.123730354,0.06737822,0.073680125
0.65669596,4374.0234,1.102596,9.471533,0.11585645,0.097681075,0.070293464,0.13019104
0.652048,4079.997,3.0901787,7.085121,0.095942214,0.14413027,0.105675936,0.06172111
0.62635005,4365.48,1.4153066,5.3138113,0.10425124,0.09419528,0.090234086,0.05590322
0.7158886,2285.034,0.23581815,3.4241407,0.09751261,0.09253331,0.12027551,0.10881905
0.7113302,2041.095,0.2143294,2.2381964,0.081356175,0.13039157,0.08876332,0.086136006
0.7105808,1778.735,0.124497294,1.3323033,0.08382267,0.14284712,0.10223204,0.096920155
0.67130053,3373.3376,6.1913514,5.8517466,0.22969985,0.08188508,0.06881598,0.04821766
0.6108049,2365.453,0.036921047,0.86800194,0.07798006,0.1172753,0.09673831,0.13267498
0.6666389,3415.9795,0.08953832,5.822705,0.0935793,0.08807754,0.11134641,0.106831074
0.6479255,3133.2585,0.080232814,3.0801125,0.07714523,0.09478671,0.11362536,0.07371001
0.6341063,4635.045,0.26741245,7.52903,0.11033347,0.105823606,0.08055501,0.054745372
0.65329856,4560.6,1.6179053,9.66779,0.101359315,0.106508285,0.074966066,0.074492015
0.6714012,3498.956,0.91433555,6.176202,0.09841479,0.08359915,0.09166424,0.050289605
0.6409041,3808.9014,1.3794217,4.641082,0.096591845,0.07876651,0.077473,0.060347512
0.65595436,4034.3975,1.832468,7.257236,0.099067315,0.0779311,0.08792125,0.08363616
0.65660596,4182.469,1.1215065,7.960695,0.14118046,0.12789807,0.06708804,0.09908402
0.6405036,5015.885,2.10207,10.098051,0.12579218,0.10071117,0.076294824,0.072260365
0.6923523,3599.697,5.05293,11.125811,0.12228897,0.09454068,0.084245935,0.064769015
0.6293147,5644.8564,0.08502456,11.441946,0.08625798,0.09824468,0.087334394,0.10155465
0.5872641,5090.651,0.7990663,4.7547836,0.1253389,0.092735246,0.124239884,0.064032
0.6881246,2399.233,1.196801,2.5492573,0.08513306,0.12756552,0.06242338,0.065650776
0.670541,2404.5166,1.2511449,1.9864595,0.08862739,0.13031924,0.064390175,0.072170764
0.62497663,5242.621,2.125264,9.354977,0.12655097,0.077207364,0.089359805,0.05791661
0.63910073,4792.919,2.0846694,8.592527,0.122517064,0.08467224,0.07741393,0.057360373
0.698944,3448.5352,1.6899242,10.685976,0.10230904,0.14069694,0.078276694,0.074518606
0.6159093,5229.861,2.491464,7.814328,0.14372066,0.09426975,0.09444025,0.10003624
0.6521156,4328.117,2.5006402,8.882514,0.09932679,0.08702974,0.07231108,0.09484732
0.62928325,2026.1344,0.9483997,0.7456898,0.110787965,0.12402464,0.07520826,0.061329804
0.5926472,2689.2825,3.1225352,1.1332754,0.11409366,0.08187342,0.09321191,0.10139838
0.61055046,3577.6655,1.6980637,2.6222112,0.14173621,0.12328342,0.05058105,0.1293314
0.5733691,2548.485,3.4609628,0.73224366,0.12618308,0.09356581,0.048902385,0.073068894
0.58481175,3463.081,4.045616,1.9219468,0.11574127,0.11395439,0.064818926,0.13116054
0.51431525,3755.589,2.029917,0.9991818,0.16957684,0.24408148,0.094568275,0.06383984
0.60193735,4114.307,2.0470295,3.055521,0.18018636,0.26343048,0.08892366,0.061050456
0.57937,3286.1133,3.2742193,1.5210447,0.086077765,0.09524611,0.07218847,0.07887927
0.6501298,2033.7205,1.165863,0.9200807,0.101395816,0.09274597,0.10982697,0.05473676
0.6394317,2476.7024,0.9647835,1.4697337,0.10083397,0.12259538,0.10337075,0.049655564
0.635819,2525.0513,0.033104096,1.5639098,0.12227497,0.07916075,0.07259377,0.126506
0.63560003,2428.8052,0.050560314,1.2916455,0.092713356,0.087356076,0.047549486,0.1756587
0.6434165,2128.0774,0.11812873,0.92730653,0.116375744,0.124156944,0.04985241,0.14826089
0.6594103,2250.8066,0.4689351,1.3805468,0.13752283,0.09333433,0.072444886,0.17151709
0.5829197,2900.3757,1.9015368,1.1564995,0.11200197,0.111571066,0.086923026,0.044274956
0.6741919,2190.7107,1.9647233,1.6250799,0.102217585,0.09614767,0.07691147,0.09010473
0.67449766,3267.657,0.28704223,5.6128616,0.11183227,0.07553388,0.09397851,0.062385708
0.65708166,4335.3013,0.8958665,9.670626,0.13212635,0.09431764,0.12979561,0.07717022
0.67850417,3378.935,0.672148,6.397533,0.12733765,0.13362917,0.100574635,0.05528405
0.6003753,3381.818,1.6390644,1.9770211,0.12377535,0.1481949,0.050062314,0.08605687
0.6850011,3748.9502,2.1918037,10.655914,0.123866424,0.06868795,0.12631495,0.05119659
0.6824264,3682.3643,2.1624303,9.412573,0.111668676,0.08097268,0.12792484,0.04619629
0.679703,3790.1748,2.1573546,10.002239,0.121734254,0.07209072,0.12640536,0.047284067
0.62320906,4846.4653,1.4936131,6.955538,0.101440884,0.14231318,0.054121643,0.121280104
0.61886245,5846.092,1.219136,10.500129,0.09004314,0.09300828,0.071670614,0.14222606
0.684588,3905.5764,1.616599,11.694887,0.12545218,0.122863084,0.06270101,0.04736994
0.6701336,4261.8975,2.474265,11.3992195,0.10049364,0.080657974,0.06704839,0.08416388
0.69685525,3098.1372,1.5984129,7.2647233,0.08403956,0.093709484,0.06647465,0.08079083
0.6071678,4318.838,2.4795167,3.862212,0.13373323,0.09278719,0.071265794,0.07393494
0.6335894,2185.3252,2.1487987,0.94052154,0.12013898,0.08866854,0.06393089,0.047276244
0.68978655,2891.9702,1.2856978,4.8293777,0.09505804,0.08707446,0.072199225,0.06725536
0.6936547,3311.0342,0.6408103,9.098592,0.11028498,0.066585235,0.110791266,0.06529514
0.58987576,2467.491,3.7977242,0.77472806,0.1734375,0.15760864,0.048026223,0.06622302
0.61192834,3060.3987,1.0483942,1.7407173,0.17253211,0.19131915,0.08619474,0.05951366
0.62623197,5542.769,1.7246469,10.791807,0.13330999,0.070427895,0.07160105,0.091910236
0.69647133,3466.694,3.02627,10.981712,0.093350045,0.11039207,0.07525481,0.052675683
0.58398783,3090.0374,1.1595623,1.3848124,0.12341908,0.07566975,0.11245704,0.07000028
0.64210516,1970.083,2.8179436,0.78906465,0.10266564,0.083739236,0.11350433,0.06422994
0.6015285,2610.9512,0.8989542,1.1069661,0.110742405,0.10509244,0.09314571,0.08344354
0.6100703,2315.3203,0.35423088,0.80807793,0.13038121,0.09896559,0.08571412,0.084470086
0.6607921,1963.3306,0.2882595,0.904835,0.1632494,0.0726944,0.0721085,0.09803775
0.57804793,2738.5947,0.661297,0.905677,0.16062273,0.113196164,0.07948151,0.060971122
0.61427534,4190.7104,1.7333326,4.126455,0.12908113,0.1264784,0.063520975,0.07789781
0.609857,1812.1815,1.442772,0.4703174,0.11717044,0.094573505,0.102850705,0.059114926
0.6687383,4211.1445,2.0828326,10.032279,0.08809665,0.1277235,0.060879074,0.069670066
0.6261388,5184.5947,1.6541958,8.729514,0.11119278,0.13117652,0.07820715,0.046887286
0.63149524,4525.7144,2.485382,6.6314106,0.113294445,0.10201974,0.05033334,0.08048916
0.6001625,2438.1895,2.129414,0.9101669,0.13265598,0.07245073,0.118649244,0.112609915
0.6378615,2411.9497,2.5464242,1.3606545,0.12859009,0.09576431,0.09627316,0.07723793
0.64793515,2360.0903,2.5813813,1.4312115,0.12825751,0.09120101,0.0921819,0.07601019
0.6786805,2728.0537,1.4202996,3.4560559,0.09240326,0.11613837,0.059151664,0.0732383
0.6432998,2120.624,3.0904405,0.9587695,0.09288058,0.09838882,0.079549015,0.057557467
0.6737884,3875.531,0.8907986,9.359236,0.16707534,0.08253215,0.059894335,0.08295623
0.6814394,3941.6829,0.6040659,11.108397,0.1537685,0.101150714,0.07706125,0.065458834
0.59657806,6417.9355,2.8352914,8.894137,0.113709345,0.13465784,0.11082191,0.052307654
0.6194288,3949.0098,1.6669985,3.8657079,0.1403999,0.09018543,0.06960012,0.075251654
0.5908749,4273.737,0.34940916,3.1112194,0.20960122,0.095107116,0.08393966,0.07637929
0.6045008,4557.1904,0.91557324,4.497903,0.15825786,0.08516808,0.06329812,0.09239124
0.66338855,3807.4797,1.4016517,7.043071,0.2020832,0.10006809,0.06031551,0.06014124
0.67779356,2920.9138,5.2094345,4.2420373,0.22905268,0.098275796,0.056651354,0.10047534
0.69518125,3149.308,5.273925,6.9652796,0.1979439,0.09204468,0.06618864,0.094828546
0.71204406,2808.2725,2.4208102,6.1325955,0.16723882,0.09805116,0.061559625,0.13874733
0.61535335,5508.048,1.5323181,8.749966,0.09485021,0.09560245,0.11612724,0.041593
0.6623429,4111.3643,1.4127837,8.517621,0.12794259,0.07387067,0.051480092,0.07182594
0.67469543,2976.4763,1.7079488,3.8776503,0.10391527,0.12203779,0.11260251,0.05807532
0.6709082,2739.2358,2.5074475,3.0120785,0.10453692,0.1279893,0.0966193,0.05032589
0.64739794,3706.1628,1.5887277,4.819714,0.088054106,0.09121129,0.055978734,0.07264992
0.6405712,4128.7163,1.2819457,6.009323,0.09310741,0.1268661,0.08457332,0.042164735
0.649366,4279.3296,0.731843,7.8983846,0.09374866,0.1060933,0.060411617,0.07000863
0.661643,4208.7563,0.049085207,9.359126,0.15424407,0.08771042,0.08652449,0.054534867
0.6438608,4797.259,0.017067902,10.153316,0.14284399,0.07355212,0.07033001,0.05510687
0.6457373,4787.673,0.022399964,9.897919,0.13091736,0.068970755,0.078166716,0.06803775
0.6357709,4620.0786,0.38366786,7.367652,0.09343918,0.108505294,0.07622417,0.051701237
0.6515542,4366.981,0.32711422,8.64377,0.0856152,0.1088417,0.078190595,0.05661783
0.63956535,4749.829,0.32673904,9.482663,0.09992354,0.08451795,0.09528251,0.05431179
0.65735227,4374.0835,0.65520006,9.788159,0.12080042,0.09107886,0.09035692,0.05278526
0.6117375,2799.3057,3.8460116,1.4575808,0.17411625,0.10439426,0.068152755,0.07180333
0.6221601,5318.3506,1.2293732,8.774041,0.0941796,0.12935008,0.059502013,0.04903484
0.69743174,3464.9004,2.6204605,10.644392,0.10822979,0.07187248,0.092871204,0.083775654
0.6683065,4232.985,0.5468573,10.370972,0.09910514,0.0981658,0.104760304,0.066896275
0.65726745,4608.9023,0.19972162,11.062145,0.106895305,0.12271615,0.08937943,0.060216565
0.61051875,6378.942,0.8801669,11.870258,0.1150738,0.111476324,0.0747581,0.05582887
0.59531,6961.745,0.88542104,11.576553,0.119140066,0.092977196,0.07662141,0.059243247
0.74609,2478.8489,3.02452,10.255991,0.16941999,0.10602536,0.07592016,0.09744359
0.7610073,1816.6771,2.457846,4.1728277,0.24056508,0.0801426,0.14805968,0.05219321
0.686113,1702.0215,1.6204025,0.9308591,0.3631552,0.08776635,0.08564811,0.053733
0.6560066,3631.7788,1.5706993,5.8564496,0.105520874,0.09391535,0.08592427,0.11905641
0.65980506,2966.852,0.13260534,2.8776324,0.12455293,0.08691795,0.105695054,0.069575384
0.64068717,5082.2046,0.12720305,10.27177,0.12098489,0.08576815,0.07476132,0.080034465
0.65516514,3150.4802,0.4825577,3.610141,0.12332343,0.17395529,0.099305525,0.07575567
0.55715346,5843.5186,0.039089903,4.208739,0.16614804,0.082384996,0.05736308,0.10384253
0.67618644,4048.7302,0.20103323,10.668121,0.087070145,0.20676035,0.09667914,0.04358034
0.60540277,5587.6123,2.7691243,7.139207,0.10180941,0.18044253,0.06667541,0.10353561
0.61203146,5911.697,1.4779538,9.181099,0.12340432,0.13419235,0.06474797,0.10891849
0.6565136,4126.3115,0.70767653,8.522018,0.116437085,0.12407495,0.09977792,0.09374584
0.6461692,4584.978,2.3075583,8.123526,0.09307161,0.16535382,0.055649795,0.057640564
0.6631587,4007.9739,0.24497302,9.643108,0.13235402,0.06775543,0.12142888,0.08289333
0.7032169,2399.334,1.1388612,3.5618987,0.09541209,0.114504956,0.048401143,0.06707115
0.6922136,2592.5872,0.26689047,3.0760696,0.1353286,0.14030133,0.11247884,0.054150403
0.69127494,2582.6042,0.26492056,3.167412,0.13543597,0.14054796,0.11373469,0.054507308
0.71019286,2304.9382,2.6489475,3.1466858,0.09057619,0.06968176,0.046992227,0.10597959
0.67284447,3532.975,2.0829356,6.6741533,0.09774698,0.09291415,0.06566485,0.10653795
0.6104196,3290.9844,1.676034,2.2029912,0.1089998,0.115533635,0.08927837,0.06434556
0.7053882,2090.8542,1.3429232,2.3463125,0.15010892,0.103859216,0.068376675,0.092723146
0.7073397,2080.9368,1.3688134,2.1783886,0.13992082,0.09804557,0.08105038,0.09560466
0.5969587,4221.4443,3.1256745,3.3608193,0.10831818,0.09484001,0.10433967,0.06799464
0.60481876,4198.2705,2.8560877,3.6128974,0.11178468,0.09253025,0.10931572,0.069991775
0.63477945,3461.5935,0.3408734,3.171768,0.09128119,0.10949014,0.07292958,0.1118512
0.6830328,3447.7422,3.233583,7.8852215,0.14479235,0.11482678,0.07505286,0.043949127
0.63831717,1967.8094,0.6178841,0.70187217,0.08790398,0.08303253,0.075542904,0.09861171
0.5835042,1926.9541,1.4893415,0.42527324,0.10792257,0.09542674,0.068997346,0.0706409
0.5834404,2025.3986,2.4976466,0.49746072,0.08497908,0.0828654,0.06032037,0.07279004
0.6999805,3227.717,1.3333687,9.152145,0.13106239,0.11718885,0.08810726,0.061377272
0.6423945,3517.3767,1.8360157,4.346716,0.077893294,0.12627198,0.06906647,0.07356878
0.619601,4031.4243,1.8297611,3.9780197,0.113572,0.1074556,0.11958855,0.07449248
0.63599914,4137.0513,3.2365637,5.9473047,0.10824032,0.10758377,0.14113073,0.10140877
0.63487744,4270.7925,2.2385297,6.660136,0.10842526,0.10344836,0.13403606,0.09842805
0.69975054,2995.718,1.9733611,6.6277266,0.109109685,0.10173543,0.1200515,0.08313063
0.5537501,3544.5479,3.0896654,1.4672892,0.091724865,0.088963345,0.08506485,0.11244492
0.5709259,3051.5344,3.1688955,1.1890264,0.08665016,0.07731073,0.085579365,0.10434727
0.5656716,2821.013,2.2928202,0.9198459,0.101130605,0.10638282,0.091235414,0.091828585
0.711455,3174.3027,1.6573627,10.76405,0.12704565,0.098403364,0.06638037,0.06590282
0.61025584,5628.7095,1.4155221,8.516782,0.13885759,0.12056727,0.08506876,0.06648841
0.613236,5686.0117,1.4286166,8.370307,0.1382718,0.120334804,0.08473028,0.06638224
0.62890726,4899.837,1.41292,7.3119593,0.12332957,0.14812806,0.082433484,0.07556843
0.6042936,5173.613,1.584261,6.098046,0.13533944,0.16466603,0.07614307,0.052332193
0.62563145,3719.1018,1.747156,3.4983687,0.16146523,0.13494642,0.11757385,0.060380038
0.6068217,2848.263,1.4696777,1.3717345,0.12959106,0.09405598,0.100734,0.07362075
0.6204093,2592.8784,2.2819943,1.2884741,0.12315651,0.11580417,0.07048204,0.079821646
0.6320709,2248.5784,0.5631239,0.967451,0.12777734,0.1031751,0.07504314,0.08174606
0.57904285,4145.844,0.5096994,2.5502033,0.10937172,0.09110217,0.12255773,0.070731655
0.5877225,5057.5005,0.66952306,4.736229,0.127701,0.10553735,0.10477069,0.08228449
0.6654219,3152.9497,0.309864,4.4003463,0.11269256,0.10920748,0.13163252,0.05542907
0.6149037,2071.8389,0.4959807,0.6198352,0.12846656,0.08523083,0.06303411,0.1083816
0.60744095,2407.0173,0.8561253,0.9328005,0.12502044,0.0695657,0.05650284,0.09354459
0.5946194,2163.725,1.6431472,0.6375675,0.15411358,0.093269065,0.06589863,0.08615837
0.57511526,1976.8391,4.108306,0.4284807,0.15554535,0.08178219,0.050094012,0.10043182
0.5748117,1935.015,4.6231,0.41083628,0.14970635,0.082798004,0.05172598,0.1018207
0.573836,1803.0634,3.7225714,0.37107491,0.15257858,0.084262565,0.05305667,0.09755631
0.59541774,2038.9464,3.474998,0.5214509,0.1611714,0.09025532,0.05184368,0.08890556
0.5505799,1756.528,0.35237393,0.29273129,0.09865223,0.102536604,0.105884194,0.09357366
0.56264126,1812.9827,0.18003064,0.32016367,0.07978977,0.1225012,0.09415681,0.0698666
0.5610507,1818.0415,0.16542117,0.3242255,0.08152957,0.12196283,0.091839,0.07144422
0.57094175,2131.6934,0.33541524,0.5050375,0.12480027,0.07393845,0.08882187,0.067219034
0.6693058,3584.2363,3.4149396,6.7994113,0.10672957,0.10278597,0.10164134,0.05993003
0.6719792,3429.9304,1.4915715,6.0603805,0.0907997,0.115847856,0.06563145,0.08094062
0.65930337,2861.4524,1.0920819,2.6988044,0.12571009,0.10880816,0.07761447,0.056468096
0.636197,3852.4255,0.84136844,4.465255,0.1452662,0.09891467,0.060434565,0.053462572
0.63807136,4098.753,0.24182056,5.271106,0.15374431,0.17122158,0.07417859,0.07715795
0.6509357,3048.7024,0.4293778,2.9338036,0.15549769,0.17887902,0.09456061,0.081286125
0.64669406,3112.726,0.593427,2.817318,0.15988716,0.15878798,0.08422804,0.07546066
0.65718484,3116.0752,0.8081469,3.2107131,0.16714674,0.16249733,0.08127741,0.08346005
0.6685092,3288.6147,0.4403751,4.878217,0.14384994,0.109659985,0.083447576,0.12653221
0.69527775,2529.8774,2.6665928,3.5467296,0.14753646,0.07091687,0.07178986,0.1131528
0.66640705,2751.9011,3.3564043,2.7823417,0.14093402,0.09728592,0.061524104,0.08051741
0.66306293,3214.734,1.956023,4.3166666,0.1658798,0.08971607,0.060054366,0.082471095
0.6687198,3430.8306,2.5821524,5.576829,0.16220923,0.08421834,0.058543414,0.0841113
0.61883914,5403.2583,1.2065089,8.877615,0.18603322,0.16893992,0.08503638,0.07178767
0.651631,4456.831,2.0689857,9.648313,0.089366086,0.09636927,0.07442197,0.11714649
0.6511056,4594.9756,2.5528288,9.94146,0.08397611,0.101408824,0.07932658,0.09997728
0.6690304,4101.317,1.3238361,9.89468,0.13139775,0.10841468,0.06772637,0.06802688
0.6282056,5392.0537,2.4428532,10.310207,0.11498253,0.07831246,0.06785435,0.057297666
0.7067983,3337.245,0.15236698,10.589336,0.10818575,0.11253356,0.053723775,0.07035917
0.6763268,3826.91,0.49162564,10.069797,0.14601243,0.08789327,0.08260463,0.05024283
0.74136245,2503.6318,0.34613094,9.711342,0.24076205,0.1109062,0.059069585,0.09606859
0.5557068,3644.8928,3.4624755,1.606839,0.07826717,0.08704266,0.10041484,0.0702792
0.6754752,1714.7853,0.9484523,0.7234143,0.18432409,0.12054698,0.17265785,0.060766153
0.5739695,3260.3796,0.055529457,1.3291878,0.08471142,0.11093183,0.09397285,0.06614144
0.6001486,2949.2192,0.10461651,1.4583719,0.10835112,0.12452757,0.085447006,0.070775256
0.7141764,3084.4612,5.230362,10.057696,0.12151324,0.076143086,0.062372755,0.05451434
0.6825788,3897.6077,0.34448633,11.5261755,0.12152732,0.10075149,0.08248964,0.07317637
0.66249144,4312.3584,0.7228393,10.985078,0.09304749,0.073558256,0.063813314,0.06696409
0.65904385,4468.2295,4.454193,10.662672,0.110865995,0.11907052,0.0989071,0.061101537
0.6289385,3516.0098,0.13464837,3.0894463,0.112298876,0.12535459,0.056667484,0.048466098
0.6636442,3740.2942,0.18690684,6.515628,0.12189661,0.08301082,0.09562739,0.09264945
0.6476833,4158.492,0.5207948,6.390584,0.10196554,0.12693368,0.081830874,0.057749934
0.6427497,4419.2163,0.37925863,7.3505063,0.1012838,0.13983056,0.06421062,0.049204275
0.67175007,4093.3037,0.16546685,10.232281,0.13814336,0.15546624,0.07743252,0.051992625
0.68041897,3834.0305,0.16272873,10.170008,0.13410164,0.16522115,0.075229,0.050916176
0.6491408,4123.433,0.58186346,6.9587364,0.10451056,0.1510685,0.08594402,0.07835803
0.61637306,4117.4795,1.485707,4.176864,0.16877678,0.059412975,0.080248944,0.07257243
0.65931255,2411.4727,0.5192132,1.7206147,0.14002313,0.085966356,0.09358405,0.0649679
0.6609256,2267.9856,0.49909207,1.505735,0.14071657,0.08540945,0.094728895,0.059139635
0.6417443,2487.117,2.6585515,1.4868228,0.096686035,0.13699763,0.047915444,0.08100363
0.65684557,2566.06,1.275981,2.0578694,0.14200737,0.12955177,0.13773318,0.054467022
0.6876767,1955.8356,1.2339557,1.3817194,0.10526806,0.09843054,0.13628207,0.08996979
0.7024053,1906.1497,0.72975147,1.5093338,0.09853582,0.094361834,0.06671013,0.1317485
0.6846668,2199.9143,2.6981142,1.899187,0.10645828,0.11647065,0.067944825,0.054833364
0.74500555,1722.2681,1.1770436,2.1367729,0.106000215,0.09007928,0.09227492,0.05231475
0.6616178,2023.6135,1.5286266,1.1646795,0.10740859,0.1624707,0.10677324,0.10322025
0.6062983,3019.4075,2.481151,1.5653313,0.103594005,0.071379654,0.06939686,0.05293763
0.61681134,2316.7212,1.3786926,0.95409465,0.14533903,0.13870129,0.10214883,0.071960114
0.6025928,2836.0806,3.455704,1.3154539,0.16576916,0.13521388,0.07388213,0.08867052
0.56066716,1733.6405,0.6868816,0.32042325,0.0723376,0.07859035,0.08792253,0.086207666
0.544022,1735.6294,3.9628978,0.25532,0.23440664,0.103841685,0.12089991,0.058357134
0.5828156,2404.0603,0.8029925,0.6749013,0.141096,0.09576184,0.05341272,0.09064882
0.72442603,2105.7073,3.548113,3.4707127,0.10211294,0.078241594,0.09524204,0.04092932
0.694074,1762.7668,3.261698,1.020656,0.104314245,0.08369951,0.07711523,0.052185867
0.6594336,2410.0728,0.9011211,1.780959,0.116982386,0.10186526,0.11358785,0.056058735
0.6100278,2327.5684,0.24821527,0.9492777,0.10389079,0.10346208,0.10358672,0.07313713
0.73158085,1995.6636,1.3144547,2.5859518,0.118450455,0.094487004,0.05883405,0.07454301
0.6311278,2483.485,0.69276005,1.4413277,0.13749291,0.07907575,0.09533264,0.05371742
0.63133496,2942.6653,0.67698276,1.9393291,0.12485045,0.12268833,0.117379606,0.05397706
0.6862561,2201.3752,1.0593145,1.9023583,0.10204273,0.09096962,0.0707635,0.07598282
0.6509561,2052.2554,2.6384935,0.9143977,0.12900756,0.15045924,0.062497646,0.07840088
0.6557931,2701.5793,1.0177904,2.3593938,0.07267715,0.07803045,0.10793397,0.08368576
0.67334133,3107.1406,0.6593467,4.675337,0.07511367,0.06598705,0.116482615,0.06821079
0.5816896,5563.265,3.5561345,5.2172017,0.20565248,0.16173057,0.061983217,0.08841743
0.6937685,2664.1116,0.7186174,4.120523,0.07503953,0.08274517,0.113411196,0.06731808
0.6202155,3799.638,0.76288855,3.5609848,0.10867889,0.11638818,0.091115534,0.04734731
0.5997017,4202.4785,1.3527948,3.3320136,0.09657831,0.14617306,0.090543,0.08386557
0.5894396,4353.728,1.471922,3.2966573,0.10496416,0.10816685,0.09242149,0.08472032
0.62575275,3578.1985,1.5502844,3.2479095,0.12922832,0.08114375,0.09207924,0.066879116
0.6605111,3096.5222,1.6387329,3.6816642,0.14577381,0.090746045,0.10104666,0.057390414
0.68379176,3851.4114,1.638323,10.70481,0.10799426,0.1032407,0.061516885,0.12482039
0.6297996,4339.4756,1.9784207,5.8402367,0.12372525,0.09545821,0.106704816,0.041348673
0.64161754,4131.955,1.5139072,6.2984505,0.17830518,0.09480393,0.15349351,0.05008497
0.6603798,3371.7712,0.7672308,4.895931,0.20001858,0.10727027,0.14555982,0.029243182
0.6200785,3399.5159,1.1769414,2.676786,0.1756576,0.11254784,0.13952608,0.038926642
0.615919,4233.5444,1.8983375,4.357886,0.16851975,0.13213281,0.14241958,0.040688284
0.6747889,3397.3381,2.0429235,5.9649873,0.08302943,0.13530022,0.046485383,0.1312019
0.6614077,3804.579,1.8029599,6.493266,0.085248895,0.12999924,0.044918917,0.12338007
0.6854006,2696.8735,1.6289523,3.5778234,0.08283281,0.13845856,0.048507333,0.1275062
0.6450864,2196.8835,1.7981445,1.0173478,0.10331127,0.08970386,0.07018265,0.10764827
0.62295634,2770.3896,0.48947206,1.4957385,0.102341436,0.10119544,0.09158507,0.06128851
0.7083315,1842.8955,0.1918402,1.4278433,0.09834334,0.10083278,0.058300562,0.067464285
0.66364694,2392.9124,2.9763856,1.7995864,0.117042474,0.08735076,0.115791164,0.08794242
0.68348587,2704.8794,1.003193,3.5418406,0.09080558,0.13668081,0.09167373,0.044877857
0.69474536,2690.4712,0.87056637,4.3921437,0.09037459,0.15322907,0.12583011,0.06531868
0.6413425,2574.4968,0.68992716,1.494744,0.10644274,0.21659203,0.1284424,0.0764428
0.6717336,3023.0457,0.5683376,3.914874,0.10973834,0.18443468,0.12700815,0.07189478
0.6779735,3090.786,0.41232523,5.077759,0.109688796,0.14110063,0.11093273,0.06511932
0.6611573,2886.5332,0.76522356,2.9255614,0.108268924,0.13386223,0.114775956,0.062072404
0.6724064,2637.1,0.8907169,2.653567,0.11328375,0.134508,0.112120196,0.061049104
0.6792796,2863.9656,0.65043765,3.941958,0.099589996,0.09040317,0.13096252,0.052826036
0.6980346,2491.7673,0.7175593,3.1565669,0.1088721,0.08630169,0.11368812,0.05673577
0.7109945,2010.2567,2.564501,2.2015655,0.15094733,0.09928651,0.09302254,0.070923634
0.7498318,1650.6658,0.7905824,2.1169164,0.17737438,0.081566304,0.09743211,0.07090164
0.75253993,1499.2365,1.6610417,1.5364178,0.15035301,0.10711874,0.10662705,0.047141675
0.73647714,1893.6405,2.7819178,2.5936303,0.11574532,0.08102391,0.060803264,0.06573517
0.5689255,4769.4434,0.23556907,3.1877317,0.091259606,0.10346903,0.097617075,0.11176046
0.75010633,1823.8738,0.055174492,2.66163,0.1594506,0.08889878,0.06723261,0.044529527
0.58668214,5799.384,0.23419528,6.567439,0.091982976,0.12767868,0.08761883,0.11902085
0.6113164,4532.1064,0.9999196,5.1823683,0.09761736,0.10084574,0.06874201,0.126393
0.6365435,4528.9697,0.22062558,7.076267,0.123979524,0.12015843,0.07234036,0.07633878
0.6276405,2525.7283,4.4636884,1.3381294,0.123347275,0.087822326,0.10064724,0.06463479
0.6463503,2730.755,2.7696447,2.0444016,0.12090689,0.095568836,0.09289295,0.07029621
0.6433576,2669.7458,2.906929,2.0749354,0.12055471,0.09560083,0.092363685,0.06855697
0.6700534,3936.1567,0.914833,9.34072,0.11050164,0.10600557,0.06183371,0.07511458
0.67357635,4098.6504,0.2650441,10.606337,0.10511316,0.10827961,0.07358253,0.057787344
0.67549455,4000.2214,0.27921778,10.28187,0.10262167,0.10706209,0.07800854,0.056606233
0.6285489,5770.223,1.9155561,11.909914,0.098132595,0.109642155,0.078630604,0.069475956
0.65300465,4822.366,0.85648596,11.852696,0.104412556,0.10237746,0.07749239,0.059707243
0.6682922,4234.969,2.9880066,10.545888,0.12309269,0.09938449,0.07678736,0.06780396
0.67903167,3635.8125,1.1120787,8.959494,0.09626579,0.104922324,0.079821974,0.067086935
0.7126984,2715.731,0.54506826,6.6913753,0.104800746,0.078816175,0.10094079,0.057227343
0.71571624,2961.5671,1.3538395,8.250709,0.12326925,0.08769986,0.0639992,0.07439929
0.668843,3888.2239,1.9183545,8.164489,0.12581193,0.08564721,0.07862305,0.071733624
0.6568742,3421.7583,1.1623356,4.377316,0.19486031,0.16826655,0.05884885,0.09159525
0.6436431,3353.9705,0.5580609,3.2193952,0.18634039,0.18423449,0.05755346,0.102688335
0.6347619,3212.06,0.6814215,2.6789212,0.22507544,0.22924449,0.059342302,0.089506716
0.61183393,2652.5308,2.4556756,1.2610364,0.13751541,0.078536026,0.1006652,0.12411868
0.61910313,2274.4702,2.8750846,0.93923587,0.1285078,0.084576815,0.09803716,0.11685984
0.6055662,1982.093,1.4564675,0.5796443,0.114088275,0.07976199,0.08745041,0.047844313
0.6602798,3274.0007,0.58686846,4.4271708,0.096699774,0.101098806,0.10444138,0.10244878
0.6717633,2619.6184,0.85058284,2.4470696,0.13636741,0.15763693,0.07181706,0.08657568
0.6845976,2705.606,0.706375,3.5971234,0.1314354,0.20112388,0.056078427,0.08720568
0.627345,4574.1294,0.70753837,6.488384,0.09236023,0.11870504,0.05254195,0.06475274
0.6565921,3250.8584,0.049593426,4.129103,0.13901098,0.12001359,0.08061449,0.06371758
0.64137566,2122.6716,3.5337465,0.9343857,0.12211643,0.109569766,0.0695229,0.076767005
0.63900334,2273.4019,0.9537437,1.1139448,0.12674369,0.09134866,0.08976066,0.05177615
0.67151606,1876.0137,2.6924012,0.9910122,0.10950088,0.111480206,0.06418402,0.055181388
0.6348903,2429.117,2.47441,1.4028358,0.15931964,0.08932719,0.08665663,0.07055058
0.6498267,3172.5615,1.0429498,3.0998802,0.09379771,0.08283249,0.093827754,0.06958258
0.64872974,3775.2495,2.9009907,5.240162,0.08165275,0.09094705,0.062920295,0.06951359
0.6352129,4101.663,1.4247279,5.3433824,0.15546823,0.15333489,0.07851864,0.093304545
0.64378124,4057.4082,3.4158773,5.902296,0.12950177,0.06854128,0.08726762,0.049511354
0.6431278,3948.4175,3.3806155,5.7527823,0.14154233,0.09812972,0.09070406,0.041836217
0.63236284,4900.4395,2.104093,8.166977,0.14725755,0.06977571,0.062571414,0.05999947
0.6477844,3226.4084,1.0402445,3.2874365,0.11018384,0.14838688,0.10402225,0.07307422
0.67381823,2979.7979,2.1344974,4.1018353,0.124761365,0.14610022,0.14770983,0.08274941
0.6732254,2911.3313,0.82204956,3.9828155,0.15291037,0.14057553,0.08773211,0.05065063
0.65488464,2886.9897,0.5771244,2.5566735,0.07998115,0.12447868,0.06272845,0.093678616
0.66067207,2574.758,0.41996878,2.1938956,0.09600933,0.1316968,0.07521535,0.07404871
0.66921437,2102.6477,0.4354579,1.3419179,0.09584078,0.16270703,0.09967901,0.058479898
0.72973174,2100.9673,1.2677323,3.3539548,0.1297178,0.064766295,0.072867505,0.057311013
0.68702847,2621.8389,3.1029508,3.056411,0.15129666,0.13823938,0.055626556,0.07973087
0.6580765,3486.7053,0.6438658,5.013939,0.06649836,0.11869924,0.08956629,0.094010174
0.68386906,2385.2751,0.7723416,2.5244007,0.117557116,0.10476892,0.09451352,0.08528504
0.67951983,2316.3293,0.9313827,2.161119,0.11631001,0.10617405,0.098826975,0.08963555
0.6109226,2753.1938,1.4419827,1.3974202,0.10438505,0.11302217,0.0617331,0.05148872
0.6285425,2331.5735,1.835459,1.0514863,0.091171876,0.110969335,0.066407755,0.0719141
0.59110385,2969.1265,1.6069723,1.3614638,0.110908955,0.082800664,0.07851382,0.14207423
0.5726157,2818.2122,1.520262,0.91843706,0.08123265,0.158177,0.09052738,0.07303467
0.6748545,2083.5996,2.9281623,1.4561222,0.18564811,0.10769312,0.061410233,0.08983338
0.64695466,2462.194,1.0012102,1.5547073,0.09147385,0.090434656,0.10011216,0.057006232
0.65601426,3013.8345,1.126532,3.1370993,0.11249716,0.12104882,0.079270594,0.0631055
0.64091355,3498.743,0.5871272,3.6390803,0.11951714,0.12735519,0.08033794,0.06706628
0.6883489,2566.1365,0.79544646,3.0481594,0.16420999,0.14925621,0.08244021,0.057511773
0.6540037,2117.6777,2.9839928,1.1063731,0.07117702,0.11071849,0.046331607,0.07677491
0.6220674,2485.8455,2.3691044,1.2015774,0.07524643,0.09020722,0.05608233,0.078097105
0.65987843,2182.1353,0.104610056,1.3088541,0.0927787,0.06590435,0.098984964,0.12983355
0.6493729,2368.6157,0.65619886,1.5114217,0.099803686,0.085746735,0.08485451,0.06706766
0.6217346,2107.411,0.54042304,0.74389917,0.09280361,0.106609404,0.10614872,0.0410674
0.6339696,2092.6404,0.55418426,0.835682,0.08262116,0.09637667,0.108710274,0.04438637
0.7392406,1517.7325,0.49844328,1.2076552,0.1909732,0.09066285,0.055811513,0.11060301
0.74769187,1924.7639,0.96726584,3.2165174,0.19563392,0.1958592,0.07196546,0.07917477
0.7471673,1714.8826,1.312989,2.1711683,0.21238519,0.16503918,0.06391118,0.09547389
0.6763723,1896.1178,1.4706326,1.0594262,0.1306554,0.17318954,0.09132162,0.0814254
0.6826448,1811.0634,2.0209672,0.9312836,0.115419015,0.16359495,0.08934222,0.077411205
0.58375233,2384.8848,1.8511134,0.7297735,0.11283468,0.09188607,0.14246628,0.0859397
0.5861414,2424.6465,2.4485295,0.7632281,0.14633183,0.10196583,0.121229045,0.07950063
0.59611046,2582.1255,3.3904693,0.94498694,0.16088517,0.08899372,0.1883432,0.056513876
0.6282821,2710.242,1.5787221,1.644374,0.09082644,0.12469106,0.14582366,0.0729049
0.67950535,2073.872,1.770847,1.7014848,0.15292886,0.07714197,0.085367516,0.11598593
0.68873125,1797.1013,1.7189363,0.9993642,0.16843374,0.100643545,0.0715604,0.17447542
0.7229867,1656.5837,1.7024889,1.3132144,0.22291122,0.1317355,0.055458628,0.22174625
0.6261608,4094.4617,1.3209184,4.5922427,0.091909185,0.078948066,0.102378115,0.036207497
0.628602,4657.364,2.4830277,7.0395083,0.11703564,0.09203181,0.09050192,0.050889865
0.63494253,4137.7397,1.1519951,5.417207,0.078795,0.11731179,0.07640544,0.11951415
0.63736564,3463.0369,2.8641129,3.4936366,0.1088347,0.13397203,0.10298054,0.12987362
0.6038974,3570.3926,2.465575,2.7118905,0.10896701,0.1471152,0.10642696,0.14655785
0.6390435,2987.683,2.3738217,2.3679674,0.13040692,0.1004958,0.07500578,0.092431426
0.62554187,1745.5729,2.2145622,0.47233093,0.114026025,0.1064396,0.07196972,0.10681431
0.5806509,3245.6416,2.4620488,1.573033,0.07024943,0.05062599,0.11300868,0.07518967
0.5785903,3246.7097,2.4050379,1.5330744,0.07193147,0.05073268,0.11172897,0.075478196
0.5821848,3220.3188,2.5642157,1.564711,0.07512505,0.04918763,0.11671834,0.07703059
0.6067557,3111.4875,0.967763,1.8491505,0.079447806,0.08804214,0.13760777,0.11967759
0.6483531,2266.469,3.6553867,1.3554364,0.12335466,0.13235179,0.055734135,0.08981308
0.6435643,2641.8638,2.434431,1.9998708,0.11243441,0.1294458,0.082306445,0.08689542
0.6447828,2659.3171,2.424622,1.8737558,0.112849526,0.12979329,0.08245759,0.08720073
0.71136963,2631.5767,4.176509,4.780759,0.093082845,0.10016546,0.11500767,0.092112824
0.68848246,1872.206,0.65536934,1.2853503,0.12532909,0.103361264,0.15465367,0.0595586
0.69825685,1950.6232,0.23349202,1.5376935,0.1404165,0.0795685,0.19324392,0.050128695
0.70085084,1983.4608,0.20736973,1.75727,0.14336811,0.07611249,0.19068149,0.047075108
0.7189969,2047.4491,0.69244164,2.4087043,0.07779684,0.115719,0.07361619,0.054172263
0.69608814,1948.4531,0.8503433,1.5101397,0.08215,0.11040607,0.07635129,0.06492289
0.6419108,3429.8804,2.2277389,3.8080866,0.08991161,0.117595516,0.096718475,0.05844537
0.6198262,3924.5244,2.406137,3.9018638,0.0861908,0.10240966,0.0775835,0.11531214
0.6241928,3699.1003,2.7459686,3.6428905,0.09464224,0.16234982,0.060956646,0.0912215
0.656079,2884.9114,3.888709,2.6542253,0.09770211,0.17364421,0.059024423,0.08563735
0.6524954,3775.1284,0.07891711,5.9594736,0.091414586,0.06906993,0.09391649,0.089444205
0.6434541,4139.12,0.07496104,7.12527,0.09164409,0.06612726,0.096968696,0.07659431
0.6589755,4396.375,0.15180594,10.312897,0.07916838,0.091349185,0.09567097,0.07171989
0.67320704,2760.088,0.49283093,2.9770672,0.13154793,0.113348916,0.09811306,0.04933817
0.6088703,2426.5166,0.7382484,0.92169964,0.14821476,0.09165308,0.050218973,0.056832608
0.60813844,2552.4065,1.0240117,1.0780263,0.16402502,0.15170753,0.05358577,0.07830344
0.6598746,2280.0674,3.8877883,1.4762406,0.16097613,0.09146255,0.077398635,0.17718574
0.6673172,3824.441,0.8083102,7.6368227,0.15136623,0.09846873,0.072502635,0.04686168
0.6673198,3878.8179,3.976342,8.206047,0.07893224,0.08445807,0.066705614,0.08040205
0.650976,3606.708,2.4972384,4.818139,0.10345453,0.087917686,0.06184863,0.078158274
0.6509638,3780.17,2.4015577,5.537546,0.10348193,0.086479135,0.0604007,0.08044793
0.616559,4724.8306,0.5863622,6.421877,0.091473386,0.11038275,0.089004844,0.09847326
0.6277609,4566.9907,0.677184,6.153897,0.103365645,0.10433643,0.08858658,0.0889266
0.6790335,3151.4053,3.173329,4.9716916,0.11655596,0.104465395,0.051572904,0.05679445
0.69045854,2317.945,1.6896726,2.4168584,0.11503937,0.08588132,0.10532507,0.10714811
0.57795244,2516.065,1.8918246,0.7577508,0.090597525,0.1305697,0.061270013,0.08481355
0.5828156,2322.7327,1.6769251,0.64478695,0.096993156,0.1398191,0.06381149,0.07779579
0.5908479,2317.207,1.9249129,0.71034586,0.08626744,0.13870862,0.06567055,0.07566192
0.62377965,3416.667,1.1611121,2.8166275,0.083677284,0.1618661,0.066714555,0.081921436
0.6581261,4250.2686,1.4920357,9.07218,0.09348005,0.061193544,0.06331776,0.06335537
0.6703351,4111.5806,1.5695643,10.805579,0.09665683,0.06667073,0.0749152,0.046035096
0.6955029,3046.6262,1.6223953,7.14678,0.10432917,0.10566283,0.091023944,0.13442823
0.64081717,5175.457,1.4337909,11.346797,0.13984305,0.09524156,0.078359954,0.044544168
0.6456528,4977.3887,2.9552271,10.536715,0.16781995,0.13350259,0.09471673,0.070852414
0.6266458,4795.998,1.1059082,6.865367,0.08298381,0.08534153,0.056879226,0.05824431
0.6617537,3039.3003,2.9883249,3.8017704,0.14493805,0.10941006,0.09703724,0.12714928
0.64936125,3312.196,3.1472776,4.028567,0.15473314,0.116587006,0.09987395,0.08416988
0.6261411,3544.2869,2.1762006,3.2099938,0.10573294,0.052600242,0.106024854,0.08177978
0.6267354,4122.8223,1.4789491,4.8849134,0.10583471,0.10312953,0.13490672,0.05342822
0.62698805,4334.592,1.5302999,5.6022234,0.11443627,0.097393274,0.15577167,0.05323985
0.6440417,3785.259,1.5659515,4.9876237,0.107138716,0.098919734,0.15738317,0.057105057
0.66626704,3584.6782,2.722675,6.29401,0.08906165,0.11590485,0.054427847,0.088383205
0.64765155,2384.8433,1.3740479,1.4660621,0.14233465,0.082846165,0.13419463,0.06528492
0.64206314,2192.7727,2.275513,1.0328717,0.11392711,0.106853716,0.06272604,0.07683897
0.6596229,1963.6115,2.0411654,0.9361877,0.1023572,0.054656364,0.069610156,0.06702659
0.75771135,1919.3912,2.3557236,4.7270865,0.16609223,0.1869065,0.12924992,0.05373624
0.73539454,2215.1428,2.5167434,4.878763,0.2048545,0.15658009,0.11290397,0.05891059
0.52937376,6329.951,1.1518438,3.7443647,0.16244808,0.089932345,0.07543403,0.15818346
0.55695117,5143.884,0.17117813,3.209259,0.2530072,0.09148261,0.07725273,0.1199343
0.57372063,4244.5615,0.10306058,2.450167,0.21105203,0.1014801,0.071928754,0.0935675
0.55888283,5397.1045,0.85209304,3.346819,0.23058306,0.13969812,0.112328686,0.05369806
0.7116374,2439.4507,0.5856802,4.3166265,0.076153725,0.08557878,0.055546403,0.09474938
0.71358454,2464.8306,0.45669654,4.5707555,0.07964446,0.08519304,0.055623066,0.09479667
0.69473094,1971.777,1.3854485,1.5601543,0.091603614,0.14355856,0.07927205,0.11259225
0.691467,2243.9563,2.3969464,2.2558007,0.08762842,0.08577702,0.06630436,0.1277334
0.6793116,2471.1785,1.1225816,2.3921995,0.08079569,0.11178677,0.046382092,0.1204199
0.6888767,1754.544,3.352425,0.9080051,0.11210868,0.09725461,0.07118981,0.10365063
0.75636995,1564.6432,0.38605127,2.1634054,0.15349095,0.10904345,0.10256998,0.10875727
0.7194153,1656.0305,1.1915432,1.3136756,0.12697177,0.10125454,0.077621646,0.08972308
0.674672,2463.7983,1.788305,2.283002,0.11276897,0.107687466,0.08339511,0.0586484
0.6226885,5221.5283,1.9779452,8.436266,0.09712538,0.090921074,0.061642267,0.06268198
0.68564916,2278.0215,1.6818734,1.9514711,0.13414085,0.11532415,0.1010349,0.08486546
0.66026527,3384.049,2.7100303,4.8195224,0.09124453,0.0812486,0.05363388,0.08230307
0.69506425,3087.676,1.3732631,6.5125246,0.10828991,0.09412655,0.075959,0.10104449
0.7363338,2443.418,0.8312143,7.002,0.1198042,0.088830754,0.089269385,0.058614556
0.65671307,3732.3625,3.1606739,6.0705185,0.17953508,0.11155074,0.052250832,0.06280933
0.5909408,2695.4492,1.379319,1.054798,0.078881055,0.077581,0.07985306,0.068690464
0.69595706,2939.8262,2.039086,5.8863187,0.11058482,0.10511422,0.08643195,0.050751325
0.63689935,3168.331,0.7974702,2.8292646,0.11075184,0.089500934,0.0694265,0.06851749
0.7044079,2676.3132,1.4078671,4.701049,0.11127046,0.11613953,0.09397746,0.065475844
0.66379297,3181.615,1.5791367,4.4428916,0.08979983,0.16965748,0.077308044,0.054609157
0.65493774,3310.4165,1.3847489,4.40333,0.10330531,0.16420509,0.085108906,0.045754593
0.6665046,2917.46,2.5356522,3.7400632,0.10869959,0.06980639,0.0760471,0.058672357
0.60547924,4277.18,0.5880237,4.2150984,0.10854568,0.115316585,0.10631393,0.071661696
0.5752592,4823.7954,1.1206657,3.2567937,0.182251,0.093807995,0.091750585,0.06782536
0.6578623,3282.917,0.4221036,3.9046912,0.124210805,0.13316603,0.06931192,0.066926025
0.68553627,2980.1887,0.5646751,5.4515963,0.13082287,0.12609234,0.080590256,0.081823446
0.6863113,3533.394,0.48174587,8.633561,0.15325272,0.13062082,0.075193904,0.1024779
0.68275744,3138.5593,0.71713215,5.675929,0.12539843,0.10386746,0.07950482,0.066271685
0.5261943,1654.011,0.5726068,0.21025807,0.12571187,0.14786252,0.073815264,0.08126055
0.67037946,4243.596,2.0831137,11.273201,0.09057336,0.1263276,0.076027535,0.0631741
0.6314026,5235.122,2.0690517,9.979983,0.12310531,0.08065736,0.06876287,0.06471704
0.66575056,3411.754,2.0945268,5.693827,0.11765239,0.090863556,0.0959022,0.04617986
0.60785127,2667.1477,5.3528605,1.3537271,0.15369642,0.12326455,0.15905586,0.07643431
0.6434053,1844.1433,0.86066633,0.6091404,0.2003913,0.099971555,0.10682088,0.07892221
0.6499241,3009.36,3.2770557,3.0936704,0.19998007,0.1265689,0.073699504,0.10421918
0.66429275,3285.8428,1.2839739,4.3275094,0.13250662,0.097291484,0.07395764,0.094426155
0.6555675,3391.4084,1.0907217,4.333413,0.082131535,0.098178655,0.07602701,0.054073032
0.6565364,3346.9102,1.0800602,4.380088,0.08156352,0.09654329,0.075285375,0.05325962
0.6653407,3854.3716,2.8332908,8.3510475,0.2006351,0.12646258,0.08246476,0.09650417
0.7269013,2708.4253,2.8820128,9.604308,0.18030751,0.08878857,0.11105175,0.09193787
0.58220625,7017.6616,0.981425,8.8405485,0.09366289,0.11736204,0.056302086,0.051355552
0.6373981,4880.3037,2.2245762,9.927085,0.11279648,0.06363759,0.08153117,0.093685806
0.6350797,5025.5586,2.112613,10.298467,0.15452987,0.062041555,0.093651235,0.07292879
0.6141674,5277.4033,2.0319588,7.805997,0.13280997,0.08116807,0.06924473,0.06418549
0.6097786,5157.828,1.8832467,7.03404,0.14331795,0.09203775,0.07146856,0.07081548
0.603733,6090.789,2.1129756,9.976917,0.097368225,0.10189856,0.09656806,0.07748833
0.61024654,5766.9893,1.9709958,8.549162,0.100947544,0.103789754,0.08822707,0.07720843
0.6259636,5481.5547,1.3807105,10.746082,0.10768172,0.09986852,0.10202898,0.08139405
0.6152756,3337.8743,2.887346,2.362867,0.08339182,0.091423765,0.06965726,0.066509336
0.6962905,3594.3137,0.97686404,11.290467,0.1328728,0.09937719,0.07866333,0.067967676
0.64359003,3444.3633,0.30015084,4.2502627,0.08827403,0.12707852,0.11875254,0.0978207
0.6393324,3446.5652,0.42740503,3.4710996,0.10668723,0.110401675,0.100628674,0.080435805
0.63494074,3969.9387,4.128326,4.7292566,0.12735741,0.13972095,0.0663954,0.05160267
0.64128506,3874.5466,3.9698768,4.853504,0.1274074,0.13369294,0.066826485,0.05010193
0.65541697,4652.911,0.3324352,10.236709,0.08964508,0.12660651,0.07805786,0.08368712
0.6238697,5314.702,0.76089203,8.483146,0.09497574,0.10800198,0.07421641,0.0581138
0.6703268,4198.964,0.97268516,10.243308,0.14438978,0.07603515,0.0721374,0.07249546
0.6290017,4877.53,0.52807295,7.202162,0.13397136,0.10964498,0.06972917,0.056492455
0.63737196,4252.2554,0.4889564,6.328948,0.14570946,0.13099538,0.071219675,0.056699216
0.6357081,4402.8247,0.73694134,6.190257,0.16187483,0.12550022,0.07106932,0.06513586
0.65509355,4357.8774,2.0637205,9.430952,0.20574975,0.16947077,0.061172407,0.10626517
0.6601902,4274.412,3.31554,9.155367,0.22828546,0.17342892,0.054239377,0.11908403
0.647723,4097.7896,1.4019583,6.6056,0.179821,0.10352406,0.14125073,0.04178824
0.7578128,1375.1555,1.1061699,1.112809,0.13417162,0.08218947,0.081160255,0.07923743
0.7570334,1501.4097,0.5855941,1.5746884,0.16540381,0.08701283,0.09434175,0.07484174
0.7889809,1582.8652,0.45603064,3.248921,0.1558615,0.103038475,0.075174816,0.07096091
0.7255381,2105.3098,0.73653483,3.237968,0.2092232,0.09616399,0.09929685,0.05162012
0.7468125,1884.1781,1.0856972,3.0772994,0.13515635,0.10195875,0.08245558,0.06837946
0.75526327,1773.4932,1.2196876,2.8579688,0.17301577,0.08941634,0.07394055,0.05238236
0.7703419,1519.2103,0.83736485,2.2917714,0.16936758,0.13597868,0.10378924,0.05473929
0.7320981,1875.4623,0.17717798,2.3645682,0.13083354,0.10355284,0.07339765,0.07904917
0.7449359,1846.9218,0.26123512,2.6902006,0.15147558,0.09670971,0.073157564,0.05710936
0.71236515,2129.996,0.20288105,2.5325053,0.12175922,0.06616589,0.06894522,0.06211479
0.7282293,2281.305,0.34148428,4.7106323,0.12921408,0.06727576,0.058707885,0.061852198
0.5429666,1923.2457,3.6579862,0.34072453,0.094535515,0.10631887,0.11790343,0.06765964
0.50560546,1800.4637,2.2564633,0.22622885,0.13956359,0.10746668,0.107322045,0.053681124
0.47800612,1433.2595,2.030139,0.099121444,0.18185809,0.08688983,0.05289071,0.051006198
0.46118057,1444.5089,3.0619135,0.08132854,0.18664484,0.11228386,0.05456293,0.0738648
0.45130232,1311.4863,2.9469745,0.047170065,0.1473165,0.07809435,0.06817416,0.06790272
0.51753664,1602.3368,1.2464714,0.18043396,0.102889806,0.12650314,0.08876671,0.06802482
0.5848677,1875.9148,2.0371554,0.4057557,0.12426054,0.09828681,0.072173014,0.11225091
0.58285433,2318.0225,0.9248602,0.647713,0.13866076,0.09605238,0.050662324,0.06045013
0.5942366,2628.9614,1.4607414,1.0248042,0.14660135,0.0894663,0.053235292,0.061106287
0.7005871,2675.4275,1.8526415,4.580302,0.1123279,0.11157202,0.066298515,0.069670565
0.55577326,2204.2834,2.0505834,0.5148821,0.09390769,0.080343656,0.26678845,0.07020347
0.6838464,2089.774,2.299099,1.5933797,0.10106603,0.11829636,0.15866113,0.046871323
0.617853,5162.0977,1.5867858,7.5771413,0.09327645,0.08253829,0.07863728,0.080191284
0.6782647,2003.44,2.4053657,1.3232245,0.14126341,0.12485263,0.1263624,0.055403836
0.7327287,2032.9866,2.495245,3.1171906,0.12875366,0.11230153,0.104588255,0.05002245
0.59080255,2709.2021,1.5408682,0.9563274,0.10748806,0.12414584,0.08625755,0.099279314
0.6497172,3610.823,0.074048236,5.008939,0.11184483,0.08018556,0.078393236,0.09010795
0.6697158,3540.0671,0.04248941,6.4714026,0.08742979,0.08838466,0.07198017,0.12396037
0.62534577,5382.0728,0.41922897,9.874257,0.105701305,0.11831625,0.0823837,0.07836752
0.6147115,3549.0957,1.6901631,2.6649525,0.08646472,0.120811105,0.06338712,0.06807667
0.5979737,3610.4243,1.655477,2.2583952,0.08673466,0.122234896,0.06301465,0.07722117
0.6999692,3235.9714,1.9823437,8.704616,0.11145546,0.1747416,0.06508056,0.077370845
0.6430669,3539.1384,1.9052676,3.9974098,0.1344977,0.1318047,0.08070545,0.042839557
0.63394314,2102.5742,2.333623,0.8075252,0.12287442,0.10047493,0.05736236,0.08141724
0.6256364,2513.989,3.2850437,1.2542673,0.15925911,0.0761617,0.060846757,0.072172135
0.628839,2707.2192,2.2573988,1.5337275,0.14621396,0.07726832,0.06275211,0.061041754
0.6432282,2360.7188,1.3746716,1.2887039,0.10695743,0.14973974,0.06259974,0.086879455
0.700639,2425.7886,2.010207,3.4050887,0.110351995,0.105519935,0.062322482,0.06697205
0.6872822,1948.8108,3.2063124,1.3199344,0.122094624,0.09290235,0.070487216,0.061446264
0.70069176,1991.7009,1.6882551,1.7777241,0.13233559,0.11494117,0.06928284,0.064560555
0.59368163,3196.5642,1.4199798,1.6083035,0.08458106,0.10009734,0.0784809,0.06435412
0.66238827,2245.9329,1.3227918,1.3990929,0.10910937,0.116232,0.05918147,0.06804534
0.61288863,2611.2964,0.82593876,1.1502285,0.09667781,0.14071901,0.07271501,0.075071916
0.6546719,2510.1936,3.2157528,1.7807904,0.11459702,0.07696225,0.087218575,0.079109
0.6439548,4356.086,1.1799979,7.243218,0.14036036,0.1313643,0.06378998,0.04658507
0.6842317,2544.8486,0.96779126,2.7769134,0.080742866,0.0725259,0.089328915,0.091042005
0.6694079,2187.9583,5.0018616,1.451772,0.09997137,0.113020234,0.06327167,0.086380795
0.63696957,2181.8906,0.75861645,0.966329,0.09554097,0.1256428,0.06993491,0.0771576
0.72806996,1899.9121,1.3957312,2.211929,0.07660972,0.09486328,0.075582914,0.06698808
0.68389356,1959.0342,0.04796353,1.290713,0.1040606,0.118912786,0.07482864,0.065073706
0.6657589,2279.8687,0.06199984,1.5815324,0.1008336,0.094220005,0.07745479,0.055277422
0.6969603,2148.44,0.13562919,2.1880374,0.106254555,0.102261804,0.06258973,0.057907857
0.6013395,3482.111,3.8027544,2.1974523,0.0977674,0.12814464,0.14187288,0.055223558
0.7013213,2706.8843,1.3042709,4.827874,0.107717335,0.14450411,0.059833046,0.056383815
0.6269431,3282.5842,2.1754138,2.7921357,0.14154744,0.07299884,0.14900063,0.07559672
0.6411287,3502.485,1.8127837,3.9857974,0.13158765,0.08670096,0.12265867,0.0843786
0.6525177,3027.1594,0.8660654,3.0116253,0.09515861,0.10692051,0.058227606,0.06453493
0.66938233,3365.4165,0.6786907,5.197324,0.10655441,0.10622616,0.06336391,0.085534655
0.65908,3795.8638,3.581597,6.877822,0.122149885,0.12392996,0.11503707,0.075214595
0.6134684,4510.597,0.6111645,4.879079,0.10740071,0.09337449,0.13348001,0.055445567
0.64621776,4246.3477,1.259774,7.6404614,0.13308728,0.061042726,0.12419795,0.053405017
0.65666693,4606.2744,0.59165424,11.134081,0.08596777,0.2177178,0.053205878,0.08595738
0.6524197,3847.7363,2.9266202,6.314572,0.12562738,0.05818055,0.11367215,0.052184075
0.65748036,3227.356,3.301509,4.1015377,0.11003827,0.0480617,0.11323107,0.050638013
0.66962874,3417.1257,1.3851014,5.822513,0.08495372,0.09735128,0.1026223,0.058009684
0.65502185,3228.3892,2.2483795,3.909418,0.07434812,0.105554536,0.095522024,0.053895414
0.6401013,3356.515,1.278854,3.3781757,0.07626267,0.10593341,0.08740157,0.05253223
0.6256876,3869.9705,0.99528325,3.8986335,0.14863852,0.06775983,0.12518978,0.06235283
0.744171,1884.6774,2.5730906,2.9914353,0.09420154,0.15585592,0.06118746,0.084361285
0.7476101,1984.3395,2.1861157,3.277237,0.10192393,0.15603153,0.065774456,0.078831926
0.7214508,2169.4724,1.7932193,3.665831,0.09614778,0.120079845,0.077660464,0.09201287
0.71754855,2031.7114,2.8057244,2.2779183,0.09670997,0.12198636,0.07681722,0.09257195
0.68727297,2752.0496,0.24562852,3.7436323,0.18598875,0.09453732,0.0871431,0.08657283
0.6616672,2989.659,0.30956233,3.6339078,0.16865522,0.0886953,0.073842265,0.0919208
0.73841685,1979.3777,0.34227893,3.5464056,0.16882601,0.11880527,0.078484744,0.047519796
0.7059958,2181.456,1.8957838,2.5317113,0.08944839,0.088275,0.061666712,0.07391558
0.6787396,2626.498,0.6154936,2.6855922,0.15730268,0.15260373,0.09653109,0.089150086
0.66426045,2905.2139,1.38422,2.9802985,0.091200575,0.16366228,0.085470214,0.054625552
0.636341,3493.3994,2.3488078,3.5282042,0.10119821,0.141216,0.09899287,0.03889411
0.6487893,3437.7957,2.503769,4.003129,0.12759158,0.12722115,0.083533786,0.058622718
0.69839305,3542.0007,0.11900095,11.071741,0.110445745,0.095063835,0.06124418,0.09824654
0.6834852,3900.1047,0.05899059,11.844002,0.12640373,0.08834912,0.06534479,0.07137556
0.611757,2417.5298,0.77654135,0.95800483,0.11421635,0.11079322,0.08740526,0.054048017
0.6226301,2417.643,0.8118612,1.068431,0.113085434,0.1487139,0.092924714,0.04816041
0.6253688,2433.7915,0.83213484,1.1653358,0.11174306,0.14669806,0.09436582,0.047091473
0.6055012,2622.2896,0.5938701,1.0969561,0.12983808,0.116893,0.11272376,0.041003913
0.6332778,2326.7356,1.9380944,1.0638013,0.09309828,0.115114935,0.1169223,0.05143477
0.6926741,2102.4602,2.4491165,1.8276166,0.121634424,0.10606809,0.083947346,0.05877557
0.7163821,1929.5269,2.3198647,2.001649,0.10884648,0.11349021,0.111891314,0.066000074
0.5751684,2976.168,1.4713367,1.1618779,0.09749532,0.08119484,0.095913194,0.060615897
0.6625832,1797.7231,2.9652724,0.68375456,0.097208224,0.14635703,0.09114073,0.08083085
0.65549326,2253.1633,5.229093,1.4378593,0.09941615,0.15668236,0.095076464,0.08974962
0.65811837,2162.383,1.4573233,1.264899,0.116487615,0.15286909,0.088387966,0.043421358
0.7290121,2112.3503,1.9671752,3.4984484,0.11752595,0.09928213,0.072923556,0.060956296
0.67588603,3075.5496,2.7493932,4.415162,0.13308322,0.09593728,0.08479538,0.085104264
0.7093351,2627.904,2.8871188,4.9383197,0.14082791,0.111352675,0.09934029,0.08450183
0.6773071,2732.017,2.4968297,3.3701491,0.15336612,0.17658845,0.08859253,0.080922924
0.59543437,2866.2954,1.7943764,1.3172228,0.08898099,0.10390149,0.09393375,0.09848713
0.6393081,2859.945,2.735074,2.2294416,0.10185819,0.1102161,0.094184764,0.08893431
0.7179772,2198.1426,1.582211,3.1410618,0.08116571,0.10055651,0.07054079,0.066292085
0.584471,5270.7334,2.185632,4.8816547,0.15792158,0.096029475,0.16319467,0.0710221
0.6061077,4874.6577,3.2586095,5.6922245,0.1380223,0.1163444,0.13530937,0.06873428
0.62085307,4772.6997,1.6993179,6.502056,0.10241764,0.15640059,0.06075426,0.05103927
0.67826587,2879.506,0.34294838,3.9085906,0.12918547,0.08478658,0.07872218,0.075136185
0.6954966,2572.766,1.9095306,3.5473962,0.17896992,0.10216203,0.07603756,0.06979023
0.6105867,6206.572,0.66106224,11.6838455,0.1592844,0.08741676,0.096382804,0.081875846
0.7398985,2644.1863,1.82592,10.4558735,0.14722608,0.13449664,0.13720745,0.053196542
0.7371216,2575.596,1.869608,10.452424,0.14968988,0.13686675,0.14256509,0.052292928
0.7420803,2584.6367,1.5263108,10.24249,0.15065673,0.13407214,0.14286608,0.052089393
0.6349648,4748.579,2.7145524,7.765088,0.14493889,0.07063561,0.11117945,0.08025691
0.6565922,3962.6946,1.1409332,7.75406,0.088060826,0.2022742,0.13130005,0.0771364
0.6701505,2838.0417,1.4691167,3.5789304,0.12646969,0.13049565,0.14503528,0.110750146
0.6678415,3024.3115,2.9474049,4.2584596,0.15123737,0.10137198,0.0969352,0.039345533
0.6411686,2005.3962,1.3421519,0.8149375,0.20398067,0.078540206,0.11011947,0.08463258
0.6111677,2521.1228,0.42597273,1.0847005,0.15097147,0.085536346,0.070280075,0.05561707
0.6216274,2469.996,0.8794508,1.1453183,0.13754599,0.099004745,0.06026629,0.10161875
0.64759886,2336.5852,2.8769515,1.3895085,0.089072585,0.076911256,0.049872916,0.16533986
0.6424925,2347.767,0.1687687,1.4021828,0.15663901,0.09606371,0.10331549,0.07359044
0.6363444,2629.721,4.361771,1.6692295,0.0905503,0.132717,0.06418523,0.0657383
0.6890609,2581.1487,0.87828195,3.306593,0.09168553,0.15251347,0.07316327,0.086011276
0.70328194,2732.7947,0.6450072,5.2765684,0.07659663,0.16105469,0.07142695,0.06548559
0.66188395,2031.6093,0.86190253,1.0708177,0.11578509,0.13359068,0.05657728,0.061547387
0.6641681,3891.0178,1.6132095,8.087135,0.13112146,0.08492195,0.10591197,0.06091935
0.6234298,3992.9238,3.3483117,4.0037665,0.13123024,0.10450181,0.053189695,0.051900703
0.60529953,4416.9404,2.106676,3.94841,0.1417707,0.11130538,0.04841339,0.05889823
0.611539,2725.5425,1.9797167,1.2837119,0.17126709,0.09304725,0.079128295,0.11569075
0.6054734,3104.7126,1.3527265,1.7423313,0.13675745,0.11357967,0.1128777,0.06411212
0.59019476,1977.1051,1.9503597,0.500844,0.106287315,0.065973446,0.08355994,0.048274603
0.6951687,3348.2126,1.7597096,9.42908,0.16670972,0.1636773,0.06878827,0.12259491
0.5946296,2599.2578,2.2541058,1.0119379,0.082643434,0.12077203,0.08678734,0.056716334
0.596039,2612.5374,2.2745981,1.0539603,0.082452044,0.1253391,0.08917281,0.0578918
0.63259196,1992.6038,1.6323576,0.71648353,0.114302546,0.12629454,0.12013735,0.098156326
0.6670923,3746.1277,0.6330347,7.1866827,0.09259855,0.15943271,0.05943899,0.078221455
0.6900845,3478.276,1.0315771,8.100875,0.10855733,0.10096851,0.06481811,0.065861605
0.6604568,3997.0967,0.47265667,8.376046,0.10372316,0.111395,0.07851699,0.06989077
0.6467168,4015.3887,3.5409107,5.7103047,0.15502995,0.108604185,0.11361636,0.06978943
0.6549136,3376.1018,0.64573705,4.1692038,0.09367256,0.09217793,0.0623062,0.0706295
0.59364045,2365.9714,1.0563877,0.7656038,0.10242023,0.1154885,0.07592119,0.074264236
0.67796606,2364.0266,3.1379907,2.1597466,0.08496541,0.09695593,0.064060986,0.06636516
0.66676277,3279.2883,1.5057245,5.2230186,0.09950112,0.07201931,0.07472222,0.050051104
0.6695068,2674.6545,1.1609931,2.6902585,0.087523416,0.17386284,0.07266035,0.07203519
0.6610785,2895.1853,1.3898467,2.7830012,0.088630475,0.14896505,0.08060396,0.07641231
0.6360779,3014.8071,1.1366342,2.3425338,0.08173964,0.15357018,0.07362786,0.06863443
0.6549032,3469.6077,3.2235284,4.5775867,0.08945713,0.14867978,0.08751006,0.10057761
0.6383281,3902.1382,0.79837984,5.093738,0.13405676,0.07390675,0.069533244,0.06423109
0.6176829,4805.7637,2.5435433,6.1605687,0.10987453,0.12963814,0.08247294,0.08588947
0.6943367,2977.7764,1.4164343,5.7094483,0.09916532,0.084101334,0.08609671,0.057820722
0.64495724,4833.586,1.7207879,9.944472,0.10688822,0.0977681,0.066294156,0.07164213
0.6448799,5211.541,2.5214725,11.897776,0.108692594,0.104057476,0.1031345,0.059778776
0.6715562,4170.1533,1.236096,10.933012,0.13293827,0.15609133,0.06343054,0.078454465
0.67020625,3757.8875,1.2893909,7.604884,0.104736,0.17482987,0.068392165,0.040972203
0.675086,3687.1123,1.3005006,8.084105,0.10580246,0.18761423,0.06781647,0.037965048
0.5815945,3753.0164,2.3088539,2.2066352,0.0869434,0.07320345,0.10270996,0.13589378
0.7097656,2671.6958,1.4201242,5.632831,0.15708104,0.117455944,0.15342161,0.08076287
0.71202666,1667.332,0.64002675,1.1327171,0.12966438,0.103207156,0.09556298,0.07368141
0.6482104,2601.9841,1.3515681,1.8609709,0.15836142,0.12728938,0.08664897,0.09374636
0.65060395,2636.6355,1.9173032,1.8930699,0.15640686,0.12547204,0.08890037,0.09883663
0.5807442,2751.471,1.8190818,0.9508552,0.11337821,0.10641424,0.064654455,0.04547088
0.626838,3057.4941,1.1132954,2.0897775,0.15895201,0.10182655,0.0759461,0.06326971
0.6350901,4694.438,1.1093904,8.009988,0.12981111,0.078671694,0.061815534,0.06957698
0.6729206,3657.296,1.866632,8.442129,0.11990579,0.13563317,0.1060987,0.070092335
0.6503607,3437.6985,1.4613239,4.3756866,0.10244707,0.07859303,0.06075949,0.11409635
0.66632617,3459.1045,3.140158,5.6626062,0.114069454,0.10145064,0.057915423,0.11975734
0.632047,4175.0317,1.2240677,5.511943,0.1621041,0.08176527,0.08991824,0.047728717
0.6460126,3862.4556,3.1527634,5.5707464,0.13533695,0.122520484,0.056592,0.07085572
0.60915184,5011.68,1.864421,6.019741,0.14626144,0.098702624,0.04676695,0.052657124
0.65226907,4141.416,2.6130602,7.657814,0.11948193,0.07969347,0.05629889,0.04771661
0.6705267,3722.621,1.610079,7.4114246,0.08780825,0.063920334,0.07503593,0.07044649
0.6508777,3086.7656,1.2552752,3.194229,0.10696329,0.12862378,0.05227873,0.06293689
0.65885943,3251.538,1.5377866,4.1443152,0.11653668,0.12530287,0.047882073,0.059689693
0.6631782,3091.991,2.1279113,3.9458978,0.11043764,0.13665655,0.07170456,0.06254256
0.6284301,4246.453,1.6451916,5.082241,0.10360638,0.072676115,0.073182166,0.06462491
0.622385,4814.7295,1.7151921,6.5377755,0.097439826,0.14670293,0.08906411,0.06415986
0.66702086,2493.3645,2.0945177,2.208982,0.12609509,0.093328565,0.056614764,0.07404825
0.6111597,2310.9517,1.6413481,0.8638452,0.11139505,0.10544683,0.10552341,0.05501037
0.6294072,2606.6055,2.0760546,1.4554787,0.09979238,0.0834337,0.07581995,0.06092131
0.6449052,3443.9,4.36,3.9613864,0.13370466,0.090427026,0.08622444,0.06637856
0.6522667,3419.3298,5.1007295,4.164196,0.12558953,0.09188557,0.08905298,0.06528928
0.68456686,2889.8845,0.4253965,4.512898,0.09205384,0.07486205,0.09693656,0.071157016
0.6767783,3703.934,0.80100703,8.805228,0.14050752,0.08903464,0.112242214,0.044912428
0.6521379,3251.1873,1.8302194,3.818944,0.13635787,0.08131516,0.06359958,0.04086339
0.64420885,3225.5032,3.5701935,3.2070556,0.1254677,0.0758292,0.08399213,0.08048507
0.66552514,3392.2039,2.5823495,5.615583,0.1473168,0.115117185,0.07576512,0.102318116
0.62975365,4977.5454,2.6832168,9.500831,0.09768765,0.10580683,0.08772464,0.115288824
0.68630975,2840.16,0.9836262,4.4595695,0.11382796,0.095361784,0.06508949,0.044083025
0.6569484,3589.6375,2.7143433,5.36693,0.1213834,0.12693068,0.061944436,0.08928737
0.7111125,2164.683,1.65804,2.5760043,0.10801177,0.080612876,0.07199302,0.09644034
0.7401395,1670.1271,1.6612513,1.9147137,0.16332777,0.09923078,0.103212476,0.04790861
0.71091133,1815.5428,0.13937137,1.4818492,0.20625693,0.062113516,0.06931672,0.061517343
0.7163778,1766.6481,0.14139251,1.5985123,0.20550916,0.05966989,0.071275905,0.061878853
0.67885363,1901.1398,0.8375944,1.0742489,0.23129924,0.09419644,0.092752315,0.042819493
0.66897213,2246.3071,2.9370146,1.6660341,0.22233987,0.10030224,0.07235618,0.045817122
0.6486876,2873.4333,2.8376746,2.355356,0.17490074,0.097604,0.07005578,0.063284904
0.6642443,3051.4824,1.1697268,3.76543,0.13740404,0.1209448,0.07656327,0.08802621
0.6931326,2863.0693,1.7777821,4.9876957,0.11581088,0.08851148,0.080051735,0.05013492
0.6018644,5399.6216,0.29415682,6.589613,0.08306205,0.11710313,0.080256715,0.0879875
0.71354777,3150.0593,2.7913363,11.624401,0.1340809,0.07830296,0.07000748,0.061838146
0.70211446,3442.892,1.6285939,11.944986,0.15500098,0.10194492,0.06920048,0.061533183
0.60873735,6186.878,1.8278668,11.175082,0.09739214,0.09498418,0.07844728,0.09311274
0.6023901,6633.8486,1.5579607,10.87804,0.10723539,0.07667328,0.088806376,0.08369674
0.6045364,6123.8057,1.500037,9.987724,0.12817067,0.10058041,0.09029178,0.09096262
0.6474691,3991.1936,2.6138513,6.340127,0.08453609,0.10802554,0.096649155,0.07089178
0.6332222,3810.4766,4.1440606,4.4089704,0.07988809,0.11298489,0.064104296,0.09160289
0.639637,4770.7324,2.4584916,8.955549,0.13403203,0.12622313,0.10319272,0.10376103
0.5820336,3282.7058,2.669931,1.542109,0.1504267,0.08653511,0.075301334,0.05122318
0.6238191,2024.2073,3.0401168,0.67384684,0.105373174,0.07692195,0.078172326,0.06674238
0.6157534,2070.6848,2.3602288,0.6796479,0.136097,0.10582883,0.07996971,0.07955767
0.61731315,2197.806,1.5203328,0.7698208,0.11909028,0.09070015,0.093367785,0.10715892
0.6430124,2116.4019,2.480227,0.93260574,0.1202205,0.09554136,0.084177166,0.067618616
0.64224803,2142.2063,2.3976943,1.0346284,0.15049161,0.08844271,0.10732366,0.07661778
0.62459296,2914.455,1.4231412,1.8343925,0.10506414,0.11924037,0.058889523,0.059886735
0.6273426,2929.8953,1.5960945,1.9601895,0.10619544,0.11643336,0.06112103,0.061256196
0.60956085,2968.1152,3.8486898,1.5925577,0.09529351,0.11085714,0.066317596,0.06421477
0.6334534,3176.1953,2.8977218,2.7161903,0.079813235,0.13444024,0.06511111,0.07779538
0.66028297,3635.4219,0.9860862,6.0707335,0.11690003,0.07988426,0.12591633,0.057719197
0.64629495,4669.274,3.3221815,9.996091,0.08490654,0.119825885,0.08960213,0.08762992
0.6642541,4174.728,1.1245135,9.304073,0.15600364,0.09453459,0.053870533,0.06341358
0.623675,3783.092,2.051967,3.608994,0.08922464,0.1061697,0.11866112,0.08277483
0.6445178,4941.46,1.1216774,10.127615,0.121094026,0.08525166,0.053504515,0.09347833
0.66649663,4257.452,0.54008543,11.065516,0.14513774,0.07071958,0.06642428,0.1031209
0.6196292,3377.2068,3.296159,2.472359,0.08724326,0.16083476,0.087449804,0.051625248
0.54019064,1594.3479,1.2268206,0.21684572,0.18427575,0.10214053,0.0736937,0.08620596
0.6387101,2936.5369,1.5724432,2.2588477,0.13356668,0.10617231,0.13758984,0.07778888
0.6448012,4641.875,2.2931085,9.234024,0.121012956,0.08044614,0.107610114,0.09272908
0.6143941,4563.2354,1.372347,4.767395,0.1231509,0.09355958,0.0666693,0.04416743
0.6794596,3746.0159,0.5863986,8.524967,0.13108726,0.11849333,0.073011875,0.09358604
0.652394,4238.1895,3.6997967,7.681322,0.10959038,0.077425376,0.073734686,0.055357397
0.6556945,4571.119,3.0685463,10.402615,0.1383209,0.112984024,0.08372356,0.054746363
0.6631412,2811.246,0.9356824,2.8633678,0.104015954,0.08367457,0.069697745,0.08602756
0.63221616,5414.7686,1.129388,11.02252,0.112249225,0.11380866,0.12302157,0.052713938
0.6551707,4092.462,2.0167513,7.771439,0.10670817,0.061139908,0.061107833,0.06358481
0.6721729,4232.7407,1.0489337,11.036192,0.108964905,0.19635117,0.08967133,0.0880108
0.6356641,4842.269,2.5448496,9.015534,0.11881654,0.06584398,0.06337754,0.050133128
0.6954333,2767.1619,1.1423016,4.6667266,0.12743466,0.12351052,0.06823148,0.05057257
0.5992208,3996.8442,1.1633183,2.813796,0.11784071,0.12358813,0.061704274,0.0702384
0.5942109,4536.841,2.2480383,3.5748386,0.11769602,0.117899604,0.07724118,0.087399945
0.69669694,2507.3071,1.5674717,3.4211206,0.14885789,0.08169504,0.06790886,0.052387957
0.64041334,3447.595,3.0452027,3.5629492,0.13759533,0.09506914,0.06325939,0.06953308
0.6152923,3772.1394,1.110497,3.197672,0.14527184,0.104254544,0.06829552,0.048495006
0.6659662,3359.5088,2.8357053,5.3362446,0.08035074,0.0834391,0.13013816,0.081323594
0.63371176,3649.8218,0.87377983,3.7862518,0.11749617,0.14695558,0.057757024,0.0470654
0.6335475,4120.07,1.0233377,5.2021203,0.10410643,0.14235741,0.06039183,0.056397647
0.6638829,2414.1094,0.15819953,1.8009323,0.09381731,0.123658516,0.07029864,0.087811895
0.68575376,1966.7455,0.50223607,1.346575,0.12213492,0.076448485,0.083940044,0.06034875
0.66117907,1907.1958,0.3868389,0.89366925,0.13591689,0.093639895,0.07023416,0.0595984
0.64592654,2221.9539,0.16902958,1.19487,0.14462854,0.08929661,0.07957755,0.06899707
0.6371938,2104.2617,0.06918892,0.9010226,0.13003485,0.11679427,0.07416318,0.061078425
0.65814525,4205.5073,0.12871955,9.06332,0.078305274,0.10277225,0.11346643,0.06765223
0.6327273,2975.6636,4.644272,2.2613108,0.14694679,0.08370116,0.053832658,0.1058536
0.63975227,4478.677,0.28782746,7.3853045,0.09488839,0.13949077,0.10056063,0.044814155
0.6429136,4481.1377,0.33471254,7.8467345,0.09397636,0.13507575,0.09783635,0.04618182
0.6506612,2570.44,2.4491687,1.8912858,0.11358083,0.07608235,0.08147528,0.101932965
0.6726379,2406.7756,1.5696043,1.9820011,0.097794145,0.16573997,0.07171938,0.10825049
0.6212543,5139.987,2.6821477,8.4216795,0.11993472,0.05841981,0.08176235,0.091235876
0.6358218,2629.1082,1.7075442,1.5409696,0.088244595,0.19083309,0.11539294,0.08588617
0.6699025,2521.739,1.8212179,2.1024733,0.12044649,0.13861471,0.07703311,0.071537964
0.6244323,5220.424,2.1740134,8.665552,0.121828705,0.073615804,0.072609745,0.06775756
0.6901336,3149.0884,1.7655218,6.4619064,0.10141255,0.13409027,0.07597059,0.06503166
0.6785438,3475.9812,2.945354,7.077493,0.10902998,0.100604326,0.071104474,0.05486315
0.60896456,6312.1167,0.57847255,10.621125,0.17916518,0.14068204,0.060554955,0.053697214
0.594688,6212.7227,0.6574458,8.548738,0.19071572,0.11664322,0.064727254,0.060455274
0.63295335,4771.954,0.90704834,7.9521,0.15135166,0.15182444,0.08028202,0.08569057
0.6729067,3137.9988,0.91496325,4.8158965,0.079361744,0.092953235,0.09455966,0.056286126
0.65521955,2647.789,0.8856649,1.9773662,0.08502,0.0951019,0.07926279,0.06489188
0.6796214,2947.9055,1.2196679,4.146146,0.10636692,0.10506797,0.07287391,0.05909538
0.67235523,2698.2717,0.39743555,2.818703,0.11717602,0.112206705,0.06907038,0.07467252
0.64103174,3487.4578,2.210708,3.8497717,0.11280503,0.07706307,0.089762196,0.056291014
0.60500556,3736.425,2.6113799,2.796738,0.114975736,0.080180675,0.080317624,0.06085195
0.62298006,5219.0503,2.0061872,8.289734,0.11044962,0.09089948,0.06246952,0.057415158
0.7014973,3440.0225,0.72697437,11.447166,0.11942169,0.085420385,0.071096934,0.044409074
0.591143,3376.4998,0.26765683,1.8246199,0.15083103,0.113951564,0.078435466,0.11301522
0.5965654,3413.4568,0.33246988,1.9658555,0.15323408,0.11234888,0.09409813,0.12640521
0.6473555,4154.5586,0.2912484,6.469177,0.12421462,0.13701677,0.051036183,0.09330592
0.6224831,3073.6765,4.90474,2.152975,0.110764936,0.08268735,0.10605221,0.14756069
0.6273117,3784.5278,1.0702453,3.7427745,0.17572266,0.14019549,0.08343238,0.09692582
0.5607205,3450.7422,2.3012893,1.356041,0.14299318,0.1492927,0.06124552,0.05191595
0.60847664,2166.0908,1.4201412,0.7107806,0.15244295,0.13897263,0.07713588,0.04095988
0.60363024,2995.4932,0.873061,1.5179739,0.1387291,0.114740886,0.06343247,0.060690124
0.60315573,1926.1396,0.13798954,0.47292435,0.14796023,0.091852695,0.07327629,0.068879336
0.6155928,1753.0121,0.14809874,0.4245711,0.1339278,0.120570004,0.08660655,0.07018051
0.6370565,5213.23,3.4623625,11.615292,0.07943781,0.08040471,0.064256795,0.05824403
0.67982906,3905.7434,1.0287088,11.680893,0.11004979,0.10424592,0.10380186,0.07867381
0.68150496,3885.9285,2.242621,11.770334,0.11250569,0.08338745,0.087897584,0.06802704
0.6606796,4486.514,1.9275968,11.681257,0.09960795,0.10793783,0.061422095,0.060648814
0.5816799,2167.6367,2.4225197,0.5059345,0.19658887,0.10717824,0.10175884,0.11538999
0.5299183,1586.9388,1.5753492,0.20371222,0.17731428,0.07859533,0.07549819,0.06854818
0.5490819,2005.4766,2.834929,0.3710884,0.11050648,0.118540384,0.09167779,0.15175757
0.52977484,1914.9562,4.78515,0.29744035,0.11513173,0.09119042,0.054105196,0.18899275
0.54967713,1735.3082,3.292521,0.27432665,0.100480296,0.08966729,0.05881935,0.10592614
0.5626286,1817.6125,1.8376831,0.35602152,0.10814168,0.10358517,0.10025521,0.0633215
0.54044455,2049.3635,1.7668643,0.3772963,0.11071551,0.08739169,0.10408631,0.0612725
0.6167526,1977.659,2.8457704,0.59000725,0.10195856,0.09271659,0.09171708,0.05518923
0.598004,1918.7836,2.8610117,0.49671265,0.10606399,0.0881228,0.09352361,0.053013854
0.6539996,3233.5784,1.2484466,3.8220277,0.0939549,0.106434904,0.051527955,0.10761417
0.67670494,2903.5361,1.1860849,4.0571966,0.08764705,0.112548046,0.07312332,0.07377408
0.66910684,1880.2465,0.977968,0.890996,0.1065771,0.11265884,0.09115294,0.0932942
0.6557801,2252.5688,2.065525,1.3798842,0.06771409,0.05678382,0.063271716,0.08328767
0.724674,2169.3884,0.5731473,3.1956618,0.14703877,0.21508071,0.091667324,0.10947211
0.6714753,2936.8596,2.0991979,4.224223,0.12440908,0.101110786,0.09198624,0.124206126
0.6554942,3302.1116,1.9561428,3.8262458,0.14048566,0.099662825,0.083696514,0.042826273
0.5559409,2787.472,2.9691315,0.7900557,0.09326631,0.17001884,0.10468782,0.08710353
0.56061447,2489.6746,3.5640066,0.6798625,0.104730636,0.18846329,0.08438209,0.07728897
0.6113035,2659.4517,1.1900561,1.2114716,0.089950085,0.10763808,0.06900345,0.0452697
0.65823513,2294.427,3.0440474,1.4457438,0.09215993,0.11080846,0.06950013,0.07139797
0.68036836,2296.616,2.2171285,2.0356393,0.10089059,0.13324149,0.08576585,0.0620591
0.70662534,1786.0862,1.8692812,1.3015022,0.14202249,0.12392326,0.063722506,0.059833504
0.74349093,1590.5018,1.3349482,1.6888622,0.16445579,0.07251187,0.112440124,0.07827115
0.7405136,1463.8033,4.9143376,1.0821128,0.10563608,0.09905504,0.11065592,0.07312576
0.734437,1649.2236,2.068351,1.6118302,0.13614649,0.107679866,0.09893464,0.0771381
0.7655902,1442.5826,1.8575426,1.6744181,0.11936769,0.14727302,0.09159589,0.06069973
0.7608571,1560.8923,2.8219657,2.1472905,0.14726572,0.1004277,0.16085616,0.07582362
0.6785361,2754.5518,0.5700683,3.565144,0.14237078,0.087723106,0.17099552,0.097044766
0.6635977,4153.503,1.4985433,9.555194,0.12088855,0.099235654,0.094458826,0.054374266
0.6625671,4113.8345,0.32579452,9.109199,0.10228619,0.07941279,0.06485969,0.057258293
0.6448407,4544.6606,0.8531029,8.717274,0.10312645,0.084107,0.09198644,0.056897182
0.64689374,4466.87,2.6696453,8.179608,0.09068462,0.109245196,0.099504605,0.06563004
0.67920065,3447.3018,1.2075291,6.681516,0.13481528,0.0911171,0.059977412,0.066657685
0.62732387,3589.89,0.7425094,3.1344845,0.09103979,0.11436459,0.091697924,0.064412944
0.69409096,2021.9862,3.789263,1.5991906,0.09406215,0.08463125,0.05669654,0.05541966
0.66638386,3183.0132,0.37190267,4.6274548,0.12480584,0.09141069,0.0875338,0.08368014
0.6159351,5874.489,1.2622852,10.593115,0.14019842,0.09803887,0.064688236,0.053992633
0.6605433,4720.119,0.94579417,11.783625,0.11094802,0.107445195,0.08018455,0.09374716
0.6627009,4458.248,1.4996881,11.701946,0.11473675,0.09836091,0.06743699,0.11978535
0.63209313,4450.6,1.830299,6.8896413,0.077708006,0.11299378,0.08410559,0.044481717
0.6831519,3112.8325,2.0404284,6.2266736,0.11005,0.1009695,0.13057978,0.06680871
0.6650851,3200.4805,1.644145,4.6215487,0.15961632,0.10607125,0.11006745,0.053081658
0.62481296,5168.012,3.5095878,9.265262,0.17532021,0.09590419,0.08495036,0.06487714
0.619706,5408.8584,1.0922626,8.081933,0.18143868,0.11470888,0.082641564,0.059279095
0.62103564,5129.559,0.9202261,8.143252,0.17981343,0.12950215,0.0785795,0.068441525
0.707077,2718.5967,0.6551013,5.5225935,0.09930567,0.08063102,0.09631318,0.07047968
0.58565015,2464.8179,3.7641237,0.7949145,0.113555975,0.10665336,0.06506565,0.054110084
0.58604217,2295.2322,2.4083776,0.64946586,0.08953783,0.15540911,0.065313116,0.07276514
0.5629629,2384.2593,1.8433686,0.5821146,0.1104512,0.16256839,0.050891638,0.060726427
0.6024807,2265.3145,2.0821738,0.71449816,0.12424525,0.18306038,0.061853822,0.06777357
0.65394664,1783.3391,2.104431,0.6598364,0.103232086,0.1480612,0.078420095,0.056808684
0.6178267,5644.86,1.394423,10.06436,0.13309185,0.08162387,0.0769013,0.09071641
0.69437665,3531.029,1.0501878,10.1886635,0.19323699,0.08985838,0.09633123,0.069506876
0.69757915,3337.3472,1.12257,10.121366,0.19354072,0.08899966,0.10056989,0.078352496
0.65260595,4451.5283,0.3530763,9.474083,0.24423085,0.106279,0.06333612,0.07688608
0.6426117,4425.0903,0.23782867,7.6691,0.26743084,0.07543849,0.08792276,0.06427921
0.6733842,3372.736,3.7079086,5.7568483,0.1169637,0.14089462,0.08543649,0.06651621
0.6847841,2385.443,2.6072655,2.4049358,0.11612788,0.19301455,0.08104365,0.062484756
0.72392285,2085.2937,1.9016072,2.851212,0.10408102,0.11553102,0.07471642,0.067391105
0.7288368,1670.1185,0.40373728,1.4859492,0.100611836,0.15103588,0.08819176,0.087954044
0.7651766,1505.7828,0.088118345,1.901786,0.14211154,0.06368849,0.08867693,0.08487274
0.7276998,2861.8342,0.067439534,11.005877,0.20010594,0.06299336,0.081690334,0.07624426
0.6999032,3408.4814,0.07736049,10.680941,0.12881234,0.12833469,0.06851564,0.118278846
0.703001,3157.7373,0.059383996,8.214526,0.14678569,0.08751628,0.06348776,0.15117297
0.62155914,5297.752,0.12747869,8.531877,0.0884452,0.08191857,0.08689331,0.06092571
0.6615618,4080.312,0.04390457,8.429456,0.08571483,0.09082711,0.123035766,0.054794263
0.65407777,4588.5347,0.05005332,10.450887,0.11225471,0.06842499,0.109507665,0.073104784
0.6716644,4135.923,0.04879934,10.669691,0.11724331,0.09642726,0.07303183,0.052266642
0.67393136,4168.118,0.025556508,11.282787,0.11091847,0.095519245,0.12066191,0.0514216
0.59873044,2304.4,2.9420927,0.83223873,0.120970465,0.13821137,0.06978542,0.13877462
0.5970811,3722.772,1.865603,2.670587,0.100564085,0.091619164,0.088499516,0.20590323
0.6507057,4165.9956,0.6402586,7.1627936,0.13244262,0.1196312,0.07252822,0.06203184
0.64254916,3672.099,2.0068974,4.537926,0.117677666,0.06425194,0.15320763,0.085971914
0.6404877,4331.136,2.8067951,6.4009647,0.09031701,0.14845186,0.093053594,0.08530485
0.6256777,4461.934,2.4177213,5.8389063,0.07700118,0.15945831,0.08547531,0.078768626
0.59868604,2665.991,2.227742,1.1143078,0.13294949,0.07640495,0.08483258,0.074551664
0.5650263,1548.7535,2.1919374,0.23101056,0.10431114,0.09790948,0.060561236,0.09275225
0.5298606,1557.9791,1.9546208,0.18587567,0.10899713,0.0915598,0.05276665,0.08238244
0.6328926,2211.2346,2.0755959,0.93673617,0.11514957,0.107951626,0.15199631,0.07529943
0.6365474,4253.6367,1.5187945,6.2775564,0.11328745,0.13269795,0.04838838,0.064193204
0.66863924,3384.3958,2.210994,5.7597656,0.098850444,0.10058581,0.055308573,0.064733215
0.6309034,3929.7683,2.562678,4.4416904,0.07959404,0.11139588,0.08191882,0.05853035
0.6902257,2544.6726,1.5644798,3.1474597,0.109874606,0.12527855,0.09302611,0.09687799
0.62268764,2487.5903,2.5002775,1.1621852,0.13076122,0.13935459,0.112453744,0.07209292
0.6241989,3209.9792,1.0961583,2.4317064,0.10659446,0.1025455,0.05751634,0.08191237
0.6045193,4650.9536,2.8903577,4.654544,0.10522422,0.188469,0.08135229,0.055686917
0.59658676,3518.3977,1.9927886,1.9975413,0.105873875,0.1778009,0.07379283,0.05690608
0.59235615,3717.8037,2.102715,2.057927,0.11327116,0.20558634,0.07216491,0.053459056
0.6891536,3706.9587,1.6530361,10.111549,0.27589285,0.07564816,0.079948016,0.100358
0.61830336,5922.6455,2.848938,10.116328,0.12801464,0.12027787,0.078460045,0.047691792
0.62669164,5534.1313,2.7091682,10.236956,0.15933672,0.096373335,0.069500476,0.076072596
0.6361691,4475.1465,1.5715467,6.7892756,0.15303841,0.0705651,0.05849033,0.069969766
0.6378374,4551.1475,1.560537,7.667557,0.15985483,0.07146108,0.05539525,0.077426985
0.63028747,4850.5986,1.4099438,7.6548276,0.16789708,0.07080944,0.053848445,0.0744996
0.75310016,2390.3987,1.6591285,9.988663,0.1437889,0.12486236,0.106343076,0.17643869
0.6378336,2979.5764,2.1111467,2.1941693,0.14835566,0.071719974,0.052244276,0.041884404
0.6412009,3287.6597,2.256521,3.1815653,0.121995606,0.07167516,0.056497466,0.06302109
0.68971497,2625.781,1.9627937,3.4870272,0.10655495,0.11018652,0.141708,0.06802826
0.61155874,5932.1665,1.1787673,9.981982,0.1069521,0.08371733,0.07768913,0.05933308
0.6848308,2335.95,3.0703053,2.1338553,0.093969345,0.12833068,0.07110672,0.07411173
0.5949967,3876.3923,0.0635679,2.5907142,0.14811458,0.10914892,0.094784945,0.059254322
0.66052943,3636.201,0.10258274,6.0018945,0.10799884,0.088872395,0.052721806,0.050516956
0.6696034,2834.7822,0.033437945,3.0835197,0.11150756,0.05816894,0.07677436,0.04869679
0.6320572,4663.9663,0.1972188,7.3824873,0.09673273,0.17088167,0.19288942,0.08503867
0.6136198,6049.5005,0.13834085,10.980922,0.09505994,0.09960479,0.23313637,0.0838304
0.6301402,2517.7827,0.21028312,1.3816774,0.111392826,0.075852565,0.1676413,0.06786634
0.62425727,2891.3015,0.1488884,1.906777,0.1120901,0.07058819,0.16972052,0.08782628
0.584225,1688.94,4.1347594,0.32877016,0.1161505,0.14325917,0.04883107,0.05660347
0.5807918,1942.3296,3.3469887,0.42898694,0.120416105,0.11667101,0.07718676,0.080443226
0.5511669,2104.2603,2.8969157,0.41182813,0.09978838,0.13403808,0.08563131,0.057966754
0.5592736,2104.649,2.910478,0.4422711,0.09426726,0.12294501,0.085783586,0.055505827
0.56830424,2325.0159,3.3919585,0.589437,0.11486071,0.1182778,0.096552104,0.061482545
0.54901123,1651.5375,0.8963671,0.26196122,0.11019348,0.11342653,0.115388975,0.055737913
0.45082784,1393.5967,3.6183436,0.06375028,0.16649362,0.08279117,0.06707385,0.101029485
0.4460462,1318.3689,1.7216178,0.04850939,0.08477492,0.13466464,0.073045656,0.052954875
0.47602236,1413.9519,1.0096246,0.09274714,0.10341551,0.07236203,0.069901705,0.06852708
0.46003726,1580.2555,2.018746,0.13096958,0.1072604,0.13325197,0.098566905,0.072048075
0.47317478,1171.1576,1.4803445,0.040718853,0.120700374,0.0861525,0.09299609,0.071510695
0.4562451,1173.4017,2.1082926,0.025952976,0.07046959,0.13863596,0.12400849,0.055331666
0.45862722,1112.3351,2.0390444,0.01131043,0.11231147,0.10944771,0.102768034,0.059277467
0.47241545,1333.2533,1.9815997,0.068189085,0.12996347,0.07113786,0.07265856,0.06566128
0.4578205,1218.4978,1.7037095,0.031246498,0.10854918,0.1113745,0.0609863,0.08030183
0.66381353,4534.668,1.0400885,11.90889,0.12736844,0.08918147,0.09014197,0.052469254
0.64361674,5142.9727,1.7890528,11.652231,0.13844585,0.10720185,0.069268025,0.07595278
0.66963047,4202.187,1.5283655,11.262156,0.13270089,0.11504552,0.06463901,0.06890407
0.6791984,4185.704,0.24887079,11.975749,0.14880331,0.09740705,0.056393184,0.06979409
0.65595466,4624.1216,0.0798844,11.711771,0.109959096,0.096020386,0.11606245,0.060982853
0.66972935,4231.584,0.21183859,10.6369,0.090827085,0.09103521,0.06458751,0.09743457
0.6295046,2561.0247,3.652228,1.4364278,0.12727351,0.124400064,0.08897832,0.047477916
0.63493145,2006.5996,2.672527,0.71129626,0.08588677,0.11115104,0.070954315,0.07402504
0.6322168,3788.0154,1.3594177,4.237327,0.13087846,0.09269607,0.07487963,0.06701757
0.615779,3474.7102,2.1110392,2.6270304,0.117533125,0.12888011,0.06354303,0.06253559
0.60114,4769.561,2.0188675,4.875443,0.15576787,0.16213709,0.09829618,0.09029484
0.62117356,5315.8003,1.9340931,8.782577,0.14590248,0.091409795,0.09946928,0.07023719
0.64247876,2697.3582,2.4686189,1.9294499,0.1417755,0.09365696,0.09336071,0.06002857
0.66295487,1855.1516,1.7756991,0.8330311,0.16090281,0.09187873,0.06555583,0.10075298
0.6223174,2260.974,2.7290719,0.90538883,0.13905303,0.07621945,0.07556292,0.09215509
0.58930415,3497.0073,1.2144654,1.9222157,0.16283262,0.14687817,0.06845437,0.05629108
0.5643921,3036.017,3.139132,1.0737859,0.15035278,0.10701921,0.060214486,0.10232411
0.57975936,4550.152,0.9126984,3.1512382,0.1352559,0.09870921,0.09322023,0.11338997
0.6442998,3413.1414,0.52874464,3.54208,0.08527412,0.14681727,0.09034191,0.05237589
0.6873974,2799.5273,1.8150492,4.167815,0.14059499,0.07339943,0.077045694,0.08278126
0.66728264,3980.732,2.2629676,8.313862,0.13975325,0.098451026,0.08534061,0.09657398
0.616049,5555.1665,1.018316,8.999715,0.10133597,0.15205675,0.062808946,0.06072615
0.61790836,5442.235,1.0617388,8.21983,0.09727541,0.14056556,0.060626086,0.06681987
0.6001637,6099.6787,1.7978333,9.0960455,0.10581147,0.13874902,0.058511637,0.0712145
0.64438164,4759.9194,2.3569856,9.410421,0.08312202,0.06033832,0.08585962,0.07131481
0.70337296,2482.5518,0.7183484,4.2140493,0.113809966,0.12030703,0.10926832,0.0672599
0.7385612,1880.6948,1.4663681,2.3246672,0.09435135,0.117376305,0.10020694,0.06523228
0.651733,3181.7646,1.0840662,3.595828,0.16822085,0.14027727,0.062037695,0.06649752
0.66979796,3119.0942,0.9723706,4.7081904,0.14809237,0.12974416,0.0817041,0.063612334
0.6647346,3308.5457,1.5257596,4.551197,0.15679964,0.11022228,0.08578111,0.057326116
0.65284777,3935.2268,2.0085578,6.774063,0.12639928,0.11532211,0.078836,0.075670615
0.65241456,3241.7996,1.8940693,3.9973998,0.087821044,0.1040941,0.084318355,0.08002374
0.6477417,3200.7283,1.2341675,3.1034572,0.09141782,0.09124176,0.08779971,0.06881591
0.5872331,5359.9033,0.8738442,5.0388427,0.11042939,0.1003497,0.06903503,0.08032408
0.61208963,5436.552,0.6416058,7.3680935,0.12763451,0.12547098,0.06356314,0.060458545
0.68161994,3688.5837,2.01695,9.19465,0.13035467,0.13818812,0.105188675,0.05883733
0.62860715,4868.7017,0.29217306,7.5568414,0.09128402,0.08132767,0.053068902,0.09028573
0.64617294,4736.671,0.91865724,9.47373,0.096136756,0.10499945,0.050739795,0.076317765
0.66468793,2956.535,2.812299,3.5065627,0.13337523,0.07958624,0.10781653,0.054915473
0.6644775,2957.4683,2.9635549,3.301537,0.13696884,0.07782714,0.10966479,0.053345803
0.6582733,3149.258,0.37129757,3.8587534,0.12068628,0.113142096,0.0685826,0.07172653
0.66639507,3457.4775,1.6002584,5.274742,0.10389493,0.108370006,0.05101875,0.07571286
0.62566096,4313.5493,0.53886443,5.304838,0.09451395,0.11508425,0.06190742,0.095038384
0.66225964,3741.295,2.930961,6.9213657,0.13327676,0.14283404,0.11522837,0.07273351
0.6369134,3656.3,0.6668758,3.9965262,0.09844858,0.09827837,0.08674541,0.05664636
0.6329242,1916.2009,3.4409466,0.6522282,0.14333962,0.10521589,0.069661476,0.084099814
0.59607905,1791.0969,2.9366438,0.41340744,0.13514689,0.08527329,0.096471824,0.0706148
0.65122974,4918.752,0.41838175,11.657203,0.09354649,0.12694077,0.076523766,0.06260941
0.6175156,6289.5527,3.5770862,11.798597,0.12149429,0.12056497,0.048736952,0.052583393
0.5926811,7395.0825,1.9874913,11.858638,0.11191116,0.14194784,0.048041936,0.05339674
0.5914821,7298.7056,1.513535,11.85758,0.12148401,0.124373786,0.061023667,0.052408904
0.7389985,2608.1704,2.2119904,9.7176485,0.11254244,0.08661544,0.09867427,0.10223089
0.68171334,3813.1438,2.8178172,10.509152,0.09532909,0.06679397,0.06990477,0.07809699
0.6724708,4110.278,1.5698054,10.797472,0.101234816,0.10049472,0.1031694,0.072498105
0.6320734,5297.525,2.4436514,10.156252,0.14358358,0.115000874,0.06574087,0.057847057
0.645841,4176.851,2.947627,6.7246585,0.14627433,0.079041936,0.07723704,0.061647516
0.5974545,3851.936,1.7015872,2.6972892,0.09896094,0.1352787,0.06494211,0.05644706
0.69465315,3075.7327,2.4488425,7.0801945,0.13258919,0.08785537,0.09245384,0.057711393
0.65684235,4329.4995,0.39843062,9.118295,0.16187182,0.10160541,0.055462595,0.059100494
0.71766114,2554.9355,1.4946316,5.2964783,0.162785,0.104080625,0.11974247,0.096652105
0.7143659,2080.159,0.6831904,2.495602,0.17550494,0.08743223,0.07629461,0.081280775
0.5999625,5093.1353,4.3060284,5.448712,0.09029867,0.12209923,0.07586588,0.07155284
0.72655344,2615.1821,0.30996394,7.557663,0.14528464,0.09932889,0.07534653,0.05946311
0.620272,2939.3655,1.3056942,1.8092296,0.12296304,0.13563111,0.14044286,0.06483259
0.5868748,2588.9792,0.1957792,0.884835,0.1079735,0.13664383,0.08518782,0.083041996
0.6680904,2339.839,0.013930779,1.8805567,0.112029694,0.08212926,0.09169209,0.11276695
0.71077806,2462.5215,0.077530175,4.097918,0.10990057,0.1126253,0.055419043,0.1033549
0.6546386,2182.7224,0.037263405,1.3114442,0.10379243,0.072448924,0.10331455,0.09360394
0.62065506,2077.1785,0.09968495,0.73238695,0.12798567,0.08078024,0.08379603,0.044216067
0.63433826,1959.9271,0.09816347,0.6798289,0.15146503,0.070964925,0.07472251,0.04286692
0.64843637,2327.5413,0.16524577,1.3451895,0.14095925,0.078679025,0.07417986,0.045664616
0.60571426,2867.067,0.1484717,1.4281433,0.16728519,0.11182749,0.094983816,0.086264454
0.627922,2642.0925,0.11787614,1.4878286,0.16229257,0.15072465,0.07987419,0.058048435
0.62420547,2217.1604,0.307552,0.8088624,0.076657794,0.11641252,0.07094437,0.13360381
0.6214004,3607.187,0.17440744,2.9112697,0.118643045,0.07446167,0.057696246,0.12821822
0.66256076,3582.863,0.13075708,5.4962997,0.11839091,0.099982545,0.06657846,0.13701233
0.6886647,1690.1697,1.3411839,0.8243869,0.11174176,0.14168411,0.06221522,0.078794554
0.64887834,3456.7954,2.1492918,4.1780524,0.15725228,0.121570386,0.101790026,0.07651771
0.6775524,2586.1013,1.9342388,2.7155018,0.16564009,0.08419053,0.05195498,0.05479409
0.63207847,4843.087,2.9161723,7.707697,0.15386179,0.109263554,0.06798166,0.042704154
0.6298455,4709.457,2.3577287,7.453047,0.14832458,0.11318154,0.07041403,0.040936798
0.6808348,2040.9377,0.97857887,1.4950237,0.08487889,0.095495835,0.0834613,0.1509048
0.6374936,2640.1067,2.7789261,1.5729938,0.15710472,0.10760606,0.082380965,0.06388785
0.6610636,4395.542,1.1130369,10.6107855,0.09149808,0.09216048,0.07132074,0.07330001
0.6257357,4693.1987,3.1815882,6.6905465,0.118553974,0.19310334,0.07399136,0.060808077
0.6517443,3300.8276,1.2891873,3.879232,0.08173278,0.11359627,0.053437456,0.05560477
0.6428788,3384.7659,1.3411547,3.397248,0.105167165,0.11932163,0.05534878,0.052486308
0.629544,3812.2803,1.0044986,4.2003856,0.098356195,0.123773105,0.06672951,0.06201612
0.5828556,4507.817,2.9375362,3.0186372,0.12604333,0.13766469,0.056814022,0.05927412
0.60144717,4402.852,0.9233811,4.065026,0.09779081,0.098516956,0.08672188,0.058920816
0.6824067,3249.1038,2.156047,6.768346,0.17928022,0.09461507,0.071087085,0.0904925
0.6648404,2436.0244,2.6295006,1.7948904,0.1203239,0.097363696,0.055620283,0.077283256
0.6694632,2177.4521,1.8242756,1.4182928,0.09967749,0.12950212,0.082760185,0.06227531
0.592219,2024.153,3.5544207,0.49777386,0.09545227,0.11839859,0.06628573,0.07858743
0.62858355,2669.7766,2.0406437,1.4497788,0.1128608,0.122790866,0.06332547,0.05458781
0.58331525,2999.814,2.5476758,1.3435873,0.111320585,0.09479944,0.11086916,0.07713824
0.6206765,2398.3062,0.8519664,1.0975232,0.11210106,0.12984572,0.105347194,0.09361529
0.6657346,2280.342,0.35917613,1.6939473,0.12216378,0.10336816,0.10035441,0.0722707
0.6575408,2744.3364,0.21909745,2.5586267,0.124359645,0.10626183,0.089415126,0.06971496
0.6748635,3714.166,0.82119215,8.799624,0.11226491,0.071993545,0.06859364,0.07652535
0.6258359,5328.5366,3.14563,9.74659,0.07794472,0.10454741,0.11490358,0.040214173
0.71442294,3122.7302,1.4913402,10.410649,0.10822616,0.15352449,0.080806166,0.0698382
0.6859716,3571.7048,2.0625699,8.563407,0.11913924,0.1338893,0.080432795,0.06766756
0.68411356,3344.2524,0.6726952,6.809551,0.096202105,0.1422052,0.08777744,0.080244355
0.6225198,2013.7161,3.2461526,0.67330146,0.12317298,0.08154334,0.06016463,0.049852684
0.6896061,2715.3796,1.4385494,4.05921,0.123037174,0.09332363,0.08063334,0.08162924
0.6600467,4003.6914,2.6339314,7.7152147,0.11220283,0.10860056,0.07204847,0.06395767
0.6965052,1911.1964,1.3640276,1.6019856,0.11423691,0.084841825,0.12196685,0.06959701
0.56525505,3367.0947,1.1397285,1.364317,0.12205065,0.15860191,0.054164037,0.06425192
0.5709676,2889.3572,1.7076917,0.9937718,0.12368096,0.16505162,0.056074616,0.060617328
0.65536755,2689.5957,2.2992344,2.2345881,0.12261169,0.10713373,0.07363288,0.06512373
0.6576346,2584.2483,2.8518555,2.0399425,0.130467,0.10809377,0.06324767,0.06387509
0.65070707,3201.0789,2.7400675,3.6662621,0.14942959,0.08703235,0.09546633,0.04299113
0.64786696,3240.4397,3.2086053,3.6508813,0.14694676,0.09868516,0.08138247,0.056782156
0.67946,2868.9143,1.7647876,3.8582609,0.13088821,0.10322037,0.07803278,0.06028815
0.66910136,2813.8928,2.0238614,3.1527689,0.08714354,0.1015538,0.12597658,0.07409807
0.6573294,3031.87,1.3218825,3.3105946,0.08856322,0.17097384,0.051667828,0.045907065
0.65843415,3278.1345,1.7224536,3.9726994,0.07621779,0.16217364,0.0775601,0.058758926
0.65102166,3642.0535,1.4550308,5.4068413,0.19725008,0.08184735,0.07396291,0.07524239
0.64683926,3786.4639,1.506265,5.6229944,0.18119076,0.0906689,0.07654759,0.07692519
0.65000963,3252.0781,0.5005236,3.322955,0.16943464,0.07203765,0.06069956,0.067152396
0.6423655,3224.34,0.75062096,3.149561,0.1675606,0.095159665,0.0643693,0.07331924
0.62148017,3963.1177,0.27892816,4.1856017,0.1567126,0.11352782,0.13977164,0.06370553
0.564103,4618.419,0.058267266,2.641891,0.17601037,0.09157501,0.14255044,0.04256367
0.63562137,3685.7078,0.08979003,4.21515,0.19236292,0.093894884,0.12539417,0.061094344
0.6239309,4549.9136,0.13763165,6.1932817,0.21564952,0.19997573,0.12610492,0.07977583
0.58038354,4246.35,1.6700397,2.6704552,0.1441591,0.09881585,0.072966635,0.07592204
0.62947,3813.3481,1.7083316,4.0737534,0.1723909,0.07434048,0.07336086,0.10416366
0.6469395,3922.2468,1.4406607,5.8502164,0.085036516,0.28138995,0.08628945,0.04624472
0.643594,2683.3687,1.2552837,1.8739357,0.119537406,0.14269462,0.064015076,0.060008723
0.6590098,2298.5657,2.4844244,1.5637755,0.09488077,0.13129498,0.07136022,0.046275683
0.68265593,2267.7852,1.5045613,1.8690645,0.07511501,0.11590052,0.07385943,0.09183953
0.6863161,2688.621,1.7787169,3.7393394,0.084929496,0.14156082,0.07374193,0.09089042
0.67386305,2652.1306,2.8778641,3.0108135,0.12147819,0.061872907,0.08340549,0.059452154
0.59117156,2714.332,0.4439254,1.0567589,0.15677917,0.17584136,0.123695254,0.099881336
0.60308915,2292.0364,3.617056,0.71186644,0.18507841,0.19823945,0.10920077,0.14038482
0.591921,4834.504,1.1344943,4.1584134,0.103399634,0.14323874,0.077020496,0.11135801
0.5515627,5176.748,0.8549106,3.1646369,0.13337313,0.103259906,0.074455276,0.08860411
0.6454439,4433.816,0.7971217,7.6711936,0.14504364,0.111466385,0.060402874,0.08837916
0.6123287,3928.7383,0.445482,3.4402337,0.11684655,0.08217064,0.09067072,0.05458185
0.6467681,4763.1514,4.4897103,9.757285,0.09083824,0.120901465,0.05167644,0.061639447
0.6406838,5064.6304,1.3514447,10.616216,0.12900773,0.12420565,0.05217713,0.06313825
0.670704,3467.4353,2.0213802,6.473249,0.14780453,0.08562873,0.101417236,0.053222068
0.62973094,4158.2236,1.8501711,5.1946554,0.11412106,0.07753529,0.08201927,0.07634144
0.6695525,3999.959,2.3007271,9.549746,0.18710583,0.13324088,0.07364713,0.09910906
0.6914607,3620.3633,2.6702647,10.422607,0.2044803,0.15483406,0.07522593,0.08945997
0.6185342,4614.3105,0.8759836,5.884799,0.11294206,0.08882609,0.067509964,0.040902797
0.6141195,4550.636,0.47948596,5.0244536,0.10829957,0.08283242,0.059834886,0.038356267
0.6452898,4915.5767,0.84341955,10.325843,0.13820474,0.118917435,0.071787566,0.09373005
0.6312988,4961.2188,1.1835407,8.624258,0.14604346,0.09745479,0.09576052,0.057041973
0.7048129,3319.1887,2.6836216,11.212036,0.13339336,0.06536445,0.11672028,0.059027463
0.6153004,5058.033,0.6894587,6.424306,0.1470342,0.12501132,0.0614874,0.05152857
0.572204,6135.435,0.38791728,5.529403,0.13958539,0.10251932,0.055995807,0.056210868
0.75789464,2308.0308,1.0159396,9.962872,0.108371034,0.094627745,0.117630035,0.09027456
0.5380872,5190.5547,2.1821876,2.7114975,0.1651406,0.11260527,0.06356056,0.065000996
0.6070593,2582.0745,2.5389304,1.1018001,0.2609928,0.13583143,0.10357099,0.075392425
0.6388454,1911.3265,1.2565984,0.6870575,0.32417116,0.1247459,0.058357913,0.06981389
0.56453985,6289.417,1.4764599,5.5965424,0.14887208,0.113380454,0.10168946,0.084588006
0.71792716,2461.427,0.29945952,4.8644633,0.10367878,0.07643974,0.07864399,0.055697594
0.585138,2144.779,0.062269405,0.5650153,0.1249489,0.13508561,0.07334797,0.068088666
0.5921723,2214.214,0.03275632,0.6219816,0.12956075,0.13402446,0.084492885,0.06730841
0.64551884,2781.317,1.234518,2.2107487,0.1449709,0.13226704,0.08218181,0.09751817
0.651736,3259.6917,1.9180788,3.8779323,0.14834517,0.13024445,0.08457298,0.059986323
0.5911398,4566.5415,1.1209178,3.4893427,0.10563183,0.12142734,0.055879366,0.068921074
0.58757204,3525.1648,0.64306754,1.7978456,0.11247541,0.123229496,0.06187304,0.071569815
0.61322623,3472.9539,1.0508915,2.4556587,0.09932342,0.12994412,0.079399616,0.064195745
0.683974,3502.1497,3.3742607,8.09962,0.10208013,0.076456666,0.08245381,0.07478881
0.632106,4388.0254,3.3515887,6.1717057,0.10439901,0.08377044,0.114368595,0.09856613
0.5844905,5470.888,2.995653,5.3686357,0.09653546,0.07733592,0.11356946,0.11301937
0.67406946,4002.295,1.0742388,9.673637,0.107802376,0.12738857,0.08109371,0.067149326
0.6635617,3870.4011,1.7479128,7.128227,0.08540121,0.12799382,0.07107495,0.08232876
0.6140032,2990.5435,2.6481502,1.6547462,0.11511326,0.09390958,0.08105187,0.08748313
0.5864747,3419.3591,1.7065597,1.6507189,0.1641567,0.12421625,0.07879254,0.08720674
0.58958465,3594.3577,1.8317356,1.9431168,0.14992455,0.12058469,0.0951721,0.075763695
0.63593674,1700.4065,1.1120172,0.5101026,0.098321706,0.086635515,0.070998125,0.06478351
0.5910218,4743.65,0.6825457,4.081815,0.115078956,0.07893145,0.07515496,0.07276454
0.6660904,3682.1108,0.42460668,6.906707,0.123514846,0.14966115,0.07494582,0.058260057
0.5975408,5784.5366,2.358707,7.5370975,0.16312265,0.09887783,0.07368947,0.084713176
0.61016965,4752.1934,1.9478406,5.3726306,0.17862524,0.0942393,0.07278862,0.07809102
0.63407946,4209.593,0.91169894,5.96502,0.10950947,0.08926128,0.10088271,0.049746145
0.69857204,3018.0515,2.985579,7.3912373,0.10776308,0.09535015,0.06623196,0.0877316
0.65691966,3789.6597,1.3660654,6.675208,0.0724798,0.056884475,0.08709346,0.111354165
0.6567327,3821.7646,1.6363689,6.8213453,0.075006686,0.05161271,0.08392479,0.102887966
0.6281343,4278.0713,3.7762058,5.360923,0.10322908,0.097971715,0.08347066,0.088855214
0.65961426,3479.2788,1.8216859,5.2894144,0.0921258,0.092144966,0.10602847,0.08737103
0.66232115,3927.0312,1.9797562,7.679718,0.12642498,0.10578349,0.060933556,0.056412924
0.6713288,4157.1523,0.553728,10.779186,0.13996269,0.12843429,0.10369987,0.07610481
0.6873309,3659.933,0.7213395,10.704723,0.12734541,0.07001401,0.06609544,0.05701781
0.657893,4286.5713,0.13006726,8.981583,0.10730825,0.12967142,0.084295616,0.07067582
0.6198966,4316.157,0.1291595,4.730856,0.08501214,0.111949034,0.119564794,0.052797318
0.6881164,3660.844,0.36856806,9.922009,0.16352971,0.08568028,0.054742016,0.083726734
0.65516144,4603.877,4.805243,10.108816,0.08664494,0.095568836,0.10677831,0.06232131
0.67460245,3739.4165,3.8901436,9.247833,0.08375824,0.08486269,0.1176242,0.06366593
0.53796613,1547.0,0.5309852,0.18336205,0.1369961,0.123681575,0.06760783,0.07356178
0.4780497,1594.7739,1.2918872,0.13190722,0.15924248,0.114395104,0.07884538,0.053949166
0.61321145,1497.1547,1.4818884,0.291499,0.124170505,0.121722706,0.079352,0.10137261
0.5639069,1966.4764,1.0713727,0.3986039,0.07729087,0.09104265,0.08109681,0.10343887
0.5635681,1941.4348,1.1207535,0.39919275,0.07751167,0.09094562,0.08142481,0.10151996
0.53782225,1507.0206,1.7474744,0.17042561,0.09149921,0.10056322,0.08547989,0.116244555
0.5012367,1750.9841,2.1302,0.20778331,0.079724535,0.07909583,0.0633239,0.09249491
0.53970426,1438.9363,0.4413641,0.16168684,0.07716782,0.08309488,0.05681149,0.09714391
0.52929455,1546.4652,0.5623362,0.17758453,0.07688931,0.08027869,0.05486225,0.077937216
0.62662804,2562.1343,0.5466664,1.355578,0.16206214,0.10941754,0.138275,0.07445789
0.6096483,2830.3962,4.4138293,1.5145323,0.08471168,0.07274386,0.1794942,0.097007036
0.68644214,3444.338,0.14870003,7.679196,0.1638267,0.1383143,0.039765652,0.06606639
0.6040263,5886.8867,0.17988022,9.593024,0.093535244,0.070656784,0.17948036,0.085063875
0.61271185,3802.6257,0.11073075,3.4129186,0.089976296,0.07499823,0.11605517,0.06538097
0.6397628,3733.7239,0.903424,4.6108313,0.08818146,0.12714471,0.07838189,0.08254039
0.63812006,4097.652,0.95788264,5.3141074,0.09000989,0.108681634,0.078691855,0.08901936
0.6006001,2037.5986,4.239966,0.58778286,0.111019805,0.14284697,0.08246071,0.081209764
0.65237373,3272.4746,0.75751454,3.6379101,0.108205594,0.14011823,0.09903255,0.05446175
0.64764184,3288.5303,0.7799211,3.3279676,0.11109537,0.13242766,0.09505937,0.05403856
0.65464514,2893.3914,3.2696307,2.6141815,0.10557298,0.078190126,0.06362105,0.10017778
0.617597,3884.9006,2.2007315,3.7964404,0.12083703,0.09380091,0.06619011,0.08968352
0.66438377,3064.6,0.58544433,4.0861144,0.1703094,0.14006297,0.10064542,0.057361417
0.5881675,1828.8859,1.0777172,0.39196607,0.16203557,0.11415864,0.1028386,0.081217766
0.6340022,2360.5786,2.5218024,1.1855698,0.15661079,0.103714705,0.07245152,0.065190345
0.6720141,2025.2814,2.2193193,1.2391677,0.09638511,0.09955828,0.08108678,0.046428055
0.6615859,2311.897,2.1612382,1.5789566,0.10161944,0.09498115,0.07549612,0.049263317
0.62349176,1943.8448,0.6570502,0.6057304,0.12615104,0.13424528,0.07861417,0.053321354
0.6731484,4106.3955,3.6279974,11.250794,0.104240626,0.11460836,0.07464808,0.06544362
0.6447384,4656.9883,0.60707396,9.222836,0.118777454,0.090973094,0.08257986,0.0736509
0.62493026,5441.977,1.8163352,9.775846,0.14084597,0.0987732,0.11805462,0.077341504
0.6166287,5022.787,2.8151672,7.1957607,0.15165056,0.07440153,0.13507244,0.0994865
0.6643976,4107.319,0.91758794,9.431272,0.12845989,0.123356245,0.086974226,0.04651113
0.5978302,2437.385,0.843644,0.8362695,0.10027264,0.092726864,0.06674975,0.10448086
0.6628048,3009.0403,1.8214638,3.7474484,0.08437848,0.064268254,0.08334142,0.07698877
0.5933172,4285.778,2.1944482,3.3970327,0.11762765,0.15234643,0.08672662,0.088170655
0.60984874,3937.8394,0.8419836,3.1738489,0.12800503,0.107155144,0.08342006,0.07480483
0.6377558,3201.3062,3.12164,2.8534997,0.11497581,0.08855961,0.08478396,0.05721966
0.6457125,4480.9756,1.0934455,8.707544,0.10573354,0.10531322,0.092392296,0.0738209
0.65986663,3690.2112,3.0888176,6.5085764,0.15614662,0.122978196,0.10621203,0.068419285
0.6281158,4765.527,2.9698067,7.1532044,0.1480842,0.14436945,0.11299329,0.067031436
0.5952313,6303.7393,1.9191922,8.755347,0.096849866,0.12894078,0.10129223,0.06734292
0.5858559,5451.5146,1.5817549,5.3649683,0.10208003,0.16082382,0.078393325,0.07005635
0.6439775,3672.0657,2.4096582,4.4849706,0.14271227,0.10463048,0.06963069,0.08384177
0.64242953,4563.1416,1.2971767,8.156039,0.12041519,0.13287762,0.0837208,0.09480335
0.6938091,3245.0178,0.2719016,7.670687,0.099537276,0.10811456,0.08636363,0.08915021
0.6116014,3202.4832,0.11793553,2.0088503,0.13448042,0.21270396,0.06638387,0.14150468
0.6405667,4702.7036,2.3385139,8.2710085,0.11678057,0.1271967,0.06885277,0.054660793
0.65811044,3171.441,3.261943,3.677573,0.11215827,0.13751228,0.06764953,0.044602226
0.6915966,1954.925,0.6006772,1.3247918,0.10591462,0.0780123,0.077598274,0.096587956
0.6212441,5597.706,2.4112568,10.298331,0.117030255,0.12333616,0.09009603,0.048320673
0.6434057,2295.5498,1.6705098,1.2783935,0.16101131,0.11262514,0.09685582,0.07267532
0.6359412,2160.8862,3.5103612,0.9024196,0.15374017,0.12717193,0.08734543,0.08369271
0.6531005,1996.5859,2.507513,0.94801646,0.15427414,0.09056278,0.093645565,0.09752203
0.5988961,2090.395,3.998606,0.6557675,0.123272195,0.118374795,0.121936515,0.07680089
0.61897147,2347.0808,0.97230744,1.0579994,0.11427966,0.1559379,0.12541051,0.053485908
0.6281348,3889.0134,3.0733957,4.5825977,0.1099404,0.07868034,0.12742715,0.16785759
0.6376927,3746.253,2.638625,4.628458,0.11163274,0.079936124,0.10198066,0.17890278
0.5703304,3019.615,2.0394726,1.1538906,0.06969598,0.10614378,0.09278244,0.15553525
0.7207505,2976.8372,1.6360676,10.84429,0.19589323,0.087543026,0.1019599,0.036557894
0.7133534,2958.2693,1.4120148,9.83353,0.20132998,0.070705466,0.07895159,0.044730444
0.7243481,2760.4783,1.3131961,9.600779,0.1979742,0.07726314,0.061592232,0.043934524
0.64560467,4884.076,0.9015625,10.169412,0.15591349,0.07372528,0.061840903,0.062517226
0.62905616,5587.4917,0.10600187,10.90434,0.159839,0.09467784,0.05339581,0.061289884
0.6808426,2851.4768,1.1056381,4.0714693,0.11090708,0.10413143,0.09266798,0.05810828
0.68174213,2787.655,1.1416683,3.7496886,0.11111781,0.10184097,0.095528424,0.060969945
0.61383533,3820.3281,1.6459184,3.1762307,0.10578574,0.08507507,0.06037244,0.054411873
0.6880986,3259.5532,2.288471,7.1700683,0.11170867,0.12959011,0.09719724,0.091946974
0.68529904,3024.999,1.0276102,5.235034,0.17314102,0.07459108,0.07577791,0.05383548
0.68812925,3182.1956,1.6507915,7.3914223,0.1798637,0.092938565,0.07977892,0.054891754
0.61965275,5292.1836,2.3746917,9.349614,0.07513143,0.09241512,0.10648534,0.07496315
0.5881314,6242.9824,0.90690005,7.823847,0.13194059,0.12817812,0.066965975,0.091132864
0.6001567,4534.869,0.5353515,4.0219665,0.13044909,0.11315593,0.06707962,0.08318939
0.6003234,4552.8525,0.49832514,4.482002,0.14901443,0.1068939,0.07565741,0.0873128
0.6171669,4215.273,0.73361915,4.602976,0.13784143,0.13206749,0.08186973,0.07076694
0.6376997,4342.0337,1.5039117,6.775234,0.14515458,0.15418991,0.055124648,0.047025803
0.6473028,4437.2954,2.1466792,7.9228067,0.15740186,0.15582336,0.057324775,0.04507672
0.64303935,4439.0503,1.3253075,7.8691993,0.14826627,0.069252685,0.10390218,0.10695381
0.62106025,4054.4705,1.1239107,4.0862885,0.12919018,0.17153578,0.101410925,0.06527483
0.6259814,4140.126,1.157417,4.362539,0.13123868,0.1822857,0.10013976,0.066325106
0.66670924,4104.1377,3.657656,10.235186,0.11830434,0.15756223,0.10435864,0.09378584
0.5859314,2470.873,0.36747804,0.8215264,0.13471876,0.07710462,0.06614647,0.069036
0.58977854,3284.6526,0.6565394,1.6052201,0.130876,0.077913,0.056155503,0.061955616
0.6193547,3831.476,1.2895808,3.477741,0.11122314,0.0846844,0.05887696,0.06805202
0.5971162,2374.9185,3.2752454,0.79052025,0.11291385,0.11185536,0.078440875,0.07725785
0.6446153,2450.7083,0.7409138,1.4693972,0.09365612,0.10461853,0.10694629,0.04791687
0.6158349,2220.982,3.2526958,0.79608506,0.12419677,0.08425746,0.06554404,0.10967596
0.678577,2361.967,1.8455784,2.163709,0.09648693,0.07308771,0.060210392,0.096774
0.6237185,2149.042,1.3472627,0.75785494,0.15230018,0.10347757,0.071111836,0.09260882
0.59934974,1650.3215,0.8399868,0.3463465,0.19457272,0.10425676,0.06939598,0.10761699
0.5609373,2225.2195,1.3271897,0.5204369,0.16768163,0.09464056,0.12193995,0.047698185
0.5788379,1853.6401,0.90459365,0.40206364,0.12328871,0.10549355,0.122177325,0.040854007
0.5788379,1853.6401,0.90459365,0.40206364,0.12328871,0.10549355,0.122177325,0.040854007
0.6528825,4355.254,3.1883318,8.440674,0.15945974,0.10200763,0.050126053,0.13492349
0.68866205,3719.6062,0.8236045,11.242145,0.111597724,0.1035091,0.10324796,0.08641858
0.6597769,4425.6436,0.8325179,10.766499,0.13202813,0.07372901,0.08534765,0.0864687
0.6984937,3340.224,1.8155428,10.252615,0.12000214,0.0691951,0.099420585,0.06099491
0.57902807,4871.7583,2.0670319,3.695328,0.13310927,0.12274503,0.088057734,0.049729187
0.61822855,4349.7705,3.7859719,5.007496,0.12319774,0.13789082,0.09599151,0.0522947
0.6541849,3142.3457,0.35255608,3.4982045,0.12413475,0.08123742,0.06604335,0.08418553
0.646307,3963.3955,1.0041988,5.8231726,0.12283982,0.10264922,0.07371855,0.052252274
0.69860154,1841.858,3.1418552,1.4380745,0.10269037,0.07166718,0.08496893,0.0680585
0.6638358,2814.6982,0.40901005,2.6996884,0.11176595,0.13587758,0.097844124,0.063649535
0.66350687,3205.8286,0.6754379,4.524755,0.14191926,0.116576105,0.13899095,0.07175448
0.6759816,3208.1528,0.42821285,5.695709,0.116495535,0.09120518,0.10998555,0.08089077
0.6656888,3915.0132,1.6754512,8.49678,0.14830701,0.067575455,0.10296284,0.0749618
0.6853927,3396.198,2.84969,8.1988945,0.15812337,0.084977865,0.112879746,0.0440837
0.6123649,4068.71,1.7849681,3.7376378,0.07479101,0.088401124,0.06058934,0.08077502
0.65759975,3713.7266,2.24383,5.931702,0.064232536,0.07562659,0.06006359,0.056519385
0.66537386,3083.5806,1.7261034,3.9915607,0.07651289,0.10892927,0.054434307,0.040530156
0.64605474,4577.936,2.7828417,8.912346,0.15366636,0.17374952,0.07799735,0.07649715
0.65219456,2319.2212,0.9620197,1.4798353,0.08717876,0.09297926,0.0951765,0.103946686
0.61611414,2258.3323,0.6011379,0.8198543,0.07229608,0.07608618,0.08069664,0.090470865
0.5824514,2168.7449,4.0322556,0.5731705,0.1485307,0.124608,0.07547635,0.05773739
0.6494966,3749.5217,1.7051628,5.257988,0.104867354,0.09169781,0.07000818,0.061374843
0.63877434,2493.0198,3.6881964,1.4667046,0.08736684,0.0937891,0.18451527,0.071680866
0.5076483,1655.5494,0.98887163,0.18440534,0.1328599,0.12027256,0.057379115,0.065082364
0.50536215,1639.0391,1.0911092,0.17799371,0.14346723,0.119711176,0.05843067,0.0641587
0.5083216,1616.2748,1.1675311,0.17398024,0.1403383,0.1155474,0.045421585,0.06891396
0.4713844,1489.5975,0.4296521,0.10528314,0.085585855,0.10304029,0.06550333,0.07114948
0.5362558,2421.152,4.0189166,0.5015877,0.15252824,0.123968735,0.12185215,0.07989526
0.5825218,2204.3828,2.0590093,0.57489794,0.19852829,0.128929,0.10221839,0.044179298
0.68219113,3552.8662,1.2661625,9.188807,0.23130864,0.07910395,0.09521679,0.13290182
0.64822817,4389.1187,0.8646684,7.9903584,0.13119994,0.067141734,0.104351334,0.1278556
0.69539326,3310.579,2.0857885,8.372382,0.107482955,0.094363205,0.111512505,0.12135713
0.5729241,5320.1636,1.6384766,4.489395,0.11906135,0.15963614,0.06764283,0.07390021
0.6123359,4023.2744,0.801341,3.6146781,0.14958912,0.08462253,0.07615572,0.078996874
0.5920144,4149.982,0.671457,3.001575,0.1671203,0.076443695,0.07223666,0.08029067
0.63438994,3647.006,0.66063553,3.8592782,0.14995599,0.1038789,0.06995093,0.06912068
0.6072589,3935.1448,1.5716152,3.0811381,0.13215815,0.07791454,0.09033868,0.0713351
0.5959387,1496.6527,1.893512,0.2797983,0.1409648,0.09413585,0.15133138,0.06397055
0.6526919,1878.9606,2.2699268,0.7246413,0.22772339,0.10228702,0.11622712,0.08342951
0.60574675,2107.8608,2.908209,0.6313981,0.17285204,0.068810545,0.06425776,0.05424504
0.62826574,1931.268,2.047457,0.61990017,0.17365062,0.06726376,0.067098275,0.060171016
0.6747459,1715.8468,2.012995,0.682369,0.15552595,0.06200908,0.0656724,0.088803984
0.7056247,1928.077,1.0868847,1.6754465,0.12332114,0.08688846,0.0678794,0.1097526
0.63262707,2435.91,2.7219832,1.2032685,0.27788877,0.09953023,0.11338846,0.07465348
0.6563004,2002.0416,1.6808747,0.9302039,0.0662912,0.080944106,0.107669495,0.06582624
0.6605798,3185.4414,0.89736074,3.7928963,0.19043456,0.1348982,0.080907434,0.07276992
0.6352418,3749.2522,2.0246675,4.38603,0.07785249,0.07327263,0.08392787,0.058632474
0.6396193,2023.302,0.8117759,0.803269,0.12977578,0.10994541,0.09221542,0.10679784
0.6405232,1812.7009,0.66249454,0.5944544,0.13066311,0.10436086,0.08963005,0.116180465
0.6253334,2126.2986,0.70433426,0.7549294,0.10769668,0.1296934,0.092555575,0.1339406
0.5675563,2131.6157,1.0165833,0.45791334,0.11558336,0.0905312,0.062248155,0.08431522
0.52752155,1637.3643,2.8076992,0.21776964,0.0962503,0.112694226,0.12025068,0.05882691
0.51358646,1768.93,2.5052106,0.23661709,0.10139722,0.13316244,0.10730137,0.08718502
0.5312665,1662.6093,1.9793394,0.22019306,0.090664715,0.09100583,0.07649164,0.07064866
0.55062485,1462.7128,2.6332223,0.18941183,0.14097297,0.12093096,0.09318605,0.06547265
0.5230668,1244.2831,3.5492969,0.09249211,0.1440186,0.103426956,0.11222308,0.060265355
0.4571484,1128.6326,1.161088,0.01528177,0.14926654,0.1025041,0.06375082,0.06938422
0.41179207,1252.0138,2.692412,0.012716204,0.10354827,0.09362248,0.09177005,0.06336979
0.41750598,1253.4324,3.560397,0.013847808,0.10835809,0.08566878,0.082043774,0.07279775
0.46882942,1356.9049,1.0689052,0.07718143,0.11666408,0.11365839,0.09189832,0.072817974
0.47245893,1513.692,1.20922,0.11770469,0.08946737,0.08489427,0.12147321,0.0460293
0.46741274,1153.2827,0.5114165,0.024575796,0.11126934,0.0863598,0.08762867,0.08613073
0.47895306,1139.2521,0.37702262,0.022382723,0.10750556,0.08396154,0.087532446,0.083764866
0.43260413,1192.41,0.7344369,0.020537809,0.07618293,0.06943327,0.061212588,0.052601837
0.4697633,1231.8295,1.597353,0.059217136,0.114509106,0.07015526,0.06778361,0.06747968
0.42515677,1194.491,3.4020035,0.012870529,0.12898342,0.11884952,0.093775354,0.06806101
0.43703726,1169.9462,1.188188,0.018575232,0.11455247,0.11586001,0.08925947,0.07082754
0.516293,1487.2775,3.3192887,0.15157916,0.10214754,0.079974614,0.13212578,0.0738326
0.56150454,2108.5303,2.4545372,0.4577659,0.07349608,0.07751893,0.10472112,0.049651496
0.6945952,2369.128,0.5939046,2.7736304,0.17271973,0.124558635,0.06510735,0.07407644
0.6968689,2610.6697,0.7382749,3.9482415,0.15777518,0.14035128,0.083206296,0.09477604
0.728213,1483.75,2.5425406,1.0032513,0.124126785,0.09416642,0.07490611,0.064148724
0.7244521,1724.9269,2.3040397,1.6574547,0.15256721,0.10768611,0.08220035,0.053618245
0.6965612,1973.9744,1.6605774,1.5281519,0.14994511,0.07771501,0.07149423,0.076107934
0.6912468,1831.9319,1.5562196,1.1781061,0.13565746,0.09840571,0.068529874,0.06762437
0.6849184,2557.9014,2.3007815,2.8565934,0.1028094,0.10232277,0.07553566,0.10320108
0.60244477,4843.9434,0.90846217,4.826711,0.120090865,0.085175306,0.064489745,0.05057222
0.6982317,3270.0762,3.2959695,8.236955,0.07699034,0.113879696,0.07841191,0.07152297
0.5815104,3132.5693,0.80727607,1.3219234,0.15641212,0.08658553,0.10679832,0.06008179
0.6116751,2679.9014,1.384205,1.2257934,0.10572152,0.10799006,0.098052636,0.06209477
0.6284743,2752.495,2.1786046,1.6941313,0.20555848,0.10041101,0.059685297,0.06853609
0.63419384,2540.7664,2.6056285,1.4951382,0.16436726,0.10712781,0.061912395,0.08889827
0.6710763,3218.2651,1.462143,5.199938,0.10252321,0.08824922,0.09928424,0.15204301
0.6881291,2787.4153,1.621434,4.1854467,0.10515843,0.09506278,0.08899767,0.106681205
0.60595363,3878.499,0.68702245,3.094123,0.10719656,0.08675809,0.108664535,0.06001293
0.6463072,3846.4075,0.17228642,5.6693726,0.16976029,0.077547565,0.07938269,0.1018979
0.5849378,2968.6758,3.1127057,1.1468507,0.15894951,0.1571387,0.07195523,0.070864715
0.58131605,2074.8225,1.6324927,0.5092026,0.124451116,0.07980859,0.06415433,0.06712459
0.574767,2018.547,1.6880078,0.4221524,0.12493907,0.082314864,0.068477154,0.06301873
0.5605665,1891.9459,0.5925004,0.33225754,0.12780942,0.13608852,0.09466638,0.078622825
0.48710564,1566.344,0.63809264,0.150473,0.118192784,0.1252013,0.1278635,0.050681263
0.4741167,1317.5975,2.1052568,0.07031148,0.09536478,0.08663653,0.06074193,0.096880116
0.42890346,1245.0116,2.0571027,0.014803071,0.1749921,0.113151886,0.114296466,0.055155635
0.4319404,1310.7214,1.929233,0.036855847,0.13307066,0.13989463,0.05618549,0.10499154
0.43604267,1474.7502,3.228243,0.06897506,0.103209965,0.070429005,0.08102062,0.055057965
0.45115995,1214.0536,2.4222715,0.027958734,0.09753168,0.068102725,0.041386418,0.07031356
0.48683563,1086.5046,2.755344,0.026034428,0.1058892,0.09364541,0.10785785,0.0772732
0.545286,1534.1921,5.728065,0.19034249,0.12006885,0.105260625,0.12514158,0.061640874
0.56641054,1501.7869,5.6093097,0.22540087,0.09930221,0.09529269,0.11738268,0.064294696
0.5799933,1891.9336,1.9263445,0.3795594,0.15571207,0.10608354,0.06342559,0.12063024
0.6558424,3319.5215,0.7737302,4.0901947,0.1016751,0.1016158,0.09154092,0.042677935
0.6995533,2909.2468,0.7902187,5.4635983,0.10384455,0.10426847,0.07441239,0.07142632
0.66775686,4087.7979,0.16160221,8.868271,0.09810782,0.120582536,0.07206185,0.07818326
0.6911611,3175.8467,0.8994099,6.601308,0.109980755,0.13912067,0.05549275,0.08278963
0.5846498,2054.5493,0.8742381,0.50329846,0.08476851,0.076797776,0.105196826,0.05386434
0.6902363,2679.1685,1.3668103,3.709546,0.14666551,0.11808972,0.065895125,0.08597833
0.6393282,4087.5574,1.4889483,5.9627438,0.11360293,0.061426006,0.07614144,0.047720764
0.66538286,4143.349,0.6708661,9.310288,0.09387427,0.085682854,0.049066007,0.11304645
0.68148625,3686.9597,2.0514367,9.237538,0.10081843,0.069571316,0.10466623,0.054208
0.6447577,3318.8232,2.2990344,3.5809972,0.1391572,0.089882806,0.058769267,0.05443985
0.67199564,2855.034,2.5210943,3.5810258,0.10519836,0.076805525,0.055979814,0.07857021
0.6684031,2764.6575,2.5357678,2.9490483,0.076689534,0.08129173,0.093277514,0.05574207
0.56188196,2217.8345,1.2475513,0.46178734,0.17500012,0.16770048,0.072788656,0.09659889
0.53150725,2377.1052,1.2187531,0.43658498,0.18801624,0.14094616,0.07920976,0.0792229
0.702327,2522.671,2.8392138,3.8886697,0.12055103,0.091425814,0.09334811,0.06786087
0.5695989,2682.9197,1.4264381,0.79308474,0.090688534,0.11384682,0.06783206,0.054175712
0.5769552,2574.6204,1.4116285,0.77375007,0.08916393,0.116750255,0.066061966,0.056556955
0.6951178,2186.8225,2.784586,2.286786,0.12547766,0.13561286,0.076588124,0.07827383
0.6391887,3256.5957,1.2936366,2.9732652,0.120391764,0.10584175,0.0661145,0.07434587
0.7017757,2969.7178,1.7698874,7.18832,0.122280285,0.07134678,0.07356057,0.07137594
0.709885,2960.2458,0.73113334,8.911114,0.15087646,0.061446,0.06168783,0.06361458
0.6517606,4842.2427,0.3034775,11.052965,0.12557936,0.10380604,0.07958522,0.058502767
0.7186574,3099.2598,0.38715425,11.202431,0.10538814,0.10169227,0.07337718,0.085223675
0.7252532,3009.181,0.6360513,11.544861,0.105151795,0.10082216,0.08554934,0.08914044
0.567495,5890.727,2.007502,5.0397544,0.08339654,0.09887135,0.07825098,0.073442586
0.7420562,1394.4342,2.189959,1.0063503,0.06865824,0.07363211,0.0823067,0.07776769
0.8007524,1127.7408,0.60771,1.1856545,0.28956997,0.105930835,0.07454045,0.05348601
0.82623464,1015.544,1.9776169,1.3841307,0.28953478,0.0753141,0.091260344,0.11581635
0.7989159,1309.9766,1.2580793,2.1655457,0.14982952,0.12059927,0.06304639,0.04781088
0.7193419,1812.3663,2.297252,1.7057225,0.12151252,0.1061326,0.086804934,0.118689194
0.6756155,2861.741,0.032237384,3.8323839,0.08498506,0.092289105,0.098347165,0.15269776
0.65694183,2764.5393,0.01478602,2.5976307,0.08224177,0.07250383,0.06936536,0.20367143
0.6766543,3086.6868,0.6031145,4.9477344,0.141878,0.11597144,0.079974934,0.076969236
0.684618,3006.239,0.6319215,5.7278633,0.14362393,0.113458335,0.07947391,0.07351287
0.67625564,3185.2253,0.34054503,4.5551534,0.12282366,0.11747944,0.0705778,0.0877851
0.70224506,2961.5964,0.14842682,6.733881,0.1105244,0.09964441,0.056475207,0.09581142
0.6298651,3862.817,1.2563719,4.51111,0.12347062,0.07800133,0.09432222,0.111780316
0.64628196,3181.8655,1.5433546,2.9635832,0.12709984,0.099475026,0.08492333,0.104651935
0.6738751,2992.4294,1.4566162,3.952674,0.090181515,0.10493696,0.06452012,0.08963348
0.6590537,3460.4817,1.1216234,5.058886,0.093862005,0.07802703,0.07163436,0.04617017
0.6735212,3980.1096,3.7040071,9.762237,0.090246394,0.11655262,0.10339323,0.079999685
0.66891867,4187.856,3.1238606,10.47671,0.09651717,0.112928435,0.082731895,0.085381866
0.6817018,2709.9531,0.9187087,3.3942287,0.22003292,0.07480258,0.08462456,0.046496533
0.5812291,4897.309,3.908885,3.911957,0.109037906,0.11455064,0.07256916,0.10336134
0.58879954,4573.895,3.081618,3.7991028,0.11532085,0.110439,0.07427589,0.101635985
0.6796874,2709.0698,1.4474947,3.1145623,0.15401724,0.10819208,0.06589535,0.09696113
0.7068748,2181.896,0.40032518,2.4188068,0.0780939,0.09338651,0.087515004,0.051393427
0.65432644,3314.4658,2.1762128,4.242966,0.15825379,0.11253697,0.12806526,0.07022279
0.6136171,3820.2297,2.1083245,3.072028,0.10846132,0.09067511,0.08790228,0.06844526
0.5944164,2865.9807,2.5199347,1.3501477,0.11998503,0.082239494,0.11374397,0.081159346
0.5611878,2953.779,2.997199,1.0647273,0.11734715,0.090034276,0.11323339,0.08640354
0.51391053,1235.8527,2.0788913,0.08054095,0.10566815,0.110908,0.057026077,0.06695879
0.4775431,1797.6118,3.0328252,0.20239888,0.10475146,0.10718496,0.097909085,0.08231734
0.46064952,1644.1902,2.8936732,0.1292244,0.11585523,0.07959643,0.12685959,0.07564697
0.50089085,1535.6019,1.5983106,0.16106229,0.13510306,0.07703544,0.10693606,0.056492753
0.501144,1509.9062,1.6288543,0.1413148,0.13376135,0.07871528,0.10700699,0.055777937
0.50291115,1362.04,3.2505412,0.10164628,0.09584281,0.08574498,0.09894278,0.07263783
0.5012334,1277.9574,0.75224173,0.07991947,0.14134626,0.07388182,0.091325104,0.07950171
0.5024971,1822.0854,2.920338,0.21916054,0.12111632,0.080919586,0.11717426,0.08577837
0.5242526,1353.9067,2.684281,0.111600704,0.106558576,0.10158303,0.11153827,0.12595674
0.4547768,1431.5927,2.350194,0.075754896,0.093189985,0.16571498,0.08783227,0.06299676
0.5327712,1469.873,1.9522048,0.1510725,0.16795471,0.09826556,0.072316475,0.086680025
0.42816648,1264.5082,2.7403607,0.021816391,0.08352138,0.1007426,0.10494697,0.12558936
0.42422065,1229.8016,1.9620738,0.01923586,0.08316361,0.09411013,0.09406398,0.12576312
0.46467906,1156.8624,2.3428922,0.024351593,0.1082737,0.0775459,0.06794456,0.0631314
0.44020838,1168.1617,1.7593006,0.012153691,0.13930027,0.12532613,0.14064042,0.06745254
0.4554288,1136.7708,2.5342429,0.017953444,0.119259454,0.12360661,0.113372944,0.05061328
0.4450516,1225.9626,1.1921808,0.027598709,0.14990996,0.08656718,0.062003862,0.093238145
0.47709244,1276.1855,1.1379536,0.054643087,0.14582273,0.105738334,0.082792394,0.09466214
0.45125356,1300.4961,0.8824958,0.045936573,0.1247987,0.101620816,0.07353094,0.047396395
0.46863765,1407.5184,2.7271829,0.08785325,0.08773545,0.09938205,0.10558368,0.09422813
0.4922426,1477.6108,0.96443594,0.12562107,0.15531063,0.094047934,0.10432365,0.06270264
0.485899,1468.3539,0.53463316,0.12609254,0.15314466,0.08979058,0.10237321,0.10650202
0.48605978,1392.6898,1.1257757,0.10045167,0.10120994,0.12486891,0.13026585,0.079044424
0.45423296,1332.2213,1.0455946,0.059995763,0.10373098,0.07228405,0.12256013,0.051086448
0.47560862,1318.9202,1.971232,0.069585666,0.1374305,0.11213846,0.08141006,0.073934525
0.477813,1246.7242,1.3633434,0.05250746,0.09435077,0.08099407,0.07070663,0.10967395
0.4504413,1254.3347,2.124695,0.04196775,0.09296538,0.08250746,0.08906475,0.06460887
0.51080394,1461.6844,2.567954,0.13681215,0.115272686,0.09940143,0.10089774,0.08863293
0.47573152,1517.107,1.4469523,0.120247416,0.12483908,0.10925556,0.08756441,0.09374227
0.48958987,1418.4302,3.1536946,0.104714654,0.09990829,0.111015566,0.08144747,0.075837485
0.44357035,1380.5209,2.924707,0.062606916,0.091791324,0.080076724,0.09997268,0.06708839
0.48160005,1322.1492,2.6437852,0.079063214,0.13262843,0.09299921,0.093017146,0.062293515
0.5123609,1826.0084,5.90873,0.22710668,0.17795624,0.120672695,0.08598341,0.06520545
0.5416629,1432.3922,0.1659768,0.1559331,0.09851985,0.139272,0.06475164,0.08933381
0.53550917,1777.0264,0.4667801,0.2682604,0.1020113,0.09700736,0.07077065,0.061720606
0.66402847,2027.5465,0.18769301,1.1203437,0.098217376,0.07339759,0.11376887,0.12893896
0.58615893,2141.423,0.84759676,0.5816228,0.08054686,0.088274054,0.13425793,0.15130681
0.72207886,2466.4521,0.4573051,5.4655147,0.1373933,0.10005955,0.06381781,0.040230438
0.6762543,2926.8835,0.20981942,3.882432,0.2306489,0.073477685,0.080545306,0.063143365
0.67878175,2963.0134,0.1601762,4.5200367,0.23729043,0.06693606,0.08018274,0.07150437
0.6351664,3219.2373,0.102114126,2.8031306,0.19872707,0.07944439,0.0721336,0.07156528
0.65083426,4698.945,0.18147694,10.135751,0.13839804,0.11685973,0.07476127,0.07865438
0.5902398,4837.8247,1.6284616,4.205771,0.107024185,0.12511975,0.07103373,0.058013268
0.6457035,3140.6455,4.530376,2.8841982,0.08872208,0.10899577,0.055302653,0.0458405
0.643616,3593.7214,1.1730187,4.5443935,0.07974883,0.09157206,0.081137754,0.096622385
0.64547974,3473.4832,1.0734582,3.910689,0.14465769,0.11021797,0.06944785,0.054669082
0.65443105,3976.7827,1.3933843,6.7149377,0.14037172,0.102786094,0.092429064,0.058138173
0.6724291,1867.6869,1.8483264,0.92913765,0.18281952,0.16155936,0.05904092,0.06952431
0.56275326,3914.2312,2.2595623,1.8638169,0.08897416,0.0980359,0.09649469,0.063625365
0.55502486,3932.0466,2.2301788,1.6882322,0.08368684,0.098792866,0.101830974,0.06142176
0.73485065,2607.36,2.0856051,9.407301,0.14871079,0.09543127,0.08643902,0.08239081
0.6967198,3409.759,2.3817937,9.758892,0.15358019,0.11818636,0.070626564,0.0704261
0.6122445,4500.0586,2.7428067,5.0676384,0.11163181,0.06976741,0.067961745,0.10423459
0.62909245,4357.6504,2.1136513,6.171184,0.10321173,0.07459849,0.06774041,0.09670051
0.6521879,4543.3315,1.6457889,10.236719,0.0657766,0.106384695,0.09020974,0.061436344
0.6256604,4769.1836,0.75591624,7.176735,0.08312763,0.12172921,0.10083249,0.054250978
0.695314,3236.3267,1.7811729,7.9212995,0.116264485,0.09419231,0.13649505,0.08040258
0.71242106,2777.1946,1.8709586,6.2674913,0.11410027,0.09934798,0.146994,0.07022143
0.6646789,2865.7905,3.3206427,3.3788853,0.0930871,0.07523063,0.12308403,0.061305944
0.69006956,2534.3728,2.3420546,2.9410977,0.10164112,0.09904514,0.099073626,0.05739066
0.6444749,2328.6755,3.307757,1.3643845,0.097348705,0.081347704,0.07970382,0.065803595
0.7220828,2196.1345,0.5994987,3.0859497,0.13581626,0.15042819,0.06579928,0.11949021
0.73963785,1857.2699,1.6794806,2.621399,0.11727415,0.12484268,0.06182525,0.11967774
0.7316923,1885.1293,2.450358,2.4437916,0.11014959,0.117476895,0.060843274,0.117818736
0.5828528,2633.847,0.59067273,0.83554006,0.108503714,0.0737748,0.07247038,0.07592018
0.64527106,1821.1552,3.2441382,0.6183204,0.11457306,0.097008884,0.05602867,0.07077445
0.7182324,2171.084,0.7546811,2.5995526,0.08218753,0.13968119,0.1630564,0.11018197
0.54542136,3498.2769,1.749159,1.1144707,0.16053346,0.117753275,0.049355652,0.058777336
0.5507533,3553.1545,1.6223508,1.210515,0.1614201,0.11833902,0.04943219,0.05865279
0.6646554,2046.355,0.44021142,1.1712214,0.13080657,0.14515315,0.09657667,0.049281515
0.6433794,3016.2285,4.369894,2.7545261,0.08362457,0.07228333,0.060381465,0.103503846
0.62954885,5391.212,0.2614488,10.004564,0.15297404,0.13847516,0.10595496,0.06508787
0.6535642,3649.3362,2.1564968,4.944881,0.13695435,0.17913866,0.09449354,0.08117723
0.6985687,3307.3977,2.2154274,9.73849,0.08624813,0.09104424,0.04966839,0.07933357
0.61222714,5933.3994,1.7186053,10.509676,0.14004718,0.117182225,0.14303455,0.07880787
0.6235256,5725.0913,3.2377589,10.191222,0.19984487,0.124306045,0.1354149,0.047031064
0.64663786,3811.4297,0.64371204,5.686572,0.17720857,0.07808737,0.09279892,0.07249969
0.6063657,3520.123,0.47972274,2.153551,0.1603313,0.111333825,0.110020116,0.07335341
0.65079284,4509.592,1.2428827,9.025915,0.1257965,0.1153071,0.16599667,0.05619902
0.63511086,3241.116,1.2018384,2.9194283,0.098402284,0.1381888,0.056703813,0.060211916
0.61512727,2601.373,2.404566,1.264052,0.09251842,0.113783,0.0607114,0.06725626
0.6352473,2466.8994,0.9219619,1.3585453,0.103981614,0.10918744,0.08810547,0.080459625
0.5996761,2818.8435,0.90336174,1.2483891,0.11032521,0.102084704,0.06157774,0.064093046
0.6590298,2227.9995,0.9359786,1.2985563,0.09484698,0.07977135,0.06392029,0.06489926
0.579352,2814.7573,2.9586515,0.9656211,0.1966955,0.13334824,0.125128,0.071932375
0.63457733,2190.1917,0.8596427,0.91290736,0.13326928,0.12735984,0.095924795,0.09044316
0.63454884,1697.4689,0.44826648,0.5173642,0.12855229,0.15914543,0.08943747,0.06265371
0.65618527,4718.432,3.5257316,11.270667,0.15159085,0.067396276,0.07013493,0.07341767
0.65438825,4649.399,1.2850621,10.244395,0.11742017,0.08959611,0.07425985,0.06947488
0.64181465,4857.3945,0.8756978,10.193863,0.12895498,0.09064405,0.07076458,0.07676179
0.6609986,3505.529,2.5959642,5.3999524,0.09032397,0.1079157,0.08113183,0.060301617
0.6932587,3288.666,1.8424623,7.9628115,0.1457703,0.099760935,0.07301139,0.04200677
0.71355766,2759.5483,2.5397272,6.739421,0.102740325,0.08937091,0.04972965,0.058831777
0.59992313,6224.0303,1.4843726,8.767849,0.11903983,0.119446605,0.1098805,0.06579657
0.63273585,4326.3735,1.7212638,5.765126,0.10977683,0.07374979,0.11488142,0.072920285
0.6819796,3060.871,2.538556,5.0260696,0.13005668,0.10688725,0.103243925,0.068434864
0.69550776,2895.6384,3.00011,5.7625027,0.12673214,0.10630584,0.09855128,0.064579956
0.5736449,3807.6895,0.7880137,1.8736434,0.16881034,0.13411447,0.06570043,0.06272839
0.65830576,3902.5933,3.263438,7.15267,0.16803525,0.1024123,0.11566314,0.09298724
0.676964,3805.0867,2.124145,9.30139,0.17181376,0.07949019,0.119575515,0.04559195
0.6013518,6155.951,1.9713327,8.695259,0.15028353,0.15498944,0.05860553,0.08437488
0.6038088,6434.854,2.7547112,10.0866375,0.14723244,0.2347631,0.08456572,0.04673212
0.6549806,3921.9385,0.7172707,6.401744,0.08369762,0.15356076,0.064680114,0.072793484
0.65690184,3333.9878,1.6946337,4.182388,0.15356353,0.15471399,0.096671835,0.05492155
0.64425224,3071.6245,1.251338,2.762298,0.11741235,0.0866978,0.082112014,0.06442159
0.6545326,2881.2925,1.2207017,2.6403332,0.11377996,0.07236415,0.08042965,0.05564149
0.70001197,2648.9436,4.003061,4.603398,0.15445948,0.12843548,0.104253404,0.04981319
0.6723495,2418.584,5.165463,2.032999,0.12606551,0.113164246,0.1398684,0.05258204
0.7548658,1666.0162,0.18760604,2.3019526,0.16115457,0.07725352,0.04976815,0.077644266
0.69307643,2699.9124,1.0593394,4.6283193,0.14915659,0.1305568,0.11796453,0.07401015
0.69553345,2703.3928,0.8680477,4.3853817,0.15332372,0.13232824,0.11584915,0.07957874
0.5733393,3348.1025,3.4685621,1.414783,0.09955244,0.120723635,0.06281368,0.048316352
0.6999035,3332.7466,0.7689337,10.230485,0.14552554,0.11304926,0.088077344,0.08986464
0.67026913,3913.3823,0.37808564,9.567177,0.21959558,0.08007967,0.12760746,0.07675386
0.66943663,3826.9824,0.38628832,9.530237,0.2202544,0.08014512,0.12739512,0.07562248
0.61070186,4903.8164,3.1473644,5.9489136,0.123463675,0.13818477,0.059075475,0.04596587
0.63560784,4284.268,4.183055,6.0620503,0.11231945,0.14246064,0.055142198,0.060039878
0.6660303,3694.4775,2.4427772,6.574289,0.06524612,0.13515243,0.06557606,0.04845802
0.64388716,3400.2297,1.3147798,3.645599,0.19333996,0.0783115,0.09783829,0.11738235
0.6720774,2999.6848,0.62879294,3.9192014,0.15359436,0.09601572,0.116829835,0.062168304
0.6799608,3456.2236,0.53304356,7.659154,0.14181782,0.07788314,0.09031086,0.08819008
0.6030063,4018.4338,0.4154673,3.0427182,0.11268541,0.12890083,0.05811607,0.08081461
0.6458081,3421.966,0.94047636,3.8526073,0.13204615,0.12234027,0.07208201,0.10737492
0.5904812,1951.9509,2.8931277,0.46187204,0.09599507,0.089295164,0.074569084,0.044256702
0.6246426,1982.3217,2.3394003,0.6491709,0.095579065,0.08867465,0.07789352,0.04855461
0.64769614,3565.8198,2.1252723,4.515901,0.16206749,0.08670427,0.07830897,0.08995947
0.6244966,5504.375,1.1022775,10.014998,0.084847756,0.11228432,0.068006106,0.08996241
0.65476495,4058.1875,2.723355,7.1659274,0.10496035,0.11554586,0.05539216,0.0765504
0.6520369,3675.0112,2.4158056,5.2439637,0.10074635,0.10635469,0.06918827,0.075228155
0.6520689,3261.1145,0.6179623,3.4537911,0.12452339,0.10336932,0.073811814,0.047497325
0.66976273,3590.6365,0.09737763,6.7784414,0.11008107,0.08612603,0.07211777,0.07407395
0.6485113,3465.6853,0.38742515,4.037598,0.081867546,0.13418196,0.0742278,0.048781887
0.62822735,3770.1736,0.27367637,3.5387373,0.104580775,0.12909606,0.08867748,0.055657744
0.5808657,4815.378,1.1858245,3.604956,0.13803838,0.1117631,0.08696199,0.05894872
0.69349724,2396.1042,1.8804579,2.8187351,0.09538838,0.0883289,0.08118733,0.1031798
0.6962762,2532.0276,1.7913275,3.4121614,0.093350604,0.09010385,0.07823688,0.095056176
0.6364352,3669.036,1.2696878,4.155857,0.105918914,0.108136296,0.06595671,0.07878473
0.64210343,3173.9272,3.1674929,2.956628,0.12418747,0.09206352,0.08710968,0.06897965
0.68785334,2942.8772,0.77071226,4.9235477,0.08700727,0.10217399,0.06463508,0.073637746
0.64446336,4145.9614,0.99769795,6.646819,0.105447814,0.12217019,0.07644597,0.06475203
0.62028533,4414.6104,0.72892034,5.115995,0.07934719,0.12370888,0.078139775,0.042674303
0.6214354,4195.999,0.73565346,4.5449314,0.08698568,0.10749667,0.08185195,0.046890058
0.6827752,2949.027,0.732552,4.5654116,0.11571012,0.0803975,0.0788022,0.070021115
0.6896729,2713.1128,0.79311377,3.925253,0.119939126,0.08147173,0.07452417,0.06807169
0.62308425,3843.9736,2.3033736,3.9802947,0.1271003,0.12077493,0.118179575,0.08473719
0.61349607,3738.7034,1.8955793,3.2311864,0.12891357,0.08840679,0.12385387,0.08189419
0.61040723,3578.4788,1.26156,2.6672926,0.11794364,0.089405805,0.09541311,0.0635348
0.69140273,3353.5364,2.3936331,8.210994,0.11397612,0.11223258,0.10117331,0.06120828
0.6609353,4443.354,2.235007,10.806542,0.095081836,0.11001128,0.05978643,0.08398011
0.6704108,4063.4744,1.8139815,10.677091,0.11764083,0.093621746,0.075351745,0.062449727
0.6821934,3865.8623,3.634272,10.089063,0.08393454,0.116911255,0.070082225,0.073855735
0.65449727,4764.029,4.3283978,10.799385,0.09171312,0.12467837,0.050357804,0.07995057
0.6654464,4380.9194,1.646589,11.597333,0.12643206,0.11777374,0.06897271,0.10539563
0.66865116,4004.874,1.8801335,9.06899,0.08941176,0.078436084,0.07939034,0.053820863
0.67409134,3446.8665,2.329642,6.5317693,0.17860982,0.09591276,0.061565746,0.09068401
0.6539754,3133.699,0.78133863,3.1805584,0.094692856,0.09583157,0.09694837,0.049165964
0.6782055,2492.8184,4.275402,2.4737597,0.09699993,0.09940217,0.07941968,0.08626612
0.58167756,3019.8865,0.48404804,1.2147628,0.12802145,0.22664851,0.07511211,0.05061887
0.59790796,2960.0813,0.3697194,1.4392217,0.11241672,0.18775976,0.08994532,0.05076299
0.6345649,2051.7031,1.3448927,0.76224506,0.11426862,0.05944712,0.085174926,0.080450036
0.6820033,2477.32,1.292494,2.6808558,0.1000699,0.081438385,0.08540764,0.0727384
0.63711846,4186.718,2.9708583,6.007431,0.1237185,0.100708306,0.056748714,0.06057735
0.626641,4297.798,3.7231412,5.0694933,0.11537222,0.08349627,0.051906325,0.057268918
0.6821293,3153.0803,0.42260996,5.589955,0.12777698,0.120265275,0.11429627,0.07017924
0.64890856,2233.9937,0.5904695,1.2718544,0.14264652,0.097750664,0.096941575,0.08848321
0.6079598,2575.517,3.656188,1.0940571,0.09151532,0.11980449,0.063581474,0.05146365
0.6219366,2200.6274,4.09675,0.86944145,0.08725087,0.11745959,0.063641384,0.056437705
0.6341718,2556.3105,1.5944222,1.4443667,0.08897562,0.1701194,0.058202066,0.06876049
0.6263206,1924.0188,1.4464347,0.5844492,0.09798215,0.16921183,0.0642535,0.0887253
0.59855455,1794.7422,3.2790437,0.3903723,0.11384093,0.1314325,0.07685108,0.10112624
0.66188866,4384.8896,0.68433815,10.643673,0.100832015,0.07786034,0.07470493,0.054383498
0.6202797,2766.464,2.672984,1.5865422,0.11746505,0.17748068,0.077345155,0.07821304
0.6814444,2773.0347,2.1585782,3.8971708,0.080051705,0.101177536,0.07535151,0.05907967
0.6898179,2739.7454,1.3276106,4.417594,0.13283694,0.13317825,0.11852176,0.07353718
0.671252,2879.1113,1.9315733,3.3381202,0.1088818,0.07538096,0.07966147,0.056542084
0.5982354,4607.3994,1.781847,4.6585584,0.12402192,0.16711195,0.11254448,0.12604089
0.6803287,2838.7053,1.4604114,3.9083478,0.10716577,0.06785844,0.0593577,0.05499081
0.66380006,2892.2507,1.3097738,3.3748224,0.11371542,0.06968875,0.07807901,0.04925976
0.67585677,2890.618,1.059697,4.1901608,0.11893436,0.07829799,0.06851452,0.050791536
0.6177622,3208.7498,2.025705,2.1471481,0.07874469,0.12865004,0.059326444,0.068796255
0.6340984,4424.903,3.4571502,6.5295863,0.12187397,0.12744392,0.06530087,0.06264222
0.64343786,4293.36,2.557428,7.2937565,0.11382619,0.11276835,0.078274906,0.05979112
0.6843172,2927.09,0.5911977,4.488452,0.09866029,0.15154247,0.05701913,0.08027943
0.641778,2303.821,4.9371386,1.2074648,0.1442897,0.10450973,0.07849782,0.10604478
0.64540493,2894.0896,0.408546,2.3765087,0.103233315,0.14058138,0.0788161,0.053207695
0.66251296,4074.9766,0.9930117,9.044332,0.09956136,0.06705142,0.07844979,0.08986989
0.61113864,5654.266,0.8011021,9.115332,0.09052321,0.10327884,0.089531496,0.06366498
0.62228984,3641.184,1.9343337,3.2578356,0.13866556,0.08073002,0.056812286,0.06229234
0.6036618,4637.8066,1.7898681,4.6124506,0.100067616,0.17077999,0.13938296,0.074879326
0.6504887,3984.1667,0.5110104,6.6718864,0.16473368,0.08711688,0.14775299,0.057127282
0.5977021,3561.1228,0.80898774,2.262523,0.12640585,0.09041131,0.06667355,0.11401372
0.59586024,2419.1064,1.7202373,0.84949577,0.1374877,0.16266333,0.09025162,0.09984448
0.6331322,3713.6213,1.4526167,4.10259,0.10015841,0.066026315,0.0837343,0.12324022
0.57310146,4836.3364,1.0671545,3.2283666,0.12645335,0.09179982,0.08266725,0.1012606
0.61351615,4137.8726,1.6645681,3.6953015,0.18029496,0.10929951,0.07007992,0.08493851
0.6203722,3469.095,2.7584937,2.8276403,0.17336982,0.10642985,0.09241058,0.07240702
0.6183218,5796.651,1.1876136,10.424508,0.14635994,0.09907948,0.063044734,0.05661872
0.61854583,5952.467,1.2647389,10.390648,0.14221635,0.09268695,0.060621865,0.057413474
0.68655044,3483.8467,1.01972,8.634994,0.19091715,0.09721875,0.09144609,0.07917834
0.60964704,5625.196,1.5881304,8.357397,0.21825258,0.07710466,0.08567074,0.04528977
0.6657441,4248.5435,2.5226557,10.207402,0.09135112,0.09915116,0.1054418,0.09106983
0.6401091,4638.8926,0.5536503,8.260205,0.15045589,0.081539765,0.063978255,0.047994766
0.6431893,4227.17,3.4564755,7.186516,0.15666036,0.14007746,0.099560365,0.101081185
0.64355487,5202.322,0.32032537,11.644775,0.12383173,0.13583347,0.080613084,0.04993207
0.6425757,5260.4478,1.1284491,11.687458,0.16357166,0.12323473,0.079437256,0.063592315
0.63391405,5371.5015,1.3849112,11.591812,0.18157803,0.10836685,0.071749516,0.06339433
0.6343704,2358.9558,2.286527,1.0900102,0.08247766,0.10991275,0.083902225,0.07724656
0.6144866,2433.234,2.4663258,1.0556359,0.10263566,0.10117148,0.059774674,0.08257464
0.62851554,2963.2683,1.1470634,1.9871262,0.15792604,0.0956338,0.07595653,0.08785462
0.6327495,3657.5618,1.1757845,3.5552292,0.14717819,0.11335586,0.079616606,0.07335279
0.6180249,4196.0327,0.44276738,4.34007,0.13128369,0.10732839,0.07494042,0.061229724
0.64889705,4757.622,1.2904756,10.24366,0.07033497,0.091843866,0.07723072,0.08625533
0.69351375,3087.8235,0.17534734,6.525617,0.15734771,0.10394463,0.05286855,0.05112138
0.67838466,2387.8135,1.9444469,2.191958,0.23395985,0.10556848,0.08977752,0.078134015
0.6708586,2020.151,0.6274273,1.1777143,0.15449585,0.1004727,0.06750768,0.06332976
0.68263096,2229.6597,1.083316,1.815794,0.14597839,0.11472808,0.069660895,0.05819549
0.69142854,2279.6367,1.393301,2.2360864,0.1500051,0.1098233,0.07568517,0.060506795
0.7110599,2422.0881,2.2333708,4.414838,0.13933104,0.111516975,0.07193728,0.07506093
0.5789902,5300.412,1.4856489,4.7625318,0.10385728,0.1360978,0.07910672,0.06663061
0.58796024,5584.3267,1.8790132,5.964833,0.10253973,0.14594369,0.07213536,0.054502096
0.64962494,3434.661,1.742198,4.298845,0.13992344,0.12781936,0.05790853,0.05631481
0.61669266,3746.69,2.0067856,3.100171,0.124310255,0.08669749,0.06739797,0.07287461
0.6226554,4267.881,0.7703964,4.745942,0.1295416,0.07232046,0.06841777,0.05583535
0.6523665,4453.1772,1.3783902,9.329193,0.115988865,0.08067536,0.073959276,0.090342164
0.64873004,4659.015,1.1348808,9.865581,0.10418925,0.094262764,0.07272406,0.08327861
0.66489726,4370.1084,2.8571134,11.071778,0.09659615,0.07483301,0.05898461,0.069725186
0.61582977,3598.163,1.3084962,2.7801518,0.099049956,0.1432542,0.06793075,0.0829362
0.6278596,2444.5698,3.473574,1.1804788,0.087804966,0.15188098,0.065412186,0.080108464
0.6244326,2100.2136,1.7935058,0.75469625,0.09573428,0.13171518,0.08870216,0.054312684
0.58252937,2295.383,0.80527365,0.6228588,0.07605808,0.12684692,0.0925512,0.061704893
0.64795613,1983.6536,2.4666657,0.79212344,0.12942266,0.13206926,0.06532005,0.15070993
0.59381187,2390.5125,1.7214748,0.76101065,0.122026615,0.123488456,0.061336823,0.0951193
0.58492607,2819.5764,2.9041145,1.0865452,0.12698048,0.118426144,0.07458904,0.07444905
0.66418725,4368.363,0.15788148,11.0663395,0.12130344,0.093321204,0.080449,0.072866686
0.641772,4376.419,1.8166139,7.256083,0.0799765,0.105988234,0.0635169,0.048696987
0.6565171,2724.807,2.5214155,2.410951,0.1311949,0.08357781,0.11591792,0.08897639
0.5182882,1743.1941,1.8730341,0.22387066,0.17389405,0.11809696,0.0521497,0.052253757
0.5254823,1668.1287,1.5249131,0.21185628,0.15356664,0.11375411,0.052507274,0.05926882
0.52597296,1684.0005,1.5727932,0.22509515,0.15514728,0.11273701,0.051329933,0.059923656
0.52802056,1678.4354,1.5230047,0.22477017,0.15883362,0.10829443,0.051265564,0.061026327
0.5215055,2056.3604,3.4445138,0.3293082,0.14064257,0.08251533,0.06062743,0.06913041
0.6366368,1982.9747,1.4198252,0.7427331,0.09976231,0.10116506,0.103987016,0.055181798
0.71625143,2230.0205,2.9481199,3.3308547,0.10212314,0.09096743,0.07095771,0.055642325
0.66303,2090.1238,1.7762293,1.1656406,0.08669021,0.13451958,0.056952883,0.05771566
0.7022086,2115.8833,2.6042743,2.1084666,0.101204,0.11322786,0.071334094,0.07083966
0.673156,1979.7004,1.3353537,1.198764,0.10195066,0.08634619,0.07228962,0.09563443
0.6209497,2336.6785,2.1125536,0.9965428,0.103203095,0.13269824,0.06540197,0.06160144
0.6258344,2522.6787,1.2487975,1.3123283,0.18603516,0.06989349,0.06123432,0.17706762
0.61965615,2249.8447,1.1483766,0.87280214,0.20518196,0.08020979,0.05936758,0.1230941
0.6175412,3275.3748,0.7312637,2.2876792,0.27048302,0.13252902,0.11465463,0.05571398
0.62655014,3631.2424,1.1874372,3.1604688,0.26188615,0.11048441,0.10589766,0.054168917
0.6145672,2814.823,3.6204863,1.5636382,0.110678054,0.11398944,0.06425194,0.06045585
0.61778325,2364.169,0.1392596,1.0267819,0.090831265,0.1267652,0.13294898,0.08034128
0.61942667,1933.9584,0.3602857,0.55902696,0.08744344,0.12784767,0.09655003,0.06680909
0.6428648,3341.245,4.65998,3.4900491,0.09747818,0.08030334,0.12512693,0.088476986
0.6750293,2853.3862,0.34416837,3.5130937,0.13448815,0.11216838,0.047357697,0.0579997
0.6492088,3198.863,0.25132185,3.2489953,0.1286199,0.08759241,0.061805103,0.047061548
0.58400965,1945.5007,1.4022273,0.44714117,0.14809732,0.11632595,0.087110616,0.0615365
0.6197326,2887.4448,3.2108784,1.7170904,0.13653338,0.08585778,0.09532223,0.070141934
0.5738045,3019.0706,2.8339672,1.1582618,0.15853386,0.08682135,0.088007845,0.056279525
0.63940257,1941.84,1.461922,0.70295566,0.12022545,0.15924871,0.12644373,0.06155631
0.6364112,4361.467,2.6299927,6.801647,0.12071635,0.26465812,0.07017698,0.07887494
0.6342416,4772.9126,4.1392803,7.539159,0.122097015,0.227275,0.062382348,0.08199109
0.6663057,3962.6882,0.30212587,8.499283,0.10398892,0.058866687,0.09689529,0.057446077
0.6769541,3666.6553,0.3785703,7.6887336,0.085172586,0.081642,0.08266035,0.049130492
0.59783345,2702.8057,0.54131764,1.1796286,0.120623685,0.10449075,0.088740125,0.09146534
0.7089055,2050.5735,0.4523197,2.11468,0.102401555,0.12251502,0.09046388,0.05961743
0.676156,2167.1245,0.33318454,1.5875516,0.105785236,0.15338296,0.069127694,0.04761028
0.7074401,2118.0671,0.38250092,2.2226374,0.10372655,0.09493381,0.101692826,0.069736704
0.6066106,2179.5496,0.40557447,0.66159964,0.14516075,0.10510926,0.09112133,0.050852716
0.6021416,2159.1177,0.75240713,0.68050635,0.13792874,0.08852522,0.07938538,0.044040877
0.65670675,2045.6261,0.4154562,0.95805055,0.1475082,0.07911458,0.0692004,0.079789
0.61784714,2825.3445,1.06376,1.4902375,0.08486337,0.14440241,0.06199668,0.06799855
0.6469055,2058.4048,1.6916599,0.9506189,0.14397788,0.0719773,0.09950363,0.0681738
0.6479143,2048.953,0.9403243,0.8946056,0.14583403,0.08172787,0.09971176,0.06702864
0.6468089,3373.7136,2.8121705,3.6642451,0.08288621,0.25192916,0.051210664,0.069288954
0.63244075,4089.6511,0.6559318,5.0343833,0.1573849,0.08611609,0.11658595,0.06872663
0.6559998,3616.368,0.55963415,5.1260757,0.07839054,0.104461856,0.048939303,0.05618364
0.6290507,2363.086,3.415395,1.1579759,0.159537,0.10210428,0.1270628,0.11876182
0.6422391,2167.469,0.80147797,1.0434203,0.16888854,0.092487305,0.15252058,0.06489719
0.5850606,1940.9011,4.5221443,0.46453464,0.08501544,0.06577193,0.075702265,0.06423028
0.67952996,3079.7065,0.4006608,4.669964,0.13108101,0.16010731,0.09091611,0.06766235
0.61262214,2267.3826,1.503871,0.82945156,0.12265686,0.10489414,0.08728737,0.062347643
0.65391874,2329.4944,1.098503,1.4758477,0.079377845,0.09964215,0.07432049,0.05360343
0.61663914,2142.624,1.8860012,0.76895887,0.072393626,0.084804274,0.0719507,0.05976752
0.6267237,2541.6143,2.7649393,1.3151771,0.078003764,0.07406579,0.071559444,0.073700555
0.62711257,4308.309,1.7473605,5.1029015,0.13654219,0.13023563,0.08474186,0.071762
0.6617955,3202.724,2.3858738,3.954196,0.0925143,0.1125217,0.07181726,0.06748777
0.6572918,3028.636,2.3560455,3.5167718,0.1283,0.071432754,0.09715135,0.06420632
0.6560275,3124.7244,2.2321572,3.3742876,0.13136362,0.06947094,0.094722256,0.06306799
0.61845183,3946.2598,0.5581126,4.1107206,0.17053992,0.07174578,0.08678039,0.09110043
0.57751006,4708.914,4.0036926,3.4307384,0.10005988,0.1457901,0.07215572,0.0762038
0.59098315,3752.994,4.5165496,2.375618,0.10921436,0.13440718,0.070683114,0.0639852
0.64652526,2159.9563,2.0074492,1.0312475,0.16038506,0.2109541,0.087411135,0.06750726
0.58551276,2816.0974,2.9207706,1.0125221,0.19091356,0.16749555,0.08231269,0.06912858
0.64327234,2555.347,1.3980777,1.7418094,0.0931731,0.108064055,0.07675346,0.07327688
0.637556,2881.5608,1.9557854,2.1685696,0.09855305,0.112437576,0.08143654,0.06403623
0.741989,1834.1449,2.0314353,2.4880726,0.17911902,0.06923149,0.06981398,0.054407943
0.726707,2027.8511,1.0455382,2.5779285,0.11446715,0.107434586,0.08675547,0.054760553
0.7342252,1906.3785,1.5240029,2.4681509,0.13271551,0.12793414,0.103421554,0.050685313
0.65778637,2348.0266,3.079264,1.5476322,0.11017651,0.07271647,0.046667613,0.06529727
0.6394115,2229.7078,0.86302936,1.1632712,0.08682236,0.10372519,0.082724914,0.0754529
0.6310993,2402.8416,0.6563152,1.2221359,0.09395687,0.111073785,0.08343452,0.07085086
0.70249146,2415.8079,3.018616,3.4383411,0.118844815,0.122385226,0.084654525,0.07243439
0.63950855,2952.6462,0.70784044,2.3821828,0.09229199,0.10468253,0.06418457,0.07352387
0.65579385,3891.6445,1.1643183,6.777138,0.1179077,0.097686715,0.06697188,0.048837513
0.6211794,4188.3516,1.5675716,4.52959,0.09558451,0.12500224,0.05535361,0.067267224
0.63158196,3629.1638,2.9149888,3.5507772,0.0983921,0.1228779,0.05684524,0.051164363
0.6318809,3879.3484,4.0344043,4.689988,0.081513114,0.08837781,0.052114844,0.059010338
0.6250564,3291.9558,1.7735041,2.4169493,0.09752984,0.1073048,0.061418142,0.067257136
0.7201829,2898.7021,0.8521576,10.336989,0.15982755,0.10058396,0.10054907,0.071598575
0.60485464,5208.588,3.2010663,6.068943,0.09744942,0.11615537,0.06664861,0.06797482
0.64534503,4524.302,2.467594,8.31964,0.1042798,0.11683371,0.0729507,0.06398925
0.66266465,3989.0217,1.436549,8.142041,0.21062541,0.09740998,0.059450466,0.060828727
0.67640126,3874.253,1.039754,9.639265,0.18241027,0.1522343,0.08630737,0.061907895
0.62912214,3380.299,2.847853,2.936051,0.07492852,0.074106075,0.07075715,0.07508232
0.6609006,4267.902,1.2062246,9.763025,0.18159276,0.1300822,0.08244799,0.05152829
0.63882136,3471.9321,2.540468,3.6890028,0.13439128,0.081753016,0.08010292,0.08616322
0.6440302,3275.2942,0.86150813,3.0297434,0.12434411,0.1159051,0.09124483,0.072664335
0.67395586,3650.0256,2.1493597,7.46619,0.10088949,0.101597756,0.052372172,0.09572749
0.6189306,3986.2573,1.6835794,3.854742,0.090242624,0.09833767,0.07818399,0.05367113
0.66899025,3930.9395,0.71109635,8.875308,0.117707044,0.09758846,0.08601125,0.06847185
0.63341194,2983.042,3.2045593,2.3158257,0.09643822,0.09109485,0.16015643,0.07180979
0.6718577,3587.8223,1.0118133,6.842063,0.11165449,0.08796254,0.047627993,0.053326856
0.6589881,2838.972,2.2509294,2.658095,0.098024234,0.080666095,0.09923627,0.058112286
0.6401655,3446.359,2.2114763,3.7624137,0.094334394,0.09428947,0.09377795,0.06298779
0.6216528,4595.2793,3.2746372,6.0254507,0.12918149,0.0912887,0.07901157,0.05263079
0.62037754,4547.6924,1.1739751,5.8999987,0.10271179,0.109133825,0.070528485,0.059112273
0.60775185,4093.2815,1.0765704,3.4170868,0.11504623,0.09033835,0.07568561,0.052619286
0.67323107,2807.3835,2.7895734,3.1492918,0.09546028,0.16120169,0.07391318,0.06038244
0.6537201,3026.334,2.537307,3.0556438,0.06907624,0.1379342,0.11229326,0.057185102
0.64895016,3730.3958,0.93883026,4.8798175,0.22007672,0.11033102,0.049849033,0.06525636
0.66470027,2859.007,1.8580358,3.0552826,0.16855367,0.13617024,0.06763488,0.07840839
0.68347794,2570.7559,0.7804879,2.8881307,0.1549863,0.11891196,0.05607507,0.08303978
0.6649146,3659.3926,1.5481148,6.499773,0.11980989,0.12381065,0.074337095,0.100853965
0.5969615,1696.6669,0.5261118,0.3551247,0.11392277,0.06518817,0.08316163,0.05322916
0.52301204,1894.402,3.1822302,0.27974206,0.12822667,0.095356345,0.09399413,0.06548777
0.49145615,1680.4835,3.1947908,0.1745095,0.12913771,0.086327374,0.09171467,0.068896025
0.56781733,1807.2458,1.7261709,0.34524763,0.10992992,0.1644141,0.07607181,0.049566157
0.55455035,2878.535,1.7536284,0.82973236,0.089692846,0.08682222,0.08908437,0.059820093
0.602046,3467.552,2.8850827,2.2872753,0.10139649,0.09858406,0.08880219,0.08426875
0.6105284,3584.7068,2.5521684,2.8890033,0.094221644,0.10670929,0.08673658,0.07542391
0.6266832,4465.7783,1.237986,6.292164,0.09915047,0.1369425,0.08570952,0.042604297
0.6580918,3852.1223,2.0569715,5.9007893,0.119456574,0.08925691,0.07159072,0.17408562
0.6796066,3814.1152,1.1989969,10.010628,0.13288268,0.10563147,0.07655132,0.09123479
0.6890603,3600.3699,1.8430753,9.848585,0.120325245,0.116905406,0.07408449,0.12032963
0.62626034,3697.291,1.3053671,3.22334,0.100440055,0.10237658,0.07947061,0.043516017
0.67325497,3627.566,2.7541685,8.201069,0.113638744,0.09481931,0.08477478,0.124408424
0.67815614,3666.194,0.37114108,8.149452,0.13262172,0.12268871,0.078379855,0.04551128
0.6419162,4685.161,0.05406919,9.487983,0.089150235,0.080842644,0.07271008,0.10917198
0.6610788,3712.9612,0.17999326,6.621951,0.12034229,0.1593779,0.07296973,0.105812654
0.63880825,3752.167,0.21194865,4.9104915,0.10485396,0.096068725,0.09694352,0.068218775
0.6539361,4158.0625,0.67296076,7.8147564,0.1068134,0.13529831,0.1284299,0.06263482
0.64968085,4433.198,1.2995086,9.112345,0.13491717,0.084486924,0.059849996,0.07151989
0.6591872,4286.738,2.120876,9.175326,0.16774805,0.09072835,0.0796692,0.08078024
0.67358726,3728.484,2.833354,8.7546,0.19856699,0.10150403,0.09287484,0.085544564
0.6829386,3501.7476,2.641203,8.378054,0.17830974,0.10742411,0.09821588,0.0903098
0.7056518,2360.4412,2.2534244,3.0456257,0.13617294,0.08500263,0.13513489,0.08696214
0.70114166,2432.3687,2.5026503,3.2143078,0.11670058,0.08238946,0.16573316,0.06574271
0.71137714,2249.0923,2.4195747,3.1082888,0.11140408,0.07705201,0.16845389,0.06543059
0.7071665,2096.4978,3.0397813,2.2162883,0.10585434,0.106001884,0.08364565,0.05901089
0.5541302,3167.8198,0.9581847,1.0978888,0.11156502,0.11320135,0.06476324,0.08424617
0.69642127,2249.3354,1.8381958,2.3812509,0.104501665,0.09491959,0.06263433,0.07704558
0.674266,2581.1213,1.9496753,2.6255198,0.095602676,0.090876125,0.11534015,0.15289892
0.60571325,5640.386,3.8145695,8.315737,0.1373183,0.11311556,0.08727684,0.11229149
0.6298737,4427.345,1.5443951,6.1995487,0.16723816,0.13396475,0.07563342,0.0993188
0.5974071,5114.8057,1.734076,5.5140724,0.20108695,0.078942835,0.08933066,0.08129279
0.62065977,4452.775,5.9752135,5.6791925,0.2479945,0.112753354,0.10556133,0.08321754
0.6475151,3686.353,2.4019432,5.181302,0.24184777,0.10612637,0.09978627,0.07224996
0.6921703,2872.5051,2.119398,4.733882,0.17791808,0.09110445,0.057160117,0.052869797
0.6826643,3124.997,1.574416,5.3233476,0.18270424,0.09394247,0.068115786,0.048390042
0.64011943,3005.2695,2.2013023,2.6563902,0.069692396,0.09660175,0.08519763,0.102923244
0.67069507,3269.9062,1.4738278,4.8910174,0.10127801,0.08379569,0.0976333,0.09626226
0.61191386,5712.1875,3.6231003,9.596384,0.10273998,0.10206886,0.050448857,0.06477891
0.6855271,3142.6147,1.4403579,5.503145,0.116930716,0.12331188,0.091698185,0.05935269
0.6836631,3063.7512,0.97632885,5.4420066,0.107485056,0.13159175,0.07901443,0.053653397
0.6084732,4952.3755,3.5832717,5.5765743,0.10617509,0.16108015,0.057041578,0.06040316
0.6827807,2218.956,0.51491827,1.8609536,0.10023017,0.06725542,0.12754335,0.074372
0.64916533,2353.8872,2.4541216,1.5422615,0.094111115,0.11150474,0.13412684,0.0627571
0.6767469,3856.112,2.1565819,9.924837,0.12330535,0.09750055,0.056918893,0.11938309
0.6427328,5269.068,4.1568375,11.496373,0.14857857,0.12729327,0.081965275,0.13908201
0.72974974,2069.7554,0.28917772,2.642789,0.21390814,0.08246158,0.075410515,0.053867333
0.68607587,2987.7585,0.91756654,5.5129957,0.18079782,0.077537306,0.059157673,0.0484849
0.61508757,3691.0938,3.5294967,3.0276585,0.070433825,0.1323309,0.077304244,0.07262685
0.6718329,2878.2654,0.42353138,3.4036703,0.20918685,0.077059835,0.07904058,0.055848703
0.6924671,2542.8928,1.9064817,3.4610982,0.10799389,0.08972725,0.08628206,0.06891787
0.5948084,2514.9587,1.8664405,0.8624595,0.112189695,0.117331535,0.07692048,0.06638249
0.56455755,2507.2585,1.9940999,0.67770994,0.1153964,0.1258986,0.06702902,0.09656976
0.5772182,3430.1614,1.1380999,1.6142645,0.11814847,0.1064279,0.08349165,0.07495865
0.6838832,1960.586,2.5311322,1.3254044,0.116718665,0.10684093,0.06431563,0.053819824
0.6227427,5461.049,1.6201023,10.04768,0.10142079,0.08569722,0.07727356,0.07330944
0.65904814,4364.926,1.7614801,10.774318,0.12643586,0.1438115,0.10615137,0.078502685
0.6348991,3818.1404,2.0959942,4.8453355,0.1472933,0.07284456,0.108986005,0.07116976
0.6764996,3396.9736,0.50832546,6.113796,0.10804025,0.12530121,0.12720367,0.060495444
0.6221244,4550.6514,0.7657758,5.8241076,0.12128097,0.089007795,0.068658106,0.06897148
0.692561,2769.0347,4.180528,4.403797,0.08828509,0.09292561,0.057804015,0.06139308
0.680203,2679.8245,1.0727904,3.2829366,0.0816169,0.14708123,0.07690735,0.08006185
0.66205573,3304.0684,2.1694713,4.4798827,0.08434431,0.062661275,0.066521466,0.064286985
0.5995404,4935.1543,2.0242362,4.849041,0.1381863,0.15969042,0.15592593,0.057909112
0.59302944,4667.785,2.7474885,3.7871046,0.13426884,0.16319859,0.1635952,0.05826617
0.6727895,2864.4038,0.8037228,3.1131094,0.11051136,0.17215249,0.04344149,0.07789542
0.6466668,3511.28,0.90491277,3.9450545,0.110260524,0.16393694,0.052088223,0.076409124
0.66846377,2920.8762,3.1463904,3.7346363,0.09397788,0.14064658,0.08792876,0.055564072
0.65240717,2997.9033,1.8697301,3.018544,0.124558635,0.11821167,0.084465876,0.057517685
0.6388334,4533.058,2.0225465,7.723614,0.10452473,0.08846003,0.09308202,0.0849412
0.64949244,4461.1846,0.30487165,9.102863,0.12532529,0.08730042,0.06636889,0.04831503
0.61553097,5197.5493,1.2517936,7.574376,0.16095321,0.08968914,0.07827161,0.10698286
0.69264334,3445.205,4.1144495,9.574947,0.1566685,0.12556417,0.08100498,0.06606221
0.6293401,4919.776,2.1989565,8.054741,0.09367059,0.1015086,0.08286301,0.053863328
0.65461266,4314.231,2.1408467,8.9846,0.10203217,0.08273624,0.070589565,0.061006717
0.68295336,3986.5566,3.25925,11.549706,0.09073518,0.110066086,0.054266877,0.074299306
0.64407367,4178.7993,0.6944655,6.4210734,0.08585329,0.11264971,0.07694999,0.05014354
0.6221907,3861.569,0.90110767,3.6817138,0.12807143,0.10683955,0.09069154,0.068346605
0.66825503,3397.2893,0.93712765,5.334585,0.1128939,0.11901186,0.07417486,0.06398625
0.6643493,3630.4524,1.3387098,6.315971,0.12526418,0.16642675,0.07943189,0.06165569
0.6660001,3692.0144,1.307168,6.2491317,0.12510999,0.16569446,0.08015613,0.06175698
0.56659436,1670.7979,2.765998,0.2804233,0.108669326,0.08329569,0.090901695,0.08137697
0.6378014,2664.0627,0.8511673,1.8808779,0.18895067,0.10185385,0.07194023,0.117778935
0.6775782,2777.3044,0.6639584,3.495765,0.16707388,0.100551374,0.06800769,0.108813524
0.69041026,2574.3113,0.2989061,3.6175663,0.15583006,0.11020972,0.072276935,0.1203944
0.6961163,3052.8967,1.3382739,7.3514233,0.17363046,0.11802555,0.074693054,0.1192435
0.6997551,2131.1191,1.5278056,2.0562751,0.13464573,0.14730647,0.05783379,0.15210243
0.6318869,3699.4387,0.7135486,3.7244687,0.12926976,0.10246073,0.086431205,0.11833425
0.62142384,3844.4534,0.6305459,3.575363,0.12868145,0.09364922,0.07816731,0.10368595
0.60633296,3903.4287,1.7994795,3.286625,0.12910557,0.09086327,0.06558593,0.1161538
0.60909355,4564.598,1.370276,4.8405957,0.0871323,0.15291843,0.069846064,0.07237121
0.61832154,3944.8535,2.7745874,3.4036357,0.11097328,0.12685612,0.069149055,0.069037594
0.6257326,3779.4756,2.3554788,3.8419483,0.10302786,0.08227855,0.0764198,0.077214286
0.66631484,2947.4792,3.181686,3.4635797,0.1045605,0.11834063,0.092769146,0.07143698
0.5839987,5141.072,0.790084,4.636569,0.13306932,0.10414909,0.091517605,0.07272083
0.6658943,4329.1514,2.9489088,10.612658,0.084412225,0.11991986,0.04935617,0.07710479
0.5327749,1491.0596,0.7706232,0.1703892,0.15430476,0.09320198,0.13776015,0.06391739
0.5434232,1633.7523,0.66429067,0.24837817,0.16739435,0.10946835,0.14566304,0.055534113
0.5582226,1870.0371,0.92486596,0.36148256,0.16877866,0.13797413,0.1860584,0.07023526
0.6328733,2117.2717,1.8670026,0.8122508,0.11270067,0.15004693,0.12417655,0.0663644
0.5962445,5019.492,2.3191118,5.176747,0.08054006,0.08539019,0.08025113,0.05737226
0.5827954,4101.654,2.2326417,2.4825807,0.13720533,0.13403232,0.08271961,0.06276247
0.61655813,4395.5537,2.3403718,4.9341536,0.09644213,0.12289938,0.060188636,0.066410206
0.6735474,3416.8599,1.677324,5.962507,0.12973571,0.12034915,0.08602843,0.07015999
0.70114475,2360.259,3.1655903,3.0739164,0.1500087,0.121654786,0.121382825,0.06112548
0.6390535,3538.0095,0.50161505,3.88214,0.14487498,0.11474972,0.086142845,0.08580279
0.6532255,3256.1003,0.35065693,3.8335855,0.15466163,0.10939047,0.09073272,0.07911445
0.697424,2318.422,0.7104794,2.6605673,0.16189626,0.083119035,0.094603725,0.052420467
0.66582316,3468.1282,2.0858355,6.050618,0.199705,0.06928292,0.089789554,0.045262083
0.62312716,3757.906,1.1718793,3.6702087,0.23648967,0.13020067,0.07830725,0.12467525
0.62266064,2155.0867,1.9598792,0.8313954,0.13779819,0.083227605,0.075549945,0.044131283
0.7101828,2626.91,1.1626657,5.17496,0.11377765,0.13776055,0.079537146,0.1405807
0.6267603,2405.6335,1.2479712,1.2160063,0.104302905,0.07428715,0.09555505,0.06589632
0.616904,1808.5928,1.4308113,0.5019204,0.08864379,0.10663943,0.08474141,0.07164005
0.5769274,1772.883,4.6199985,0.36243704,0.11639184,0.10843128,0.0691997,0.054193128
0.62897855,4121.881,0.39087224,4.6715603,0.24287999,0.117833346,0.090822905,0.09296037
0.6109,5197.5156,0.24195857,6.556679,0.20800182,0.08530706,0.08660349,0.08644566
0.6407939,3292.329,0.34980068,3.0377793,0.11905485,0.075758815,0.067187265,0.07150606
0.71610475,3013.3413,1.0565288,9.711905,0.14342782,0.10396587,0.08882863,0.07439703
0.6285931,3978.7114,4.0473566,4.296816,0.13184541,0.09089446,0.08434423,0.053779956
0.6468811,4213.85,0.978128,6.6475954,0.16468376,0.15489726,0.059504353,0.0757151
0.6702922,2980.701,2.6482167,4.1087756,0.0783877,0.0794745,0.10747478,0.058748953
0.6140097,4095.91,0.6000589,3.7527528,0.117814265,0.10606205,0.07674602,0.070133105
0.749373,2213.038,0.4334058,6.7686515,0.15717718,0.10112409,0.08212295,0.057507563
0.64882684,4168.4316,5.2347784,7.2740192,0.12326111,0.08582378,0.09355949,0.07011
0.64626014,4031.9282,3.6171165,6.149262,0.11001408,0.07778757,0.09523457,0.074287824
0.67440414,2810.5002,0.3970266,3.2229724,0.108080186,0.13362974,0.06750824,0.06159975
0.61241347,4126.6064,2.390226,3.642521,0.19416448,0.14200036,0.09110184,0.06799087
0.68480116,2370.838,2.1978698,2.382362,0.09499188,0.116948225,0.04210154,0.074690685
0.6821229,2696.1873,3.699801,3.5563786,0.099276856,0.08041644,0.06617999,0.08063767
0.66735476,2357.8933,2.2637517,1.8414568,0.08868721,0.092370644,0.05366124,0.077760234
0.57654583,2137.8994,1.8027109,0.506547,0.11631841,0.09619862,0.12089861,0.069398746
0.5449347,2126.812,2.2516315,0.4158901,0.085663736,0.10381891,0.07067993,0.05962539
0.5783797,2148.1917,2.1320138,0.51443076,0.095212616,0.11304217,0.09984157,0.07299498
0.6114634,2923.987,2.042612,1.6317999,0.092541255,0.17108032,0.09595567,0.08128184
0.6126132,1818.7969,2.124836,0.47875893,0.14358316,0.18463787,0.17803943,0.052113466
0.61810476,1923.7466,2.3701737,0.56662285,0.14088203,0.19939749,0.19244786,0.049884334
0.6060002,4912.3213,1.4938117,5.4480486,0.16773534,0.2063652,0.08045179,0.063850544
0.67059517,3128.5435,1.4843538,4.55483,0.10438607,0.06306115,0.0623736,0.062228527
0.6332492,3349.1494,2.401146,2.9294872,0.10580965,0.075245716,0.059521437,0.049071703
0.659882,3242.8374,1.5743556,4.3878546,0.08710702,0.07242375,0.067614146,0.04881102
0.6584671,3045.5142,3.1427794,3.5062652,0.14323452,0.11470655,0.06068425,0.08049084
0.673563,2924.2356,0.8024719,3.9247453,0.12560037,0.08384407,0.07828659,0.06043007
0.633017,4041.389,4.1691403,5.1144686,0.11172916,0.08795918,0.070820175,0.048613083
0.64876366,4149.912,4.144728,6.86954,0.12584373,0.07922831,0.07497397,0.049131475
0.66620594,4251.328,0.1072971,10.419566,0.10111915,0.12243813,0.07953402,0.095654845
0.67989576,4004.2534,0.29848742,11.678406,0.082525596,0.09632262,0.06545961,0.07379796
0.63593423,4931.5576,0.23040539,9.015884,0.10656356,0.09934528,0.11388187,0.045956664
0.68185234,3878.4556,0.08964375,11.502838,0.0767561,0.104580775,0.12014625,0.069145426
0.67077196,4232.1875,0.27777544,11.868473,0.11297449,0.07812731,0.073602274,0.058613006
0.75334203,2518.3113,0.4101299,11.526184,0.078964844,0.09130019,0.07101592,0.06062308
0.52197915,4176.969,1.157601,1.4221327,0.11614258,0.17450073,0.08251574,0.0916111
0.54962355,3519.5085,1.1285731,1.2596925,0.116617024,0.20392789,0.06470436,0.09615739
0.6237626,3372.4524,1.5169269,2.7171445,0.15954328,0.114676945,0.06525382,0.07918359
0.6135446,3600.2043,1.6139991,2.7878757,0.16576004,0.08958741,0.074493706,0.076975115
0.6448373,3295.6238,3.1051226,3.326085,0.15946402,0.09690005,0.06511174,0.092422895
0.65860325,3596.7908,0.98819107,5.281316,0.07848446,0.10024769,0.087230176,0.0569085
0.6473303,3597.6023,2.7933552,4.8498545,0.24826956,0.0947779,0.07236607,0.076631844
0.6119315,3190.2925,2.1408594,2.2342067,0.18947235,0.06947456,0.08274746,0.08936336
0.658489,4222.9263,1.3189514,9.394715,0.12547155,0.13738362,0.08188549,0.05812488
0.65293163,4410.998,0.37577283,9.400505,0.1324815,0.12406776,0.0644128,0.05597605
0.6084839,5100.312,4.3466783,6.33559,0.14528547,0.079907805,0.08221544,0.074295655
0.6289652,4182.9946,1.0371649,5.104644,0.107498206,0.119894445,0.12026258,0.097341046
0.6113596,3265.152,0.8008258,2.1758852,0.1248178,0.12054491,0.11558,0.10460529
0.7009716,2668.7285,3.3371837,4.7905917,0.105849974,0.10188838,0.10149367,0.049138166
0.6509114,4464.5044,0.92879534,8.867282,0.10873705,0.08002195,0.049559116,0.07883395
0.6549557,4249.82,0.525863,8.527136,0.10075471,0.08755687,0.07930271,0.086876184
0.6280588,5315.4355,3.8887835,9.72471,0.102254756,0.11203552,0.113933496,0.06403612
0.6831079,2577.4385,0.3237216,2.801803,0.08031891,0.08180382,0.048433673,0.067157395
0.67721254,3078.3423,0.3745885,4.622981,0.07922937,0.09458618,0.06602254,0.11506477
0.66349083,4165.803,1.5336843,9.810942,0.18726853,0.09019457,0.08882503,0.05107718
0.68519616,3641.4773,0.98916364,9.717417,0.1542132,0.10090204,0.08575528,0.05567947
0.5874109,1564.9547,3.3059123,0.28864527,0.08108494,0.0880171,0.06593949,0.10676973
0.5975537,2822.616,1.0521878,1.2508267,0.099748164,0.07513833,0.10818194,0.057015814
0.68783414,3232.3464,1.03708,6.598896,0.12324727,0.14435649,0.10001435,0.054987505
0.69217473,3399.5972,0.7283557,9.047787,0.12070939,0.14757206,0.106297955,0.04452578
0.67921966,3719.7522,2.7556384,8.8059,0.14892858,0.1119513,0.058639172,0.0663742
0.6377064,4691.131,2.9604118,8.544304,0.1016074,0.10989533,0.083328344,0.07526348
0.68739104,3568.0017,2.0575244,9.012575,0.10726797,0.13515681,0.059690934,0.052337807
0.5767401,3170.9128,4.0963745,1.3612071,0.14397965,0.113468885,0.0682123,0.06828798
0.5535217,4075.1484,2.8226492,1.8057036,0.12597108,0.09528957,0.076982915,0.06437237
0.5662656,3071.5786,2.6018066,1.1506363,0.11780728,0.11576707,0.075343445,0.07260752
0.57892054,2950.9739,2.4516673,1.0528353,0.11998555,0.10756243,0.07366879,0.0708628
0.59857297,2573.3394,0.8593431,1.0604233,0.11924936,0.10037212,0.08028822,0.0901191
0.6611101,2240.538,0.641741,1.5429473,0.08949135,0.12175852,0.080065995,0.045533787
0.6743655,2149.409,0.17918149,1.5058622,0.102169216,0.09123367,0.06040015,0.049044415
0.69311965,2642.1895,0.13182381,3.705964,0.09719844,0.094112195,0.06594886,0.056335386
0.59478134,4166.135,3.9149218,3.2478955,0.15290627,0.11038086,0.08788468,0.085742995
0.6356838,3794.4897,0.69440544,4.281575,0.1645649,0.1269201,0.08470934,0.094102256
0.6876122,2831.582,1.9456972,4.3422875,0.13353193,0.123542175,0.0767952,0.07167545
0.58548206,5428.902,1.7204782,5.4397397,0.15288475,0.07655915,0.10341283,0.101768665
0.5755145,4763.8867,1.3038511,3.4088726,0.17163785,0.08396934,0.09723103,0.12053278
0.62396765,3100.3408,0.7490804,2.2160308,0.18289198,0.08587809,0.10610969,0.09284699
0.5866654,5059.695,4.947546,4.3981004,0.14141738,0.10162811,0.0694748,0.06728824
0.685836,2429.5518,0.1838776,2.6287417,0.09339466,0.10598247,0.086134076,0.07892521
0.6728945,2463.9028,0.1320748,2.2678003,0.08634781,0.102211416,0.07231979,0.0857318
0.67590296,3202.4763,0.090591595,5.208722,0.09477195,0.082391165,0.060904466,0.06608679
0.6513784,4218.776,0.22213212,8.108922,0.08673268,0.081167236,0.102656096,0.06568953
0.65260637,4264.1445,0.2484235,8.394739,0.092273995,0.08730315,0.09971587,0.06470015
0.63372165,5153.8037,0.1518687,9.629925,0.09736024,0.12742144,0.053803194,0.055394486
0.67166024,3883.9597,1.9805098,8.796818,0.11691173,0.080812335,0.10630602,0.081928484
0.68078774,2605.0737,1.8173712,2.8470123,0.17271826,0.1042133,0.07518637,0.048401777
0.6531858,3437.5518,1.490796,4.458885,0.1280983,0.10004454,0.06603579,0.061506417
0.62128776,4253.386,2.7734518,4.5818005,0.17757231,0.09662983,0.04563226,0.052626938
0.62279415,4777.9595,3.0975525,6.7572308,0.18325552,0.16665035,0.058110263,0.05457849
0.61325276,5674.3716,0.4249761,9.444834,0.08998775,0.080911346,0.07800676,0.06662233
0.69144785,2865.9072,4.060968,4.784696,0.16894811,0.12541515,0.073619194,0.062266294
0.5916687,3853.7825,0.666852,2.3918476,0.20542064,0.14533569,0.067163795,0.06579938
0.7380537,2542.4448,2.1033978,9.034879,0.14822757,0.08043907,0.10229614,0.06384879
0.5914796,5685.6167,1.0824279,6.7976356,0.114617,0.16506274,0.087132856,0.06648412
0.6419139,4062.2644,2.1673064,5.3395224,0.08558088,0.1323059,0.0719446,0.05828757
0.6376936,4240.9155,2.0131583,5.6954923,0.09622736,0.14041872,0.07733564,0.06358856
0.61682296,2738.128,1.7433912,1.3513522,0.1916694,0.13040774,0.07517695,0.08232931
0.57300854,3115.6423,0.66755027,1.307404,0.1447268,0.09927951,0.08478068,0.074924774
0.5876733,4281.002,1.5048258,2.889727,0.19666749,0.08533475,0.060619988,0.073757775
0.6260094,3882.8823,1.6119882,3.9352982,0.13222858,0.11942169,0.04512301,0.07674713
0.5743242,2864.7778,2.655257,0.9768867,0.15222834,0.09238236,0.06728019,0.061613735
0.6256437,2795.3518,0.16812888,1.6459905,0.1090129,0.07418579,0.06343818,0.059385203
0.6701386,3230.7786,0.2157263,4.6956406,0.084448844,0.08958246,0.07168726,0.058177747
0.66000986,2947.4048,0.04550619,3.2513452,0.114228114,0.07081003,0.060822304,0.07351577
0.7377122,1980.6019,0.10210965,2.6538756,0.10798432,0.10162145,0.066120535,0.11205072
0.6355373,1849.2737,0.33711737,0.59928775,0.13006084,0.10351231,0.10259627,0.08504948
0.63351464,5143.045,2.1058,9.857229,0.10779625,0.094561465,0.056959156,0.053756587
0.6333945,5183.1265,2.8558135,10.117624,0.100029804,0.089398414,0.067727424,0.059443776
0.6372872,4646.7773,5.6199994,7.9067216,0.06441815,0.0801996,0.076823175,0.056259282
0.6367221,4708.2964,4.461579,8.321834,0.07069035,0.08541927,0.08719144,0.05732525
0.67394894,3852.3054,0.35689074,9.563875,0.12144127,0.14088087,0.12620872,0.05751276
0.6969066,3030.345,0.5894155,6.8348207,0.08825269,0.104728684,0.098471776,0.057856686
0.6477352,4470.9556,0.5341361,8.4897175,0.09893398,0.09649188,0.084964395,0.06915849
0.6444402,4596.301,0.50329286,8.61039,0.08695223,0.092820674,0.08631212,0.071918316
0.69218075,3468.3425,1.8742138,9.735384,0.13100037,0.10882878,0.062266637,0.049831044
0.5796622,6458.9653,1.9288977,7.3109636,0.17635192,0.13799809,0.09309633,0.074177064
0.6929332,3522.5813,1.0656712,10.233334,0.24031387,0.08204442,0.081433706,0.118079305
0.7003303,3290.353,1.2804158,9.830202,0.19370188,0.079175815,0.07091969,0.115792796
0.702296,3048.101,1.3719097,7.394161,0.10030014,0.11455534,0.08848701,0.08070964
0.65764755,3537.8176,2.8638191,5.0568,0.11443716,0.11755487,0.091713645,0.073004656
0.65855056,3287.354,3.033257,4.303558,0.11039017,0.114436895,0.087509766,0.06940879
0.666148,3271.348,2.936189,4.889912,0.09586665,0.111980155,0.079445265,0.049077213
0.67866695,3073.8342,3.50594,4.7250996,0.10000124,0.11715473,0.09063229,0.047843765
0.57561934,4586.489,0.97251946,3.0000315,0.12829861,0.1106546,0.06569457,0.0761257
0.61446184,3780.4775,2.3644419,2.8993726,0.14662234,0.11668122,0.07830947,0.04986696
0.633917,4371.0146,2.048343,5.9546957,0.10541345,0.09337916,0.07037751,0.07556792
0.6407613,4089.3765,3.0775657,5.591264,0.112569675,0.06371992,0.06701079,0.060240015
0.64443254,4006.661,3.1973438,5.722628,0.10695794,0.065186985,0.07299473,0.05956631
0.6644043,3492.3445,0.92625046,5.0844774,0.09778957,0.16496207,0.08530314,0.07045697
0.5920763,1689.0414,2.077773,0.34901208,0.15114015,0.07246555,0.101431385,0.05065214
0.5076502,2174.6377,2.268148,0.33259556,0.22951205,0.13926631,0.06782892,0.0788258
0.5561104,1634.82,2.053737,0.23656678,0.13713184,0.07166344,0.08330532,0.07466146
0.5835673,2997.2917,1.9709657,1.2547073,0.17647581,0.11424465,0.08679856,0.07869109
0.60572463,2929.2976,1.0289052,1.5355642,0.1513075,0.060684394,0.07864752,0.08663502
0.6255663,2233.1902,1.8708811,0.8870582,0.13027392,0.080352485,0.06136893,0.0904056
0.6289729,2126.8313,2.4076908,0.8182054,0.11945692,0.079325154,0.06398071,0.08231777
0.6403888,2435.363,1.8079336,1.4350451,0.13470834,0.09711054,0.059946306,0.07632685
0.63061965,2414.3752,3.1481807,1.1559112,0.12234088,0.12661658,0.07330884,0.07943915
0.6003387,1832.0638,1.5438755,0.45637554,0.079667374,0.08588026,0.082190216,0.090727985
0.5465531,1773.8812,1.5214282,0.28662926,0.11524466,0.09698652,0.05561446,0.076676786
0.5483319,1852.1205,0.8952836,0.31604412,0.1342337,0.08099077,0.09182742,0.06340105
0.5890964,2113.51,2.8070507,0.5796198,0.14007993,0.08792605,0.08700577,0.07176942
0.5070536,1475.3909,1.3289207,0.12667197,0.0953443,0.10196918,0.067034855,0.07792454
0.4902502,1405.8796,2.3499134,0.11325915,0.11291263,0.08279522,0.076077506,0.07288702
0.49341765,1411.3317,0.8253246,0.11035365,0.08626834,0.092375025,0.071736366,0.12535258
0.5229442,1968.1381,2.9069257,0.30458155,0.17102431,0.09659277,0.095367126,0.040993925
0.5227997,1965.8096,2.9233606,0.303688,0.17245221,0.095700175,0.095014215,0.041018825
0.5222606,1960.0331,2.987214,0.30220905,0.17437197,0.09516187,0.09380919,0.04094158
0.5323869,1827.1969,3.2476647,0.26850727,0.18353614,0.11139086,0.088181436,0.044911593
0.54627955,2053.948,3.463131,0.37309897,0.17525601,0.12645504,0.08754358,0.04542944
0.5896224,2927.5674,1.9795462,1.2454371,0.18443638,0.13773108,0.071774736,0.061300054
0.584747,2223.0627,2.814904,0.6373003,0.1444601,0.12119067,0.078619264,0.04944382
0.5899079,2176.129,3.2255404,0.5907694,0.13573138,0.121863164,0.08010793,0.04793944
0.63424766,5078.7324,1.5073296,9.855154,0.08662507,0.10691251,0.06715246,0.08090299
0.6548764,4276.04,0.94480616,8.265203,0.094225705,0.18500856,0.09611831,0.04358306
0.6300405,4439.23,1.3330002,6.1093183,0.10541212,0.08673878,0.05167225,0.044299394
0.6330089,4241.102,2.1848752,5.797925,0.109630205,0.084548146,0.066630006,0.047999173
0.6956078,3234.4114,1.5744578,7.772586,0.1289904,0.10942751,0.08883539,0.09814888
0.65394205,4277.897,2.8493474,8.5317135,0.07765424,0.061892856,0.064892866,0.056240384
0.65415335,4387.4204,2.0634143,8.892109,0.06870504,0.091678366,0.055627283,0.049975246
0.66392905,3452.684,1.2123978,5.4743805,0.07378571,0.12129913,0.060502585,0.04875755
0.6214239,4391.299,2.7987776,5.8125114,0.18762723,0.09662397,0.1076016,0.10223367
0.6385484,4493.3843,1.5793358,6.6280575,0.13724038,0.16422598,0.12053232,0.118471555
0.6834128,2904.6418,2.327972,4.8617096,0.1077425,0.06427111,0.07362781,0.048896708
0.69551086,2777.007,1.3012656,4.888385,0.10483476,0.08525556,0.07425558,0.050650753
0.63360035,3347.6738,2.1119113,2.9933233,0.10143973,0.073383495,0.080452874,0.055053357
0.6035694,4913.5464,2.006727,5.200325,0.16329992,0.14807138,0.084146544,0.09737723
0.59810776,5142.23,1.9499912,5.23374,0.1925682,0.18314207,0.07017639,0.09903733
0.6225494,5445.494,0.6236707,9.465012,0.116596594,0.07046236,0.08856527,0.061003402
0.6235842,4756.4775,1.1772585,6.6306343,0.088396564,0.09035925,0.064120695,0.04236818
0.6694051,3336.3699,1.8558519,5.4286246,0.15456767,0.1341585,0.07280513,0.09614214
0.6314645,3783.2844,2.4556837,4.2850165,0.14384408,0.14823183,0.077456504,0.09266041
0.5942249,2725.7117,1.7526001,1.1350724,0.15190807,0.13192813,0.10346652,0.054011535
0.598034,4323.115,3.5625653,3.5007262,0.11561776,0.10495893,0.16153511,0.06022653
0.7173766,2232.4187,0.8644776,3.129812,0.1434453,0.110698774,0.05874472,0.05773479
0.6765767,3011.096,1.0368112,4.1612053,0.12315909,0.07903773,0.094242916,0.078065865
0.64787346,4944.286,3.1847937,10.188222,0.13416296,0.14342548,0.056537744,0.073626004
0.60343003,6078.3213,0.54033107,9.467884,0.10483081,0.1390138,0.056997668,0.06742936
0.6137115,5677.635,0.4990782,8.561819,0.099976376,0.12509272,0.060769323,0.05437726
0.6327965,5064.7207,1.512529,9.492671,0.10145997,0.08646056,0.106418386,0.103539854
0.6332937,4860.7705,1.9057521,9.285538,0.106583,0.08812652,0.104860105,0.09180829
0.6036206,4763.7397,2.6261628,4.8340006,0.08953706,0.07505218,0.110440984,0.083622575
0.64701885,4941.463,1.2398832,11.576078,0.12282761,0.13501342,0.06959519,0.11629614
0.6583538,4660.0767,1.2006022,11.421764,0.13326608,0.13117155,0.07354206,0.09233461
0.69104004,3662.8533,1.0370413,11.226545,0.13190264,0.11404104,0.073798686,0.078424305
0.6235492,4808.1914,0.5657221,6.3906784,0.1892088,0.09187501,0.09806318,0.07413633
0.66826487,2994.6782,1.1747121,3.5347362,0.12982789,0.12193338,0.105160944,0.083277285
0.6464568,3007.0208,1.483139,2.7331119,0.1280607,0.11455534,0.104019076,0.09626813
0.5006869,1678.4722,2.0950763,0.19530913,0.09548639,0.08461322,0.066795394,0.0543633
0.49350616,1476.8922,2.8720143,0.12072032,0.12035741,0.15351667,0.07957284,0.060504373
0.51022965,2006.2968,2.789449,0.28291643,0.10401536,0.10543117,0.07498036,0.06997292
0.55266446,1790.9866,3.0729017,0.29244387,0.101819485,0.14621966,0.06058099,0.05433689
0.5735445,2086.8772,1.6427997,0.4907833,0.07934513,0.1192285,0.18696481,0.0660319
0.64384544,2062.585,2.271207,0.92491245,0.110367276,0.06801103,0.1613221,0.055999264
0.6388488,2577.8757,1.8212643,1.5828636,0.11248192,0.100395,0.21312745,0.059982333
0.6206604,2176.131,1.1757929,0.79216194,0.115444556,0.10726009,0.15901916,0.050381243
0.70626944,1714.4644,1.3615423,1.0976341,0.10573536,0.10017854,0.18875146,0.08201814
0.6959696,2442.256,0.75242555,3.05951,0.091989666,0.08698999,0.13818502,0.04393069
0.66671723,3103.8374,0.5910384,4.28827,0.10444729,0.09482839,0.11194882,0.05332782
0.6817674,2448.6038,1.336968,2.3940036,0.06312256,0.10945864,0.08673015,0.069386035
0.6866391,2789.0696,2.6312523,4.04769,0.061870445,0.106371276,0.066803165,0.065687396
0.6131945,4582.7603,0.68066627,5.1543736,0.34344703,0.1021595,0.08165945,0.0648899
0.6115069,2643.4426,1.6481678,1.233579,0.09899287,0.112206064,0.062923715,0.11919069
0.6393731,1784.8955,1.0624768,0.55545646,0.08747549,0.09113927,0.11891715,0.13003843
0.5883771,3075.6548,2.857815,1.3632549,0.15061493,0.10260459,0.06609762,0.053908408
0.60360026,3159.0989,0.6280583,1.6032304,0.12838475,0.13923007,0.107774615,0.11900734
0.66272724,3196.6133,0.39356732,4.750945,0.1319846,0.08838913,0.12656425,0.06981042
0.6277556,4071.023,0.46105063,4.9369197,0.1249649,0.11090623,0.0870782,0.064829215
0.62519336,3015.5503,0.18814127,1.9704674,0.13800982,0.16941285,0.07583973,0.08403814
0.67352545,2078.5356,0.86317843,1.3241252,0.07870749,0.113633215,0.10776557,0.06376349
0.65936995,3516.08,1.6717517,4.967449,0.07647774,0.123327516,0.14023119,0.06399746
0.6599077,4375.3335,1.6670201,10.437505,0.108344525,0.08909312,0.09678343,0.07083747
0.679732,3794.249,2.548139,10.276838,0.12452862,0.059435442,0.10004607,0.06556847
0.6082415,2518.5693,2.415321,1.0767896,0.14501725,0.123153955,0.09159584,0.055931907
0.7210583,2970.6077,1.5459385,10.0757475,0.107740834,0.07053417,0.08854002,0.07179668
0.6678302,3507.5784,2.4100041,6.2488327,0.15982777,0.082926616,0.05283294,0.048859943
0.6241079,5309.0137,1.4791152,9.358749,0.12957385,0.11664495,0.109503485,0.14482369
0.6264564,4997.7554,1.8778431,8.403727,0.12983027,0.10600946,0.13101918,0.13930957
0.64402777,3175.725,1.142093,2.9502802,0.10142096,0.079772964,0.09583897,0.09927245
0.6662371,3921.896,1.0574356,8.322039,0.09675955,0.15349138,0.083911404,0.058792293
0.66015965,4219.3633,2.953893,8.952612,0.08345756,0.1382849,0.085722476,0.05402033
0.62735873,5319.4146,1.2388719,9.980198,0.09534921,0.06338461,0.08931255,0.083357215
0.61231726,5291.3584,0.5903183,7.5449147,0.11450425,0.048550535,0.069284506,0.060176037
0.687934,3710.9453,0.6871334,9.917712,0.12530674,0.17773966,0.075412236,0.091358334
0.576235,1817.4644,3.4303381,0.37473017,0.112307906,0.061510023,0.07835773,0.053048737
0.75111663,1989.2245,1.9805936,4.435847,0.12406779,0.16775712,0.06673705,0.091001704
0.7759826,1834.7224,2.0889637,6.0409393,0.14423516,0.1315115,0.07094361,0.08225258
0.78320354,1969.6262,2.034322,10.368811,0.16792393,0.11134413,0.073519595,0.06740979
0.78544307,1661.6145,2.405399,5.853839,0.23600739,0.09958591,0.06637375,0.09285857
0.789902,1277.7783,2.3092506,1.666718,0.1569156,0.08977494,0.09549215,0.10312847
0.73380136,2075.4504,1.6830217,3.5670187,0.15211263,0.14767759,0.073157705,0.0937447
0.7052405,1651.373,2.1341424,0.90443087,0.08448378,0.06860352,0.09622261,0.088259555
0.65728885,2395.2532,3.1169648,1.7099683,0.08862352,0.088722736,0.0933004,0.05587903
0.56247735,2184.6594,1.9161582,0.4795604,0.10372057,0.16324158,0.07518356,0.05865237
0.57941514,1941.3319,1.0751745,0.43973967,0.09590666,0.14158398,0.090488195,0.052647546
0.5894959,1971.6173,0.7348975,0.480693,0.09642496,0.123840585,0.0972583,0.07089398
0.6128556,2412.1987,3.650067,0.9966228,0.117173225,0.09930396,0.072741225,0.06334237
0.7157377,2246.8838,0.45962965,3.2429333,0.08524572,0.09976015,0.07036694,0.053288892
0.7147066,2304.0105,0.46756753,3.217279,0.0826157,0.10038705,0.07505674,0.051517945
0.67126995,2999.571,1.3049201,4.1477127,0.14160657,0.08721194,0.05326867,0.08186708
0.69012576,3534.5088,2.127567,10.248552,0.12896584,0.10471183,0.07842584,0.05033261
0.64397067,4206.0957,1.4768684,7.0824537,0.09477198,0.0722632,0.11057659,0.09482521
0.6799701,3642.425,1.3869774,8.648295,0.106429696,0.091639176,0.10039155,0.070054576
0.6315486,3534.0864,1.1456885,3.7101202,0.12166056,0.116078,0.07308306,0.05772469
0.6729256,2991.9087,0.8555868,3.5853055,0.089711234,0.15315026,0.1287338,0.0629645
0.66556156,2783.3618,3.8982737,2.688348,0.15099661,0.08440806,0.055225637,0.066346176
0.659927,4134.4688,0.3907979,8.910335,0.08428877,0.10502957,0.10025376,0.061201863
0.60916716,5054.286,4.7656555,6.064692,0.09004256,0.106132925,0.083839715,0.06716236
0.6148886,4876.5576,4.523119,6.233261,0.089466736,0.10496996,0.08590223,0.06836593
0.6801751,2770.4148,0.33950862,3.4183679,0.13368735,0.17519006,0.06125764,0.06467328
0.6064109,5362.063,1.0542375,7.0611367,0.106624424,0.08582043,0.093342766,0.08749746
0.6378148,4928.6978,1.9232368,9.425108,0.089398056,0.06441569,0.089186735,0.085826755
0.62423944,4936.258,2.8172243,7.6326613,0.1102646,0.094598375,0.062119797,0.06896584
0.65445673,4412.9556,1.2123914,9.43158,0.12111958,0.09946464,0.0787506,0.050247334
0.6520377,4421.717,1.7204672,9.115695,0.13639882,0.10889754,0.082606524,0.041598327
0.60050255,5854.2144,3.3373756,7.905227,0.0839428,0.085164264,0.041346446,0.08382104
0.6299948,4999.801,3.3382988,8.280677,0.10786328,0.104444996,0.058310322,0.048115447
0.6322061,4394.013,3.8991976,6.016929,0.13541791,0.102407634,0.06882242,0.06701464
0.6075295,4315.927,3.5523887,4.241634,0.125083,0.08891771,0.07076382,0.060616866
0.65428114,3854.8037,1.9911045,6.5215583,0.14532049,0.107414894,0.07795985,0.052801736
0.6215539,3369.1702,1.2623335,2.713532,0.08877447,0.07800992,0.06246511,0.050370976
0.68642414,2047.6743,2.18299,1.5459509,0.11691881,0.1410893,0.116365425,0.124495514
0.63078254,2290.7664,2.5008237,1.0430759,0.12000483,0.09237377,0.08205256,0.1245747
0.6275823,2561.9995,0.5154908,1.3330586,0.10663086,0.12560324,0.105627775,0.0668946
0.6661233,2099.443,2.4669335,1.1507934,0.104409344,0.13692838,0.05605173,0.08826147
0.7234735,2042.0549,1.4723431,2.7874126,0.10889951,0.09128402,0.082464606,0.060388505
0.6751923,2710.7812,1.7071227,2.7746868,0.14522201,0.09255524,0.056158103,0.054990754
0.6910805,3122.326,2.965901,6.8057265,0.12948787,0.08506866,0.092421174,0.074170366
0.6804053,2634.766,0.9341106,3.1095133,0.12802011,0.08061143,0.087335475,0.06874815
0.65584934,1943.4778,3.4438565,0.9014183,0.20056774,0.102626115,0.062530704,0.06995358
0.6364413,2417.9954,1.6849494,1.3381655,0.16913705,0.10683813,0.06633733,0.050764102
0.5811232,2617.929,2.8584535,0.8691953,0.12497556,0.18676287,0.08865379,0.061499055
0.679806,2848.6287,0.6944762,4.011871,0.09183513,0.08781858,0.08109965,0.08689636
0.70435673,2427.8384,0.66387236,3.3617396,0.091226995,0.077284545,0.071557924,0.10060027
0.62647116,3719.5342,3.6332977,3.467276,0.10524231,0.115659334,0.07128534,0.05811273
0.71077573,3138.4211,1.0243982,10.5829735,0.09803595,0.0703145,0.10228424,0.08675822
0.6982821,3482.1218,0.72671795,10.3349905,0.16088358,0.09077877,0.09037134,0.09467471
0.7063594,3242.2466,0.57567126,10.670817,0.15937701,0.14619908,0.07549852,0.12254584
0.62156564,3535.0547,1.6184372,2.8751998,0.10089899,0.08453199,0.07563054,0.08087208
0.6294315,4713.2676,3.2272625,7.243911,0.13281608,0.114434004,0.12558325,0.03968403
0.56721973,3818.5361,4.669075,1.898549,0.20021068,0.08523924,0.13252813,0.10722856
0.6040678,2499.6982,0.8420155,0.97869575,0.21281081,0.08365783,0.07345535,0.11275677
0.63834816,2507.6423,3.2607474,1.5030483,0.18624721,0.1132548,0.08432762,0.05496761
0.6523003,2213.686,2.1743655,1.2107795,0.17701188,0.10060331,0.08849728,0.057613097
0.58649766,1925.5117,3.2770848,0.43256283,0.16653176,0.06906259,0.059007104,0.066007346
0.5404654,2206.6655,1.4113351,0.44940463,0.07973748,0.13786876,0.10571557,0.08790163
0.5834338,2228.5254,2.4883494,0.60298634,0.09592008,0.07296935,0.10825694,0.09465945
0.6117226,6187.162,0.13406762,10.289788,0.12812471,0.11050356,0.07685374,0.04795893
0.7017666,2766.238,0.14503808,5.5597377,0.13848987,0.09769575,0.07190763,0.07683666
0.6602705,4571.979,0.029153338,11.098419,0.084029146,0.091573045,0.05613769,0.070852175
0.63261724,5114.624,0.049608763,9.729071,0.08775641,0.08779452,0.076560244,0.05136791
0.69348025,3458.8833,0.48348704,10.035339,0.13272896,0.101007394,0.078293696,0.08049449
0.70561576,2155.4111,0.67822886,2.4592614,0.16174895,0.10396703,0.072689876,0.056460828
0.68437773,2347.2173,0.6376189,2.3236635,0.22996585,0.114300445,0.05815664,0.05931793
0.66631263,2779.4019,0.6070341,2.903739,0.2384177,0.09688589,0.06908317,0.06384439
0.6670398,3101.811,0.28627786,4.3684163,0.23873687,0.09515981,0.08439663,0.057768717
0.6112572,4164.6475,0.057547607,3.8675134,0.082407355,0.105909094,0.064328484,0.07091812
0.6328732,4855.8794,0.0675238,8.301314,0.09031998,0.12530133,0.07020371,0.08743806
0.6150428,5565.305,0.4526334,8.751478,0.10461603,0.10589268,0.07661858,0.046128996
0.61806494,5470.3726,0.48051915,8.294552,0.10551554,0.11020617,0.07881469,0.0498968
0.6350704,5187.7173,0.19484475,9.632127,0.09741476,0.08348709,0.058388337,0.06818107
0.6290068,5053.1396,0.14664966,8.673102,0.0913418,0.08025274,0.056082346,0.0641459
0.64080995,4694.261,0.1734228,8.813711,0.09638131,0.10893584,0.074050725,0.054048557
0.6548455,2339.5518,0.9664981,1.5567086,0.07694541,0.08891514,0.07873782,0.05442233
0.6592478,1909.2045,0.7326915,0.84912,0.09777745,0.05549778,0.11998363,0.053338785
0.70332617,2294.0215,0.5720047,2.7129269,0.10937297,0.104758725,0.116998866,0.04447458
0.69875175,2520.5725,0.47419885,3.5168056,0.11734746,0.0963414,0.12551141,0.044490624
0.67515934,2483.9724,3.830828,2.4543164,0.089500636,0.09528855,0.07332214,0.09908539
0.658106,3483.242,1.4938554,4.841193,0.09954741,0.10251275,0.07268669,0.0764646
0.6526093,3492.2183,2.687477,4.561734,0.08490533,0.20102538,0.063314706,0.07771143
0.6750607,3279.4624,0.42609555,5.9085045,0.10284451,0.0852753,0.09015213,0.07149506
0.6599963,3306.145,0.2953536,4.6752777,0.1111314,0.10257203,0.07955947,0.07172075
0.66258377,3038.2173,0.47674543,3.1873643,0.11947976,0.11088061,0.07812551,0.08320939
0.63655525,4227.8193,0.07014955,6.0515842,0.095438845,0.07473422,0.048113666,0.07053116
0.6779403,2791.554,0.08615056,3.7060692,0.12578093,0.115348235,0.079580545,0.06300043
0.63114506,4429.454,0.2685354,6.2639723,0.07986747,0.080194876,0.07206089,0.07588516
0.68689793,2252.099,0.681701,2.0460014,0.11328542,0.13004316,0.082633294,0.07929532
0.57978964,2245.079,0.8745393,0.5778899,0.12559193,0.069632865,0.08258106,0.08013572
0.6922459,2277.56,0.8049163,2.5148077,0.12389844,0.10754071,0.06097285,0.10395229
0.7030146,2169.229,1.027908,2.154557,0.117972404,0.10623039,0.057817247,0.10042933
0.736547,2231.1177,0.42604366,5.1576595,0.102153994,0.06368736,0.053919166,0.11786532
0.68378663,1754.0323,1.772983,0.84017634,0.14182508,0.12927002,0.07943898,0.06473991
0.683792,1644.1036,2.2654712,0.7572156,0.14446136,0.13433118,0.07894325,0.06684626
0.6922058,1834.7266,1.9838091,1.1977209,0.11297341,0.13587835,0.07828334,0.055206683
0.6297928,3033.4526,0.79294306,2.2790015,0.18246317,0.08390112,0.0699693,0.085961625
0.6993302,2541.8303,0.5841011,3.900967,0.14189158,0.11507646,0.07024848,0.05483496
0.6581361,3341.3474,0.008218919,4.381373,0.11620218,0.08323524,0.079531744,0.09035128
0.6358045,3385.4167,0.0032519016,2.9941814,0.12615258,0.10125502,0.06377062,0.058321167
0.61032885,2078.9265,0.006804678,0.6379009,0.14152806,0.112204544,0.057902515,0.06402516
0.65891415,2703.1858,0.012209255,2.2922626,0.09351462,0.09850162,0.075649075,0.06816371
0.6236046,2908.716,0.0177652,1.7437596,0.09185985,0.10641864,0.069381654,0.06943997
0.6438448,3936.788,0.03277617,5.798956,0.10348731,0.12981687,0.107520945,0.061879855
0.66522145,2853.9595,5.423528,3.1219127,0.11038883,0.077281855,0.14183024,0.07458361
0.64969796,4651.9985,0.11981636,8.92602,0.10753858,0.12392417,0.05766235,0.0631184
0.6535919,4519.5967,0.12598892,10.693428,0.123413816,0.07624391,0.09070332,0.06619893
0.6575112,4085.682,0.1962373,8.855239,0.11621909,0.09275189,0.09256825,0.0750144
0.6735738,3837.6216,0.3473982,8.684968,0.11049384,0.088779174,0.102403186,0.08224173
0.6762729,3681.6628,0.35573813,8.463434,0.11162066,0.0895122,0.10117942,0.075410634
0.66692317,3268.9614,0.49701864,4.8647,0.12809667,0.09386236,0.08609041,0.08811299
0.6308109,4199.86,1.7075063,5.1966977,0.09033649,0.1062019,0.06755912,0.06182998
0.67721224,2894.5813,2.1424155,3.7207656,0.12370891,0.08506967,0.0796686,0.111881524
0.6135568,2324.4082,0.20384593,0.84190977,0.09635599,0.11228988,0.07211254,0.050605267
0.62523115,2208.6335,0.24437729,0.77955776,0.09645416,0.11128569,0.071512654,0.045851346
0.65319914,2888.3533,0.67522097,2.684208,0.09457278,0.09478427,0.07847492,0.074687794
0.64741665,4197.6685,0.9496341,6.869726,0.08986549,0.121971466,0.07224794,0.044788495
0.68805003,2708.7644,3.1462142,4.139217,0.15097056,0.13065939,0.09239967,0.083197564
0.61794406,2569.1262,0.95705044,1.165851,0.1576208,0.105258144,0.079490244,0.06158558
0.5790105,7345.012,0.17997608,9.953899,0.1305876,0.121434726,0.06872137,0.06321061
0.72870284,2868.0967,0.20813315,11.635625,0.09983733,0.08509,0.07795412,0.07211204
0.5887715,7225.4756,0.012465148,11.074297,0.14571603,0.12178918,0.07610532,0.0617844
0.60571957,6596.5117,0.0092268,11.686027,0.086680666,0.10482909,0.09387705,0.06664028
0.6859073,3931.2632,0.0067755287,11.945866,0.092110395,0.14829212,0.046939485,0.053724237
0.6656381,4489.4644,0.01639512,11.958094,0.09137748,0.13013422,0.043141,0.056180827
0.7005088,3457.0166,0.020081349,11.68348,0.11608486,0.12333881,0.10325227,0.055649597
0.66943413,4215.348,0.2610065,11.547782,0.13683039,0.056196272,0.091886945,0.05671325
0.6890315,3625.7493,0.20564055,10.468094,0.14618391,0.11051226,0.15330222,0.048678994
0.6505709,4315.057,1.2675064,8.088577,0.089431494,0.08571416,0.06626702,0.06329937
0.6752261,3683.768,0.8049681,8.450146,0.095985234,0.08181549,0.1041329,0.05799237
0.6227513,3326.8044,3.7614908,2.7907403,0.135032,0.0885652,0.10208799,0.088435665
0.6235339,3694.4785,2.4818733,3.390749,0.16543393,0.09044491,0.142974,0.15371908
0.58509845,2216.8667,3.1066277,0.62311554,0.18310304,0.093985036,0.12821412,0.07399087
0.59053063,2223.8047,2.9667885,0.62021565,0.17894106,0.09429338,0.130408,0.069776155
0.59310055,2792.3967,2.4532878,1.1342888,0.19106427,0.10648736,0.09320216,0.055549633
0.65319633,2206.7034,0.9453473,1.1986647,0.18268907,0.08077652,0.050662227,0.063747734
0.6861952,2334.606,3.2577236,2.1889198,0.08038529,0.11280277,0.1368085,0.06863513
0.6347002,4178.8403,1.1365784,5.295657,0.12573148,0.08355171,0.07724544,0.05703633
0.6761102,2519.5295,0.9854726,2.535522,0.14067665,0.12818004,0.08579954,0.07683411
0.7433399,1609.6172,0.3969111,1.7349559,0.108260736,0.08843571,0.070808545,0.07131471
0.755409,1437.3325,1.2264237,1.2911897,0.11300463,0.07740206,0.084628165,0.102721706
0.667864,2969.744,1.6955453,3.7067833,0.11360044,0.09708896,0.1100806,0.05207885
0.6573425,3074.6384,1.6640886,3.3550618,0.10271241,0.10223574,0.105191186,0.04633248
0.6942449,2491.8694,2.7480648,3.2560682,0.09143754,0.072923414,0.0739488,0.043016806
0.6065133,4593.93,0.89323,4.553298,0.1275999,0.1635091,0.06491716,0.086327784
0.65430975,3469.0906,3.2409406,4.9620447,0.1064763,0.06756725,0.10121413,0.06765637
0.64886427,4013.5964,2.4067109,7.0397105,0.12173838,0.08115667,0.10549949,0.074013904
0.59840614,3956.9592,1.8463624,2.9462295,0.11613815,0.07680697,0.113744296,0.090322115
0.58717376,3856.6514,1.7928753,2.742792,0.115360364,0.079035,0.11543727,0.09119424
0.59743726,3350.0303,1.5139167,1.7818089,0.12862134,0.08327244,0.102612756,0.10043129
0.6052875,3196.2124,1.4613953,1.9400866,0.12173005,0.08266249,0.10694213,0.100984186
0.6244229,1718.2042,1.8965077,0.4894041,0.09153419,0.080879256,0.12798785,0.05911574
0.619233,3155.6824,1.9535148,2.0275292,0.16582416,0.079260804,0.1498096,0.056239083
0.624204,2359.9868,2.1743991,1.0678316,0.17789216,0.16726749,0.112305865,0.05886983
0.578197,3050.9211,2.8909295,1.2940363,0.10419762,0.07922493,0.09228444,0.062628314
0.58226585,2735.6292,2.1738236,1.0220656,0.11038996,0.07711746,0.08637872,0.061783046
0.5809872,2736.17,2.1973674,0.96262276,0.11073032,0.07665111,0.08696504,0.062084053
0.64658964,1877.4323,1.8458861,0.6921341,0.10043228,0.114791475,0.08419513,0.09794152
0.56768185,2189.3728,1.9658246,0.51299554,0.08403057,0.06031614,0.10039309,0.06080157
0.57486284,2246.556,2.0372603,0.5888412,0.09252822,0.058188222,0.10380889,0.06231431
0.64866996,2250.0623,2.7896843,1.2767015,0.093504384,0.08699922,0.09444142,0.07402151
0.6471147,3139.0845,1.728854,2.961848,0.08312601,0.098260164,0.06586998,0.08092914
0.65161026,3233.7769,1.8060546,3.3229225,0.08689656,0.099165626,0.06680241,0.0782119
0.65639096,4447.812,1.8673387,10.383132,0.14979467,0.09379818,0.08318231,0.07653515
0.65729624,4535.2827,1.213794,10.607462,0.107615344,0.102811016,0.087639555,0.06564816
0.65796745,4257.7314,1.2749698,8.941613,0.12331067,0.16079861,0.06281667,0.05913645
0.68946815,3341.544,0.84127164,7.684185,0.17798948,0.10271226,0.08947539,0.08449794
0.6449054,3649.2686,1.726313,4.9493737,0.1127929,0.107298456,0.11742159,0.07196303
0.6705487,2786.195,2.3731802,3.0780487,0.10278006,0.08175929,0.07005394,0.055622377
0.67197675,3426.445,1.1710516,6.2264295,0.14552335,0.06664343,0.08842605,0.057483137
0.63445413,3262.7568,0.09044535,2.686658,0.11361301,0.15427583,0.06386012,0.074136086
0.6057866,2135.9612,3.1674068,0.698393,0.09769927,0.06670204,0.1103366,0.06975709
0.60860395,2365.4573,4.2425675,0.87551594,0.10048777,0.09866234,0.12204442,0.062182326
0.6364521,2052.7722,1.1406173,0.8073287,0.06993436,0.07666127,0.09530344,0.056163125
0.6770982,2877.2495,1.442536,3.9965043,0.09520474,0.09433214,0.11179711,0.06381534
0.66828924,3147.4316,0.6621987,4.4397364,0.12812337,0.09438956,0.090307474,0.08227056
0.637224,4272.8545,0.62404865,6.1996555,0.11237602,0.101564914,0.09152059,0.06496787
0.666266,3228.1477,3.946625,4.553229,0.085430875,0.08426936,0.052107938,0.07460321
0.6492755,3728.7358,1.1372033,5.1067734,0.108511865,0.080855116,0.0952727,0.04313094
0.648216,4696.085,2.1635947,9.830052,0.16960204,0.12150556,0.07661444,0.08143483
0.6154663,4929.304,1.920775,6.2578793,0.12315137,0.14690281,0.08121811,0.051303737
0.6891555,2949.1902,0.49134418,5.2660403,0.12128924,0.07496099,0.06910092,0.087254435
0.6853087,2678.343,0.59250957,3.7953029,0.13035852,0.06802715,0.06295149,0.08005712
0.6644798,3083.1177,0.74281543,3.552661,0.12612599,0.10141242,0.06571373,0.05539805
0.65857697,3031.917,1.3465556,3.182992,0.12020069,0.08139822,0.0564676,0.063334234
0.6438678,3766.1704,1.0019931,4.874895,0.08498279,0.090613216,0.05794292,0.07020357
0.6793092,2514.0464,2.1308715,2.5510182,0.11402929,0.09242446,0.085443586,0.054307364
0.6811308,2515.8293,2.162283,2.6392074,0.11157849,0.099769026,0.08873317,0.05036348
0.69328654,2553.8179,1.840151,3.640543,0.12373602,0.12885211,0.092164874,0.046357892
0.6437481,3286.1917,2.0230403,3.4718332,0.10875095,0.10105844,0.070870355,0.06876082
0.6209669,2782.124,1.2122313,1.4748445,0.11818241,0.105332956,0.065841295,0.07076837
0.63292253,2294.266,2.251235,1.155269,0.11288599,0.10651875,0.06455381,0.072780445
0.71965647,1901.951,1.5106729,1.9498776,0.110982515,0.080944285,0.07693304,0.08488484
0.73422843,1762.3684,0.9017614,2.1304457,0.120406665,0.109119646,0.09729089,0.055693213
0.72871315,2169.2307,0.70584416,3.6533878,0.09650709,0.10498613,0.10303739,0.04924014
0.7197354,1857.1155,0.4955479,1.9337789,0.09705182,0.1191293,0.10591882,0.05629155
0.7347591,1929.8694,0.18277203,2.590699,0.12069842,0.11878601,0.09597123,0.04344886
0.7108061,2288.8088,0.2628392,3.1877317,0.16067216,0.11461754,0.10670659,0.050824475
0.66133815,2844.1545,0.14516972,2.8653831,0.1211465,0.08285655,0.04687044,0.07547433
0.586647,2565.9478,0.40060306,0.9487984,0.102558926,0.1149213,0.18468335,0.06576323
0.58015186,2748.493,0.51692003,0.958872,0.1088196,0.113503166,0.18153772,0.057989564
0.5653801,4274.0015,1.169934,2.1969285,0.11227348,0.09737621,0.23911151,0.053558692
0.63249993,4311.6514,1.4129366,6.1268244,0.08523229,0.075410336,0.14916375,0.055495966
0.71682066,2680.6519,3.0658813,6.4925256,0.17324832,0.11040457,0.09864569,0.055989493
0.7006089,2813.7405,3.0103989,5.5267563,0.17735429,0.117831655,0.09833197,0.06118005
0.6079357,4460.544,1.6439751,4.2207775,0.20597337,0.13246356,0.09515039,0.07628214
0.5915148,5870.2607,1.2298183,7.1123095,0.21122801,0.09933176,0.06572816,0.07556086
0.6173522,4539.7856,1.6037066,5.0021954,0.23946752,0.10284591,0.06996386,0.09025401
0.6793495,3077.2283,0.16383202,4.9083066,0.067793384,0.08872739,0.072093666,0.05303924
0.66383094,4361.6763,2.6664205,10.846922,0.12474851,0.105004385,0.07474409,0.055333987
0.65693736,4332.202,3.6616366,8.772842,0.13472241,0.07749785,0.0733191,0.06627045
0.6764906,3687.1357,1.0483134,8.141957,0.15586251,0.11383111,0.06496902,0.063320644
0.625929,5120.572,2.586604,8.201397,0.15865299,0.09084718,0.07447655,0.07239801
0.6743811,3970.197,3.1425767,9.090136,0.14290087,0.104206435,0.075572014,0.061620038
0.67457294,2906.2793,1.4934828,3.5493577,0.11242629,0.10934893,0.08130861,0.05798456
0.67933327,2673.6003,1.3118733,3.25274,0.13966018,0.079904266,0.090076655,0.06793843
0.67617047,3412.449,1.7651758,6.1937714,0.18548352,0.09760162,0.071070835,0.055629365
0.58880645,4015.1912,1.3407,2.638089,0.13052493,0.106754966,0.06910256,0.07675234
0.6904459,3620.4983,2.914875,10.405495,0.13762142,0.10689637,0.06783887,0.05928513
0.64880174,4947.216,1.8736306,11.471346,0.12345678,0.08002569,0.08997151,0.05872379
0.64527166,4998.233,1.8767556,11.577869,0.065124445,0.10150899,0.07853449,0.06393201
0.6578116,4683.8345,2.6578138,11.851993,0.11793143,0.13465226,0.076101966,0.056454904
0.6813061,3973.677,1.7808204,11.70997,0.09778393,0.087310135,0.05312938,0.084989294
0.6520572,4729.8643,2.723611,11.331163,0.1007776,0.0827115,0.0654215,0.07127123
0.64728826,4668.272,0.9399614,9.414793,0.12657161,0.10756907,0.097850114,0.08171852
0.6215009,4101.585,1.6364195,4.333585,0.10911871,0.064034075,0.09852429,0.076927505
0.7352741,1530.8794,0.35231534,1.0422647,0.24043311,0.21495843,0.05181054,0.18591455
0.7771803,1795.5809,1.1577141,5.438089,0.20351632,0.11487616,0.09042843,0.07457088
0.67242473,1845.0078,0.5756239,0.8352699,0.08635405,0.11703603,0.05128734,0.11545659
0.70420086,2560.9146,0.08238229,4.4283304,0.13941775,0.08448781,0.11243229,0.11539847
0.60935855,2550.772,1.4269893,1.136715,0.11288604,0.113024086,0.05643885,0.042066995
0.64945525,2580.941,1.870271,1.8484981,0.08549777,0.104299724,0.07087058,0.05598403
0.64161366,2750.841,2.9173467,2.002259,0.109385,0.07468473,0.05472063,0.06753733
0.6265942,5230.4224,0.11204609,9.290016,0.10704948,0.1893131,0.16259633,0.078855366
0.6062851,2809.4585,0.789433,1.4256475,0.17408389,0.07337999,0.1262367,0.061360225
0.6105667,2780.519,0.065945275,1.4034134,0.105375655,0.15062459,0.102558315,0.07072442
0.67603534,2589.4583,0.25071546,2.716288,0.17555209,0.09742414,0.07149699,0.06510346
0.69100654,2921.4272,0.7144755,5.3946695,0.10453273,0.10189069,0.06306611,0.07447305
0.7063007,1719.073,3.836316,1.226765,0.21805133,0.09520717,0.090046376,0.060424495
0.7586821,1647.3771,1.7335516,2.4501379,0.18599236,0.114291236,0.08583635,0.055800937
0.6110683,2686.7031,0.76532274,1.2341224,0.09497671,0.11082421,0.061026562,0.08571759
0.68411577,1964.594,5.3092494,1.2770145,0.13443977,0.115958035,0.07342604,0.050524123
0.5970765,1911.4807,1.7608151,0.44256935,0.09827003,0.07671648,0.089227915,0.08527396
0.5657946,1837.8331,1.2975864,0.36248922,0.092704386,0.079807,0.08808999,0.08847696
0.51274955,1687.187,2.5651424,0.19369173,0.13053001,0.12620164,0.09506121,0.13293208
0.4938596,1488.2065,1.0473206,0.12829861,0.08220615,0.082726374,0.119718604,0.076231
0.51786286,1555.0151,1.3635414,0.17775038,0.09655445,0.079656854,0.14639635,0.07916571
0.48962033,1644.5675,2.8935368,0.16413718,0.23183465,0.10683757,0.06262131,0.057013854
0.54893357,2051.3633,1.7261674,0.39660874,0.11244248,0.14392734,0.1309466,0.075733066
0.655969,4317.3887,1.973599,9.161483,0.13761324,0.13253717,0.091711745,0.046606667
0.6415696,4776.571,3.5966122,9.1519165,0.24714845,0.07346577,0.08399399,0.050645728
0.6410518,5203.2803,1.5316033,11.364487,0.12925461,0.08684799,0.0622996,0.06488167
0.68145937,4038.4631,1.0480973,11.996725,0.08186737,0.10559524,0.1274289,0.058778122
0.6815293,4098.834,0.84982866,11.998741,0.09479559,0.09826806,0.1794147,0.07553948
0.6535065,4846.727,3.9695003,11.996714,0.13607931,0.112417124,0.10718877,0.05685737
0.64515054,5142.4146,3.541804,11.994768,0.13227922,0.1333814,0.09912229,0.05669735
0.6458667,5117.3633,4.134779,11.993379,0.1275126,0.15045868,0.0689731,0.056090195
0.67410773,4154.608,2.064188,11.991474,0.14034396,0.20932296,0.11129649,0.07391464
0.6483559,4950.593,1.0245383,11.972514,0.10396572,0.07676869,0.0579984,0.058723744
0.64863074,4905.5103,1.035552,11.97204,0.103547364,0.07668595,0.057305057,0.058440562
0.6737299,4212.9614,1.7872553,11.987289,0.08600162,0.08973943,0.08669496,0.07223105
0.5861076,4338.8613,2.1392157,3.0360508,0.14809138,0.12095968,0.073207855,0.06846532
0.58999485,4725.769,1.6693581,4.098408,0.13327006,0.13261391,0.07323921,0.087516546
0.60901445,5001.4214,3.5795295,6.221692,0.12171255,0.107461385,0.08835672,0.076630734
0.593697,5574.339,4.8415065,6.3466816,0.12777217,0.09948195,0.08970451,0.06586787
0.6033964,4863.2563,1.6829362,5.1735845,0.11866568,0.11509273,0.088660866,0.0639687
0.6759393,3393.1033,0.76138836,6.3168464,0.14288379,0.094222724,0.07818582,0.096657336
0.602446,3610.0725,2.448144,2.2493057,0.14159735,0.16086292,0.07517526,0.073954694
0.627495,3041.5444,2.6624458,2.321597,0.16226675,0.15979868,0.07483272,0.054023758
0.63340056,3135.3801,2.8812077,2.3248196,0.15515971,0.1557414,0.075470835,0.05582787
0.65726864,2024.7295,0.98578477,0.9762953,0.12660484,0.07851744,0.08598343,0.06571572
0.6608666,2046.8341,0.7705502,1.0918373,0.11500238,0.063705966,0.121182896,0.052458897
0.63543665,2289.6746,2.4039192,1.0692356,0.07713568,0.1018385,0.069534056,0.057935115
0.6445414,2384.5254,0.3215485,1.4054848,0.13336696,0.08172086,0.05959316,0.061596386
0.6746674,2824.635,0.16081211,3.2219443,0.119733155,0.09475851,0.06068658,0.070282415
0.67588305,2861.378,0.011412366,3.3560178,0.08649352,0.09882823,0.13302831,0.058317356
0.6272478,3759.1628,0.04786338,3.3932464,0.12679364,0.09973906,0.15361317,0.056304865
0.63014394,3818.5586,0.09702889,3.87126,0.12081476,0.101381116,0.15135482,0.05595261
0.6406275,1833.4811,0.01955361,0.59645617,0.10684928,0.0940213,0.060418416,0.08633396
0.5866953,3182.0232,0.15148155,1.3486264,0.11956243,0.1529384,0.09104196,0.056854196
0.5867645,3158.454,0.15081096,1.4099936,0.11916608,0.15748031,0.094264895,0.05615971
0.60231215,3176.8699,0.2359217,1.770953,0.10570411,0.14473857,0.111851305,0.058723647
0.63199854,3836.008,0.09140161,4.2445855,0.09297569,0.09829759,0.0795315,0.06615846
0.6717214,4067.109,2.1873705,10.481362,0.11467995,0.10014525,0.06625726,0.076363266
0.70109284,2207.8418,2.889382,2.6269205,0.10375118,0.09436406,0.081293896,0.101099744
0.70676225,2143.8284,1.292735,2.5233681,0.11243387,0.10335697,0.14219803,0.050485894
0.716411,2242.2314,1.709849,3.424461,0.08652878,0.10851471,0.10621342,0.075682774
0.6993178,2045.8375,3.1054907,1.9792565,0.13861893,0.12847582,0.09929158,0.051391013
0.6748912,2366.0159,1.2827456,2.1555185,0.13811801,0.079724856,0.05999074,0.077733696
0.6296129,2088.5552,2.6233385,0.8339491,0.12102713,0.095149666,0.06330926,0.061583787
0.6397803,4694.6055,1.433205,8.613969,0.08585551,0.098371886,0.09553902,0.08663686
0.6941833,2227.3315,1.6436906,2.1252625,0.13954343,0.1395844,0.052212127,0.09315491
0.6106663,4734.105,2.1357555,5.534338,0.097531185,0.07123875,0.113399275,0.047281228
0.67251337,2516.3196,1.1680528,2.3287578,0.14356159,0.14542049,0.07876487,0.105544396
0.618695,4809.48,1.8632331,6.5856934,0.12762326,0.06704302,0.059104353,0.095872045
0.637476,4400.645,1.2324784,6.7316732,0.15926647,0.07296012,0.04815243,0.09120634
0.65571743,3695.444,1.7511495,5.715143,0.13112871,0.08963681,0.07739581,0.07695718
0.6719632,3944.0032,2.155771,10.510572,0.0968751,0.12210621,0.08517212,0.070071965
0.6527358,4302.7603,2.7984715,9.030632,0.107727684,0.0923084,0.07939291,0.070783794
0.64702475,4482.8213,1.7180903,7.8651705,0.109570004,0.095417775,0.06101569,0.07615878
0.7190536,2601.9023,2.0307534,6.478544,0.14623538,0.13008127,0.09493021,0.11989267
0.6759796,3191.5903,1.1680928,4.8488755,0.16401356,0.18447015,0.09436276,0.07440985
0.5896686,5515.064,3.8947425,5.9476967,0.099209115,0.12734728,0.07056044,0.061460182
0.6539101,4860.49,0.4178516,11.114884,0.10144732,0.18008807,0.060500376,0.11848483
0.65145314,4605.3896,0.4380305,9.161793,0.09833845,0.14499488,0.07789785,0.1081266
0.66124153,4212.3623,1.7222744,8.332704,0.10918078,0.071253136,0.11535038,0.05767123
0.6810793,3487.9326,2.0396848,8.374434,0.09922617,0.078347385,0.15025087,0.083099455
0.6318335,5051.8154,0.84586316,8.761635,0.1195498,0.11791355,0.05338195,0.06477303
0.62338585,5766.8906,2.5430436,10.165148,0.12990165,0.11888089,0.058683187,0.074724846
0.6319469,5355.3433,2.298099,10.022858,0.13227421,0.11356393,0.054562397,0.07459204
0.64641094,4813.215,1.5560789,10.676735,0.12284574,0.08454262,0.0990059,0.053067803
0.6478232,4804.635,1.7223763,11.454043,0.115998484,0.072976254,0.11210186,0.05262035
0.6291175,5497.5396,0.81751835,10.933575,0.11756342,0.09514029,0.12289074,0.055256024
0.6501998,4821.3154,2.7615147,11.26324,0.08438834,0.10997242,0.071293935,0.09982215
0.6569941,4643.22,0.5479683,10.595991,0.13162333,0.120497465,0.064979754,0.062157396
0.6566723,4676.221,0.2012469,11.907847,0.09534832,0.07755596,0.09376635,0.08811912
0.65664184,4751.457,2.9753969,11.889167,0.10502511,0.106061995,0.07360259,0.052075587
0.6455611,4137.9556,1.1227602,6.429521,0.12844293,0.12532544,0.09743559,0.07723168
0.6595473,3390.724,5.3104153,4.6998014,0.13408947,0.08266255,0.0636363,0.07126561
0.67521113,3475.846,4.5887804,6.9504023,0.124031946,0.07165792,0.07622182,0.08447331
0.58313835,2670.4973,0.6533886,0.89467436,0.14672028,0.14541504,0.071707614,0.073060945
0.57935447,2826.2651,0.74424535,1.0305347,0.14654753,0.14530718,0.0726538,0.07046663
0.6595142,2340.1118,3.2829335,1.5457275,0.082515776,0.10524833,0.08110089,0.057933886
0.5999763,2784.7307,1.2940327,1.1639321,0.113076076,0.23066111,0.05665434,0.069355175
0.63890046,2448.527,2.450315,1.494612,0.12052186,0.19661364,0.120681904,0.06669364
0.7083548,2509.0503,1.1328179,3.8107672,0.091970935,0.1259857,0.09355929,0.08015571
0.6361895,4911.1797,2.1127942,9.604713,0.14378646,0.14230293,0.05760715,0.051261444
0.6436126,2404.984,1.7583513,1.3438014,0.12756558,0.08926598,0.10635061,0.09622355
0.63069296,2311.9722,2.4415202,1.0097938,0.13168983,0.08250551,0.070583336,0.05315188
0.67758334,2347.8105,0.32174343,1.9281995,0.091517255,0.0993459,0.07400914,0.0655571
0.6125192,2720.54,2.3460367,1.4228518,0.15066151,0.22399361,0.09755128,0.10032661
0.5833646,4901.7925,1.6045531,3.9308038,0.2013269,0.098354556,0.099492885,0.09042032
0.64911485,4563.4395,1.9469546,9.562343,0.10860708,0.17908144,0.048576634,0.055398025
0.64794123,4635.664,1.6376591,9.757738,0.13542481,0.1543267,0.10892075,0.055677798
0.6142316,3808.475,2.735996,3.0701227,0.11397689,0.08955333,0.07600421,0.084128655
0.6695371,4341.25,1.0351474,11.282233,0.096499935,0.1196368,0.07501141,0.049645882
0.53270537,1758.9279,1.1574752,0.2503225,0.098066546,0.10667426,0.1147228,0.09744412
0.5922942,2068.846,0.91330695,0.55502003,0.12275706,0.16399261,0.089073285,0.09385903
0.6807682,3271.0745,1.77338,6.105975,0.09274398,0.06906766,0.0642336,0.049095858
0.65679425,3711.4043,1.4059271,5.813998,0.116864994,0.21478823,0.102342606,0.071681924
0.62333703,3210.7537,2.586363,2.400103,0.09759588,0.091943,0.099123836,0.08423402
0.67570394,3006.962,2.2013328,4.329,0.103079036,0.12376818,0.11256101,0.12055339
0.68796957,2793.4976,2.6581059,4.292255,0.122451216,0.14028011,0.12965874,0.14843191
0.6725664,2975.62,2.3477495,4.1451087,0.119843856,0.15925342,0.122419804,0.17030378
0.6652222,2882.8357,0.921758,3.2741098,0.11197322,0.11806895,0.11354921,0.16191602
0.62424266,4958.242,3.4977205,7.008572,0.11769972,0.122186765,0.05711606,0.05687722
0.6214601,4851.9624,3.58483,6.9835925,0.116738066,0.12172416,0.057179227,0.057399064
0.6768555,3992.4697,0.7072152,10.103011,0.14189352,0.10159834,0.0920498,0.069638744
0.61673975,3700.89,0.85054076,3.2038088,0.15802687,0.080187075,0.081488475,0.05910685
0.68863297,2525.1323,1.1490024,2.8409836,0.16065538,0.18531427,0.070967734,0.07178644
0.6407276,2583.177,0.75762105,1.589804,0.13775977,0.18971252,0.05910013,0.049934395
0.6484037,2572.5833,0.86767346,1.7593282,0.13823016,0.19530548,0.061191984,0.05335088
0.6939027,1807.5338,1.2264458,1.0957798,0.16047874,0.1591344,0.081777364,0.072845995
0.6576365,3855.3982,2.6335847,7.498765,0.17506035,0.06348437,0.0827449,0.09490966
0.60264856,5142.318,0.49057946,5.448745,0.16953842,0.13028109,0.08618007,0.07728951
0.64127415,4163.2505,0.8884074,5.9341793,0.07819334,0.13354056,0.060554624,0.051321868
0.6405553,4163.6123,0.7626396,6.115941,0.07171895,0.1334327,0.051650144,0.045499094
0.61404353,4168.5967,1.0879917,4.060948,0.06940952,0.12188031,0.051832147,0.048688166
0.63819283,3400.656,3.0666132,3.338414,0.18711106,0.14505401,0.08184184,0.07136844
0.62692946,4135.0176,4.444642,4.8241944,0.14738247,0.14508878,0.07750241,0.07032112
0.614661,4729.476,4.5267277,5.676178,0.13869156,0.1502991,0.065777935,0.059751034
0.65872085,3227.5562,0.031849936,4.1629357,0.119005784,0.07097005,0.0987963,0.07094988
0.6815783,2726.3901,0.9662528,3.830049,0.36550418,0.14461292,0.06935551,0.065970436
0.7126935,2276.6736,0.51147586,3.1805315,0.34984413,0.12995078,0.066675976,0.061052203
0.66078955,2249.985,3.2813783,1.4807762,0.2339362,0.08203843,0.07792489,0.07502684
0.6873225,1664.1342,0.6497561,0.7654809,0.12024799,0.10761163,0.10164376,0.07765732
0.726588,2084.9805,2.6294162,3.1623898,0.102789745,0.10221103,0.08377881,0.08327619
0.6560833,2893.8801,1.6184849,2.7541246,0.11450389,0.09241642,0.08454558,0.04459948
0.6123295,5238.0024,2.6280615,7.24358,0.0986725,0.12082782,0.10752627,0.067302
0.6264238,5353.565,0.6993366,9.671647,0.14118177,0.09119272,0.05016961,0.06562752
0.6355915,5099.216,0.40258318,10.131866,0.18281904,0.104517184,0.052681986,0.07668061
0.6257993,5374.1587,0.9144136,9.822905,0.1740238,0.10755594,0.057573415,0.07518224
0.656077,4217.011,4.4821653,9.155596,0.14814174,0.08949664,0.064563684,0.0492941
0.6740317,3743.6196,4.8093877,8.940937,0.14959651,0.08381817,0.07137744,0.044174265
0.63515675,4912.353,0.16676657,9.465456,0.08031905,0.1323497,0.08493053,0.110750385
0.66455305,4400.348,0.6824373,10.908638,0.12692763,0.0670366,0.051966675,0.06659262
0.6803217,3857.7432,3.0675118,10.164942,0.11134583,0.10162978,0.09065451,0.06166689
0.6476521,4164.3027,2.929062,7.104589,0.1121552,0.10744873,0.081271164,0.05396594
0.6397695,2124.6377,0.65135676,0.8982161,0.12938453,0.1127093,0.06320339,0.072107054
0.66154647,1977.4663,0.7293026,0.90597636,0.11132719,0.11996664,0.05888718,0.07958419
0.6199094,3459.6917,0.31975034,2.7545006,0.114817426,0.083287194,0.08724205,0.05838199
0.6271836,3986.514,0.0593858,4.2348137,0.11153407,0.096432015,0.09526148,0.066015154
0.7311983,1852.2325,0.3921434,2.2740123,0.12051695,0.101453654,0.06422388,0.06747721
0.65165746,4519.7886,2.0764363,8.960126,0.15001498,0.08554503,0.082865894,0.08230354
0.6119567,5473.116,3.0745966,7.815867,0.15112549,0.07979244,0.06350208,0.09894483
0.6458426,3432.5254,1.3406321,4.0040812,0.10485153,0.108953506,0.11197375,0.04692073
0.62573814,3657.058,0.50285596,3.2533395,0.106157094,0.1283524,0.09289247,0.050635356
0.65195197,3498.7092,5.123868,4.5071,0.120601915,0.101898536,0.06342712,0.060231555
0.645264,3702.8374,0.15522198,4.4946456,0.09951407,0.09482742,0.09506794,0.07543455
0.6516879,3374.0642,0.24147724,4.194775,0.09260851,0.088769644,0.076222084,0.08444598
0.6862427,2858.8176,0.745119,4.431564,0.10397432,0.09216201,0.068249404,0.07210293
0.6601137,2609.0688,0.05440041,2.1835454,0.10421178,0.13701762,0.07554672,0.046868756
0.67531127,3152.4229,0.5842336,4.8059626,0.13130416,0.11376596,0.07195265,0.08209205
0.674038,2890.444,1.109169,3.975366,0.12333237,0.13955793,0.07142075,0.08569679
0.6249287,5295.51,1.3275772,8.665244,0.09522508,0.11923929,0.0696596,0.09532064
0.6712441,2164.98,1.4704152,1.4179416,0.16824558,0.08581376,0.080522306,0.056433413
0.62551403,5403.528,2.141317,9.367364,0.123642124,0.11857885,0.066784196,0.08229336
0.6098898,5446.9346,0.9189901,7.6637154,0.1329298,0.09145871,0.09323063,0.05033195
0.67282915,2657.5386,2.3106024,2.8010705,0.13551158,0.11580417,0.09516764,0.09230413
0.6953573,2726.6233,0.7744147,4.4887023,0.11120336,0.16365829,0.08236995,0.058830895
0.63723594,2979.0435,3.0845673,2.3338137,0.110475056,0.15221344,0.071534775,0.061140273
0.7257137,1787.1589,0.95003784,1.753131,0.09502464,0.16977233,0.08542346,0.08409123
0.65461534,2569.1328,2.0900595,1.8922812,0.107435994,0.10952372,0.06847655,0.055423863
0.6491931,3281.6084,0.9158194,3.5822217,0.14223757,0.12437919,0.07021974,0.05161257
0.64123935,3351.8462,0.89619374,3.261795,0.13401867,0.07723982,0.0830645,0.076235674
0.6307859,3565.3557,1.7493815,3.7112913,0.14726761,0.116942786,0.08808978,0.06943876
0.68969816,2886.9607,3.2687962,4.7320933,0.14104477,0.07913852,0.103543386,0.0672969
0.67696655,3738.391,1.2757647,8.947337,0.13794824,0.108742386,0.098105766,0.067591436
0.6522672,3972.7776,1.7049202,7.213255,0.15369622,0.10934825,0.07773662,0.089966506
0.6773351,3582.3345,1.6491666,7.642369,0.09411446,0.10980084,0.07251268,0.07720521
0.7073889,2863.3958,1.4481744,6.4777093,0.12066746,0.10097605,0.07809168,0.092479564
0.63309103,3563.7144,2.2543876,4.0098624,0.12791543,0.10223004,0.07979052,0.110158496
0.6368795,3569.3303,1.748422,4.232341,0.12317439,0.10244841,0.08394128,0.12338907
0.54011285,5406.315,1.1332247,2.9989986,0.16504133,0.11563107,0.075908884,0.11632867
0.7006234,2426.1294,3.1058965,3.3309379,0.085497156,0.123638526,0.11500148,0.04788842
0.6067896,3995.7131,3.4707348,3.2016106,0.15720412,0.12277875,0.05562841,0.10061029
0.6350119,3454.5544,0.6548573,3.1786234,0.10270014,0.1819828,0.070293814,0.042856067
0.6612851,3100.1965,4.2177424,3.7536108,0.08612706,0.13950488,0.064943545,0.058431342
0.60016763,5243.3667,0.28224978,5.821787,0.22669242,0.11203207,0.076364525,0.06939582
0.6340896,2528.5442,2.7492726,1.4826165,0.18981463,0.117175855,0.07877477,0.051036194
0.657033,2300.7183,1.0541829,1.4896889,0.075428315,0.09049024,0.09183528,0.073303826
0.58035195,2703.6768,2.8156455,0.93091375,0.112762354,0.09209186,0.087664545,0.07189762
0.642238,2124.8718,0.70167816,0.9677765,0.14433831,0.09724348,0.075540364,0.058423653
0.6258186,2830.7886,2.9788983,1.8022951,0.12066884,0.10348901,0.083054096,0.08107313
0.65327597,2872.2788,2.2899404,2.5210443,0.16808783,0.12219052,0.08994206,0.05906211
0.62575376,3422.0251,2.0610633,3.0449152,0.10399678,0.10420735,0.12107904,0.096845336
0.6567303,4620.8125,1.1825929,11.411602,0.13753614,0.08542574,0.074440226,0.046562985
0.65878105,4516.9287,0.97444403,11.485612,0.13856643,0.08675462,0.07569447,0.04270833
0.61331767,2379.781,3.5199592,0.8654296,0.091132626,0.1226952,0.109292686,0.11549161
0.6688522,3651.2231,1.4727983,6.5901365,0.07059201,0.10827912,0.12118206,0.06315577
0.62711567,4077.9907,1.8569759,5.096957,0.07382391,0.09843704,0.10928547,0.062455326
0.6492535,4500.9595,1.0698096,9.579578,0.093504325,0.14160007,0.072293945,0.107943624
0.63683856,4418.964,3.509348,7.4344654,0.111082286,0.08854477,0.10689984,0.0535489
0.63203764,4536.8667,0.9481546,7.0088353,0.08191575,0.10421978,0.056744155,0.069352165
0.6436109,3475.428,3.0499244,3.7624125,0.11084741,0.14037,0.067565724,0.049326513
0.61444026,4955.1533,0.23653506,6.4664164,0.088938214,0.09860092,0.056623567,0.10135185
0.59236366,3997.8342,2.1865733,2.6231954,0.121613376,0.11526544,0.07726564,0.10134569
0.645913,3492.642,1.2530557,4.3122306,0.115378104,0.089339755,0.09523003,0.057689495
0.67581224,3273.3945,1.0295526,5.6671352,0.098663844,0.0919265,0.12050135,0.05774995
0.60186845,2128.915,0.5482054,0.60812086,0.11323293,0.117153145,0.07618827,0.07651083
0.5396286,2414.6846,1.7012378,0.51797044,0.13311061,0.14774485,0.060056284,0.06227715
0.7061258,2313.6624,1.9646682,3.07168,0.10827726,0.10280347,0.10514116,0.094852224
0.70876867,2392.1123,0.50258225,3.4927125,0.13516264,0.0922196,0.06424829,0.08452837
0.6333921,1792.0165,2.4783049,0.56701523,0.13143918,0.07372711,0.07858141,0.052034643
0.6381014,3758.8088,0.71322346,4.4752655,0.09190503,0.09835556,0.06792217,0.07307793
0.6318443,4608.507,4.1911,7.065617,0.117300965,0.22474466,0.07125779,0.14614771
0.59473985,2817.0413,1.3595825,1.1700746,0.11071801,0.16600627,0.09424423,0.06697807
0.62271273,1865.5702,4.019715,0.53536904,0.100475796,0.17926511,0.07204782,0.0533325
0.6165152,3860.7268,0.66029036,3.6501734,0.102609776,0.15017901,0.08668846,0.13088907
0.6183182,3750.7053,0.82485116,3.607698,0.100053445,0.14166746,0.08561263,0.13533406
0.6744045,3485.0752,1.6262031,7.53469,0.11493139,0.078147724,0.098824024,0.0630383
0.6980424,2961.8914,2.7411547,6.00109,0.14425862,0.07786793,0.095533,0.062633894
0.71344393,2889.2393,1.3239856,8.322867,0.15886077,0.08502863,0.0942243,0.05237417
0.6154014,5615.2524,1.5524794,8.5300665,0.14036588,0.12923923,0.06321416,0.08753395
0.6093823,5275.768,0.4739906,7.4765997,0.1292511,0.09915811,0.11447138,0.12396531
0.69386226,2079.7478,1.5737417,1.835334,0.16858532,0.09711992,0.06381718,0.040487874
0.71171033,2462.3538,2.8103504,4.1831903,0.10765823,0.12670767,0.070254825,0.06950356
0.632952,5061.6685,1.1970602,9.242746,0.08584949,0.14785017,0.05655594,0.08113402
0.64425766,4494.5137,0.46568605,7.9569035,0.11221802,0.117111616,0.069668286,0.06890016
0.662737,4079.1453,0.4908858,8.575388,0.09167631,0.10448841,0.07599528,0.04896721
0.64262617,4361.172,0.6606993,6.892259,0.10370143,0.111360215,0.07775657,0.055857718
0.65431345,4492.15,0.24630257,10.036226,0.11186408,0.10454777,0.090562716,0.07813748
0.66217035,4037.4072,4.0081687,8.817515,0.09953269,0.08652849,0.072368085,0.054371648
0.6134199,2224.7412,0.4082146,0.8274941,0.16155607,0.10346728,0.06653716,0.08810589
0.628087,2749.362,1.004521,1.6156778,0.15168408,0.109825686,0.08397557,0.06450206
0.61844474,2447.6128,1.1562704,1.0837013,0.07892889,0.10302712,0.067326516,0.08150909
0.63245076,2197.408,2.4162667,0.90941757,0.10172692,0.094814286,0.064076245,0.07456085
0.5901655,3282.331,1.4542305,1.6394136,0.14755465,0.12562726,0.10058792,0.054290622
0.5991696,3090.8152,0.69416475,1.550149,0.13905069,0.09741585,0.07614291,0.06275483
0.6100058,2358.3418,0.7107965,0.86969537,0.13374002,0.08941758,0.07101131,0.053144112
0.656158,2621.245,0.5037491,2.2193148,0.10509761,0.091532424,0.112270474,0.061572544
0.6551633,2601.016,0.58978516,1.9884828,0.10702084,0.09071559,0.11340768,0.061063077
0.6634743,1965.0234,1.7853982,0.96210057,0.1201376,0.09588496,0.06451867,0.060899585
0.6475161,2788.597,2.182375,2.2100818,0.160688,0.09062909,0.061736267,0.07807368
0.66946167,3667.6228,1.5950234,7.342431,0.110152535,0.101895034,0.07947391,0.08224173
0.61099094,3605.524,0.7953252,2.8339376,0.12893128,0.086943194,0.08938821,0.08447601
0.609082,3405.922,0.4468938,2.4643488,0.13897765,0.07586687,0.085755,0.089795075
0.6282165,3568.187,1.334509,3.1967258,0.19655874,0.11058266,0.10759854,0.100778684
0.65006673,4827.3784,2.6248868,11.733562,0.11956442,0.110013165,0.049086716,0.04819455
0.6248349,5822.0938,1.0155042,11.604178,0.10992413,0.12985773,0.07140699,0.07695069
0.68501675,3471.0217,2.4443045,8.419128,0.09091314,0.14373721,0.106043816,0.11998446
0.68611705,2998.119,0.80847514,5.196041,0.112022854,0.097599596,0.10074796,0.10902301
0.61183995,2831.9778,3.2569504,1.4210556,0.15426365,0.10225561,0.075045824,0.047557585
0.62883645,2691.5317,1.1470647,1.6244364,0.15391807,0.08805776,0.0874761,0.056070432
0.60966635,2556.3215,2.0662284,1.0917865,0.1376447,0.13523751,0.091330044,0.066291735
0.66332513,4301.2754,2.2152078,10.120541,0.09630613,0.07461049,0.06402572,0.06601023
0.6580548,4323.601,3.243183,9.617548,0.090302154,0.07193521,0.061850768,0.059518754
0.6063837,2074.5881,3.034444,0.6060507,0.13675314,0.14542653,0.08990553,0.07299216
0.624977,2905.9788,1.3574035,1.8318044,0.1197055,0.065090775,0.06479635,0.06012772
0.6166635,2912.7505,1.9629308,1.6711557,0.13367732,0.0610033,0.06355953,0.06473593
0.6491165,2138.108,0.40113166,1.0312444,0.1382474,0.06423969,0.0697707,0.07994728
0.63442326,3790.4556,4.242141,4.4265323,0.08738763,0.14793825,0.06663741,0.048931673
0.6621057,1900.7684,0.44150528,0.8561365,0.08717814,0.123262025,0.09691036,0.097433664
0.5380352,2080.101,0.101585925,0.38259163,0.091769725,0.06528658,0.08633909,0.08222938
0.5365538,2103.7458,0.088000655,0.3818612,0.09145899,0.064666174,0.08644566,0.0826447
0.59227586,3073.4612,3.9265833,1.4203957,0.1116378,0.12890153,0.08138842,0.060862094
0.6255337,5111.176,1.0609508,8.200594,0.09330679,0.14381924,0.09388365,0.07157964
0.6309321,4917.587,1.5657431,8.655424,0.086404525,0.14899853,0.097883694,0.07591775
0.61547285,4111.4253,1.0539534,3.7469134,0.2172927,0.121701375,0.058024306,0.068483375
0.6654143,3775.274,1.6767797,7.7424254,0.083722085,0.08553591,0.11657347,0.054711852
0.6890083,3367.7737,0.7507739,7.713848,0.080190405,0.081336185,0.111077495,0.05978089
0.58169824,6703.9844,3.1647964,8.463051,0.11797322,0.09912589,0.061003197,0.07884236
0.566931,5811.3623,2.9038537,4.7065535,0.123004474,0.104050055,0.062725455,0.064901985
0.6036731,4763.246,2.780102,4.956765,0.117949,0.12394672,0.065490566,0.059988827
0.642207,4261.1704,2.1295116,6.4701886,0.12663856,0.12721814,0.06629761,0.04408081
0.63783765,3172.2844,1.7114285,2.7721283,0.10960747,0.10012169,0.090689465,0.10680206
0.65210503,3686.6956,2.2905188,5.356799,0.10236786,0.10014738,0.11046694,0.044011425
0.6183868,4218.368,2.9222507,4.3918986,0.1968289,0.11480253,0.061608724,0.114950955
0.6857533,3124.028,1.0640944,5.6600556,0.11878932,0.099073485,0.07766484,0.0632989
0.6517371,3679.9392,1.0592564,5.429641,0.10761617,0.08945639,0.07191216,0.05715762
0.6544549,3965.7432,1.7618296,7.1785846,0.093922734,0.09314511,0.08690504,0.053770635
0.66245437,2896.1797,0.70809704,3.147847,0.09766534,0.12180399,0.06956825,0.069737986
0.6379784,3546.6848,0.20288014,3.8367836,0.10047148,0.11996295,0.0858973,0.07747673
0.67448586,3587.7786,0.8085292,7.7077427,0.10546287,0.07772256,0.088936046,0.08532163
0.6207638,2608.9548,1.2281654,1.3571658,0.12590805,0.114157304,0.06342231,0.08260532
0.65485656,4400.73,0.546589,9.374161,0.14112537,0.096276194,0.075289175,0.050559744
0.5902282,1761.0172,2.5905492,0.35464734,0.1250428,0.187378,0.060777567,0.09710288
0.5572831,3061.5635,2.0395265,0.9701724,0.11856935,0.1719675,0.058143746,0.07537023
0.6449328,2653.5767,2.2345412,1.8169031,0.0913894,0.11783154,0.11061662,0.09303281
0.65559417,2485.4175,4.2182417,1.758159,0.08958848,0.0999865,0.11628256,0.071304254
0.6643937,2512.4626,3.5631375,2.0805779,0.08661974,0.10036291,0.0965107,0.06960898
0.646317,2310.667,2.0182662,1.2830318,0.104090974,0.10475763,0.07960892,0.058560584
0.7125805,2438.486,1.5975118,4.1898265,0.11622449,0.11924393,0.058479354,0.058647953
0.6682471,1893.115,0.8486758,0.95256776,0.10189746,0.12383412,0.05546763,0.11198248
0.61208004,2003.7854,2.9698324,0.61998636,0.10442139,0.12620378,0.05600072,0.09353416
0.5605532,1559.018,6.455209,0.21599662,0.11032968,0.107817486,0.06271938,0.10489281
0.64858216,2896.835,0.16936155,2.5408435,0.09259698,0.0842023,0.069124445,0.066516265
0.6174065,3062.9185,1.2328252,1.9629989,0.13156436,0.10846543,0.08041611,0.053620122
0.6237478,2135.4934,0.8007805,0.7596364,0.1085601,0.09145102,0.07045694,0.06844335
0.5954906,2129.5522,2.1929834,0.61644894,0.084235065,0.10903515,0.10130153,0.057803463
0.6506999,2936.6624,1.8730539,2.619171,0.12795535,0.12049724,0.078431316,0.04922274
0.66146505,2577.5312,1.742954,2.2841523,0.108315244,0.12682278,0.087017514,0.05579419
0.65537834,2494.044,1.3780962,1.7068076,0.11623571,0.12257553,0.08164734,0.06179523
0.63469124,4992.406,2.6886246,8.710465,0.12507556,0.114985384,0.06904546,0.061968394
0.6708439,3921.8113,1.5275614,8.718752,0.09632441,0.09691875,0.08148073,0.074539065
0.6433454,4384.1953,1.3469644,7.4376583,0.10592669,0.09012338,0.10693265,0.052268248
0.62388647,2777.7092,1.525775,1.5390029,0.12497434,0.09664768,0.0761424,0.09735669
0.633435,1992.0371,0.7182137,0.72491324,0.11167715,0.09447488,0.070749156,0.096348524
0.5651329,2261.9946,2.1163309,0.56358993,0.122446954,0.090864226,0.13102496,0.054602034
0.727917,2139.6848,1.7555707,3.6524198,0.09943353,0.097608745,0.1108721,0.087928206
0.7205485,2128.9087,0.49893156,2.5773187,0.12607627,0.08826303,0.085706554,0.0769225
0.6439343,4342.847,0.72799724,6.5873766,0.12113122,0.10666269,0.058693863,0.07041281
0.6452261,3977.1372,1.6481924,5.3564687,0.11595715,0.080698505,0.055573557,0.05033076
0.63345045,4315.037,3.3825011,5.7726054,0.1575999,0.09882705,0.08694835,0.060640153
0.69021654,2377.4822,0.9431793,2.498466,0.0769539,0.1260595,0.06404692,0.07491332
0.6849393,3515.4404,1.7137142,9.376874,0.19597217,0.1121672,0.08446954,0.04951074
0.7119826,3005.8687,2.7191544,9.662006,0.20178626,0.109994285,0.074576125,0.06292844
0.6761109,2107.276,1.6508591,1.5512166,0.080337964,0.096548215,0.05661883,0.07011458
0.6387937,4958.644,0.27464443,9.396223,0.13752945,0.12248161,0.09007518,0.05693348
0.60994315,5180.712,1.8948033,6.431554,0.1297406,0.09730504,0.13789521,0.06631217
0.6336596,4009.2354,2.4685886,5.0399866,0.09306591,0.08010927,0.12465171,0.068596214
0.65376955,3509.4524,1.7986429,4.8237405,0.10526966,0.07541889,0.08383716,0.07036771
0.64144593,3402.708,2.6368575,3.6468256,0.11782438,0.065364994,0.123589106,0.08877765
0.6418822,3467.8252,3.5585566,3.5932443,0.09910734,0.08353498,0.10494246,0.07966639
0.6505179,3252.4458,1.3010579,3.5855932,0.14524993,0.082758926,0.10600739,0.05348718
0.6544035,3227.1143,1.57094,3.737464,0.14684093,0.08348451,0.10861721,0.053981528
0.6893593,3113.1055,2.4610362,6.1294527,0.17116237,0.09578438,0.09083839,0.06776171
0.61846846,6001.7686,0.13466628,10.868353,0.12845616,0.09147252,0.05483633,0.090735406
0.69981724,3585.8726,3.2773297,11.988596,0.0854608,0.12499869,0.112762384,0.05178857
0.6391904,5401.4653,1.8422259,11.990531,0.084841825,0.11370531,0.11617404,0.049102984
0.67208713,4374.9478,1.7733103,11.990806,0.077193595,0.11057973,0.09274618,0.07862677
0.64844835,4526.849,1.1704683,9.559665,0.14221996,0.073950425,0.07986326,0.057830676
0.6731021,3018.5876,2.8525503,4.267318,0.08345284,0.088327594,0.07113291,0.058593627
0.652559,3250.2876,1.4753956,3.7706625,0.07334648,0.08986582,0.088792235,0.06302282
0.6320628,3856.8408,2.2004626,4.42519,0.09180008,0.09184413,0.07082327,0.059486195
0.7270237,2101.4983,1.1354593,2.95537,0.10554777,0.084075294,0.07456121,0.07269351
0.6578734,2175.3342,1.2421309,1.2419965,0.110101044,0.09655558,0.07541968,0.05077098
0.59569144,4486.122,2.9803178,4.1798787,0.11414609,0.10838098,0.0761715,0.11388603
0.67212206,3707.791,2.2988954,8.238703,0.108511865,0.07523064,0.0670201,0.061603907
0.67996454,3615.4917,1.818259,8.079627,0.10424848,0.09206927,0.08170157,0.07246751
0.72313386,2566.7432,1.4034891,6.6595283,0.14925686,0.10457506,0.080730274,0.09667954
0.70703655,2543.8296,1.1932585,4.563142,0.13372175,0.104588054,0.08436667,0.086831704
0.673084,3146.1138,4.060758,4.812244,0.105000526,0.14102201,0.08538887,0.06548991
0.6440116,4069.6162,0.3497993,5.8148484,0.123691514,0.14254737,0.07466586,0.06353929
0.62685156,3824.765,0.15302421,3.873716,0.12226486,0.1815308,0.08960431,0.048777174
0.63579506,3621.634,0.09517304,3.880739,0.09904866,0.14231077,0.087411806,0.04384377
0.6702478,2898.1401,2.0276835,3.63158,0.10866451,0.1458411,0.11020071,0.07705328
0.6742844,2011.2781,2.6887536,1.281501,0.072334856,0.13138843,0.061869882,0.075114004
0.68374187,2103.6033,1.8671625,1.6651832,0.07114711,0.14293444,0.06588578,0.0627347
0.67690927,2020.9674,0.79490876,1.1826154,0.072941706,0.13790168,0.06103768,0.070298456
0.66485083,2093.3433,1.1689883,1.2058239,0.08736034,0.1340909,0.071223296,0.0879316
0.65944797,1925.1401,2.8721776,0.8654815,0.07013145,0.1474355,0.08887282,0.080717266
0.6642213,1639.3627,2.1347578,0.54495376,0.066229396,0.13750514,0.08879717,0.08663674
0.66531837,2038.124,4.8119607,1.1276954,0.07052216,0.13579509,0.060893156,0.1367931
0.6492453,1294.092,3.6801124,0.29256782,0.08407315,0.1637701,0.058681604,0.081947066
0.65612084,1313.9993,4.963842,0.29942685,0.08901384,0.16119716,0.06220255,0.07877727
0.61534053,5317.168,0.38227227,8.397169,0.11532937,0.06072625,0.104360044,0.08963388
0.6215959,5354.6157,0.20568949,8.718403,0.090963304,0.06867644,0.08223352,0.049698915
0.62881774,5006.6626,0.10683174,8.117452,0.08090315,0.06531464,0.07066881,0.043342397
0.6528363,3654.0032,0.25542462,5.4807734,0.10109322,0.08131038,0.07339142,0.055900887
0.6459359,3388.9343,0.42326283,3.8413715,0.10186657,0.0948517,0.06100964,0.062040832
0.6480775,2953.8074,0.49935135,2.5679123,0.124058,0.100532874,0.0777409,0.071489334
0.6329881,4386.117,0.18344101,6.2825108,0.09065328,0.11289562,0.093749955,0.08150295
0.65954465,3435.274,0.35241717,4.69807,0.07251373,0.10731109,0.063404925,0.083798304
0.64747494,3165.4443,2.5283287,2.953672,0.093057565,0.10646396,0.044965584,0.09123548
0.6772745,2883.3306,1.186843,4.08235,0.0851493,0.059690803,0.09549841,0.05186729
0.6666528,2862.8616,0.9324942,3.2251155,0.08485949,0.065803096,0.09627351,0.06583938
0.62077624,4128.296,3.5306983,4.4446797,0.09230378,0.10308993,0.070771106,0.060305487
0.6676357,2865.9346,0.67668664,3.0666153,0.11817498,0.074244015,0.07752414,0.0641069
0.6763224,2947.0059,0.10836301,4.1124163,0.114656165,0.0567749,0.083792895,0.05763354
0.656695,3433.7656,0.10297772,4.6469145,0.13210796,0.074848145,0.08221454,0.0559224
0.64361244,4866.746,0.02125331,10.764732,0.13700633,0.16998276,0.09145241,0.092796445
0.6936581,3092.6306,0.1408362,6.8985796,0.09687136,0.096949324,0.10604801,0.059581593
0.66845924,3669.1396,0.35303244,6.772729,0.098464355,0.116850644,0.060791742,0.053775124
0.6601054,4190.4844,0.012739938,9.030386,0.1205381,0.07342177,0.11633688,0.07459976
0.6335759,4786.736,0.13353701,8.050843,0.10325089,0.10040168,0.0840839,0.052351747
0.6633655,3961.5764,0.12083546,7.472635,0.11130132,0.10523074,0.093848825,0.10566986
0.6908617,3648.148,4.874153,10.208809,0.18308708,0.11584808,0.05508743,0.06887219
0.6684381,3610.2012,1.9211918,6.6224766,0.15832359,0.09624383,0.059204347,0.06337242
0.6658204,3802.8723,1.8949983,7.362034,0.1400626,0.10290541,0.063195854,0.060401537
0.6228186,2095.175,1.5821292,0.75942814,0.08709039,0.11174927,0.11112396,0.0711603
0.6456522,2438.254,2.6640515,1.4901001,0.14912452,0.10645886,0.06850655,0.06802409
0.64066845,2749.2031,2.8137994,1.9543903,0.13431078,0.10247223,0.06749319,0.06909933
0.6603083,4333.2812,2.55175,10.157948,0.09236139,0.101029076,0.09238714,0.0560576
0.5887825,2521.6824,1.1217139,0.8653469,0.11756667,0.09276107,0.17458732,0.08962412
0.62061393,2146.1226,2.7854006,0.7452774,0.13963905,0.081500344,0.16683197,0.075953975
0.54460114,1584.9045,0.30632055,0.217194,0.10801785,0.08871574,0.06147737,0.11931952
0.5649766,2110.1765,0.31220138,0.46067768,0.1264548,0.06781235,0.08526456,0.05780141
0.59192777,2412.1287,3.4637778,0.8582357,0.16288039,0.107580274,0.10569443,0.078391664
0.73289376,2622.3655,0.59580135,8.705115,0.11480325,0.1638206,0.060548775,0.070341825
0.5488035,1922.4622,1.7173363,0.33528832,0.12953371,0.073171556,0.10890956,0.08400675
0.7040321,3408.7139,1.767865,10.813633,0.11956428,0.14588156,0.057021346,0.08391779
0.7277789,2839.192,2.3627837,9.93698,0.08558518,0.15201233,0.059058264,0.08872532
0.6031023,1822.9944,0.88600355,0.43541625,0.13445717,0.061478514,0.085632205,0.054929785
0.59129727,1998.5105,1.0157065,0.5251063,0.12635686,0.054941535,0.07953349,0.043613844
0.60623634,2039.8069,1.9804896,0.5964993,0.10487781,0.06365668,0.08211483,0.05861446
0.58590484,2242.6143,2.2170444,0.62999296,0.12318646,0.06799836,0.08644314,0.056977995
0.60087025,1697.8481,3.2375586,0.37988305,0.10587446,0.06694995,0.10247099,0.055453114
0.60676116,2196.756,2.351756,0.7221098,0.1005449,0.075713694,0.0868563,0.078072086
0.5622311,2247.1584,2.1391788,0.5199994,0.13896492,0.101050824,0.08716964,0.05144944
0.5531229,1674.877,2.9769678,0.26813707,0.12861161,0.12644163,0.08691679,0.048398234
0.69610435,3485.6824,3.7708614,11.095324,0.1738497,0.09337756,0.071672715,0.10167711
0.6414816,5145.737,0.5584939,11.055951,0.10501613,0.07280903,0.07001993,0.03745768
0.6456264,4729.61,0.5269741,9.914637,0.096512035,0.10857125,0.1245521,0.11336672
0.66121346,2698.3684,4.0996084,2.3594437,0.100615956,0.08947699,0.13326442,0.04024425
0.6562471,2449.8777,3.3029013,1.7943397,0.09780522,0.10024472,0.13117196,0.04858087
0.64003557,2409.8574,2.1635094,1.3696133,0.09287743,0.10421319,0.1270501,0.046828084
0.58736974,2205.8574,1.8421612,0.5758896,0.10004562,0.09791842,0.049832337,0.0896579
0.59224707,2200.6577,1.850401,0.5913272,0.09983141,0.091455005,0.046884388,0.07280999
0.5868172,2940.9167,4.045613,1.2216872,0.08711982,0.087545246,0.0505933,0.05916907
0.6237868,2341.245,0.9343799,1.0062329,0.11532998,0.107731,0.058049988,0.06526138
0.56115824,2368.3035,3.6523762,0.5522228,0.1333667,0.13558275,0.05413002,0.071638495
0.699145,3313.9294,0.6338322,9.60555,0.09661386,0.07588809,0.09814989,0.06402113
0.6145885,5695.904,0.85174423,8.974318,0.14032522,0.14040273,0.060133427,0.08632955
0.6677891,2844.8064,3.1753783,3.075473,0.1444105,0.12006129,0.07853021,0.04611601
0.6754744,2805.6616,1.0346729,3.501293,0.12985452,0.086017676,0.08015718,0.14895706
0.66839474,3079.3528,1.472203,4.1526027,0.131338,0.096858636,0.08559373,0.16633232
0.58079493,4788.673,2.5612316,3.6378872,0.17388159,0.09328441,0.08466092,0.07503502
0.58911747,4428.0977,1.2667449,3.2505019,0.15560783,0.10791012,0.0871606,0.08349544
0.63007414,3573.9043,2.159953,3.6115003,0.10695804,0.088664226,0.101273134,0.077877626
0.65380234,3599.0337,3.914146,4.9562917,0.10782918,0.102654725,0.13020597,0.059283927
0.635538,4142.384,0.73086995,5.79364,0.08767188,0.07563903,0.07272947,0.06536746
0.678951,2536.3503,2.2422657,2.4831755,0.12836327,0.12967013,0.13396472,0.071135744
0.60049576,3122.9438,1.8774248,1.5707313,0.09803286,0.08037782,0.09254439,0.06600187
0.6662197,2241.776,1.634817,1.638779,0.103982896,0.1347983,0.07389943,0.08512821
0.6751571,3638.3135,2.8852267,7.829566,0.088372126,0.17041773,0.09015467,0.08126113
0.65296733,4043.5942,0.79055655,6.9293647,0.1331947,0.18057095,0.05795588,0.06294753
0.6071677,3143.0557,3.7175934,1.9363376,0.14902999,0.069002286,0.10327339,0.0730571
0.70676535,3159.959,0.4701903,8.644849,0.09469898,0.18878044,0.059153203,0.06079838
0.70001596,3098.8162,0.40477526,6.9229336,0.096616745,0.18198586,0.05982975,0.052886553
0.63930607,4162.948,1.9129391,6.3051643,0.071336135,0.20034614,0.058741193,0.066551715
0.6416292,3308.287,2.2077796,3.4731832,0.0981805,0.1866908,0.050753515,0.056998458
0.6347649,2903.2886,1.9913884,2.3442886,0.13624215,0.06765562,0.09311858,0.09006362
0.65919113,4533.186,1.6816087,9.942585,0.104035795,0.17306015,0.07420471,0.04679688
0.6539842,4389.451,1.688426,10.147996,0.104120836,0.17303143,0.07616148,0.046539165
0.637324,3345.7195,2.2409468,3.302649,0.084374785,0.083038315,0.08295097,0.107238844
0.61578584,3737.102,1.7894816,3.2161179,0.0998426,0.07411355,0.07001767,0.14234792
0.6199744,4906.5664,1.7427328,6.922963,0.10528548,0.09345703,0.08317672,0.087552816
0.67758137,1958.1721,2.0624697,1.1555982,0.1260793,0.08962625,0.06478121,0.052591816
0.6534221,2614.123,0.5744363,1.9599575,0.09852149,0.09250459,0.07612655,0.16099945
0.59062773,2585.3667,0.35456005,0.99176884,0.099718064,0.081693545,0.062312942,0.14409421
0.606846,2920.9453,0.51810426,1.6256196,0.102308676,0.08240552,0.06837296,0.14057721
0.66462225,3645.4482,2.1267931,6.6558537,0.078987285,0.13186681,0.10391742,0.05855243
0.6035656,3988.203,2.0728395,2.9891014,0.15124375,0.09640928,0.053543244,0.09429214
0.67869055,3701.6287,2.2615626,9.193409,0.086825885,0.1023034,0.12876481,0.04460007
0.68376714,3591.2,2.589874,9.160486,0.076692514,0.109536774,0.13332777,0.04383403
0.6187842,3799.9905,0.8455458,3.4251266,0.088023245,0.0909364,0.11332287,0.06542861
0.6017356,4306.9033,0.4715506,3.7884893,0.088587016,0.09531966,0.12377092,0.057955492
0.68959796,2571.0303,3.3461776,3.54925,0.07594407,0.057704378,0.1167541,0.107582174
0.68717295,2550.7234,3.019761,2.8817115,0.07749498,0.05810777,0.118067086,0.10760354
0.6011086,6004.116,0.39289007,8.61349,0.17980218,0.21466018,0.056452993,0.08250555
0.60310185,6058.6123,2.7422233,9.633955,0.21617098,0.13536412,0.069195114,0.06656208
0.60992193,4910.557,0.59973085,5.3659706,0.30637702,0.094022684,0.08652739,0.10595473
0.58809775,4098.135,0.3271368,2.7414746,0.28812444,0.0920593,0.080537625,0.10722399
0.6219053,3778.5405,1.3693744,3.348122,0.11362752,0.13184993,0.058640976,0.04862129
0.6040084,5325.066,2.9227724,6.724511,0.13283747,0.12687387,0.07051202,0.07292124
0.6678764,3525.389,1.8808944,5.9101257,0.111471094,0.106647104,0.06361458,0.0846017
0.6422827,3719.7986,1.6734397,4.4638534,0.11255535,0.17617752,0.060939703,0.06634429
0.6259788,4378.8193,2.927694,5.4553986,0.0987336,0.12055169,0.06594168,0.07430656
0.6138612,4776.35,1.0615087,5.5932913,0.10336444,0.12343294,0.08419166,0.069199204
0.62444466,4509.765,2.4462755,5.6068664,0.0914513,0.11141861,0.11220823,0.08594877
0.58722603,5466.943,0.92390823,5.332113,0.09557269,0.15875536,0.06722144,0.1199039
0.7194703,2087.1602,0.82796556,2.8701217,0.19832976,0.07987244,0.08938224,0.05482608
0.7264558,2544.4438,1.582194,6.893407,0.22030942,0.06932826,0.09633024,0.06601347
0.74315816,2371.1023,1.261308,8.114869,0.2334012,0.064200245,0.11260052,0.06830849
0.76026183,2183.4392,1.5751476,8.435387,0.21001488,0.057415627,0.10660955,0.08747087
0.5484715,5274.784,2.1562037,2.9934373,0.085782215,0.19077155,0.17778137,0.054689262
0.5425962,5351.7817,2.387115,2.9384604,0.08130041,0.1922632,0.18191704,0.053312402
0.5905319,4146.756,2.529482,2.9597094,0.09125767,0.27844763,0.19541298,0.057203785
0.6112995,4149.1875,0.24715672,3.836774,0.08961196,0.20019904,0.12943636,0.07568242
0.6408064,4435.2886,0.63622284,7.686178,0.08278696,0.110070676,0.09251988,0.06358157
0.67125124,3032.0908,3.6779616,4.520629,0.12949826,0.11112801,0.08043544,0.07251166
0.66496533,3160.2375,1.3136079,4.10367,0.09694146,0.14240517,0.09025769,0.083410256
0.6796461,2622.2974,2.4388304,2.9656477,0.13099769,0.12139327,0.07438409,0.058945727
0.6953816,2662.8684,4.7682743,4.181391,0.1345095,0.12826888,0.07387042,0.05278357
0.6960732,2899.3318,2.0421395,5.6554503,0.13203478,0.11192579,0.0727569,0.048303004
0.6937819,3346.3342,1.7193837,9.008725,0.11538608,0.13629094,0.07417755,0.050044484
0.69560546,2887.2437,0.55188113,5.457534,0.12811662,0.11576232,0.07563072,0.06325611
0.6745017,1816.2687,2.4641523,0.8996403,0.11949366,0.08008948,0.092688516,0.0652212
0.59552306,5560.9175,1.8806477,6.3153276,0.123308875,0.13211457,0.06127485,0.08906464
0.61042166,5673.09,2.4198616,8.286173,0.13607374,0.13385652,0.070019044,0.089749314
0.6576342,3209.2673,0.79049635,3.983356,0.1636945,0.15728551,0.06625786,0.07211538
0.67260534,3598.8948,2.7324026,7.2128253,0.12586243,0.097167954,0.10683836,0.057492226
0.6561764,2667.2832,1.3784847,2.1509717,0.0844864,0.1262391,0.086717874,0.08501392
0.6404445,5148.123,2.5093396,10.954412,0.0978034,0.09489545,0.06947505,0.06168752
0.6230632,5548.526,2.322797,10.157325,0.07696289,0.10260513,0.091591276,0.053952113
0.62521946,5821.427,1.4999921,11.709978,0.07811442,0.10327657,0.054077186,0.07903917
0.6719016,4222.6694,1.7550409,11.521299,0.081429824,0.08434095,0.07122161,0.060367156
0.6695224,4286.93,0.76252663,11.790363,0.09857309,0.07115432,0.049622312,0.05671314
0.68294406,3996.3213,0.48933718,11.826306,0.102034315,0.08886536,0.07148903,0.10074601
0.6716067,4212.158,0.49983096,11.587057,0.118000165,0.10981016,0.07967836,0.055005427
0.6796016,3977.3,1.9617944,10.990765,0.11636279,0.082825765,0.08027053,0.09524683
0.67290246,4116.7905,2.429995,11.080948,0.17078422,0.08633643,0.08962202,0.077186786
0.67192376,4138.9214,0.7546702,10.662596,0.14062178,0.08161474,0.087498896,0.09243548
0.64961976,4071.877,3.460921,6.936631,0.13130909,0.07884459,0.06301636,0.055409223
0.65074354,2557.6353,0.72666436,1.8465211,0.112405494,0.096229956,0.09151688,0.10454305
0.6741503,2081.4607,0.7919488,1.304758,0.1020592,0.10056056,0.09890664,0.094785064
0.69743603,1818.3827,3.7578182,1.2172515,0.1481686,0.075552896,0.057183344,0.07912405
0.6842302,1934.6622,1.6480677,1.2838666,0.1337062,0.106448025,0.07037378,0.043705683
0.6894251,2201.3916,3.2233372,1.974563,0.15144624,0.09538407,0.100875296,0.06796067
0.65029675,2833.4827,0.33966187,2.5281425,0.09948363,0.11056729,0.06023888,0.06800194
0.6319051,3137.042,0.33965716,2.4953954,0.1181461,0.121140145,0.085123055,0.07895313
0.62622666,3122.2031,0.31979352,2.2576213,0.11557722,0.12723975,0.07734837,0.081065744
0.63657236,4616.528,0.84271413,7.144464,0.12335783,0.102613784,0.07277982,0.06924491
0.62523174,5279.3223,1.42148,8.925075,0.12148708,0.10958343,0.07385212,0.0706995
0.68014866,2960.3901,2.0881107,4.952546,0.1348238,0.116236016,0.08060528,0.046930734
0.6429287,3118.9236,2.1982603,2.6617289,0.09788211,0.0972833,0.06926766,0.12988488
0.66370827,3743.247,1.7080052,6.939789,0.109433174,0.10923959,0.071654275,0.04065229
0.6506914,2492.329,2.3400803,1.768435,0.09781727,0.08229589,0.07397316,0.11290036
0.66877794,2361.2368,1.6981721,1.8925699,0.13989465,0.08160997,0.07460485,0.09827633
0.71869385,2342.2136,1.5314704,3.9531832,0.11432666,0.13045855,0.10622659,0.079190046
0.7221849,2364.1365,1.250643,4.845395,0.11857976,0.13774982,0.1076058,0.07939921
0.6893372,2478.2393,1.3288008,2.7832234,0.13310988,0.07185894,0.057460215,0.058336936
0.6796126,3131.195,1.8439373,5.5295506,0.15725313,0.07589303,0.080771014,0.061388936
0.6816046,3740.6045,1.439029,9.758979,0.1313127,0.07897586,0.06487104,0.08783962
0.6460792,2417.6013,0.48238048,1.431278,0.15827203,0.124138124,0.08886117,0.049268734
0.6439764,2166.4534,0.54476047,1.1112994,0.18014741,0.09519414,0.09066227,0.043150906
0.6433029,1954.4691,0.7199185,0.77870697,0.14031875,0.10800512,0.09475759,0.07363506
0.72428733,2096.094,0.03044676,2.8968706,0.17165588,0.2217677,0.07713884,0.074523196
0.68732566,2068.9895,0.64759487,1.6274041,0.10709673,0.119178385,0.05700396,0.057906598
0.7328613,2055.545,1.4601408,3.0184102,0.11138459,0.12081064,0.09433727,0.060591348
0.7237468,1698.1427,2.3110156,1.5811013,0.14944525,0.14664294,0.14304739,0.097774185
0.64441586,2226.0652,1.6428944,1.1121738,0.0909958,0.083900444,0.101079985,0.047153253
0.6465687,2457.453,1.4670941,1.5868493,0.1032138,0.07821976,0.082841046,0.058510706
0.61576,1945.9573,2.3084366,0.5780504,0.11935788,0.10304204,0.08152887,0.067953445
0.5533423,3016.18,2.4424305,0.9016279,0.14919975,0.10472826,0.06580751,0.04937491
0.6275265,1804.1625,1.1092705,0.5411181,0.090952836,0.09606834,0.06855014,0.050950713
0.5868155,3033.6777,1.164013,1.3585464,0.06673073,0.0804089,0.06737573,0.0670992
0.63353014,2323.4778,2.742666,1.1421022,0.115024015,0.08597936,0.061984118,0.084565625
0.68452895,2021.633,1.6513305,1.3899261,0.10212061,0.108412564,0.060418546,0.074465595
0.7105696,1705.8275,2.7863436,1.213438,0.10481094,0.08037304,0.07506528,0.06673896
0.60006016,5543.0273,0.41463494,6.7866163,0.119755566,0.12901393,0.07253996,0.072758
0.6028801,5562.4365,0.56205225,7.0300603,0.12445568,0.13457501,0.07160959,0.060891178
0.66285056,4512.516,2.4149404,10.842894,0.13338885,0.102032416,0.06293837,0.062043805
0.65367115,4501.013,1.3735559,9.793654,0.12295383,0.10195149,0.05940493,0.09265931
0.5824375,3306.6729,2.5513873,1.6194499,0.0953563,0.085417375,0.07616724,0.075802885
0.599892,2692.269,2.0459146,1.1737434,0.1102947,0.08333633,0.06772778,0.084039
0.67346287,2589.659,1.8082783,2.7970757,0.14528787,0.13053325,0.08607522,0.073982134
0.6745708,4232.3843,2.4678688,11.906011,0.10726804,0.09024764,0.06534209,0.07661235
0.6799899,4119.701,3.4981987,11.958145,0.11762067,0.08826004,0.060939293,0.047019895
0.6867879,3884.1194,3.600281,11.948356,0.13144182,0.086254954,0.059601426,0.046388786
0.6857917,3948.8772,3.9983065,11.950304,0.123155065,0.07526312,0.05738794,0.049240667
0.6277951,5666.026,0.54817045,11.895073,0.096328154,0.09573321,0.051757462,0.06144005
0.6616305,4525.7627,0.468747,11.875167,0.112137176,0.13137464,0.05483798,0.04262971
0.66311103,4551.9697,2.895938,11.937166,0.09274942,0.07023789,0.10130445,0.12888539
0.6523351,3556.918,2.6812272,4.535068,0.14379269,0.18911994,0.0692983,0.047915317
0.61762345,3460.0488,3.0696797,2.6312392,0.15245938,0.16281015,0.061126687,0.091058955
0.6141026,5190.9194,0.9460703,6.9658566,0.1317088,0.15791939,0.07248452,0.061518323
0.6460609,2443.742,3.3595948,1.5702249,0.10928646,0.09008649,0.06435211,0.07192102
0.6454835,1814.6129,3.7996671,0.66151524,0.13115382,0.09490143,0.07938269,0.08057435
0.59712434,2052.7876,1.2438821,0.5461475,0.08474331,0.1093736,0.06673137,0.10744919
0.6262872,2679.4282,2.8857303,1.4834664,0.11057649,0.109093994,0.07182224,0.09979822
0.58009917,3135.7913,1.1319724,1.3829497,0.124320485,0.08234955,0.121779166,0.07225373
0.56883264,2204.3276,2.4108748,0.52304065,0.15242967,0.112034954,0.058723018,0.06940372
0.62383616,2880.1848,0.6381845,1.7732005,0.08639956,0.14634332,0.10508766,0.06066064
0.63633335,2703.9219,3.2177668,1.7495296,0.11142284,0.113226235,0.098456495,0.048509844
0.6200861,2544.285,1.1669327,1.2319198,0.111506626,0.16181037,0.07288234,0.08257704
0.609314,3666.7146,0.39315268,2.738686,0.08486954,0.13893197,0.062036276,0.067494914
0.65931684,3865.5662,1.4374136,7.1629176,0.228146,0.09726818,0.115266286,0.05262118
0.6736198,3637.1003,1.4383268,7.439664,0.22878027,0.10935386,0.10096589,0.06515313
0.6749429,3182.2495,2.5806406,4.8900404,0.19397268,0.07468646,0.08632309,0.0977234
0.64963245,3746.5537,2.515602,5.6797967,0.07575104,0.15064673,0.06744957,0.05907315
0.6125895,5200.504,0.6330123,6.7651854,0.13514511,0.08565663,0.079354435,0.070150785
0.6811782,3699.1272,4.5927534,10.236934,0.18262106,0.06346961,0.11137809,0.059388995
0.590899,1909.2836,0.13077295,0.42519778,0.075423725,0.16745952,0.18762316,0.08764338
0.5600299,1863.594,3.106895,0.34073305,0.17664404,0.09200164,0.09524676,0.05187829
0.60318345,2419.7808,1.1628197,0.8952447,0.093269445,0.10451946,0.062333107,0.06800069
0.6971753,3265.8167,2.84308,8.919361,0.12867928,0.10264212,0.07577786,0.06183219
0.6358267,3328.3748,0.48567164,2.9374719,0.120196275,0.12804992,0.048093416,0.11152415
0.6060857,4187.737,4.2724767,3.7281363,0.12334963,0.119900785,0.09177848,0.05873653
0.68978447,2239.3154,3.5037098,2.1423597,0.0912929,0.1252746,0.057615764,0.06550898
0.65046126,2238.7825,1.8522811,1.2139581,0.06807365,0.14115313,0.050337408,0.054250255
0.64646864,2148.2915,2.1252675,1.0802823,0.06572777,0.12851214,0.05071124,0.055222545
0.6090936,2809.0312,3.1388938,1.4196846,0.07971591,0.10863772,0.07003429,0.07490402
0.6082168,2553.4922,0.9392715,1.1430569,0.122754686,0.08776003,0.16041707,0.08508069
0.5899331,1806.5137,1.116,0.39836967,0.108552955,0.07939467,0.12520705,0.08741153
0.6653444,3478.4563,2.9041812,5.7113495,0.09500912,0.124598645,0.099069566,0.04885866
0.67544395,3000.4834,3.2419493,4.2645826,0.09883162,0.10257171,0.10361866,0.045246556
0.6679565,3141.7288,3.0615213,4.5640078,0.098664224,0.09897522,0.1015862,0.049408786
0.666109,3364.4917,0.7557049,5.244857,0.10561161,0.07233682,0.08749679,0.04828312
0.64100933,3309.622,0.4731471,3.2097514,0.095735,0.089324184,0.084139064,0.061126616
0.67322004,2973.9756,2.8899553,4.1156416,0.10241039,0.074759275,0.10092974,0.046949748
0.6431536,2980.8486,2.0156572,2.5277665,0.08895361,0.1052325,0.11001915,0.11703846
0.62749165,4064.7412,0.94910157,4.68664,0.09347561,0.109659776,0.09924479,0.11176347
0.613809,3184.3003,1.1046758,1.9851815,0.12325165,0.14076923,0.05664379,0.080520675
0.4598202,1366.3666,0.9382083,0.07367127,0.10165535,0.06369735,0.14608756,0.07689572
0.47654015,1335.0232,3.0332823,0.071510985,0.10759323,0.07188367,0.087418534,0.12006951
0.43913236,1226.5928,3.3508742,0.022843977,0.15702136,0.14040183,0.07359123,0.03909016
0.4137539,1420.4081,1.2545041,0.036546815,0.21205024,0.11723375,0.04986407,0.10098151
0.414732,1454.425,1.8784401,0.045773394,0.23149318,0.117073536,0.054465126,0.09392872
0.4749239,1099.407,0.536994,0.021874167,0.12991142,0.0882621,0.13768332,0.072353385
0.46853116,1799.4943,2.1891224,0.1882697,0.0929793,0.09559762,0.052669477,0.07193656
0.5564009,1406.1771,2.7109318,0.18612625,0.10171697,0.2120897,0.108264044,0.054083604
0.57857007,1962.8175,0.6810815,0.43208984,0.10426563,0.25600848,0.110488124,0.065402344
0.594974,2883.5796,1.1210915,1.2456692,0.14262801,0.23470378,0.07086892,0.04728001
0.60634875,3023.413,0.8874743,1.5986419,0.14056146,0.25014243,0.0735578,0.058870643
0.6240003,2729.1912,0.6446793,1.5838947,0.11954673,0.24004176,0.074657835,0.07242636
0.6919686,2589.759,0.84108174,3.4660265,0.0993548,0.0552436,0.069007136,0.05885682
0.6881154,2576.2188,1.1637318,3.1711717,0.11548588,0.08377296,0.071801215,0.074166775
0.6911401,3439.5872,1.34046,8.926054,0.07588715,0.09742412,0.07621114,0.06047354
0.6336509,4793.668,2.7168334,7.9428396,0.15673149,0.0928064,0.08853085,0.06267529
0.75306094,2330.94,1.2342265,8.638699,0.10693076,0.08332457,0.09045552,0.07036657
0.66772825,3293.5137,2.3641098,4.9094462,0.123094246,0.07886668,0.06478282,0.07137699
0.57601434,2324.0945,1.4278119,0.6092849,0.11044867,0.12359844,0.10300232,0.07705592
0.5500319,2246.449,1.7378664,0.46390432,0.13207987,0.14186108,0.09389399,0.065286234
0.53330415,2247.8738,2.217726,0.41699392,0.13641039,0.1295606,0.095977224,0.064321935
0.46790406,1093.9794,0.55188066,0.010062915,0.09562057,0.10810897,0.06603415,0.067110546
0.46049836,1115.2615,0.6197444,0.010143025,0.15633401,0.06858903,0.06889619,0.087553576
0.42407155,1206.5107,0.6774547,0.010165137,0.09150489,0.1437829,0.08919992,0.06335131
0.449169,1323.9728,1.453147,0.046446532,0.1374708,0.066809915,0.07966791,0.08842045
0.43771547,1213.6749,1.889948,0.011736969,0.10001299,0.12814274,0.08390231,0.06486052
0.41584828,1231.4087,1.781193,0.010675285,0.10864663,0.15302216,0.11678522,0.06748161
0.42962217,1211.2819,2.3640234,0.011442712,0.1007832,0.16529773,0.11240702,0.06167355
0.45591712,1184.9056,2.0787423,0.024291288,0.10531101,0.103091896,0.05698456,0.069707565
0.4458604,1191.0054,1.3794785,0.02070684,0.12671295,0.11495597,0.05371259,0.056018334
0.45839614,1134.8081,2.7523782,0.013991187,0.13513638,0.109656975,0.05853663,0.07103168
0.46879822,1120.9205,2.0828047,0.014188231,0.14804293,0.12883273,0.057260696,0.06872601
0.4303069,1304.7303,2.1353772,0.026028618,0.12874095,0.07155219,0.10536176,0.058567062
0.47838876,1140.1552,2.722057,0.016999397,0.086691596,0.123133756,0.06280847,0.10024609
0.46137717,1378.0673,1.3263427,0.0737748,0.14048436,0.07628662,0.14748095,0.06575691
0.45657226,1390.6707,0.86079526,0.07917164,0.13660555,0.076551884,0.15335938,0.06373489
0.5085358,1490.3807,1.0269645,0.15910159,0.19357353,0.09871585,0.11034594,0.05963156
0.6979582,3487.7048,0.9041079,10.949297,0.08035369,0.08655461,0.055428304,0.056164704
0.6349054,4919.462,3.4930243,8.930443,0.117340185,0.06597288,0.0857548,0.06501746
0.6661248,4485.7837,0.6089949,11.924209,0.097107716,0.12599349,0.1129303,0.08408287
0.5408437,1798.3495,1.0311403,0.2701872,0.124577045,0.08318453,0.058303315,0.09490751
0.6170642,2388.8862,2.241627,0.99583006,0.07891053,0.09843821,0.09082301,0.069341205
0.6009172,2640.3628,0.687991,1.1462882,0.07251114,0.07380944,0.09770647,0.07585353
0.6284608,2484.9827,2.7743778,1.3368378,0.13921571,0.098958164,0.16376708,0.06499689
0.6584311,2242.1487,1.9338722,1.3842273,0.11817819,0.11496452,0.049130846,0.06381937
0.6697352,2151.2756,2.2217877,1.4112246,0.12943985,0.14681658,0.05334671,0.07723614
0.69695365,2836.4863,1.2192746,5.028857,0.09186189,0.10122755,0.079261035,0.06617289
0.66940606,2401.508,1.7753342,1.9076016,0.101731844,0.10233028,0.06268535,0.09024277
0.6600308,2414.774,1.8318309,1.7432246,0.091325596,0.10165305,0.063120596,0.073511094
0.72822994,1884.3325,0.54176736,2.152007,0.13439535,0.08552246,0.05784866,0.049475305
0.65785766,3667.851,2.8262053,5.7565246,0.14683773,0.07870661,0.08228745,0.080266
0.6465985,4508.7407,0.5014616,8.255896,0.101926506,0.121261686,0.085979044,0.053652465
0.6534444,4233.8496,0.2791877,8.9225855,0.108862154,0.10106374,0.05645906,0.0573778
0.6810584,4007.5422,1.1980212,10.526435,0.10728536,0.08253099,0.055692893,0.08863388
0.675364,3926.7644,0.87746865,10.534444,0.11086702,0.084939845,0.05058773,0.09242199
0.632483,2604.8,1.6139841,1.3633015,0.21313888,0.12181285,0.15454254,0.0837315
0.5812928,2809.868,2.0861213,1.1360288,0.22234713,0.095615104,0.15822193,0.1035054
0.5887431,1708.3689,2.633217,0.3610215,0.13755393,0.06671349,0.10269517,0.064132
0.6583602,4397.04,1.1394838,9.814552,0.106521726,0.18339658,0.053509198,0.06279438
0.6514465,4535.9663,0.98335725,9.220373,0.11457437,0.1756737,0.052846078,0.088115826
0.62638825,4727.9907,3.0766754,7.031799,0.119866945,0.10344316,0.072957516,0.050929327
0.68836176,2625.535,1.0398067,3.5001183,0.11613909,0.102647774,0.06910274,0.08042724
0.67283654,2806.116,1.0018201,3.4031494,0.099194735,0.1301768,0.06749956,0.085529864
0.6849878,3136.928,1.8601533,5.358855,0.119510874,0.13597882,0.080228575,0.083578885
0.6482867,2616.1934,2.5065823,2.070827,0.06965932,0.085969456,0.10780011,0.06542908
0.56475055,2934.662,1.9470553,0.97487247,0.08634281,0.07129404,0.13093452,0.06821531
0.6580872,2462.508,1.367527,1.9761666,0.10677215,0.14853156,0.15782914,0.07764302
0.67546195,3245.8992,1.8532457,5.514354,0.110600635,0.07833871,0.04409056,0.060202267
0.6649204,3134.656,2.920195,4.4829016,0.09388804,0.07985754,0.07112542,0.053197354
0.6419015,5186.0293,1.6953131,10.901957,0.12408087,0.12642103,0.08465299,0.09338466
0.66573304,4447.687,2.4349408,11.004284,0.09617784,0.11265673,0.080735415,0.06378139
0.6664471,4225.916,1.0643175,11.101769,0.10182131,0.10606956,0.07584063,0.061517343
0.6531807,4671.613,0.9116221,11.615192,0.1117148,0.14341702,0.08842612,0.046842624
0.6345589,2108.5022,1.2535936,0.82542783,0.10120439,0.090121806,0.08646385,0.060525306
0.6674055,2158.4058,0.82423794,1.4467033,0.113743804,0.09090861,0.06937775,0.058239684
0.6574001,2087.7095,1.15057,1.039918,0.11327824,0.09518524,0.06387592,0.062055744
0.63916683,2320.824,1.1056395,1.1823981,0.10218055,0.0723917,0.074794896,0.048103277
0.6117984,2114.98,2.1484418,0.7358719,0.12547614,0.10680308,0.1318114,0.12401349
0.60555357,2155.0378,3.8285043,0.71233857,0.1287503,0.101663224,0.14032151,0.13275804
0.6464083,2892.7917,1.6168001,2.5725513,0.12997532,0.095607854,0.09451028,0.08820381
0.6216188,2809.621,0.71591675,1.5886154,0.0969248,0.10531701,0.08349382,0.047637973
0.6446859,2548.6147,0.6920908,1.6816399,0.09571491,0.087345704,0.07790405,0.05133288
0.65807545,2541.6208,2.0558949,2.041513,0.12387877,0.123512425,0.1225691,0.10559272
0.6771722,2296.273,1.907009,1.696732,0.11808643,0.1525998,0.093806654,0.061918713
0.67646694,3257.3484,2.658078,6.117751,0.1376378,0.1317187,0.06577271,0.05355702
0.64618313,3095.857,2.5720816,3.0996208,0.15247318,0.1488308,0.07106656,0.05134434
0.63215184,5189.8364,1.2745296,9.734398,0.11898184,0.18429768,0.06820331,0.08818501
0.64139396,2182.2688,1.6585631,1.0090165,0.1092436,0.12719285,0.08775518,0.049298905
0.6328108,1986.3042,2.1296446,0.735193,0.09600112,0.08200939,0.10553016,0.065992825
0.61226386,2419.0361,1.6767558,0.947823,0.12114676,0.06644853,0.07607854,0.046340268
0.6019544,2031.8905,1.6767606,0.6068657,0.08733025,0.1120239,0.104635864,0.087235376
0.65912366,2607.126,2.1220665,2.2947469,0.13691211,0.07196133,0.06430104,0.070855506
0.66873485,2650.2727,1.9723384,2.6717997,0.1363434,0.0746665,0.077895656,0.06628997
0.63355595,4444.68,1.5510194,6.428257,0.09370907,0.13576247,0.061888102,0.06345737
0.629182,4288.759,1.54569,5.602186,0.08799264,0.13880882,0.06622199,0.061525952
0.6467159,3722.5952,1.0275829,5.054399,0.13163352,0.09323716,0.07420093,0.06160037
0.61797863,4675.3623,1.530959,5.7909384,0.12132334,0.081891164,0.073010035,0.05359584
0.64380413,4027.0276,0.148506,5.971121,0.0923565,0.08170911,0.0809749,0.0891831
0.6345855,4543.5903,0.03082814,6.5019817,0.08304117,0.102476925,0.1010916,0.0638076
0.62856054,4618.6123,0.32716653,6.4210486,0.07932124,0.09719687,0.090881675,0.057938844
0.6643609,2794.0938,0.9032818,2.8095777,0.08949662,0.13324276,0.110144466,0.07377855
0.63312805,4256.9873,0.67807955,5.7638836,0.19566585,0.18682167,0.08810732,0.07055643
0.61088055,4556.0967,0.46311435,4.958726,0.19465959,0.15341143,0.07649724,0.08531957
0.5854393,5141.4087,5.9149685,4.7664742,0.18202406,0.08887405,0.07214566,0.061684243
0.6020184,5505.2017,4.3682985,7.1853013,0.16149746,0.09799612,0.067126945,0.0581486
0.57356143,4411.257,0.72935915,2.67197,0.119192086,0.09446435,0.08560018,0.057597276
0.59978735,2967.4417,3.8527808,1.5298241,0.1551356,0.10306154,0.08888523,0.07113244
0.6267373,3045.0762,2.6711402,2.0593858,0.13978092,0.099919304,0.094062865,0.073801324
0.65662587,3292.8494,1.5114571,4.273856,0.12546356,0.12349396,0.0838237,0.06688313
0.6521189,3720.0156,0.5281394,5.159214,0.08025578,0.11426576,0.13952361,0.07043519
0.63800144,3952.5781,0.30717814,4.87138,0.08147454,0.1053136,0.13681759,0.066650264
0.6439879,3894.4841,0.20896776,5.6824427,0.114392154,0.07445269,0.09168717,0.05305762
0.6804716,3729.393,0.7124489,9.843512,0.111589156,0.07233305,0.11613491,0.054785613
0.6254136,2886.0212,3.1848626,1.7871006,0.12519589,0.12173214,0.056183,0.06991405
0.6976119,3280.646,1.390386,8.9830475,0.11067732,0.07952873,0.113838546,0.06354388
0.61679983,6035.4414,2.2414045,10.497017,0.14082497,0.104849085,0.061955865,0.07404816
0.6151569,6006.3374,2.37263,11.083412,0.15791263,0.11214041,0.08084375,0.072120056
0.63561666,5291.8687,1.8464197,11.355241,0.1443302,0.12878947,0.072193995,0.068115294
0.65130734,4899.3115,3.5419827,11.367659,0.14460331,0.10429992,0.060891993,0.07305687
0.66320044,4441.095,0.93005407,11.721923,0.13883886,0.1072065,0.08158764,0.0720471
0.64759105,5055.336,2.430021,11.635878,0.099765,0.11728307,0.08557702,0.119117856
0.6342548,5412.193,2.7242446,11.219885,0.11724521,0.17660509,0.083898745,0.110367306
0.67469656,2878.0056,0.35678682,3.7538457,0.12131848,0.06811478,0.06638151,0.042326868
0.6393715,4091.7122,2.3983195,6.0770044,0.10961753,0.06303952,0.07180241,0.0591013
0.66291225,3664.678,0.9227754,5.977521,0.11532421,0.061176084,0.09751884,0.080635324
0.6384519,3937.9727,1.1881778,4.9769826,0.10217443,0.088949814,0.08120465,0.08092499
0.62991524,3603.548,0.9039268,3.3962874,0.102565214,0.08761524,0.08324334,0.08247159
0.65845627,3853.0486,3.296726,7.0905423,0.08851747,0.080553524,0.08201878,0.054465204
0.67210597,2999.2542,1.2180678,4.0132074,0.14193138,0.20100458,0.107517,0.113150455
0.69016117,2537.1377,1.0007169,3.14107,0.13525125,0.19017804,0.116466016,0.09766876
0.7046164,2468.3413,0.85667264,3.6082025,0.15227427,0.1828824,0.105324745,0.121313125
0.6663328,2810.7185,3.161891,2.9939308,0.17190339,0.17121491,0.058214072,0.15043882
0.646266,3368.9993,1.3358701,3.8235106,0.13085023,0.1874499,0.109836526,0.08163831
0.6634914,3516.8428,1.9837558,5.200598,0.11025989,0.12645327,0.07482859,0.0773199
0.64717525,3020.2896,1.1581482,2.5554712,0.1292972,0.12927227,0.067646526,0.058578864
0.6509154,3074.7598,1.1378802,2.9532127,0.12649514,0.11788297,0.06412312,0.055865273
0.6544583,2807.533,0.9956603,2.5829668,0.13865791,0.11642332,0.065741464,0.051866032
0.61773634,2240.3694,0.37160477,0.8462416,0.17043069,0.13183488,0.06282616,0.06244069
0.6059507,2904.0266,0.5623613,1.434195,0.13951111,0.13911769,0.072650835,0.061146278
0.6260767,2456.5535,2.7493389,1.1608639,0.13141866,0.14720207,0.09521888,0.09411583
0.63013697,2904.3896,1.1981124,2.0603442,0.10855534,0.06557408,0.066606544,0.13319626
0.66250557,3959.4944,1.6766742,7.7257433,0.12035738,0.13355996,0.053170092,0.059740778
0.6679121,3837.5508,1.4133575,8.333866,0.10703447,0.12741606,0.067473084,0.05016711
0.67742586,2945.8708,1.6945678,4.2100973,0.13271649,0.11868899,0.065422915,0.10393588
0.7068085,3167.0864,0.92744845,9.337122,0.11246613,0.14303216,0.067854725,0.057951044
0.65901256,3181.1338,2.8007739,3.9910493,0.11488134,0.15839118,0.09264924,0.07760669
0.6360121,3424.2686,2.8327901,3.2224116,0.09430453,0.113643646,0.11557854,0.085626
0.62960285,3813.2695,3.971497,4.153336,0.15586683,0.11665496,0.07923715,0.08565013
0.6270503,3935.9487,4.163514,4.3504705,0.15719582,0.11773997,0.07923342,0.085622326
0.6587174,3523.3435,0.78061134,5.3759756,0.14822616,0.11789548,0.0869797,0.07938716
0.67974627,1875.6073,1.5303776,1.0171767,0.22594574,0.11027511,0.082483694,0.04742004
0.6889917,3445.5295,0.06893003,9.093328,0.19604242,0.12792335,0.07073985,0.058154948
0.62613755,3670.2085,0.46299982,3.3354595,0.15372592,0.07241988,0.072149664,0.0696167
0.63979703,3429.8315,0.07390753,3.3836722,0.19117963,0.086354405,0.060002588,0.074933775
0.6911531,3245.3252,0.14849943,7.2600613,0.15928654,0.11892764,0.057078365,0.07830557
0.63050264,2896.9575,0.14763682,1.9097835,0.11614122,0.14028694,0.05830604,0.06856193
0.6217771,2276.6702,1.6769902,0.89935756,0.116247825,0.10316145,0.0643607,0.062887356
0.66372615,3683.3938,2.876194,6.5576935,0.11435736,0.10395105,0.06132559,0.0607354
0.627493,4197.5938,1.3479687,5.0991716,0.14168894,0.08891451,0.059271574,0.06828149
0.62736213,4219.629,1.311887,5.1035657,0.15137833,0.10592018,0.05398773,0.08373356
0.63259274,4079.9211,1.5468901,4.9905314,0.15074539,0.10533971,0.053618014,0.085149094
0.6628822,2085.0688,2.4697318,1.222261,0.10988781,0.119875744,0.10415219,0.05892829
0.6134267,3702.0457,1.842568,3.0460465,0.08235668,0.09235157,0.08469439,0.08802342
0.65828985,3264.2825,0.05452524,4.1414356,0.16501826,0.098132506,0.07770764,0.041949313
0.68746173,3811.6099,1.6151936,11.611361,0.12255928,0.074092016,0.064171,0.16761622
0.67800343,4050.068,1.9454383,11.706827,0.12139831,0.1257097,0.054534838,0.1914853
0.6806925,3911.6946,2.4551036,11.304684,0.119470134,0.15330407,0.06406813,0.18733299
0.69903934,3477.765,1.6635481,11.19909,0.11846175,0.18721202,0.1007292,0.09938151
0.6356536,4694.578,1.3452612,7.8418045,0.15081172,0.10553561,0.093701445,0.06764187
0.60788655,5218.365,1.2103231,6.6299143,0.14318213,0.099095665,0.10272484,0.066261366
0.60133284,3781.3665,2.740082,2.6448078,0.14093046,0.12846102,0.12838525,0.048839547
0.6019194,4489.561,1.9227775,4.005315,0.18785472,0.11583242,0.0730433,0.09254666
0.5701765,3470.3652,0.66394377,1.536558,0.18198615,0.11097793,0.094022304,0.08601546
0.75863546,1646.0647,0.36947387,2.4152145,0.13357419,0.11419002,0.08631445,0.074389696
0.76665324,1757.9565,0.28944916,3.2457411,0.13372156,0.11439908,0.09155008,0.07572099
0.719705,1664.3557,0.034766905,1.2797043,0.092336446,0.048874132,0.07488847,0.049146626
0.7303524,1759.2882,0.05078305,1.8212534,0.10213936,0.062133733,0.07261416,0.050792493
0.734593,1650.8054,4.61034,1.5250139,0.1111061,0.13446964,0.074914664,0.10408328
0.6278465,2303.7222,0.5018453,1.0528024,0.11863968,0.08530009,0.059971567,0.09744921
0.66747016,3544.6128,3.698094,6.2768373,0.13481402,0.101879805,0.10883753,0.053435277
0.6924194,2287.112,0.4765677,2.3117306,0.13248706,0.08316177,0.11570123,0.08620866
0.65943277,2003.9816,3.801999,1.0009801,0.1191543,0.091541305,0.08560936,0.05058463
0.7105703,2427.5637,0.9216501,4.0016,0.1745532,0.106631115,0.105014995,0.0763372
0.61422026,4679.4854,1.777659,5.621243,0.12500927,0.10924308,0.11955775,0.057611644
0.5934575,4597.224,1.9574974,3.8319824,0.16672662,0.10980091,0.07006512,0.08606945
0.6902608,2718.991,1.1904323,3.97067,0.096573144,0.09279719,0.09593037,0.049442194
0.5918708,4434.4346,2.3788753,3.3531287,0.093157575,0.17499286,0.07900356,0.078414485
0.62862444,2946.5352,3.4103456,1.9139501,0.09297939,0.17990535,0.08415108,0.06934362
0.60007393,2585.869,0.8660701,1.0159588,0.09210104,0.1590977,0.09999294,0.073972024
0.61296326,2879.1213,1.1869098,1.6143115,0.096205495,0.10642709,0.057524502,0.101392575
0.6399779,2286.6611,1.4068521,1.1780841,0.11310302,0.09202261,0.11050675,0.04894034
0.6112127,2945.9883,2.4584486,1.667581,0.13606957,0.13998656,0.058582842,0.1080085
0.58776236,2127.009,1.8703353,0.5696654,0.14363831,0.19891307,0.08292821,0.068155095
0.57858056,2543.154,2.3613098,0.7957016,0.101868585,0.20503762,0.060793627,0.0558629
0.5720727,1991.8387,2.007191,0.41371784,0.1128524,0.13098316,0.10444958,0.08453847
0.6824745,3744.74,0.56288767,9.715554,0.12299307,0.071091235,0.06335037,0.05462368
0.6497419,2420.519,2.3359532,1.5315061,0.100774504,0.117591314,0.08947503,0.09466859
0.6507401,2675.968,1.414287,2.0975637,0.075010516,0.101170465,0.09680386,0.047702573
0.51389986,1564.0928,0.7716507,0.18376373,0.19078453,0.09162989,0.08917236,0.11158793
0.4662577,1117.0015,3.2370272,0.012431399,0.12923828,0.10145738,0.07417898,0.086844556
0.4647591,1135.3715,2.6209097,0.015330817,0.09863017,0.099274725,0.081024274,0.0608627
0.48291928,1081.0178,1.7400681,0.015967043,0.11330131,0.12135447,0.13138121,0.08567768
0.46430737,1085.6145,1.7444607,0.018209528,0.11753352,0.10775322,0.12442697,0.104580425
0.43471688,1218.0308,2.6358554,0.015819069,0.118754745,0.10537216,0.11145403,0.06673944
0.46455982,1227.5781,1.5993437,0.03782415,0.13675338,0.089991346,0.073010325,0.11507092
0.51070076,1907.7711,1.4846464,0.26118731,0.15204133,0.12108577,0.05867002,0.061257627
0.61922246,2143.8809,1.5756468,0.7870139,0.123484075,0.06477721,0.10134958,0.06594036
0.6595814,2268.898,1.4718411,1.5239297,0.09754024,0.099849194,0.058310114,0.08745216
0.70394444,2903.5398,0.9850694,6.718367,0.13117401,0.09759748,0.080941446,0.06568128
0.6876556,3440.9883,2.3297834,8.443139,0.12419848,0.10754135,0.07572792,0.05196171
0.675541,3582.9182,2.7531056,7.775192,0.12116397,0.07958349,0.07131001,0.07883963
0.70402724,3160.0437,1.6633129,9.384462,0.11722724,0.075603604,0.07141833,0.07867231
0.58867025,4399.648,1.931059,3.2396023,0.1215743,0.13622294,0.0917386,0.10981597
0.59126925,4179.047,2.782728,3.114334,0.16272736,0.15275727,0.054385766,0.08300633
0.60965514,1885.8634,1.3296233,0.4896929,0.16797492,0.090866804,0.09527145,0.059866864
0.70213103,3145.7734,0.30874598,8.8322315,0.09638115,0.12338157,0.07086836,0.06887152
0.68030256,3506.2292,1.0317802,7.8609166,0.101377055,0.13621844,0.102822855,0.088652074
0.68936306,3447.724,1.0742881,8.540324,0.08818447,0.13775057,0.097246796,0.10077414
0.6110443,5371.0156,1.768264,7.3598003,0.12594916,0.07915001,0.057728488,0.06721048
0.63853496,4952.86,1.9410259,9.903225,0.096111454,0.12857583,0.09126975,0.049887188
0.6759522,3718.0688,0.89984316,9.199026,0.2278124,0.12119599,0.09794467,0.0917591
0.64051247,3275.9612,2.2148573,2.8971567,0.18954262,0.15102266,0.0654463,0.10270552
0.67858267,2853.065,0.33473593,3.9306312,0.09505951,0.06978364,0.09203115,0.048630275
0.6065909,3571.1025,0.958163,2.4189837,0.11824372,0.14275725,0.0610041,0.0907014
0.64919865,4408.766,2.86943,8.35224,0.10057734,0.08932416,0.090208076,0.05530836
0.64861447,3595.6965,0.8849637,4.3630123,0.10090977,0.13225588,0.087743275,0.07138939
0.6300485,3329.9885,0.9449139,2.6116288,0.1063284,0.10031011,0.08316181,0.0698393
0.6620848,4381.336,0.30732706,11.226896,0.1073481,0.10107514,0.08139129,0.076341026
0.65342987,4576.7275,4.272157,10.177406,0.3046496,0.108029716,0.09636091,0.105657645
0.64006823,4131.0176,0.1500703,5.757902,0.15455939,0.10156876,0.053551927,0.050441425
0.6749482,3286.487,0.3657758,5.5650005,0.16127077,0.104827106,0.05480521,0.043294426
0.6940505,3302.4268,2.0523365,8.42466,0.10701206,0.12095224,0.05892735,0.061344896
0.62589765,3527.133,2.7785025,3.0316095,0.11418553,0.084492564,0.09866368,0.07459412
0.62146056,3623.516,1.7605278,3.2754588,0.12938271,0.07487215,0.1084703,0.0751249
0.60527027,3803.025,0.8947628,2.9503512,0.13947085,0.12547249,0.09921101,0.10324402
0.69116586,2919.2524,3.8922644,5.611109,0.1082194,0.10251766,0.06145696,0.054425187
0.68141866,2905.3225,5.2301927,4.240252,0.1131643,0.09914955,0.060777206,0.05662936
0.6558548,3479.2793,0.82921296,4.867801,0.081863135,0.083241135,0.06331651,0.06416791
0.6675188,2559.3313,2.0711658,2.2885408,0.079869196,0.0881827,0.07944029,0.06889169
0.61912256,4242.712,1.3448215,4.6442113,0.17735726,0.12139015,0.07113038,0.063560136
0.66237676,4207.1265,1.7939461,10.000256,0.14254768,0.09958862,0.090148956,0.05851744
0.6556593,4728.7456,2.0819085,11.742487,0.086213626,0.107283,0.26343045,0.10243051
0.6417713,5071.974,1.6471211,11.134819,0.11884275,0.0781448,0.1004312,0.060261004
0.6928553,3686.7698,0.62801915,11.434117,0.11495767,0.08968705,0.0874711,0.07070827
0.59943485,6847.7993,3.2653768,11.505768,0.10841458,0.1404976,0.0913185,0.14918412
0.6886438,2681.2449,3.2181542,4.191748,0.13425963,0.11675354,0.0745068,0.0744356
0.6270833,4611.564,0.91049236,6.7805185,0.17459126,0.08346168,0.05154258,0.05226881
0.6525518,3134.772,1.8352191,3.1111708,0.14258283,0.06913974,0.061861828,0.06685734
0.67439437,3586.989,2.0640957,6.774504,0.102733985,0.14121234,0.08301504,0.07083723
0.68384916,2568.9302,0.53066057,2.6826825,0.1298136,0.13288277,0.08853807,0.0704121
0.698325,2797.1653,1.719511,5.813225,0.14401826,0.16598561,0.12198758,0.06659932
0.604939,5898.654,0.65694505,7.954749,0.1319127,0.16021389,0.05743601,0.068213165
0.6377457,4827.89,1.383265,8.336611,0.12873515,0.11817171,0.12884364,0.054187454
0.69625396,3207.2778,1.714478,8.996508,0.10946185,0.0920766,0.070081055,0.06312123
0.6464994,4402.13,2.1417992,8.000608,0.16745564,0.11449464,0.08140853,0.06760438
0.6109218,5541.122,1.3086753,8.26369,0.15069352,0.0732567,0.054281384,0.05745864
0.67432696,3783.248,1.8879762,8.727951,0.1568245,0.09298219,0.079214856,0.09201755
0.6524522,3802.1267,1.263935,5.801802,0.06995264,0.09764689,0.121701695,0.10113437
0.6254854,4542.628,2.0570922,5.5255165,0.10923024,0.111078925,0.11756908,0.051298525
0.6223597,4465.7793,2.1288483,5.6808033,0.109595135,0.110175386,0.11813236,0.051507555
0.62885666,4234.1094,2.324154,5.2404256,0.0913979,0.12688267,0.08877763,0.07107961
0.6914209,1900.1294,2.583429,1.3109665,0.15503865,0.09010102,0.06268535,0.04583857
0.6762952,2246.5107,2.1532066,1.7367319,0.10506649,0.10510833,0.07729226,0.064884685
0.68003666,2259.7393,2.117767,1.7841939,0.11452874,0.10375178,0.07771598,0.063859664
0.6503022,2039.9304,2.248266,0.8845774,0.13799883,0.10893932,0.07452479,0.06271656
0.65485567,2302.2473,1.9026798,1.4301176,0.109719895,0.079672694,0.060193185,0.06542119
0.6554797,2499.8833,3.5387404,1.7439799,0.09475126,0.08902674,0.059140045,0.06023917
0.6633557,2889.6296,2.029829,2.8976014,0.08672908,0.09327116,0.05196228,0.06219441
0.67704254,3463.9265,1.1697454,6.7372713,0.13522556,0.08336109,0.10448893,0.06402455
0.6620023,3714.3677,0.85239464,6.8730364,0.13506995,0.08939718,0.094296366,0.083121136
0.6605497,3704.117,1.277008,6.6009617,0.13566867,0.08607493,0.106001,0.08594634
0.6206482,4554.125,2.50933,5.246251,0.12014049,0.108777605,0.10845344,0.12729076
0.63471186,4311.3438,2.281565,6.320251,0.12473775,0.10859844,0.10067633,0.11911859
0.6356356,4287.25,2.0462203,6.1027946,0.11728651,0.11257357,0.089895815,0.11496156
0.6295209,3160.853,2.5016582,2.527007,0.12063412,0.118176416,0.09303301,0.042529646
0.67926633,3426.8855,0.35091302,6.667106,0.12107838,0.09402101,0.06352581,0.08803009
0.637932,4240.9688,0.70038116,5.9092865,0.08648722,0.12063493,0.06652456,0.08117482
0.65772265,3628.6038,0.38125783,5.4662147,0.13186389,0.116601795,0.07751027,0.056882642
0.6197638,4200.595,0.5691734,4.5114474,0.13705093,0.13122398,0.07768437,0.05182892
0.6000336,4804.5703,0.44028142,4.7169952,0.14143285,0.13179927,0.06886654,0.05072835
0.6546474,1953.4938,0.45193693,0.8289974,0.082999125,0.06812452,0.06818873,0.076167256
0.66247785,2282.101,0.5051623,1.5658514,0.08014797,0.06748449,0.07099613,0.060731087
0.61743206,2220.6123,0.23964708,0.8312721,0.10938598,0.08171916,0.069223545,0.08846376
0.6048119,2828.044,2.2792728,1.294933,0.10746018,0.09387814,0.101744354,0.08024363
0.6355702,2739.081,2.12593,1.7861688,0.08503139,0.13877831,0.11389949,0.08306867
0.593642,3219.8633,0.7976712,1.5922805,0.20293424,0.091232106,0.0645233,0.06377277
0.70050126,3255.6145,3.3051767,9.832694,0.15777804,0.105059676,0.102704346,0.052410267
0.6217241,4987.1074,0.79279935,7.3299,0.08104752,0.1319411,0.08863996,0.09145446
0.63733256,3568.3374,2.8941536,4.1413937,0.08993599,0.10797222,0.08314105,0.0717308
0.67231315,3533.5322,0.9876007,6.550752,0.15482637,0.07854599,0.11178101,0.060332607
0.73772573,2418.0967,1.5820948,6.776411,0.17394453,0.08712509,0.0860106,0.068879895
0.7236302,2685.2222,3.6134248,8.10477,0.16282243,0.076745756,0.06903597,0.057848934
0.6932333,3171.6726,1.0044537,6.7096643,0.10782872,0.08255243,0.07126625,0.063114606
0.66217023,3276.3618,0.14319785,4.213951,0.119185574,0.16826122,0.060449034,0.06992974
0.612763,4919.4004,0.12296353,6.237759,0.14185502,0.08989914,0.0646519,0.13855512
0.671128,2702.2346,0.14873174,2.9207537,0.082055554,0.10004359,0.07402995,0.050246138
0.57962406,1873.6472,1.191135,0.38960055,0.13817109,0.098422654,0.08303412,0.11705648
0.61991686,2141.4744,2.2803895,0.7849608,0.11943921,0.110401645,0.07529749,0.07684727
0.70357955,2766.0442,1.5842538,5.344272,0.15586144,0.08769839,0.084969476,0.077473275
0.6977333,3154.739,2.6693754,8.041792,0.10134994,0.12961875,0.067234986,0.08707529
0.64508945,3978.7585,0.9085057,5.429409,0.15595944,0.070119984,0.09172185,0.055123676
0.6462424,3678.108,0.5642399,4.3929124,0.13412067,0.08032738,0.07045292,0.056820996
0.63866204,3217.0242,0.7809522,3.0932233,0.13534212,0.06992287,0.061706863,0.075310506
0.6707198,3846.8389,3.2766767,9.109484,0.12887847,0.15919755,0.110200316,0.081745975
0.6629171,3652.0208,1.8341017,6.3113284,0.13955808,0.14111862,0.1010935,0.11481162
0.6301206,4616.5825,3.1562133,6.8871784,0.15559486,0.1362107,0.087131366,0.10323157
0.6262146,5170.1353,1.3657705,9.099414,0.12587336,0.084945336,0.11373092,0.0800675
0.659573,3852.6797,2.5746613,7.2478147,0.11138356,0.07513362,0.08842209,0.07976624
0.64586484,5070.9087,1.0781128,11.810555,0.117786884,0.119131856,0.054847665,0.056383815
0.65419203,4792.6777,0.6700207,11.656061,0.12550883,0.08452381,0.07458614,0.037965484
0.6772156,3897.0928,2.7676916,9.75347,0.09457585,0.13660476,0.096680984,0.14062239
0.66149586,3951.064,0.37407634,7.07036,0.09769125,0.1171732,0.07914035,0.07143442
0.6588948,3467.4326,0.27652574,5.3149858,0.09171815,0.11487887,0.06813308,0.055441007
0.6407029,3451.1624,2.1320617,3.872307,0.08992201,0.085366435,0.07798865,0.05483675
0.6027371,3357.0952,1.4309593,2.1555924,0.12860192,0.13758372,0.19191259,0.11449115
0.63276607,5113.342,2.651772,9.5609045,0.14408427,0.09014614,0.11991851,0.08992274
0.6126947,5677.9854,2.12874,8.8054085,0.15760261,0.09644337,0.1068151,0.0692708
0.6552069,4188.152,2.9440513,8.233096,0.09208411,0.100656144,0.07364704,0.08150439
0.6259402,5082.255,1.323502,8.162015,0.10358178,0.107679024,0.07208679,0.07276917
0.66165394,4084.6575,2.5542629,8.570928,0.08991721,0.06571553,0.09825014,0.06415723
0.6297171,5108.14,1.3777235,9.548157,0.08398742,0.08949724,0.09892613,0.059188373
0.6589758,4189.105,2.9304442,8.56008,0.092945814,0.06728531,0.08381509,0.06685139
0.62470007,5105.033,1.6001105,8.534517,0.07869671,0.090714075,0.05550433,0.08951435
0.62090105,5202.734,0.9139822,8.608247,0.11504821,0.08060178,0.07161667,0.081710905
0.6593374,4051.216,2.8845975,8.580024,0.098799884,0.07733378,0.075569004,0.09891488
0.6721526,3992.926,3.959061,9.387389,0.099763334,0.07966599,0.07358055,0.11555446
0.62609553,5251.8433,0.33853754,8.495297,0.10698153,0.1279967,0.07181606,0.039920054
0.64417356,4625.585,0.14417657,9.797926,0.105925106,0.09953697,0.09657075,0.11085888
0.6361892,4045.83,0.21610615,5.743374,0.11114582,0.08554346,0.07994405,0.07893171
0.6766728,3353.0312,4.499424,5.9796963,0.089715645,0.10369378,0.06992985,0.061135594
0.65163946,3844.3965,0.088095,6.0496535,0.06472519,0.09072069,0.060212705,0.06141479
0.7473902,2157.2197,2.7069745,5.88322,0.27661592,0.09218484,0.09198004,0.08072987
0.5596988,3993.4736,1.4285799,1.8140337,0.13809806,0.10144362,0.06225785,0.058232754
0.61460567,2840.5125,0.73351,1.511248,0.1604811,0.1298799,0.09251231,0.084831595
0.65886986,2604.98,1.8815694,2.1535273,0.14118427,0.1338098,0.08028397,0.07871974
0.6591884,3555.5942,2.7233927,4.98787,0.14820488,0.09856606,0.077443965,0.05226835
0.65014374,4058.285,3.9375856,6.6748896,0.14945084,0.08968243,0.08511228,0.053668134
0.6411525,3792.0984,0.83372104,4.7315736,0.20216975,0.07694513,0.054453,0.07791988
0.65574455,3456.1172,2.1544027,4.4594827,0.21475446,0.11788347,0.045521133,0.0743633
0.6617462,4045.9302,1.9316503,7.8592787,0.14171946,0.14963743,0.13867588,0.12413774
0.7390965,2398.3599,1.1228932,6.7272763,0.1336821,0.06286364,0.121609546,0.08853105
0.62791055,5425.753,2.7878056,10.663275,0.1603137,0.11422305,0.056395404,0.06551298
0.6182687,5644.277,1.9322615,9.693456,0.17135982,0.10675601,0.04832632,0.052047633
0.64981455,3900.4038,0.6521505,6.405514,0.107902505,0.15611263,0.12980124,0.15861195
0.6590765,3624.5166,4.4011984,5.5753818,0.1401838,0.13565482,0.08002955,0.077667
0.66850394,3213.3872,2.569114,4.5740695,0.12802315,0.21144933,0.09231045,0.06927357
0.6377254,3021.2556,1.3848096,2.3800113,0.13362585,0.12181729,0.084783085,0.06387402
0.6632574,2865.9856,3.0375297,3.13242,0.10159369,0.14396247,0.08602823,0.06267214
0.59194064,2492.0947,0.70289177,0.8413489,0.156978,0.086280644,0.062499017,0.06823618
0.56760246,2046.6168,2.979812,0.43426773,0.12835956,0.12820385,0.04982565,0.058801755
0.53480774,2592.853,3.4750519,0.56203395,0.09174306,0.120710194,0.043984506,0.06524941
0.5334136,2771.38,3.6274836,0.6502543,0.09451197,0.12451178,0.04494632,0.0713436
0.5403178,1849.9946,3.0754273,0.30171472,0.1008143,0.124916196,0.0771304,0.061098553
0.54281765,2194.429,4.4029474,0.41900855,0.11266572,0.16504104,0.077165276,0.058711033
0.6561763,2618.6064,0.29224142,2.2213264,0.18139681,0.0583488,0.07239447,0.08654132
0.6701089,3903.0696,0.17952797,7.787841,0.113848396,0.21657011,0.090819076,0.056132868
0.6369948,4785.748,2.569766,8.876032,0.104113504,0.20102695,0.18024223,0.05644672
0.6376942,4160.4937,1.4072043,5.656626,0.13127172,0.12688945,0.21331112,0.071573675
0.63128066,3555.2432,2.8081436,3.450554,0.15257448,0.13478279,0.21298504,0.06273141
0.63457584,4797.0947,3.1089375,8.378385,0.13124378,0.11200675,0.23337,0.054126922
0.5892541,2856.5708,0.971461,1.175901,0.16069861,0.14141035,0.08756493,0.110158235
0.637199,3455.7324,0.1979301,3.4061868,0.14468631,0.082323186,0.07056377,0.03867524
0.64600414,3418.7207,0.6646184,3.7472076,0.16259114,0.107292935,0.056301214,0.10072908
0.6555236,4265.7637,3.6539073,8.725469,0.1393742,0.12743185,0.07280957,0.082551986
0.646232,2790.6162,0.27363846,2.1823425,0.088939205,0.10971385,0.09096979,0.051122233
0.6324432,2110.2017,3.2971432,0.8490231,0.10905267,0.13774277,0.05696876,0.08645934
0.729262,2417.7717,0.76122946,5.6614523,0.11708942,0.10899198,0.09898749,0.07727141
0.6608663,1548.6078,4.51513,0.4625563,0.10629938,0.13664208,0.07072433,0.07121122
0.71916693,2505.2285,0.95002156,4.9413342,0.07659908,0.1898633,0.07190614,0.07536921
0.68508434,3658.3044,0.9171166,10.20456,0.23629592,0.055970754,0.07866076,0.056824356
0.68874604,3502.66,1.405967,9.55315,0.2207097,0.061796583,0.08099104,0.07328366
0.69918114,2843.9497,0.67598385,5.2995725,0.18507063,0.107552506,0.088356614,0.059952468
0.66766906,2602.3115,0.4946723,2.5668533,0.13255745,0.108713694,0.083443694,0.052446432
0.65484816,3420.5183,0.7609113,4.2844715,0.11690429,0.08104279,0.095761724,0.066278
0.6777275,3628.9646,0.50360745,8.608236,0.11187318,0.096315816,0.072709456,0.11429461
0.689074,3298.5405,0.5079492,7.7965784,0.11279753,0.0848068,0.07463436,0.069089085
0.7160082,2809.258,0.17470215,7.1903677,0.09019468,0.057769764,0.083900705,0.06032425
0.6989157,3012.0696,0.38698223,7.180794,0.10760701,0.072776996,0.11543825,0.049198713
0.6790118,3411.9592,3.3394678,6.5190973,0.10032365,0.10344459,0.056543473,0.08533912
0.6362278,2391.2034,0.9215288,1.2959496,0.09144749,0.14001672,0.074779294,0.036826756
0.6019795,2496.3088,0.66729623,0.94444835,0.09923459,0.09086561,0.09497995,0.09358053
0.6795552,3793.9282,0.06983017,9.686737,0.15114574,0.104202636,0.062236894,0.045415364
0.69984573,2740.2588,0.8256712,5.217257,0.17860228,0.08346737,0.06035764,0.1057848
0.6325475,2910.2686,2.4381285,2.0731826,0.16159394,0.16881059,0.081020206,0.06236889
0.71605927,2926.6282,0.14148785,8.230315,0.12752318,0.18159637,0.07186908,0.07393216
0.6228451,3362.1301,0.46895626,2.6738508,0.12495167,0.064854786,0.06811619,0.058753353
0.63214415,3710.6667,2.3410563,4.0614405,0.10666531,0.09396406,0.08559941,0.07359123
0.6392296,4231.869,1.9525555,6.4067836,0.10210532,0.08582747,0.09789207,0.05913167
0.68057007,3094.3645,0.5229722,5.0658436,0.076006204,0.084762104,0.14014816,0.056677174
0.63246775,2616.094,2.2330978,1.5244701,0.09904495,0.08968324,0.13206248,0.09097498
0.6258977,2843.9397,1.2091134,1.757189,0.11048554,0.08612083,0.1000689,0.07294722
0.5780924,2907.5376,1.8434696,1.0746489,0.08597607,0.10272965,0.04532154,0.060917053
0.574129,2964.09,1.9340831,1.1368015,0.07975381,0.09780188,0.049294617,0.052861944
0.6588741,2331.1409,0.47249973,1.593988,0.15741059,0.12417586,0.096784726,0.076158434
0.68331796,2550.4285,0.3910437,3.025503,0.10830253,0.1382744,0.08849795,0.10808206
0.6706617,2521.46,0.31872272,2.185267,0.10409901,0.137991,0.08457697,0.11011401
0.65658385,2268.1345,0.8632512,1.3846619,0.08216724,0.18311219,0.08087478,0.13039853
0.656405,2079.7937,3.1410322,1.0679029,0.07828545,0.17165577,0.0898923,0.15535294
0.6406896,2827.0315,0.8312207,1.9899993,0.14541878,0.11759944,0.07087891,0.06557283
0.71058685,2324.318,0.27181795,3.401207,0.092742145,0.084936224,0.081480704,0.056607004
0.6844945,2367.2788,0.8235374,2.4195032,0.08514593,0.086750254,0.10166133,0.041528493
0.591924,3856.255,1.0817131,2.609024,0.21316172,0.12146805,0.06981327,0.102791436
0.61429524,5463.7417,2.2573228,8.714145,0.20703785,0.12640503,0.091063604,0.10218851
0.67912287,2762.3066,1.3702286,3.3962502,0.13088414,0.09873738,0.08882493,0.10324373
0.66852295,3046.2405,1.3614472,4.044002,0.117210224,0.100806415,0.10477377,0.08862205
0.60894346,4127.4253,1.5405052,3.6583967,0.15582198,0.10357509,0.055822015,0.072837144
0.6090626,3954.267,2.8011055,3.3139849,0.07982275,0.12861656,0.082712255,0.05735497
0.67244375,3514.5474,5.201038,6.6485534,0.076056704,0.11540441,0.06303116,0.05826567
0.6288943,5069.6313,0.096050434,9.036781,0.10772309,0.07377882,0.084701255,0.06704702
0.6961566,2758.7876,0.8350169,4.6470537,0.11794529,0.1323995,0.059520926,0.057495378
0.6076302,2007.4563,2.374865,0.5988705,0.10227011,0.0710409,0.1552577,0.07265188
0.60044056,2188.4094,1.5241156,0.66172856,0.07526489,0.11407348,0.09635583,0.05203473
0.59647727,1964.0544,2.0545182,0.5363095,0.08830403,0.09502196,0.086396515,0.07235357
0.58497286,2236.6838,1.0463331,0.6062715,0.09358485,0.0917845,0.09397999,0.11224334
0.67445344,2033.6011,1.9000041,1.295592,0.09970945,0.14724617,0.08632735,0.06446335
0.67889947,2207.3706,0.79170716,1.7816244,0.09958843,0.14715637,0.07110498,0.11384514
0.62145203,5025.079,0.7622184,7.397965,0.1082579,0.11215859,0.07812973,0.05185843
0.6793732,3716.2642,1.3024302,9.410816,0.11167062,0.14414978,0.09106542,0.07436934
0.6303036,4757.541,2.5705314,7.6725416,0.14199392,0.07668483,0.058139767,0.054324
0.67703384,3964.3423,0.8283151,11.136404,0.07499772,0.09476845,0.07928475,0.091414064
0.695081,3211.8752,1.2244958,6.587427,0.289809,0.1307731,0.09042278,0.09910188
0.6927141,2985.0388,0.9953255,5.759759,0.30359387,0.10481481,0.108040534,0.05899066
0.6136037,2598.1902,2.851919,1.2396013,0.23988566,0.106167674,0.12865317,0.052191153
0.6105282,2061.7534,1.317204,0.618299,0.14183924,0.098283336,0.102424085,0.07856865
0.6510425,2185.4885,2.3430276,1.2153498,0.19257408,0.071731314,0.07779217,0.06910322
0.53522676,2323.5405,1.9589106,0.47351712,0.14857824,0.17142159,0.09353661,0.06864889
0.5399363,1987.3989,1.6460156,0.3153757,0.13817765,0.2042069,0.087307245,0.09346886
0.45412192,1222.4304,2.054904,0.03160458,0.09587975,0.10326342,0.10613495,0.04765117
0.4546463,1239.7855,1.4943007,0.03143945,0.104263544,0.1101284,0.107281625,0.06945731
0.4519956,1327.1497,2.015573,0.050423052,0.10446846,0.11022672,0.09283694,0.114623584
0.4605491,1327.4834,0.96583,0.0627252,0.09252177,0.07005256,0.07499996,0.112324424
0.5008946,1524.3245,3.707839,0.14174359,0.10000548,0.07763212,0.07743762,0.1100139
0.5341924,1599.3243,0.33960575,0.19848616,0.11052388,0.08520031,0.07724273,0.12762146
0.5001047,2227.2524,2.5287223,0.36121848,0.11632809,0.08543144,0.09863357,0.08966237
0.50372106,2367.7356,2.9394236,0.40198463,0.1252061,0.0725892,0.099252,0.10917414
0.50219417,1235.6299,1.5242242,0.068390906,0.12157824,0.10715213,0.06292767,0.077546306
0.47168502,1094.7806,0.94227266,0.012042124,0.12850924,0.098307945,0.123926386,0.095498525
0.47133568,1077.3206,1.3900458,0.013721012,0.122822106,0.094751805,0.09084848,0.09170656
0.44186258,1160.2087,0.7328513,0.012675783,0.10437181,0.106968395,0.11782104,0.087705605
0.44763872,1126.3259,0.9007619,0.0168051,0.09103942,0.10661342,0.10166332,0.07322547
0.45921296,1194.1138,0.22335196,0.016094116,0.1026409,0.09325762,0.085856035,0.085863836
0.4417678,1126.8381,0.35254082,0.014565115,0.11469234,0.09140857,0.0803832,0.1042241
0.46715555,1093.8838,4.296919,0.011284713,0.09986583,0.09004924,0.07766596,0.1046702
0.43879044,1213.391,0.83054733,0.013756289,0.10768762,0.08918288,0.070241176,0.052548714
0.43760672,1202.936,0.68654704,0.013222142,0.10891405,0.08145861,0.068441294,0.055792715
0.46338105,1287.8367,0.20736198,0.066302136,0.25275236,0.0921074,0.09047294,0.070032686
0.4649283,1382.4006,3.2677846,0.086536676,0.17540224,0.09658243,0.08854169,0.04936064
0.47699687,1475.9609,3.6892998,0.11018736,0.17336695,0.10388081,0.077833615,0.04901379
0.55801964,1982.1896,3.8355525,0.3760615,0.07698429,0.16095425,0.10135828,0.079591006
0.56225854,1790.5952,2.298422,0.33148617,0.08586781,0.14461923,0.12642092,0.09271234
0.58942705,2466.4875,2.7408626,0.83664876,0.10483216,0.12258751,0.15120071,0.056553274
0.57523274,2975.0957,2.0131721,1.1500938,0.103897676,0.096479185,0.14404663,0.04610262
0.59437114,4206.0137,0.91777337,3.1410937,0.09420219,0.09755935,0.14031251,0.083426826
0.64831364,3204.8152,2.4798262,3.2979016,0.13467097,0.109586224,0.050306745,0.051238302
0.5991661,4491.237,1.3991915,4.083171,0.07330757,0.07846771,0.0809599,0.07112837
0.6805617,3602.2456,2.6599474,8.581024,0.1555526,0.1039485,0.09280124,0.07478298
0.7207192,2555.8948,1.5572509,5.5035353,0.14072742,0.09239653,0.07207394,0.07649782
0.72989273,2544.87,2.754992,7.3933716,0.14788248,0.09596043,0.08154066,0.07725039
0.6363638,4576.4624,1.1178204,7.5288734,0.104434565,0.101464204,0.07095453,0.07079021
0.64423424,4659.1045,2.518344,9.396429,0.10687846,0.07469121,0.08166829,0.06423725
0.6055865,3156.5798,1.5142769,1.6822896,0.12339349,0.12254193,0.08066734,0.07214986
0.66632134,3730.8567,2.5603406,7.357434,0.08442996,0.13080435,0.06284172,0.05221367
0.6459107,1918.9604,2.0076694,0.7267015,0.11031122,0.107004516,0.06056557,0.07212294
0.63950026,1896.9299,1.5524054,0.6635984,0.10853686,0.106524825,0.07154327,0.069739915
0.6155225,4894.8584,2.9587872,6.434544,0.11781109,0.10411264,0.0886125,0.07319092
0.6207945,3428.553,1.3935072,2.8233967,0.121079825,0.06268687,0.059610095,0.09516858
0.6174767,4718.4336,1.8593593,5.8488936,0.11121012,0.07482901,0.08079234,0.09457305
0.6717913,2506.1587,2.6977391,2.4135025,0.101407446,0.12929377,0.08390144,0.05172746
0.6236886,4540.9927,1.0947155,5.9302435,0.097216316,0.080969416,0.07841566,0.08458855
0.6325894,5028.947,2.5431397,9.803932,0.13642658,0.082983986,0.07890436,0.06130681
0.6753375,3790.8909,1.479684,7.6722565,0.19845867,0.09769791,0.073902786,0.07466362
0.6361266,4015.9302,0.34450245,5.1754627,0.12678766,0.10372329,0.057858836,0.10116941
0.6367429,3981.621,0.33569652,4.993989,0.12543844,0.10522043,0.058283202,0.106808886
0.66960543,3729.6663,1.8461741,7.5331254,0.089982614,0.119048886,0.068498515,0.07331328
0.68520254,3140.286,2.110029,5.922064,0.11650856,0.08632597,0.07418641,0.10576668
0.624962,5579.698,2.0735877,10.289972,0.11246463,0.13520683,0.07304437,0.066826485
0.653077,4790.7495,1.9404739,11.138975,0.10817784,0.12878013,0.06321958,0.08309628
0.70229185,1521.0457,1.967521,0.7129867,0.10948255,0.102863856,0.084629215,0.05533941
0.62210125,5550.38,0.16866861,9.692023,0.19830471,0.092370644,0.06330529,0.07884995
0.62623024,5234.708,0.03085643,8.873459,0.19980988,0.10642785,0.05403655,0.06446456
0.67781764,2282.5964,0.5561488,2.0231788,0.09529755,0.098626286,0.11243149,0.06782559
0.63389575,5341.623,0.2947901,11.2481985,0.13723174,0.09393763,0.058336534,0.072669476
0.683861,3532.6692,0.44486356,8.377716,0.088215694,0.086624674,0.10801418,0.07839036
0.6702238,3662.672,1.1458237,7.1947756,0.121883795,0.06921973,0.09217182,0.080640435
0.62703943,3066.072,2.8933783,2.1377933,0.10555826,0.124933794,0.081205875,0.057482205
0.66372365,3674.4866,1.1702304,6.6849675,0.12681305,0.09570261,0.11809377,0.07437755
0.62339,3816.8882,1.1322587,3.8757305,0.17477772,0.10066296,0.076490216,0.087451346
0.60118544,3966.6973,3.5444317,2.96146,0.13093056,0.08984529,0.06829951,0.050834373
0.69367075,3390.37,2.7138405,9.389261,0.10723202,0.10521489,0.08015904,0.094241455
0.6150979,3633.9983,2.8728008,3.010264,0.13310938,0.10866806,0.076756224,0.06162825
0.6284823,3563.6008,3.3672266,3.527256,0.12916908,0.114261016,0.082248494,0.059280477
0.6515989,3275.9485,1.6184418,3.497674,0.15421352,0.14704594,0.11230646,0.05767148
0.6594145,3199.833,3.5308156,4.054226,0.14098634,0.14825653,0.115649104,0.06485442
0.62516993,4300.9746,0.64298105,5.4320707,0.0965458,0.057816256,0.06183374,0.089178085
0.67285436,2724.7847,1.930183,2.8883672,0.116142385,0.20536613,0.0796531,0.05664417
0.6496637,2817.9226,2.4411726,2.4772599,0.110599555,0.17628068,0.07839658,0.07300039
0.6330452,4000.0645,0.9093452,5.166973,0.10422741,0.066479765,0.07030849,0.062026322
0.7274596,2614.3354,0.026385145,7.908986,0.10335463,0.15234882,0.06466491,0.07438057
0.7284623,2719.486,0.02462864,7.8435063,0.104064345,0.15142532,0.06337671,0.07363095
0.6683376,4295.823,0.18980685,11.6016445,0.11151096,0.09835141,0.04842081,0.118518144
0.6197865,2953.0483,0.18357514,1.8428627,0.10558313,0.10450102,0.13121888,0.041229375
0.6173245,2875.7532,0.43554747,1.630998,0.103546,0.108707994,0.12765984,0.043147862
0.69134897,2297.4397,3.1953573,2.2891946,0.1069068,0.08255509,0.045453653,0.12042859
0.6928322,2663.2454,4.9256663,3.9234865,0.11013607,0.085361876,0.048156947,0.09423427
0.6744973,2992.4324,0.12631781,4.1982174,0.13680454,0.08644186,0.09528324,0.051618174
0.6756254,3122.3352,4.2086453,4.6861014,0.09301966,0.10615061,0.061536882,0.09380422
0.647923,3705.0225,0.50420004,5.0897355,0.081541255,0.07708299,0.040820856,0.04290189
0.7018625,2090.1943,0.1660647,2.1040812,0.13339472,0.10061843,0.11731182,0.1117777
0.69651,1855.524,1.2314116,1.2600753,0.14426017,0.13679607,0.056198914,0.07119418
0.69652104,2079.0955,1.6189907,1.8411493,0.13104539,0.12435724,0.05050997,0.06917364
0.6566848,3394.3345,1.9403231,4.570574,0.09995781,0.115684405,0.10429532,0.0648165
0.61525124,4667.4395,0.29063284,5.6138864,0.08301793,0.12342059,0.10835773,0.061644692
0.65636116,3337.876,3.3688953,4.426707,0.15250662,0.12613261,0.06606231,0.07486197
0.63111037,3437.7744,2.9177253,3.0371222,0.14724347,0.13622671,0.056619123,0.086204484
0.678141,2381.0476,2.102206,2.0988238,0.08965346,0.12341496,0.06595432,0.067385994
0.5856602,3066.8845,2.011326,1.4350039,0.15719748,0.088896304,0.0899096,0.074752465
0.7025287,2319.6995,1.746472,2.7426388,0.12600496,0.10957392,0.07227247,0.06184611
0.5498413,2211.7217,1.9562416,0.48229888,0.09238027,0.1313764,0.08035435,0.06842984
0.55896336,2118.3235,1.9295251,0.48397085,0.09384476,0.13035075,0.1088641,0.08893802
0.56463325,1715.7982,3.838026,0.30320674,0.09841751,0.10067491,0.07074204,0.0917961
0.56317335,1965.4105,0.5355675,0.37128985,0.1988561,0.08893372,0.10474087,0.06777277
0.64716506,2591.7349,0.08251084,1.984913,0.13408548,0.06063914,0.08143751,0.051294234
0.6624497,4494.711,0.060159072,11.15323,0.18275607,0.18648306,0.08787594,0.086379625
0.61946523,2062.6792,1.1285915,0.6967957,0.08013813,0.06825303,0.06562863,0.053861387
0.64857584,2410.0337,0.8765283,1.4902222,0.09495986,0.09536021,0.07251615,0.103349164
0.6429086,2416.0422,1.0078089,1.4171185,0.09046,0.09240967,0.073582955,0.09949355
0.6436623,2741.8796,1.7464101,2.0923173,0.076782785,0.11092051,0.08507154,0.058065377
0.59726745,3733.0474,2.8543642,2.3532796,0.19465393,0.101883136,0.06692277,0.08408957
0.615307,4008.7253,0.7267988,3.4716573,0.15943414,0.13397835,0.08210576,0.05901722
0.6045904,4175.3135,1.0655631,3.405312,0.135925,0.14659886,0.06718747,0.041924406
0.67444414,3378.5037,3.2144144,5.9108853,0.12623243,0.10897886,0.09874447,0.12750512
0.67055935,3530.7954,2.4391093,6.472497,0.12010647,0.10451998,0.09611542,0.09177248
0.68615615,3509.1633,2.4493456,8.5336075,0.13363257,0.110410154,0.060216956,0.100841075
0.6919624,3320.3125,3.8055117,7.843536,0.14020479,0.11740494,0.05963523,0.06367104
0.67064583,3606.7974,0.100575514,6.2566414,0.14967236,0.098343626,0.07628022,0.08757155
0.64958805,3877.521,0.10599876,6.3879156,0.13476765,0.10467147,0.090227865,0.085180365
0.6490438,4023.9097,0.3851815,6.3619747,0.13332674,0.10265844,0.07149936,0.09171586
0.6424102,3759.2188,0.12678927,4.7023783,0.14044568,0.1482153,0.08035752,0.07753104
0.62796974,5102.795,0.6173466,8.7737255,0.1347142,0.22018372,0.05078376,0.042030834
0.6353078,4623.2417,0.8787262,6.8874965,0.11365877,0.19998202,0.05533407,0.049543355
0.6828587,2334.3047,1.6618079,2.368894,0.13056447,0.06757473,0.12239278,0.10409782
0.6517081,2670.5706,2.5258057,2.2083657,0.13827449,0.07810569,0.12635037,0.097840905
0.651537,1810.9235,2.2088122,0.68734705,0.1601689,0.0684653,0.115324534,0.10951975
0.6426011,2811.014,2.4176588,2.1793563,0.13264373,0.07543153,0.12457598,0.10728096
0.64733636,2602.551,2.3260925,1.7402201,0.13454096,0.082468,0.12796158,0.11862585
0.6981211,2790.7224,1.6875073,4.774538,0.120277144,0.08540888,0.1430089,0.05899893
0.60443556,3886.892,3.3330777,3.0045166,0.10536209,0.12081234,0.05154994,0.081456326
0.60612875,3770.6096,4.01165,2.845755,0.111193076,0.118484095,0.06303196,0.069170736
0.6082753,3799.2974,1.9626412,2.9824076,0.10055842,0.11534029,0.07266388,0.07607968
0.68018734,3073.5862,1.7594134,4.851923,0.09039588,0.124007754,0.10877976,0.08030017
0.6418015,2981.1462,1.2796223,2.5271106,0.09031585,0.08391049,0.07943927,0.109790154
0.57095623,3084.5532,1.0662953,1.1089227,0.12521228,0.11582869,0.097134784,0.073347494
0.5906667,2808.8003,3.996615,1.1556201,0.113978274,0.09634163,0.06627211,0.054586027
0.6511673,3317.2185,0.76751727,3.8134995,0.1355181,0.12606013,0.05243874,0.12255671
0.6415461,3270.6096,0.5239249,3.1744888,0.12941109,0.10219231,0.06823927,0.07772986
0.64386535,2341.8953,0.23975807,1.4084506,0.1519259,0.092530556,0.08388058,0.06727403
0.61958003,2281.8738,0.5849205,0.94087696,0.17230831,0.10727298,0.08921568,0.057715867
0.60876876,2517.2349,0.55072284,1.0828652,0.16924933,0.105781354,0.100836486,0.05492753
0.5780895,2183.816,3.4030948,0.53586113,0.12937738,0.14921273,0.05693127,0.081174344
0.63978493,4763.5527,0.25521255,9.315975,0.11790478,0.06783546,0.12191722,0.07765902
0.6343414,2087.544,0.54210424,0.8191769,0.13248172,0.14708279,0.06380895,0.045147978
0.63718253,2758.2854,0.67622155,1.7850136,0.11948571,0.12866253,0.056950167,0.04754307
0.63768566,2882.0093,0.94539887,2.142186,0.11820905,0.12045349,0.062014937,0.057660468
0.65673035,2901.851,1.0292163,2.8362832,0.11697394,0.13253926,0.062366627,0.054244097
0.6419391,3509.056,2.81475,3.7443535,0.107328005,0.10792041,0.049773645,0.05259933
0.64135164,3504.758,2.904039,3.5976872,0.10558907,0.10951784,0.04944653,0.05222748
0.66596085,2998.4548,1.7125506,3.5181391,0.20428015,0.08771265,0.14800802,0.057030454
0.68188536,2292.1267,1.6076849,2.0085635,0.07690388,0.114276715,0.04503786,0.081358545
0.66756713,2032.1235,1.3949598,1.1149672,0.07951684,0.10480302,0.058974445,0.085525066
0.69990784,2054.5984,2.8425388,1.8825972,0.11776585,0.066308774,0.073460184,0.048442505
0.694169,2034.9551,3.7285528,1.6736025,0.12070933,0.09330952,0.06731911,0.065481484
0.64633375,2399.6096,0.44522515,1.5588771,0.09992014,0.09509551,0.08311921,0.068777494
0.56925267,2119.6902,4.16437,0.5000949,0.08008314,0.09586075,0.09447998,0.059999324
0.52924067,1758.3555,1.1563644,0.24828811,0.269508,0.11924967,0.106864445,0.07965141
0.60364324,3037.386,1.3012763,1.560945,0.11853832,0.14470881,0.1607011,0.057697527
0.66410816,2281.1128,2.0704007,1.6026288,0.10056068,0.077121854,0.1592994,0.048012186
0.6401389,2327.088,2.1823962,1.2591379,0.11424405,0.07965429,0.07570229,0.077244885
0.5971507,3064.7505,1.7675344,1.5270306,0.16537413,0.10605082,0.08732936,0.05382819
0.58094865,3289.776,2.9259858,1.5405769,0.15068829,0.116088375,0.09993843,0.061213173
0.5891488,2816.4539,0.8505786,1.1778766,0.123871855,0.07942237,0.08460638,0.061576284
0.6489667,2421.8262,2.7740378,1.4904685,0.13591088,0.09857607,0.09058574,0.05546069
0.5737688,3137.6592,1.1166304,1.2493496,0.14069766,0.14932847,0.06552596,0.066125676
0.5366488,3319.7402,2.348348,0.9648677,0.1473529,0.13736846,0.06285306,0.049026027
0.57398486,4924.529,0.7878165,3.3507035,0.14985037,0.13824926,0.055165198,0.07160672
0.636653,4676.753,1.8909292,7.949664,0.17476514,0.12301632,0.06199034,0.062382717
0.7296254,2527.5747,1.9096124,7.2210603,0.120486006,0.0986111,0.09000708,0.07591627
0.6572165,3939.9016,1.9135704,6.9387093,0.1114641,0.1289019,0.070115186,0.065688245
0.6398443,3731.088,3.1317089,4.495202,0.094437435,0.12103445,0.078134485,0.06646476
0.67701787,2960.521,0.14334212,3.962433,0.09961467,0.110097215,0.093778506,0.07381088
0.6516495,3092.8613,0.19012569,3.1499481,0.0825181,0.092967354,0.09588446,0.06303992
0.6627369,3351.117,0.21873756,4.660415,0.100919485,0.106104665,0.09297372,0.051209062
0.60867167,3103.664,0.6390282,1.8279463,0.13494043,0.12914857,0.088331446,0.059877843
0.6402097,3774.984,0.31833422,4.549584,0.1338805,0.13956921,0.12647882,0.061062627
0.6141924,5205.631,3.6805863,7.341035,0.09145289,0.14287469,0.12651092,0.05358724
0.61508656,4952.834,2.628017,6.3363476,0.095266,0.13283806,0.12861311,0.06270775
0.615586,4074.4438,0.25010118,3.7780285,0.2171326,0.09363058,0.07394961,0.0476625
0.66632664,2736.3557,4.7235885,2.6738248,0.101436846,0.11444647,0.077958345,0.08667017
0.6821422,3080.7644,1.8101733,5.445945,0.0830246,0.10253687,0.07048556,0.058774017
0.6743123,3731.3584,2.8774064,8.665731,0.07501146,0.19411127,0.089395106,0.04914857
0.6573511,3547.4255,0.890277,5.335456,0.06942696,0.13786271,0.07315479,0.06957203
0.6254362,4486.559,1.1017189,5.3147545,0.2724683,0.10436208,0.09485641,0.06753536
0.6166703,4898.274,2.217383,6.3987823,0.18780181,0.18675601,0.09010054,0.08766267
0.61251587,5103.69,2.5869331,7.1053004,0.17988384,0.12209786,0.08178524,0.12136616
0.61190766,4992.1235,2.7793658,7.316295,0.18055686,0.122363426,0.082736745,0.12214584
0.66380006,3703.355,1.7339599,7.038342,0.20035224,0.11787445,0.08861661,0.12472659
0.5612498,4296.0283,2.2364023,2.4263256,0.10573004,0.0894582,0.115820765,0.07780862
0.66225827,4051.4316,1.4573776,8.114629,0.13423757,0.11651979,0.0744904,0.0830718
0.64514875,3306.587,2.6275005,3.4011598,0.13671975,0.106408514,0.054626778,0.08051472
0.67883164,2748.9668,1.2370831,3.3853297,0.10955349,0.08824725,0.08118069,0.065932855
0.68094254,2747.554,1.3652558,3.7287242,0.10543235,0.09929603,0.07752405,0.06893687
0.65165406,3549.2656,3.254704,4.7064877,0.09299994,0.11204302,0.077142835,0.055167668
0.6793687,2319.2317,1.3159407,2.0174704,0.07341544,0.10695671,0.095452726,0.087156855
0.5536848,1869.0216,3.5298758,0.32654417,0.1631325,0.09222815,0.06266317,0.052644596
0.56708634,2182.3872,2.6579497,0.5144212,0.16684371,0.102818765,0.07734189,0.045396127
0.564704,2185.1558,2.6653068,0.49559593,0.16911665,0.103703655,0.076682165,0.046236396
0.568981,2004.3889,1.451962,0.438991,0.15086968,0.1071813,0.07238449,0.039432693
0.57437146,2589.465,2.7861555,0.7663697,0.103399634,0.080095954,0.06310505,0.06707433
0.58862984,2056.9407,2.4931605,0.53049403,0.090813205,0.08938187,0.07147078,0.07345561
0.65511125,3677.9468,1.4810873,5.5450974,0.10177585,0.08319723,0.07298612,0.055180047
0.65923625,3502.1987,1.980962,5.2042446,0.12123243,0.0810712,0.07881131,0.06017796
0.6703239,4155.367,2.0391557,10.729633,0.1276082,0.098529406,0.0660391,0.09241131
0.68682396,3592.9941,2.4276168,10.000424,0.13404654,0.104484,0.057664633,0.072208054
0.6824651,3708.8977,2.6278522,9.738794,0.13200346,0.0989249,0.06208022,0.07474665
0.65993434,4480.25,2.5225048,9.796973,0.12648031,0.088818505,0.048792996,0.054187737
0.6477712,4567.376,2.193644,8.937246,0.12358713,0.089894295,0.05107119,0.057697844
0.68203557,3430.5671,1.5963022,7.590997,0.112976156,0.12627617,0.12618594,0.07614262
0.6738419,3513.161,4.0291038,7.0238566,0.10879612,0.13990296,0.08507957,0.06652973
0.6047948,4487.7476,0.40308672,4.400409,0.101882525,0.092546836,0.07219205,0.077043876
0.60935956,2862.7554,0.3259813,1.502365,0.09684405,0.07627125,0.07807519,0.06723045
0.62780285,2320.1982,1.5947396,1.0163817,0.09705154,0.084968,0.04377356,0.09155901
0.6483984,2250.5935,3.7256098,1.2620509,0.10242595,0.09269943,0.049221158,0.0799521
0.65293497,2168.9402,2.9733136,1.1203034,0.099819586,0.09443629,0.05067207,0.06918401
0.6487415,3013.3594,0.7535795,2.667942,0.0906399,0.10375275,0.092054166,0.055610973
0.67792666,2071.4915,1.9908389,1.337356,0.15253563,0.093757935,0.06919408,0.07665154
0.6487111,4053.2512,2.384626,6.3037634,0.18372917,0.07385475,0.08737867,0.059128273
0.64870733,3954.5613,2.9259875,6.6807904,0.18783817,0.07233988,0.08555268,0.06065195
0.6547955,3744.0967,2.1378806,5.540289,0.18576162,0.062929474,0.08516836,0.05243434
0.6592672,4042.5732,3.9922647,8.542066,0.15042453,0.067531824,0.09621321,0.049018115
0.6340534,3075.323,1.21873,2.5189347,0.09539951,0.10302432,0.09728669,0.06335722
0.62790054,4372.4004,2.3730667,5.830643,0.09941966,0.13023663,0.050426777,0.10516937
0.69598126,2134.0176,2.7467644,2.0763836,0.12351272,0.11701934,0.121144764,0.05568612
0.6200834,1806.6713,3.0294461,0.4883911,0.104721144,0.12056072,0.074851334,0.052425213
0.63498986,2078.522,2.4486575,0.8407524,0.090610206,0.10993139,0.08144975,0.062226065
0.65017635,1966.5938,2.1596863,0.8393707,0.08888329,0.10682328,0.0940098,0.054683384
0.63183695,2251.8762,2.7170396,1.017599,0.080535516,0.12469481,0.09113113,0.058451936
0.6379596,2377.0183,2.1770391,1.2399932,0.06695193,0.10275826,0.08782341,0.05034262
0.6567745,2610.0183,0.5115147,2.0833106,0.09193649,0.09314455,0.09909328,0.036896847
0.65527153,2697.605,0.61970115,2.1501818,0.08447639,0.093311526,0.10226643,0.045565423
0.6409091,2507.294,2.0110495,1.5673767,0.095459096,0.11042455,0.09735676,0.06161867
0.62208825,4050.3003,0.8883763,4.51476,0.076181695,0.09222635,0.13312441,0.052641623
0.61353326,4067.1606,1.0687373,3.7733564,0.08234976,0.08793234,0.14279744,0.061853543
0.60557896,3933.5354,0.9326995,3.3273644,0.08187918,0.090218335,0.14485097,0.057012197
0.7106523,2503.282,3.2188306,4.5249486,0.11629592,0.084354706,0.098754,0.06583999
0.70531875,1860.405,1.4589497,1.5177488,0.09525628,0.0926552,0.12281581,0.08516179
0.69855183,1736.7246,1.5291965,1.0032475,0.09891379,0.09762941,0.1193922,0.08250268
0.65982705,3778.7026,3.019488,6.875535,0.12501219,0.13989332,0.07645394,0.08503382
0.6430146,3185.383,1.7880322,2.9022815,0.13174771,0.12608498,0.07331468,0.070444874
0.6770008,3733.1135,0.39906156,8.659635,0.11564712,0.1636726,0.07268091,0.07101666
0.7433479,2157.3606,4.861753,4.7765903,0.11561236,0.06780133,0.07220248,0.094602235
0.6625154,1925.3419,0.32405645,0.9256707,0.09117583,0.110220596,0.07984068,0.06875425
0.6275596,5476.473,4.4288373,11.125754,0.14342755,0.10067448,0.072717294,0.08329672
0.66135496,4612.463,0.85075325,11.669594,0.20055442,0.09218913,0.08102424,0.08770858
0.65627426,4632.94,0.32695338,11.655483,0.19132684,0.09903584,0.07347318,0.06954813
0.67612773,3810.2378,0.1035404,8.597634,0.20111752,0.09855833,0.074700564,0.08519897
0.6747751,3759.529,0.09612638,7.887602,0.20984973,0.107981615,0.06575117,0.08183739
0.65024835,4446.8696,0.31376666,8.165999,0.16639529,0.12012013,0.06560176,0.1128823
0.6645289,4183.3296,0.53906333,10.227348,0.18908435,0.13560791,0.07035444,0.067645684
0.56685233,3945.6628,0.98642445,1.9472344,0.0811311,0.08918125,0.057405893,0.093042634
0.67100686,3935.4956,3.2628098,9.317228,0.1894582,0.18411432,0.08318731,0.06623076
0.6201056,2011.3737,0.64664704,0.6320292,0.188604,0.07284385,0.06467937,0.058064174
0.63494706,2287.0059,0.78337,1.144668,0.1651967,0.06809898,0.056111943,0.0561618
0.7131524,2189.8088,3.2737153,2.683591,0.24365535,0.1678478,0.0955746,0.07590984
0.7833619,1393.4633,0.4330131,1.9902896,0.082984544,0.068993956,0.062546715,0.055491045
0.7653428,1312.16,0.82487726,1.110636,0.094714195,0.08011291,0.062108334,0.07073742
0.71211016,2461.919,0.65528214,4.492665,0.11721682,0.086707905,0.07893473,0.07311945
0.72846943,1554.6029,0.27300256,1.1364465,0.11187603,0.09594348,0.060677942,0.09360594
0.7115299,1937.7161,0.68614703,1.8143151,0.09008868,0.0846826,0.0612279,0.07224775
0.6013278,5470.459,2.0348613,6.3985367,0.14198418,0.12029682,0.119044915,0.076804586
0.6275356,5648.722,1.193816,10.614986,0.13332926,0.10244174,0.09709297,0.087247714
0.623541,2900.8506,1.1771212,1.663074,0.20105354,0.18034625,0.08286831,0.05587344
0.56631345,2772.7234,0.61708826,0.86602116,0.16061354,0.16343069,0.118309565,0.049709164
0.54410756,3265.7446,0.8284901,0.99468607,0.16486305,0.18527417,0.100643784,0.056676023
0.54480195,3384.3352,1.0867345,1.1358569,0.16707367,0.16807516,0.11071392,0.058669824
0.59155303,3175.7432,0.7664114,1.5103433,0.14076379,0.15354644,0.07478079,0.052558176
0.6192693,2488.3066,3.3722343,1.1791446,0.1191383,0.091946974,0.08933437,0.08287254
0.623775,2204.0208,3.6798925,0.9013452,0.14232859,0.09131765,0.09712075,0.07295693
0.69011647,2127.531,0.4876361,1.9986973,0.14924672,0.08590557,0.091755226,0.05994802
0.6888453,3056.6157,1.0950251,6.3404784,0.13292867,0.11378574,0.09803487,0.048825763
0.59098357,1876.4384,1.8917783,0.40706977,0.08182136,0.07770086,0.05792937,0.103125274
0.65674865,4516.833,1.4873716,10.179204,0.14710158,0.10886068,0.095623806,0.07011468
0.6360405,5356.417,1.1375275,11.212566,0.16952045,0.09415576,0.08649305,0.04687424
0.66714525,3206.7493,2.7321975,4.39523,0.23404942,0.082766205,0.060498703,0.08555266
0.6025615,3494.4368,1.5661174,2.2798753,0.21259463,0.16048498,0.09656184,0.059878714
0.66379374,3365.549,0.8006303,4.682771,0.18365495,0.17934972,0.09088774,0.05845029
0.6457151,3713.934,3.6168482,4.909004,0.11417902,0.07145434,0.06497222,0.067431554
0.60802245,5542.013,1.5397968,7.9849596,0.11985903,0.07277014,0.092535764,0.06222195
0.6729497,3794.1213,0.71617955,9.309148,0.122176915,0.09666405,0.061535414,0.08779503
0.6781673,3917.9458,0.53533804,10.184312,0.12971601,0.0886933,0.06436934,0.08546527
0.63616896,3658.336,0.19532773,3.713745,0.08903755,0.18069729,0.057669293,0.04495418
0.6449143,3259.584,0.040522344,3.3589292,0.17016228,0.09577753,0.09894691,0.105248034
0.6737489,3965.3845,0.06332635,9.591366,0.17475949,0.070687585,0.08239576,0.08422804
0.6537417,4466.9707,0.08262089,9.350784,0.17556477,0.07119474,0.08468038,0.07424319
0.65635085,4240.7227,0.115869746,8.1055565,0.17121205,0.076668635,0.08420505,0.0941519
0.6487764,3054.9846,0.04868384,2.7701573,0.16622348,0.08745208,0.06935268,0.0687046
0.6911858,1958.8723,0.94995534,1.4796414,0.19294679,0.19759724,0.07588458,0.07380074
0.6886216,1814.108,0.94450307,1.1004734,0.18335755,0.19043006,0.07894086,0.078092374
0.6796421,1736.709,0.76519763,0.7859955,0.1884297,0.1840373,0.07841815,0.075359985
0.7306363,2332.4365,3.4383516,5.5307493,0.13923596,0.07083179,0.08526623,0.070893966
0.5620761,4888.8438,0.556046,2.9653435,0.1028989,0.12879515,0.05440212,0.07548122
0.61710274,3772.8196,1.6361665,3.215051,0.10858487,0.12904724,0.05381468,0.07676561
0.6107535,3025.337,1.3874058,1.7554003,0.1104581,0.13000739,0.06526846,0.065481514
0.6103713,3015.638,1.4108442,1.78329,0.10988784,0.13092215,0.065193996,0.0661237
0.5975726,3293.5596,0.91359484,1.7749338,0.11754038,0.08203552,0.0695296,0.08154083
0.56769055,3559.3682,1.2754236,1.6357305,0.12884091,0.081618726,0.09158479,0.090724304
0.6803274,3946.104,2.1468675,10.0170355,0.18194048,0.16941449,0.06634009,0.06532128
0.58639246,4023.664,1.3773698,2.3540256,0.1345128,0.086603135,0.09484058,0.07293151
0.68570304,3643.9844,1.3732224,10.026634,0.12850955,0.13173962,0.0846047,0.11814534
0.67172116,2993.8777,1.9140161,4.0729165,0.14534551,0.16363306,0.060585037,0.04105628
0.6437989,3780.4053,1.5044589,4.794647,0.13366444,0.19818023,0.0723588,0.07061933
0.6824399,3232.3892,0.18654579,6.4462476,0.12786055,0.07743979,0.112286806,0.08895934
0.65779,3059.8716,0.8141419,3.4655242,0.08934748,0.1437404,0.06421215,0.091168836
0.66303104,3357.2698,0.03828296,5.008594,0.13151959,0.1290995,0.102392,0.04546299
0.6618898,3392.654,0.0628861,4.6266546,0.12096216,0.1374675,0.10597734,0.05036059
0.6362184,4327.49,0.08047262,5.988877,0.09368925,0.13904655,0.09111032,0.06907904
0.68035406,3253.5815,0.07809524,6.3435307,0.08873495,0.12877095,0.08308244,0.08339107
0.6502617,3737.5928,0.1829754,5.0328627,0.16648412,0.08178514,0.08082305,0.10239303
0.62178296,3643.7695,0.04066705,2.8993015,0.15156983,0.101268254,0.09666764,0.07881909
0.6129793,4091.426,0.07392,4.1851954,0.13081829,0.08996543,0.09132096,0.11071696
0.5963588,4282.6616,0.20400983,3.412421,0.19191349,0.103083365,0.05753579,0.13152765
0.63672274,3875.9707,0.2981676,4.6047792,0.22455701,0.10360653,0.058599018,0.11306861
0.6677155,3387.8137,4.489673,5.655276,0.12654588,0.081649944,0.07509153,0.03740492
0.65314656,3944.029,2.9634216,6.486221,0.13146713,0.07536919,0.06576455,0.05045066
0.6282466,4392.894,4.2522473,5.652953,0.12380088,0.09008802,0.04945056,0.06152397
0.72320753,2690.5686,0.050681185,7.579582,0.081463434,0.13485327,0.09130233,0.08583894
0.6656953,3646.4045,1.14025,6.923545,0.1209196,0.14798263,0.117369086,0.050076686
0.66449654,3295.4023,3.5045106,5.1526337,0.08799144,0.12523384,0.14631703,0.06421936
0.64934355,4116.3687,1.292083,7.548209,0.07916477,0.09459089,0.15744624,0.07503917
0.6572802,3325.5461,2.4844441,4.4818506,0.139568,0.13393058,0.058189537,0.05775639
0.6183563,4405.6597,1.0802122,5.3372307,0.13357912,0.07413927,0.07740701,0.08690176
0.65391684,3954.6096,0.6114957,6.179697,0.12815233,0.10330144,0.07163933,0.07701398
0.64465654,3439.7798,0.5626945,4.2447057,0.13531648,0.094644286,0.09066782,0.06741632
0.69959885,3046.6187,3.2587214,6.9376564,0.17629708,0.13141605,0.078642905,0.07726303
0.68817574,3109.798,3.1833608,6.6657705,0.14972682,0.12462161,0.098630734,0.06712339
0.7250362,2662.0557,1.1288102,7.4652376,0.2638181,0.10269629,0.0925954,0.06814832
0.65846205,2547.6316,1.1439197,2.0817978,0.19291455,0.12213873,0.11739864,0.0715547
0.5623057,2050.668,1.516306,0.42197883,0.13783878,0.16389747,0.14364633,0.05067496
0.6891098,3681.0718,1.6419638,10.621061,0.10245596,0.061307143,0.051225048,0.085130885
0.7011246,3433.1704,0.80216765,11.328938,0.12484923,0.052612524,0.05932397,0.07734648
0.49458373,1697.9758,1.3045758,0.1772113,0.10281788,0.2365259,0.10934223,0.07864969
0.52271867,1672.848,0.41858014,0.19899577,0.085253,0.18443209,0.10173223,0.084529474
0.5225455,1605.5437,1.1772401,0.20629722,0.09107631,0.17860845,0.0959759,0.10627498
0.52215606,1465.2506,0.96157795,0.15697992,0.09478558,0.12407725,0.09012411,0.094369754
0.5310093,1430.3538,0.43481985,0.14970458,0.10528846,0.1291904,0.09562976,0.10492022
0.7348571,2520.455,0.985673,7.944656,0.13695617,0.07463765,0.068442196,0.08386698
0.6312549,4159.4487,3.6084037,5.077327,0.13271661,0.09291289,0.11022144,0.07023379
0.65372884,3590.7737,0.5908579,4.49802,0.19146709,0.14862143,0.063561395,0.10280317
0.5996496,6380.4365,0.034425803,9.981568,0.1368079,0.15772066,0.07377188,0.066866726
0.66295695,3257.638,2.4734297,4.4297605,0.18815862,0.10311264,0.1010715,0.061792016
0.6713302,3165.8577,0.8828692,4.7951417,0.2035839,0.11916464,0.07639235,0.058286414
0.6678562,3158.5166,1.0001761,4.437253,0.1892055,0.112945,0.09021182,0.05824703
0.6514886,3765.521,1.6147933,5.5563173,0.17836146,0.097864345,0.07878283,0.07703695
0.63843006,3748.8877,1.6045462,4.427219,0.18105075,0.09473255,0.08986074,0.08263999
0.69402313,3045.553,2.0248315,6.425001,0.16451578,0.08312492,0.16341694,0.057755675
0.6464366,4970.9253,1.0687287,11.005667,0.13459547,0.061881065,0.10638157,0.05163916
0.68359816,3081.6074,1.1327095,5.3266244,0.11902854,0.17175525,0.055859253,0.08126989
0.6708926,2358.239,1.7466266,1.8682274,0.09964265,0.13516136,0.06631186,0.07710218
0.6391509,2163.0322,0.96091753,0.9433765,0.10009942,0.11756429,0.059816588,0.062379938
0.6418239,2241.1875,1.0631398,1.0838674,0.100452945,0.120289996,0.06009321,0.062056985
0.70552576,2884.3584,2.3995082,6.5277987,0.12066807,0.06819968,0.07367387,0.07295343
0.66585624,3933.38,0.32199946,8.100157,0.12385594,0.1462479,0.11842781,0.05720036
0.6870642,2823.6277,1.4092036,4.3172617,0.12864047,0.1460445,0.14537059,0.056836687
0.68809134,2441.2441,1.1310958,2.5323372,0.12507784,0.15789747,0.13819988,0.054337177
0.6945671,2570.2275,0.29694977,3.3183126,0.1340213,0.15893312,0.15188435,0.064044096
0.6469406,2993.207,0.6506654,2.6126266,0.11606161,0.13047083,0.12643258,0.08423215
0.645146,3052.3926,0.6501618,2.7989228,0.119573146,0.115560465,0.119977966,0.07842183
0.6449324,4667.694,3.01829,8.893018,0.10768665,0.09184864,0.050034102,0.058662258
0.713508,3147.0537,0.8608158,11.193585,0.1312266,0.08728329,0.073366575,0.110462576
0.6927971,3590.7166,1.4031057,10.663641,0.12543991,0.07034012,0.0704327,0.072899304
0.5739317,4066.1914,1.9936045,2.2571397,0.109451175,0.13520093,0.074033864,0.08758445
0.65597916,3605.1238,2.0551286,5.2471404,0.11206415,0.1136223,0.06935589,0.06923685
0.64554435,4135.064,2.734546,6.6176486,0.122669086,0.10448469,0.05736482,0.060284913
0.65616894,3924.78,1.5212642,6.912827,0.10569526,0.089930825,0.106563106,0.06911434
0.63029873,3300.8752,4.067511,2.8309956,0.104718424,0.101951145,0.083372146,0.075335056
0.65911835,3745.4565,0.3359592,6.0203342,0.13385843,0.11919848,0.05547779,0.053780995
0.65836746,2164.0234,4.376519,1.301655,0.09965042,0.08312912,0.109416425,0.06965193
0.67260563,2044.6915,3.0634232,1.2516712,0.098155975,0.08091081,0.1277689,0.06418079
0.54529554,2594.5781,1.1117827,0.59849,0.23884463,0.10535443,0.055849917,0.06318076
0.53039354,1881.7325,0.6525328,0.28828934,0.33520082,0.13766654,0.078520805,0.05374672
0.6262743,2467.5476,3.9878838,1.1227561,0.19430538,0.11605655,0.074673764,0.07811602
0.59934074,3156.6484,0.38072878,1.7050557,0.11247224,0.086742744,0.17461082,0.07499174
0.59350634,2228.6516,0.3329178,0.66247064,0.06817268,0.07516334,0.14035058,0.07779808
0.5814507,2265.4326,0.2619005,0.63893396,0.065539524,0.07996937,0.13399974,0.08321028
0.60893273,2782.0789,0.19618103,1.3900371,0.08171758,0.08614301,0.12106213,0.07384429
0.65343434,2037.2891,0.24985278,0.90098876,0.07579444,0.11724968,0.090248495,0.12424462
0.68428546,2126.245,0.6678205,1.7628008,0.1190137,0.106199846,0.08932848,0.08291487
0.65743226,2250.9082,1.9550072,1.2828935,0.14249754,0.08034384,0.08150606,0.06310657
0.71707803,1851.7418,1.55358,1.8537605,0.09336734,0.12715401,0.0700977,0.068642184
0.7227097,1768.6132,1.5073725,1.6215591,0.14189635,0.10138779,0.06110996,0.049359534
0.71421844,2408.694,2.4466627,4.0390916,0.12288072,0.13823268,0.06855963,0.053715065
0.68910176,2316.8237,3.9374468,2.2495937,0.17272194,0.12168507,0.057236537,0.08217521
0.6985586,3309.5842,4.442339,9.965195,0.08198261,0.16307622,0.12804605,0.070048936
0.6491616,4886.2515,0.14169978,10.982561,0.12322027,0.13582386,0.15462002,0.044908714
0.61487466,4715.001,0.9551398,5.520232,0.12862161,0.08880095,0.08810364,0.08239425
0.667574,3808.806,3.8848348,8.037197,0.12075455,0.096487164,0.090848394,0.05527857
0.62855935,2217.9062,0.7061213,0.844748,0.10025859,0.10461646,0.06423403,0.07710352
0.60846883,3215.283,1.8332995,2.0781,0.09802982,0.08943067,0.08555013,0.0561411
0.6764846,3987.676,0.15982784,9.978094,0.093907446,0.09519103,0.090018556,0.062753506
0.6771495,3950.3013,0.15921092,9.973423,0.09442028,0.095906585,0.08896406,0.062284485
0.6367713,3333.1055,2.6148062,3.4560921,0.08872346,0.14126278,0.06869567,0.069666974
0.6537454,3392.9294,1.2845478,4.689271,0.16888177,0.101433724,0.09900267,0.05904513
0.68123424,3308.9775,2.6551433,6.689636,0.082789555,0.100264445,0.05889955,0.082926
0.69459385,2985.2505,0.87120545,6.118461,0.08671913,0.080339134,0.077227816,0.046343297
0.6176516,5308.5454,3.3046126,8.169291,0.10628265,0.106351376,0.0845803,0.086969644
0.63441056,4924.2744,1.0651096,9.185863,0.10587983,0.12202973,0.090409994,0.06975839
0.6603719,4070.0933,1.1092196,8.535359,0.11805344,0.10096743,0.104628034,0.047882564
0.6428711,3787.4407,2.9521847,5.0105605,0.12753586,0.088876694,0.11539395,0.033354424
0.60672456,4898.7017,0.4593119,5.8071346,0.07157567,0.11292698,0.11008023,0.10342069
0.6051925,4834.749,0.7592655,5.539631,0.08062883,0.099034466,0.124449216,0.082848
0.67762685,2929.2166,2.80043,4.2093487,0.122682884,0.090711474,0.069643214,0.05011647
0.7003888,2595.9414,2.0010407,4.130914,0.14242308,0.07043597,0.11028763,0.0830798
0.7032296,2482.85,1.7940426,3.8056061,0.13069013,0.07378027,0.112624735,0.090552956
0.6335064,3467.6836,1.8134482,3.3960164,0.12586214,0.09278852,0.08625843,0.06846509
0.65617085,3981.8809,2.6395,7.2334785,0.12888819,0.07655818,0.06066997,0.06502705
0.6715912,2143.8542,2.10677,1.3738439,0.14002354,0.13298994,0.10101132,0.065361366
0.6362646,5029.5576,0.95664656,9.480335,0.07832079,0.09817928,0.06095849,0.07238601
0.62498784,5166.918,1.6909736,8.225956,0.10636174,0.21648997,0.10823008,0.06585528
0.6177957,5242.7505,2.1856494,8.0143175,0.11417891,0.19424821,0.10224742,0.1051353
0.69100034,3161.6763,1.2092123,7.8146057,0.12649433,0.06594686,0.09103493,0.058232937
0.63050073,5090.4785,0.5756568,8.921771,0.10427125,0.12736803,0.07167073,0.07126637
0.6703777,3754.0757,1.8028498,7.9074836,0.11660822,0.14659521,0.08375986,0.06238791
0.6699016,3920.5205,1.8166405,9.1342,0.120655894,0.14792074,0.081539124,0.064822465
0.6120603,1809.037,2.0480013,0.45441946,0.105069295,0.076589234,0.052016012,0.0916041
0.68258095,2033.892,2.3744667,1.347237,0.092527926,0.13444993,0.055911124,0.17163002
0.6835218,2214.0405,1.6595962,1.8956757,0.10673598,0.0692524,0.07172047,0.15592015
0.6675322,2190.1587,0.9133949,1.4774895,0.10791501,0.070701405,0.06965681,0.1346146
0.55622816,3183.9465,2.5922995,1.1332281,0.10157797,0.09417046,0.10915017,0.05224724
0.56531733,3550.4622,1.9739324,1.6407194,0.09783682,0.0840256,0.10348193,0.05522269
0.67464274,1842.2938,1.4586229,0.9082926,0.078039385,0.14004865,0.08133199,0.087058246
0.6886853,2621.9033,1.2884727,2.9638038,0.0683426,0.13784772,0.08306596,0.068468176
0.68109673,3108.1523,1.2473403,4.890261,0.159547,0.0941783,0.08966376,0.06130548
0.6735157,2920.4175,1.1254343,4.2662287,0.1551378,0.08956303,0.08899697,0.0670474
0.6719152,3072.8716,1.6520504,4.750925,0.19068478,0.08623967,0.068075,0.06936662
0.61108077,5164.016,2.2495873,6.4553146,0.21440677,0.10520591,0.06555673,0.08406848
0.6303079,4162.109,0.6497759,5.304195,0.13215218,0.12025707,0.04945343,0.040359095
0.69586635,2824.379,0.62319434,5.2442293,0.11165859,0.08235495,0.13602524,0.10439844
0.6311247,3003.7908,2.639707,2.261675,0.19458717,0.0625894,0.06510395,0.056623716
0.6762041,3161.733,1.7298828,5.3793144,0.11737269,0.10102765,0.103264086,0.07154303
0.65056026,3652.7341,2.997254,4.8415813,0.10917887,0.086807914,0.12850219,0.061580986
0.66309655,3521.4387,3.1499636,5.6629934,0.112137415,0.087835684,0.13411476,0.06570065
0.6252125,3713.6228,0.9245778,3.4412355,0.0822174,0.15489556,0.050655123,0.06714303
0.6903296,3512.4111,1.7767087,10.060639,0.13245311,0.060000584,0.10095927,0.061736032
0.6076824,3902.385,0.036907636,3.110273,0.097336404,0.22197877,0.07374926,0.06939396
0.6529102,3335.2927,0.12007158,4.003139,0.14892104,0.07707402,0.074457355,0.12669891
0.6529072,3484.922,0.12435784,4.245312,0.1477129,0.07794734,0.075866364,0.12762977
0.68047464,3447.298,1.9023464,7.795801,0.12911227,0.2189846,0.076095484,0.044695944
0.6105068,3597.0178,0.3574313,2.8311484,0.16050546,0.17642373,0.07859464,0.091864295
0.6697733,3978.3367,0.9819216,9.698891,0.09439707,0.06898374,0.07957899,0.04915511
0.6186808,2461.9087,2.3605638,1.1269094,0.10836672,0.14871159,0.070769474,0.1867536
0.63100994,2355.9854,1.1793058,1.0699637,0.124237165,0.15030232,0.07518659,0.13030314
0.64834225,2341.888,0.5263262,1.4804665,0.13496843,0.11472182,0.10488666,0.108287945
0.67413723,2364.356,0.49521053,2.0445824,0.12913078,0.09262441,0.09550679,0.10430912
0.6924102,1847.9486,0.23695804,1.161951,0.12512428,0.0958074,0.067057796,0.08866449
0.7507135,1632.3802,3.8906045,1.9543564,0.11412786,0.073799476,0.06991472,0.12234207
0.7357581,2106.242,1.9513911,3.96183,0.10821731,0.08316454,0.07963595,0.13393486
0.7507459,1994.1508,0.3673157,3.814223,0.09532634,0.14029127,0.106630504,0.19222994
0.63141555,2521.0847,2.6470037,1.423642,0.09539671,0.14358704,0.0999865,0.058910955
0.66517,4303.723,2.0390747,10.157882,0.13250536,0.07992196,0.061996605,0.099479504
0.6770264,3466.0615,1.6524116,7.333004,0.09854165,0.18218905,0.094991475,0.04348899
0.6739801,2368.5115,2.150323,1.9999216,0.0911859,0.13946839,0.06873309,0.07085052
0.69899064,2215.445,0.8469427,2.2837517,0.08318243,0.12880997,0.08065963,0.0585109
0.6564484,3303.79,4.165678,4.3303413,0.12869115,0.0963,0.08747339,0.06128813
0.68398166,3432.1655,1.3761327,7.6594243,0.11281875,0.08406281,0.07952048,0.062473048
0.64016485,3443.7136,0.193805,3.2970252,0.115001254,0.11774595,0.061963238,0.051177368
0.64470255,3523.055,0.72152627,3.9020388,0.09825155,0.1092472,0.071699515,0.059959255
0.60506046,4011.029,2.5361907,3.5152872,0.08335662,0.11598325,0.069271326,0.066016175
0.6907531,3767.889,0.35306892,10.466347,0.12331649,0.091854066,0.049766585,0.08065115
0.5976653,5629.662,0.5404854,6.9172053,0.11161786,0.13005525,0.13817538,0.07451125
0.74331,1605.1246,0.46706575,1.7258706,0.11597113,0.08272629,0.07357227,0.13394351
0.7016667,1714.5244,0.47955027,1.0757581,0.124035314,0.09639455,0.096029684,0.079472184
0.67603284,2336.9907,3.2340832,1.9758483,0.097736105,0.12904891,0.113829695,0.069756426
0.6277209,4635.032,0.17206907,6.510497,0.10900999,0.08607986,0.06340905,0.061557952
0.69325054,2535.7246,0.5025588,3.1957414,0.13199471,0.10612526,0.050222136,0.058094528
0.6325321,3638.7712,1.8313463,3.9823475,0.110653915,0.06728855,0.14211415,0.13602024
0.55944586,3495.5466,3.6220872,1.4818579,0.115973346,0.08230817,0.12272645,0.12560514
0.57480985,3788.5515,1.0797806,2.0998938,0.1164302,0.06864022,0.12897134,0.14024253
0.5624667,1650.1691,4.0242925,0.27386123,0.10166715,0.09838966,0.10432471,0.04258791
0.4556232,1093.7212,2.0662155,0.010833541,0.11374809,0.11691686,0.12670676,0.04639269
0.45487365,1135.1083,2.2338026,0.010693035,0.10685858,0.10077119,0.13391931,0.06276007
0.44514814,1143.7522,0.39197955,0.010557417,0.14686692,0.1157523,0.08623846,0.06435843
0.45212245,1367.8391,1.0641805,0.058924045,0.08288708,0.09395692,0.08901465,0.0695506
0.45976245,1200.7682,1.7693868,0.024955329,0.15576452,0.13060164,0.10729943,0.17654783
0.4747234,1381.7045,1.1425678,0.09305446,0.09958838,0.1269098,0.10493351,0.03852111
0.45944557,1572.5338,0.8758631,0.12643506,0.11493739,0.13707727,0.07892848,0.06438475
0.4734805,1171.2151,3.4340808,0.02537317,0.07297216,0.10574214,0.056896385,0.066116735
0.42876682,1331.5745,0.8516936,0.04691714,0.12420692,0.11029181,0.14652969,0.06120586
0.47396228,1127.5813,3.361319,0.022813704,0.107111365,0.09479417,0.09384334,0.06460855
0.4590407,1194.0117,3.387756,0.02577266,0.13015747,0.10952722,0.08486681,0.074757315
0.48247665,1187.374,1.4944205,0.057589862,0.169287,0.16517472,0.08854768,0.05279827
0.4591412,1373.3032,2.134384,0.061917443,0.16118576,0.20298384,0.16625321,0.059272327
0.46438816,1450.245,3.775104,0.080469415,0.1741862,0.21096107,0.16744958,0.06258455
0.43951505,1509.3379,0.9198755,0.07608852,0.20125464,0.21373639,0.17685671,0.11653598
0.62454516,2984.8071,1.5452833,2.0106807,0.07818903,0.061119795,0.050828192,0.09327812
0.6756992,3843.9233,2.3465064,9.8050585,0.16645889,0.18619117,0.11422627,0.05677306
0.6368821,5060.247,1.0575066,10.235428,0.14108028,0.10870802,0.1052464,0.078552656
0.649613,3216.889,1.6033852,3.3453271,0.0832029,0.10579863,0.061054487,0.05694801
0.66837496,3140.6306,2.5215237,4.440309,0.0933075,0.10191503,0.08560693,0.07428798
0.5852789,4306.1387,1.7367979,3.013926,0.09060463,0.11601749,0.07996268,0.0650223
0.6779187,2670.032,1.9905871,2.971057,0.18663429,0.1459176,0.07038558,0.07808584
0.6672244,2913.6958,1.543047,3.5526621,0.17844991,0.11884017,0.078744486,0.10917294
0.60602677,4213.25,2.2495852,3.5371482,0.2451688,0.13922781,0.042869687,0.06497599
0.6007121,2526.5085,1.7663015,0.9432234,0.08127099,0.14325267,0.10084113,0.10431785
0.63982767,2388.204,2.5522814,1.282106,0.14378819,0.07491942,0.054312825,0.05659977
0.64633095,2207.1316,1.3265599,1.1210479,0.15289147,0.10436131,0.11256522,0.06622381
0.642158,4372.459,3.6040955,7.489106,0.08387704,0.09406838,0.06013916,0.057889495
0.6447883,4665.691,0.5398646,9.405074,0.113184586,0.17516908,0.11512382,0.07460785
0.66053075,2312.0547,3.5602946,1.4985666,0.12411077,0.124551386,0.077317685,0.054594263
0.6714685,3499.7922,0.55316895,6.088595,0.09868902,0.090346545,0.05382616,0.07879031
0.6688556,3593.4731,0.43368977,6.493027,0.09661308,0.09092196,0.053119108,0.07758471
0.69535303,3084.297,2.7615583,7.0927334,0.08938518,0.09378512,0.05641415,0.062918745
0.68668765,3192.1792,0.4626666,6.7101946,0.124158986,0.10183534,0.091982864,0.07543671
0.6866086,3136.7483,0.49961323,6.2146235,0.12633504,0.09970011,0.10476657,0.084478125
0.70424753,3092.212,0.18823259,7.9579735,0.1440812,0.15171115,0.12292265,0.06024346
0.62652385,3377.4749,0.3571188,2.8111706,0.09096936,0.050526943,0.09985307,0.07909231
0.65811586,3320.7263,0.42946103,4.3521547,0.07373935,0.07701625,0.08748561,0.055265363
0.6670047,2838.7246,0.7715273,2.9534445,0.09523232,0.086928666,0.07013083,0.046254754
0.61591166,4578.623,1.9768772,5.210686,0.13417056,0.15786062,0.10970242,0.12489097
0.65148026,4695.0474,1.0539092,10.356697,0.12200378,0.1483772,0.09810385,0.13532147
0.64727485,4550.319,2.9092796,8.602407,0.09065676,0.11306538,0.051815543,0.05212019
0.6664563,3317.4663,0.48229232,4.8296657,0.12291101,0.08570613,0.10860416,0.10287231
0.6407057,2491.5347,4.276454,1.4441288,0.112489216,0.20835917,0.06538759,0.043708578
0.5993548,2849.7832,0.16818014,1.3004801,0.106906444,0.23320915,0.06626581,0.07310339
0.6019933,1599.2936,3.1648676,0.30756333,0.092378154,0.13846344,0.07897094,0.11844758
0.56607556,2758.0703,1.211322,0.8437312,0.109040014,0.13190748,0.10766049,0.06342322
0.59326243,3002.314,2.1060474,1.3621613,0.1270591,0.124124564,0.09193246,0.060611214
0.6564137,2005.2549,1.6703504,0.9176844,0.098614015,0.074801706,0.08167018,0.06436348
0.6650709,2768.0127,0.69827837,2.5770855,0.07972269,0.11263991,0.06536758,0.05832645
0.66396874,2749.314,0.5783497,2.763761,0.08113394,0.109212354,0.06189039,0.05886048
0.6513359,3559.8245,0.8017924,4.6220784,0.09355122,0.11459322,0.06548083,0.06563354
0.6679783,3251.8481,2.4073718,4.9774117,0.092933625,0.066578664,0.058709115,0.052826982
0.68103576,2532.8823,0.942958,2.7760415,0.1155462,0.08418252,0.07342427,0.05655609
0.66944134,3195.963,0.46616992,4.6980457,0.09588647,0.11462457,0.07333559,0.056979246
0.6411174,4120.893,3.9727461,6.1135044,0.08892267,0.094389334,0.090178445,0.090660155
0.6208132,4438.69,0.4641978,5.3805604,0.11428285,0.09310619,0.06298013,0.08938358
0.6654793,4396.0347,5.3764753,11.396648,0.13641609,0.09009775,0.07757301,0.08037105
0.58809644,1697.9703,0.050622053,0.3388881,0.10148114,0.108999625,0.088860214,0.06075355
0.5432092,2182.7515,0.078492746,0.40233117,0.11481099,0.10431815,0.08459583,0.06825097
0.66554195,3466.2979,1.2796392,6.146726,0.2016277,0.06937836,0.088314325,0.12299142
0.61591196,4682.9585,1.0795045,5.419403,0.16303554,0.093974724,0.0780285,0.13914913
0.6175421,4171.5103,2.248817,4.244035,0.23075035,0.09547958,0.073895894,0.089588694
0.6268953,2657.7358,1.507829,1.5220484,0.16326961,0.0962319,0.07430247,0.06442212
0.6894765,1908.0396,2.6387095,1.3250337,0.12706356,0.09248318,0.096690945,0.06430783
0.6932919,2590.547,1.6684701,3.9344652,0.10839321,0.07514168,0.08588398,0.05201751
0.70460194,1501.1978,3.273839,0.6661525,0.10357951,0.10475221,0.082835756,0.082865715
0.64506114,4955.5693,0.47170085,10.465096,0.092333935,0.091994226,0.06049821,0.12130668
0.640889,5085.4033,1.2465254,10.582527,0.08240643,0.09244569,0.06786394,0.087749004
0.6539869,4421.5913,2.9492612,9.699779,0.084093034,0.1121672,0.0718733,0.06642042
0.63559407,3314.4282,0.45548525,3.2033782,0.08754737,0.12186246,0.0734822,0.08001714
0.6514906,4382.758,0.67827773,9.675257,0.15400125,0.08943896,0.0884749,0.06494664
0.6850611,3240.4114,0.66615266,6.892565,0.078914195,0.09336689,0.067924045,0.05417818
0.7014452,3123.7585,1.4573478,8.055543,0.1267409,0.10629702,0.056275822,0.061651144
0.66101485,1730.8678,1.9014105,0.64478564,0.11454627,0.07556362,0.100749254,0.07891077
0.693476,2498.7224,1.7491299,3.0152702,0.108872846,0.07449253,0.10101108,0.07824576
0.58771217,4710.581,2.018037,3.782214,0.085473716,0.121726625,0.059078828,0.05734316
0.7053606,2295.7573,1.331452,2.8527548,0.117925614,0.06845451,0.0802021,0.06726593
0.68368316,1867.0753,3.270251,1.0893075,0.120760046,0.07430152,0.07731591,0.077040605
0.7252419,2029.2153,0.42473313,2.5127852,0.09335241,0.10178289,0.06062471,0.057404783
0.739853,1851.803,1.7379261,2.4356382,0.0981641,0.10770182,0.056408405,0.050981577
0.71339625,1723.1117,0.16380017,1.2925398,0.1572251,0.06981536,0.07720081,0.08130041
0.7172212,2039.5773,0.048171025,2.387929,0.14518891,0.07366498,0.05837869,0.06295431
0.6931627,2736.0837,2.8149657,4.3618565,0.099704534,0.079024374,0.046406362,0.10433906
0.60951006,3313.7751,1.3739858,2.0276237,0.12808892,0.16245075,0.13110717,0.11406265
0.6457246,4916.964,1.5773365,11.264915,0.098131195,0.103511296,0.054481998,0.11139532
0.6620595,3684.8933,0.2722827,5.6542225,0.12654875,0.10178507,0.12196714,0.048999734
0.61216074,4734.4185,4.341375,5.6943083,0.11484869,0.106372036,0.054671805,0.10744573
0.6030199,3816.6345,0.25240812,2.7626307,0.1263724,0.14341332,0.070947364,0.0575689
0.5922683,3227.6475,0.3961002,1.653307,0.15573145,0.15309668,0.06847908,0.057796407
0.56676245,3650.73,0.98090094,1.6310071,0.19233277,0.21511218,0.06884407,0.055395883
0.57895,3798.5051,2.0548565,1.9044303,0.17180279,0.21530047,0.08485593,0.06251471
0.6684399,3806.8318,1.0314713,7.665749,0.15790795,0.15397686,0.08574408,0.06471145
0.59548295,3217.5752,3.6647198,1.5669628,0.11564406,0.16991888,0.05964693,0.051276065
0.5948081,2112.8809,1.4178219,0.6006211,0.080142885,0.16635247,0.0639769,0.07098845
0.6082284,2063.741,2.5789428,0.5808348,0.086405106,0.18124792,0.06172957,0.06741822
0.66528875,3955.4126,0.45654133,7.715603,0.08707377,0.18137889,0.07661007,0.061375413
0.6812794,3031.8235,3.8352976,4.5999613,0.1116985,0.10151085,0.064895175,0.07583322
0.68163943,2993.0337,3.3596408,5.082159,0.110773146,0.10221227,0.06992309,0.07182623
0.6862291,2514.913,3.003959,3.3186533,0.11204986,0.097993255,0.06781515,0.06940735
0.6840781,2437.2808,0.83533484,2.3876758,0.1119185,0.09317179,0.1660268,0.08802402
0.67100793,3069.7063,1.3578131,4.459777,0.13363886,0.08737001,0.14837608,0.09344981
0.6958845,3150.6233,2.099661,7.668361,0.15241337,0.113138564,0.15061319,0.08943835
0.7444547,2415.831,1.0911758,7.914734,0.09751682,0.09240712,0.14154321,0.070963025
0.63431543,4340.359,1.7695501,6.4484982,0.13583288,0.07569224,0.1272435,0.05750319
0.64017373,4132.8647,1.4495503,6.212536,0.14071248,0.0721293,0.13443027,0.055173695
0.66052085,3616.5427,1.5380735,5.8611517,0.13614963,0.081033245,0.1391399,0.04808736
0.64700794,3773.8223,2.1537213,4.925781,0.08493012,0.111399464,0.051024612,0.093850255
0.70161957,2921.9265,2.4030313,6.8205924,0.108410396,0.09742526,0.063917056,0.06563226
0.6954634,3037.1418,2.14966,6.8140526,0.11625359,0.098793924,0.06137345,0.067638315
0.5942567,2526.5642,2.0735235,0.98376215,0.12902316,0.096692994,0.11928829,0.06687966
0.59319717,2894.8132,1.3437313,1.2175043,0.12720862,0.096617684,0.114176005,0.06959567
0.6845847,2254.0093,0.56332886,1.9633232,0.10317424,0.109168045,0.092613876,0.06549886
0.6926039,3217.0132,3.9598613,7.541325,0.124569386,0.086584784,0.10914338,0.06528729
0.67906445,3302.2988,2.151927,6.208176,0.12932733,0.07810688,0.111339614,0.06652107
0.62636894,2512.3071,1.9047087,1.3225565,0.1064864,0.1262494,0.06648657,0.062553056
0.6333778,3163.6794,2.3176434,2.6015077,0.112963125,0.1137059,0.07680373,0.07218305
0.6253718,3901.3425,1.5527898,4.2487564,0.11873422,0.08261483,0.07965803,0.07363506
0.6329512,4747.561,2.3769436,7.7794604,0.12176035,0.08131464,0.07131956,0.068560176
0.63329697,4688.706,2.8209264,7.7877555,0.13072805,0.07548291,0.07039793,0.06455886
0.6839091,3349.01,1.0103227,7.3694544,0.085356094,0.12803823,0.06915733,0.07791963
0.6785144,3417.71,3.301041,7.1239414,0.09214685,0.1402995,0.07187483,0.05880875
0.6736142,3716.419,1.6444572,8.13146,0.10503926,0.0867409,0.08680761,0.07691531
0.64172214,4559.544,2.1321633,8.617926,0.07035139,0.09468281,0.122088745,0.07589426
0.6342261,5029.918,2.4854527,10.059919,0.085728444,0.09502251,0.116750814,0.101925164
0.62192005,5471.712,2.7453837,9.196873,0.08733764,0.10520877,0.13299704,0.07094939
0.6928025,3617.353,1.0243287,10.456704,0.122008435,0.08679252,0.10369218,0.07371099
0.6111812,3626.5962,3.1523092,2.9020057,0.099840194,0.12195018,0.07885127,0.074217014
0.64325356,3159.6812,2.9694006,3.1314898,0.11719192,0.13598928,0.09900713,0.067407556
0.7025245,2530.5698,1.1170295,3.7624855,0.11252854,0.07430431,0.0698575,0.0648985
0.747184,1937.2449,0.50232464,2.9473476,0.10331514,0.07383637,0.07243644,0.07919905
0.7206236,2178.6106,1.7002238,3.1792347,0.25571886,0.123877384,0.0807165,0.058924187
0.697823,2360.832,0.5141664,2.7705154,0.13660973,0.0930001,0.13033143,0.042491123
0.66939986,3110.9268,1.410382,4.423209,0.12383926,0.102049835,0.117816344,0.069479965
0.67558867,2560.8682,1.5494888,2.557363,0.12246385,0.08387594,0.08301735,0.05446113
0.68928987,3209.1367,0.9531023,7.204688,0.14569598,0.08526607,0.05893058,0.094617166
0.67328244,2951.562,1.2141545,4.0361056,0.10654512,0.06588496,0.07457367,0.077246435
0.62088466,4062.8748,1.5714837,4.044084,0.11238789,0.14913186,0.102543086,0.046147443
0.7278024,2632.0906,0.2386619,7.3141403,0.09706494,0.08887808,0.0539058,0.10862001
0.63100123,4902.472,2.386844,8.281394,0.10476537,0.09183265,0.06711656,0.059486322
0.61004233,5637.6626,1.4619561,8.4266205,0.12706625,0.0879135,0.07272875,0.055841103
0.61421084,6049.1147,1.2386535,10.454191,0.14541791,0.08725497,0.07895174,0.06262395
0.6175666,5791.3804,1.8889825,10.305668,0.12001236,0.08489184,0.07447266,0.05291581
0.6380869,2705.2285,1.6225301,1.8552449,0.10667971,0.13321309,0.06662089,0.11514123
0.6110774,2313.5337,2.185024,0.8152258,0.2444828,0.07903534,0.07571772,0.044876497
0.5987461,2529.3726,3.1835995,0.95079935,0.21568313,0.06646767,0.06702746,0.04158158
0.6077758,2341.231,2.8809261,0.8546128,0.19881058,0.06719585,0.061265573,0.036088925
0.62365466,2427.8245,3.977556,1.1325908,0.20128617,0.06626271,0.058790706,0.042030822
0.6295607,2376.978,2.4614058,1.1339433,0.21785524,0.08352625,0.069591045,0.050658926
0.6512249,2334.3643,3.4076936,1.454844,0.1772821,0.0688207,0.074117064,0.07060343
0.6126714,2584.7048,1.9618126,1.2170006,0.08152596,0.1488934,0.09504464,0.058268365
0.6138957,2449.524,2.180591,0.9580133,0.14611568,0.110634685,0.086293355,0.08517094
0.59734005,2518.6907,1.6046274,0.8368493,0.14971192,0.10484168,0.08390555,0.07090152
0.60304046,2868.9534,1.8208282,1.2844554,0.2011786,0.11686193,0.07749151,0.07249714
0.5981785,2940.8584,2.2853413,1.2591896,0.20175606,0.13279714,0.07089692,0.077919744
0.5922835,2541.9668,1.8913563,0.86582357,0.18843351,0.13167119,0.07099701,0.065899275
0.5931312,3856.5564,1.8998208,2.395225,0.17106298,0.1763755,0.081418425,0.08049491
0.60632795,5189.203,0.15895964,6.146456,0.1742118,0.10193134,0.061489407,0.0658602
0.5824112,5876.646,0.94698024,6.1191726,0.13005395,0.12952861,0.1012753,0.06584351
0.7318237,2272.4414,0.2848188,4.7083874,0.22875345,0.10448469,0.054192223,0.07100041
0.75251,1809.1628,0.36899415,2.7808485,0.15915427,0.10573874,0.09454267,0.052512217
0.7634661,1441.9706,3.4975703,1.6741917,0.13515887,0.09552375,0.088146396,0.08376749
0.7936754,1168.9852,1.0193952,1.1211195,0.1134394,0.126388,0.06356283,0.11189455
0.7304255,1915.3179,2.9014068,2.433269,0.10264261,0.11346702,0.07888797,0.04929489
0.70076895,2272.473,0.7061021,2.4949777,0.15025023,0.17206635,0.09115079,0.08777548
0.74717176,1532.2405,1.3448963,1.5215185,0.15073285,0.10874324,0.07039617,0.04775368
0.7073449,1954.1525,0.95719624,1.919059,0.16250442,0.09588164,0.079022676,0.05199156
0.64424235,3364.9773,1.4258946,3.6123555,0.15150686,0.15698719,0.06666194,0.05121595
0.64551,3422.0999,1.4630518,3.416799,0.1506089,0.15703727,0.066504404,0.05090512
0.68457025,3149.3696,1.1346784,5.4513817,0.123351246,0.11567365,0.08186202,0.06769712
0.52109724,1614.0151,3.1062758,0.18086603,0.108488426,0.0977499,0.08604239,0.09188458
0.53116345,1981.8646,1.2677299,0.3490849,0.1689436,0.08653709,0.08381839,0.09114097
0.61559033,1748.4729,0.30457908,0.47570837,0.1422557,0.12872113,0.08258348,0.084361
0.63806444,4935.5093,1.282365,9.940656,0.09741483,0.106879964,0.0753868,0.0546613
0.69177777,3638.0723,0.36415026,10.6324835,0.111931525,0.097349614,0.07337754,0.057180274
0.65896,3943.0535,3.9439495,7.043707,0.12946554,0.121797286,0.06806817,0.06353046
0.70857614,2961.128,0.78824055,8.068735,0.12061477,0.083784364,0.066937104,0.05342928
0.698867,3171.0488,1.1658947,7.7418203,0.13477974,0.088752925,0.07364572,0.055880804
0.68205225,3330.6426,2.1701717,6.407157,0.12148265,0.08999172,0.05249195,0.07084647
0.6657158,4117.9966,1.7995641,10.027912,0.13209699,0.11827696,0.10652818,0.0819937
0.6255985,5167.48,1.3793799,8.275607,0.10972026,0.091657534,0.0713831,0.08757319
0.618989,4874.244,2.7069006,6.971028,0.10042253,0.095586926,0.07820909,0.06812533
0.67443955,2663.5469,1.3565117,3.0228615,0.10827772,0.11025827,0.088066384,0.090107754
0.6520921,3509.0166,2.258367,4.873548,0.088820584,0.10287239,0.113667496,0.0924692
0.70493424,2172.3916,2.0538273,2.321974,0.1478113,0.09245664,0.055620827,0.057765853
0.70438975,2153.1963,2.0645661,2.4817152,0.14696616,0.09254569,0.055693835,0.057757974
0.5947527,5000.5713,2.2950351,5.3032894,0.09241177,0.11043187,0.11247873,0.085070044
0.6579064,3427.4673,1.6020418,4.5432262,0.09048194,0.1231706,0.081046574,0.06839004
0.6480155,3778.9702,2.8977847,4.830621,0.1014629,0.099466346,0.07743657,0.067730315
0.64667445,4643.0176,0.7226689,8.373193,0.10058962,0.120925225,0.07755729,0.066604294
0.63028497,4844.267,1.0222881,8.595267,0.10410666,0.11389325,0.07079686,0.07394399
0.64240164,4572.0127,1.8648373,9.059888,0.10214021,0.09578936,0.075791374,0.07711764
0.6014461,4802.004,2.6065674,5.4995527,0.083999515,0.0790488,0.09191214,0.062006716
0.7007677,3135.2305,1.5547193,9.214505,0.1728385,0.10881138,0.07629301,0.08180252
0.6369783,5373.097,2.1418436,11.576572,0.16257834,0.08499858,0.0757881,0.05116447
0.5215979,1677.0431,1.4443338,0.2124861,0.1499475,0.12690736,0.13074164,0.04620041
0.55326295,2090.2283,1.1144881,0.4230278,0.10727313,0.0714098,0.12855417,0.102221996
0.5497975,2096.225,1.0525805,0.42421687,0.106433704,0.07121621,0.13075888,0.10218701
0.6554569,2597.5745,3.0651934,1.9820429,0.12449394,0.13195044,0.10678997,0.04786089
0.6828526,2840.7527,1.1214478,4.112302,0.10588253,0.11658309,0.107408255,0.05528219
0.7015856,1792.3987,0.91802377,1.294184,0.097032085,0.18233016,0.10630328,0.061212353
0.7120926,2322.5408,1.3707864,3.2076778,0.081917666,0.13747579,0.069109514,0.07362379
0.6138128,4681.449,2.043034,5.523179,0.19429582,0.07615665,0.07343391,0.07426879
0.6817171,1879.1698,1.0606693,1.0151026,0.22979856,0.1363166,0.2118863,0.05425358
0.7106344,2640.973,2.1257627,5.521254,0.20029224,0.1381064,0.12763716,0.0466592
0.63678515,3234.1665,1.5585344,2.6285686,0.31583777,0.12695193,0.11204631,0.08822428
0.6843411,2678.84,1.184373,3.021607,0.36054325,0.14094749,0.06511137,0.051128156
0.6748098,2658.3486,1.0549574,2.5950918,0.3635174,0.15143642,0.064784855,0.063712984
0.7192999,2995.0364,2.3754504,10.674011,0.27415845,0.098502964,0.0734155,0.07836864
0.6055053,5264.459,2.1860635,6.705756,0.05928626,0.09222363,0.15827055,0.052937884
0.6384316,3910.7234,0.56689095,4.905974,0.103145756,0.103462,0.10595433,0.052016396
0.6585478,2956.9119,2.515938,3.1289868,0.105486386,0.114775,0.1060993,0.05929576
0.6646055,2734.9463,2.8226712,2.8632913,0.1211419,0.0808475,0.06314159,0.1231721
0.6780125,3796.4944,1.3504072,9.388818,0.09312595,0.12375233,0.07130857,0.078376174
0.67648894,3771.2761,1.8146048,8.879004,0.09339553,0.12307849,0.06476293,0.07784044
0.65084255,4226.097,0.19926964,7.657233,0.110694945,0.07948428,0.06931616,0.08244477
0.6711822,3434.535,0.05998624,6.059991,0.10491062,0.09117488,0.08802293,0.06282287
0.67962813,3295.6206,0.058416493,5.987113,0.1065332,0.09323901,0.08708216,0.058619224
0.55212677,4880.5977,0.17699997,2.870232,0.10808964,0.119211726,0.08707164,0.091725804
0.56395704,4785.2026,0.38898835,3.1216328,0.099543706,0.11113164,0.09064366,0.104860656
0.57478845,4873.558,1.3686002,3.7520616,0.113629855,0.085822575,0.103698954,0.09217957
0.6140146,3208.9492,3.2505925,2.0652285,0.11712058,0.10502522,0.09320829,0.08830994
0.64915764,3181.7063,2.7576144,3.388781,0.11918504,0.118587986,0.08508507,0.09770083
0.6066391,3644.8196,3.2132688,2.6390166,0.118927956,0.15151569,0.07494396,0.11062735
0.61417943,3911.9485,3.181805,3.4735136,0.10075389,0.19238652,0.06327098,0.14007276
0.6537549,2030.3057,1.252089,0.9544685,0.11218584,0.13702004,0.07517639,0.06995427
0.6220288,2267.9102,1.0656729,0.8768652,0.14072832,0.11914839,0.09076275,0.114144295
0.5893641,2568.5093,0.9932753,0.8873435,0.14220634,0.10986203,0.10172088,0.08498585
0.6775343,2727.6619,3.3050735,3.1010933,0.09530182,0.08625526,0.06625042,0.05563443
0.5668666,2502.1003,1.0082489,0.7236421,0.079743415,0.0880836,0.09575428,0.07565202
0.5016713,1951.577,3.6579676,0.26503515,0.17091823,0.096504286,0.062426284,0.074397825
0.53580546,1623.0677,1.4471288,0.21195512,0.11728044,0.090211496,0.057625625,0.05095397
0.4893417,1283.3021,3.179027,0.07800761,0.1227143,0.099064976,0.13539094,0.083742306
0.45350987,1518.4803,1.569807,0.112507835,0.11637794,0.11324805,0.11081721,0.101239815
0.5488541,1602.7135,2.3441372,0.2318022,0.10159843,0.15636808,0.07552736,0.058406226
0.49468452,1877.0072,3.1392765,0.24110545,0.1030553,0.14792444,0.087504715,0.08476399
0.50541943,1662.4683,5.434861,0.1737877,0.099865615,0.12957105,0.0960075,0.07305661
0.5322519,1871.8845,0.8735782,0.2867334,0.14149506,0.10730158,0.0629042,0.033835046
0.5216911,1902.7905,0.82314736,0.28697744,0.11691446,0.13534337,0.06972346,0.041973863
0.61007565,1892.8668,3.3930702,0.5457846,0.13984208,0.109602034,0.09546449,0.102341145
0.67202437,4067.2493,1.0459706,10.114284,0.084056996,0.08925615,0.06149162,0.04742176
0.6738157,3948.031,1.019669,10.046059,0.08184643,0.0833406,0.057854768,0.04407119
0.6389211,4230.182,3.1637628,6.3892817,0.08539591,0.11322826,0.062577695,0.0984406
0.60532445,4440.704,1.3036255,4.3381457,0.09101928,0.12206846,0.058275744,0.12676835
0.67589974,3838.352,2.2920601,9.254589,0.13532783,0.08112748,0.0694417,0.036120344
0.6718285,3877.2424,1.8497995,9.437273,0.13624245,0.08413666,0.06720133,0.03753976
0.62144464,5146.6484,1.3419505,8.468246,0.16796254,0.09791726,0.08274184,0.079466745
0.62298775,5430.4365,2.0174868,9.185592,0.18374097,0.08837153,0.08232501,0.07986804
0.6745527,3388.4312,1.9740406,6.5801177,0.18318233,0.09212234,0.07243718,0.042343862
0.6850105,2998.1157,2.9351954,4.7889543,0.16750363,0.09898277,0.065621234,0.059271447
0.65700734,4524.9707,1.8261974,10.71295,0.099972606,0.08396044,0.13347048,0.05594219
0.63269496,5296.349,4.511992,10.438396,0.07217345,0.094789356,0.13170984,0.064560354
0.69596463,3418.6821,0.20693558,10.634281,0.18345854,0.09039569,0.29534084,0.07392014
0.64968127,4994.114,4.5451035,11.728325,0.07656077,0.09242219,0.18280217,0.05450715
0.64519966,5095.634,2.9347174,11.644283,0.07998754,0.095228165,0.16709872,0.05052044
0.6557792,4787.665,2.6079051,11.830711,0.073396444,0.08376218,0.16928788,0.054809783
0.6551868,4807.7207,2.639213,11.854988,0.06681138,0.08161387,0.16677715,0.06179685
0.6744081,4307.999,2.8803544,11.877396,0.076755635,0.08308042,0.13923457,0.07072772
0.65996176,4464.545,2.1978185,11.858989,0.08195162,0.09620176,0.1387523,0.08130159
0.6560327,4861.526,1.7526962,11.991981,0.18559772,0.12610058,0.06508027,0.06260104
0.5877217,1745.6163,1.2469089,0.3855908,0.0894092,0.08662808,0.086547345,0.06747006
0.5731609,1635.8188,1.6470362,0.26604208,0.09633552,0.084266424,0.06550573,0.08261755
0.650816,4818.9526,1.2653672,11.121008,0.12952565,0.11276905,0.08303079,0.05217579
0.64048594,3752.7942,1.8158602,4.5527782,0.11284484,0.08310724,0.07316296,0.12872435
0.5760429,2977.7952,2.479985,1.1890876,0.118917294,0.11158067,0.087580696,0.074312165
0.6027252,2814.189,1.8614036,1.2949395,0.11361222,0.10984946,0.083803385,0.0820543
0.62577116,1737.988,2.4317622,0.48004317,0.11011435,0.11367066,0.07442287,0.070125766
0.58964646,2883.6104,1.0839252,1.1788262,0.08588808,0.13262823,0.08126394,0.064918235
0.6978358,2352.4905,0.8974195,2.829132,0.1573931,0.07555,0.07323753,0.07760897
0.65486324,3289.781,0.37539762,3.934693,0.19939613,0.08979069,0.0850712,0.09353643
0.63860625,4890.325,4.1059804,8.964673,0.08998882,0.1326857,0.07354325,0.04683388
0.6869518,3168.3955,0.22572392,6.4697976,0.12860966,0.09328364,0.058997624,0.10609192
0.6863793,3247.0042,3.611032,7.3131676,0.11786346,0.06891651,0.06173796,0.04267123
0.70764023,2121.258,1.2344769,2.574608,0.12488064,0.09135187,0.08682321,0.094026454
0.6591278,4324.3604,2.243826,9.127386,0.09601542,0.131466,0.095318615,0.05171445
0.6503669,3862.6177,1.6669265,5.811632,0.08158202,0.15255049,0.08602516,0.06877527
0.64404714,4235.693,2.4121292,6.9757996,0.096162245,0.16681722,0.08583643,0.09162238
0.62994283,3799.9692,2.1130135,4.0717,0.10514347,0.105270445,0.07877539,0.062170483
0.64082897,3465.1226,0.7914291,3.6548624,0.10080783,0.12686428,0.067167915,0.051324032
0.6545488,2999.4368,0.82481545,2.9830608,0.09211871,0.12330435,0.05513703,0.05267366
0.5393575,1551.7961,1.3993597,0.2029286,0.1606217,0.06970253,0.10305537,0.07951208
0.58959913,2470.6387,1.5396326,0.81706166,0.14347447,0.106783375,0.16555801,0.0738769
0.58716404,3466.3792,0.8232136,1.7285457,0.1149538,0.11885952,0.11916282,0.045103576
0.61738515,1785.1418,0.64561194,0.45431483,0.107508205,0.115653545,0.07963515,0.11492298
0.6090816,1878.4486,1.6465364,0.49545062,0.14608087,0.079802066,0.068911366,0.198124
0.6234464,2630.9539,3.2237573,1.4449418,0.18176568,0.09441168,0.06381102,0.10306874
0.5084079,1665.3372,1.1816049,0.19880341,0.15188468,0.16198578,0.08072929,0.044528093
0.5279499,1738.6238,3.301751,0.22045642,0.11633433,0.09375505,0.06096948,0.10929318
0.70438033,2616.0056,0.907838,4.577459,0.09289862,0.080969706,0.13578689,0.058084015
0.6838012,2994.0508,0.8660322,4.671201,0.10498679,0.08204268,0.11476676,0.09173621
0.6871371,2508.5815,2.5935717,2.9070163,0.09726755,0.076380916,0.110067025,0.08254527
0.6743876,3501.861,0.9907836,6.6982613,0.15411052,0.10231002,0.10912805,0.06949995
0.59252167,3511.3135,3.060468,1.9941278,0.16778226,0.07330028,0.13611706,0.076955386
0.66357076,3238.8416,2.8133628,4.359562,0.08057435,0.15441461,0.05521617,0.061250865
0.63170713,4262.493,1.9851842,5.5792966,0.09643236,0.13865267,0.08695969,0.04523094
0.6409129,3849.2224,2.038547,5.0536385,0.09555929,0.12785423,0.075265795,0.060177702
0.65587795,4276.131,0.006937232,9.199566,0.13367413,0.10984543,0.09180461,0.0674896
0.6542873,4510.467,0.04302769,10.674298,0.12521748,0.0909364,0.08555001,0.08734205
0.61933476,2493.9482,1.3936923,1.0351725,0.15080887,0.08052545,0.06345675,0.06778781
0.66755337,2226.5732,1.9433149,1.578068,0.10941408,0.12032355,0.12934959,0.11683978
0.6730319,3226.5056,3.895503,5.5213056,0.14288719,0.09225364,0.10613449,0.14743009
0.6752417,3247.891,4.259403,5.1824927,0.14463238,0.094609156,0.1100679,0.14891894
0.55819017,5366.0376,0.27448776,3.2730916,0.15842417,0.1242212,0.11542964,0.042278647
0.64340264,3199.424,1.8713439,3.1612782,0.08719757,0.06895306,0.09507157,0.07330292
0.65063274,3483.4412,1.6598458,4.373818,0.1190131,0.12052973,0.07724496,0.057669003
0.64026797,3657.377,2.4558644,4.3231187,0.11657299,0.100286245,0.08421952,0.061577313
0.6026531,4008.3738,0.8518185,3.1753569,0.098884694,0.0842797,0.09446074,0.09412972
0.5866367,4500.4434,1.000868,3.3622215,0.09652596,0.09791319,0.09506681,0.091011554
0.7027121,3265.3955,2.4272733,9.631057,0.11302969,0.09124605,0.06498631,0.060337443
0.6163649,3221.9854,2.6517918,2.1886182,0.11742747,0.10291208,0.08190667,0.06549705
0.5877071,2695.3135,2.9265594,1.0016267,0.113098994,0.09926175,0.09463871,0.0758899
0.5806183,2528.8652,1.107672,0.7497607,0.083171025,0.10100494,0.054168608,0.092825055
0.6194483,2019.0723,2.95403,0.6317947,0.12878102,0.13795494,0.090366594,0.07896572
0.6188098,2581.7424,1.5714054,1.2811944,0.13111334,0.13184553,0.09230068,0.08481596
0.5872005,2351.674,2.1660209,0.6751446,0.118136525,0.10163826,0.087195165,0.055308532
0.6046868,3024.8313,0.3383007,1.7088834,0.113969654,0.1086198,0.074536696,0.08219729
0.6202998,2331.2832,0.94916236,0.9757269,0.08917891,0.09056196,0.091619626,0.06060133
0.6490785,2208.1938,1.1604897,1.1676759,0.10137698,0.10081675,0.080855,0.07373365
0.65421814,2347.5537,0.27756557,1.4704185,0.12917678,0.11119652,0.08685511,0.07896891
0.65351504,2232.876,0.17392269,1.3104186,0.12562293,0.11370045,0.08648206,0.0819898
0.63321865,2743.7285,0.13046408,1.7430369,0.131994,0.10311303,0.051136788,0.06648966
0.61901486,2631.942,4.465468,1.4586535,0.14507174,0.09008656,0.13319905,0.06865776
0.586451,5559.609,0.2548134,5.223189,0.14203152,0.14491133,0.09138438,0.07510978
0.671277,4156.9473,0.03765278,10.073646,0.117826626,0.08848719,0.061136104,0.06295371
0.6441704,4329.734,0.018958362,7.399858,0.14642595,0.12076716,0.07628666,0.17355686
0.5833797,6802.8076,0.5741079,9.39724,0.1330238,0.08104563,0.067051575,0.1260601
0.7186736,2596.822,1.505288,5.488228,0.091761984,0.1170293,0.08147552,0.053935844
0.62036395,3064.2212,3.6955407,1.9298798,0.1151837,0.08985172,0.049718637,0.060520083
0.62322295,3039.8896,2.657445,2.0345907,0.1084089,0.07966776,0.047010627,0.05774053
0.6252786,3203.2827,4.9507656,2.414389,0.11547806,0.07931945,0.049894586,0.05177004
0.6392932,3766.3323,1.5891997,4.804736,0.10993928,0.07984913,0.07212227,0.05317425
0.705961,2014.3782,0.16188729,2.1249356,0.11453289,0.12897669,0.07614527,0.13098413
0.7203519,2242.753,1.1055831,3.9059784,0.07342287,0.04825948,0.061586726,0.058097187
0.7275761,2053.4426,0.89339864,2.6710262,0.08506799,0.053789243,0.06162888,0.056715872
0.741597,1941.543,0.87754846,3.176542,0.083743826,0.06395757,0.08324026,0.04253287
0.7367014,1758.3826,1.9395249,2.1096022,0.09976686,0.064639255,0.06863161,0.06360642
0.72857106,1612.5308,1.5831593,1.2501905,0.1110516,0.07793097,0.057782546,0.067762785
0.71053624,2127.7822,1.9710226,2.3777401,0.09393508,0.08817322,0.05893836,0.07316864
0.7165085,2367.5967,3.3223364,4.023879,0.09862304,0.075969376,0.075326934,0.07415627
0.7095015,2404.4802,3.795288,4.1771326,0.10026291,0.081340775,0.076470084,0.07639614
0.67858255,2017.053,0.5812717,1.2218482,0.11275561,0.112176746,0.07525302,0.053545758
0.7122464,2187.3672,1.0200154,2.6125493,0.12503406,0.07512491,0.059841663,0.045562178
0.711248,2332.54,1.4089845,3.7300935,0.12085207,0.080223754,0.057447173,0.048628733
0.61221486,5117.988,1.3061671,6.3934846,0.14762126,0.122039475,0.10922673,0.11532794
0.69049615,3168.5125,1.5309402,6.459072,0.09692861,0.09165679,0.058657393,0.06820446
0.6472886,1921.8407,0.42994258,0.7368886,0.10589483,0.08063761,0.078850254,0.06067725
0.64830637,1918.9481,0.44593057,0.7675803,0.1055523,0.08064315,0.07948522,0.061174028
0.6937325,2617.0493,2.9820704,4.0587416,0.12081814,0.0637267,0.08287297,0.074256696
0.6209144,4246.42,0.9223846,4.5916915,0.12617575,0.14228952,0.07468755,0.10031293
0.5968792,2693.3955,1.3108735,1.0896215,0.13999955,0.14674333,0.08006615,0.046942405
0.59813416,2682.3616,1.4222901,1.09711,0.13635218,0.14712164,0.0705546,0.044684075
0.5401611,1752.8236,2.7223258,0.26295856,0.12679325,0.100666106,0.0611879,0.09314273
0.54912096,1738.805,2.6634817,0.2748553,0.13544829,0.11802158,0.06626698,0.11137604
0.6572748,2427.8484,0.50117666,1.661761,0.1734944,0.08426954,0.105668575,0.051742557
0.6486473,4077.63,1.2416645,6.759956,0.10586804,0.117844805,0.07663943,0.0592401
0.6517925,3580.593,0.55967444,4.7363367,0.11789061,0.1184266,0.085677624,0.08042618
0.6348242,2841.1716,3.5717466,2.0213645,0.08982371,0.116068065,0.07803263,0.06984375
0.618064,2190.3174,2.0803952,0.76163614,0.15771641,0.10049204,0.077710606,0.06884113
0.64162093,3071.4539,2.3292837,2.595038,0.15885842,0.11238344,0.077948846,0.07185922
0.61127543,4282.75,0.8650322,4.21659,0.15349384,0.102121174,0.091891244,0.07059303
0.70052874,2476.021,0.027165642,3.4942183,0.13275918,0.09316321,0.067461595,0.061834536
0.6922213,2391.2383,0.1321834,2.5429487,0.13593304,0.09778449,0.05757097,0.056683607
0.6788604,2365.8643,0.18396568,2.1828065,0.09502124,0.1272693,0.06405935,0.08669573
0.6953526,2689.1675,0.12367147,4.16531,0.09731439,0.10256531,0.09030186,0.072685264
0.66462773,2163.8105,0.015822206,1.4371189,0.08131109,0.093829766,0.09043621,0.049708527
0.66514117,4014.4375,0.61180806,8.249639,0.1204296,0.07071976,0.09628783,0.07083674
0.66906,3672.4563,0.5583437,6.920515,0.110516496,0.09152007,0.08964585,0.071916446
0.6437914,4616.6245,1.6661954,8.966841,0.10460237,0.15448274,0.15623665,0.057523116
0.6706314,3493.385,1.7542381,5.9569154,0.11570738,0.12001264,0.22661796,0.06234822
0.63340014,4176.4634,1.3013732,5.219089,0.09452806,0.09944766,0.12000652,0.060936347
0.62034553,4873.4634,2.1113322,6.5355577,0.11658192,0.11142597,0.08348349,0.05623147
0.66337305,3075.5786,1.2189292,3.9240024,0.13627541,0.09878926,0.08704983,0.07439032
0.67400527,3228.2302,1.1703026,4.947448,0.11593467,0.094311744,0.07837671,0.07636522
0.65721595,3347.0625,1.3194699,4.507367,0.12770748,0.08763117,0.07189568,0.08334394
0.6407063,3993.188,1.7682681,5.6678967,0.13242757,0.07623431,0.10892758,0.07321527
0.65833724,3523.6824,1.4718531,5.184493,0.15651095,0.09165353,0.07329302,0.074677415
0.6791279,3625.311,2.1978924,8.8450775,0.12676941,0.09804754,0.06937345,0.069242164
0.6783632,3854.7751,3.639079,9.507121,0.12308256,0.0854727,0.057732712,0.0549208
0.67041105,3879.049,2.224154,8.697154,0.11110088,0.08250462,0.06193122,0.059260555
0.6552187,3901.4932,3.2316244,6.3500032,0.11812202,0.119910024,0.09656154,0.07331059
0.64296615,3766.134,0.5176588,5.1938744,0.092203766,0.083288126,0.092463806,0.062156416
0.60899407,4755.8794,0.3722897,5.6420584,0.114668846,0.10020197,0.08766747,0.10074481
0.63371307,4375.2363,1.0145446,6.0887475,0.116911955,0.10030487,0.08473557,0.096710704
0.659678,3788.7185,2.728968,6.2515717,0.114632495,0.0868382,0.1797866,0.11320899
0.64679974,4640.82,2.7613492,9.245239,0.12819934,0.08739526,0.18616612,0.05718423
0.64244986,4727.523,2.588306,9.473723,0.12779711,0.08748604,0.18305078,0.055832807
0.6282254,4146.256,0.5720546,5.282479,0.07264876,0.08715603,0.14240795,0.08044382
0.6876213,3082.1213,3.7356555,6.254968,0.20443578,0.15241934,0.072811134,0.05414348
0.6605665,3038.134,1.1536192,3.208692,0.2313537,0.08528099,0.08204982,0.06717285
0.71561223,2977.213,0.8970324,9.116045,0.15658957,0.11155093,0.14520103,0.0804452
0.650743,4385.759,1.0600166,8.239924,0.13366996,0.07656979,0.10234429,0.056223493
0.6395823,4762.263,2.9053507,8.821377,0.07645215,0.13040985,0.050969485,0.10453064
0.6253156,5057.9834,0.87534994,8.122503,0.074385,0.0912171,0.06254311,0.07199608
0.6499892,4457.0894,1.5789024,8.73667,0.089677,0.15592417,0.07688157,0.06052118
0.6654122,4208.9854,2.567985,9.839342,0.12053804,0.14687319,0.10822845,0.06695622
0.6311182,4045.4832,1.317804,4.6975203,0.087799564,0.099124,0.11340484,0.067173116
0.68027395,3432.1555,2.4554565,6.9633703,0.11235282,0.09221617,0.080082625,0.06289039
0.65966195,2110.4712,0.85422957,1.1493286,0.20164537,0.11063711,0.15357111,0.06558565
0.6107028,3324.904,2.460488,2.1578326,0.117664255,0.11214583,0.13306898,0.059924427
0.5640959,2798.2998,1.4919066,0.87941843,0.07939494,0.17240712,0.15591377,0.057255592
0.6403775,4407.049,3.1601307,7.1699862,0.14101197,0.15565938,0.15141991,0.07428352
0.6179469,2187.1104,1.3129375,0.8007467,0.15338804,0.09846243,0.046434455,0.068025984
0.60508174,3536.393,1.11588,2.4432237,0.23545933,0.096097365,0.05499321,0.09201603
0.7095742,3085.652,2.7530856,9.579683,0.15764949,0.11965879,0.07978514,0.05426267
0.660259,4560.3423,0.80649203,11.016662,0.13104957,0.09991725,0.0673,0.10841621
0.65357006,4606.475,0.51970243,10.621471,0.13343681,0.06357507,0.07837526,0.07337441
0.63249755,5213.0586,0.52625036,10.310333,0.1177998,0.068961754,0.07770666,0.0813553
0.6402591,3656.7363,2.1315117,4.173755,0.16941535,0.09684552,0.08299875,0.04623857
0.67471343,3748.467,1.9660363,8.652129,0.15042025,0.10286084,0.10927906,0.051916152
0.6827545,3584.5579,1.2943192,8.985432,0.1485341,0.11300622,0.11407824,0.06582189
0.6220832,4071.9958,2.5434968,4.371822,0.08634466,0.08311794,0.06944029,0.07400113
0.6616303,2156.6277,0.9078809,1.2393415,0.1400816,0.12395381,0.07779942,0.073612876
0.612566,2279.6208,0.13668136,0.7896141,0.13392505,0.15390554,0.047734294,0.0934118
0.66308546,4065.4258,0.42142984,9.223623,0.11108835,0.0685006,0.14555326,0.08111
0.6564959,3824.4434,2.4229085,6.03715,0.08929972,0.11369528,0.10087794,0.06583553
0.69000065,3180.4082,1.0617135,6.9510717,0.07011913,0.111111954,0.08419342,0.07753193
0.69184047,3132.8323,0.68367034,7.1815248,0.065488786,0.12507312,0.09111229,0.06267541
0.59607863,4157.4907,0.80119514,3.2519774,0.25547937,0.10565338,0.095620506,0.08346968
0.62520415,3067.3628,0.80425805,2.2239122,0.26337618,0.14887497,0.074613065,0.08397419
0.64550346,4443.951,0.47241664,7.4856644,0.1280677,0.13208324,0.094346896,0.12628153
0.6211086,3557.455,0.1527724,3.1706662,0.0743106,0.1517674,0.113964684,0.05711802
0.6703674,4256.4893,1.9254155,11.416136,0.22820526,0.08530539,0.055848066,0.07409037
0.631549,5334.355,2.8090281,10.802275,0.16500005,0.09855201,0.06164024,0.06928247
0.615276,5579.435,1.9885567,9.060544,0.14195113,0.08811188,0.072621085,0.107916296
0.61583036,5699.753,1.2657347,9.566614,0.13563514,0.08576921,0.07213192,0.095459595
0.6549806,2720.9844,2.516464,2.3920317,0.121524975,0.12045783,0.07005052,0.047540862
0.61129445,2173.0508,0.83577615,0.6965979,0.07165105,0.1061224,0.0941288,0.11759574
0.6196304,2647.7554,0.9463205,1.3409009,0.07528566,0.114958026,0.09029992,0.09732907
0.61500716,2770.6755,0.67237985,1.5282881,0.07549058,0.11311426,0.10117881,0.111959286
0.5808233,3320.644,2.6834774,1.5492707,0.08060201,0.11025067,0.11034173,0.14228651
0.60356104,3467.9307,3.3179257,2.3536456,0.08153591,0.122928716,0.11049363,0.124660894
0.59820247,2043.4764,0.9667861,0.53067654,0.10682944,0.10962511,0.10703975,0.048764072
0.62700593,2752.101,0.39542702,1.7415297,0.11362961,0.10005571,0.052844077,0.107317135
0.6185135,2340.8833,0.3745366,0.94345623,0.11523779,0.10110439,0.049092755,0.0986869
0.628147,2729.2424,4.178944,1.6504552,0.07683891,0.1687426,0.102382556,0.048310734
0.65075237,2443.867,3.6414843,1.6739292,0.086705096,0.14004672,0.10915345,0.056251705
0.62657636,2794.3572,3.0187507,1.6893055,0.07391762,0.14327769,0.111018054,0.08753996
0.7396821,2720.46,0.3076628,11.354521,0.26308167,0.073415115,0.055400968,0.06636516
0.650879,4783.5845,0.51398176,10.496362,0.1463433,0.11248077,0.089909986,0.0637141
0.6399779,4994.8125,2.1197505,10.311075,0.18235964,0.20037305,0.09697977,0.09211151
0.6424414,3276.9382,1.7501118,3.595755,0.17463572,0.08416501,0.09487636,0.07355188
0.6885831,3643.0894,2.1672947,9.708575,0.12659924,0.10181653,0.056318812,0.06320473
0.67511964,3992.0444,1.3927491,10.319282,0.13849933,0.10174385,0.04019255,0.073147796
0.6252913,5222.2207,2.3225732,9.006478,0.18675059,0.120775856,0.093897305,0.069503926
0.62600213,3531.365,1.4256226,3.0188808,0.09102206,0.10464365,0.0938343,0.051406622
0.6319859,4022.1174,1.6543208,4.782562,0.14768818,0.07925566,0.09038991,0.069739535
0.6093103,3300.2607,1.2781439,2.0940485,0.16326962,0.07705388,0.08412196,0.08231687
0.61844695,2725.0576,2.0339727,1.4040434,0.08938211,0.15471202,0.07094915,0.061969887
0.632833,2488.539,0.34340164,1.3481687,0.081623614,0.10942675,0.082464725,0.046512537
0.6298617,2526.913,1.1506126,1.4146574,0.16067013,0.09476978,0.070914894,0.08231133
0.67227864,3033.094,0.35642034,4.184656,0.09691322,0.1157419,0.07960436,0.060750667
0.6797244,3587.8374,0.24303758,8.889325,0.100451484,0.11695029,0.10786634,0.056389447
0.6545642,1776.1461,0.1995503,0.64048654,0.12377751,0.09814072,0.09698102,0.070196524
0.7223515,2245.4248,2.6377559,4.000597,0.1419605,0.25206456,0.110055245,0.07357566
0.6759602,2002.8531,1.1263841,1.258873,0.22331484,0.110439904,0.16332075,0.05005033
0.63613755,4767.217,0.56500757,8.371237,0.12675051,0.07921127,0.08445069,0.07653192
0.6523761,3905.5435,2.4180038,5.9007297,0.108125344,0.13527831,0.07078662,0.070206285
0.66154075,3286.2769,0.73026097,4.2509255,0.09552241,0.062292844,0.07175848,0.090103015
0.6676293,3284.5183,1.3972776,4.9191093,0.11005102,0.05776781,0.08112044,0.10187471
0.62339777,3721.4597,0.55782473,3.478232,0.10052851,0.09137066,0.07076127,0.090477794
0.6284443,3869.2656,1.3299993,4.043638,0.08142922,0.070641875,0.09531528,0.095409855
0.6893912,3376.0095,1.2567451,8.59571,0.08071047,0.08606869,0.08213417,0.05428854
0.64657617,4316.845,0.98999476,7.820393,0.114302486,0.08302133,0.07434325,0.05478884
0.6038895,3151.3481,3.05295,1.6617336,0.15268312,0.1123004,0.13739066,0.1201362
0.6302677,3292.7573,1.4051008,2.70758,0.14045909,0.17159922,0.10231016,0.23008758
0.63989025,3670.1619,2.9827442,4.159609,0.12841834,0.17840952,0.08782986,0.060234427
0.6399323,3640.0276,1.1902611,4.2230916,0.09547881,0.07949534,0.05487184,0.06895934
0.6191371,3668.9092,3.3102121,3.3532546,0.08580756,0.1043905,0.08305566,0.05399401
0.6836729,3233.2761,0.45717925,6.1426625,0.08800214,0.10447351,0.053366527,0.06764194
0.62801474,2715.861,2.260972,1.6689212,0.08560538,0.08685213,0.0870717,0.09377969
0.63984966,2687.3008,2.990816,1.7848544,0.16311729,0.11920498,0.07902345,0.05028473
0.62188417,2671.8223,2.4656155,1.4540966,0.15096442,0.11037938,0.080488525,0.063259006
0.5645215,3336.5134,1.063818,1.3459849,0.1258503,0.15576689,0.102532595,0.07555877
0.5910983,3409.8196,1.6251104,1.8751777,0.12825231,0.124683455,0.0999568,0.06639782
0.6675753,3691.8071,1.345041,7.132383,0.107140146,0.07651203,0.08780415,0.055723958
0.65029615,3698.0781,2.4671178,5.1756973,0.11655524,0.08468131,0.076331325,0.07311941
0.67203116,3185.8474,1.7375683,4.778927,0.1482291,0.096249565,0.06270248,0.09426494
0.6578973,2919.617,0.46141684,2.7080266,0.13576943,0.09644275,0.053814344,0.06129032
0.65822953,3787.922,0.52904826,6.780587,0.15279621,0.0835534,0.09517294,0.05705669
0.60754776,3082.676,3.0576513,1.7243658,0.13961056,0.096300736,0.05742265,0.10536054
0.59832966,3655.0425,1.6709439,2.3453994,0.1412108,0.11661864,0.05125244,0.08875212
0.6097701,3899.9111,0.70264643,3.1222503,0.14979632,0.12774947,0.040620502,0.056243926
0.593302,3351.9656,0.9663372,1.8004026,0.14981815,0.119048916,0.04085988,0.055530086
0.60034615,2578.1504,2.1775537,1.0379593,0.15963158,0.14489451,0.047294304,0.063304536
0.6418587,3939.4744,2.54922,5.3865438,0.14754026,0.09434721,0.17876865,0.07555686
0.7423519,2334.6995,1.3582029,7.1820374,0.18649748,0.06664882,0.05135074,0.07643516
0.7404021,2423.9915,1.2690831,7.604569,0.17856598,0.069863364,0.05258377,0.073926345
0.7477366,2413.0222,0.9594352,9.6187935,0.13790615,0.056987274,0.056363437,0.06418988
0.68157667,3564.7373,2.2216449,8.654426,0.13710023,0.22459394,0.087321006,0.083815455
0.6420391,3451.246,0.9166055,3.430972,0.13307966,0.12338045,0.06926913,0.09680925
0.62193036,2949.6633,1.6263961,2.000089,0.16866904,0.11133953,0.09512344,0.1100074
0.6806121,2513.9753,2.608825,2.4927487,0.19684085,0.08729911,0.09746666,0.074491255
0.64244324,2464.5935,1.736054,1.5462692,0.07291923,0.10403924,0.05871529,0.058411464
0.5938555,2725.2573,3.0983474,1.0928311,0.0864974,0.10669825,0.080873355,0.043728884
0.6205874,1954.3522,0.8515347,0.6057365,0.10387841,0.09245245,0.06452252,0.05358093
0.6652935,4283.085,0.59565103,10.719467,0.16157624,0.10976553,0.087806284,0.07360771
0.6691563,4159.7646,0.71070564,10.012005,0.09199129,0.11947162,0.11093519,0.07578158
0.67095125,2734.2954,1.4203596,2.8803773,0.09065701,0.09045224,0.122159846,0.081360675
0.6616595,3021.0776,1.6602023,3.471386,0.098481946,0.09539016,0.11655382,0.069851354
0.71147597,2020.5603,1.9702895,2.0982199,0.097145185,0.13203736,0.078726634,0.07805602
0.6931499,1845.2637,1.865376,1.1448112,0.10792234,0.10833177,0.07786617,0.050059803
0.6845715,2181.531,1.7783413,1.7628164,0.14289433,0.11342688,0.09201939,0.057773083
0.6073936,4523.035,0.8454088,4.663944,0.10020248,0.088131875,0.07093069,0.06982035
0.6897886,3030.4531,3.3071856,5.856118,0.11933434,0.09545429,0.08115683,0.073364615
0.6696182,3897.452,0.18734832,8.38463,0.09987895,0.10478553,0.06080389,0.062480945
0.65726405,4210.94,0.15551583,8.318103,0.09913921,0.10716099,0.06174841,0.08720562
0.6634954,4016.1108,0.19256295,8.189297,0.12303427,0.1629449,0.07185132,0.10669153
0.6804417,3652.9473,0.6592062,7.96404,0.12798607,0.13722366,0.07196382,0.0791136
0.6192879,3253.211,1.1239595,2.4001434,0.13021132,0.10686936,0.10181769,0.09851299
0.6768152,3704.1921,0.7163045,8.158984,0.11256061,0.08712694,0.06311262,0.05428309
0.66556025,3946.0786,2.976816,8.452706,0.11267934,0.10212765,0.061100375,0.055489734
0.6430217,2394.8838,1.6862152,1.4206605,0.10644665,0.12744136,0.07850705,0.057543185
0.64709616,3739.145,1.2126629,4.9371967,0.099349216,0.15433973,0.058940303,0.063121
0.6577948,3490.469,0.7810985,4.926921,0.10567961,0.16523594,0.05509775,0.04806329
0.66334754,2982.5942,1.4704344,3.5574384,0.09531619,0.059161283,0.1018223,0.10630174
0.5961089,4166.766,1.9929718,3.1273012,0.11568476,0.14616574,0.053390887,0.059315257
0.6936923,2473.0325,1.6738042,3.0707235,0.11477371,0.07864911,0.085596345,0.07612875
0.6957246,1882.8496,2.3022048,1.264884,0.10976275,0.082179934,0.06650835,0.06567382
0.72485596,2186.0085,1.3440114,3.2493563,0.12131501,0.13123855,0.069154695,0.06567733
0.73401314,2019.9214,1.2676879,3.07993,0.11675705,0.13719356,0.068867855,0.06681001
0.57267255,3039.8813,1.110085,1.2087765,0.0985792,0.1055996,0.07981563,0.065026775
0.58126867,3010.9272,1.0369064,1.2800082,0.07947391,0.10893226,0.089719556,0.05900515
0.56431675,2359.472,1.4147468,0.60798025,0.080528945,0.12847134,0.10485073,0.054760307
0.5400175,1674.2645,3.307236,0.24589553,0.091785,0.11124555,0.10449937,0.047784716
0.54589635,1982.7786,1.6473658,0.36550608,0.076140076,0.09270118,0.08077036,0.066767894
0.6422724,1999.3105,1.0944755,0.8039204,0.084079206,0.06352932,0.09513701,0.08288471
0.65887684,2411.977,2.9511638,1.9094712,0.09382341,0.060659137,0.117322505,0.08488723
0.667805,2428.8855,1.9674896,2.0953002,0.07530627,0.06807485,0.11422714,0.08246337
0.6767743,1807.529,2.3198256,0.96200544,0.13139597,0.092753,0.15476373,0.046229288
0.6893824,2380.8665,1.6312501,2.3916333,0.15918982,0.111040585,0.13490547,0.07982269
0.6155186,4832.8794,0.44816267,5.84389,0.101959996,0.10759998,0.06467126,0.054350898
0.61924976,4498.6426,1.3971103,5.582665,0.064130254,0.11865912,0.0858158,0.0678533
0.56813127,6543.1807,0.29858333,6.4992757,0.09550975,0.098697655,0.07121991,0.07025193
0.75150967,2215.0808,0.14527912,7.451428,0.16412315,0.08636223,0.08261259,0.06269306
0.6639209,3646.0984,2.3912265,6.7104588,0.10589021,0.091552675,0.0670925,0.07361259
0.6499953,4501.9214,1.6529354,9.67611,0.093724295,0.09045444,0.113147385,0.074777156
0.63831145,2221.6553,2.750067,1.0804499,0.12514092,0.09525896,0.069329835,0.08082233
0.61850905,3390.192,1.4124261,2.358125,0.26393983,0.111962914,0.08426915,0.061341677
0.5783226,5272.942,2.1856692,4.2821035,0.13148122,0.107788086,0.052275326,0.076659404
0.5772954,5036.276,2.1377041,3.7278292,0.13380738,0.11114141,0.048950657,0.07707733
0.6454697,3544.1714,1.0452923,4.171916,0.10330878,0.08133073,0.08494817,0.07270329
0.6484772,3827.8562,3.1220663,5.6277423,0.10803291,0.12175913,0.13193503,0.05939448
0.6347799,3806.5571,1.0473195,4.49486,0.11614416,0.0766788,0.07214937,0.08545654
0.7313394,1876.634,0.6615351,2.1844528,0.117138036,0.11848062,0.0720438,0.062969185
0.6590408,2165.7898,2.9035456,1.3151687,0.11234068,0.06846201,0.06023931,0.06429201
0.6259583,3351.3105,0.7001782,2.5810845,0.16212443,0.100097366,0.10261704,0.076606825
0.6288203,3463.5176,0.8124998,3.0488615,0.16553825,0.09890872,0.0967087,0.07205163
0.62372756,3917.4539,0.45870206,3.8115919,0.1831274,0.094900385,0.08233176,0.071136266
0.60942,3994.5186,2.049754,3.546746,0.14009812,0.14302185,0.083697855,0.06591444
0.62328196,3952.686,2.8587177,4.258708,0.12567864,0.11811675,0.08870149,0.05958807
0.6479981,3422.574,0.8406301,4.0944057,0.11261604,0.09411906,0.09901731,0.070355244
0.67503273,2692.309,1.606901,2.9901326,0.11708593,0.0831629,0.056811,0.07646606
0.67187154,4258.4272,1.8758159,11.741981,0.12078723,0.10581147,0.06706483,0.06202888
0.6762544,4033.7195,2.2156732,11.37711,0.09820318,0.096285604,0.07244326,0.070768274
0.64823294,4607.2993,2.2516928,9.874052,0.116198614,0.09451618,0.13078545,0.08809331
0.6534077,4159.2793,1.7765901,7.5757017,0.10108955,0.09147651,0.1473419,0.06840038
0.6362874,3133.611,1.1795206,2.545724,0.11456514,0.119740464,0.097007126,0.05799934
0.6331562,3085.589,1.1258246,2.334823,0.11496343,0.11978076,0.09725784,0.057628993
0.66364396,3869.6362,2.7832692,7.952938,0.120113775,0.10732468,0.085684344,0.059968565
0.6824881,3380.164,1.9363023,6.9137063,0.11736055,0.10613111,0.08338075,0.0491004
0.7102987,2658.084,0.48532265,6.0383873,0.16658916,0.09372084,0.09430938,0.08351572
0.6312852,5377.9077,0.8192484,10.377744,0.10393276,0.093146555,0.06634839,0.062502354
0.61852485,5768.3877,1.7780496,10.318472,0.10931981,0.083620645,0.07876771,0.063457586
0.6366853,4987.508,2.267358,9.532433,0.10970054,0.07649664,0.06873745,0.053744093
0.699559,3324.7742,2.5331912,9.66041,0.08901937,0.123351604,0.08630161,0.056581922
0.6183872,2908.1187,0.9598311,1.7130669,0.12289736,0.10114527,0.061974954,0.08447161
0.60669225,2081.1638,2.006498,0.60723203,0.12991543,0.13774776,0.056301564,0.07546488
0.60011804,2194.3354,2.0699303,0.68653333,0.13751493,0.13487759,0.05011054,0.08332918
0.6337443,4829.1646,1.8444113,8.320634,0.18843837,0.089000024,0.13004825,0.050794445
0.635632,4922.4985,4.4819202,9.165474,0.17801335,0.1280383,0.17707929,0.07981535
0.64905065,4203.1094,1.6882979,7.3947206,0.17907271,0.10022788,0.17752826,0.06372784
0.62677723,5093.047,2.4342234,8.644418,0.20640634,0.09001659,0.19723985,0.05031149
0.69218135,2431.3467,1.9281031,2.9994626,0.083507955,0.10410033,0.043337926,0.093734875
0.6998959,2822.1113,1.2389551,4.7633996,0.11197661,0.13500287,0.052051254,0.07819462
0.57325083,5806.3086,1.8066003,5.712735,0.12359856,0.084721714,0.11810397,0.06950066
0.6191926,3791.8572,2.1331036,3.386918,0.11052135,0.12956339,0.12844066,0.061437108
0.67995805,3488.5105,0.63722295,7.2452145,0.11586772,0.07373896,0.12893285,0.06012755
0.651579,3047.0894,3.3899856,3.0641966,0.12771513,0.09925896,0.08029123,0.062125307
0.64235747,3501.225,1.6571672,3.769308,0.12970465,0.11811126,0.072427444,0.05326551
0.68032175,2686.4177,2.7761028,3.508865,0.13185194,0.077129774,0.088895604,0.060588676
0.69057715,2533.732,3.1417904,3.543652,0.1307887,0.102369964,0.08416677,0.08292509
0.6332445,3696.8135,0.48266342,3.5875542,0.10573483,0.09279053,0.06986505,0.065841995
0.5674922,4865.4316,0.30028048,3.451283,0.07923428,0.08076298,0.06639805,0.1171563
0.73502564,1985.856,3.6711118,2.637469,0.24771543,0.13922204,0.14152041,0.059594847
0.6181072,2265.6138,0.869075,0.9350746,0.11179767,0.11060351,0.08251129,0.075169906
0.63436216,3348.6882,3.1199453,3.291127,0.12555265,0.088879585,0.072876155,0.11388866
0.6421738,2609.215,1.6487939,1.6204445,0.14486977,0.13478774,0.107279375,0.08398232
0.63273007,2519.7666,3.2467785,1.2335243,0.15710044,0.17327599,0.09622669,0.09540035
0.6214994,3950.647,1.6103821,3.9392247,0.119466916,0.071539894,0.115640424,0.061570518
0.6723546,3016.9263,2.848843,3.9937625,0.101138875,0.1409578,0.056045614,0.065564245
0.6736116,3031.2173,3.027681,4.367194,0.10070562,0.14325093,0.056513727,0.06470028
0.64634734,2790.6433,3.025224,2.2049034,0.09242687,0.17928031,0.051412385,0.07320015
0.64549947,2873.3955,2.8982544,2.1335769,0.09293947,0.1796507,0.05186127,0.07270984
0.6456871,2867.0405,2.8817158,2.1434283,0.09270007,0.17904864,0.051904738,0.072472356
0.6487817,2871.8928,1.2814054,2.2718606,0.18636054,0.14782324,0.10866596,0.07802677
0.6150186,4085.6902,2.7485092,4.1132474,0.15847485,0.12018393,0.10959532,0.056006797
0.7352112,2040.5127,1.1956962,3.4743638,0.12904695,0.11231085,0.052778613,0.07296454
0.7408159,1338.1433,2.8442347,0.8221811,0.11043795,0.1278725,0.07179561,0.05208522
0.7831922,1628.3129,0.86505735,3.5306547,0.114395104,0.11162204,0.07457747,0.075147465
0.7750313,1575.6318,0.90870225,2.3214443,0.11695935,0.11931397,0.08514355,0.073387936
0.67275053,2316.8472,1.3721073,1.9549958,0.075981095,0.11584219,0.07754673,0.062208395
0.6661993,2270.703,0.7364003,1.5958805,0.07349096,0.11132188,0.07212965,0.058836646
0.65518683,3726.9263,3.5144727,5.7774916,0.16230021,0.12960438,0.088549435,0.074034505
0.665825,3258.8345,1.6795528,4.5197253,0.083557665,0.08921177,0.075786404,0.04964778
0.6243739,3899.57,1.102081,3.7471635,0.113292366,0.08700441,0.06108096,0.052764185
0.64838994,3240.4985,2.9737859,3.4561434,0.1073386,0.07337606,0.052651938,0.045159258
0.63713044,4309.0938,1.7190813,6.9803257,0.1267119,0.08250541,0.10088049,0.08969008
0.6402529,4896.493,3.3303673,9.464863,0.11380628,0.0900781,0.11799302,0.06403547
0.6363221,4949.8584,2.6151218,9.656838,0.10887441,0.088215604,0.11746914,0.06161814
0.64347875,1872.092,2.3611958,0.6867977,0.15644705,0.08133909,0.060406663,0.06704379
0.62610996,4886.5977,0.68616635,7.2110825,0.08072756,0.13343012,0.08656474,0.07575443
0.7018938,3022.4773,1.1405817,7.861335,0.17234007,0.08811471,0.14722289,0.07612541
0.6111289,3632.8992,2.6651034,2.782191,0.11251153,0.13555974,0.059204813,0.06460822
0.61371684,4002.9343,2.4970036,3.615868,0.072642975,0.12784953,0.06512255,0.060577568
0.6429664,3339.6123,1.8346311,3.343669,0.13001065,0.15404123,0.0667625,0.12979472
0.66798335,2967.1455,2.232195,3.681018,0.13506764,0.18607505,0.07563649,0.07661148
0.66750276,3048.7634,1.2429271,3.7253644,0.14938128,0.18355004,0.0909506,0.089709245
0.5607615,1413.0186,3.722849,0.19148722,0.10196488,0.16406554,0.084210545,0.07131634
0.5829303,1877.4191,1.8028567,0.3932649,0.07501325,0.054907747,0.07205531,0.13127707
0.5748386,1840.1493,1.9788955,0.37505892,0.09077251,0.049785227,0.07985913,0.10828947
0.5871793,1983.3142,1.6588868,0.46640772,0.07869011,0.05287654,0.075946316,0.10108562
0.6210104,2790.9062,1.9865808,1.6587882,0.22231357,0.16025381,0.09404356,0.0725593
0.62840056,2942.3235,2.1893275,1.9153086,0.20107186,0.17356433,0.09760868,0.07484989
0.62035435,3432.07,1.9123946,2.7520165,0.14613515,0.16079944,0.08164066,0.08629368
0.60725003,5215.88,2.0532434,6.4197493,0.122885995,0.1067792,0.07124975,0.10081829
0.646444,2902.336,1.8531483,2.5774515,0.102273114,0.08087297,0.0891619,0.11184853
0.69255835,2046.5764,3.2608364,1.7294371,0.10147004,0.079236776,0.0732332,0.06562428
0.631049,4318.9355,0.24443726,5.788555,0.08915149,0.11113765,0.059514638,0.06321361
0.6674687,3854.6824,0.29726964,7.2254033,0.09133651,0.10706032,0.056349583,0.078322485
0.69995946,3479.3774,0.794991,10.85141,0.20313774,0.09657073,0.12903981,0.07903581
0.6491583,3727.394,3.131066,5.327419,0.16594157,0.13464089,0.14842075,0.06960151
0.694584,3369.3616,0.9355083,9.452475,0.17359501,0.122820206,0.057448953,0.04984308
0.66270345,2720.5383,1.2909771,2.627218,0.17448834,0.080681495,0.08431226,0.092258245
0.6623699,4452.642,1.3034682,11.137849,0.0995961,0.13823694,0.064798295,0.06745775
0.6683001,4114.0645,1.3169,10.301949,0.10308083,0.14364907,0.06658095,0.07664318
0.6210351,4269.6567,2.4489315,4.7656846,0.10321577,0.11963052,0.075895295,0.060126286
0.6261042,4267.4785,0.24263237,4.9028463,0.2018687,0.09687056,0.06963785,0.07467626
0.65737385,3185.1443,0.14559108,3.8016436,0.13431585,0.10322468,0.07100017,0.056461472
0.66505337,3517.9739,0.24149647,6.003381,0.09710568,0.12783228,0.100304276,0.07023188
0.6679284,1751.7501,4.000637,0.71773875,0.13655424,0.08973059,0.06164503,0.07253168
0.6896804,2600.3481,1.0967981,3.3346786,0.117891006,0.10690196,0.04968233,0.051076364
0.61025137,4082.5325,2.5927274,3.4992635,0.14786406,0.10287923,0.10461105,0.090800434
0.6875359,3202.3826,0.88663834,7.0101123,0.12045168,0.07358645,0.0857284,0.040677235
0.6957207,3017.4492,1.0923429,6.170681,0.116074346,0.08148161,0.085454606,0.045371734
0.6826637,2679.471,1.2052675,2.9935625,0.117481545,0.07843571,0.075574555,0.041497506
0.70815855,2418.9343,2.6702368,3.8281589,0.10999785,0.11118059,0.053777814,0.100662746
0.5810147,5862.1665,0.7579368,5.7385583,0.1713928,0.13129176,0.10465899,0.0464364
0.606797,5646.4863,2.326671,7.813492,0.19536574,0.124564335,0.09138471,0.05089666
0.6257961,4969.8286,0.8531032,7.768136,0.13899276,0.06998451,0.059237614,0.081388555
0.66129035,4346.9253,0.6348122,10.150329,0.08486857,0.12030333,0.07644165,0.08674818
0.5744711,1855.9452,4.0893264,0.37544778,0.15646869,0.08498009,0.09281123,0.06935733
0.5605998,1824.1156,0.89462197,0.3196293,0.10727362,0.109235294,0.07128328,0.084556505
0.57858187,2044.707,0.5922571,0.48622075,0.09598381,0.11372228,0.083188385,0.06783829
0.647315,2111.9705,1.3538048,1.0714655,0.1333895,0.07293044,0.12794721,0.06762992
0.64159864,2724.125,1.674653,2.0135896,0.14892675,0.06877528,0.10507345,0.08101497
0.6835495,3534.3066,1.6570543,8.24205,0.13309842,0.09386586,0.055174075,0.054750778
0.65012246,3869.355,0.41380522,5.823278,0.1110315,0.14102751,0.08304216,0.061199352
0.6473871,3809.345,0.5691462,5.239666,0.089875996,0.12235529,0.07779197,0.06739498
0.68294543,3800.3052,1.3711908,10.606226,0.11931301,0.102799445,0.064390846,0.069134235
0.69537044,3566.7532,1.2270561,10.741352,0.17003012,0.14235497,0.100087464,0.14395827
0.6884698,3586.8967,0.63912106,9.856163,0.17481013,0.13519716,0.10234387,0.1719214
0.6856233,3698.7026,0.8525996,9.867189,0.16956365,0.13291734,0.095982075,0.14589146
0.675244,2782.8354,1.8505758,3.4487681,0.16207744,0.10058101,0.077112734,0.071679704
0.67781764,3283.5051,1.7316874,6.0625396,0.15203394,0.09844586,0.06916749,0.07984656
0.6468791,4659.426,1.9638811,9.372853,0.10513971,0.09161213,0.06768857,0.051265318
0.65696496,3926.3455,0.532372,7.1326566,0.119482495,0.104824685,0.07070059,0.085092455
0.6532461,2952.4053,2.169283,2.8888276,0.08873619,0.101161785,0.06854224,0.06433289
0.6578589,3017.934,2.169845,3.2404552,0.09185821,0.100184366,0.069556706,0.06416179
0.66837126,2778.6,1.9016215,2.9377997,0.080732875,0.078307584,0.10162769,0.07179849
0.5956683,3391.9856,2.6119366,1.8403636,0.11636676,0.10514746,0.07082459,0.09527213
0.65449303,4294.824,0.57755035,8.190466,0.111452624,0.1183672,0.06088643,0.04201351
0.6636991,3891.9583,3.0391583,7.7138147,0.17857748,0.10312849,0.09191859,0.09269709
0.66157806,4026.2393,0.338182,7.957103,0.13954246,0.12944514,0.0773274,0.041900054
0.6490034,4389.7485,0.70983166,8.190369,0.13876669,0.10028496,0.07981377,0.04145622
0.6728596,2485.9048,1.3211987,2.3403974,0.0878067,0.06734986,0.08414191,0.09896276
0.6625429,2087.6963,0.8458653,1.2416885,0.115092844,0.06638052,0.08703916,0.08168609
0.6574872,2070.7144,0.7615783,1.1213535,0.12683855,0.11249501,0.08873304,0.07583439
0.6543943,3921.2812,2.3560827,7.46085,0.094727606,0.09948918,0.099951655,0.078642264
0.638454,4911.613,2.0207922,9.8745985,0.09314798,0.108763754,0.069136724,0.07877985
0.6619744,3420.8284,1.0483452,5.3512554,0.1303229,0.09095892,0.08176732,0.057630546
0.6723233,3165.666,1.560146,4.9619646,0.11556069,0.0796456,0.07941599,0.061336588
0.62271935,4494.498,1.833876,5.4460897,0.11994667,0.11255436,0.06951256,0.10007231
0.64830357,2956.7402,0.34269366,2.5228179,0.11418395,0.09666847,0.07364282,0.07165069
0.69704396,1761.1171,0.40379098,0.9993486,0.14981765,0.105394326,0.06445053,0.12943304
0.6009437,5495.556,0.20976044,6.444485,0.12449275,0.14886673,0.091986924,0.09297693
0.681023,3884.636,1.5875081,11.074469,0.11778402,0.10612569,0.09334506,0.04353939
0.6800208,3960.676,1.8289627,11.527465,0.099470586,0.12882975,0.11140613,0.06828279
0.6895583,3694.3706,1.1322073,11.358019,0.09099409,0.1347047,0.10893091,0.052537262
0.54346037,2449.9705,0.9051774,0.5321293,0.1797485,0.09041918,0.05868797,0.09272598
0.5412135,3304.3108,0.45560795,1.013318,0.21203667,0.09209484,0.07988337,0.062946804
0.5491086,3417.2114,0.6331956,1.1597586,0.21169257,0.08467562,0.07948909,0.06675118
0.5952433,4514.603,3.6672988,3.5945399,0.16816014,0.14819753,0.062053997,0.06819292
0.5938582,3807.3137,2.3453903,2.353591,0.16819851,0.16019776,0.056436494,0.0670385
0.6468682,3282.2334,1.6544315,3.3958585,0.11879813,0.109881625,0.104805045,0.06901816
0.66209394,4081.506,1.3788358,8.174401,0.10138619,0.10116215,0.05454013,0.057741895
0.6266096,2851.3362,1.5183818,1.8174752,0.1110297,0.11717178,0.09472635,0.067770615
0.6333132,2657.806,1.2875284,1.6128495,0.1073374,0.12056632,0.097046286,0.041546784
0.63974696,2642.469,1.370177,1.7277701,0.099240154,0.12238286,0.091215774,0.03994816
0.64883465,2131.0964,2.5974405,1.0720348,0.11717365,0.15827382,0.09466186,0.075811796
0.62568927,2542.4521,2.0972931,1.3386033,0.12683812,0.15057886,0.07478259,0.06329619
0.68958294,2612.6018,1.3491681,3.6003199,0.097189456,0.08393112,0.076672256,0.07064949
0.704643,2671.2458,1.4125172,4.9606943,0.087101206,0.09626353,0.07851566,0.07363676
0.65166974,1932.6802,1.2119982,0.76112133,0.10284561,0.07350761,0.08544353,0.057914525
0.6417359,4536.506,2.2799144,7.998112,0.2531448,0.12930971,0.07003126,0.08272787
0.60536367,6105.0825,0.70710284,9.049667,0.22734268,0.09935291,0.06829036,0.061038144
0.5910475,6057.839,3.5848541,7.0503454,0.18246104,0.095791504,0.062617,0.04593847
0.56779873,5199.7646,1.9750072,3.8296738,0.1558173,0.055678725,0.07570545,0.06623767
0.60625243,3173.667,0.8452669,1.8202754,0.14838001,0.12430054,0.09354015,0.15053004
0.666571,3659.1953,2.136192,7.0657897,0.12129008,0.18130277,0.056755655,0.03941602
0.66484535,3750.5847,2.0299125,6.7881165,0.11859638,0.1772204,0.05577238,0.039576687
0.68713343,3208.0947,0.02545505,7.078369,0.09672475,0.066996396,0.10917932,0.11553658
0.61633486,4552.865,1.7025714,5.237658,0.124598645,0.16624297,0.054829285,0.043544997
0.649281,3570.8804,2.4836044,4.706126,0.12763856,0.06898968,0.10743423,0.13661835
0.6028007,6127.0273,1.2361528,8.813426,0.13752773,0.109549,0.050798804,0.060466316
0.5996146,6197.0444,1.1619431,8.457274,0.14283279,0.10763816,0.051555052,0.05660946
0.6125804,5803.2593,1.4471054,8.747392,0.14753532,0.15043044,0.06417668,0.044710036
0.64540505,3136.739,1.0106556,3.2098665,0.093691036,0.11346799,0.08201638,0.12753043
0.66226053,4284.4204,1.8001481,9.598858,0.11837155,0.1134941,0.06991902,0.05089001
0.7058507,2993.2908,2.5881045,7.5195794,0.14583153,0.07213594,0.08492756,0.060247827
0.6773185,2904.1533,0.8111985,4.004017,0.1603206,0.08013494,0.07663408,0.067147896
0.67912537,3342.9194,3.1498048,6.4395227,0.10707066,0.0878689,0.10712931,0.060868565
0.6381815,4471.838,1.1315298,6.6739836,0.11642781,0.14568992,0.06418904,0.06775674
0.6439493,4134.4824,1.2929369,6.081516,0.104698405,0.07853902,0.1047647,0.084201895
0.6552636,4428.1294,0.3907826,10.082589,0.09955655,0.06924301,0.08353241,0.10003173
0.66109973,3248.9587,2.7136512,4.024959,0.1116932,0.11948463,0.053283446,0.07972701
0.67309123,3133.5486,3.6444054,5.039141,0.10807838,0.114947066,0.054926615,0.08079087
0.7064978,2256.6667,3.2153487,2.7726822,0.10535066,0.1030553,0.052762486,0.08512825
0.6555083,3175.173,0.7323107,3.6205578,0.16534643,0.083527215,0.063584976,0.052519742
0.6447087,3298.3042,0.41927704,3.6631691,0.10546984,0.07387257,0.081138,0.090203494
0.6350109,3579.5527,0.7635123,3.659813,0.11524062,0.079548225,0.06971867,0.06750496
0.6903728,2588.8845,5.6042423,3.569211,0.10055131,0.09362105,0.07029215,0.04741486
0.6841895,3370.7307,1.9544184,7.4204154,0.120992616,0.089478634,0.07878538,0.063333645
0.6106499,3170.4966,1.4652824,1.9051821,0.08851564,0.103903525,0.088380106,0.093103945
0.65089273,3488.8494,2.7829547,4.5553923,0.111525506,0.077748686,0.05940606,0.10182825
0.69030446,3203.6184,0.9287418,7.228388,0.09906822,0.08254701,0.0703767,0.059588596
0.69496286,1532.6798,2.152838,0.6723631,0.14030908,0.112758085,0.07083051,0.048136365
0.7393,1921.3763,0.49218133,2.745075,0.13160937,0.11794771,0.064934455,0.055441547
0.62712824,2257.4568,3.1728473,1.0231067,0.10387164,0.10652843,0.06110518,0.050556958
0.6610309,4173.0894,0.83693516,9.519703,0.11054151,0.106927164,0.101965606,0.08717685
0.69789517,3119.271,3.3020515,8.487862,0.17252544,0.09851954,0.094837576,0.05393956
0.7110878,2967.0393,1.21808,7.5605917,0.16336742,0.08666058,0.07547667,0.07988354
0.699328,3302.759,2.3012404,8.819379,0.16585542,0.08144112,0.07699892,0.07467049
0.71047056,2914.393,1.78991,7.2428513,0.19226526,0.078972936,0.06994223,0.04666955
0.6472596,4734.1963,1.971166,9.290665,0.091167204,0.12957022,0.12934472,0.056625873
0.6332382,4548.9043,1.1397057,7.0783634,0.10534255,0.12229789,0.123593874,0.06930876
0.66170776,4218.7783,2.6172173,9.276924,0.093808085,0.10876098,0.049891647,0.059918012
0.67379403,3923.8694,2.3128808,9.256231,0.084833555,0.11902539,0.07135281,0.08257263
0.6373668,4597.3315,3.107535,7.7552266,0.07147011,0.11675243,0.08497517,0.08374007
0.62801963,4876.5967,3.6893432,8.304531,0.07059578,0.11745536,0.08352526,0.07571207
0.643944,4494.7446,2.922305,7.728175,0.06751238,0.11848102,0.084527224,0.07515625
0.6310026,5311.701,1.6605017,10.002535,0.07579482,0.11909022,0.09929125,0.068010256
0.64437526,4859.326,1.5525011,10.0443945,0.09137735,0.12111898,0.107986145,0.084224425
0.65121025,3000.0205,2.0413046,2.8473902,0.14879782,0.10541755,0.10745603,0.08516382
0.6518532,4016.353,1.877458,7.141443,0.105963044,0.11161789,0.106056534,0.10291036
0.6572539,4587.8594,1.5939265,10.935262,0.10775173,0.11102054,0.0791451,0.09633337
0.6459657,2569.7385,2.3820705,1.7183905,0.09069641,0.07352374,0.06283636,0.05055168
0.6259179,2491.9246,0.5300998,1.2540749,0.13318588,0.13704967,0.07904488,0.093234606
0.60805964,2924.9204,0.28206015,1.4997667,0.15549035,0.20376435,0.08978401,0.095744655
0.6810052,1898.0457,5.0110617,1.1378891,0.12730768,0.09098179,0.06634398,0.049109437
0.68039376,2227.9592,4.861432,1.8433768,0.11859548,0.09358497,0.06588408,0.053996794
0.6133355,2833.8066,0.16248468,1.5373907,0.10508776,0.13330743,0.11252487,0.06327875
0.59470373,2484.66,0.06878503,0.93673027,0.10449942,0.12077583,0.10135663,0.12410113
0.6164803,2693.585,0.072162405,1.3398592,0.101225525,0.119882666,0.09277646,0.11398691
0.5699439,4665.438,0.3148214,2.8409967,0.14532547,0.09539983,0.07119126,0.045319572
0.5741363,4555.4224,2.830445,2.9927025,0.18937436,0.082254946,0.08150213,0.05667012
0.6200934,4841.5093,0.94824296,6.761899,0.17345305,0.13222282,0.094150275,0.20195699
0.6169781,4985.2925,0.9074315,6.604969,0.17054552,0.13518858,0.09297487,0.19103757
0.6564672,3187.249,2.481457,3.7681503,0.16444105,0.10385525,0.06271599,0.035958547
0.68313235,2934.3562,1.1144735,4.413849,0.10032652,0.12046699,0.0700839,0.117130466
0.6023194,5067.6816,0.907632,5.12517,0.14122435,0.10727247,0.0941736,0.04704451
0.60619235,5072.6836,0.4256706,6.1034493,0.13288538,0.09809084,0.10041243,0.051289294
0.61499757,4786.5923,0.81177914,5.7748113,0.13872097,0.10237226,0.08570646,0.06535073
0.6900684,3345.5203,0.29265764,7.6602774,0.1385491,0.08843534,0.06805248,0.07537302
0.67087805,2880.8687,0.35245544,3.4743915,0.13347813,0.08920192,0.0606101,0.06630122
0.68899006,2549.5442,1.0904415,3.2108607,0.12972423,0.080965266,0.07315512,0.075423926
0.59953165,4490.0703,1.4550332,3.977759,0.095813476,0.16972333,0.06573429,0.0813581
0.6522348,2508.7385,2.405536,1.8162206,0.13331893,0.13598268,0.06507285,0.046724714
0.6051373,2704.361,1.3291277,1.1770461,0.15701808,0.10820972,0.074722245,0.061145827
0.6000012,2400.3323,1.0650619,0.8634766,0.15834832,0.107855745,0.07892118,0.057770975
0.719835,2996.3584,0.27612486,10.32766,0.20217252,0.09583244,0.080789216,0.10636963
0.54926604,1646.6285,0.4441957,0.2390102,0.07405844,0.11653517,0.0821631,0.08489454
0.53199995,1937.4176,4.6368117,0.31919518,0.12595189,0.09344299,0.10850183,0.05718517
0.51769495,2048.1077,4.8733554,0.31588036,0.123571984,0.086536676,0.11114356,0.054180633
0.53859854,1522.6309,0.30455226,0.19827119,0.08681003,0.12138097,0.13140713,0.07700303
0.50754714,1668.0856,0.27450773,0.19910903,0.08186891,0.104720324,0.11807196,0.07472923
0.49964708,1428.9337,5.212159,0.1070385,0.13928507,0.25111827,0.07682973,0.07175159
0.50121605,1280.6593,3.2411244,0.08505688,0.13761978,0.2508998,0.081566766,0.066360004
0.44582012,1324.1143,1.9470328,0.047536872,0.13167153,0.2542025,0.076973535,0.055505335
0.4657871,1219.619,0.37966228,0.04145286,0.10021426,0.08720088,0.098068535,0.07812139
0.43886995,1233.0016,1.1310986,0.023720933,0.16483812,0.084213056,0.08141621,0.07444807
0.640298,2092.5752,1.563112,0.915263,0.079114504,0.09426534,0.07126649,0.07780016
0.6378914,4239.993,1.7697432,6.2326794,0.16491191,0.10849707,0.09039633,0.06754744
0.64269346,3931.4155,2.0783925,5.5025263,0.13598609,0.08613099,0.06747033,0.063198976
0.6309003,4950.794,3.5242338,8.241876,0.14057338,0.087228745,0.07899392,0.06303077
0.67303836,2329.852,3.911875,1.7535156,0.09408473,0.11107906,0.07532421,0.057825517
0.66845775,2206.9915,4.0840693,1.4605317,0.09661274,0.10725147,0.07338713,0.050511718
0.63276505,5186.8486,0.36961728,9.794391,0.20498893,0.1386873,0.090750545,0.08312759
0.6326715,5345.7305,0.62222993,10.534667,0.17191255,0.09124575,0.083692126,0.07910549
0.64377326,4607.6304,0.77303135,9.14532,0.14672478,0.112465724,0.08556211,0.09079911
0.6528552,4593.5327,0.58863,10.458896,0.15035196,0.12886667,0.08548142,0.096682236
0.6404912,5191.516,2.6864388,10.871665,0.15383539,0.10841624,0.10165937,0.052741706
0.6716738,3216.9553,0.8540126,5.0306573,0.07761112,0.082166396,0.07541573,0.09296532
0.6299765,3418.3875,2.7704253,2.9940536,0.14011416,0.095862694,0.085222416,0.046427954
0.667273,3786.008,1.4476403,7.365535,0.09263167,0.15382026,0.09109424,0.085751295
0.6186719,4732.411,1.8648874,6.0988035,0.2070213,0.08005722,0.069578454,0.049249083
0.7123231,1986.8043,1.4764651,2.1000454,0.09449755,0.15990044,0.0876036,0.085653424
0.68422973,2216.236,2.094836,1.8515989,0.1340075,0.16276656,0.07989476,0.054487117
0.61483437,4740.707,2.3634143,5.7614527,0.093354315,0.088563494,0.06905244,0.06474956
0.6031018,5131.51,3.5946574,5.866298,0.10894332,0.09935416,0.06027043,0.06580237
0.5890268,5525.963,2.5351863,5.715353,0.1528517,0.10409752,0.058361713,0.06471934
0.7455741,2438.4443,2.1121998,8.348626,0.14214161,0.08530806,0.093895264,0.115950786
0.66893685,3012.0745,0.8819676,3.9598646,0.22740394,0.106054515,0.09901851,0.08828893
0.65216064,4567.6367,2.5326445,9.911778,0.07868548,0.08290866,0.07409534,0.053559065
0.65437543,4443.271,2.9589887,9.337761,0.087277606,0.14456317,0.07815949,0.06112832
0.6806438,2745.3777,1.5130541,3.41453,0.17290011,0.12159647,0.085605346,0.054896478
0.6793167,2735.1843,2.5360165,3.485773,0.12645063,0.08349641,0.07521083,0.055317394
0.65249777,3250.7634,1.5771329,3.6742344,0.1374102,0.09522914,0.0639686,0.075967126
0.68242896,2654.7588,1.8572302,3.1253302,0.14785528,0.10068027,0.04612592,0.043233927
0.6850169,2619.3,1.7992495,3.1620235,0.14751752,0.09854557,0.046859156,0.0418147
0.6982411,1835.0232,1.2369245,1.2733295,0.10961677,0.10920868,0.09873583,0.10536699
0.61742,3230.529,2.3572721,2.109761,0.12156355,0.16305909,0.057209074,0.053353842
0.67018867,3770.2356,1.4677016,7.626951,0.09358671,0.07053967,0.110864006,0.091008425
0.6913796,3355.9712,2.1161056,8.401869,0.11330993,0.074034676,0.10365416,0.1584157
0.6634109,4050.708,1.9560821,10.089134,0.11095754,0.09534505,0.10760649,0.15374348
0.65475285,1606.8342,1.7315611,0.54636914,0.10586363,0.09399834,0.06889594,0.05800873
0.63918155,1950.3876,3.8720534,0.71935546,0.11649356,0.09569155,0.059082966,0.07954976
0.60344535,3009.965,0.82269573,1.5977687,0.08791848,0.076619714,0.07424729,0.066729315
0.62163085,1968.8617,3.397295,0.6195097,0.15533493,0.1371177,0.08700758,0.060599033
0.65055263,2715.1448,1.1290934,2.1696055,0.07314527,0.15596552,0.06265713,0.055025037
0.64760333,2320.5244,2.160045,1.337932,0.12310026,0.11597362,0.06752448,0.060963213
0.60595614,2442.1138,3.379254,0.9278542,0.1151314,0.09846622,0.06671535,0.059847657
0.57939607,2501.9714,1.3577622,0.76832575,0.11699362,0.10601877,0.07771881,0.0407719
0.5789295,2593.7744,1.5364385,0.7699181,0.118114784,0.10137604,0.076164275,0.041268326
0.57554644,2153.5432,0.80609596,0.5161651,0.100375876,0.115790285,0.06521117,0.05612868
0.65195453,3014.9983,3.6743271,3.0634222,0.08577406,0.08558732,0.07773223,0.0840601
0.6833016,3604.5068,0.69872826,8.351364,0.13279182,0.1379924,0.11813942,0.14121826
0.7265914,1662.2817,1.4926809,1.5398864,0.15685013,0.09716865,0.06494847,0.0533189
0.64100605,2709.629,2.9972415,2.0456047,0.10309435,0.09888625,0.102144524,0.11155013
0.5908493,2168.985,0.77760005,0.60251176,0.120438844,0.09395022,0.07842214,0.053095356
0.6710132,3320.0679,1.0116391,5.3618655,0.10125263,0.11177053,0.09428245,0.100520715
0.65050423,3673.3416,1.5653118,5.218615,0.10674148,0.13296166,0.08470077,0.107461944
0.6554332,3649.8787,1.3220983,5.2509623,0.10977076,0.12958893,0.08406544,0.10330792
0.641389,3876.9875,1.1725001,5.3667374,0.09046614,0.11390895,0.078025825,0.09337832
0.6244545,4644.0024,0.8576342,6.2073107,0.086224504,0.097256094,0.06606276,0.05134801
0.62944794,4513.3613,3.5169806,6.274045,0.102900915,0.08149226,0.070463255,0.115407
0.6444843,4879.3037,0.6082019,10.33782,0.14196791,0.08403554,0.123997554,0.047664136
0.66373885,4113.821,0.4573296,8.467677,0.17799975,0.09776722,0.068721995,0.07550127
0.6098442,2654.1702,2.7192292,1.1881282,0.12460533,0.10338327,0.09214266,0.05043404
0.6530789,2196.307,0.23497774,1.2022991,0.109702215,0.10103835,0.064106114,0.07653292
0.6474221,2049.935,4.459046,0.88989186,0.11754733,0.09096748,0.058501344,0.07402997
0.6579262,1833.4456,3.515939,0.72958785,0.13270731,0.0904164,0.06490054,0.06695868
0.6314558,2475.009,0.85998076,1.2066727,0.09907091,0.061268598,0.07427548,0.0932138
0.64748573,2377.607,1.2515234,1.5330698,0.098719425,0.060178217,0.075377226,0.08822482
0.57307804,3135.3506,1.6782299,1.3071316,0.15409577,0.19342579,0.097351655,0.05796818
0.60992,3344.8313,1.4068772,2.1722164,0.15199924,0.12354851,0.08677402,0.06402655
0.69605076,3504.4387,4.087765,10.44452,0.085513406,0.11558116,0.064530164,0.07967083
0.62420785,5727.2847,0.18718177,10.719994,0.14215599,0.09870055,0.09407307,0.0599234
0.6635855,2783.98,2.9474866,2.9358726,0.09362875,0.116313055,0.060616042,0.09700909
0.6390732,3906.3032,0.7513,4.9142556,0.11056194,0.08281348,0.11914449,0.063015565
0.64348274,3819.2803,1.9541188,4.9144926,0.11988615,0.07486549,0.12862793,0.059003614
0.6643567,2985.826,2.3264027,3.6986482,0.118918195,0.11797935,0.13469961,0.06663196
0.6444639,3255.714,2.402128,3.2445195,0.091502994,0.13068816,0.13618323,0.06914861
0.65478885,3747.4146,0.973795,6.3874407,0.13056807,0.12028185,0.14610761,0.08147141
0.66314733,3643.1028,0.8126947,6.60541,0.10097756,0.08016815,0.065286204,0.09055695
0.634202,4295.19,0.37696055,5.7976255,0.08642092,0.06456269,0.0716026,0.08932304
0.63538885,3864.6848,0.23440036,4.781984,0.1230539,0.109751344,0.070102595,0.047633328
0.69020665,3683.549,0.34600678,10.366741,0.14879651,0.11722277,0.09835807,0.109953016
0.6595778,4506.402,0.94033986,11.190498,0.121709764,0.09714669,0.09421268,0.080060154
0.6737559,3690.5793,1.4167755,7.4360604,0.10803615,0.07961883,0.08449662,0.05134827
0.68369853,3428.1636,2.4524322,8.512878,0.109160006,0.06710048,0.1002257,0.062053494
0.6372775,3194.1497,1.094888,2.5995505,0.112828515,0.088007174,0.09667147,0.06015267
0.6387642,3827.1157,5.27686,4.8923426,0.107129514,0.11116076,0.093971655,0.08999631
0.67078745,2621.6182,0.4597806,2.5796766,0.10581904,0.1362565,0.078810446,0.044448394
0.6273979,2232.5403,3.5084832,0.9639625,0.13232209,0.105060875,0.06398512,0.09484598
0.7040285,2206.4487,0.7366313,2.5357246,0.07656583,0.08048011,0.08966528,0.0984519
0.68508476,2081.2473,2.3249373,1.6049603,0.11695277,0.12411409,0.07671574,0.04578089
0.6109368,2711.9058,2.4292834,1.3074361,0.15874107,0.09931111,0.08754946,0.053396627
0.63072205,2202.549,0.7423884,0.93107665,0.16206957,0.07048249,0.07130724,0.07976684
0.6243846,2091.4507,1.4484453,0.73731846,0.16058964,0.06895077,0.07687796,0.07296526
0.692315,2653.7666,1.3785535,3.7982392,0.07812152,0.14467593,0.06574738,0.05791643
0.60597837,2235.3054,2.3214107,0.7323213,0.08185603,0.116705395,0.099865645,0.0627899
0.58922094,2051.555,1.2066158,0.53815436,0.08656113,0.10580466,0.18698463,0.055464048
0.6644431,3555.024,2.4299574,5.75879,0.13146748,0.09762376,0.06458126,0.07158258
0.6360096,3903.5662,1.4457103,4.7560415,0.1235293,0.2645948,0.10512668,0.081585824
0.69152963,3528.2456,2.2804291,10.576678,0.10786616,0.18098804,0.09339408,0.048304353
0.62426174,5596.354,2.2727306,10.578772,0.10531683,0.14454842,0.08946334,0.08545968
0.59751904,1962.1376,2.1648276,0.4946993,0.18699832,0.11649156,0.05891451,0.055531148
0.5909254,2445.3633,2.2667139,0.7778032,0.18889219,0.12535465,0.06274738,0.06804733
0.616503,2305.2388,0.68699795,0.8850261,0.16450408,0.12345455,0.068688564,0.07087923
0.6261281,2811.8635,3.0414062,1.6731782,0.131104,0.09417987,0.06473448,0.062398605
0.6260135,2792.0996,1.8348731,1.6615391,0.1289283,0.087037355,0.05385015,0.052245025
0.5959024,3149.0286,1.7648146,1.5508344,0.11234315,0.0809855,0.06210635,0.064677246
0.62012535,3151.4255,0.82787377,2.2246869,0.10720285,0.08555201,0.05976246,0.08961035
0.612183,3150.1064,0.76593226,1.9992911,0.10039064,0.0818024,0.05747279,0.091232434
0.6835956,1980.3588,3.6674657,1.3077013,0.08850129,0.08893075,0.10016522,0.048989393
0.68582773,2926.5056,0.01925279,4.6470027,0.16363552,0.11218169,0.06345662,0.08334521
0.6979909,2842.3398,0.034640912,5.1624203,0.14431244,0.084530346,0.059247416,0.07392208
0.72231275,2794.877,0.035264913,7.7235093,0.11516987,0.12318864,0.09161338,0.062472276
0.7119425,2788.3682,0.10910225,7.1452494,0.094139814,0.15127765,0.114810936,0.04513275
0.67958677,3436.9207,1.0032804,7.281093,0.1240987,0.1338488,0.09615794,0.073614836
0.67315465,3743.0122,2.0858846,8.342756,0.13501535,0.057864603,0.09307121,0.05515449
0.6429259,3888.072,0.92880076,5.1450024,0.0748804,0.15426984,0.053270705,0.07416587
0.65199864,3891.4045,3.0298705,5.862113,0.10324887,0.108239315,0.07225778,0.0982122
0.64907604,3715.9326,1.3779567,5.3017817,0.100547135,0.10960441,0.08871438,0.07483895
0.6650711,4081.2075,2.0128837,9.033132,0.11660263,0.112472564,0.07804406,0.085721456
0.63911283,4858.258,0.90702206,9.08,0.15146792,0.11215455,0.079496235,0.063975416
0.6567516,2545.5698,0.60330266,1.9260626,0.07651586,0.16224816,0.06873176,0.06733809
0.6446104,4674.0522,0.5654376,9.524456,0.106120124,0.06952726,0.07352339,0.056902733
0.685489,2960.979,2.760897,4.573225,0.14243215,0.14149615,0.0629463,0.09062309
0.6719818,3468.092,2.9979193,5.957963,0.12728441,0.13943808,0.06340309,0.07841572
0.6833841,2514.0962,0.72430456,2.6452942,0.13743316,0.12611279,0.07199577,0.0523789
0.6607342,3044.0715,0.33571178,3.1847832,0.09305927,0.11432893,0.09027441,0.057916664
0.67979246,2885.4167,0.22697575,3.9478428,0.08367246,0.108354785,0.090865724,0.04236889
0.6120622,4063.602,0.810265,3.6021125,0.15863568,0.08991718,0.06764293,0.0848586
0.61389285,3965.9846,1.2285008,3.4842432,0.099183336,0.12667151,0.074844286,0.1116119
0.6414955,3034.2854,0.5675997,2.5524547,0.13491258,0.12126894,0.055867136,0.076650776
0.6176893,2155.541,2.624725,0.7727926,0.1423362,0.1375005,0.089329295,0.06516071
0.5293664,1449.8339,1.601906,0.15765977,0.077958345,0.081398316,0.09229036,0.07669602
0.4951096,1350.6433,2.4644592,0.09637447,0.12146698,0.09170842,0.09307179,0.09501739
0.5803186,1859.5138,2.7745538,0.40089142,0.107041486,0.101683274,0.09011568,0.051989663
0.5749175,2161.2197,1.9073662,0.5229809,0.14838032,0.08473915,0.080789134,0.053043883
0.6257799,2126.4482,0.8999083,0.852641,0.10325919,0.09880372,0.102534994,0.056628495
0.61706656,2285.415,3.7725646,0.84495014,0.1294152,0.08574866,0.08721581,0.111582235
0.44208202,1203.1399,0.37724257,0.022414787,0.103072375,0.09996789,0.084789515,0.06194303
0.45509714,1178.9662,0.27617785,0.026805747,0.11517937,0.07995469,0.077282965,0.07775612
0.675613,4240.2783,0.2281388,11.987267,0.110537976,0.21709341,0.07459819,0.06519553
0.65503246,4898.7515,0.3299864,11.994757,0.11565854,0.122383006,0.06716583,0.13089803
0.60451305,2217.1497,1.1990361,0.8056263,0.104578674,0.098412916,0.095687166,0.05044531
0.6798786,2795.6812,2.634117,3.632028,0.14582823,0.07604931,0.087409675,0.12652175
0.6630322,3500.89,1.5357676,5.1923013,0.08888267,0.18560702,0.060937565,0.066900216
0.6091061,3589.3796,1.9953172,2.608508,0.09999466,0.17743805,0.06140748,0.06432062
0.66383284,4329.092,1.8270684,10.259621,0.11488095,0.13888486,0.12710083,0.07259169
0.57917,5595.351,2.3085403,5.1692486,0.14882451,0.20075862,0.07296141,0.07888583
0.62638986,4554.2695,0.5596516,6.2729654,0.12910892,0.13435085,0.065952875,0.0871173
0.6356944,4381.3296,4.2757254,6.1165047,0.10812864,0.11003181,0.072370894,0.10665468
0.6530859,4639.0645,0.29650778,10.72172,0.15758394,0.14054747,0.06362884,0.10723971
0.61398774,6220.219,4.219338,11.166107,0.1411943,0.075203784,0.12007363,0.05243944
0.6592478,4289.751,0.5109503,8.393348,0.118968986,0.111367464,0.13182984,0.06617471
0.6538377,3331.7373,1.5496176,4.5643315,0.102146156,0.08665622,0.1345836,0.075841114
0.6174693,3798.2812,0.92632157,3.717074,0.09940537,0.09772739,0.10431586,0.09083274
0.63195586,3530.6882,3.9393895,3.8148615,0.15588373,0.09651753,0.09324598,0.07665168
0.69509315,2503.642,0.13650942,3.5976007,0.26017871,0.14766154,0.12951718,0.06780713
0.66670996,3904.4868,1.3375552,8.281852,0.103908725,0.072171435,0.066273704,0.06588598
0.6297948,4699.7183,2.916507,7.231239,0.10782142,0.11029812,0.056194678,0.075196266
0.62112147,3883.8938,3.1806855,3.863975,0.08263079,0.103998944,0.062791,0.064600356
0.6811303,3847.617,0.8958531,10.302786,0.10847009,0.11635255,0.07825749,0.07601657
0.657792,3547.7886,0.089462444,4.9451046,0.08278375,0.0858839,0.07213101,0.081323616
0.6557542,3827.7651,4.0852904,6.593585,0.14113276,0.15867665,0.06991005,0.05852689
0.62749803,5160.5854,0.50868636,9.936111,0.09097253,0.08689323,0.08661924,0.07699545
0.6461977,3616.6165,0.34313232,4.286476,0.17117882,0.10908778,0.09603186,0.06563633
0.61026824,3797.19,4.036156,2.9424915,0.10437649,0.16889913,0.09284216,0.077604905
0.6744563,3817.5852,0.7987382,9.768812,0.12732314,0.058881074,0.077256545,0.08242722
0.6449513,4480.594,4.561754,7.901598,0.22747256,0.1035111,0.083676584,0.04640478
0.6616522,4216.632,0.30558842,8.932232,0.07772946,0.10196225,0.06983331,0.08377709
0.6078459,2339.136,4.114567,0.8254282,0.18848264,0.1743515,0.08587256,0.08048263
0.6263394,2272.3088,0.41422653,0.98529327,0.1333948,0.14605156,0.071193956,0.050169922
0.66846424,3440.8625,1.8303311,5.598844,0.1282142,0.098997004,0.07054058,0.086328216
0.63354594,5353.195,0.45222363,10.788685,0.11819042,0.08428889,0.049858578,0.07944771
0.6661949,4339.4487,4.1970463,11.517114,0.114437684,0.07930131,0.06997561,0.07552542
0.6422809,5139.1313,1.8980727,11.699676,0.087018095,0.10107837,0.06986719,0.065195754
0.69188535,3621.0295,0.48121086,10.437936,0.13023454,0.19721498,0.07933015,0.046977147
0.6763167,3934.5642,2.299924,11.261108,0.09494465,0.10189783,0.11093696,0.0960175
0.6467387,4819.73,2.639321,10.252749,0.1466304,0.094013944,0.09881392,0.08727786
0.6528373,3306.4426,1.5238519,3.7564085,0.082608275,0.11930675,0.05286391,0.049906492
0.65509856,3874.433,1.1228478,6.3912015,0.1012227,0.10796231,0.053982183,0.043337066
0.6356261,3109.0688,2.2861714,2.679039,0.105723664,0.08080177,0.09801286,0.09805563
0.651232,3897.2307,1.6316111,6.175594,0.10904082,0.09687187,0.087030835,0.04871955
0.67387885,3129.3113,2.0958378,4.7120824,0.14032204,0.11330387,0.0545548,0.07725787
0.6472041,2207.804,1.0979062,1.1029596,0.094778866,0.097895384,0.096733004,0.06713681
0.6575274,3046.6865,2.8144894,3.2833378,0.11104725,0.08438331,0.09347824,0.07374163
0.6743197,2852.5078,1.24625,3.6032743,0.11612749,0.07186341,0.07289072,0.08600359
0.6259197,3631.9597,1.092985,3.410309,0.1257937,0.08361636,0.07341526,0.09676232
0.6938386,2583.846,2.6193075,3.7205217,0.08810419,0.09154585,0.05971657,0.043888334
0.6814079,2907.5696,1.5980549,4.3311744,0.09713416,0.07977205,0.051524736,0.045929737
0.6162486,4721.035,0.7007097,5.7516127,0.13162103,0.10443717,0.09194151,0.09864698
0.6434708,3856.5151,0.10712162,5.6058807,0.10281732,0.08863447,0.0715192,0.11479728
0.62663996,4131.3228,0.5346605,4.9256783,0.10013837,0.097735964,0.073913515,0.09618658
0.6666061,2925.892,0.26706064,3.3258166,0.0765446,0.098098464,0.068172276,0.098040804
0.6749093,2701.409,5.410224,3.1358085,0.11830843,0.09036222,0.08274026,0.072256416
0.6797381,1954.2998,0.22488977,1.1677065,0.100728,0.12838444,0.080265135,0.059844602
0.6408759,4272.532,4.4400024,6.4036303,0.10505752,0.10950252,0.09037948,0.07143556
0.65304077,2529.3257,1.4171453,1.7822932,0.12110003,0.08180909,0.09803391,0.0976408
0.63454735,2008.3618,2.131225,0.79608303,0.11603455,0.08758921,0.08767082,0.0923197
0.63796604,2608.9512,0.7823856,1.7225158,0.15009893,0.10363734,0.087541424,0.12168046
0.5966439,1912.1675,1.0681244,0.4989756,0.16646904,0.07192104,0.08976759,0.08985995
0.64173156,2797.395,2.8183823,2.2339911,0.10552859,0.10598139,0.10757456,0.06260318
0.6431017,4338.735,1.047351,7.4001474,0.110257424,0.11717915,0.050571114,0.0792013
0.6290705,2980.039,3.0675733,2.2453463,0.15329053,0.08393722,0.107002474,0.0692333
0.6536736,4618.3315,2.1159446,10.465259,0.118769355,0.12542586,0.062221523,0.060118273
0.6842149,2449.6526,1.7925447,2.4309337,0.123644456,0.083612904,0.116898604,0.0881542
0.68699133,2354.4329,1.6159742,2.5726144,0.12273742,0.08102536,0.12395269,0.09315824
0.66245764,3898.3857,2.9098928,7.141371,0.092424616,0.0968157,0.09805682,0.073692
0.6720904,3778.6902,0.6316678,8.18471,0.19547898,0.12826537,0.07995545,0.05617365
0.6566808,4136.1143,1.1338218,7.974011,0.2282361,0.1351977,0.09195615,0.05619023
0.6732747,3662.2922,2.8727875,7.78793,0.104438916,0.178006,0.0870092,0.07018757
0.65273094,4450.59,0.9680938,9.551437,0.1248871,0.06394236,0.076808214,0.07749511
0.64386034,4565.8335,1.1312628,8.438177,0.13465515,0.11611063,0.09363766,0.07265964
0.65161794,4289.8706,0.17633243,7.9840837,0.12015662,0.107083015,0.10646741,0.05515695
0.7041255,2962.0027,4.961926,7.564257,0.11418964,0.081470795,0.09880817,0.044140175
0.6571253,3815.9292,1.8883091,6.1415772,0.10877428,0.07473596,0.110780016,0.049138367
0.69289315,1527.9113,2.4366748,0.6163054,0.1663642,0.11031792,0.049312178,0.07862035
0.6771552,3773.8005,1.3036202,9.386763,0.1063097,0.1252582,0.101377495,0.08169935
0.6852289,2579.0317,2.829201,3.0604968,0.09450584,0.12303292,0.11292117,0.0697464
0.64293337,2295.9175,1.1468108,1.2177949,0.103518136,0.103115246,0.10456058,0.06436184
0.64785856,2332.8923,2.0509052,1.3620231,0.1272546,0.083839536,0.06130118,0.06530277
0.66444284,1733.042,1.94353,0.66215324,0.14674206,0.06409111,0.06673282,0.110376224
0.7398787,2232.4292,0.4636532,5.180292,0.112581246,0.10699569,0.119616345,0.05027927
0.7143919,1670.6332,0.63904476,1.2726253,0.10045867,0.09963094,0.10883293,0.06546807
0.6932764,2178.1765,0.9515089,2.1483262,0.12906666,0.098825306,0.08460654,0.0875419
0.69314545,3450.0137,1.3496894,8.927262,0.12505071,0.12347718,0.08580114,0.09564709
0.70830363,2738.6025,0.98291683,6.1817527,0.11266634,0.13541634,0.10826082,0.08579662
0.6032173,5828.8867,3.1755013,8.023814,0.13332134,0.072015256,0.09552342,0.05722179
0.5966522,6192.927,2.5751514,8.432136,0.12317398,0.08171322,0.09295297,0.050992005
0.6350992,4794.1274,3.6635303,8.708144,0.12517557,0.083103135,0.07215171,0.07274582
0.61662984,4533.1455,2.5956447,5.4309807,0.08786909,0.076299846,0.08008803,0.049564254
0.66016084,3665.0488,0.831043,6.0788646,0.10324211,0.17051023,0.0840864,0.1087887
0.67459553,2338.1846,4.297012,1.705757,0.08665234,0.14323509,0.0980763,0.07329863
0.649858,2265.0452,2.5036879,1.12182,0.09901341,0.13016722,0.08769712,0.083218575
0.6196456,5232.2534,0.9641283,7.225318,0.15890552,0.21681741,0.052861616,0.07756572
0.6177982,4350.1533,1.3219454,5.418727,0.12219238,0.21568587,0.11777782,0.0878799
0.62446314,4442.203,1.3760678,5.261609,0.12612295,0.21337838,0.116546735,0.08749535
0.6277322,3232.4526,3.557995,2.6059134,0.118820794,0.20809022,0.098822735,0.09745888
0.66765094,3069.6772,2.5705352,4.022575,0.111936115,0.14220865,0.12876806,0.071475774
0.5748167,4680.377,1.2439927,3.057774,0.14894225,0.14756548,0.06758377,0.056902625
0.6603817,3042.5967,0.44079256,3.3385239,0.1629546,0.10807026,0.0812695,0.08560108
0.66716605,2914.539,0.2851043,3.4193475,0.10621912,0.099214196,0.1459437,0.0622267
0.6895105,2654.328,1.3700197,3.854247,0.17015171,0.08261019,0.1096747,0.07423568
0.6230161,3398.2915,2.9856327,2.8073938,0.07788386,0.151384,0.057431083,0.06242917
0.6334877,3228.3044,2.4388828,2.8481255,0.07757852,0.12660162,0.057782724,0.07054672
0.6486379,3746.8948,3.1780105,4.8675766,0.0815252,0.12840772,0.060443804,0.07411548
0.6302735,4583.23,1.1552995,6.329713,0.10571116,0.08590524,0.07699038,0.04317367
0.63049924,3945.3022,1.5586112,4.793267,0.101252556,0.10427217,0.081613004,0.05912957
0.66356903,3589.6746,2.2826307,6.364481,0.15958405,0.16493449,0.06381741,0.12386167
0.6319639,4011.7744,0.63635194,4.4825077,0.11745606,0.18594387,0.0644629,0.07599774
0.62522054,3454.0278,0.802961,3.0109367,0.12601207,0.14915667,0.08011946,0.08218403
0.6435796,4176.4688,1.8479995,6.893532,0.13891263,0.17308336,0.08366033,0.07926623
0.6167594,4574.0654,3.1063282,5.3590655,0.15743107,0.15141094,0.072395176,0.067133814
0.6326395,3516.9802,1.119215,3.3026743,0.14759423,0.07855914,0.092277445,0.06459487
0.68013644,2632.3757,1.411762,3.0307307,0.11055579,0.13206768,0.06634649,0.06690023
0.6680753,2390.626,1.0889882,1.9731965,0.12703098,0.1294541,0.06587239,0.053098645
0.6366914,3568.4724,1.7879778,3.863539,0.09087454,0.088856824,0.076825924,0.08202347
0.6401572,3512.0493,2.1447418,3.8640501,0.14360699,0.1140005,0.09125119,0.054312944
0.65722895,3450.2283,1.3577813,4.7548943,0.09312108,0.09713657,0.094143726,0.06391726
0.6580386,1848.3712,2.7231052,0.7398448,0.08790603,0.100262605,0.09247954,0.08501062
0.6266811,4155.3345,1.1483175,4.782711,0.14660034,0.08645308,0.07232849,0.053564183
0.60599846,3581.3684,2.5625937,2.4615688,0.100784,0.1224351,0.091157466,0.063594274
0.6407809,4313.1973,1.3551245,6.761424,0.10972479,0.1431294,0.07211292,0.076429754
0.6888525,2903.7446,1.7183169,4.6470914,0.14737833,0.075168416,0.07859025,0.11624655
0.65492135,3496.304,2.7976499,5.149664,0.12370649,0.072050326,0.08276358,0.104913875
0.64511985,3908.354,1.9251426,5.1407757,0.10742091,0.16424698,0.07750187,0.058155905
0.6128797,4873.392,0.84913826,5.6664886,0.14798571,0.09135284,0.077855624,0.057457324
0.62840515,4496.4883,4.803783,5.8825636,0.13798854,0.107991755,0.094896585,0.10090118
0.6826085,2879.5632,0.2942485,4.6888256,0.105207615,0.15228951,0.07164413,0.050339065
0.6807989,2979.814,0.34549335,4.824788,0.106808305,0.15247846,0.07099625,0.049026705
0.68819296,3164.2974,0.38757175,5.6284413,0.08353936,0.13510677,0.059090756,0.051799238
0.6810849,3572.8806,4.0118704,8.082492,0.11825491,0.08543923,0.107953995,0.113980554
0.6550858,4260.6304,2.0861773,8.544006,0.11557011,0.07457365,0.10768095,0.09473678
0.67530894,3654.9368,0.698714,7.76099,0.0962414,0.093720414,0.06442967,0.086360395
0.66637754,3963.6797,2.1310604,8.431604,0.11786529,0.07760547,0.056802753,0.05855186
0.6481648,3790.8113,1.0239064,5.3924565,0.076783605,0.112077996,0.20790705,0.11159836
0.6411385,1607.9895,2.244052,0.43071723,0.29998776,0.07950801,0.06274607,0.07421289
0.651225,4148.9004,1.322713,7.133857,0.23083353,0.13870178,0.08785723,0.061567977
0.6882858,3751.2861,2.338243,11.254215,0.106538236,0.057314225,0.08509858,0.08568521
0.6266649,5906.157,1.96828,11.839588,0.12546673,0.2114911,0.06663309,0.04989719
0.65153813,3497.7502,2.0936606,4.878852,0.11633508,0.059912927,0.085371464,0.11345709
0.62787485,2445.0771,1.7217072,1.1450013,0.11398917,0.21269149,0.07659972,0.07909879
0.6538778,2529.3167,2.0179102,1.8371218,0.14221077,0.12765841,0.06848571,0.059175953
0.60136133,2605.41,1.9417342,1.0377601,0.12688869,0.088719696,0.09298165,0.09030993
0.59386575,4683.007,1.1532706,4.3928823,0.116605684,0.09837273,0.12158201,0.055784095
0.6000267,4444.507,1.2318791,4.064545,0.12185157,0.087936744,0.104934484,0.051337127
0.6267957,3394.076,0.99423057,2.9341683,0.09442413,0.07188605,0.13041553,0.118932486
0.62427247,2774.744,1.5902352,1.6135592,0.12707885,0.12427138,0.0596295,0.045917183
0.6910683,3550.0837,2.0790548,10.02425,0.1005583,0.07329392,0.08122003,0.10034537
0.59528464,4015.8127,0.9399707,2.5652213,0.14559683,0.12890856,0.094313614,0.053487524
0.6407869,3607.816,4.1261373,3.9779372,0.12449228,0.08542774,0.103986345,0.06502966
0.67967296,3584.161,1.5290774,8.961966,0.13453767,0.086048976,0.08162836,0.05836778
0.6397794,5032.334,1.537007,9.782807,0.16252342,0.10283203,0.091704726,0.048151456
0.67520326,3792.0989,2.695078,9.237893,0.1600427,0.10083548,0.0950873,0.052553013
0.6790126,3742.8235,3.4014902,9.342749,0.16456857,0.0881149,0.104625314,0.046362214
0.6375092,4497.323,0.6830204,7.061721,0.114021406,0.09591621,0.053944793,0.09377074
0.66464794,4261.486,1.6211612,11.07218,0.118113935,0.08592255,0.10931395,0.049022213
0.6357455,5119.9795,1.2826108,9.625301,0.12743802,0.124622114,0.12903738,0.09929958
0.6570438,2314.4604,2.1010175,1.4887173,0.11725494,0.09863955,0.05518381,0.06316469
0.6647818,2152.7136,1.0338192,1.3892126,0.1230541,0.1033583,0.052041005,0.054368176
0.67192286,2289.8416,1.6292063,1.7783072,0.14165838,0.10832758,0.08614539,0.06413715
0.6699822,2394.9084,1.8109152,1.9761089,0.14105687,0.103336796,0.08412843,0.061959427
0.6243168,2219.9792,2.733125,0.9064405,0.11271228,0.11083853,0.069612965,0.07711479
0.67028576,2392.0667,1.711654,2.0456083,0.09726486,0.0801469,0.1042726,0.048138212
0.66691846,3278.243,1.8988472,4.817223,0.13827604,0.09505761,0.09501027,0.06821635
0.6246395,3826.2605,1.3668504,3.7338,0.093899004,0.09455184,0.07269828,0.06065918
0.7077397,2191.2014,0.16765444,2.5463395,0.10273344,0.15390858,0.097816736,0.0665091
0.58583385,4593.409,0.03890603,3.3799477,0.12670812,0.0992663,0.054807823,0.061263587
0.64213276,3358.843,0.14001133,3.3076313,0.09607118,0.12533322,0.07258036,0.099577844
0.6495702,3883.0718,0.07425793,5.8432975,0.106583074,0.07561121,0.061954863,0.0558949
0.6548998,3280.244,1.6783925,4.1877728,0.119695194,0.08981241,0.11704722,0.088869154
0.62892926,3491.0986,1.277708,3.0457082,0.1366037,0.119581476,0.10703595,0.057970375
0.6400595,3846.3513,1.0234797,4.8502483,0.1588867,0.09697084,0.053710274,0.07121995
0.64708114,3874.985,1.3479276,5.499513,0.17822888,0.09523246,0.04698649,0.06553927
0.6568059,4162.913,0.24833727,8.314437,0.17818864,0.086236835,0.05407926,0.07925695
0.61877096,2968.7437,1.0622259,1.6892234,0.14811482,0.09678551,0.05376816,0.111787856
0.6422538,2942.5146,1.0405309,2.4782474,0.13114572,0.1036423,0.056129016,0.09404708
0.6520074,3373.6309,0.5321715,4.134591,0.104846604,0.08614685,0.06104318,0.06537118
0.6279591,3652.2185,0.24882145,3.4519076,0.12784679,0.088458486,0.055469062,0.061576463
0.66460913,2976.1064,3.1567123,3.3948543,0.09074674,0.12899993,0.09864096,0.06607406
0.6617709,2929.2905,1.0064163,3.0125077,0.1377955,0.15695548,0.08796975,0.07851343
0.6285798,4144.035,1.9423435,5.1703825,0.09631215,0.1013882,0.08816973,0.082123466
0.6168508,4580.83,1.3612981,5.393095,0.08548393,0.0868516,0.078680806,0.08577878
0.66466093,3204.7322,1.0697006,4.5618014,0.11173579,0.0986829,0.11051958,0.053199068
0.6366983,2382.8926,2.385599,1.3227835,0.109372295,0.10772093,0.07412373,0.077382356
0.7069928,2720.2122,1.6371739,5.223105,0.10616957,0.078532,0.068076394,0.089893825
0.6461818,3604.7925,1.5901415,4.4912815,0.12916736,0.20456898,0.13726385,0.06540227
0.650024,3976.1208,2.0488837,6.1736937,0.11981355,0.17988157,0.13749108,0.08187045
0.6431445,4015.6118,2.1951387,6.333151,0.09091182,0.05729802,0.17068921,0.0662879
0.62631387,5260.9243,1.9448185,9.610216,0.1065073,0.09420763,0.16494699,0.04854565
0.6976769,1670.4591,3.4448023,0.8119114,0.13171232,0.10399738,0.0668063,0.09524928
0.6865716,2940.3652,0.28864756,4.9630194,0.1248673,0.07789053,0.08669178,0.045955658
0.64921486,3013.7417,0.042628948,2.876706,0.14522822,0.12809658,0.11178128,0.065009676
0.5909154,2434.4731,0.93388885,0.80108076,0.18864006,0.09628783,0.057258047,0.07659223
0.67143106,3819.5388,0.04478633,8.99784,0.07500547,0.10257027,0.10318964,0.076645516
0.6758904,3320.3362,0.033313487,5.3951073,0.059215613,0.09372935,0.10618276,0.065340504
0.66465914,4096.88,1.4539831,9.223724,0.14866726,0.08525314,0.0822302,0.11208091
0.66453797,3853.1272,1.4730492,7.5119977,0.14810066,0.08706784,0.0679956,0.07776576
0.68289053,2593.94,0.8162483,2.8705668,0.14250176,0.099482805,0.07123467,0.05403191
0.6373177,3938.5896,2.7212725,5.1580696,0.07626578,0.093253255,0.06274913,0.118079
0.65339756,4386.902,1.5292773,8.926982,0.09345197,0.0750688,0.06865601,0.11990136
0.64966583,3585.4224,2.3055012,4.7909365,0.117661424,0.074681155,0.06966131,0.089279026
0.7053733,2198.4705,0.7456181,2.6065655,0.13771696,0.13682497,0.059321694,0.045535766
0.7177945,2140.0393,2.0973794,2.8262749,0.11114102,0.13915987,0.07477754,0.1537568
0.66610014,1744.8564,2.1086648,0.72763324,0.11552771,0.08440786,0.06267214,0.08860514
0.64616644,4824.3037,1.1230634,10.497701,0.12154572,0.11591333,0.08882095,0.074304566
0.64077866,5173.5557,2.524681,11.189684,0.09904042,0.084076956,0.07708512,0.06339478
0.65976423,3839.27,1.6789385,7.169444,0.12276113,0.1241153,0.08299799,0.052654725
0.6182122,4018.238,2.4842155,4.0655856,0.13575636,0.12270144,0.10447625,0.0891439
0.69427514,2524.472,1.1828265,3.327664,0.11047216,0.1521065,0.0971892,0.055103544
0.6242663,3781.2766,3.0803287,3.6000233,0.08209574,0.14456111,0.050251648,0.058370147
0.6230849,3638.2405,0.8886215,3.1673427,0.13634142,0.11037502,0.06407248,0.057201136
0.6240457,3499.515,0.94625825,2.939423,0.13765748,0.105549656,0.06469703,0.058101993
0.6712801,2676.4949,1.8422482,2.6516526,0.1278409,0.11238108,0.061866358,0.052081406
0.7145832,2904.5771,2.9107609,9.061631,0.15056041,0.099942125,0.0650266,0.054641757
0.69295406,3470.5354,0.71164167,9.706254,0.14906034,0.07611688,0.07335087,0.060250286
0.6693622,3689.2292,0.061324958,6.9751716,0.14131038,0.09653712,0.07418368,0.06556981
0.63182396,3441.8257,0.022425463,3.2007573,0.14111713,0.120591015,0.075556554,0.06264967
0.6949036,2652.5098,1.2010609,4.354703,0.1416856,0.11620773,0.07212629,0.069202326
0.6280535,5326.346,3.321759,9.18859,0.18795675,0.11869703,0.06902734,0.067856796
0.6536141,3186.5542,1.4464592,3.5611956,0.11888871,0.08645153,0.07023473,0.0849214
0.65835416,2986.7476,0.9035985,3.0843692,0.13742828,0.12345561,0.06577853,0.06160921
0.6583328,2805.0068,2.8663895,2.582947,0.15327391,0.09558333,0.06994411,0.08106656
0.6604182,4214.6646,1.1039287,8.840574,0.08517508,0.0930673,0.07490206,0.056341417
0.67699724,3413.6362,2.1639476,7.1353703,0.15495186,0.11732225,0.09398495,0.09083092
0.63881534,4535.5073,1.8573316,7.4996552,0.077376895,0.07735906,0.07297498,0.05153632
0.6469387,4837.226,2.8572712,11.149175,0.08616708,0.057043917,0.09406136,0.086199425
0.6721361,4216.8965,0.74892145,11.452871,0.16008706,0.18354025,0.047200665,0.05219801
0.63023347,3179.2476,1.7279941,2.4161935,0.15046299,0.10909434,0.0884273,0.097426094
0.6351975,3073.952,2.6799324,2.7870827,0.13659261,0.087857194,0.090035155,0.10511274
0.65073913,4621.967,0.9154469,10.375732,0.08947836,0.15308934,0.073097534,0.048377067
0.61821866,3970.4048,3.1479228,3.9116707,0.10394743,0.08033299,0.0851142,0.10157286
0.72061956,2995.727,1.6141644,11.434079,0.07828048,0.12566507,0.08379765,0.048785888
0.71475595,3105.6907,1.643106,11.342154,0.080979705,0.12210082,0.08331815,0.05166545
0.5765375,5033.71,2.4593205,3.731434,0.13506252,0.10090274,0.056805663,0.09242144
0.65841997,1898.4271,0.52081805,0.7762647,0.12402115,0.10693976,0.113268085,0.06440221
0.662276,4604.874,2.3210247,11.613627,0.10418746,0.08847278,0.053759303,0.1065381
0.66760254,4375.312,2.2071886,11.854898,0.098351225,0.086703174,0.08003958,0.0806324
0.64974266,4398.6714,0.8043691,8.486603,0.15965603,0.13211879,0.06173881,0.05554664
0.6518202,4147.438,1.6285664,7.2643576,0.18437804,0.14023867,0.0638389,0.05022495
0.6804878,2400.1252,1.7170721,2.344798,0.08789935,0.06998688,0.08167043,0.054435544
0.6346387,2872.302,1.6468878,2.0399616,0.19179232,0.14840144,0.068577945,0.08140748
0.60926765,3546.9614,1.9084601,2.5292304,0.1270357,0.09173053,0.07622704,0.056271434
0.5687313,3149.8032,5.0648727,1.2525703,0.07254678,0.08910376,0.06945193,0.07346698
0.57699275,3271.8638,6.4179344,1.5494385,0.07448085,0.09475372,0.07853831,0.079673514
0.6236656,2344.8013,2.2315075,1.0186987,0.09543907,0.10470362,0.050152507,0.08036003
0.619688,2639.3303,2.392045,1.3491559,0.09778325,0.11134622,0.062487483,0.07030803
0.62117684,2751.3306,1.5785863,1.5782261,0.089556515,0.10216113,0.10729375,0.12760603
0.6013255,3705.691,3.7152734,2.6469502,0.16658594,0.087699935,0.12732305,0.102244884
0.61772144,3966.5393,1.1827184,3.797419,0.12452523,0.10109309,0.07955258,0.060055427
0.6150531,3388.5364,1.351169,2.557349,0.12550192,0.117416136,0.08772769,0.05761023
0.7068695,3055.7024,0.76621294,8.863727,0.085966274,0.09628271,0.09791413,0.08150973
0.63538146,3139.7883,2.2261045,2.6632357,0.12456214,0.089416236,0.08850977,0.055232406
0.621967,3295.2134,1.3062551,2.5616713,0.10551405,0.09101802,0.10128817,0.07952283
0.66574997,3107.3179,0.8494725,3.9514914,0.11335786,0.0879975,0.056726463,0.07743077
0.6781539,2793.4333,3.109273,3.910177,0.085802056,0.11374974,0.10950312,0.054097585
0.5893131,2512.2083,0.4146093,0.92976296,0.12345746,0.06891679,0.09210998,0.12309369
0.5932253,3537.643,3.9623506,2.1171901,0.17112407,0.084091455,0.10964192,0.10713133
0.56258035,3955.7527,1.2809093,2.039178,0.17566408,0.07686405,0.088823296,0.08433783
0.62655866,4844.797,2.7135603,6.883288,0.097267315,0.11014867,0.083801866,0.0835207
0.6173297,5093.084,1.9778565,7.891136,0.09269174,0.101489216,0.079916574,0.09044723
0.67105454,3908.407,1.6557664,8.222323,0.116224654,0.10407127,0.074205406,0.060373403
0.66295284,4059.4004,1.4085199,8.633892,0.10338371,0.12522826,0.06322197,0.05845362
0.50605196,1972.8379,1.3880582,0.28172675,0.12415567,0.11972094,0.105979994,0.05907777
0.5920072,1811.0328,2.4679916,0.39063656,0.17475007,0.16538104,0.07859379,0.09427845
0.6246657,4529.307,1.562593,5.7305098,0.13838252,0.18578881,0.076721996,0.05570475
0.64575154,2992.2734,0.41880217,2.7117472,0.1607424,0.07029281,0.072861634,0.076828085
0.65662485,2771.07,0.4643181,2.5692105,0.1522842,0.06558545,0.072069824,0.07783135
0.6258046,5244.949,1.3183461,8.514503,0.108467996,0.17526436,0.07755293,0.050206464
0.6668784,3701.4087,1.9869455,6.3023653,0.12079224,0.14018022,0.07243791,0.06980357
0.6914233,3114.836,2.3493474,7.1384044,0.09814385,0.1399,0.08085797,0.08399427
0.69470376,3193.407,0.6153711,6.9762917,0.096180335,0.09273538,0.1179185,0.08013184
0.6443876,3456.9783,0.7702978,3.6293755,0.16299406,0.075940035,0.070510864,0.050409637
0.6161155,3729.5527,1.1260153,2.961854,0.17681602,0.072237775,0.065585665,0.062142074
0.62593096,3993.0554,1.86762,4.335331,0.17491654,0.08958611,0.08842456,0.0588069
0.6216779,3421.2131,1.4408649,2.7325473,0.10486038,0.078658864,0.09852396,0.071131535
0.70907503,2575.6309,1.6821855,4.932175,0.11677634,0.099258654,0.09893268,0.05402284
0.72308636,2145.2112,2.2643926,3.1011906,0.1302705,0.06448161,0.08753921,0.07778299
0.6831333,2581.1487,1.477853,3.0353603,0.1236466,0.1368204,0.072929084,0.051516656
0.6569186,3062.0378,1.33899,3.4566178,0.100537404,0.15566431,0.079767525,0.11979649
0.6556273,3260.2944,1.5312581,4.254285,0.13789207,0.0751405,0.10054462,0.043693908
0.72150683,2266.3804,1.1705613,3.637947,0.15609615,0.10912693,0.058541626,0.100132145
0.6494819,3848.7537,3.4351203,5.4201307,0.12195036,0.0987955,0.06671013,0.06922485
0.64278555,4158.2637,0.45294473,6.077924,0.12694095,0.08498117,0.06489952,0.07303547
0.6526248,4103.6655,0.15886834,7.4655614,0.15455194,0.09278967,0.07264874,0.055950712
0.5973463,3325.6199,5.2412863,1.8259072,0.10440911,0.11093828,0.0621312,0.10790127
0.56861377,4282.2334,1.0222527,2.3797588,0.09036039,0.09095884,0.07292347,0.083960034
0.71679103,2872.877,2.4706244,8.760426,0.11996493,0.100862235,0.086038455,0.06661234
0.65681374,2886.2185,1.6295568,2.768898,0.1147894,0.077742845,0.06631841,0.047933917
0.6652006,3406.1516,2.0805073,5.2702217,0.10490034,0.07731496,0.090867996,0.06546651
0.6655827,4313.9414,0.52684075,10.649301,0.120851636,0.0773956,0.07095012,0.047748078
0.63198125,5251.798,2.1327841,9.8639555,0.103220865,0.10891714,0.060367387,0.086771846
0.6848512,3583.136,1.7394782,9.019817,0.11352503,0.10637942,0.08891317,0.0650444
0.6844408,3675.1494,1.366657,9.940601,0.10187616,0.10054196,0.057507634,0.06764495
0.6608241,4295.742,2.6360617,9.843134,0.09541111,0.11025119,0.069156475,0.10599397
0.64832604,5091.2065,1.366791,11.995083,0.15630895,0.10131032,0.09485175,0.044607148
0.65139025,4955.987,1.7974652,11.985829,0.18791763,0.07918336,0.09722283,0.05235815
0.67676437,4057.465,1.8893774,11.266925,0.21451262,0.08602563,0.092819095,0.079820484
0.6656475,3889.5134,0.27431703,7.57852,0.23600194,0.10118576,0.06428609,0.06302616
0.639494,5095.925,1.245375,10.868307,0.18938246,0.08772558,0.10130143,0.056760486
0.650569,4272.2783,3.120337,8.285004,0.18365966,0.0874775,0.084005624,0.08022106
0.65579623,4210.9297,0.89005226,7.7745967,0.13217969,0.11766527,0.06368499,0.053689815
0.6766525,3695.053,1.6008843,8.63488,0.09068751,0.12705186,0.072530486,0.07148199
0.657678,4240.6284,0.51557815,8.272166,0.1626904,0.088288724,0.056785703,0.07036737
0.6218223,5332.2607,0.84202266,8.9423275,0.12046803,0.096520506,0.09138062,0.07118941
0.615736,5331.9624,1.665386,7.9148245,0.10422408,0.09634051,0.08900635,0.1023892
0.5921202,5943.79,0.526933,7.428868,0.11092582,0.1188489,0.12766282,0.06302925
0.6396902,4725.562,1.0659877,8.882156,0.16950762,0.14683397,0.15116231,0.07924019
0.61799777,3978.1404,4.3747954,4.3293805,0.16083458,0.11961372,0.13541175,0.11500899
0.6231375,1767.846,0.19819245,0.45027816,0.08744928,0.2550517,0.10119128,0.066511154
0.6184227,3237.0808,0.05110672,2.2589135,0.11237948,0.19585569,0.06925516,0.044644356
0.6185869,3234.0164,0.058775946,2.276749,0.1100944,0.18772244,0.065350674,0.04165858
0.6364829,2767.9143,0.033447936,1.7614365,0.10791619,0.16240609,0.062091794,0.042440206
0.62918484,2925.5496,0.035968445,2.0633774,0.10947837,0.15634483,0.05761447,0.045030102
0.63603693,2130.7097,0.045859847,0.89377534,0.09753235,0.084074795,0.07530033,0.10498904
0.49135074,1537.8727,1.1775353,0.13582726,0.10863596,0.106400855,0.097171985,0.06170314
0.46760643,1291.2404,3.5223444,0.05255522,0.101132244,0.06866501,0.055742204,0.06318195
0.4387249,1322.6941,2.432931,0.052085977,0.078698725,0.074324265,0.06729549,0.0773586
0.48193422,1211.8936,1.3284487,0.04149308,0.08828995,0.11833972,0.057714395,0.091290615
0.4671809,1281.0664,1.0837116,0.047576126,0.121631816,0.119904764,0.06424687,0.09987483
0.4603948,1257.1699,1.593484,0.040423162,0.115100935,0.1703591,0.059422776,0.09405154
0.5012428,1193.3778,4.0499,0.057052787,0.123273365,0.12191901,0.06102768,0.058616836
0.44778582,1370.0323,1.6324223,0.061890375,0.1276524,0.08189134,0.1214936,0.07348989
0.45864758,1267.3501,2.180672,0.0419719,0.1328478,0.12740877,0.052436538,0.06423328
0.4748581,1226.1896,2.1996653,0.0414543,0.116451964,0.09788626,0.064330146,0.118753724
0.5179484,1798.9569,0.93743026,0.23672798,0.13481463,0.08751198,0.09545386,0.045960627
0.50447834,1355.3964,4.532177,0.105505876,0.13642618,0.061799914,0.08097717,0.06996077
0.4681402,1484.3599,0.38095814,0.10756979,0.1969927,0.08318031,0.061441164,0.05683365
0.49634686,1326.4496,3.281185,0.089718826,0.27359015,0.07938324,0.07950128,0.06535123
0.4787107,1630.6246,0.7942212,0.15463567,0.30944026,0.085885495,0.09842795,0.078794494
0.57952714,2149.2622,0.19848605,0.5389758,0.083900124,0.11092582,0.06398185,0.060030617
0.6140139,3023.477,0.8677784,1.8352789,0.097565144,0.113958955,0.11203992,0.07186784
0.68230987,3747.2495,1.8319149,10.225962,0.1281232,0.088209026,0.05931414,0.058003888
0.59190434,2657.8157,0.6673984,1.000643,0.09704159,0.11406597,0.09705631,0.06498674
0.65561265,2265.4082,2.0184996,1.4746275,0.123308204,0.06598548,0.11581016,0.0853471
0.55372626,2721.977,2.6131072,0.7144734,0.13759269,0.11047919,0.093930155,0.055145904
0.6436705,1841.4572,1.6771116,0.6466171,0.14602911,0.10026989,0.05875996,0.045065384
0.6328946,1838.2299,2.4054766,0.5918104,0.16427936,0.09636472,0.060290806,0.04503882
0.5979691,4551.5513,1.6240275,4.0820894,0.22919434,0.111258335,0.08092535,0.07129094
0.67862874,2177.8643,2.102755,1.7321734,0.15999335,0.101395085,0.11466584,0.07801494
0.67493,2383.1602,3.0681992,2.1755688,0.0863389,0.0971276,0.053973958,0.061789114
0.6845073,2193.9333,1.2770767,1.9981271,0.088687375,0.105862394,0.058786098,0.06022066
0.6493361,4410.129,3.713053,9.477135,0.21223326,0.09650686,0.1102845,0.07260668
0.62554383,5320.7573,0.43034944,9.094776,0.24906367,0.086655885,0.07665578,0.09257131
0.65825975,4489.042,0.54247725,10.616287,0.251249,0.113717504,0.06250155,0.05579286
0.5726516,4722.1177,1.4068366,3.3322926,0.12963158,0.11028263,0.08529086,0.084397554
0.69468707,2545.2676,1.2909981,3.334367,0.17161563,0.09824091,0.076081514,0.055709705
0.62594646,3960.7786,1.492563,4.4857216,0.08059831,0.10412741,0.087913156,0.06685405
0.6589092,4511.786,2.2084901,11.2256565,0.11558438,0.08359234,0.07586745,0.06419097
0.66568595,4359.6924,3.3481944,10.926471,0.10832836,0.09212109,0.063888386,0.09076316
0.5831,4314.533,0.7753677,3.1139739,0.09678359,0.098324284,0.08944,0.06386741
0.6249962,4432.377,3.6102784,5.308653,0.09173201,0.16057357,0.068703175,0.07227289
0.61500525,4525.7944,2.9819322,4.8700995,0.09016542,0.1416091,0.07532854,0.08385539
0.61992973,4965.911,1.6903749,6.692461,0.09208365,0.13854516,0.0608334,0.094149806
0.592434,4669.3564,2.8394725,3.9970095,0.13601448,0.16177168,0.106490895,0.09649632
0.5643143,1957.7806,1.5577561,0.3996179,0.095357485,0.19630413,0.10152957,0.09030117
0.6868282,3377.8042,2.8197203,7.8678937,0.12299119,0.09119977,0.08265711,0.052228983
0.63027847,3858.7266,1.4180741,4.325917,0.15082581,0.08469568,0.0965356,0.060012545
0.6179492,3281.9832,0.8832504,2.3808966,0.15220031,0.079148784,0.10355506,0.055137016
0.6670718,3643.534,4.3321195,6.675062,0.14199623,0.14960702,0.11260353,0.05460192
0.660768,3350.0046,0.01716042,4.5429034,0.24127929,0.08401356,0.17369094,0.08370833
0.6127195,4201.19,0.0085977055,3.913953,0.06825621,0.12019553,0.10299832,0.09349619
0.6446932,1649.5854,0.009764639,0.48712674,0.13409996,0.09659079,0.10264961,0.07043566
0.6472964,2751.3481,0.04276823,2.1348772,0.13723022,0.12488579,0.07556792,0.07682116
0.6287445,2127.433,1.7561045,0.8387594,0.10360905,0.1139545,0.105742216,0.084952906
0.64615124,2066.8088,3.1601002,0.8962982,0.12594612,0.094646,0.079905525,0.10205236
0.6076208,2813.8247,1.515064,1.379609,0.11797758,0.079931915,0.08958621,0.1259381
0.64324707,4899.292,2.2888038,11.031798,0.09640813,0.10227882,0.09294732,0.07647981
0.6369222,5254.77,1.287418,11.166919,0.120100886,0.12125223,0.10646414,0.08216138
0.62131906,5854.1387,2.8456905,11.337582,0.11693654,0.09617348,0.11714373,0.10306431
0.66328657,4357.853,1.0561266,11.215097,0.09764221,0.064628825,0.100531675,0.06394271
0.67281973,3995.7112,2.794288,9.524066,0.124734655,0.12998778,0.07373246,0.18422897
0.6889525,3578.008,1.8170421,9.912722,0.09232123,0.13713565,0.064563744,0.1118914
0.6981085,3405.0295,2.2124932,10.186215,0.08200321,0.14641035,0.06905378,0.118867315
0.64405006,4854.362,0.68127334,10.202427,0.21070907,0.12735526,0.06400195,0.04713954
0.66432977,4394.08,0.70510536,11.090824,0.17720029,0.1280487,0.06767196,0.049512014
0.5575699,1685.7825,0.79287946,0.25627664,0.090525046,0.10958492,0.09573618,0.116209805
0.5847759,2328.8088,3.7031772,0.6612086,0.118583545,0.11910513,0.10534624,0.04977983
0.5653751,2140.0398,3.8306463,0.4644159,0.120095335,0.11403407,0.08944152,0.043335434
0.5591618,1994.5438,1.7986133,0.38342378,0.12732501,0.1355832,0.07634683,0.05300396
0.7054616,2440.719,1.346693,3.6269255,0.09739414,0.14175981,0.10053304,0.07818547
0.710317,2367.9678,1.5952809,3.6150858,0.10045759,0.109437115,0.09973261,0.07353723
0.6615815,2743.1956,1.4657947,2.466298,0.11709199,0.118201554,0.08492634,0.061464213
0.6419382,3905.0642,3.6352594,5.189899,0.15151553,0.0898542,0.087458044,0.06431461
0.7043596,2966.5107,0.44955102,6.8643374,0.14630148,0.110016026,0.087247275,0.06801254
0.6224502,5818.109,4.482449,10.977875,0.09079452,0.08670063,0.07186527,0.09985057
0.58663327,3750.6248,0.15842022,2.0658221,0.169376,0.10370991,0.100974336,0.07709854
0.6264986,4931.0938,3.184932,7.6965523,0.1408429,0.11147189,0.08487768,0.05794053
0.65668416,4237.255,1.3293016,8.557847,0.10082358,0.10865205,0.05621273,0.09531868
0.6550432,4225.9004,1.0431013,7.963345,0.093286395,0.12199246,0.052617803,0.093814775
0.5971794,2697.4072,2.9494715,1.1085981,0.14742516,0.07696111,0.09698333,0.056002922
0.6077496,2591.7185,1.9497772,1.0706272,0.157044,0.08794771,0.09179391,0.06336485
0.673666,2027.3796,1.9767525,1.2698677,0.16009535,0.12708998,0.07573389,0.07790539
0.62313765,3173.8352,1.6905432,2.1554797,0.11214113,0.10031827,0.079999976,0.05948089
0.68482333,3641.637,1.5467131,9.144008,0.10496926,0.0977145,0.0673817,0.07162915
0.6507316,4508.0894,2.6513362,10.024315,0.115493454,0.092780605,0.08834242,0.076970086
0.67485315,4169.1675,1.3032933,11.760435,0.14847955,0.10390779,0.07978862,0.059736107
0.6442693,5004.403,1.1957648,11.469314,0.08386818,0.08897637,0.07131801,0.0948307
0.66476595,4267.969,0.8115761,10.26606,0.09713995,0.063657284,0.054106653,0.11989515
0.6939231,3196.863,2.2635458,7.4835815,0.10159005,0.09030248,0.07955082,0.10483786
0.6397384,2919.0867,2.3201811,2.2958612,0.08435185,0.07246657,0.08690572,0.07324003
0.676948,2679.6501,1.8771056,2.9937892,0.18359625,0.13630792,0.072789334,0.06593712
0.5542805,2006.6755,1.031528,0.41963995,0.094049074,0.082196176,0.10972223,0.10300772
0.62767047,2524.2312,3.0902982,1.225084,0.17273295,0.12547433,0.08654448,0.049365878
0.6373077,2446.498,2.7938168,1.4332559,0.17184219,0.12468973,0.08742221,0.047911216
0.64977825,3049.099,2.7531092,2.9026694,0.1481278,0.1392538,0.08938281,0.05439819
0.62879616,5054.433,0.86922204,8.8562,0.16198023,0.07228302,0.07546848,0.07905263
0.65403014,3829.0098,0.9913478,6.2611084,0.17307018,0.0910287,0.07754815,0.049671847
0.6611313,3572.3914,1.2294399,5.3227854,0.10026977,0.11014402,0.08544784,0.06503475
0.6528839,3540.688,1.2116647,5.1433377,0.09859271,0.10659672,0.08393066,0.06758074
0.6895708,2687.0422,2.6520236,4.046252,0.100060195,0.082619384,0.06931256,0.14190032
0.65901834,1700.669,1.1031033,0.58760923,0.09544455,0.07073896,0.048953224,0.12995104
0.6441656,4619.2046,2.3790233,8.989542,0.0936425,0.09455883,0.09952311,0.11730737
0.6510037,4461.1904,0.79317874,8.780256,0.095918156,0.09867479,0.07929456,0.054750215
0.63206136,5027.515,0.43828222,8.614147,0.080898926,0.10537885,0.08076951,0.0529333
0.6398919,4914.756,0.43250763,9.626337,0.085102335,0.113652885,0.07065899,0.0583741
0.67282796,3900.2954,3.331879,9.363443,0.10180466,0.110450774,0.07147112,0.058638096
0.6890629,3604.445,4.318637,10.425105,0.115620546,0.11899049,0.070212275,0.06542815
0.68203425,3782.2725,1.6015323,10.365306,0.15411462,0.10343929,0.079800315,0.0493273
0.6379526,3939.0515,1.3525842,5.2088146,0.11514057,0.08175424,0.10625235,0.07952761
0.6538952,3742.8906,0.18497287,5.6306515,0.07791709,0.10485591,0.06966126,0.08581668
0.6525214,3607.9907,0.1550091,4.971973,0.20757475,0.10029875,0.07813754,0.079538815
0.71669865,1992.8993,0.30338237,2.386314,0.100550845,0.11610235,0.108164996,0.06918461
0.66320515,1951.2133,1.5057616,0.9903298,0.12321586,0.07751987,0.099930525,0.06685758
0.66405,3439.1772,1.6352254,4.988311,0.087808214,0.12313704,0.07995543,0.067090675
0.65282327,3194.646,2.6006222,3.787527,0.071472496,0.10550321,0.07448055,0.07245632
0.65873003,3218.8157,1.4389839,4.258436,0.14229159,0.07910896,0.07318972,0.082232356
0.6809883,3651.1228,1.5379138,9.061666,0.121714406,0.13382672,0.076031744,0.05878754
0.64733624,4810.981,2.2873409,10.6542,0.10197726,0.08627083,0.07003317,0.052367486
0.6252406,5390.4307,2.051592,9.335192,0.10120125,0.09946333,0.05495069,0.05385041
0.6768416,2669.5977,1.9878953,3.1075387,0.15520874,0.1314558,0.096268386,0.08014319
0.6897423,2643.2969,2.0588791,3.631691,0.1190221,0.06111028,0.12086322,0.047567178
0.7015522,2351.8647,2.5350347,2.7853932,0.1380687,0.080080315,0.118429646,0.06192713
0.7025383,2584.034,1.2174557,4.639568,0.1562486,0.077930376,0.09381509,0.061119184
0.72095513,1671.6517,2.5130649,1.3166424,0.16799176,0.11373635,0.039384626,0.08866355
0.6930634,2304.2654,0.51231176,2.2567582,0.15378246,0.1634726,0.080228806,0.07012211
0.6937379,1890.5327,1.1242714,1.3237022,0.17817715,0.1534341,0.10423176,0.08669736
0.72347724,1657.2162,0.8350734,1.3327116,0.06252552,0.12877844,0.06363521,0.05074133
0.58377385,5710.518,2.6648424,5.381045,0.17477964,0.21746567,0.062459957,0.103208415
0.5786243,3916.266,1.4280303,2.1044316,0.12236906,0.19383046,0.07833901,0.10373622
0.68899935,3697.6465,1.1795689,10.825566,0.10241156,0.089339495,0.06806619,0.046111293
0.5915693,3191.2397,2.2637277,1.6005124,0.110909745,0.1090305,0.092284486,0.11431149
0.54390454,3555.7908,1.1868683,1.3344542,0.10128663,0.11800388,0.085570164,0.13060379
0.5445468,3630.9998,1.1451591,1.3103151,0.10320017,0.1010376,0.08902517,0.11315588
0.636,2434.639,2.0287447,1.3368146,0.10585956,0.08572918,0.07070604,0.05154205
0.6172412,2068.0725,1.771497,0.66467816,0.096352525,0.10571845,0.06412363,0.067007616
0.5920744,2041.8636,2.6966624,0.53603756,0.09221694,0.102600336,0.0686038,0.05703477
0.6214747,3258.633,1.5671519,2.360029,0.109189026,0.12667874,0.048058785,0.060599063
0.6412382,2582.803,2.3540697,1.634915,0.10765333,0.08455314,0.13200104,0.0691237
0.6267349,2257.9849,2.5221822,1.0148509,0.0846166,0.08648829,0.13038562,0.07408141
0.6235072,2676.742,1.4699997,1.5564638,0.11344254,0.12450406,0.070321456,0.06319146
0.6736413,2023.6699,2.357998,1.2551619,0.14760509,0.12619942,0.08340395,0.060154118
0.64489865,3760.7322,0.68775576,4.9833493,0.07886236,0.10150812,0.10954286,0.08314091
0.622701,3219.9185,4.1494355,2.4628549,0.13498694,0.100659795,0.0762768,0.07597377
0.63746655,4965.689,1.0128777,9.797352,0.16166678,0.118784964,0.104465365,0.07239431
0.707982,3129.0486,0.97770965,10.228436,0.1889811,0.098935656,0.10275889,0.05470062
0.70205957,3200.4797,2.2593365,9.623785,0.18404162,0.08803729,0.09708519,0.055635363
0.7206457,2822.2048,0.8436479,8.733182,0.19696377,0.09526221,0.10770726,0.049730893
0.68405753,2535.324,0.6542711,2.5485754,0.16301736,0.076737836,0.1274007,0.05063151
0.7017194,3341.9224,3.69912,10.1023445,0.093041524,0.1588107,0.061910227,0.1016608
0.7002266,3285.262,3.7901545,10.093545,0.09403585,0.1534687,0.065131396,0.10407308
0.67163986,3289.424,1.6400844,4.966104,0.09333322,0.14096034,0.07433972,0.09075701
0.63825303,4139.509,1.5003502,5.475312,0.090370536,0.20661229,0.07781671,0.12294666
0.6388145,4165.2393,1.5014894,5.3929462,0.09048707,0.20649227,0.07796721,0.12322144
0.66316825,3606.33,1.369503,6.605321,0.10483688,0.13280603,0.12581554,0.07817563
0.7000855,1736.1296,1.7148156,1.1888782,0.15734205,0.073398106,0.063457355,0.10407293
0.73493683,1777.6787,3.2641678,2.1697109,0.21055773,0.11634609,0.05638981,0.07746713
0.7265536,2146.443,2.4947436,3.3381512,0.186948,0.12367786,0.061656673,0.0633485
0.652177,3845.85,1.0772399,6.1088657,0.2285167,0.08586106,0.09251871,0.07442999
0.693343,3185.13,1.2684691,7.029849,0.07483101,0.10883848,0.094824255,0.07657556
0.69372356,3153.3157,1.1131622,6.4454684,0.06938038,0.10524055,0.09359901,0.074490085
0.6572525,4133.18,0.8218122,7.9949813,0.12970278,0.086943544,0.087585226,0.05469487
0.65105283,2130.2002,0.46221808,1.0290995,0.100255504,0.121681884,0.06501414,0.072759315
0.68803585,2124.319,1.3955687,1.7118715,0.101573214,0.115717895,0.057229962,0.07771792
0.62690496,4886.501,1.7049136,7.7056956,0.12997271,0.10960658,0.091046154,0.06177097
0.6938575,2532.8286,2.2658026,3.295596,0.097387776,0.12254424,0.06540457,0.08183129
0.70138806,2493.0347,1.193722,3.5543172,0.0904663,0.12769917,0.07386975,0.102027304
0.713782,2548.025,1.6459347,4.773001,0.0889136,0.124657415,0.0801575,0.095033586
0.7237714,2175.3438,2.544878,3.3808334,0.10267962,0.11250281,0.080471024,0.107541814
0.67213106,2942.1812,1.5650061,3.7867014,0.12298866,0.12714258,0.053081583,0.12633324
0.6434714,3337.0215,0.42718726,3.3085067,0.09401323,0.09746364,0.055029735,0.067595035
0.6668849,3657.9817,0.43286374,6.5836453,0.09512328,0.10095137,0.04696346,0.057377446
0.62976164,3171.4219,3.6850064,2.4319315,0.110355966,0.10445456,0.0713568,0.062342603
0.6074965,5634.8105,0.37161165,8.383,0.17848603,0.09720591,0.08073763,0.08085224
0.68728584,2807.511,0.7041623,4.14972,0.078836285,0.10306673,0.08287734,0.08089004
0.62536037,4665.859,0.7395754,6.8343267,0.15993492,0.09598635,0.11647298,0.0533161
0.6200024,5022.063,0.6937837,7.288691,0.15625599,0.09308437,0.12049293,0.04969985
0.6486449,3394.8066,4.102252,4.122099,0.1148835,0.07710841,0.09318576,0.055617776
0.6374274,4766.9863,1.1445178,8.70367,0.17167431,0.08347137,0.07568846,0.050447352
0.61969244,5049.961,0.6303005,7.286446,0.1824237,0.08476815,0.07339634,0.046913408
0.6385502,4679.254,0.6218153,8.274251,0.11838851,0.09829787,0.0765955,0.062127646
0.63431877,4885.266,1.3138257,8.833076,0.10501813,0.07445741,0.08055237,0.05668101
0.6120356,5306.439,0.38342264,7.4874797,0.12726672,0.054743674,0.08943218,0.06481664
0.65200984,3313.3914,0.7494523,3.933386,0.14782102,0.062239416,0.10583766,0.07226717
0.6380099,3735.668,1.8691661,4.4956584,0.11552887,0.16052276,0.11151442,0.08407591
0.65087724,4372.9697,0.41778463,8.489276,0.15027425,0.07068199,0.053249814,0.05466323
0.66354114,3594.8364,0.09778061,5.8707895,0.12596966,0.0765167,0.05183252,0.0489088
0.6731855,3198.67,0.06495355,4.858224,0.1349101,0.076610565,0.05296481,0.04536159
0.62590265,4504.533,1.1025074,5.8214498,0.09634074,0.14766134,0.15044263,0.18223721
0.6333532,1580.1744,1.0409784,0.3880105,0.124356054,0.08122487,0.08297445,0.08764538
0.59366304,5691.6616,3.2275376,6.544665,0.07725542,0.1573144,0.06536071,0.07865658
0.66279036,3660.2974,1.0194412,6.1571646,0.1302223,0.091375515,0.07542889,0.046176888
0.66913205,3337.6033,0.7841271,5.353667,0.13255699,0.100354895,0.07436952,0.04712636
0.64519763,4022.942,1.5793474,5.9964914,0.12651882,0.12637712,0.08825484,0.052172653
0.6531023,3331.3425,2.6383724,4.153947,0.08149018,0.06777201,0.09283236,0.0836156
0.6517936,3176.24,4.6047316,3.510765,0.08544823,0.059934303,0.09547767,0.07533238
0.6517495,2958.966,5.3381844,3.0281458,0.09546167,0.053471714,0.091752574,0.07123902
0.6347855,3618.8928,1.2768935,3.7436826,0.106064975,0.08076158,0.081777066,0.11436835
0.654639,3659.9888,1.9735088,5.6445103,0.1063887,0.08764543,0.075825855,0.116483286
0.6264509,4054.3796,1.510094,4.3596783,0.11446667,0.14841506,0.077828564,0.046679877
0.63828003,3119.8984,1.7931787,2.5899544,0.11836927,0.15675348,0.06489559,0.068786025
0.6421839,3166.3486,1.9237698,2.9060607,0.12175469,0.1641318,0.06614188,0.07230569
0.67166173,3939.137,0.84595495,9.138633,0.10647957,0.1429366,0.057032265,0.08266307
0.6316629,4689.622,2.7332191,7.7423167,0.08927792,0.12835228,0.07954612,0.06718125
0.66350025,4218.0576,1.3922043,9.988815,0.08895388,0.10128255,0.069318116,0.07341956
0.63571477,2501.346,2.8304307,1.3671539,0.13156816,0.08929339,0.081071965,0.05822479
0.6672192,2263.0305,0.83201236,1.6830021,0.14924473,0.073819645,0.057903312,0.058691427
0.7159656,1664.6444,1.937613,1.2193816,0.17580032,0.069620065,0.057143055,0.042364363
0.70671624,1850.2219,2.1122534,1.5068674,0.20191969,0.08726311,0.05955336,0.057396695
0.6860572,2143.6895,0.08873344,1.7808137,0.17355917,0.11873091,0.077297114,0.05339758
0.6463126,2451.3872,0.09938929,1.5638337,0.16196585,0.09322074,0.069184296,0.052746385
0.6271279,3666.2224,2.048077,3.4128046,0.08911166,0.13330011,0.0828625,0.07594581
0.6619102,3274.3914,1.6475908,4.323729,0.12934333,0.06884466,0.06823281,0.11247294
0.6591504,3406.0444,1.1020277,4.9259825,0.1058921,0.06759387,0.061836686,0.10887786
0.7011331,3070.1387,0.29688928,7.3321896,0.11182643,0.09395351,0.07172025,0.057950202
0.68800545,3363.2764,1.3670107,8.15504,0.13786972,0.08483145,0.08415716,0.047998466
0.6200547,4552.873,1.7597561,5.8520584,0.09325786,0.14847903,0.09806253,0.086173184
0.64556473,3884.4478,0.8613367,5.4508467,0.104928955,0.061341766,0.15821546,0.080498904
0.6594287,2276.2805,2.7883537,1.4908295,0.119340144,0.14323439,0.069774106,0.07037791
0.5921239,3073.3767,1.4896356,1.4676068,0.17750672,0.09044012,0.084349394,0.061369456
0.6671973,1698.2733,1.0680612,0.7177324,0.17264563,0.1305554,0.13089132,0.056846946
0.6699241,2012.1157,3.1331136,1.1563299,0.18171668,0.12303022,0.122939475,0.067030124
0.6658265,1453.9221,0.82942367,0.4719973,0.1652314,0.1104527,0.11425435,0.04773039
0.6466805,1892.2029,1.2780149,0.7337268,0.20162596,0.10397648,0.113966726,0.05667685
0.61397177,4139.9014,1.555879,3.881861,0.11836839,0.17255759,0.06354807,0.0734065
0.68145704,3357.4524,1.6617876,7.324893,0.10156247,0.14389867,0.08265637,0.059108384
0.4962631,1798.9508,2.5760376,0.21921661,0.11532415,0.06801128,0.07457596,0.075045004
0.52363914,1309.6138,3.319977,0.10178005,0.121910155,0.079885654,0.07244933,0.07817231
0.51653105,1891.271,1.2122425,0.28162783,0.19461726,0.0792568,0.07874923,0.06917601
0.56317866,1707.7625,0.44267744,0.30199686,0.13489842,0.16889176,0.08070468,0.065984674
0.5804626,2158.8147,4.4835997,0.5341866,0.10325877,0.07846665,0.07327185,0.07354293
0.652656,4745.8003,0.062058613,10.722504,0.18253565,0.11679096,0.07379927,0.10158184
0.66431874,3679.7522,1.4842079,6.8190737,0.109946854,0.10797394,0.07922135,0.05681986
0.699068,3196.2886,0.66486055,8.8877125,0.11583231,0.06603115,0.07925923,0.06866513
0.6903257,3362.6472,0.95746976,8.407157,0.12274122,0.06926872,0.07994284,0.06990495
0.7027984,3121.3926,0.63577086,8.015874,0.18588668,0.081690446,0.049847454,0.0803829
0.633569,5211.2705,0.68064743,10.126473,0.08020994,0.1164413,0.1332405,0.052208144
0.66944814,2600.0046,2.2972367,2.5004644,0.115486406,0.11248799,0.07575696,0.07488237
0.5767708,2004.0144,1.0494263,0.43837774,0.12084,0.10994174,0.07410771,0.063255034
0.6773993,3301.1038,2.749944,6.067325,0.15128265,0.097714014,0.07304223,0.06669145
0.70234936,3081.2322,1.7378036,7.9529433,0.11098804,0.08455296,0.076944284,0.06465828
0.5913414,4130.568,1.4728321,3.095958,0.18933693,0.11587498,0.084377915,0.06297136
0.6256803,2025.4207,2.2817676,0.76698077,0.14341122,0.090260416,0.06963684,0.06876718
0.66454625,2228.0876,2.042444,1.3260123,0.17885782,0.096325874,0.062578805,0.0836784
0.7381261,1616.243,1.9663471,1.3992431,0.09234895,0.09491403,0.100307815,0.05380009
0.5668212,4639.0894,1.9596021,3.062665,0.15944175,0.16439486,0.123822846,0.09883954
0.5862488,4833.3403,2.2556314,3.8155046,0.13074632,0.0893409,0.074096076,0.05622978
0.5900758,4037.3833,1.2171386,2.7482393,0.14217389,0.08478994,0.070348114,0.07070289
0.6193472,4221.899,3.5426464,4.7982183,0.06368239,0.0844494,0.096417785,0.06471036
0.6869617,3378.288,0.6115074,7.959097,0.28285655,0.11104707,0.09269302,0.051808823
0.69072443,3305.766,0.6478605,7.9958506,0.26991886,0.113615826,0.09134213,0.05132057
0.65245664,2786.6892,0.6261142,2.3821235,0.26171646,0.12428886,0.07575842,0.06660545
0.6194879,2450.0374,0.90661645,1.1241297,0.23304276,0.12638038,0.05793242,0.05191318
0.61659724,2626.9792,4.162774,1.3252027,0.17846687,0.13827707,0.07924637,0.04367228
0.641314,2669.5618,0.3537681,2.0041256,0.06739597,0.0626464,0.09195892,0.12257106
0.6272933,1882.5195,5.1251903,0.5768734,0.088481516,0.07787937,0.08926989,0.07615885
0.5420645,2193.705,0.023114378,0.41397703,0.12822449,0.13029607,0.099410444,0.06485258
0.576608,1618.7135,0.31858012,0.26931554,0.12890954,0.05976658,0.08232884,0.0917342
0.64229053,4522.394,0.9852304,8.123605,0.112478815,0.12352762,0.09369466,0.061230876
0.6185706,3702.3423,2.172683,3.429231,0.106347546,0.059460063,0.13188083,0.09338726
0.651283,3696.7183,2.9742775,5.5489097,0.08993464,0.09632287,0.11583239,0.08593369
0.67545563,3352.7917,2.7680435,6.3142815,0.08824285,0.0988693,0.118422866,0.07645578
0.60927504,3668.541,1.1748902,2.7039943,0.12227241,0.06382629,0.08650732,0.05769022
0.6509197,3733.4475,1.7434286,5.5409565,0.14241391,0.063816786,0.058008302,0.051225804
0.6642036,2728.3735,2.343706,2.5289738,0.10825222,0.088086545,0.064926654,0.06021325
0.6254737,4178.9614,0.8737413,5.0853605,0.09838896,0.14838074,0.090218276,0.09411491
0.6262032,3859.2788,0.64882845,3.9746907,0.09342751,0.11962151,0.09426056,0.12877043
0.64503026,4192.996,2.1301603,7.3154945,0.10769962,0.20671442,0.05891427,0.04496166
0.6712971,2771.3083,1.6625171,3.3252516,0.15160982,0.26638067,0.08690582,0.06493737
0.6240658,3675.1682,1.5993545,3.5164044,0.09317225,0.065426454,0.08983437,0.0946481
0.7362105,2411.9592,0.412453,6.920445,0.12502521,0.091063455,0.056803755,0.04115083
0.7221272,2793.7004,2.3009472,8.2778425,0.09498668,0.09099339,0.07726253,0.06746581
0.72070575,2571.7249,3.5794399,6.3329153,0.09342612,0.101152115,0.05781423,0.073526345
0.6123504,5893.5293,0.18289708,9.284781,0.13131805,0.10909015,0.071842276,0.05471065
0.62751305,3871.1038,3.9267554,4.569017,0.15959992,0.10440367,0.12919557,0.09501782
0.65584797,2376.568,1.9859434,1.4234977,0.107521,0.118937425,0.08478588,0.06243
0.67539907,2263.8596,2.3378382,1.6690178,0.12755293,0.1081985,0.119834885,0.081882164
0.68173087,2620.1206,1.2626286,2.8446708,0.12992601,0.13025562,0.098218754,0.07674687
0.6941362,2822.452,0.92433155,4.6227713,0.15471229,0.11362661,0.0978709,0.08806246
0.64900887,1823.4625,3.845347,0.65687335,0.09034736,0.101853386,0.111898415,0.049309216
0.5861414,3744.088,0.70789194,2.0126472,0.1497272,0.1099294,0.09387436,0.06088533
0.60673463,2291.6716,3.231694,0.7863201,0.16552694,0.09456063,0.06728705,0.094866246
0.65800804,1981.0588,1.3847257,0.9505683,0.11748536,0.13284062,0.07872849,0.06156635
0.6483685,2366.7383,1.3986448,1.4589821,0.12006773,0.1653952,0.09213349,0.070901945
0.6642229,1959.8368,0.67900175,0.92107004,0.09425123,0.1638601,0.08592505,0.08681022
0.68955773,2143.3481,0.4970845,1.8590262,0.09978644,0.16055799,0.07879793,0.1142139
0.68393517,2388.3188,0.13233969,2.2360446,0.10908703,0.15616749,0.07117872,0.1021125
0.67627865,1900.2667,0.44952273,1.0943849,0.16750482,0.13838853,0.0689848,0.06456216
0.66366345,2702.1978,2.229204,2.422512,0.15977728,0.13577765,0.07436299,0.061725274
0.6857532,2300.73,3.121782,2.101274,0.1499892,0.120868556,0.08218399,0.04513247
0.6964677,2287.7266,3.505941,2.5813572,0.14960963,0.11913341,0.07863792,0.03919199
0.688701,2603.841,0.8313339,3.5903938,0.20087954,0.09088009,0.09296265,0.12090951
0.68616974,2598.3276,1.058344,3.3363419,0.18723525,0.1142203,0.102252,0.10109305
0.67791814,2855.561,1.0225226,4.0169945,0.15957427,0.11097892,0.089088514,0.10898676
0.6473312,3972.383,2.35679,6.0155964,0.08320334,0.123165846,0.06569747,0.05590327
0.5973145,3814.1006,2.3660474,2.7083137,0.08723405,0.11292171,0.0928743,0.064485885
0.6639174,3826.9797,0.887362,7.25996,0.07143189,0.073172234,0.053677388,0.056923926
0.66585624,3801.104,0.8977242,7.27969,0.06970242,0.0748978,0.053646248,0.057326224
0.64240855,4586.9043,3.5362496,8.004504,0.09499426,0.08448709,0.07760225,0.07365002
0.62160593,5193.096,0.64069855,8.686513,0.11109185,0.11608339,0.10240441,0.063581035
0.67354894,3351.6248,3.614116,5.756834,0.1598307,0.1240328,0.094546065,0.05800403
0.6743835,3193.8354,1.0375758,5.423011,0.1841847,0.0631535,0.09581907,0.088717006
0.6627626,2390.3552,1.1991724,1.8020018,0.116463654,0.0853034,0.088379875,0.061287634
0.65603995,2298.3643,1.0466247,1.5159757,0.124324925,0.08483181,0.08902171,0.06399439
0.6395956,4740.5347,1.7523502,8.512213,0.13337393,0.14670733,0.05813037,0.06938294
0.65788966,4306.8784,1.6012697,9.426582,0.13959616,0.1478296,0.06627355,0.058160204
0.65652806,2577.175,1.4009508,2.127297,0.090028495,0.09358162,0.09395322,0.07080601
0.6566463,2677.2944,1.7260135,2.2271402,0.08452257,0.08394056,0.10213415,0.06720632
0.63724893,4989.667,1.599548,9.935259,0.16512696,0.11894454,0.10404609,0.062256172
0.6805022,3986.005,2.017015,11.506683,0.123866186,0.07239592,0.12720756,0.06595837
0.6639014,4322.164,1.1393576,10.830954,0.11989541,0.12108511,0.0948767,0.07116139
0.6362565,5152.1616,2.182438,10.410944,0.09121516,0.13766742,0.06280089,0.0986741
0.6431367,4686.461,0.79100084,8.777234,0.11816653,0.14489464,0.06708826,0.10091345
0.65738934,4273.738,3.1077068,9.275957,0.08428969,0.06993219,0.057536665,0.08233439
0.60603154,2136.1128,2.6460865,0.66896373,0.1605291,0.15159094,0.1026842,0.06315552
0.6566291,4398.3994,1.1592917,9.365483,0.17275894,0.11680602,0.08011736,0.060774323
0.6288885,3747.1394,2.9497654,3.8670542,0.16169065,0.105390884,0.07621706,0.057687968
0.691696,1783.7253,1.4223857,1.0848839,0.13130033,0.12374357,0.06921538,0.06527406
0.69050884,2326.0957,3.9767199,2.30563,0.13500682,0.15798648,0.04548034,0.06181017
0.68625814,2446.6975,3.697179,2.376847,0.13609615,0.15211175,0.048236463,0.06845159
0.64630383,3482.2478,2.393661,4.2053785,0.12001356,0.14753051,0.061404947,0.058692183
0.5940556,3840.7573,1.8452003,2.4091747,0.10443802,0.12664953,0.06695129,0.065448046
0.6946703,3396.5703,2.0295343,8.968445,0.10340568,0.09259166,0.091190964,0.07299026
0.5349343,1717.3771,1.0089225,0.23637645,0.13130158,0.11127826,0.07933141,0.08284571
0.5557427,1988.346,3.4305012,0.39227712,0.118004166,0.084715396,0.089009896,0.066708975
0.5797075,2371.969,1.5097106,0.7026509,0.11652964,0.12030841,0.087328084,0.06702733
0.6012236,2025.1576,2.4889805,0.55657095,0.120480895,0.120514534,0.06590603,0.09607083
0.65153545,4739.8945,0.62952715,10.710769,0.078016505,0.089015365,0.069601715,0.040938497
0.6490922,4911.3447,0.8055848,10.725874,0.08133044,0.09083156,0.07013289,0.0428036
0.66007036,2721.486,3.530684,2.6137905,0.14759186,0.10752348,0.076953314,0.0814821
0.65253764,3809.4246,0.31614262,5.8297024,0.108261794,0.10459264,0.068687566,0.06215652
0.64869595,3140.7158,2.4480753,3.2051466,0.09637037,0.10848312,0.10488754,0.06681401
0.61448264,4416.997,1.127339,4.922698,0.067195445,0.12536217,0.066510394,0.07838054
0.6702377,3287.942,1.2991258,5.35404,0.24546006,0.07794262,0.08047742,0.06640829
0.67470956,3387.067,1.226374,6.383271,0.19100235,0.1971129,0.08691256,0.06018631
0.66046005,2264.2886,1.1174618,1.2296063,0.2180387,0.29077405,0.073657095,0.08146781
0.56991506,4359.86,2.275452,2.4407759,0.20036341,0.23141956,0.09415306,0.08573719
0.65138745,2990.0066,1.5713367,2.912354,0.2549227,0.2490229,0.15706915,0.06803666
0.6791013,2986.814,1.8288752,4.4025893,0.15270941,0.20664012,0.17947769,0.047493596
0.67795247,2529.7131,0.59411705,2.4153154,0.15847655,0.20895764,0.20347872,0.06777617
0.60875183,2830.0713,0.26759228,1.4543817,0.2093405,0.14157514,0.081664234,0.08166648
0.6513194,4591.9116,1.4675238,10.450934,0.08968249,0.09424335,0.074022606,0.10433972
0.67857736,3564.3484,2.5203314,8.224215,0.14350638,0.0910591,0.11454256,0.046911348
0.678558,3669.877,2.8086295,8.677256,0.14398399,0.09145204,0.11375341,0.04968182
0.6793294,3848.882,2.220763,10.258537,0.12523168,0.13397628,0.10165142,0.054932706
0.6395576,2076.7913,1.6350442,0.8296815,0.1891829,0.085051626,0.08631206,0.07904478
0.6123012,2295.2463,0.53670764,0.89721876,0.1548072,0.086231165,0.075278156,0.13923588
0.6563622,2624.4226,3.898689,2.0792224,0.14460559,0.058679476,0.10266686,0.04396182
0.7351629,1504.6056,0.33259797,1.0472353,0.10149984,0.13809955,0.17830008,0.11155521
0.77158743,1605.8077,0.500236,2.5768602,0.10313346,0.09849463,0.16853003,0.07028225
0.60743195,2161.6274,3.285056,0.70160353,0.10735442,0.1042321,0.13639513,0.06292706
0.60288274,3607.4932,0.65306205,2.4817846,0.13408163,0.08016626,0.167953,0.0618149
0.6098232,4476.7334,1.4317522,4.6511073,0.13789862,0.085051954,0.17240083,0.057356805
0.6022519,4591.4536,1.5589876,4.625345,0.14181633,0.09915602,0.19474226,0.086209394
0.5961853,5213.5054,2.8274982,5.8407373,0.112592764,0.11248251,0.15961453,0.056038275
0.6264286,3853.7578,3.6291487,4.228411,0.102558464,0.09748769,0.1449185,0.05891643
0.6747336,1717.8293,0.6781281,0.7614395,0.13745908,0.06703491,0.12600958,0.066119574
0.6850906,2041.0046,1.2970729,1.5226429,0.12567565,0.07030189,0.117143504,0.06728599
0.65265435,2288.1711,2.185632,1.3768878,0.08196119,0.111691415,0.067234404,0.080606185
0.6816179,2033.4818,1.9335479,1.4135938,0.11843436,0.068736985,0.05907267,0.05471129
0.71613497,1681.0525,2.2300315,1.2925743,0.10591397,0.06457681,0.062368292,0.054256007
0.64954996,3671.4172,1.6998253,4.827523,0.09874091,0.12814417,0.076706976,0.07459492
0.6535693,3825.629,2.6281376,5.9017224,0.09697096,0.13972434,0.07853833,0.08318511
0.64857495,3706.8057,2.3085046,5.0823765,0.11642007,0.10309932,0.07586749,0.101263374
0.6527682,1950.5026,1.1090629,0.79261965,0.1284617,0.15782782,0.06560435,0.053058453
0.6647058,1932.7064,1.0329981,0.96612644,0.13423347,0.15835917,0.06560315,0.056993593
0.72263694,2496.4395,2.9725804,5.648674,0.13205725,0.13689911,0.072560966,0.06492181
0.64823985,4612.2446,1.1640307,9.174858,0.10436731,0.1136145,0.08202625,0.063266166
0.66017586,3108.519,2.0561044,3.653215,0.11016897,0.09362784,0.08387442,0.071838625
0.6642777,2190.0679,1.9053148,1.3069781,0.10739617,0.124458805,0.095338024,0.10913203
0.57036406,3531.5637,0.80703807,1.4911804,0.14728764,0.09461017,0.069383934,0.06754532
0.5648079,2990.958,0.47786197,1.0225003,0.13068584,0.103006884,0.07687265,0.062416535
0.68790674,3454.0593,3.0506878,8.781689,0.119419925,0.09655075,0.06929865,0.06506837
0.63650614,4816.3335,0.23348641,8.213224,0.12659642,0.085286684,0.048244573,0.08083104
0.6934135,3608.9773,0.5205131,11.153524,0.11842222,0.113813765,0.08289528,0.05233224
0.6772654,4049.538,0.19216928,11.617014,0.10652317,0.09110065,0.0889993,0.06155547
0.5391151,1973.5112,0.38612837,0.33131915,0.1284203,0.10228572,0.06684377,0.06314124
0.5373191,2352.5408,0.9883292,0.48258615,0.10882715,0.12543926,0.08987722,0.08055199
0.58174855,1747.3894,1.5845455,0.34334296,0.11804826,0.13849439,0.07568334,0.06624571
0.5946027,2251.7686,1.6873486,0.6701516,0.09937015,0.13629057,0.068292916,0.053879358
0.6523802,2288.069,2.8457074,1.3696908,0.12180036,0.09193279,0.09664955,0.07689125
0.64702916,2298.6287,3.3174155,1.3200231,0.12167271,0.10413511,0.138492,0.07488179
0.7135664,2051.3823,1.5736073,2.4265747,0.10290411,0.10430213,0.09187038,0.06628507
0.6984259,2211.9067,2.057202,2.2641623,0.104461655,0.109507844,0.09444813,0.06811286
0.7016695,2255.778,1.4799018,2.538905,0.105696015,0.11455061,0.09209664,0.06987521
0.67042416,3118.9775,1.2654012,4.5332704,0.088679135,0.119018555,0.0940883,0.062475104
0.6372711,4943.259,1.6542215,9.744325,0.12928765,0.07842153,0.05864008,0.06586486
0.6285289,4777.6396,1.9373271,7.5742693,0.07113676,0.11667535,0.08979529,0.07060808
0.630278,4769.7676,1.9779207,7.564012,0.071327806,0.11835222,0.08845524,0.07001402
0.58237857,4524.7275,2.9338706,3.288577,0.11924663,0.101396754,0.07034458,0.09225835
0.6918473,2575.8691,0.50925237,3.304573,0.08839972,0.08515537,0.09553674,0.105063885
0.61417514,4273.365,3.1475897,4.6710253,0.09475774,0.06455144,0.07840247,0.078078486
0.6302346,2026.7225,1.0329762,0.7070412,0.14145598,0.11480779,0.08829188,0.073180646
0.6093319,5393.5474,2.3661618,7.035937,0.17884836,0.1019273,0.06470165,0.06573802
0.6238112,4880.5957,2.4812176,7.594238,0.16861646,0.103289895,0.081627995,0.063503414
0.6606183,2223.5989,1.4164268,1.4213133,0.09558387,0.09110424,0.056383505,0.08209721
0.6234772,2093.476,1.80791,0.72401255,0.09049253,0.09495543,0.06491647,0.07896281
0.7176752,2736.7153,2.591145,7.1551514,0.21020779,0.098653376,0.08197024,0.059800588
0.64467907,4453.458,1.365604,8.119322,0.110703155,0.106337145,0.066626795,0.0771848
0.6472681,4454.316,2.3435435,8.182862,0.1040571,0.11390267,0.08971042,0.11136794
0.63461316,4772.084,1.8501389,8.310439,0.13804628,0.07668267,0.071421005,0.04514914
0.6688744,3181.854,2.6890478,5.16491,0.15048191,0.1055415,0.11013772,0.08166309
0.6013056,5292.368,1.3755105,5.693774,0.1533515,0.101889595,0.05952616,0.05877421
0.6198547,4348.4854,1.0409671,5.327176,0.17799604,0.08789593,0.06748938,0.08410671
0.6532706,4030.7383,1.8818682,6.9772115,0.17491582,0.114428274,0.07360531,0.084829405
0.62390375,4092.7302,1.8389852,4.5076127,0.16379333,0.09456214,0.07598258,0.06945208
0.5816997,4819.912,0.8982831,3.7710972,0.17064467,0.107298434,0.084211454,0.08148004
0.5866603,3856.2742,0.96850944,2.344918,0.18636292,0.12344987,0.09844668,0.0673104
0.6245822,4156.192,1.7908187,4.7218957,0.15978277,0.09796517,0.08224934,0.09079348
0.59357625,4080.8582,2.1346004,2.950688,0.19236189,0.09192157,0.09669228,0.08307901
0.621273,4273.263,2.0333416,5.1044607,0.08208269,0.12558176,0.11859454,0.06460109
0.6751995,3897.9036,1.9508132,9.32125,0.13910733,0.079274446,0.06286469,0.05617882
0.71502954,2832.777,2.5393271,7.3976173,0.12572567,0.079566106,0.06433993,0.05354751
0.5701148,2746.2065,2.0469842,0.8881854,0.15986907,0.11715323,0.089334,0.11143001
0.609028,3019.474,3.1301,1.6698475,0.083318375,0.08164625,0.07077096,0.050463304
0.6070915,2732.0215,2.1487463,1.262928,0.099764004,0.07266823,0.054658722,0.057181407
0.7013045,3178.2854,1.5433848,8.602527,0.15544999,0.09821129,0.08896369,0.07606492
0.64805096,3295.362,1.8625875,3.5332563,0.1262589,0.072139174,0.055927027,0.04518612
0.6527364,1966.6863,1.8412784,0.86139077,0.11366665,0.11292311,0.10354704,0.13780716
0.7371582,2091.3892,2.075791,3.9316444,0.15688483,0.08556843,0.09597251,0.03739512
0.693504,2009.657,1.2261137,1.6868044,0.23962012,0.06611808,0.06138055,0.1082951
0.7044989,2631.3962,3.5176084,4.6330395,0.18433774,0.083064236,0.06797795,0.11722858
0.63898677,4014.5042,0.75728947,5.3213573,0.20490365,0.08739643,0.076516524,0.112993345
0.62083495,4998.788,2.525431,7.4336677,0.17774099,0.09661824,0.054635894,0.052600406
0.67633384,2902.8691,0.44104087,4.4382973,0.32160753,0.10456163,0.08982965,0.09160946
0.6787636,2744.821,0.7868887,3.7046566,0.22981639,0.09802045,0.09408142,0.08062783
0.8116728,1079.0677,2.9518285,1.4316022,0.13117068,0.08901664,0.092711285,0.05276501
0.81641126,1067.7356,1.162755,1.521498,0.102001086,0.082197905,0.08658245,0.0561877
0.5825287,5441.1504,1.3033385,4.927933,0.19659182,0.10933159,0.071239814,0.0975667
0.64509016,3863.3245,2.1011534,5.8531837,0.17233671,0.09504594,0.10245836,0.057079673
0.65356034,3707.8503,2.5395842,5.051591,0.17008847,0.11647609,0.097994655,0.077082105
0.60166514,1962.0355,1.4868008,0.5314108,0.15941176,0.07512948,0.10405179,0.08717818
0.63684064,2637.5662,4.0814724,1.7144061,0.13931257,0.07241762,0.07763736,0.10529632
0.66292775,1924.2316,0.75427073,0.9067577,0.18239056,0.07346677,0.073267415,0.0975879
0.63608587,4906.063,2.9473984,8.571171,0.108688734,0.16750216,0.07111266,0.051043615
0.6476649,4794.4946,1.3871862,9.94561,0.1337775,0.17580654,0.06600788,0.044941522
0.6508748,4634.262,1.7189816,9.612636,0.12741898,0.18551464,0.06507816,0.0629285
0.6307329,3285.9292,2.2160337,2.7569706,0.07701289,0.10015583,0.06355351,0.06130374
0.67743504,3136.7808,3.0233748,5.3048496,0.18629362,0.11959188,0.097053505,0.06724074
0.66097283,3620.212,2.1304603,5.9490013,0.1607388,0.124655575,0.12322047,0.06216181
0.56542474,4334.0566,1.7744485,2.313033,0.174689,0.08897149,0.082512274,0.10035063
0.6587529,3770.417,1.5932747,6.2183385,0.12766963,0.108393565,0.08966336,0.055942163
0.6661221,4160.779,1.7866718,9.804909,0.118358426,0.089485034,0.08305542,0.07280842
0.66403776,4088.5073,0.86450803,9.761508,0.11851789,0.07480479,0.08353856,0.07075211
0.6711995,4177.6606,0.19497791,10.426869,0.08714886,0.115892805,0.06362259,0.09570631
0.67775184,3209.098,1.7284781,5.5874724,0.16160417,0.08048576,0.08956224,0.06749208
0.59318286,5488.1714,0.7230272,5.9672866,0.18753977,0.08071898,0.07803743,0.0519048
0.59443736,5641.1963,0.65549767,6.2442265,0.1857109,0.082542576,0.07666357,0.052243568
0.6395221,3713.3894,4.8538756,4.361097,0.14962874,0.10582022,0.09268418,0.08056311
0.65130395,3971.034,0.63710886,6.449537,0.1740525,0.080934286,0.1167089,0.094995394
0.6180996,4483.1353,2.76618,5.1191025,0.23615699,0.079328656,0.112340525,0.053276863
0.6449197,4281.3257,1.7995425,7.025214,0.21640539,0.10204407,0.07928214,0.082843795
0.63857305,4027.582,2.0163038,5.218068,0.07553285,0.1491457,0.07181313,0.057130918
0.6713665,2898.27,1.8609098,3.8896313,0.17390266,0.06960523,0.09767689,0.069882475
0.6437804,3286.8005,1.9980273,3.5149796,0.08374856,0.08720693,0.09353899,0.05856719
0.6837138,2641.7344,1.2935117,3.1986883,0.1649665,0.13389207,0.07655776,0.08237991
0.6457957,3183.3462,2.580793,3.1254585,0.15062286,0.133184,0.059539106,0.04930474
0.62952477,3547.985,2.3160207,3.303611,0.14279489,0.114864245,0.059472796,0.054067515
0.649186,3159.7627,2.3931348,3.342063,0.09567514,0.10548138,0.103694804,0.055254534
0.65499187,4492.503,1.7032851,10.817591,0.122624345,0.09913846,0.08948381,0.07514365
0.66319,4437.7583,1.7303762,11.184984,0.12316699,0.08021603,0.087509915,0.08216165
0.6060745,5533.081,2.1989622,7.5071707,0.09402074,0.19929397,0.11879159,0.05519456
0.62140644,5359.895,2.0425255,9.040253,0.10682863,0.16740273,0.09548837,0.0488977
0.59010845,7249.4087,1.2370633,10.629571,0.144101,0.14800781,0.101848885,0.086782135
0.5812528,7141.9,2.2497535,9.83846,0.11968395,0.16049078,0.10211141,0.052065395
0.5875104,7200.426,3.1886618,10.044724,0.12809809,0.16372976,0.109306104,0.0471469
0.6944965,3023.0725,0.8259336,6.369458,0.092317864,0.10033001,0.11309291,0.070972145
0.63915074,4313.2627,3.27727,6.902432,0.12567034,0.07504069,0.191059,0.07796091
0.6800834,3654.3357,0.5132872,8.746132,0.14219487,0.112824425,0.09441186,0.054353956
0.6386346,1933.5565,2.62657,0.6638671,0.15552229,0.13808666,0.09270734,0.08287991
0.60729533,3667.3137,2.1202824,2.753927,0.123669304,0.13173293,0.0664597,0.06908978
0.69106346,2875.4185,1.1359866,4.8555193,0.10174977,0.09166114,0.066688366,0.058791954
0.6950995,2477.4746,1.1459996,3.0414028,0.10184166,0.08395177,0.064047724,0.050924785
0.59870535,4093.4338,1.5063335,3.1035857,0.13079552,0.11611863,0.086748555,0.071378976
0.58296674,4539.622,0.60637337,3.1069403,0.1702716,0.11347116,0.06627593,0.05728093
0.5976007,4220.7363,1.5604721,3.3046207,0.1357061,0.09927728,0.07397065,0.07043713
0.5697169,4967.5938,1.2638439,3.493387,0.17971402,0.11894542,0.09251018,0.07020799
0.5644753,4667.7427,3.1712875,2.7227597,0.17861183,0.1163601,0.09000832,0.05805357
0.71662563,2199.8582,1.2916569,2.7738543,0.11590563,0.102306694,0.06625306,0.0933318
0.6709894,2024.5565,1.9704921,1.2460831,0.11477073,0.12788682,0.07120285,0.0729896
0.6659004,3586.709,1.6567854,6.0250154,0.12663594,0.07743743,0.072126724,0.05728846
0.669363,3159.9194,2.098569,4.8236933,0.14739516,0.053749613,0.07524256,0.12365433
0.681043,3148.032,1.8490225,5.635708,0.15764076,0.072953254,0.09066936,0.11373136
0.66365784,4179.852,2.269598,9.042274,0.15552077,0.12164377,0.084245205,0.08945522
0.69956356,2281.1118,1.7563763,2.7348218,0.23174588,0.13767228,0.06636579,0.07962915
0.7392948,2561.3477,2.3538847,9.888161,0.22411084,0.116663694,0.06830878,0.059564676
0.63606024,5552.902,1.7252479,11.971059,0.17246819,0.08031538,0.097644284,0.08035424
0.6837185,3983.2805,1.984442,11.975029,0.08373624,0.14645821,0.0589076,0.053639047
0.6339045,5375.4556,0.81331766,11.356335,0.1395961,0.08563488,0.0735617,0.07793979
0.6815309,4080.7466,1.2320973,11.891293,0.075782195,0.1120878,0.08012088,0.07449752
0.6859723,3863.8386,0.69763356,11.832441,0.07992715,0.11401069,0.08516432,0.07698963
0.4797405,1354.5704,0.31130198,0.08802436,0.16641484,0.08814652,0.08357699,0.05691254
0.4648988,1147.3318,3.8154304,0.020758247,0.08121674,0.10630234,0.07842855,0.08830361
0.42456022,1226.5283,1.1259521,0.011452625,0.09936172,0.08496217,0.08773369,0.08548312
0.42587265,1192.6143,1.2277075,0.013723819,0.096608475,0.08738794,0.08910283,0.07523231
0.42319477,1217.1934,0.7172945,0.015106707,0.08038703,0.078334235,0.088294916,0.084865175
0.5137875,3081.568,3.8592932,0.7219792,0.15367109,0.12713449,0.08618231,0.0854974
0.6996837,2920.4219,0.29376158,5.9243846,0.11494054,0.073260844,0.08283394,0.05550482
0.7239581,2703.7568,0.16202374,8.246781,0.12086965,0.07388439,0.08893934,0.07173984
0.670043,3355.4202,0.9390153,5.71803,0.11773343,0.08826644,0.09826405,0.053069826
0.6690319,2906.938,2.0271258,3.5447183,0.11604363,0.06720828,0.09735982,0.053383335
0.67664415,3236.8955,0.50106645,5.2565956,0.10692135,0.08660157,0.075097285,0.057952095
0.6824493,3340.4011,0.84917825,7.2192717,0.10455963,0.097245455,0.090224296,0.082307816
0.6798426,3457.083,0.95622724,7.4210963,0.123323165,0.09386552,0.09644294,0.08556323
0.6681684,3241.5146,2.8069992,4.7466884,0.10808812,0.078434795,0.07519896,0.048095316
0.6285549,3445.222,0.89190793,3.0695949,0.104977526,0.08349022,0.08956689,0.06575647
0.65974706,3547.4812,4.357168,5.3835216,0.14646854,0.12500995,0.06629504,0.056245655
0.66788113,3582.3694,0.5728509,6.5155315,0.15441054,0.0701511,0.0976309,0.048531257
0.6596647,3507.975,0.4138837,5.3568172,0.1476892,0.07879036,0.097801745,0.050589334
0.65750194,3985.9006,0.66152394,7.174645,0.124894574,0.099513,0.08915633,0.05127555
0.63159394,4920.599,3.0174785,8.284303,0.13074592,0.09612702,0.09016395,0.05417681
0.6629496,4086.7864,0.6821444,9.108467,0.116718665,0.100559264,0.08620009,0.054275353
0.67131835,3586.9407,0.5784187,7.624817,0.171338,0.07975174,0.083141804,0.06809182
0.6629465,4230.1265,1.0106136,9.060076,0.15341525,0.087949805,0.06178832,0.071454845
0.66512066,2875.9712,2.4949474,3.0117588,0.08894846,0.08354424,0.060340434,0.054849748
0.6617565,3844.206,1.3118179,7.4004736,0.109447815,0.08826646,0.09125821,0.12166767
0.6706287,3655.618,2.409835,7.506845,0.121416256,0.092504814,0.08706674,0.124063976
0.6895638,3171.4949,2.0132766,6.6592693,0.13837378,0.0839079,0.07933687,0.10120535
0.6106099,2165.5579,1.5661926,0.72323704,0.081740536,0.09280503,0.078871496,0.045287125
0.6729634,2448.5457,1.6616578,2.252282,0.09294395,0.089819975,0.081736095,0.08972599
0.65691346,3493.9639,2.0393856,4.718712,0.0977506,0.092023246,0.06344655,0.04685737
0.6239768,4384.2905,1.5109653,5.5968475,0.08156173,0.11930333,0.05652146,0.09373422
0.64596915,4203.9463,2.6064777,6.5615573,0.1378169,0.09332123,0.08414307,0.07853249
0.6391471,4367.648,3.3947802,7.112012,0.14381878,0.090746105,0.07753581,0.07482374
0.6176346,3333.8323,1.0970687,2.291971,0.26727185,0.16120595,0.084715635,0.10059039
0.6195761,3362.3757,0.94940543,2.4749954,0.25684002,0.15004732,0.08235234,0.09541523
0.64735675,3901.6736,3.033403,5.893199,0.17052533,0.063577175,0.07526018,0.060813155
0.6221553,5094.2114,2.1550202,8.220702,0.19272447,0.07557358,0.080286115,0.061718266
0.6376164,4566.8945,1.1078736,7.902666,0.15606801,0.12596858,0.08651167,0.07087058
0.62622035,3813.9,1.5990152,4.0738845,0.11273671,0.10043414,0.08168704,0.04580894
0.56626236,4372.3306,3.8798616,2.7599735,0.11967083,0.15704481,0.09162546,0.08387794
0.5678244,4409.037,2.8650603,2.8271122,0.12390346,0.15238285,0.097224176,0.08695913
0.58201486,7238.6094,1.2192272,10.049166,0.12069264,0.12801467,0.073819995,0.069301836
0.7195501,1980.7615,1.623679,2.3224118,0.08931269,0.16595858,0.096452825,0.068858124
0.65282935,2630.512,1.7830523,2.0830555,0.1728986,0.12867418,0.05550687,0.056551993
0.59676397,2423.1265,2.0708613,0.8363257,0.1610888,0.080354154,0.073568344,0.09090057
0.67184484,4235.221,1.0119295,11.193743,0.1519144,0.114898644,0.08729188,0.044620074
0.6619244,3408.0676,2.9960816,5.019935,0.11799921,0.09082269,0.079868115,0.10688029
0.6852134,2708.0815,0.6251365,3.502114,0.0941334,0.10810227,0.05223429,0.067467146
0.6255069,4315.7114,3.7014842,5.411068,0.108933896,0.09655111,0.07456643,0.053763792
0.5852253,5531.998,2.2729237,5.36286,0.12639746,0.089921646,0.059094097,0.055805232
0.5912401,4949.915,1.1309152,4.404642,0.11001668,0.08322782,0.059799574,0.05654041
0.73171586,1799.8816,1.8093262,1.9200276,0.10240504,0.13608636,0.09915146,0.08430579
0.7445269,1589.9507,2.322374,1.5215616,0.09705749,0.14092225,0.07729778,0.077940725
0.60962856,4366.3047,1.4629128,4.426407,0.11864033,0.11377606,0.077335015,0.06435276
0.62466556,5617.3296,3.0812895,10.22999,0.16018017,0.13928722,0.06725198,0.063646115
0.6733364,4018.7654,1.1049688,10.21419,0.11059003,0.1295023,0.07024928,0.05164108
0.6293355,2465.6543,2.2717936,1.2740864,0.12545364,0.106754944,0.059801213,0.06467044
0.59257704,2651.5286,1.047884,1.04619,0.14877692,0.10054445,0.12703215,0.08601308
0.56154716,4007.4285,1.5206871,1.9619007,0.20987983,0.1105854,0.13380438,0.07786518
0.6381504,3964.067,2.5777726,5.2684374,0.12923615,0.084563725,0.05542533,0.06999474
0.6459399,3408.6543,1.4241986,3.940019,0.08024906,0.13522424,0.10108731,0.059199803
0.6600949,2989.5588,2.3438594,3.275106,0.12719825,0.06486099,0.086882226,0.07102982
0.6751251,2815.1853,1.4270947,3.35495,0.110389754,0.12762743,0.0637754,0.057718936
0.6570248,3114.9902,2.7366543,3.7625806,0.10458668,0.13101222,0.0680403,0.061633673
0.6691485,2893.8018,1.0480977,3.5032449,0.10572452,0.07533978,0.07198398,0.07303075
0.69551307,2484.6025,3.1209326,3.2570236,0.1206811,0.07571001,0.08717884,0.056809876
0.6919121,2222.9353,2.0582588,2.1161973,0.13260566,0.08881031,0.09963472,0.04612772
0.6921335,2215.0842,2.083454,2.1343894,0.13188457,0.089147136,0.10082884,0.04594046
0.6411083,2007.105,2.0701206,0.8046685,0.0639243,0.095281035,0.12369723,0.08072586
0.65606743,2847.1487,2.6616082,2.6524448,0.08328467,0.10646909,0.100759655,0.06589844
0.6519935,3660.0303,2.8926265,5.091302,0.13879211,0.09127802,0.07150197,0.054315884
0.65640754,3405.442,1.7838004,4.2077165,0.15854374,0.1031814,0.07126056,0.068267226
0.67402536,2945.9856,0.5959135,3.5428212,0.0842389,0.07237003,0.05911887,0.058795333
0.62481767,3672.312,0.82637674,3.292404,0.1601192,0.12423681,0.08726712,0.064535946
0.61395246,5873.451,2.1352463,9.655251,0.15168166,0.16103685,0.1036559,0.0592133
0.6884075,2295.8452,0.57629687,2.3037121,0.12941211,0.06768047,0.056243375,0.07283412
0.63532406,4289.2188,3.579179,5.9611263,0.12242661,0.15608156,0.09572833,0.058468938
0.6360388,4899.0376,1.4708245,9.40341,0.08608916,0.1536961,0.09202945,0.069926254
0.65102917,3168.0247,2.3924448,3.687397,0.12146365,0.09104261,0.08783983,0.09404564
0.6487802,3132.8901,3.0911705,3.2366338,0.116233915,0.13349405,0.071400575,0.056365937
0.67076474,2602.7412,1.6335149,2.4775164,0.09019466,0.09750308,0.07815274,0.041332982
0.6965107,2545.054,1.249231,3.5577254,0.07564388,0.07892457,0.059757102,0.05447832
0.6351749,3021.9207,0.9961242,2.3529735,0.16341448,0.10132955,0.07324654,0.076294936
0.62745607,3384.2942,1.2405825,2.7115228,0.18045774,0.08649687,0.051947054,0.08731932
0.6399546,2859.2976,3.645952,1.9907253,0.12992577,0.106252454,0.057683334,0.061638758
0.6483514,2344.6633,0.7075737,1.4157777,0.06848635,0.14919806,0.10259087,0.07229581
0.64902884,2673.3562,2.6477993,2.0534952,0.17578536,0.0674638,0.08409288,0.08310609
0.6486975,2159.7764,2.1553824,1.0889181,0.14386357,0.08334102,0.082193986,0.069746315
0.70787734,2535.3337,1.8348224,4.494805,0.13659106,0.101190075,0.05894834,0.056450773
0.713552,2951.4185,3.6450357,8.9598675,0.12052362,0.112486884,0.064271875,0.047534764
0.68772805,3717.582,0.23393564,10.810179,0.14227735,0.096937045,0.065065965,0.10443596
0.42700022,1349.3623,0.6657934,0.04042753,0.10111351,0.09298522,0.097994305,0.060084485
0.452931,1241.9109,0.6364391,0.032242436,0.14181979,0.11199231,0.05535951,0.07002865
0.54428977,1657.2583,3.663139,0.24075815,0.08322891,0.07892801,0.11378959,0.05925051
0.54556364,1519.1215,4.555576,0.19280544,0.078963846,0.08524832,0.13642967,0.07400713
0.6093498,2897.386,0.8928993,1.5907106,0.08887708,0.07926394,0.13493943,0.058676876
0.6084801,2387.5984,3.2476754,0.9450061,0.10751887,0.08114974,0.08682661,0.12251061
0.5798943,1786.6547,1.1554334,0.36161193,0.09024559,0.11401855,0.08624426,0.04909341
0.56525886,1882.083,1.8257437,0.3431008,0.10028694,0.08463172,0.06882336,0.0992921
0.5603586,1971.9147,3.4062884,0.37265003,0.10315914,0.080363065,0.06857901,0.096347466
0.6505835,2482.6384,0.5131255,1.6187787,0.124451116,0.11900731,0.07440467,0.050662104
0.6499613,2489.0066,0.5358742,1.6937318,0.123396225,0.11686458,0.07454082,0.052128304
0.59946275,3130.0825,4.3192506,1.6934383,0.109193034,0.09522467,0.07447474,0.06903335
0.6189518,2648.2747,1.9218658,1.3959427,0.13340262,0.120992385,0.075179726,0.056988522
0.6600743,3657.544,3.7158043,6.0945473,0.10454707,0.08773859,0.0798724,0.06476222
0.6597504,3100.5947,2.3664782,3.658825,0.07601172,0.08717086,0.05722187,0.0789272
0.66095203,3120.1414,2.5296242,3.806383,0.074953005,0.0863959,0.056693446,0.078219324
0.6811935,3814.5278,1.3543384,11.71525,0.17922522,0.102761224,0.10585179,0.073063284
0.68151325,4008.1763,1.4124199,11.699226,0.22518781,0.10065463,0.10227753,0.07390373
0.67873347,3964.3708,3.3126147,11.772027,0.22021288,0.104662314,0.10182561,0.07600414
0.6963804,3572.3164,3.1627789,11.888815,0.2107336,0.13381328,0.0852898,0.093198
0.57711786,2550.1877,1.7143391,0.8018998,0.08170864,0.09401397,0.07462612,0.08294848
0.5562252,3225.6213,1.5121903,1.1638877,0.093784094,0.09496851,0.07256295,0.07693682
0.5593766,3604.828,3.5930543,1.5944695,0.13978723,0.073904,0.0763656,0.092080705
0.6113692,2384.5186,1.8562648,1.0079778,0.12897047,0.08223715,0.09273535,0.05575797
0.7041765,2870.3552,0.6587898,6.7098236,0.15827164,0.07985745,0.08417016,0.057986826
0.67434543,3477.547,4.5326557,6.7972136,0.09597999,0.09061201,0.068514794,0.06600423
0.6655431,4240.172,1.2496907,10.331265,0.089065105,0.1003292,0.06733255,0.06931581
0.6757989,3915.154,2.367552,10.100393,0.11775996,0.102410145,0.06488724,0.07684725
0.652519,3965.0042,1.3646427,6.6992607,0.08625522,0.12275902,0.07678123,0.05314362
0.6419326,3363.4182,1.2110933,3.508091,0.10541302,0.10971555,0.08207893,0.056942184
0.64849055,3396.1362,2.8028903,3.9678519,0.108741246,0.096404985,0.046058305,0.053278923
0.6133312,5234.3286,1.2457098,7.4509554,0.123701654,0.07061492,0.11915961,0.082959265
0.6890152,2645.5237,0.60308075,3.911955,0.09315196,0.09547321,0.07642308,0.09247509
0.6367392,4658.224,0.50368834,7.5093956,0.16908216,0.11944604,0.07779321,0.11869428
0.68655425,3697.9185,2.3938246,9.173775,0.08972347,0.09356415,0.09713689,0.06475138
0.6898699,3689.842,2.537743,9.749688,0.08828592,0.09475932,0.08966021,0.06721742
0.6788909,3716.5527,1.4625176,9.822818,0.1047405,0.090970986,0.08408931,0.06488303
0.63095737,2979.6008,1.5505097,1.9497459,0.12781347,0.11167962,0.06911823,0.080619335
0.6499875,2637.92,1.8922962,2.073258,0.095806256,0.112351425,0.07665198,0.09485489
0.64064986,2462.6794,1.6535288,1.5195175,0.097883925,0.110341206,0.07308175,0.11466852
0.6435485,2434.0332,0.8902337,1.4059969,0.08450209,0.1039253,0.073255606,0.11821049
0.59203947,3108.4824,0.62234896,1.5021592,0.07781977,0.10787143,0.10382376,0.06744249
0.6525983,2034.8307,2.9228923,0.95563734,0.114751995,0.089127794,0.052694134,0.050575837
0.6522143,2041.6382,2.556812,0.9637413,0.11127502,0.09223066,0.050507866,0.047796417
0.6551461,1807.433,1.5394254,0.70423275,0.11666875,0.08152017,0.07141992,0.045074776
0.69844764,3333.593,0.2800582,9.026117,0.090040155,0.14672464,0.07043774,0.07274952
0.6564442,2473.533,0.6583449,1.7462744,0.14749497,0.06291515,0.06346995,0.056108195
0.6657846,1846.3837,1.4813943,0.82621866,0.111088775,0.13288404,0.08304707,0.099416815
0.6847184,2298.631,1.1155714,2.0937865,0.14600101,0.11211972,0.08052862,0.08038884
0.6567736,3813.0696,2.261453,6.110547,0.085316665,0.10633038,0.0706151,0.08655748
0.6714966,3390.8147,0.9080494,6.0888577,0.0939547,0.11200467,0.08517501,0.09769072
0.67226607,3456.9412,3.266357,6.368191,0.1587165,0.075874776,0.045651685,0.048640188
0.64031297,3007.8977,0.21837258,2.5576138,0.14850152,0.07611026,0.099581376,0.11240471
0.65833896,4422.988,1.406651,9.871623,0.17538948,0.0972964,0.10764537,0.063159175
0.65426767,3987.4675,0.58616394,7.219214,0.0810687,0.0973255,0.06729042,0.09291041
0.72674584,1504.3087,3.225379,0.97724634,0.16264062,0.09777444,0.075004645,0.056788072
0.6001156,6341.9746,2.0628724,9.72542,0.080459,0.10154714,0.075996675,0.08378301
0.6533556,4073.727,2.7419043,7.750321,0.10017842,0.09342323,0.10634486,0.09218194
0.6550864,3946.1064,2.6662354,7.346696,0.09266439,0.08619359,0.106765255,0.08820463
0.61059844,5841.0674,0.5853262,9.583405,0.10136125,0.113704115,0.06228962,0.05381065
0.60927427,5900.668,0.45264193,9.166923,0.10772146,0.11146341,0.06457372,0.05365538
0.6140076,5623.0938,0.72027236,8.821887,0.11256128,0.108108275,0.06954411,0.05448261
0.6259908,4486.812,0.8384547,5.917963,0.07903507,0.11659459,0.08576528,0.06828922
0.66690487,2611.1677,0.8506865,2.3062496,0.1284998,0.14237614,0.06402994,0.06187506
0.6728582,2867.9622,1.0519413,3.4712977,0.1486159,0.12494952,0.06230489,0.05665245
0.65027136,3895.4983,0.34190443,6.3312035,0.10274792,0.07837989,0.076456875,0.06573679
0.5796879,4020.659,0.7076985,2.2271006,0.11918294,0.124410234,0.082055315,0.05728093
0.6218626,4605.281,0.97274095,5.679281,0.11673105,0.124381736,0.083291456,0.07429887
0.669148,3362.122,0.18382782,5.250013,0.09364931,0.09316076,0.07888444,0.04557907
0.6788971,3395.8782,0.18902466,6.93839,0.088034205,0.09932639,0.07969918,0.049756642
0.6199726,3603.1729,1.1218743,2.887381,0.121338464,0.21068409,0.06738245,0.06822517
0.65836686,3303.854,1.9403542,4.156177,0.13030691,0.2531528,0.08859162,0.07858769
0.6448487,4740.207,2.9348142,9.192791,0.098065354,0.26317883,0.053535536,0.071386926
0.64934725,4382.6367,0.7530494,8.087895,0.1071414,0.23178542,0.080096886,0.06366697
0.6851053,2995.47,2.025792,5.338485,0.09503028,0.15590224,0.07858236,0.07249893
0.6971536,3340.2073,3.1563687,8.958131,0.105023235,0.13568689,0.078318566,0.064231105
0.6670189,3681.8867,1.0198153,7.154075,0.104537494,0.14987974,0.076169014,0.07596323
0.6212645,1906.4598,2.692877,0.57844085,0.1569987,0.07086446,0.06919454,0.0554275
0.6283014,2046.8792,2.2654824,0.7529868,0.1560485,0.07369332,0.089875095,0.06441933
0.53738815,2156.5842,1.1075475,0.38893774,0.13827854,0.10974655,0.06432635,0.08511545
0.5674371,1992.144,1.6773283,0.4115957,0.09335765,0.10126828,0.081058495,0.0820766
0.599645,2119.0435,2.4764247,0.617519,0.11850667,0.08013788,0.08340419,0.054601997
0.5674768,2261.76,2.0502064,0.5193869,0.21292454,0.1074173,0.07214554,0.07014025
0.61838955,2388.7446,2.1729114,0.9783149,0.08786484,0.09314953,0.07585712,0.059960227
0.61424327,3032.0667,1.059104,1.8438442,0.09703761,0.11722344,0.0764914,0.06857196
0.72119856,2446.0137,2.1624713,5.132984,0.14754114,0.10638632,0.05689812,0.07404006
0.6193859,2241.427,1.4144346,0.8539002,0.09115664,0.111689955,0.07910006,0.081509806
0.6734737,1791.518,2.946318,0.8459795,0.1365931,0.13252087,0.098085746,0.07976743
0.6415044,4290.6045,1.073572,6.9299593,0.09334393,0.09418786,0.11264939,0.054133955
0.6671911,4100.654,1.2173057,9.664117,0.13943438,0.10569609,0.124979794,0.06932737
0.54211485,2689.5952,2.4065762,0.6369678,0.09793535,0.10620473,0.0619179,0.061331354
0.6379297,1715.8472,2.352506,0.49731672,0.10564316,0.12932292,0.09167353,0.088841125
0.6401309,1735.8884,2.1590774,0.54059076,0.104685225,0.13309635,0.09221503,0.090898514
0.6283165,3012.9226,2.2978601,2.1831088,0.1673198,0.06843671,0.057979308,0.07587058
0.5621011,2956.2085,1.9498953,1.0430684,0.09366481,0.12927978,0.13260137,0.060661048
0.5809427,3716.3508,2.7912369,1.874109,0.15172808,0.12570019,0.124007374,0.066205256
0.710809,2914.9373,2.9461827,7.7241006,0.13601781,0.07522914,0.052944522,0.0641242
0.6219589,5281.178,0.9424507,8.5520735,0.13039722,0.088841744,0.112869896,0.06858658
0.6355771,4583.605,2.9441555,7.8682747,0.13178617,0.07146829,0.106278375,0.08344097
0.64505714,4402.645,0.9230847,8.032401,0.10752612,0.14104617,0.11322899,0.070841484
0.63045347,2432.9517,1.0060514,1.1990767,0.123507395,0.07171654,0.06098713,0.04935098
0.69236803,1636.9784,4.830315,0.78597426,0.109046124,0.062216036,0.06791724,0.065591626
0.7121356,2334.5925,1.9782772,3.4291382,0.10137701,0.081725314,0.07495643,0.058514386
0.6899682,2724.0916,0.27987215,3.9981213,0.092968285,0.093391046,0.08595097,0.061199103
0.6499339,3901.7698,3.9358582,6.321207,0.14544207,0.081168905,0.101083234,0.05912379
0.66638803,3482.3333,2.0179093,5.782753,0.14335342,0.05995458,0.11647101,0.05849967
0.6331702,3252.6748,2.3605704,2.8967652,0.1507804,0.088715106,0.08633731,0.065863274
0.573978,4949.4214,1.1108327,3.4942126,0.11265315,0.0859631,0.07874589,0.083964095
0.7192138,2938.6863,3.5618126,10.462248,0.15941243,0.13706936,0.08187774,0.05292902
0.5864573,6468.485,0.56555444,8.2343445,0.1274301,0.09421508,0.09286691,0.092911825
0.6829063,2379.3665,3.7078211,2.3122172,0.083982915,0.12434182,0.09812736,0.055128448
0.6830539,2396.057,3.4719586,2.1907449,0.08386087,0.1178781,0.10368563,0.058156252
0.59155136,5334.113,2.2537744,5.087972,0.16588542,0.12935008,0.065061495,0.070587516
0.70989126,2920.8882,1.0852237,8.425026,0.10254073,0.10287599,0.14108527,0.07822533
0.65834755,3114.109,1.2405555,3.9089358,0.12389041,0.07020654,0.10813323,0.07047328
0.60191983,3955.1252,3.5444524,3.3448305,0.1321802,0.05728884,0.12396956,0.07087389
0.636057,3083.6475,1.2258159,2.5105922,0.18947789,0.12306226,0.120853886,0.055511713
0.6289409,4164.274,3.7219255,4.9424767,0.13821901,0.109066114,0.09531973,0.039086282
0.65457517,3186.7268,1.0668255,3.701957,0.08552752,0.1118847,0.10009512,0.11742484
0.6658515,2718.8298,1.5916759,2.6318886,0.08531313,0.11967451,0.10472836,0.1013809
0.67438346,2604.184,2.0692852,2.6511853,0.06977525,0.12513201,0.09223873,0.0737541
0.632632,5443.693,1.6288276,11.160396,0.12476011,0.07794015,0.06613395,0.06279898
0.65739894,4665.1875,1.5559139,11.444944,0.112851836,0.065244064,0.07110178,0.07710087
0.66416395,4236.4053,3.0095322,10.616859,0.10438226,0.10065605,0.07367794,0.05983199
0.6468098,4589.9805,0.119750775,9.197418,0.08007518,0.10146353,0.082912356,0.07390139
0.6396048,4169.424,0.4127273,6.022131,0.092194915,0.09657453,0.10148777,0.07394551
0.6099224,5211.89,1.9094596,6.262357,0.16302751,0.1356176,0.10941603,0.059687518
0.7321551,2089.424,1.7007056,3.93796,0.121412896,0.07988619,0.058960654,0.06782865
0.6992182,2314.5847,3.0104883,2.8851368,0.12780985,0.09585378,0.055509795,0.06457675
0.6718722,2182.1392,0.9591477,1.4481812,0.08020526,0.139157,0.07857929,0.06470191
0.61880213,2442.83,0.9577972,1.040339,0.08909724,0.16335523,0.06739101,0.067834064
0.6194774,1877.9032,1.0687509,0.5366636,0.08983147,0.17253102,0.058159802,0.082578875
0.63283515,1937.4213,1.2310888,0.624679,0.08738357,0.18108675,0.06977391,0.08775574
0.6375248,3579.57,2.7802167,3.9432776,0.096613705,0.09181225,0.08957724,0.051930957
0.6351308,4287.5913,3.6366487,6.370888,0.08507288,0.094674036,0.096240416,0.050087597
0.6702001,4082.6565,0.66000944,9.77848,0.12043388,0.10254961,0.08760868,0.071386464
0.64006525,4488.2085,1.8061191,7.588759,0.0936978,0.10687183,0.09165583,0.061272554
0.6703886,3637.2766,1.6375865,6.896542,0.11743052,0.0957638,0.094822876,0.048308004
0.54683846,4710.9487,2.2630672,2.3210146,0.1660139,0.105630696,0.050062194,0.099365726
0.609416,2354.1577,1.2735296,0.87990505,0.13454427,0.10393152,0.100231096,0.077706456
0.6351781,2717.5115,3.2392983,1.8208847,0.12775078,0.09883022,0.10475241,0.07883888
0.7035652,3114.4387,0.6964284,8.423453,0.11420786,0.09713497,0.08110319,0.048737258
0.68744546,2873.9187,3.765178,4.3861747,0.17023,0.10391903,0.0682686,0.07439081
0.60831213,2099.1858,0.50846064,0.6606936,0.08790319,0.07142482,0.0656667,0.057116795
0.6814112,3775.344,1.6415672,9.944659,0.114101686,0.15753995,0.07546614,0.074465066
0.69766057,3381.3123,2.433455,9.713986,0.12873593,0.15367445,0.050956227,0.06982455
0.5513782,2356.029,0.99443364,0.55086064,0.09972091,0.07897587,0.12450587,0.060409196
0.7540811,1893.9194,0.3003432,3.3151813,0.120787054,0.1433572,0.054525778,0.09620426
0.73320127,1605.137,4.3109426,1.394856,0.14674608,0.09333262,0.0773745,0.042631928
0.6944029,1952.747,1.9856249,1.5219333,0.12148213,0.07250452,0.084962,0.06144408
0.7050258,2752.167,2.6749947,5.842843,0.10646643,0.08252804,0.074347675,0.061754007
0.61335963,4076.0142,1.0870337,3.6849623,0.12591228,0.097372636,0.06125599,0.07847583
0.6653166,3616.4128,2.290811,6.7492175,0.12729624,0.06840761,0.06347456,0.073223494
0.6927098,1863.024,0.39140448,1.1908695,0.10357437,0.11836557,0.094882645,0.06563212
0.7154684,2138.3918,0.22347966,2.6473653,0.12024604,0.120942205,0.1034624,0.05970753
0.744909,1695.3575,1.4669312,2.013954,0.108204976,0.11897276,0.08611278,0.062893614
0.7522828,1720.2825,1.931023,2.4547977,0.10513372,0.10618157,0.09475521,0.06437547
0.7364516,2061.4749,2.778426,3.4002314,0.08941732,0.11050928,0.07468664,0.06164725
0.71481425,2039.1628,5.0321403,2.2748265,0.085856244,0.094268225,0.071460694,0.06982798
0.62739235,2541.0864,0.55142874,1.3560598,0.10659413,0.14709814,0.07721655,0.07271267
0.6285072,2921.9849,0.43014,1.9571493,0.123332635,0.11247954,0.063104644,0.06554344
0.51456416,1612.2152,1.5408324,0.19363028,0.20220709,0.0847402,0.09500106,0.05823366
0.51708776,1613.2219,1.0692271,0.19440654,0.21889219,0.086349376,0.09875445,0.058920998
0.5458387,2234.343,2.5461397,0.45014536,0.1610441,0.10949482,0.06329974,0.07342225
0.69746137,3580.467,2.0897655,11.755337,0.08760823,0.10697222,0.07989138,0.0705583
0.6604458,4282.389,2.688771,9.556251,0.17053595,0.0684506,0.066671655,0.048875555
0.6879172,3116.5862,0.95792,5.9713984,0.08963059,0.1429283,0.079166524,0.09770074
0.59604394,3742.5564,1.3716952,2.4306102,0.08488462,0.13755849,0.08473045,0.09065446
0.68299216,3727.7974,1.4516895,9.988701,0.07817408,0.099175386,0.09943232,0.05426125
0.59744394,3422.4802,0.97793585,2.0338714,0.13306999,0.11067679,0.061157927,0.08611728
0.63258076,1991.8167,2.7699971,0.7072758,0.15056142,0.1352786,0.07356613,0.07771542
0.66666704,2394.504,0.14661832,1.829973,0.1524394,0.14075543,0.055701923,0.08096795
0.58309597,2719.8987,0.78058815,0.984262,0.06668148,0.11014232,0.07037288,0.05300956
0.6574117,2385.4014,3.67167,1.6221684,0.1425972,0.111137174,0.08041966,0.06896005
0.674626,3057.6045,0.84958494,4.623248,0.14476173,0.10594286,0.065736406,0.0608475
0.6823907,2570.1682,2.2929022,3.0318718,0.15399599,0.09516977,0.08908146,0.048100434
0.6136303,5316.289,1.9410446,7.729008,0.08577809,0.09935592,0.07355842,0.076331615
0.65468514,2677.7651,1.8800178,2.3383482,0.18652733,0.11318003,0.07965402,0.053835224
0.6624293,2640.2173,1.7641542,2.1994832,0.18920438,0.10644485,0.07912295,0.057188988
0.66262966,2297.1665,1.4217961,1.586732,0.19074088,0.09257001,0.07930037,0.052151937
0.72299945,2224.5715,0.87850994,3.623872,0.106009185,0.16023356,0.060456816,0.062270854
0.66500425,3003.0063,1.7503397,3.4900613,0.13141878,0.108217485,0.07307964,0.07834461
0.637191,2735.1458,1.2341762,1.809274,0.16725406,0.11324727,0.078320876,0.07428821
0.6534232,4360.063,1.0821223,8.934553,0.079217374,0.11423803,0.10787912,0.05035969
0.6138351,5899.1914,0.61679447,10.209503,0.08067742,0.11180583,0.12827317,0.050351705
0.6821092,3393.81,4.4985824,7.0960283,0.113288775,0.11729758,0.095341615,0.071190566
0.66040003,3477.6372,2.7640831,5.109151,0.10023858,0.114470266,0.088804856,0.0503947
0.6558534,2759.1943,1.9542948,2.4229543,0.13724928,0.09635172,0.06272943,0.08928643
0.6474635,3571.7659,3.3083577,4.521512,0.14055754,0.095845416,0.067071564,0.09584519
0.65693784,3836.2595,1.4990855,6.348157,0.09040004,0.09520328,0.07420816,0.12306584
0.6741394,3776.1047,2.440978,8.811764,0.094898775,0.091419905,0.09086287,0.066034466
0.70797396,3055.109,1.4455462,7.9012628,0.08290352,0.10248281,0.08453704,0.06036157
0.64977205,3695.727,1.8711874,5.2471423,0.11325537,0.057443008,0.07160545,0.06342871
0.6540035,3773.912,2.677106,6.114732,0.11900544,0.07564383,0.06129931,0.061561752
0.6447908,3926.3682,0.6850696,5.458863,0.08486821,0.10192101,0.07736873,0.04989067
0.645137,2755.1443,3.439436,2.0425339,0.08960797,0.11274518,0.08039148,0.07730179
0.6063142,1923.653,1.1130917,0.5130552,0.11387424,0.13744675,0.07592023,0.04892383
0.6141556,2486.3706,4.026243,1.0780336,0.09095734,0.11479531,0.0751613,0.051490143
0.6024456,1992.1794,1.7436244,0.5311255,0.096532956,0.10944468,0.07964307,0.04566488
0.7033178,2772.5618,2.7199757,5.5718813,0.07681394,0.1215319,0.08256425,0.09387112
0.66579044,2878.0771,2.0242636,3.0293567,0.08917266,0.13244054,0.062047724,0.064310744
0.6263718,4115.1035,1.7732029,4.6603503,0.11806059,0.069666296,0.06391357,0.06039835
0.6403842,2338.8545,3.9963636,1.2767715,0.09392014,0.075819835,0.07738077,0.058832057
0.629163,2298.382,0.4147984,0.97817063,0.09177231,0.11976011,0.053672116,0.08961574
0.6167766,2244.973,3.9591863,0.84119385,0.08817847,0.06733152,0.06481421,0.065490864
0.67146546,2435.1797,2.6159112,2.0850854,0.10589614,0.0694562,0.060898975,0.07083443
0.6633412,1987.9423,0.21284723,1.018431,0.11665543,0.07929328,0.063260086,0.050441064
0.5776433,3345.1787,3.2918363,1.5443355,0.09824988,0.108931765,0.09477234,0.07027181
0.5699262,3730.6772,5.032356,1.9255841,0.09517476,0.090420775,0.098410614,0.07065593
0.6317446,2888.6877,0.254387,1.8527973,0.117972344,0.11348539,0.080296814,0.108091295
0.62144893,2848.231,0.23923779,1.7099937,0.1112864,0.12008505,0.076768965,0.0931331
0.63877267,2505.7173,1.0574473,1.435565,0.16624224,0.11649895,0.07077389,0.10630171
0.71207756,2686.474,1.3083271,6.0934343,0.23636974,0.09370028,0.085266516,0.043811712
0.7023835,2672.9858,2.866556,4.8716865,0.21580608,0.10288191,0.09270807,0.057539165
0.7035698,2236.508,1.5490072,2.5098836,0.22082688,0.079883575,0.08442579,0.078964055
0.704236,2231.6226,2.0683873,2.7067552,0.25881448,0.07585106,0.08235298,0.07887891
0.6420823,4118.9165,1.9941499,6.310027,0.14926887,0.088206545,0.0813297,0.054165237
0.6915041,1990.1211,2.0830266,1.4310989,0.12635396,0.13906254,0.07561906,0.092291564
0.7398251,1978.0726,1.5461161,3.2316647,0.108851075,0.06427152,0.058370244,0.04951656
0.69068515,2492.2336,0.5211978,2.9644475,0.11149477,0.07162437,0.072171174,0.053118512
0.708913,1947.6033,3.4602447,1.8584049,0.1595997,0.122141,0.06796811,0.08793789
0.61889565,5452.742,2.9813955,9.221745,0.08017467,0.11507687,0.07323856,0.12000878
0.67767394,3725.1262,1.2889538,8.376304,0.104612194,0.08704104,0.053666204,0.06842518
0.6674335,4144.472,1.6096909,9.441533,0.083896324,0.097135134,0.057211027,0.07061131
0.6309022,5145.047,2.599992,10.136543,0.090849824,0.10613538,0.087932155,0.09926017
0.6828932,3862.3875,0.5111541,11.685815,0.11643844,0.074621886,0.08192327,0.067382365
0.6519462,4830.7495,3.7852466,11.377823,0.09049809,0.11511455,0.07189075,0.055145457
0.6742967,3884.0098,0.52978724,9.836324,0.10991807,0.09135598,0.11804297,0.056431003
0.63204587,2029.492,0.28445196,0.7359618,0.1376881,0.105139285,0.053855147,0.06548535
0.5440597,3324.0906,5.100327,1.0182003,0.16125172,0.1315163,0.09126235,0.07173542
0.5284273,2111.6707,1.4026626,0.33779567,0.17775851,0.13956465,0.08862716,0.063088655
0.7155992,2901.126,2.850342,7.874473,0.121815145,0.10722181,0.05751035,0.07407331
0.66512614,4241.0464,2.0151584,9.637688,0.13668835,0.10975901,0.060356535,0.07324881
0.63871115,3663.481,1.8808142,4.5496707,0.12957002,0.08981632,0.10185613,0.066871665
0.6476088,2457.4314,1.6324564,1.5076975,0.10925277,0.12290832,0.06410543,0.07062517
0.6736331,2324.005,2.0058868,1.8891299,0.09087649,0.09135522,0.06967439,0.054244302
0.6352086,3143.007,1.9103014,2.673704,0.16353267,0.09703391,0.08520419,0.10626717
0.62230664,4700.7134,0.7128823,6.2228575,0.091543615,0.16251437,0.07271972,0.04815403
0.6146669,4810.387,0.82409316,5.717663,0.093717374,0.18159732,0.06692623,0.04990183
0.6176947,4629.7812,4.4437356,5.661218,0.15397884,0.19333526,0.07252111,0.055603564
0.6558255,3517.0532,2.9338539,4.904015,0.1403125,0.21367267,0.073783085,0.06401411
0.6363162,4123.8174,1.131807,5.5532117,0.10686699,0.1483814,0.0928618,0.057757065
0.66360176,3522.021,0.31855145,5.605272,0.1020482,0.12060588,0.11472305,0.052944258
0.6389013,4978.4443,1.5448684,9.92859,0.09679142,0.11605688,0.11540958,0.067001045
0.6737775,3827.365,1.2837636,8.879027,0.09935632,0.115350164,0.09141688,0.05383689
0.63259274,3222.174,1.3368483,2.4758031,0.13617794,0.10400134,0.070420444,0.058793288
0.7002958,2984.7244,0.31383276,6.6787696,0.110414945,0.09379635,0.06903416,0.098331526
0.6034748,4019.8943,4.899376,3.1407459,0.12009399,0.1577349,0.09698016,0.07554913
0.5723048,4658.362,4.514318,3.0603194,0.11467284,0.13028376,0.09069334,0.10046008
0.6046842,4473.396,2.2751377,4.483159,0.14737207,0.104839906,0.11187094,0.11255044
0.6414147,3895.5337,0.8796257,5.271685,0.13378234,0.09414541,0.12700032,0.096862264
0.6446309,3949.9717,3.6660244,5.9186435,0.10015526,0.07294661,0.092016555,0.050377775
0.63955694,3592.7217,3.5013065,4.224298,0.102176964,0.08581752,0.090722665,0.05175719
0.67888695,2958.508,0.7920941,4.57856,0.12877946,0.08242746,0.07989011,0.07377802
0.66289324,3505.498,4.4552646,6.0389566,0.1534469,0.09853627,0.09496278,0.06611353
0.662431,3525.3245,0.5264014,5.009718,0.19668688,0.11632542,0.08973896,0.06681379
0.5989229,5366.2437,3.9991791,6.3958354,0.12861444,0.1025182,0.114612624,0.07567111
0.62303996,4709.715,3.3514037,6.285209,0.18706365,0.12496454,0.0708106,0.056466024
0.6298107,4756.8936,2.8075974,7.3724604,0.16900985,0.124128915,0.06203388,0.046634033
0.6815462,3794.1162,0.9695277,10.218077,0.12736015,0.10477848,0.05810055,0.09226565
0.60807,2135.9788,0.8481478,0.6822456,0.10924962,0.09122593,0.12547168,0.061305508
0.6296594,2175.278,0.7393789,0.90004647,0.10994743,0.07400316,0.107758865,0.07131416
0.58836436,2327.4055,0.62819844,0.7182834,0.14642958,0.09009816,0.08174995,0.07369084
0.58243847,2649.0017,1.0640936,0.894539,0.12826173,0.0802104,0.09161179,0.06537473
0.4848189,1620.5599,0.8723728,0.1533476,0.16889076,0.11354087,0.07917307,0.070292525
0.50047123,1379.9874,2.7048745,0.10584861,0.088487744,0.07884828,0.084009595,0.074082986
0.50763273,1755.4397,1.586369,0.20644805,0.08951642,0.0912486,0.056213748,0.07571145
0.5641707,1459.751,2.25818,0.18881516,0.09538077,0.08225909,0.11757797,0.09013036
0.564111,2742.414,0.95976335,0.8001544,0.22324687,0.10773228,0.052934058,0.08396416
0.56920576,2418.5889,1.3349609,0.6369134,0.23185669,0.100997016,0.069658406,0.08174613
0.5677974,1843.6428,2.787711,0.35516,0.27214968,0.07737511,0.07954426,0.07168541
0.55565935,1953.7098,3.2526996,0.3687142,0.2289872,0.07673304,0.08299731,0.053430296
0.5567894,1892.4138,2.556439,0.36243597,0.23229231,0.07680073,0.06578816,0.043111492
0.6037033,2074.884,0.87761176,0.6128946,0.21833101,0.10736333,0.07336986,0.057334013
0.6441421,3074.1597,1.4178954,2.8586307,0.20900263,0.09231419,0.057176486,0.068496175
0.7484134,2360.3306,0.32500675,8.405119,0.14222516,0.10360957,0.07859556,0.06236202
0.6610888,3077.5317,0.066432245,3.4294758,0.18205853,0.10863133,0.041361768,0.084058
0.6157766,3730.9763,1.3998344,3.1855247,0.08333391,0.0986202,0.13952613,0.05136934
0.6038328,4425.8057,3.1174767,4.3494463,0.097143054,0.099969916,0.1246985,0.07219038
0.6362625,4044.0405,3.501618,5.133544,0.10045093,0.10604293,0.10751133,0.062828414
0.64579886,3943.5762,3.0939677,5.7441287,0.16268939,0.09064415,0.11527489,0.06704435
0.637174,3962.3767,0.9424535,5.0171294,0.13663015,0.12276493,0.058355924,0.07297451
0.6509396,3778.8223,2.4140742,5.3889413,0.113958,0.10388066,0.06005225,0.07367808
0.5903977,5768.241,1.1134905,6.1114197,0.12602022,0.11894902,0.08961922,0.049050637
0.72049636,2834.84,0.92955106,7.982824,0.10882528,0.07693974,0.0642384,0.048585728
0.60163367,6129.618,0.19741648,9.1381,0.15035327,0.12004704,0.073428504,0.1349924
0.7229528,2739.3616,2.9477797,9.530955,0.13098586,0.071145035,0.07325585,0.041452125
0.6953756,2977.8794,1.2140421,5.619816,0.19516131,0.07034865,0.069490254,0.11838281
0.62065786,4785.8247,0.47289714,6.0503106,0.1301418,0.12724593,0.07521913,0.05017528
0.6468894,3809.0278,1.4855444,5.1305275,0.1750569,0.09599352,0.07259278,0.056265306
0.6571593,3143.2075,2.1027052,3.4373622,0.12404028,0.10584414,0.07231587,0.06823691
0.6683462,2787.4985,2.5100312,2.834824,0.11644391,0.08648351,0.06747694,0.05621726
0.65604526,3747.394,1.006607,5.941986,0.07797068,0.09923237,0.08777822,0.06263006
0.68403333,3342.0723,2.4918876,7.2424073,0.08217831,0.119368605,0.07852532,0.06499267
0.64701265,3212.042,0.59162724,3.2466784,0.10397206,0.10674436,0.08493292,0.04944079
0.64660686,3878.42,0.7671335,5.520755,0.09664084,0.1057722,0.09043134,0.04453936
0.7625142,1419.3824,2.2831082,1.5069585,0.20315789,0.08159569,0.06139022,0.08665345
0.59948426,3399.3743,0.16399516,1.9660574,0.0760281,0.11700707,0.08976601,0.064200945
0.71390647,1770.1268,0.32575992,1.233333,0.14305404,0.12565555,0.0866202,0.10127796
0.65876424,2487.9512,0.47007227,1.8875091,0.09738722,0.100933276,0.056143444,0.05815363
0.6155788,2108.6816,1.2136781,0.69019055,0.14744927,0.13952447,0.10457793,0.07791795
0.54426795,2038.8619,0.935677,0.3792336,0.17309469,0.17078394,0.09401316,0.11397333
0.55101687,1422.4438,1.9663537,0.17692071,0.15833311,0.18388982,0.109636635,0.12259424
0.57689047,1738.6476,2.3381405,0.31811744,0.12349173,0.19227594,0.10900295,0.077724926
0.66856205,4215.344,2.296805,10.589001,0.115803204,0.06301017,0.07075621,0.056992993
0.62449664,2333.058,3.44527,1.079308,0.118677616,0.20762634,0.08399277,0.074223384
0.65759325,2023.8892,0.17155023,0.954412,0.13416673,0.060802642,0.073027335,0.05179673
0.5738945,2701.6213,0.8110008,0.8733593,0.1246353,0.08872692,0.09269649,0.070843816
0.6897913,1962.2587,3.5601523,1.5062907,0.16156697,0.10123639,0.058619533,0.09025459
0.68493676,3048.1667,0.80024946,5.5488253,0.09493867,0.105728276,0.060735505,0.07478152
0.6898253,2023.2339,1.7741102,1.6134099,0.086765915,0.13843869,0.07379679,0.05549327
0.58668405,4397.8706,2.7615523,3.5603423,0.14990383,0.09522933,0.09225863,0.09835106
0.6991934,2449.4746,0.9114445,3.487944,0.09750854,0.098852165,0.058749948,0.050689373
0.68268925,2099.087,2.2500687,1.7032819,0.11374337,0.11201842,0.076844774,0.09947443
0.68984467,2049.2197,0.5179379,1.6989801,0.07185736,0.07589218,0.06854749,0.049177732
0.68467087,2275.609,1.2748989,2.076375,0.16964647,0.19309732,0.10360512,0.08107394
0.6824283,2216.0117,2.0034738,1.8602066,0.13466571,0.14860669,0.07995974,0.064655505
0.6487452,1904.6454,2.659037,0.73097324,0.13586333,0.1281282,0.06852679,0.06838436
0.6721487,3949.8674,1.3552353,9.881365,0.17745614,0.07697271,0.09126246,0.059533842
0.67982584,3769.279,1.0749191,10.017628,0.17286691,0.08009765,0.09714402,0.047004618
0.66503,4029.878,2.7565072,8.649037,0.16989887,0.07609935,0.08637448,0.054255247
0.63239527,4843.251,1.0791532,8.117717,0.14586477,0.097642705,0.055293582,0.059123337
0.6249271,5298.1255,2.9686797,8.861592,0.10836199,0.10937826,0.07695808,0.056869313
0.70073444,2843.2195,0.88731694,5.475155,0.1200317,0.14380358,0.07646803,0.06905398
0.59957105,4919.308,0.4629499,4.966471,0.13796268,0.09550012,0.06287033,0.06174267
0.62180173,3423.8716,2.7043366,2.6800299,0.14054644,0.15141083,0.07376493,0.05877487
0.6077503,4421.3594,0.49745196,4.07752,0.14767325,0.16370693,0.063261084,0.06670808
0.61884224,4841.409,3.329612,6.1255455,0.14268447,0.19056189,0.055737913,0.055152386
0.70478326,2831.12,0.61159533,5.5879803,0.10848243,0.11113993,0.102759704,0.092449516
0.6146891,2549.9507,0.021849172,1.0379335,0.107798725,0.12340699,0.07753429,0.071292914
0.60617954,2610.6824,0.045568034,1.122816,0.12842973,0.15439276,0.09226686,0.07926224
0.61945194,2762.9307,3.5523615,1.500568,0.089107715,0.07866603,0.0657684,0.06756531
0.7009734,2138.111,0.8256985,2.2427468,0.09837423,0.13877131,0.06336816,0.07687684
0.6759443,2847.4983,0.37120998,3.3963695,0.10980587,0.103433736,0.056125216,0.095029145
0.66948825,2865.3774,0.1680492,3.4297628,0.11602534,0.07961626,0.0634855,0.107585154
0.6084229,3936.9941,2.7951283,3.2195282,0.095567375,0.09990089,0.111772746,0.046807334
0.7109536,3115.8113,2.6260326,10.161484,0.14526318,0.12911247,0.055335928,0.093712926
0.71439147,3019.4766,3.2689903,9.020759,0.11598029,0.1379819,0.071054876,0.07928651
0.45107093,1280.6609,0.59211355,0.043598007,0.10889344,0.07488421,0.09250978,0.07378036
0.47517326,1291.7739,0.37411103,0.06828973,0.10427396,0.076168746,0.13021809,0.04449947
0.43889502,1363.5878,2.7656913,0.05547262,0.1364426,0.08457078,0.13599235,0.08610788
0.44498256,1487.2224,1.8459057,0.0794651,0.15956904,0.12089726,0.055504225,0.13934265
0.41921577,1248.6534,2.0826974,0.016876705,0.108080156,0.09538357,0.11088405,0.045919664
0.6542121,3331.7764,0.054839704,4.2375417,0.15899247,0.122421645,0.08333991,0.108179025
0.65649194,3081.6465,0.47869948,3.2665334,0.21578291,0.13413535,0.11044377,0.057385817
0.50694704,2869.001,4.869507,0.5741458,0.0989169,0.09120421,0.05419655,0.09649547
0.51834375,3328.4233,3.3419173,0.8283037,0.10346477,0.08242808,0.059510708,0.09295011
0.67646754,4059.0823,0.9195887,11.306347,0.15102622,0.092902854,0.10321333,0.071446806
0.66603446,3927.4404,1.9023374,7.925127,0.09111955,0.13100746,0.10340829,0.13443348
0.6704154,3657.2603,1.8016691,6.8393707,0.12507963,0.14024933,0.08190604,0.14087175
0.71770895,2654.2747,1.2246052,6.925541,0.11498475,0.07171757,0.07368534,0.03870163
0.7196388,2755.7966,1.2850484,7.553754,0.117571995,0.07885239,0.067180425,0.039618388
0.70854825,2838.868,1.3563223,7.1842356,0.121714406,0.07720935,0.06802553,0.035135947
0.68670267,3420.5938,1.9063674,8.412587,0.13245583,0.08022909,0.06964741,0.038990688
0.6774983,2950.1326,1.850363,3.9870174,0.1454107,0.1221946,0.07896181,0.111085996
0.6188708,3988.1816,1.9628102,3.757104,0.118202366,0.11409118,0.07094297,0.057168048
0.64370733,3370.9077,0.83327705,3.6037996,0.09759008,0.17396843,0.11278513,0.07311696
0.6784959,2708.6162,3.2651691,3.1347256,0.0956247,0.113462284,0.08842941,0.081220806
0.69774747,2429.6587,1.9458103,3.1318893,0.0976188,0.070328414,0.076483876,0.05412198
0.6225199,4036.7441,1.9769973,4.2216587,0.09805944,0.10775008,0.0878061,0.06696618
0.69812185,2079.0093,1.0431875,1.9104453,0.0962322,0.154207,0.058405086,0.05805112
0.6161367,4840.8975,1.6222441,6.2919807,0.13253218,0.06722793,0.09245026,0.071302846
0.6066568,4305.531,2.5239835,4.062347,0.13033602,0.11401173,0.09650189,0.14484766
0.59128344,4074.137,1.3405969,2.9474258,0.08484527,0.07226291,0.086955816,0.053047106
0.67874914,3503.0825,2.8050578,7.1746845,0.102222994,0.12877537,0.04722822,0.14690092
0.63427144,2521.652,1.3629296,1.5144651,0.08061295,0.1305737,0.083261654,0.1089086
0.6843297,2149.674,1.0486441,1.7368544,0.098166645,0.1724627,0.0752527,0.09797618
0.7124616,2146.431,2.489814,2.6655045,0.11546339,0.1360122,0.08136591,0.04584551
0.68789464,1956.5629,1.4094692,1.4457712,0.13179138,0.16005233,0.106429495,0.07558623
0.69038534,2562.339,2.792267,3.1495275,0.1076542,0.17676681,0.09425397,0.065719984
0.67263746,3470.657,2.2695498,6.4326434,0.11473164,0.14353429,0.07569299,0.06807661
0.67133605,3578.1614,1.3590413,6.8445177,0.116204955,0.1514348,0.083628535,0.07249672
0.73687005,2526.721,2.1731267,8.086701,0.11782455,0.09136668,0.067923725,0.08123909
0.70087814,2867.9065,0.5224538,6.0256367,0.13997626,0.10498784,0.077908486,0.08021404
0.68123484,3517.3022,3.8527434,8.082673,0.107254185,0.07591531,0.072213136,0.06822536
0.6522227,4329.8306,0.6915418,8.471897,0.12581149,0.07759247,0.0690049,0.05558877
0.690983,3366.0854,4.7770386,8.324124,0.089303255,0.07293778,0.053801425,0.08911481
0.6152236,5651.732,0.057407368,9.629957,0.09891997,0.098303586,0.07538182,0.05991347
0.6992242,2657.2073,5.7484946,4.432247,0.09664598,0.10147231,0.0626274,0.075106844
0.6713381,3961.304,0.34461528,9.037514,0.09534655,0.10586651,0.06528041,0.088308305
0.6995231,2896.7036,0.7611847,5.988287,0.11749477,0.11629132,0.079586655,0.079358526
0.65123856,2019.3868,4.9361277,0.92386985,0.07801546,0.12159598,0.094961785,0.060600407
0.699318,2174.2944,0.36005807,2.182538,0.092067465,0.10472529,0.12611195,0.06969891
0.6842531,2020.3793,0.9652632,1.403825,0.123404846,0.11253474,0.104364045,0.054777805
0.6737062,3973.5752,0.7292113,10.056292,0.18739122,0.12774658,0.05680485,0.0511776
0.67577136,3404.5022,2.8025537,6.340052,0.15604044,0.14709066,0.07770805,0.07481958
0.6429377,3299.4805,0.9568213,3.267696,0.13093767,0.06403464,0.12461757,0.051382348
0.6181858,3972.138,1.1776676,3.7693098,0.085942686,0.11569991,0.075226106,0.048561532
0.70275164,3433.3884,2.7574954,11.577268,0.09262869,0.06317348,0.059548404,0.1011964
0.5904632,6936.669,1.5562167,10.107618,0.089295864,0.13890788,0.10323935,0.08900681
0.6168028,5605.7954,2.3959029,10.154949,0.12987374,0.1174072,0.11306535,0.109820105
0.6877788,2216.023,2.3023088,1.8568058,0.093437485,0.11748183,0.09385232,0.056762733
0.66344994,1926.3865,0.40136343,1.0130036,0.09598926,0.088180535,0.105135225,0.05884798
0.6242902,2554.997,2.1979809,1.2621336,0.12311925,0.09339388,0.060527038,0.0674149
0.61675906,2747.6423,1.8276696,1.3727922,0.11793407,0.08093064,0.05975846,0.0796734
0.6254027,2483.9792,0.37346518,1.1438996,0.11575525,0.08437201,0.082915485,0.12952963
0.6591422,2045.911,0.8465333,1.0129386,0.11195816,0.10157818,0.10807047,0.059735082
0.63981014,4485.601,1.1357518,7.2327423,0.1098543,0.120678075,0.058711845,0.12527885
0.65470946,4367.3735,1.7787385,9.218955,0.17361407,0.10183182,0.06594172,0.11926537
0.59614444,1855.3025,2.036761,0.4639553,0.081500754,0.097389214,0.0888827,0.03708749
0.5781007,1813.8378,2.649513,0.39135298,0.083133385,0.098639056,0.086051784,0.03592069
0.5798484,1843.5942,2.7475595,0.38869554,0.08556778,0.09940243,0.08531737,0.036240254
0.56059724,2416.3145,1.7274616,0.6310505,0.15362993,0.11480645,0.12429807,0.10471523
0.607,2817.7485,1.7745255,1.339163,0.15371035,0.12210013,0.07774309,0.07059936
0.60747916,2302.3975,1.6831582,0.78124666,0.13446435,0.09300347,0.058559857,0.08867106
0.6216219,2070.7834,2.5037847,0.7217904,0.09114638,0.14029548,0.07357504,0.063960485
0.6310051,2148.286,3.2623801,0.88884664,0.08650683,0.13934827,0.082864456,0.06867261
0.6976989,2710.9019,0.7112211,4.6434894,0.1056817,0.09703615,0.058506142,0.0737979
0.65087914,2055.556,2.327022,0.96359223,0.12627195,0.12469656,0.055855762,0.04852782
0.65072846,2242.7341,2.3588762,1.2214023,0.12905343,0.117317244,0.057373904,0.04459543
0.6558221,2070.9258,1.3817247,1.0681615,0.12523802,0.11850051,0.053557467,0.043402728
0.6464233,1928.7734,2.0800602,0.7409449,0.12943517,0.081800155,0.060760386,0.058934666
0.60199267,2438.8865,2.2741036,0.8799939,0.11125433,0.12699777,0.07278333,0.08655207
0.6227264,2745.6902,1.4960678,1.5018984,0.11260712,0.08575712,0.10714224,0.043139014
0.6636114,2138.9102,1.1770718,1.2685536,0.10263571,0.07941727,0.06465279,0.094706446
0.61879414,2265.409,2.8213148,0.88546306,0.12377541,0.07528803,0.06804602,0.05249925
0.60952437,2865.7666,0.26558664,1.527991,0.10319525,0.12726034,0.08602741,0.09388519
0.61653566,3720.3145,0.27271926,3.1030455,0.14243458,0.15293908,0.0811726,0.08140224
0.6242991,3428.2336,0.34590587,2.7364068,0.13603945,0.15509851,0.07992267,0.07114349
0.62740874,2409.6223,0.2587462,1.1862113,0.12352916,0.10973931,0.06761286,0.06228845
0.66206986,2210.2375,2.1118271,1.4318563,0.079511896,0.1183099,0.054008536,0.07336032
0.6705311,3157.6978,1.7912905,4.7634215,0.09469886,0.111019164,0.11289697,0.068996705
0.65030646,4251.366,2.1192062,7.916087,0.13489756,0.13828136,0.084776014,0.062210545
0.6607884,3963.2285,1.8527873,7.734044,0.08627081,0.075114705,0.06411177,0.08153474
0.6342299,4995.213,2.9850082,8.975551,0.080831066,0.091789484,0.08880928,0.05147064
0.6318075,3200.4624,1.1127834,2.7127686,0.10754481,0.09955984,0.09186381,0.11455381
0.6596141,3228.9692,0.9298902,3.8625581,0.11007309,0.1743935,0.10303791,0.11411959
0.65596753,3117.907,1.0316111,3.436319,0.10555446,0.17692721,0.1080267,0.11926395
0.65348226,3910.457,3.0717201,6.41557,0.14573397,0.080263436,0.05608626,0.064938374
0.6328951,3807.473,0.88087946,4.5000186,0.12936386,0.07491615,0.073407695,0.075109765
0.7072865,2676.797,0.42785957,5.2859397,0.08487359,0.12002105,0.062702924,0.0653252
0.6202925,3028.6982,2.3516712,2.2524638,0.173886,0.14059947,0.099772684,0.11354119
0.59312266,5358.479,1.3323069,5.7449493,0.10201424,0.06874716,0.16731928,0.09332076
0.6137898,3970.9934,2.7746742,3.7616317,0.10719388,0.073880866,0.13882326,0.1267802
0.64171565,2948.5613,1.4419782,2.4743564,0.098926365,0.08946155,0.114748925,0.16496202
0.69504696,3038.8582,2.0728674,7.1676264,0.09446002,0.15316948,0.11826949,0.11409913
0.62541556,5434.049,1.7600759,9.978468,0.22347642,0.07424866,0.06099846,0.049306124
0.5885847,4448.7725,0.45234782,3.2091422,0.10607115,0.11168191,0.08424726,0.08225393
0.6128118,3752.5437,5.3065114,3.117625,0.10481686,0.07591037,0.051081017,0.058618527
0.60443354,4588.596,3.9215744,4.538038,0.11476468,0.06898032,0.04686061,0.06263788
0.60226816,2942.4036,0.4903923,1.4356917,0.13904853,0.0839438,0.085350886,0.07726179
0.6085903,2773.1506,0.2823336,1.4196265,0.19097765,0.098291166,0.09549609,0.061019972
0.68275106,2133.8186,0.21591225,1.6198086,0.08510728,0.1080666,0.0649481,0.07035365
0.6919565,2507.535,5.1136727,3.0778263,0.07917919,0.12689883,0.10289142,0.0825253
0.6536216,3348.5508,1.3543695,4.014191,0.12813556,0.12932736,0.10566522,0.11211851
0.65729326,4410.768,1.5664748,9.878867,0.12981325,0.119263574,0.10562238,0.07940631
0.6452512,3717.3713,1.5580419,4.7610126,0.108098194,0.10546538,0.07482209,0.09829501
0.6861649,2247.626,3.0657547,1.9795283,0.13765617,0.12616521,0.065863304,0.06630226
0.6146872,1989.0056,1.5843202,0.6218494,0.14241835,0.08753418,0.06663946,0.09190224
0.6053966,2023.598,1.4632953,0.57441103,0.13665037,0.08275075,0.077818066,0.09436285
0.609642,2161.4417,1.2246001,0.67495006,0.12455765,0.11409834,0.07405378,0.0741573
0.6490574,2061.3794,0.6595587,0.9300726,0.14205898,0.09486319,0.0525638,0.08844147
0.6883608,1982.6282,2.4008281,1.3917546,0.14134488,0.1016808,0.04914078,0.13403992
0.6720561,2487.1848,1.7949452,2.2559114,0.12384177,0.08653241,0.05188613,0.14052665
0.6735325,2014.8922,2.5867014,1.203861,0.14449236,0.10460705,0.051474713,0.13740224
0.6096302,3089.9714,1.8505356,1.8131347,0.12329668,0.1455779,0.06791197,0.061533976
0.6285607,3363.2104,1.5652683,2.9008656,0.08609246,0.13977376,0.07984361,0.07174895
0.62439585,3374.6455,0.7628545,2.5540733,0.114023685,0.15747613,0.08197976,0.057071358
0.63148874,3700.7896,1.5953293,4.015218,0.09430664,0.12810202,0.09550367,0.077651374
0.6415017,2609.0906,1.199778,1.8054457,0.13844341,0.094734475,0.10843888,0.12911612
0.5821214,2843.371,3.1400146,1.0781939,0.08564995,0.06747128,0.12452021,0.17133868
0.632527,2680.8215,2.1138098,1.6599319,0.088769674,0.065994605,0.12367892,0.1861551
0.6567862,2261.8225,0.86585814,1.4394633,0.09928514,0.10387541,0.1147625,0.15572044
0.6815869,3615.814,3.0180779,8.918593,0.09904925,0.08846338,0.10383882,0.06907604
0.6117069,5675.0747,0.76115996,8.641865,0.10555147,0.11047972,0.053472124,0.06292685
0.60529834,5891.045,0.68438,8.313325,0.10529464,0.1067958,0.05088886,0.059859928
0.62264234,5232.013,3.611301,8.587551,0.12977327,0.065978445,0.06500962,0.07319206
0.62473017,5052.291,2.057161,8.247851,0.18636045,0.07390206,0.054620527,0.06152821
0.6508647,4311.9395,1.7366812,8.926971,0.16323158,0.10311079,0.07399587,0.08623365
0.6017702,4689.99,0.48273215,4.7506237,0.12802084,0.14576577,0.08071049,0.05842577
0.68488336,3342.5112,3.792315,7.737899,0.104371265,0.08354257,0.16054162,0.08252965
0.64069164,3546.7,0.41674137,3.8805997,0.117684595,0.15740469,0.036918793,0.05352189
0.6011525,4359.651,4.135173,4.0587707,0.1211632,0.08621172,0.11019398,0.099962644
0.5604226,4382.9844,0.96093863,2.380941,0.10578771,0.11659459,0.13219611,0.10347234
0.7258066,2539.721,1.0233239,6.636157,0.123052165,0.08031776,0.086934485,0.06413599
0.6485116,4391.4,3.109854,8.09563,0.11824011,0.11799817,0.062266264,0.09154971
0.64837986,4472.5933,3.0823622,7.9679446,0.11804758,0.11762499,0.06287543,0.0913062
0.6499833,4505.361,3.103224,8.409058,0.118272305,0.11268163,0.063923575,0.0850789
0.63994414,2391.388,3.71379,1.2820519,0.12518145,0.11534117,0.10060075,0.0675722
0.64559615,2422.0972,3.3496044,1.3383539,0.12888978,0.10730007,0.09764783,0.070476025
0.69375074,2165.283,0.41010997,2.0555007,0.09208182,0.1343098,0.072480544,0.10083875
0.6528713,3437.093,2.1197658,4.5269876,0.14925759,0.073234454,0.07711929,0.05143188
0.70907575,2068.8247,1.8797115,2.156018,0.16535148,0.12641549,0.07299842,0.110654235
0.64927423,3525.5474,0.68043786,4.4952955,0.1278957,0.1200681,0.07263345,0.042623248
0.64588785,4001.9646,0.76796764,6.1556687,0.10392763,0.104339264,0.061567638,0.12171736
0.6379626,5109.8887,3.0085318,10.628557,0.123495586,0.08965361,0.09542647,0.048627064
0.68324554,3298.405,1.197401,6.9351006,0.100105815,0.08038113,0.14753842,0.06403203
0.5727443,4289.661,2.0706108,2.4952624,0.1007758,0.10270122,0.15551704,0.092655525
0.7292583,2888.0002,2.0392587,10.62407,0.14248212,0.08806091,0.06835653,0.09688418
0.685079,3732.317,0.6064751,9.836269,0.12662046,0.089644656,0.066915765,0.07425407
0.7057861,2337.4265,2.1186862,2.811623,0.10073905,0.07465353,0.08205894,0.090786576
0.6453987,4695.223,1.8326885,9.881546,0.19773358,0.09893139,0.082928136,0.09035556
0.66271675,3596.3938,1.317938,6.2122936,0.0847344,0.083675385,0.06436406,0.051828552
0.6349233,3427.8396,0.2561159,3.2063322,0.075487286,0.10149561,0.053909373,0.06505943
0.65674186,3513.9465,3.3297634,5.1557417,0.09027284,0.09525032,0.078850195,0.07127633
0.6505608,3562.865,0.6875919,4.57456,0.09673704,0.14488117,0.080672055,0.051361185
0.6781349,2508.531,0.63149273,2.4285886,0.103830844,0.1425539,0.07916687,0.053822964
0.6411788,3952.596,3.5217516,5.56072,0.10812606,0.07357578,0.055831492,0.07756798
0.6684425,4303.1143,0.32360214,11.804903,0.09747786,0.12895581,0.10759495,0.055226877
0.6254877,1849.6532,2.1604338,0.49855742,0.12524453,0.10477584,0.07016825,0.09548384
0.61943,1642.8248,1.900919,0.4242648,0.12774256,0.10864656,0.06845991,0.09753512
0.61530596,1955.0486,4.0417824,0.62228346,0.11447968,0.08815692,0.08869789,0.11973444
0.6682142,4270.586,0.5447014,10.573246,0.14917274,0.12790176,0.065072276,0.040266834
0.67354345,3357.1157,0.086290725,6.0277424,0.13823411,0.07514939,0.07758868,0.09502144
0.65191925,3443.2358,4.000761,4.267846,0.13361971,0.090768464,0.06306554,0.04732634
0.69502,2420.6704,1.3507601,2.879856,0.15057057,0.10285802,0.08993438,0.065527365
0.6629861,2851.0703,4.6953297,3.0110145,0.16647324,0.0920455,0.08088353,0.060954858
0.6773911,2752.595,0.4967943,3.047177,0.08841874,0.16005924,0.091436565,0.053112067
0.68134564,2722.1018,0.31680074,3.161568,0.09874511,0.15782121,0.08179936,0.054467607
0.6422254,4339.446,2.4386365,7.2372394,0.10630777,0.10991784,0.11698007,0.054325663
0.66531706,2502.8782,2.2483432,2.0345445,0.076710194,0.09992762,0.067721434,0.045694295
0.663265,1968.7513,3.908512,0.9917588,0.0766098,0.1136547,0.07063433,0.05016216
0.64783037,1903.6997,2.9979281,0.743605,0.09861662,0.10422654,0.06865262,0.048970327
0.7140528,1763.141,2.480045,1.3319013,0.095142245,0.11815804,0.082578994,0.085130095
0.7408053,1823.2045,1.754163,2.2507043,0.105069146,0.10736399,0.06812069,0.07550694
0.5804512,5209.858,0.18622153,4.741526,0.11852447,0.08264523,0.08286831,0.06969904
0.63476694,3310.668,0.5562848,3.0643663,0.1134493,0.10185027,0.059139524,0.06973311
0.64076465,3347.9084,0.82060426,3.4113166,0.118787,0.09644351,0.098679185,0.06423489
0.65453047,3276.8755,0.6372333,4.2157345,0.12871775,0.10279952,0.10208161,0.06448633
0.6386079,3484.694,0.54345125,3.8184245,0.1236617,0.100044355,0.110176876,0.06823125
0.6280851,3592.8525,3.4986215,3.3424764,0.10752707,0.08646223,0.054639895,0.077455305
0.6366953,3569.115,2.3582492,3.8364625,0.09688116,0.078094326,0.07989531,0.0767802
0.73959047,2038.7307,1.3566091,3.1613648,0.15660103,0.10198115,0.05761833,0.075533174
0.71733886,2147.8804,3.215464,3.21134,0.14925735,0.102804005,0.059819724,0.065287635
0.70765567,2375.4207,2.9550855,3.0275674,0.15587088,0.10700625,0.047170073,0.057222866
0.6878762,2689.6948,1.4165452,3.5439067,0.13413504,0.09328221,0.050509647,0.06942132
0.66965795,2935.8755,2.3244486,3.3760805,0.11909588,0.1529627,0.08851861,0.066021845
0.6250631,4487.584,1.1389908,5.98851,0.07262474,0.06878466,0.10282227,0.06415787
0.6738655,3322.9758,1.214363,5.7709837,0.15776838,0.10671374,0.16228652,0.061129324
0.63474405,4207.4126,2.3218546,5.541954,0.15449579,0.098267615,0.06275898,0.07183732
0.6359306,4260.9336,2.7400944,5.726961,0.15587646,0.09895281,0.06275029,0.07331389
0.5844759,3709.1597,1.6625544,2.2268767,0.09037672,0.16390955,0.07286624,0.11164217
0.6137161,3875.7905,2.8041584,3.1923666,0.10104656,0.116664946,0.084278315,0.08627908
0.6101896,4380.0454,4.770801,4.222795,0.102694355,0.10400179,0.07085363,0.06917547
0.66551375,3748.7458,0.5487848,7.3036947,0.12838931,0.098096386,0.09691577,0.0814412
0.63196445,4023.6702,0.9544595,5.0968304,0.11135594,0.11052899,0.13517898,0.12382234
0.6544787,3875.555,1.0584092,6.1915994,0.14313094,0.14425847,0.10491327,0.0433051
0.6326231,3795.221,0.0973041,4.25767,0.10695927,0.103487164,0.07832505,0.063789584
0.63204074,3651.8887,0.1804441,3.5989797,0.08462998,0.10176131,0.07849782,0.058987074
0.6337394,3600.042,0.14894788,3.5730174,0.08159367,0.08539149,0.07948165,0.04075265
0.6519652,3209.4675,0.32495847,3.3771236,0.079614475,0.076719046,0.08565197,0.046812244
0.6526169,3350.185,3.767331,4.174108,0.17820042,0.14742042,0.08753468,0.11016895
0.691652,2236.1367,0.4487941,2.0787735,0.13396274,0.28558192,0.10514663,0.05426848
0.7061118,2323.9797,0.7155354,2.594708,0.1218602,0.3409053,0.09131404,0.056892544
0.7280076,2030.2476,0.7321966,3.0624712,0.12307761,0.24362855,0.104402296,0.064083606
0.7323653,2170.4944,1.4503807,3.9699852,0.12226008,0.27951702,0.09899462,0.081787184
0.5686447,2949.632,0.9591245,1.016323,0.108441055,0.07653911,0.06888556,0.053679757
0.7115053,1901.4076,2.345613,1.7366585,0.10364974,0.09284887,0.05775262,0.06755334
0.72290134,1796.5424,0.38720307,1.871124,0.15036532,0.0848121,0.1065073,0.1301251
0.6761594,3186.0457,2.5865178,4.917596,0.19478637,0.112657905,0.06393131,0.057218775
0.6719056,3617.884,2.725295,7.3593864,0.1832279,0.15819785,0.056694187,0.071799636
0.65337366,2730.6465,0.18590587,2.3747268,0.109793484,0.06350653,0.1252235,0.060931332
0.6715378,3447.0632,0.038343634,6.2173266,0.13129236,0.06695439,0.10727032,0.060693886
0.6320642,3524.4995,3.9178796,3.3332343,0.1490427,0.13975015,0.08690075,0.07511784
0.6065041,4127.32,0.32871386,3.6531622,0.13555516,0.06557391,0.058476396,0.060740963
0.6360759,3362.2483,0.40538082,3.1952443,0.11441826,0.11039312,0.06586166,0.07155799
0.65437484,3388.8823,2.7285202,4.2288456,0.1444585,0.12438437,0.062458187,0.046273045
0.68449295,3371.405,0.16460417,7.373707,0.117140606,0.13441794,0.071034126,0.047657333
0.6311391,3398.6345,0.9282834,2.8372881,0.15309097,0.07370365,0.07262152,0.096247874
0.68676233,3174.655,0.6968987,5.8229017,0.12389865,0.10808609,0.059450906,0.064564526
0.6842665,3322.412,3.9278133,7.5533814,0.18720646,0.12148931,0.080521494,0.05236228
0.723108,2418.2312,0.809138,5.6367035,0.3261485,0.106502526,0.1419621,0.06621935
0.7481597,2384.062,1.4100143,8.257958,0.2508724,0.17536649,0.050492562,0.1056691
0.7473239,2300.6567,1.2649314,7.2414646,0.23264018,0.17451535,0.05190057,0.109613426
0.6606714,4615.706,2.512953,11.366956,0.15597482,0.14844611,0.07903753,0.0766567
0.62091744,6023.509,1.4643185,11.473881,0.13973865,0.118862726,0.047653127,0.05965444
0.68660665,3458.201,1.0440214,8.818157,0.089317665,0.08345541,0.13728045,0.07522345
0.5910971,6296.7607,2.6409292,8.568991,0.10037176,0.10953693,0.117139824,0.079043105
0.69098604,2946.167,1.1562234,5.205848,0.10236992,0.14570524,0.0735365,0.04486397
0.6398002,2708.4333,0.9873037,1.804811,0.075953744,0.091452956,0.06529747,0.07076284
0.5951501,2497.1082,0.73594934,0.8529899,0.07838217,0.119662754,0.06574819,0.06094024
0.6340786,3115.8823,3.0047727,2.456322,0.11781623,0.16988872,0.06591912,0.0702176
0.6253379,2045.4,0.47875178,0.68877244,0.0695895,0.14275296,0.067851484,0.054834906
0.62198895,3417.9924,0.17770596,2.6973724,0.13132334,0.07779814,0.07595731,0.07899876
0.65240014,3770.7795,2.7235534,5.5618668,0.15696886,0.11439317,0.0656325,0.1164068
0.6221412,4105.05,1.4610047,4.6253276,0.1473233,0.13451871,0.08969025,0.07533748
0.65118206,2814.451,4.053705,2.549072,0.13854276,0.14034098,0.078720175,0.08337771
0.67294437,3772.3545,1.5256082,7.8111224,0.13271184,0.12097866,0.069245815,0.07588814
0.6860467,3207.0508,0.8142773,6.524723,0.15279466,0.12062423,0.063181765,0.060885083
0.67522806,3514.1567,1.8657498,6.889307,0.13209674,0.09159442,0.06957361,0.062157113
0.62996346,3630.3618,1.5090853,3.5539129,0.10042541,0.112220965,0.07504441,0.0660662
0.6634703,2019.7777,0.94880927,1.0722976,0.12679307,0.09545284,0.07624922,0.071330234
0.67041427,1875.2883,0.97404677,0.91990846,0.12616545,0.09763465,0.0723126,0.06651257
0.6479021,2498.3997,2.9457572,1.6551658,0.0879032,0.05410979,0.08395401,0.052607015
0.59554905,2820.8154,1.9010925,1.3554387,0.094450876,0.053190738,0.08628163,0.059985366
0.70260996,2058.189,1.8044837,1.9595268,0.17876492,0.246733,0.11604106,0.079872474
0.71360326,2165.3533,0.45518973,2.701503,0.1762514,0.22555926,0.11405566,0.10429681
0.70127803,2383.0532,0.45668185,2.969065,0.18219662,0.2206455,0.1128361,0.109219074
0.66057575,4136.57,3.7699733,8.519058,0.123153545,0.11893762,0.06091409,0.046987094
0.6176363,2654.6028,0.9849607,1.3360155,0.1226104,0.09279841,0.103598624,0.105352625
0.5920899,3052.8645,1.9818988,1.5097952,0.09996813,0.11539951,0.08184254,0.09409126
0.6000091,3279.579,2.0433443,1.8454212,0.09307642,0.11427622,0.07565656,0.09293451
0.5766054,2826.9534,1.7562208,1.027206,0.09795371,0.112513036,0.06633626,0.06874354
0.6937329,3540.487,1.8169225,11.331785,0.16550457,0.08928847,0.09040274,0.071147546
0.60957193,4467.3735,1.1624913,4.865782,0.17315367,0.11900397,0.069337785,0.068788305
0.6258161,4814.717,2.9230504,6.874614,0.15115154,0.12824136,0.07089146,0.10481621
0.67455524,4281.609,1.0742667,11.905687,0.07404727,0.14734975,0.078412786,0.0477918
0.56987476,1747.5562,1.1671337,0.32241416,0.18777913,0.07007723,0.0708772,0.061277553
0.57003146,2250.57,2.2288043,0.55389297,0.14752033,0.09367723,0.05637212,0.055267196
0.5690297,2396.729,2.2491462,0.6347034,0.15269966,0.12167599,0.09905726,0.06906804
0.56632227,1641.204,2.2206013,0.25922227,0.13840339,0.14202176,0.05302646,0.08204115
0.55025065,2218.0823,1.2034343,0.44144595,0.10284137,0.15675303,0.056214083,0.071490824
0.55768627,1829.237,3.5607784,0.33494896,0.12621254,0.14251229,0.06818547,0.042742934
0.5616794,2023.5732,2.189309,0.39879093,0.11515358,0.13539177,0.06740554,0.050043754
0.52348286,1764.7917,2.0219557,0.2397761,0.0953571,0.06900704,0.1535353,0.09917151
0.5174134,1927.2085,1.5727566,0.29126984,0.079864934,0.06494983,0.13336942,0.09384126
0.5044722,1424.1215,1.2265638,0.13035026,0.07989758,0.10372294,0.10385832,0.06602558
0.5117615,1396.1478,2.2613802,0.13872883,0.14032501,0.100218534,0.10936181,0.08211559
0.6762962,2182.5085,0.89760995,1.7242513,0.097772464,0.110786535,0.087336205,0.06993633
0.66773736,2234.124,0.62095296,1.5343324,0.102950044,0.08903226,0.06917405,0.059406344
0.67973584,1863.024,0.20934077,1.0096661,0.0912623,0.09960712,0.08424989,0.042689994
0.7058444,2378.3796,4.178657,3.7201447,0.111451104,0.076143906,0.104438595,0.055056468
0.5873222,4239.137,0.30947965,2.9059217,0.08661334,0.09975972,0.07231889,0.074310765
0.63157237,3488.1785,0.41465363,3.1397984,0.07731492,0.11004019,0.071088,0.105187476
0.6635456,3323.1655,4.0017676,5.013407,0.11057654,0.0879678,0.11064289,0.044726454
0.6869763,2731.6975,0.19746175,4.0466003,0.12626472,0.084468015,0.11687082,0.10843769
0.6072691,3965.4731,0.88082266,3.1253078,0.13630751,0.10513475,0.081610054,0.07522385
0.63106656,4120.986,2.6438234,4.9780216,0.11089187,0.095893465,0.08447466,0.06644476
0.57435274,4911.828,0.9724101,3.8632503,0.13494253,0.13564378,0.08066513,0.09897366
0.5866416,4564.656,1.0222396,3.8430943,0.13693057,0.1312817,0.079027355,0.10340526
0.592214,4520.8267,1.1344923,3.4423,0.13560635,0.13506989,0.08017322,0.10012424
0.60820675,4236.978,2.057195,3.8904815,0.14558116,0.13465112,0.0809198,0.09353527
0.6194352,4174.5146,1.5733275,4.02951,0.14181142,0.13459525,0.078219794,0.09281051
0.64254606,3150.3406,2.8473995,3.1189034,0.13504797,0.07434816,0.07804007,0.06872604
0.66221166,3561.6643,2.4018614,5.9372196,0.105217345,0.11232046,0.10541315,0.07328911
0.61214274,4712.0093,2.7229483,5.555454,0.088283524,0.097058184,0.06717491,0.09331891
0.67836446,2982.8557,0.74316746,4.55585,0.11829958,0.09542014,0.098005824,0.07124493
0.6433898,5180.206,0.17324142,11.331796,0.15073124,0.07995652,0.109540984,0.058499224
0.6833021,3478.727,0.6798129,7.4371986,0.108039886,0.110383384,0.09612383,0.09703523
0.6434635,4736.9272,2.298984,9.055467,0.0758946,0.15027307,0.08637157,0.048575893
0.65027016,4440.0674,2.2354996,9.263989,0.09065877,0.1408511,0.09957589,0.04909004
0.63896525,4860.967,1.3778592,9.072483,0.10106,0.16229561,0.091542765,0.06177284
0.6084025,4317.046,2.0767202,4.0374494,0.17391925,0.119775414,0.053866923,0.06933159
0.6314529,4320.8984,1.5562822,5.7521577,0.17725503,0.11529086,0.05474417,0.07904275
0.7012898,2078.804,2.2968335,2.0436347,0.091756314,0.08569836,0.08112303,0.08140573
0.704507,2458.7124,0.66642624,3.7329698,0.088988796,0.10839548,0.07640838,0.17063724
0.6883813,2752.144,0.6057979,4.0064764,0.1126557,0.09235522,0.079055,0.060939774
0.6874015,2780.9573,0.39392886,4.109416,0.111751646,0.09294754,0.076686256,0.061193794
0.71574503,1854.5488,1.1786551,1.7224016,0.19094425,0.08755952,0.067132935,0.06630181
0.68180287,2277.4531,2.3993182,1.9443399,0.21239491,0.09924678,0.0826581,0.05683784
0.7165437,2819.7124,1.096956,7.9356394,0.14083788,0.08265044,0.078178406,0.0681925
0.7199664,2626.0732,1.3707836,7.154278,0.14421837,0.08108594,0.072807245,0.06763843
0.68825245,3028.0293,1.157444,6.0998883,0.23898111,0.121863164,0.07515311,0.14652936
0.61908865,2015.287,2.1959894,0.67029345,0.15157035,0.07686418,0.054288864,0.08507659
0.6304099,2169.988,0.4333682,0.8326387,0.10021751,0.12484953,0.092163965,0.08979505
0.65829587,2447.781,0.31010434,1.6543183,0.13478677,0.11241943,0.09301096,0.044083983
0.5999999,1840.0758,0.2514793,0.45015466,0.11265498,0.08527042,0.09150768,0.05852562
0.661433,3434.0703,0.8388925,5.1919518,0.10337536,0.09927487,0.07826148,0.05941806
0.67104983,3027.7568,2.0636313,4.036967,0.114357084,0.11503682,0.064407825,0.0712689
0.59111315,4281.09,0.52629364,3.0867097,0.10966435,0.09716719,0.07374967,0.108076885
0.62848663,3414.34,0.53642035,2.9225934,0.1568057,0.1173131,0.058474224,0.100578085
0.67720187,3680.4011,0.65393066,8.245924,0.1023666,0.091838166,0.07625355,0.052225374
0.64924204,3956.5886,1.8919662,6.312102,0.10745703,0.08919288,0.06476153,0.054876536
0.6599769,3465.2058,1.3320737,4.840722,0.09131217,0.09484406,0.06361294,0.056880865
0.72221285,2801.6038,2.4348283,8.199652,0.08421495,0.08407209,0.07090773,0.14408612
0.67708004,3602.1917,0.5317018,7.868119,0.21240881,0.11512144,0.066338554,0.03856644
0.6832407,3657.0356,2.5182981,9.59079,0.16273084,0.109466285,0.069483064,0.078220665
0.6757628,3969.6997,3.5464237,9.9592285,0.17192118,0.10595564,0.06847343,0.08172824
0.70583814,3369.2007,0.8084898,11.6844635,0.22293349,0.07506839,0.06675949,0.07297443
0.66404504,3220.914,0.9087617,4.337422,0.076620445,0.14220904,0.07369653,0.0787223
0.60218966,4284.0435,1.3000011,3.5374935,0.20104444,0.09485528,0.07495368,0.056609068
0.6028244,3885.8225,1.1186334,2.9282298,0.16115025,0.108815916,0.077763796,0.07387396
0.60828847,4074.6648,1.0713705,3.4411714,0.1614468,0.11581309,0.08569565,0.07171919
0.7023252,3097.2988,1.2437674,8.203197,0.1683819,0.0943698,0.07570761,0.068578646
0.6890088,3193.9832,2.909034,7.2774878,0.18224847,0.10050984,0.066903725,0.0572401
0.67617184,2887.9473,1.4212286,3.6632943,0.23364021,0.07447497,0.06434858,0.056623284
0.6221206,3737.4297,0.5257603,3.6439848,0.1507506,0.09315881,0.07465945,0.091921434
0.59278977,4294.1133,2.6331491,3.544979,0.12023735,0.16310367,0.0958824,0.09439311
0.6286513,3837.7466,1.3123472,4.5072336,0.13417943,0.08504595,0.10837427,0.06528103
0.6760332,3814.399,2.5698876,9.333291,0.16079904,0.133541,0.10983236,0.060556628
0.59073937,1845.9282,2.0475059,0.43941885,0.0761073,0.076466605,0.080477625,0.07747339
0.5409574,1842.5173,3.6491287,0.3019924,0.09525662,0.079308,0.07844682,0.04801128
0.50151837,1661.6564,2.184791,0.1835658,0.13024402,0.0908891,0.09376323,0.069346316
0.51224375,1412.1653,2.0885158,0.12151066,0.08692746,0.07739265,0.06900383,0.08165845
0.5280084,1761.5581,1.7610943,0.26149616,0.13922481,0.10353188,0.09190248,0.04939949
0.51633304,2027.2966,0.7081402,0.2916233,0.13505624,0.10208826,0.09420888,0.07928477
0.5183537,1319.812,1.7241522,0.119641386,0.11840675,0.09262982,0.08323762,0.07189299
0.53644776,1870.6952,0.6864662,0.27863097,0.15420413,0.07250523,0.08862266,0.11557934
0.5111426,1704.7772,1.8046247,0.22345062,0.07338365,0.11453726,0.14268766,0.04957429
0.52547795,2052.801,4.8774986,0.3455779,0.07739525,0.12933469,0.14768463,0.059611164
0.5138588,1533.9825,0.8257302,0.16893886,0.098360255,0.12863348,0.1420595,0.05170572
0.5165402,1809.7136,1.5097749,0.25407606,0.09036298,0.101013586,0.117496,0.0823036
0.48814374,1388.1619,2.8273287,0.09373002,0.11308473,0.0886693,0.07325141,0.07633114
0.513143,1352.8363,2.5464926,0.11315691,0.10267499,0.075767525,0.087362945,0.08650607
0.71937335,2513.1143,3.4893441,5.2009225,0.13313127,0.14182009,0.065535754,0.08296106
0.6652065,2672.4873,3.028013,2.6060336,0.11745245,0.11106886,0.065329626,0.04595848
0.6604174,4430.9775,1.7533057,10.596785,0.08370851,0.10277717,0.09835828,0.0772473
0.66317165,4339.6074,1.6470273,10.650179,0.08104885,0.09809524,0.10091595,0.07672197
0.66194785,3309.9946,2.5104492,4.581678,0.11731484,0.08895409,0.055527322,0.052321747
0.6193588,4379.1323,1.1465138,4.9348173,0.10656572,0.079968624,0.07456864,0.08884302
0.6098526,2991.9792,2.2457764,1.6600814,0.1859991,0.09124714,0.05936006,0.08218152
0.60791826,2658.609,1.2840756,1.213416,0.07653646,0.09486817,0.073454425,0.06648609
0.7173101,2087.607,1.1344984,2.5548558,0.15469354,0.0795001,0.12274688,0.06915797
0.68036693,3738.9688,1.3346978,9.347762,0.11848825,0.16415761,0.05894796,0.058571097
0.593197,4135.613,1.6068721,2.9477725,0.2666842,0.07110473,0.09121414,0.07727819
0.643075,3580.6807,1.8806365,4.166648,0.3231625,0.11659565,0.06525652,0.06391791
0.63874996,4341.6216,2.6869636,6.69075,0.24276452,0.13191855,0.09312905,0.098945044
0.70577013,3024.1243,2.1668162,8.13219,0.0794863,0.08094762,0.09556633,0.1545709
0.67706025,2405.707,1.1828604,2.2390554,0.098425284,0.080298,0.08776043,0.07154175
0.6714064,2426.0862,1.1673746,2.0548766,0.10156159,0.08029678,0.090407714,0.07178314
0.7157136,2091.6309,1.404914,2.4669151,0.0841379,0.098405614,0.065334566,0.06275066
0.7536597,1513.874,1.9897609,1.6312814,0.116054475,0.0945277,0.05667747,0.05854503
0.73702097,1763.1198,1.9088709,2.0293064,0.13601694,0.08446811,0.07352401,0.066783
0.69519794,2188.1804,1.9902319,2.1002052,0.12804602,0.10318826,0.0762371,0.09544465
0.6683997,3324.1921,1.492769,5.003646,0.12649113,0.12067209,0.061632924,0.074068874
0.656182,3727.4026,0.22334236,5.4435754,0.1231238,0.11674839,0.06334571,0.06041634
0.7118212,2816.7937,1.0695629,7.5002813,0.10495272,0.06827301,0.072828285,0.06637899
0.63087493,5200.1714,2.4796069,9.385039,0.09387828,0.121424936,0.06439381,0.065536946
0.60705405,5936.2983,3.2319617,9.598805,0.085287705,0.10005805,0.059559096,0.0825396
0.7007869,2871.07,1.334533,6.443415,0.14647308,0.1376255,0.10141634,0.056639593
0.59933454,2487.9155,2.1058154,0.9277353,0.083748996,0.094117805,0.053881064,0.07771733
0.60806406,2928.285,2.485737,1.5999436,0.08381403,0.098277315,0.054861885,0.1032881
0.6742964,1997.8203,1.204493,1.0667979,0.17057222,0.10868736,0.07416835,0.096793726
0.6942765,2097.8381,0.7721609,2.1270812,0.16521096,0.113151915,0.10399014,0.06661169
0.7059334,1903.5629,0.25959647,1.7659764,0.17971346,0.124955244,0.080829054,0.05530769
0.6506492,4723.8677,4.822817,11.400766,0.09126287,0.10901371,0.09949063,0.087037705
0.652499,4699.8467,0.46759808,10.480652,0.087617554,0.05781755,0.10915777,0.09471643
0.6055768,5430.373,0.29881597,6.8169928,0.10771001,0.109500825,0.08750126,0.07643587
0.6805497,3940.0432,3.894461,11.860516,0.12836786,0.083223,0.10818813,0.061968025
0.5609425,2504.1785,0.22573152,0.5799916,0.13667856,0.11965123,0.05775624,0.07044399
0.59604424,1726.0388,3.9185495,0.3585409,0.10941452,0.122823134,0.10952594,0.109180205
0.57586086,1821.303,1.4799857,0.34942824,0.0948933,0.12295375,0.09463979,0.1240189
0.60275286,2301.977,1.2715493,0.80146885,0.14314489,0.07191306,0.0751069,0.08433074
0.672958,3986.1426,1.5349317,9.620447,0.08620571,0.14829683,0.07883617,0.06401225
0.6317275,4894.791,0.33356974,7.8715787,0.10274468,0.09754649,0.0593209,0.054762814
0.6862268,3692.094,0.24539831,10.447075,0.10746892,0.06926969,0.07506096,0.09483108
0.6949958,3332.8262,0.40575978,8.694328,0.10154087,0.07575194,0.07027992,0.070521384
0.57649696,5663.4526,3.4156096,4.9872675,0.12212281,0.12654275,0.108289525,0.0680111
0.6010736,5583.569,3.7720935,7.131662,0.12430077,0.1335221,0.11401423,0.06527153
0.7067768,3323.4578,3.5923638,11.041681,0.10906804,0.06957552,0.055225864,0.09080799
0.7075421,1940.5917,1.068217,1.9607122,0.122104816,0.081910186,0.06640862,0.06391689
0.64573884,2592.4553,0.10423943,1.6123194,0.121256396,0.11909831,0.06694106,0.06959245
0.666467,2235.6062,0.123449236,1.4960098,0.12929091,0.10417357,0.078234866,0.16354138
0.7066231,1991.897,1.0371668,1.852005,0.17366824,0.14927882,0.07505914,0.124175504
0.52076447,4117.2417,2.8912838,1.3454521,0.22765459,0.11845297,0.08311937,0.04439801
0.5642887,4375.13,3.347722,2.3211136,0.2970013,0.123028874,0.08483291,0.080950536
0.6473712,3871.4558,0.63354933,5.564025,0.27524087,0.11025984,0.054555167,0.07107004
0.62635905,4051.6887,3.8093498,4.4886665,0.14259851,0.081838354,0.06648156,0.0587458
0.589547,4015.5742,1.4883608,2.5834308,0.14184874,0.089775234,0.06672913,0.04376468
0.698011,3085.6758,0.7839803,7.1519346,0.097413875,0.10132102,0.06578532,0.08697277
0.6128495,5472.151,0.104749165,7.8292694,0.15671255,0.091644794,0.07809789,0.0489788
0.6712284,4240.414,0.17444132,11.420952,0.09682936,0.11086779,0.058619868,0.06042013
0.6156104,5231.1406,0.3021727,7.2582603,0.15143679,0.17648704,0.07226251,0.06686877
0.7335956,1650.2394,0.034635924,1.7698914,0.10181352,0.07379907,0.08164321,0.06338245
0.66947293,2063.1565,0.014504344,1.3456023,0.12188092,0.18628272,0.08464798,0.10300204
0.65016705,2624.4421,0.08871056,1.9419905,0.123002976,0.10342925,0.043285847,0.057463102
0.6945386,2931.7195,0.41762236,5.498725,0.10798743,0.11281805,0.080063015,0.078429
0.6815506,1791.2534,0.845534,0.9419846,0.13569203,0.14681171,0.06537397,0.08482565
0.61340696,5444.6367,0.48339638,7.932817,0.109591685,0.0841556,0.08447349,0.047905847
0.67900735,3784.5164,1.9092989,9.208174,0.10331287,0.10651538,0.048610035,0.08437339
0.6116774,3984.8696,0.5158176,3.4686496,0.21017484,0.13741916,0.10957214,0.051533177
0.66956127,4074.3818,1.1394678,10.004374,0.091151774,0.08306075,0.055182245,0.08538858
0.6538242,4545.172,0.8586282,9.875488,0.07846919,0.07489081,0.05701428,0.07856952
0.6183298,4782.349,1.7123489,6.301923,0.099175766,0.122477815,0.07066463,0.09126851
0.6427037,3735.5151,1.6292647,4.6448903,0.111386105,0.12957992,0.054679707,0.093556635
0.6157524,3829.122,3.9419947,3.3585784,0.10538565,0.1207232,0.054470543,0.090631254
0.6290365,4606.9053,3.1644173,7.008912,0.100574516,0.078454584,0.07307318,0.07182407
0.629757,4302.1245,2.8301477,5.785833,0.11486756,0.081655204,0.069957204,0.07193375
0.6408477,4202.6025,1.394738,6.5129323,0.13278033,0.09587701,0.08273073,0.06684318
0.6430552,3843.8105,1.2921257,5.251169,0.11782326,0.13238959,0.07250334,0.10799366
0.7432274,1493.3693,0.47769243,1.1826564,0.087283164,0.10645871,0.11204572,0.15160753
0.6810359,2291.6765,0.6186721,2.1054037,0.20910037,0.08682791,0.06063366,0.04128007
0.67479753,3158.6401,2.0790808,5.100394,0.118390515,0.12048853,0.06588645,0.070220865
0.6533673,2865.079,1.6331896,2.6548738,0.12635179,0.103684366,0.08694135,0.058292642
0.63835675,3549.6763,1.7745647,3.911866,0.15024978,0.13048121,0.06847237,0.048430577
0.6630561,3607.9397,2.0668793,5.8864307,0.07231881,0.09978598,0.06730143,0.10286118
0.64181566,4229.8237,0.9384407,6.059156,0.113637336,0.10004777,0.10454218,0.049563132
0.64083844,4051.8596,0.98506385,6.239315,0.12261566,0.105995335,0.11683613,0.05582449
0.6513046,3874.574,2.413747,5.578153,0.16314812,0.119292416,0.12943985,0.03750252
0.6365345,3799.7812,0.8146124,4.5213985,0.15253349,0.1072792,0.12900557,0.03582274
0.6624213,4305.743,0.11142016,10.471753,0.15280777,0.09492312,0.14935885,0.092298456
0.6296087,3748.0479,0.04000735,3.6789968,0.12997742,0.11288766,0.05152159,0.05102612
0.6100339,4251.5864,0.1251035,3.8060465,0.17293544,0.09545627,0.05795092,0.054659814
0.6028059,4302.9297,0.14445578,3.6639001,0.15097731,0.09682943,0.062211346,0.04550168
0.6401961,3393.885,0.9504826,3.3231614,0.14063224,0.09060803,0.056225114,0.049858067
0.62970454,3592.834,0.41669118,3.409237,0.069260396,0.10752563,0.091573395,0.043135643
0.68419707,2684.4644,1.3160801,3.322386,0.10513382,0.15431689,0.070202604,0.085175045
0.6538738,3980.103,2.43672,7.0215955,0.17591023,0.09637386,0.060286123,0.04744656
0.5894579,3616.1523,1.3630735,2.1758742,0.1795081,0.10142096,0.07010985,0.091331325
0.6877356,3828.906,2.0353715,11.92252,0.10946277,0.10010663,0.08521916,0.06988329
0.6850677,3895.7869,2.6534932,11.539693,0.11486063,0.08733369,0.08109159,0.06924063
0.6431833,5233.778,0.57806367,11.927034,0.124643534,0.09689973,0.097301506,0.0907232
0.6231805,5852.5317,3.6104932,10.899313,0.25892276,0.12579598,0.06542096,0.045392413
0.62164736,5877.4624,0.17889331,10.855974,0.122949205,0.09304814,0.065701194,0.11004992
0.68940395,3229.9705,4.52586,8.076431,0.14713496,0.22826172,0.098830745,0.08855477
0.69355255,3064.8108,3.601647,6.529192,0.13655028,0.20905861,0.0869222,0.07190215
0.7074917,2979.132,1.5352013,7.8163686,0.099992774,0.18230589,0.101875454,0.053444095
0.6666064,3733.0881,3.4088728,6.7112665,0.08588149,0.13749844,0.10090828,0.087652884
0.69170487,3156.8005,1.2023792,7.08829,0.093131855,0.10184554,0.04511291,0.09899779
0.6751546,3474.4907,0.86419433,6.1576533,0.076891124,0.13889556,0.041188195,0.057467405
0.6790419,3431.0679,0.61784154,6.545168,0.07838936,0.13384612,0.041395813,0.054859936
0.6767615,3383.6606,0.5984866,6.257757,0.07625309,0.1357547,0.04177724,0.05450406
0.6805665,3318.7498,0.38562617,6.2906218,0.07524979,0.1263151,0.052539393,0.05528505
0.648171,4670.2227,2.768242,9.781823,0.12730905,0.105662934,0.07351713,0.07051563
0.6614082,4163.6016,1.334196,9.217742,0.117052495,0.13944934,0.06879924,0.062281396
0.6699962,2739.4368,3.7014556,2.9179373,0.13468356,0.15975162,0.098059274,0.070188925
0.6517128,3337.1475,1.1040256,4.1503954,0.10875999,0.11294737,0.10456018,0.07603272
0.6295689,5037.184,3.1733618,9.0589285,0.15844315,0.14297895,0.096357465,0.07990476
0.6732424,3982.3738,1.3848157,9.497518,0.21515766,0.12367771,0.08838993,0.062835425
0.6376635,4852.442,1.7866601,9.475176,0.07143776,0.09444865,0.07732899,0.0662478
0.6499277,2636.4836,1.7429473,1.8670806,0.1476437,0.10193856,0.072675765,0.057031896
0.70839125,2972.0823,1.2321126,7.671203,0.13499948,0.07981055,0.12086161,0.06244913
0.71955407,2747.78,2.274415,8.014323,0.12738113,0.07448012,0.09360959,0.081526
0.5652545,3981.454,3.0926685,1.8696065,0.13839175,0.13877939,0.07747658,0.0780627
0.56816953,3192.7874,0.85000944,1.2675371,0.27088296,0.13077787,0.098628,0.073008135
0.6726342,4297.037,0.60483944,10.795158,0.06891262,0.15701997,0.07082662,0.06467703
0.64806104,4538.909,1.505924,9.0619135,0.17118004,0.06864182,0.08110559,0.05963581
0.6719019,3194.5996,0.6348818,4.5929527,0.15448177,0.17018935,0.073886365,0.08961726
0.59932435,6086.3315,3.3380032,8.992148,0.1393364,0.085670866,0.07744465,0.04976116
0.662831,4097.5903,0.641874,7.893947,0.07904211,0.12954028,0.07555061,0.15482453
0.66285586,4060.751,0.7719024,7.7808256,0.0911501,0.11363465,0.0776156,0.14958027
0.65637374,4256.522,1.0633968,8.939599,0.085851744,0.11068983,0.061541926,0.09040868
0.6314471,4591.728,2.3556738,6.9468484,0.12941773,0.091273315,0.118820734,0.050410345
0.66421777,4019.9658,2.0618834,8.74256,0.13540137,0.10676026,0.11413341,0.05857667
0.68253493,3591.3474,2.6461122,8.218415,0.16519238,0.118167736,0.0899699,0.06394652
0.7335052,2459.644,1.2164274,7.1139383,0.17348003,0.20177698,0.085404806,0.06550842
0.6878449,2308.604,0.58953154,2.2301483,0.13585533,0.15514728,0.075014845,0.051144615
0.6684392,2986.076,0.2330254,3.5439215,0.13901597,0.14314231,0.065703064,0.055490967
0.67076033,2867.6843,2.168996,3.5056114,0.0800896,0.07219799,0.092743486,0.07867595
0.63519335,4384.0034,0.36139518,6.07465,0.17497979,0.15736595,0.06213086,0.050532244
0.6319936,4328.9404,0.38706237,5.978473,0.18530834,0.14777231,0.060819346,0.054538596
0.6433926,4009.8965,0.5418782,5.8679767,0.14843002,0.15566136,0.062052783,0.056288958
0.6111437,4266.252,2.0607347,4.057181,0.13417594,0.17286034,0.05478308,0.06400582
0.65824276,4173.44,2.134349,8.654182,0.18936215,0.14186458,0.056731384,0.06817379
0.69428813,3443.6694,0.9759589,9.035837,0.2973431,0.16544752,0.05433325,0.07836651
0.68033797,3371.1191,2.667758,6.1354494,0.19351178,0.19878101,0.07960542,0.05819083
0.67206925,2348.81,0.96462524,2.018945,0.17277785,0.18673766,0.07466583,0.058175042
0.70929027,2429.4714,0.56066734,4.1413074,0.10889344,0.14910862,0.06700815,0.062421653
0.6407478,2558.678,0.052317664,1.6605564,0.09881753,0.12381003,0.09512854,0.045171298
0.6247855,2272.8955,0.02424491,0.9537157,0.09495812,0.08870895,0.05882105,0.108805925
0.6224432,2737.4846,0.13909262,1.5149996,0.085743055,0.1251924,0.076110564,0.06071483
0.6189463,2705.3657,0.10801953,1.3925223,0.087035045,0.12196135,0.07605854,0.057582792
0.63843644,2128.871,4.2552056,0.93700266,0.11287307,0.08821475,0.107648656,0.064951144
0.6628231,4270.424,0.6229593,9.679719,0.110344045,0.14257218,0.06274043,0.053175483
0.629397,4688.633,3.7272997,7.0570436,0.10388829,0.1148454,0.06301116,0.10608559
0.65141535,4504.072,2.0248718,9.279421,0.13505994,0.10757853,0.06317662,0.07435821
0.6511418,4499.2,0.62381965,8.947544,0.114356436,0.073143244,0.07807588,0.051655203
0.66585594,4085.241,2.8792844,8.758577,0.103949435,0.1235813,0.06454146,0.08553335
0.7019793,2103.407,1.4549545,2.0156167,0.19028775,0.110862315,0.05420716,0.071581386
0.68913645,2174.8623,1.7150002,1.8852124,0.14950658,0.09691542,0.05789862,0.070687905
0.6574255,2531.5627,2.7106023,1.8771187,0.13855615,0.09399258,0.07405494,0.0556559
0.6540175,4468.1943,0.8938295,9.363117,0.11985214,0.102959126,0.124105096,0.074320294
0.65116066,2698.198,0.26571488,2.240086,0.113773644,0.09035214,0.076043434,0.08336127
0.63189,2341.652,0.5307609,1.1107942,0.11870399,0.10175717,0.06338683,0.054980922
0.6330258,2521.8115,0.7352553,1.3625534,0.13927777,0.13632591,0.08507568,0.061651174
0.6606324,2646.209,0.62106806,2.242744,0.19647008,0.10570055,0.05182822,0.10686906
0.7056301,1849.4236,0.9374705,1.4195573,0.14936514,0.086635806,0.062056586,0.06989509
0.6877868,2262.3657,1.3452342,2.1758742,0.08511823,0.089580216,0.0845194,0.0592325
0.6503057,2272.8948,0.629915,1.3437555,0.08610617,0.08927447,0.079494685,0.067936644
0.6724183,3593.9937,0.37148064,7.2711363,0.17567131,0.1925452,0.07014886,0.05210769
0.6022812,4418.4487,0.77435225,3.818921,0.10599382,0.100335464,0.06463165,0.11877655
0.65445113,3249.0952,0.36637813,4.01919,0.14321122,0.12976965,0.06729156,0.05609102
0.6452338,4353.732,0.34509364,7.968051,0.096517995,0.08198877,0.08922617,0.051056772
0.636885,4903.283,3.2261837,9.384775,0.1311824,0.13383482,0.11030241,0.11392679
0.6166789,4858.61,0.86076605,6.5164924,0.1428979,0.086193174,0.13085313,0.06761025
0.63365793,4110.7915,0.62421733,5.350532,0.14569923,0.09638825,0.114362076,0.050808202
0.65456456,3851.1394,1.1342875,6.186078,0.09557569,0.09581773,0.09683737,0.05908559
0.6849618,3290.5913,1.382055,7.1601396,0.12755266,0.14443567,0.09358963,0.08013675
0.62278533,4387.4033,0.86079633,5.3463483,0.18828055,0.1480513,0.055999093,0.07712654
0.5865436,4166.4966,1.943334,2.7454813,0.12423693,0.11341468,0.06303967,0.05567947
0.57532144,4632.448,1.7202529,3.0833592,0.11969697,0.10517356,0.05859135,0.042544574
0.627996,3386.5654,2.806056,3.0363007,0.14028452,0.100746945,0.0934805,0.079053454
0.608976,3723.9507,3.3904507,2.7266364,0.10826355,0.07590696,0.10812387,0.062804185
0.61504394,3462.7756,2.728576,2.461421,0.113122836,0.07622461,0.101551816,0.06643521
0.6118851,3318.8284,3.0079417,2.4711964,0.11998389,0.05471069,0.12212036,0.06024507
0.61661,3413.5334,2.4519367,2.7535138,0.12618694,0.054817807,0.11472554,0.06333306
0.6744155,3416.1875,1.6353897,6.018643,0.13646473,0.15719338,0.06083782,0.06888019
0.6886502,2876.5576,1.1856515,4.616456,0.15994282,0.17609139,0.06095115,0.053257316
0.664899,3532.2224,3.5252316,5.9082155,0.17698848,0.14697243,0.05484572,0.06943089
0.63899744,4222.5127,2.5052335,5.999797,0.15320389,0.14165871,0.050095387,0.08992177
0.65442246,3539.8333,1.602403,4.8046484,0.13165276,0.15899307,0.055815678,0.09066582
0.62137663,4665.31,0.86454725,5.8101416,0.12558182,0.13309975,0.094395764,0.07936434
0.6486876,3753.066,3.933494,5.1402345,0.14209221,0.06483404,0.09161469,0.06990758
0.6444297,3861.4443,4.1541963,5.741702,0.14452156,0.06471567,0.08939479,0.063243516
0.66666394,3841.8623,2.2522337,8.237178,0.16088322,0.070096016,0.106958754,0.0629885
0.7003413,3534.1826,1.6693685,11.678562,0.13110949,0.09575586,0.07561164,0.05146459
0.6848167,3697.0762,4.2158914,11.263744,0.13297682,0.089988515,0.08388592,0.07299219
0.62598014,5306.337,0.168858,9.889571,0.10743441,0.1350176,0.06844439,0.060969815
0.65563464,4324.9653,0.22669035,8.466228,0.11505051,0.10547376,0.070257135,0.068589166
0.66382724,4154.603,2.7517996,9.119764,0.0817381,0.095007464,0.0953328,0.06682013
0.6964793,3426.6836,2.1759267,10.555353,0.08081031,0.093021944,0.103117555,0.07697071
0.5704492,2142.509,0.50628835,0.4941569,0.18177368,0.112496674,0.064407475,0.05856762
0.5951662,2027.7891,0.23904146,0.51044506,0.17483732,0.11005902,0.063014634,0.059750978
0.6960581,3611.7422,1.4618174,11.461548,0.10258568,0.120899625,0.10442306,0.08359517
0.60377777,3426.3523,2.642404,2.094228,0.10524347,0.08387366,0.049335968,0.05401987
0.6735928,4103.984,0.6595613,11.288099,0.11320734,0.08897105,0.09211573,0.07547287
0.618326,1876.0367,1.191282,0.5487816,0.20124741,0.12490306,0.07622354,0.061264798
0.57340634,3187.4417,1.5915381,1.2988741,0.27761292,0.08070618,0.07508493,0.05808608
0.5841,3084.2021,1.0528581,1.4197986,0.28051785,0.093875125,0.06442477,0.07973054
0.59114146,3238.8833,1.7464151,1.6588386,0.26169455,0.09350316,0.063865095,0.08921777
0.61770165,2922.0032,3.304537,1.5944291,0.2765172,0.105144024,0.048553698,0.08264149
0.61382324,3711.3354,2.609537,3.022703,0.28000677,0.11872072,0.043741167,0.059315115
0.70156527,2455.171,1.2436242,3.3595366,0.13009284,0.09740424,0.12116857,0.06721476
0.71331763,2298.288,5.1856318,3.6090226,0.120845154,0.102660865,0.11720625,0.08378472
0.6155895,3015.889,0.42028582,1.8168101,0.087699816,0.103457734,0.059275616,0.08667029
0.60869724,3366.7031,0.4413442,2.3629642,0.083858445,0.097923234,0.06761302,0.10713539
0.6335689,2582.1443,1.0428343,1.6176735,0.08209318,0.07017912,0.06638244,0.11127953
0.67680115,2731.418,2.9736338,3.218455,0.06970188,0.07667979,0.06843614,0.090111025
0.6627484,3045.7578,0.7837427,3.443729,0.12506844,0.1339489,0.06365386,0.0585829
0.6280011,3942.8557,3.1279194,4.1995797,0.15585811,0.123674616,0.11531964,0.107970804
0.64961183,3235.2778,0.75678146,3.4382236,0.10765746,0.08600752,0.10167597,0.045876846
0.6651069,3238.0852,3.0545003,4.4450192,0.11023873,0.074670434,0.067067675,0.08969928
0.6454888,3717.4163,0.9129074,4.765405,0.08230123,0.1165979,0.066605136,0.046146378
0.683218,1720.985,3.1343343,0.84691346,0.118082374,0.07263858,0.09114243,0.11075556
0.6497191,2529.9785,0.540035,1.8550638,0.12873596,0.07190993,0.10957632,0.09024187
0.643149,2175.5103,2.5147595,1.0446181,0.11948193,0.074364446,0.07997902,0.10297042
0.65411323,2479.948,1.3040168,1.7737559,0.13210645,0.13251185,0.07611241,0.0498844
0.6984764,2909.094,0.26876208,6.167905,0.1619331,0.11911513,0.082330465,0.061254516
0.6243173,3182.5232,2.3696291,2.5772903,0.10739584,0.07491046,0.09220703,0.09822415
0.6402991,4065.6257,0.37114882,6.22939,0.12555136,0.07336722,0.11370322,0.1048772
0.6153769,4510.242,1.2848424,5.098409,0.17208254,0.115123056,0.1181776,0.12261534
0.65069354,3745.7476,0.71626824,6.1710978,0.120139636,0.07414895,0.09048489,0.106830716
0.6432586,4110.746,1.5890999,6.91465,0.10850405,0.06876157,0.12967367,0.105534784
0.674355,3471.1868,1.7806094,6.737234,0.113753706,0.16837515,0.057767287,0.06228563
0.695813,3214.738,0.17387459,7.735903,0.10778412,0.14961842,0.06746962,0.07255902
0.63788474,3818.8926,1.1207412,4.643116,0.15343471,0.073377825,0.08929369,0.065554336
0.62513155,2837.19,0.38910994,1.762438,0.15533563,0.07165035,0.10435444,0.06646268
0.65298015,3408.3066,0.3368572,4.453247,0.14959536,0.0953809,0.08597849,0.07569507
0.679571,3003.375,0.41750303,4.783275,0.10884611,0.17636925,0.12263703,0.12163869
0.6803824,2604.6338,0.7704093,2.650063,0.12307954,0.15451206,0.15847133,0.15549341
0.61047196,5321.066,1.8213495,6.913353,0.14390877,0.18048403,0.05894758,0.038429067
0.70212704,2862.2402,1.7270881,6.16712,0.0970025,0.07145042,0.104686044,0.12770553
0.66368216,3807.1228,2.3026383,7.4023933,0.10009744,0.083150014,0.103840716,0.14349014
0.64522314,4729.5107,2.1419337,9.530071,0.090456575,0.101201296,0.10870446,0.1134378
0.65461886,2718.4917,2.818517,2.3262317,0.13060057,0.09998896,0.05607324,0.041314863
0.64897424,4522.091,3.4005668,9.229156,0.10208974,0.10144224,0.11712374,0.08897963
0.659442,3999.509,0.5438077,7.9466944,0.14167614,0.14120515,0.06903427,0.09879826
0.61639374,5429.8174,1.2386698,8.838441,0.09907417,0.107684515,0.080671996,0.09781389
0.6217978,5716.5938,0.4931107,10.476223,0.09380288,0.10056216,0.07904269,0.06154385
0.6439399,1693.3743,1.8240436,0.5356508,0.15726465,0.12999493,0.09164202,0.06504963
0.5878408,2587.4844,2.7649012,0.9380082,0.09752663,0.090669334,0.082436375,0.059703786
0.5794993,3164.3186,1.8485665,1.3307666,0.117399536,0.17189851,0.074691415,0.11710051
0.6253279,2816.1758,2.3333278,1.7080314,0.10095161,0.12176453,0.06945471,0.038098168
0.6045418,2026.6803,1.2014812,0.55480075,0.08085745,0.12631711,0.065972984,0.052306045
0.6680469,4336.6006,1.118965,11.812002,0.16361049,0.101618126,0.096153006,0.08052175
0.6460346,4976.7583,1.0409213,11.198356,0.09262873,0.0882442,0.050227057,0.09546626
0.64567924,5035.273,2.4167218,10.977192,0.0940247,0.08899954,0.043502577,0.10514066
0.68066806,3218.8713,1.4714046,6.111376,0.16609791,0.08634718,0.1175651,0.046993133
0.5776625,2425.2227,2.0765073,0.6823456,0.08249552,0.10104613,0.053756215,0.0635464
0.6208386,2851.9646,1.6525323,1.6628541,0.109858185,0.111368075,0.05723277,0.054724246
0.62131983,2791.9316,1.7449584,1.5540819,0.121242374,0.14593506,0.098507844,0.097065955
0.6466475,3608.6008,1.4808675,4.3551683,0.093027756,0.09931651,0.057060298,0.07028232
0.6362775,4277.5215,1.4096594,5.999318,0.06508289,0.12191945,0.06387935,0.092041016
0.6684822,2292.794,0.21020022,1.7264519,0.22528192,0.123828895,0.095734216,0.049430005
0.5724248,3291.135,4.7149463,1.4508195,0.098851904,0.10131271,0.08118663,0.09039989
0.68138975,3590.315,0.24848083,8.38891,0.2266166,0.090744406,0.07769582,0.052047208
0.67949885,2829.8257,0.061252978,3.9532704,0.14974967,0.08644139,0.10315402,0.05905466
0.6278407,5493.6626,2.9681711,11.020983,0.10232624,0.08291153,0.110441215,0.060861398
0.6534862,4704.352,1.7424269,11.320389,0.094725914,0.1225095,0.10741566,0.06263733
0.6606442,4499.791,3.7073693,11.453894,0.111157976,0.121878155,0.10502086,0.0689548
0.62612873,5136.1997,0.77814,8.408464,0.10197672,0.12389005,0.1579923,0.045157515
0.6906638,3820.5278,3.410764,11.906599,0.12142523,0.11834235,0.0865491,0.09717025
0.7131838,3351.6565,0.8668638,11.961464,0.12670833,0.106372826,0.0749299,0.092262864
0.5712215,3050.608,2.8888075,1.1729475,0.11028216,0.092326626,0.07545724,0.0531106
0.65948886,1999.43,0.5230943,1.011683,0.1749703,0.11115649,0.100764126,0.056586765
0.59836847,4817.029,4.1191354,4.567641,0.17167342,0.11134134,0.06253297,0.10266909
0.63616675,3291.1401,0.7251383,3.013567,0.15796897,0.08044933,0.08726103,0.06545936
0.63274026,3319.7712,0.83959174,2.7791474,0.17394781,0.07893762,0.087799504,0.07247173
0.61133164,2917.1602,0.500475,1.6027392,0.12743384,0.11903748,0.074413344,0.1122469
0.6459591,4903.9507,1.682344,10.420026,0.11513448,0.08145513,0.079902895,0.043227807
0.6647336,3374.729,1.7901857,4.740204,0.10197295,0.118408784,0.06729146,0.10666488
0.64530104,3995.8035,0.98209316,5.9563317,0.094338596,0.13209605,0.061102938,0.045366954
0.6543242,2922.8142,1.282874,2.732769,0.20447874,0.09097721,0.09481761,0.09591843
0.6702211,2402.725,1.5177966,1.9804872,0.16589098,0.09615906,0.07798636,0.082181595
0.6427696,1949.3693,1.3020444,0.7287152,0.11998852,0.09017816,0.074724846,0.12017533
0.67887396,2211.318,2.0533895,1.7213792,0.11240115,0.068809316,0.061686713,0.058008067
0.6214158,2069.7744,0.23056567,0.73344123,0.11092741,0.089607984,0.08261609,0.0634722
0.66144824,2735.703,2.3416042,2.6610913,0.11381637,0.08024588,0.06626192,0.09120414
0.6530941,3254.7024,2.2549012,3.8592963,0.09098092,0.10212869,0.05801206,0.06212292
0.63423645,3481.7393,1.3229963,3.3053803,0.09356861,0.09059803,0.057701487,0.068309985
0.6326009,3658.376,1.7293643,3.781787,0.09944619,0.08563478,0.058158208,0.06843627
0.6508217,3652.9446,5.0860753,5.3000097,0.10670059,0.08516343,0.06981389,0.07832852
0.66027796,3639.1118,1.5632153,5.7991257,0.10231136,0.08147507,0.064519994,0.061547328
0.6473147,4077.6594,3.2086804,6.3129396,0.102828786,0.08119697,0.063543335,0.056330472
0.6426851,3325.0505,0.27559996,3.4439297,0.09239337,0.10722747,0.1227165,0.07683331
0.65354276,2840.3318,0.063065484,2.4561071,0.09966259,0.10863003,0.11613167,0.07843305
0.65320253,3826.3901,0.37194115,6.14577,0.12680039,0.084892735,0.054387763,0.05840939
0.67747974,3073.9043,0.51693743,5.0141764,0.12418315,0.07779142,0.093325615,0.07516976
0.5722759,2123.1748,0.07645029,0.52082807,0.13462259,0.08122158,0.07698227,0.060328826
0.5712115,2075.5059,0.093609855,0.46656778,0.13977058,0.08395029,0.07969445,0.058888838
0.57439375,2342.3132,0.08827682,0.6036495,0.14771226,0.09826429,0.070971556,0.061939903
0.6487478,4859.776,0.43738198,11.019764,0.11999911,0.11068115,0.0571056,0.07721106
0.6604802,4538.623,0.69037235,10.983564,0.12168881,0.107849285,0.05317084,0.07407347
0.64706314,4512.2715,1.3313785,9.0182705,0.07872623,0.11885862,0.06586346,0.05880558
0.66874605,3783.3838,0.16315506,8.201605,0.18380347,0.078057416,0.09018591,0.07528336
0.63598907,4652.796,4.5249686,7.291923,0.15171906,0.1475353,0.060729377,0.0636626
0.68220514,3676.59,0.25164348,8.369337,0.101789124,0.11881674,0.092685446,0.083160736
0.64853436,3880.74,0.32649466,6.243514,0.1442177,0.146827,0.1459886,0.09390176
0.6386466,3340.201,4.4885335,3.102251,0.09577399,0.10889063,0.049265407,0.04701735
0.59737056,4189.639,0.27454463,3.186634,0.12246026,0.08258234,0.061782002,0.06397368
0.6069149,4052.593,0.3563418,3.1952848,0.13908711,0.08199976,0.05863632,0.0901802
0.60831857,4128.8555,0.33050078,3.4199874,0.14237802,0.08326338,0.05739021,0.08569001
0.5869758,4221.601,0.84544253,2.9439976,0.14960706,0.09311822,0.05539146,0.10302051
0.6995183,3240.9993,0.077381775,8.521862,0.09162548,0.10412994,0.099793956,0.09092456
0.62313,3546.7012,2.2848525,3.1565108,0.118675046,0.10929503,0.09263136,0.1376007
0.60543895,2924.2937,3.821237,1.560184,0.119269036,0.10001805,0.07298074,0.1203843
0.7011176,1847.0571,0.40773,1.4145433,0.108270444,0.07655349,0.07028664,0.043220293
0.6309239,4501.271,0.4115746,6.3893604,0.11426078,0.101322256,0.08298935,0.03852526
0.66552836,4175.525,3.0585995,9.665461,0.12513398,0.10093087,0.07853074,0.06298223
0.63529116,3935.48,0.8681239,4.725543,0.11367728,0.10513988,0.062527336,0.06883055
0.66257447,3659.5781,2.8941674,6.2039437,0.07993138,0.10068296,0.071652345,0.058802426
0.5791563,2593.713,1.0060054,0.79488623,0.16069932,0.14053547,0.07278704,0.069301635
0.6443535,2607.6167,1.6138809,1.8493178,0.11432342,0.12768866,0.07681545,0.063300684
0.67339206,2241.5337,3.279249,1.5911181,0.11219133,0.12808064,0.065294266,0.057248496
0.62970054,3841.3154,1.2028689,3.861205,0.12126362,0.13042514,0.06273829,0.07280296
0.593837,4206.2573,1.3428624,2.9359207,0.28374967,0.10117348,0.1053478,0.047235675
0.62463707,3914.6387,3.7053657,3.9893517,0.12102357,0.113415524,0.120292,0.07143853
0.62504435,2451.664,1.1193424,1.1655461,0.11203488,0.09379682,0.09764182,0.07291717
0.6903315,3436.9329,2.3464968,8.24271,0.10779415,0.15549254,0.058947146,0.052836012
0.62522995,5624.288,1.6812364,11.78825,0.11304475,0.07326895,0.11191119,0.094430834
0.6428078,5065.3315,0.4664678,10.858643,0.12110985,0.09338708,0.06279962,0.1209147
0.64619935,2046.1102,0.53496975,0.8691666,0.10288816,0.13010426,0.097302645,0.08068636
0.63449067,2381.182,0.53227496,1.1479883,0.11854524,0.14057572,0.09904337,0.07418099
0.63780904,2310.324,1.788751,1.1446738,0.105823904,0.12779471,0.061695833,0.07719302
0.6385306,2292.1838,1.8563457,1.1820009,0.10508733,0.12757778,0.061686404,0.077292025
0.6575049,2142.3179,2.1946397,1.2527804,0.10282904,0.123843804,0.06566621,0.055938188
0.67419475,3883.8796,1.4474852,9.423201,0.13834503,0.13887002,0.07157685,0.053210244
0.6454872,2474.7314,1.158944,1.5468737,0.17603767,0.14757702,0.07395227,0.069287196
0.6439238,2566.6565,0.7309263,1.727208,0.16651545,0.15206498,0.07277958,0.07824068
0.6400875,2379.3625,0.87295765,1.4051528,0.14842652,0.12358333,0.072551966,0.073783755
0.6043947,2313.4058,0.41656953,0.730335,0.14826137,0.1127,0.062240127,0.061212733
0.5781885,2042.3737,0.2690535,0.48145437,0.13092594,0.082140796,0.07698119,0.0855821
0.6813064,3802.678,0.71950597,10.177406,0.11747169,0.12536633,0.07230288,0.052108373
0.6035378,3352.6748,3.4634295,2.1201484,0.08948531,0.10276938,0.08113812,0.08009544
0.5756654,3182.6392,3.127264,1.2982469,0.080903515,0.10222,0.097722076,0.1150037
0.5768994,3649.059,1.5628867,1.9565902,0.15700555,0.07166302,0.10849624,0.06638062
0.70047724,1644.0323,2.0821495,0.8619555,0.090837345,0.107630126,0.06705692,0.082662925
0.7164424,1612.242,1.6819932,1.0097259,0.09540663,0.10476085,0.0691679,0.10054879
0.6789069,1859.7747,4.128084,1.0464947,0.11468042,0.09301649,0.076855585,0.08598431
0.63794416,3563.524,1.2397705,3.7631774,0.08920807,0.09053286,0.09055483,0.064538166
0.6702322,3968.4473,2.9321723,9.423194,0.10340923,0.08365853,0.055477645,0.05605494
0.64072746,4740.526,0.9800411,8.627824,0.17014983,0.11514326,0.10237658,0.07080288
0.7126798,3227.8494,2.0493028,11.779669,0.13404354,0.09441886,0.07214108,0.06298576
0.6502287,4025.8962,1.394146,6.386531,0.12264648,0.09394439,0.09746415,0.06172776
0.6497852,3771.1262,1.8509519,5.2607527,0.12149754,0.10178478,0.10930264,0.06713239
0.59577936,2581.861,1.8772465,0.9716126,0.1306287,0.094445586,0.061643723,0.088211596
0.662956,3016.0828,2.291256,3.5536444,0.06648242,0.10839502,0.06491009,0.068114355
0.6499063,3812.932,1.899978,5.6080556,0.0779985,0.112481385,0.0675979,0.0673762
0.61344165,3042.17,0.76526767,1.8558118,0.079087615,0.13290207,0.0688554,0.06643926
0.5777402,1883.588,0.34757027,0.39306432,0.1095186,0.11301552,0.06265713,0.062717386
0.68349594,3784.1401,3.2979338,10.515177,0.1359683,0.09106775,0.10120217,0.06980136
0.6477444,2822.421,3.320803,2.4757047,0.09152661,0.089865796,0.06101827,0.07060867
0.62126267,2307.319,0.5823493,0.8858658,0.10715447,0.13402593,0.09945131,0.07002848
0.6191335,3143.7227,0.54262084,2.1319075,0.10006506,0.108319476,0.09982465,0.06521865
0.6510118,3629.8608,0.6384044,5.3560586,0.12604663,0.072407916,0.084621444,0.103011325
0.636036,3196.0237,3.7115645,2.770108,0.10518429,0.14138307,0.06501154,0.07708615
0.64596534,4455.716,2.1947365,8.7061825,0.11556515,0.0714719,0.08795905,0.048200585
0.67764163,3555.9802,2.3130412,7.1764736,0.13633275,0.1678695,0.08949718,0.063468024
0.65038675,3637.7004,1.7485965,5.316188,0.08353655,0.16573682,0.07463527,0.08683433
0.63539344,4424.5264,2.5753164,6.148716,0.0903741,0.16557159,0.059736162,0.0853921
0.6275632,4465.7725,2.7905667,5.9336824,0.09334196,0.17582732,0.07799703,0.07573738
0.6703596,1886.7236,1.4061712,0.9714919,0.10388896,0.08310851,0.059111528,0.056544498
0.6740227,2206.6392,4.4528217,1.6036206,0.09019507,0.07892103,0.057534512,0.06541852
0.6459398,3634.4592,0.27184236,4.607066,0.12728705,0.15681772,0.08948043,0.06471454
0.6760465,3732.9907,1.8232449,8.667259,0.09974821,0.17858343,0.08321859,0.055458233
0.66084266,3469.9275,3.3000658,5.2007914,0.096813664,0.10917503,0.07211037,0.039941426
0.66171426,2612.674,1.9515506,2.2226129,0.09543559,0.092707984,0.072536245,0.04341288
0.65082824,2166.7102,0.7172212,1.1232929,0.109558746,0.11133229,0.07691984,0.10666549
0.71020645,1833.7979,1.3678876,1.5055225,0.13059865,0.10169641,0.06918745,0.06231214
0.7876638,1306.15,2.2179787,1.9369678,0.114081584,0.10184598,0.06895204,0.09678791
0.57249904,7616.672,1.8048704,10.396863,0.14422305,0.11885119,0.08740101,0.1023708
0.5750876,7767.5293,0.3651488,10.058459,0.12804773,0.1429679,0.08613418,0.104538545
0.59691316,6865.106,2.0267735,11.514728,0.17656413,0.14191148,0.07547794,0.054284826
0.5967346,7063.4536,1.8196007,11.595314,0.10995661,0.08528598,0.06419865,0.06386225
0.6871842,3312.8025,0.18297732,7.3178477,0.08399085,0.101765074,0.06501383,0.05027028
0.6453986,1747.6099,1.890422,0.5552891,0.10585341,0.11193635,0.065547474,0.102327995
0.6084876,2228.3867,0.9193353,0.78031456,0.10021141,0.15448382,0.078746006,0.09100771
0.6019189,2084.9558,0.5562509,0.5686874,0.10317475,0.15722421,0.08315816,0.096650705
0.5909758,2184.707,0.8875412,0.62580943,0.10027594,0.16219753,0.08803676,0.09455039
0.4816763,1446.9209,2.5891457,0.107156724,0.21001628,0.10585356,0.068292916,0.09966242
0.48542958,1256.8539,2.203249,0.05808781,0.1854028,0.06753775,0.069119714,0.08169469
0.4834604,1461.3062,0.30307275,0.10428028,0.115234904,0.12684208,0.09485109,0.057085074
0.45116678,1157.4734,4.076503,0.012660457,0.10632785,0.11678642,0.062008787,0.1241896
0.4515977,1203.334,2.9018338,0.013407568,0.09348952,0.13527957,0.05337177,0.11678163
0.44342306,1167.4957,0.09727136,0.010992219,0.12649292,0.078422755,0.085273534,0.15773357
0.45330834,1148.6921,2.6027522,0.014170996,0.14857396,0.12821434,0.06654272,0.05996866
0.4444305,1134.0121,1.6993434,0.013732603,0.1438922,0.11490645,0.07804043,0.058178026
0.4633115,1221.8304,1.0498345,0.02777273,0.092636555,0.11540997,0.07434211,0.07768324
0.45350716,1172.7426,3.3014708,0.012623733,0.12598865,0.08235681,0.054715022,0.07091055
0.6864511,2419.8162,2.9516785,2.6854763,0.11182742,0.11258312,0.13551548,0.053749245
0.66463333,2990.535,1.4478055,3.5879927,0.11085589,0.09672791,0.12181532,0.054888155
0.67424893,2842.6123,1.2199569,3.3567212,0.11550906,0.087319136,0.118963376,0.05396431
0.66758865,3795.543,1.7929932,7.6826663,0.11235059,0.13454963,0.102845214,0.04415545
0.6010241,3931.1892,0.58665496,2.956132,0.10562707,0.07615262,0.089515164,0.1299566
0.63986504,4020.0354,2.6911323,5.247424,0.17672554,0.17226392,0.07171889,0.044824507
0.58681124,5634.459,1.5243531,5.5691557,0.14058027,0.18861943,0.07358734,0.07904397
0.6072489,5490.7197,0.58838475,6.658611,0.11543991,0.14768557,0.102556795,0.062709235
0.7052326,3258.8806,3.64337,9.633029,0.12966694,0.12677711,0.054496,0.08688057
0.58322275,3095.7017,0.5518233,1.2109971,0.2246344,0.16868542,0.1091675,0.05646103
0.60219115,2964.3477,0.81389475,1.4383693,0.22104976,0.1493574,0.1235448,0.063454874
0.6457468,2072.695,0.51682156,0.9163784,0.07439243,0.08169183,0.064951025,0.102953166
0.62998635,2190.5598,0.7866247,0.90480095,0.074233115,0.07608141,0.067383535,0.09372321
0.68026215,2635.687,0.22282071,2.8143063,0.114366986,0.10207492,0.08797717,0.059496466
0.657156,3205.0017,0.76104873,3.8534863,0.100273624,0.12577619,0.091245025,0.10098298
0.5843783,4133.8325,3.516191,2.9696624,0.082524516,0.111983046,0.11662996,0.103233516
0.6787731,2986.7761,1.4546748,4.5633516,0.11536309,0.07565925,0.08285332,0.10401898
0.6590518,1984.0973,0.124833554,0.8872157,0.22292762,0.1250923,0.0785777,0.08262777
0.6925788,3195.6453,0.38630584,7.1646767,0.1635722,0.099130236,0.06177412,0.056476295
0.5968178,5429.2407,3.605939,6.409178,0.09598324,0.10353899,0.094132364,0.08214877
0.6906661,2829.7976,0.3033291,4.9855204,0.118120104,0.10967329,0.050545197,0.054689877
0.6430655,3105.885,4.7121058,3.058282,0.09944251,0.13936101,0.06580656,0.087302625
0.6328208,3594.8684,2.0294526,3.5960698,0.104057774,0.09333244,0.07490834,0.06505197
0.6591774,3601.05,1.4925245,5.5195885,0.12131038,0.09695004,0.06517548,0.057783045
0.6938304,2585.4375,2.009876,3.3251572,0.1044134,0.09349703,0.07100165,0.08221995
0.60678214,4328.246,1.0799556,3.6380548,0.12349114,0.11715021,0.080422305,0.07011164
0.5937136,4463.5166,1.6297295,3.7888782,0.13743187,0.0969391,0.06575318,0.069262125
0.6469715,3285.2417,2.2363129,3.4101806,0.10339656,0.104339115,0.08104421,0.09846516
0.7002064,2456.3171,0.7632264,3.3752375,0.08652197,0.087612666,0.06700039,0.25005
0.70022535,2570.1643,0.88608736,3.6214852,0.09159501,0.08690404,0.065336965,0.25341251
0.6899655,2574.7078,0.056740336,3.3639822,0.12598912,0.094529115,0.05828515,0.07121845
0.64146334,4342.551,0.36119062,7.217445,0.09584325,0.09357758,0.076244764,0.0559511
0.64467907,2915.4421,3.9270296,2.3471963,0.12185209,0.10669955,0.10370615,0.077332005
0.6398951,3162.5435,1.0276101,2.6371126,0.17012142,0.09855257,0.10123781,0.1021231
0.69883347,3458.111,0.80369174,10.044323,0.111559786,0.09321156,0.13118863,0.06508514
0.69964343,3389.388,0.7493729,9.989172,0.111861065,0.08828759,0.117804945,0.067353904
0.6507911,3222.4482,2.8022058,3.7005663,0.07334491,0.07862318,0.08718978,0.054006744
0.6518125,3683.0415,0.86181164,5.535337,0.13157739,0.11117637,0.1144034,0.083306536
0.64667153,2973.605,2.6792686,2.7145667,0.24266475,0.09298675,0.08930826,0.043374073
0.6732783,3815.938,0.41810137,8.326893,0.17425509,0.08458243,0.07210717,0.07410624
0.7220138,2491.0012,3.6683927,6.151505,0.15921213,0.117094025,0.06433832,0.08888655
0.49680367,1554.0114,0.50610715,0.14896464,0.074014634,0.075619236,0.08072502,0.06737907
0.57589656,1848.008,0.33476698,0.38026452,0.09426564,0.12481394,0.12800069,0.082136
0.57278746,1755.6484,0.4687081,0.32218987,0.095158055,0.13630453,0.12107593,0.06359902
0.5436279,1621.5817,1.5329292,0.23007883,0.13656133,0.07436452,0.057573564,0.05689797
0.49638745,1790.4205,2.4561565,0.21398117,0.14475113,0.098996274,0.082201116,0.06955022
0.45892614,1487.5371,2.3701177,0.09454426,0.10622839,0.1097515,0.07825482,0.059257884
0.4670989,1522.6799,1.937794,0.10826407,0.11930672,0.11240477,0.0865118,0.04540056
0.48913974,1334.4751,2.2068155,0.08417424,0.13817605,0.105185196,0.10098305,0.100934625
0.65458566,4397.883,2.2314513,8.970996,0.13442461,0.14895438,0.05717831,0.050646514
0.63064384,3675.1958,2.795425,3.533549,0.14353734,0.14892942,0.06370844,0.060644157
0.6463201,3435.6104,1.6113266,3.6092594,0.101573095,0.16561987,0.0594974,0.06389405
0.6124682,4410.494,1.8167182,4.3152533,0.11296353,0.17047931,0.10256888,0.05120998
0.7087892,1688.7406,1.9827354,1.0009234,0.121263504,0.06960153,0.14652108,0.103918806
0.6933159,2977.211,1.8358486,6.429018,0.11970122,0.076653644,0.1150721,0.044701573
0.68767345,2180.7375,0.5381633,1.9456468,0.11513036,0.093636006,0.10316046,0.09310131
0.6022814,2451.3853,1.874547,0.925864,0.15048948,0.07936977,0.063610405,0.07962762
0.665724,3829.8315,0.30992594,7.3748097,0.12581205,0.12568875,0.07177735,0.051503405
0.6422759,3611.0466,0.40162,4.1444573,0.11797159,0.097731486,0.045137547,0.08036392
0.6502291,3453.1055,0.99688274,4.232266,0.10459396,0.11742033,0.060151465,0.070965074
0.69406015,3222.9084,2.399874,7.5262947,0.099071994,0.08561357,0.04203871,0.06324433
0.688797,3331.3914,1.9717581,7.5915203,0.08975126,0.09244365,0.047371868,0.061582364
0.6388917,2783.7183,0.22315472,1.9063468,0.09828805,0.10339759,0.058041364,0.046875928
0.65039617,4626.494,3.2037628,10.032469,0.1270375,0.09159835,0.10698209,0.07532155
0.6545473,4648.4546,0.6917691,11.464406,0.09248975,0.15808678,0.06273736,0.061886467
0.6346201,4091.0637,1.8569676,5.4590306,0.14488673,0.07100146,0.05607198,0.06093248
0.6500433,3811.5308,0.123020776,5.6015253,0.15544473,0.12696214,0.073272616,0.050307848
0.6071854,3669.0173,0.6569168,2.6591194,0.21031542,0.100606576,0.0651651,0.0825687
0.6039965,3595.8464,0.93251264,2.5497346,0.20459254,0.10318044,0.073879085,0.085766286
0.5739543,2444.8281,2.5613728,0.6751837,0.10715172,0.10503558,0.104008116,0.064315654
0.5843846,2674.2295,2.9859757,0.96175784,0.112303086,0.0990861,0.093441114,0.05511319
0.68367225,3730.2693,2.9190419,10.002767,0.12934515,0.094639435,0.0622977,0.060553223
0.66086066,4002.5896,3.2697616,8.092866,0.13798106,0.11765556,0.06694189,0.0817672
0.65948784,4253.119,2.1538284,9.05445,0.091571674,0.095167994,0.10019331,0.04656215
0.61787605,5207.232,1.0595995,7.7266865,0.13660349,0.10338245,0.051622454,0.102373116
0.6125557,5932.288,0.40002492,9.901276,0.08563437,0.116708845,0.062222324,0.10639748
0.68589747,3111.528,1.9054345,5.9656143,0.15060845,0.06922244,0.06807396,0.062438488
0.67475003,2700.0398,2.2622476,2.9795127,0.109021716,0.07464584,0.07855341,0.056377657
0.6923201,2123.7214,2.6055343,1.9494245,0.11505424,0.07741138,0.07993544,0.0650222
0.6401291,4181.0923,1.3891399,6.066274,0.10992085,0.13830034,0.074369356,0.06778791
0.6246889,4250.421,0.899315,5.0084457,0.091073506,0.13415374,0.07340428,0.102536485
0.6239102,4376.2695,0.75634515,5.451665,0.076174304,0.1310678,0.065669954,0.120891236
0.68462205,2109.0535,2.716781,1.7163424,0.13837284,0.07246655,0.07208854,0.15059842
0.6097028,2613.7576,1.1576291,1.147431,0.14163022,0.08264058,0.120436005,0.060349282
0.6737475,3374.4905,0.9229426,6.1408195,0.1231642,0.12665091,0.052191567,0.07054082
0.6654994,3501.1975,0.6173918,5.714614,0.081352994,0.123094335,0.0546205,0.089852914
0.6460607,2606.3499,3.9319127,1.8088518,0.076832026,0.07570319,0.06195848,0.07480608
0.6653118,2483.8657,0.7597254,1.8877198,0.101778544,0.09206092,0.084088005,0.09546162
0.69261485,2239.7192,0.87675613,2.2549677,0.105173856,0.094553955,0.084619164,0.09462504
0.7368474,1424.5095,4.072825,0.8681971,0.120853774,0.09613694,0.07641771,0.07793233
0.7325294,2084.0625,0.15545566,3.1964545,0.19305834,0.094587326,0.10483166,0.06707415
0.6673237,3031.7954,0.070261136,3.8472168,0.07556639,0.09555359,0.057092015,0.0633078
0.6633083,3007.963,0.23808514,3.4576674,0.08552725,0.108992115,0.06724672,0.052818418
0.65234214,3171.042,2.271854,3.4173348,0.1228888,0.16693595,0.073760256,0.062269397
0.63137114,3031.5193,2.1131167,2.2520773,0.11449901,0.14563291,0.07396614,0.078261726
0.7029599,3190.8762,1.8306355,8.828351,0.0870022,0.1166153,0.10658617,0.047803845
0.61699384,2475.2793,2.3851728,1.0398406,0.26419482,0.12162294,0.06279164,0.06928449
0.615346,2456.7834,1.7337337,1.0900476,0.21209808,0.09641657,0.080833085,0.07885817
0.5456644,1822.4734,2.2167685,0.31192955,0.12443643,0.08687937,0.057606257,0.051711306
0.5705558,2037.5035,1.568453,0.43881908,0.12865587,0.108553424,0.06674405,0.05567092
0.6788886,3966.2527,0.26976728,11.049169,0.09017408,0.12188771,0.0793185,0.10750149
0.60638875,3653.6462,1.4267106,2.561301,0.17430644,0.09041381,0.050973445,0.039300073
0.6408931,4810.104,2.923993,9.039886,0.106327385,0.121084094,0.086971864,0.087513104
0.6513784,4311.885,2.5354185,8.310812,0.08392175,0.093426704,0.10402317,0.10078743
0.6665691,2898.5457,1.3916762,3.2878616,0.094617754,0.10602503,0.091594905,0.09065272
0.6117433,3809.2585,2.373248,3.0413039,0.1330114,0.10908726,0.058839954,0.05128164
0.660507,3778.7993,1.5824175,6.9554234,0.115127586,0.16231202,0.088831425,0.08925302
0.66324824,3661.1152,1.2026638,5.9185266,0.10406095,0.14373791,0.078377426,0.078680396
0.5874337,4268.5645,2.9384742,3.02314,0.16000335,0.09218819,0.07900552,0.0613045
0.6705473,2920.2966,0.93284655,3.604807,0.082621984,0.12438897,0.059384026,0.08893541
0.6568795,2758.6174,3.7012727,2.552007,0.14492786,0.13336687,0.08293922,0.047967095
0.6045827,2274.8389,0.55487597,0.7805055,0.11941478,0.11756889,0.07789343,0.08974602
0.6396598,2875.576,4.074598,2.0517466,0.13254772,0.10054745,0.05164975,0.08999206
0.688731,2924.0347,0.5520063,5.241143,0.11895489,0.095140204,0.06553501,0.043777622
0.6190356,3742.5796,3.538443,3.3993375,0.100044996,0.12412983,0.061099894,0.105644345
0.64006764,3566.8079,0.44458354,4.0523796,0.09674859,0.08754453,0.066012494,0.045680158
0.62901425,3638.2583,1.3970478,3.5558467,0.08682561,0.089156464,0.07220835,0.05479098
0.6828317,2671.2456,1.2372792,3.037561,0.14509854,0.17538702,0.08501986,0.071925364
0.65556484,3047.7515,3.0170207,3.109605,0.13570026,0.25000387,0.0650855,0.08473796
0.65431076,3002.5999,2.9673586,3.3282895,0.13953573,0.25480318,0.06541962,0.08378938
0.65523714,3030.2292,3.0625906,3.3223972,0.14019221,0.25515482,0.06491562,0.08318372
0.63875586,3347.6555,1.2981744,3.0207236,0.15928453,0.1324758,0.06924685,0.09619715
0.62613696,3546.4053,0.67764574,3.29533,0.13019104,0.13120542,0.08548216,0.10841295
0.6413068,3562.7195,3.7257676,4.0239997,0.12815462,0.13670623,0.070582025,0.10790163
0.644734,3139.0093,0.69245887,2.8593473,0.1418372,0.12899502,0.056691065,0.047686815
0.65725595,3043.1926,0.8110682,3.1325073,0.13535047,0.14257991,0.05252822,0.043676775
0.69805455,2841.551,0.60483027,5.8563633,0.18802966,0.05670691,0.09067874,0.055660967
0.6642282,3556.866,0.46096218,5.735806,0.14269134,0.09869711,0.07154381,0.06585437
0.58518356,2841.3442,1.7418138,1.103451,0.11772024,0.11841988,0.06535176,0.069878094
0.5887018,2702.2168,1.8204972,1.0016923,0.1214206,0.11728779,0.06988334,0.06930453
0.6172395,3809.4785,2.2017229,3.4921634,0.1403768,0.0906474,0.123387076,0.08784437
0.67720914,3929.9712,0.9370694,10.168989,0.12424732,0.097466104,0.0934117,0.047622222
0.6474769,4260.3896,2.2048476,7.827638,0.08219157,0.1053213,0.08096953,0.08803439
0.6519584,3601.2776,1.7568871,5.2865095,0.171172,0.081759445,0.0666159,0.047064446
0.61710507,5879.5547,2.187655,10.159911,0.14410467,0.085900486,0.072256245,0.059545524
0.6476988,4748.908,1.0944384,10.095201,0.0843575,0.08052389,0.06571293,0.083118856
0.62414443,5156.0425,2.1434672,7.7912917,0.12874062,0.18111137,0.06482854,0.053366907
0.6588874,4322.137,2.214063,8.864215,0.09573039,0.14813934,0.072905056,0.06172009
0.65835124,3238.7268,2.4630437,4.3259497,0.10083884,0.15099452,0.0739516,0.063666224
0.6718541,2773.3228,2.2270226,2.8934727,0.10937138,0.14924107,0.056633368,0.05414742
0.63925177,3277.0835,1.537463,3.245242,0.101322375,0.10412349,0.12704119,0.08285446
0.6502659,3549.8423,0.23345056,4.81518,0.10686837,0.102089405,0.07643276,0.052591667
0.6652451,3503.5066,2.9501805,5.417626,0.12215545,0.08107541,0.07447548,0.08670822
0.62741095,4256.51,0.9653402,5.283905,0.12798555,0.10337028,0.057853997,0.04853975
0.67938733,2575.9304,1.6364712,2.8548846,0.0941492,0.082735054,0.089030564,0.10847216
0.6150418,3921.246,2.8833702,3.5473962,0.09509905,0.10559109,0.09779207,0.06183228
0.68013555,3041.1294,1.3253225,4.809073,0.14064641,0.08902991,0.058092505,0.08384164
0.6648992,2656.5347,2.091969,2.494475,0.10069628,0.0935259,0.07271433,0.0631915
0.7260451,2098.7678,0.8255268,2.8306556,0.13424352,0.10117565,0.1120024,0.068764545
0.7005658,2449.676,0.44137776,3.5217762,0.16067679,0.0840037,0.15576504,0.073083855
0.6170514,3770.717,3.3894942,3.1631007,0.08316159,0.1389381,0.15114096,0.067522146
0.71733665,1833.5453,3.5500531,1.7985425,0.2037765,0.07265321,0.0615779,0.10244976
0.7408721,2038.7064,0.77143246,3.6754968,0.14776869,0.092297114,0.062712595,0.1103073
0.7181936,1659.2429,2.473034,1.2464134,0.106782384,0.1419925,0.04358826,0.06727934
0.7106911,2379.4229,1.2759138,3.623083,0.13296841,0.069215804,0.095245466,0.056084845
0.7308661,1875.8894,1.5969619,2.2913918,0.07742353,0.10244382,0.067399174,0.073700346
0.68562925,1764.2964,0.9714349,0.8915474,0.08755328,0.13074741,0.08574782,0.07880695
0.7185055,2436.9578,0.3001811,4.691844,0.08735347,0.09136572,0.07295281,0.057272412
0.68509734,1725.5321,3.2051134,0.832613,0.09251553,0.067163385,0.05650244,0.07829274
0.6749172,2076.9526,1.2507298,1.4161713,0.0925842,0.07504051,0.047230437,0.06697899
0.68625593,2147.8206,1.6097796,1.7948668,0.09310602,0.08397061,0.053392235,0.06152516
0.68532765,2073.1707,2.0497174,1.4981595,0.10290656,0.078813925,0.05981385,0.06299027
0.6062746,2476.7737,2.080169,1.0207664,0.110959366,0.09346251,0.06088555,0.053830653
0.61310893,2492.3657,1.1821696,1.108494,0.13004334,0.07329953,0.052364517,0.052981295
0.59759384,3535.292,1.4355797,2.267666,0.27400097,0.1470094,0.10303435,0.088016845
0.60795957,3251.0447,0.5565807,1.963573,0.22423024,0.14148614,0.09152564,0.051184516
0.56774247,1780.2401,2.2551005,0.3283953,0.12515812,0.07697889,0.06825403,0.089555144
0.5839018,2426.7222,2.0894065,0.7379453,0.10300727,0.095341235,0.08208576,0.08573196
0.58682644,2607.3477,1.2675648,0.8946445,0.11671018,0.08881332,0.09050004,0.086580925
0.63445556,2704.045,2.423159,1.7786372,0.08040534,0.109613635,0.058760844,0.060646918
0.64242166,2819.9753,2.7575574,2.1795838,0.077623606,0.103938036,0.06101629,0.061581925
0.6718038,4113.6113,0.6962326,10.5674305,0.119450055,0.07654393,0.08557628,0.0641919
0.6743036,3958.3025,0.77069104,9.754526,0.124004915,0.10091073,0.1029713,0.072202116
0.6551791,4223.5366,0.683671,7.7393045,0.17599675,0.12303899,0.09431355,0.061432347
0.64304996,4555.6733,0.3487527,9.046801,0.17188978,0.12232414,0.09968276,0.07355196
0.6411029,4634.411,0.21690908,8.199548,0.15422148,0.11676643,0.093585685,0.077137925
0.6706436,3974.9119,3.895388,9.3285265,0.16003397,0.07238106,0.052900147,0.067979485
0.66621125,3971.6328,2.0715947,8.89656,0.1623357,0.06884156,0.059347823,0.06771929
0.6486562,4358.141,0.36771822,8.416688,0.15130787,0.09071942,0.12971014,0.051787112
0.65039533,4417.6226,3.7239962,8.723886,0.06984558,0.076459005,0.0658958,0.07270289
0.6406926,4826.688,3.6021857,9.248436,0.07831145,0.0751778,0.0635928,0.05405906
0.6781935,3628.2607,0.43930706,7.7097807,0.105757825,0.09565897,0.056634218,0.064248234
0.7046799,3038.1143,0.63144124,8.1083765,0.08642979,0.10791851,0.085759595,0.06462898
0.6389669,3949.3005,1.0077144,5.001815,0.10054603,0.12773894,0.05997707,0.06082871
0.63047487,4478.1724,2.5638413,6.0284147,0.12384472,0.11683156,0.063244574,0.06272803
0.6322918,4010.0745,2.6605966,5.26635,0.11084086,0.10540885,0.072664075,0.06342606
0.6364217,4048.1982,4.978929,5.5220823,0.118698925,0.09667497,0.098899715,0.06699202
0.6164728,3285.0945,1.7820473,2.3479075,0.113866284,0.107426725,0.08264007,0.054017484
0.5867005,1964.7825,2.6262667,0.45973638,0.09798166,0.15273453,0.06485856,0.08514674
0.63056356,2907.9324,0.43094057,1.9510342,0.107680075,0.098339334,0.11029425,0.057763565
0.62408894,2769.7766,1.7335142,1.6522927,0.08822579,0.11959843,0.10359806,0.070151605
0.6376164,2228.7266,0.40070027,1.0147732,0.10976754,0.12291383,0.10423002,0.07166513
0.6268153,3068.6052,3.7014055,2.1169808,0.11840692,0.074759595,0.07387911,0.06911343
0.6025094,2550.1462,1.532766,0.9431453,0.1485793,0.07977007,0.073735446,0.0685787
0.65067786,4839.1978,1.4403166,11.305578,0.08914082,0.12851495,0.07971448,0.07476938
0.73792917,2632.8818,2.7067888,10.388564,0.13736047,0.09743211,0.06761212,0.046559
0.737139,2559.4407,2.7255173,10.405155,0.13613708,0.09750794,0.067474015,0.046152703
0.7256416,2961.6196,2.7889905,10.512292,0.15001908,0.10920915,0.07469937,0.06296037
0.64109457,3718.0781,0.15251775,4.2034717,0.14935938,0.09955083,0.0649485,0.07142986
0.687607,3071.4543,0.42481402,6.2509665,0.17066732,0.07776067,0.07539759,0.04842619
0.5987415,4089.0981,0.7474911,3.2722602,0.08265443,0.13181031,0.07992974,0.070942506
0.60908926,4680.6743,2.5120108,5.228708,0.10799752,0.09975501,0.07977179,0.06350481
0.6660914,3820.0413,2.324159,7.7604647,0.10597342,0.12839182,0.07337044,0.06442363
0.67868245,3250.156,1.3197418,5.8536835,0.14690346,0.11000414,0.053948615,0.064022124
0.6138011,2078.523,1.8944403,0.6953708,0.09399238,0.097970665,0.09436069,0.066975735
0.6069498,2236.5752,2.4412873,0.7379759,0.08609034,0.09353331,0.09318956,0.068448365
0.6225815,2247.0354,2.0176644,0.86334527,0.07143553,0.12050183,0.092828155,0.06442638
0.6182473,2608.4082,1.9210287,1.2697239,0.115817204,0.08510556,0.084246054,0.06634878
0.56714815,2639.2249,2.1218257,0.7821928,0.095989466,0.08642616,0.056051344,0.06879465
0.6844648,3607.9697,2.1666496,9.161869,0.118001886,0.09329878,0.100943506,0.08374296
0.5740128,2333.3335,1.7104689,0.5972081,0.11221324,0.13038336,0.07396982,0.050940182
0.6530844,3459.4658,1.3993967,4.4204817,0.14610822,0.10897283,0.07067848,0.09102084
0.67250264,2259.8254,2.0871332,1.6563631,0.08375185,0.08062216,0.07278791,0.04547362
0.67228216,2267.4053,2.0167832,1.6596612,0.08314559,0.08088246,0.07324338,0.04604827
0.683143,1862.8229,1.1940141,1.0787786,0.10376422,0.096538454,0.071523674,0.060992584
0.6201324,5284.9546,1.8506199,8.574051,0.12641102,0.11667652,0.096258104,0.06832457
0.63645965,4785.3403,0.56323534,8.074191,0.12016682,0.10400757,0.058083255,0.05387676
0.63367087,4594.085,0.39789125,7.2412014,0.13018356,0.086763784,0.052347966,0.048689127
0.62816924,2371.7432,0.58199847,1.1230091,0.10664962,0.07975029,0.065349676,0.056938004
0.5978239,3453.894,1.0192964,2.010413,0.16063087,0.11720365,0.0551124,0.065153174
0.69015414,2264.4004,0.10983528,2.2741103,0.08578477,0.0820302,0.10807895,0.06683953
0.6323901,4534.6523,0.016253563,6.7020273,0.089278564,0.09547503,0.10594735,0.046602167
0.67256075,2811.338,0.7918711,3.160677,0.19713902,0.10441472,0.061531745,0.06374091
0.6198596,3807.114,3.2822165,3.5796382,0.09278706,0.08274342,0.081625946,0.06675344
0.6843857,2729.3174,1.0858546,3.6691263,0.08409603,0.13385093,0.045629077,0.073107384
0.67601913,2970.2266,1.9084715,4.2823844,0.08872616,0.13896222,0.055355035,0.06961049
0.6599719,2424.2922,2.4751892,1.8212357,0.11703165,0.07066731,0.08263248,0.1026199
0.66956437,2518.2878,2.4006627,2.3726833,0.118312754,0.074483775,0.09521051,0.06613097
0.6422931,3932.3745,1.7141235,5.4532456,0.07069665,0.09131953,0.09959306,0.09154757
0.65912175,3026.0886,1.6382973,3.3963766,0.20677051,0.11267236,0.061729215,0.0569419
0.6552513,3437.6382,1.1128203,4.5416236,0.07611247,0.079493545,0.10799724,0.075587586
0.6522021,3079.7505,3.1106575,3.2071154,0.10790773,0.111306384,0.07663134,0.04165885
0.6630476,2867.517,2.325093,2.8809905,0.10613153,0.11030393,0.07485384,0.039167024
0.66757077,2796.9636,2.7356062,3.1617575,0.1125308,0.11163152,0.07192792,0.039993484
0.6092149,4537.7305,0.5086528,4.56271,0.16112107,0.103658885,0.07669257,0.12311003
0.65868306,3718.663,3.8768802,5.8220134,0.24628946,0.18576232,0.07092401,0.0547016
0.6603064,4443.862,0.1351402,10.596916,0.1740672,0.090712145,0.07411758,0.08068515
0.6276951,5589.2217,0.13586283,11.647904,0.11993701,0.09304252,0.08369277,0.076094165
0.69485897,3676.9336,4.233295,11.639069,0.17470288,0.11209366,0.0764216,0.04715875
0.72265327,2981.3887,0.6038333,10.997344,0.18161412,0.12066453,0.055186074,0.082817584
0.6074415,4444.237,0.76262414,4.5295444,0.07614418,0.081411555,0.10681052,0.09645103
0.62050503,5165.9956,3.252608,7.7431583,0.14379625,0.11626595,0.11599179,0.104397714
0.57743543,4393.485,0.15128843,2.8855953,0.16043845,0.0760415,0.08206537,0.06655984
0.70407987,2988.09,3.9615705,7.492798,0.10611235,0.13028596,0.052991487,0.05840776
0.70176697,3127.3098,1.6448133,8.004394,0.10964845,0.11869112,0.053749733,0.05893679
0.699677,3031.9011,1.1210595,7.3105,0.14478165,0.11623397,0.06804284,0.054689903
0.7235868,2707.131,1.7055042,7.599936,0.11183421,0.10157474,0.06591989,0.088723965
0.6949354,2921.9446,0.23514222,5.5537567,0.10994622,0.055702984,0.08650159,0.04163466
0.6827268,3435.8591,0.29557326,7.2875233,0.10223747,0.057573937,0.06951723,0.047830544
0.71815985,2069.2595,0.31155515,2.6860847,0.13091491,0.08007455,0.051754095,0.04157591
0.72193265,2227.077,0.57112944,3.562916,0.14686705,0.07738634,0.054129038,0.04663878
0.682056,2220.1191,0.025544679,1.9911275,0.09543561,0.11404699,0.07408931,0.10111621
0.6992377,2856.4092,0.030023001,5.5360603,0.098151855,0.100150555,0.06689675,0.12125125
0.652622,3040.5508,0.02697565,2.9728506,0.13330752,0.0988995,0.08390658,0.12159751
0.6714008,3017.1035,0.16874127,4.141281,0.1339323,0.11119769,0.0901349,0.15009002
0.65335494,1824.621,2.305371,0.7069832,0.14182287,0.13326602,0.11301797,0.07873136
0.6318961,2202.3125,0.6056566,0.97232443,0.112868845,0.13676931,0.15443459,0.08769534
0.6482778,2356.6887,0.7182512,1.3815022,0.10465595,0.105165556,0.099301904,0.0701189
0.63884515,3617.2368,3.5803661,4.3685474,0.14379326,0.0787818,0.09777344,0.10588024
0.6319687,3693.9104,1.6999906,3.849743,0.13826609,0.071369074,0.09199876,0.09124832
0.66047496,4213.9004,1.2163411,9.103919,0.100266546,0.106344044,0.1174674,0.091678776
0.6327091,4905.3506,0.20594765,7.716009,0.12786822,0.09083457,0.057181664,0.09840092
0.6449728,4935.0405,0.043897152,9.933891,0.10331637,0.10799099,0.05493052,0.08360015
0.6842002,3745.1335,5.4128017,10.3647175,0.18418261,0.08800006,0.09760237,0.057981864
0.626569,5041.6646,0.18631588,8.410689,0.14673118,0.08127742,0.10848106,0.06153396
0.66730803,3929.433,0.49575806,8.187712,0.08793657,0.08545624,0.19939207,0.060453862
0.65750843,4059.193,2.5515995,7.719881,0.10765399,0.089033216,0.16354749,0.051892255
0.690584,3361.221,1.4649899,8.008773,0.1274888,0.099224344,0.0890346,0.052062787
0.6230861,3314.2031,1.3883767,2.6176386,0.09984167,0.08338385,0.07980903,0.085025415
0.6223232,3753.4404,2.1320007,3.4944267,0.07918672,0.07613761,0.08461763,0.076323695
0.663537,3002.49,1.2044855,3.3987174,0.09520063,0.09385451,0.07756203,0.06657041
0.6760828,2845.226,1.8229127,3.6460028,0.10476385,0.08858911,0.08171971,0.059459552
0.66132337,2947.4045,1.2932473,3.070115,0.08815411,0.10387447,0.11403652,0.06410196
0.6602766,3231.0828,3.3385508,4.1970534,0.100945406,0.06441102,0.106045455,0.06104286
0.6482373,3790.2537,1.4161859,5.5495706,0.07010059,0.13100937,0.052903917,0.07184656
0.6965858,3303.2454,0.4577138,8.628865,0.0877769,0.08268804,0.057275087,0.07009379
0.7504036,2243.305,0.85550034,7.058198,0.09144639,0.087698,0.050296057,0.08144073
0.7445994,2302.0344,3.2358952,6.540224,0.11100776,0.11243704,0.055614274,0.07829823
0.68271613,3541.6194,0.6666761,8.455027,0.14781745,0.15705252,0.09183708,0.05967225
0.61707443,3619.592,1.8257047,2.862747,0.09290163,0.10901254,0.08366579,0.06498064
0.6303079,3240.2778,3.6491752,2.826036,0.1058771,0.13028967,0.073275834,0.065581724
0.6744301,1997.3,0.5377433,1.2158023,0.10666643,0.095874056,0.08196213,0.06146622
0.70671356,1835.5385,1.9411103,1.4066132,0.15410724,0.11486923,0.06958638,0.0961027
0.6656189,2224.7822,1.1547633,1.4740376,0.12813938,0.1734308,0.10769492,0.052969586
0.6831596,2601.7766,0.5110417,2.9612958,0.12017834,0.1608599,0.14133747,0.05027118
0.702929,2028.2059,3.6642456,1.9934757,0.12638304,0.20286693,0.117132194,0.04582558
0.717166,1794.6444,4.159989,1.6748427,0.12251005,0.18445481,0.09531887,0.05714931
0.62215304,4647.8237,3.3570607,6.2641363,0.095416956,0.10795368,0.06062798,0.080841355
0.60780215,4798.657,1.7466472,5.2240806,0.14265756,0.08787041,0.08147459,0.05854633
0.6005732,4552.246,1.9973664,4.0486736,0.14169544,0.084792346,0.07255975,0.055149272
0.6884209,2893.9817,1.7528609,4.8145776,0.12096842,0.1076619,0.08257913,0.058788534
0.6753663,3547.0083,0.54230493,7.1893015,0.117109045,0.07111612,0.07409419,0.047210038
0.6742106,3506.864,0.54741865,6.464843,0.11197514,0.069227144,0.07700775,0.04971207
0.66064084,3559.0537,0.20759234,5.7755775,0.10493819,0.07064797,0.077214986,0.049447097
0.64036757,4319.056,1.0720149,6.6285133,0.11406621,0.13325235,0.055012446,0.07015192
0.64650303,4107.4385,0.4819602,6.336495,0.10254702,0.13479088,0.05998136,0.07211355
0.67645514,3149.6978,1.0626057,4.6570077,0.12523076,0.09547453,0.06474894,0.07859048
0.6847829,3442.612,1.8097322,8.362737,0.10017556,0.118697174,0.061108664,0.075480446
0.6740429,3225.4312,2.4939532,5.307928,0.09992783,0.13432962,0.08532346,0.10232365
0.7067091,1847.4065,1.1247798,1.4196329,0.10866974,0.12459983,0.07770805,0.08430378
0.76366574,1359.9989,3.0061593,1.1798664,0.10257333,0.07465379,0.064614296,0.047430195
0.7088133,1984.4231,0.47945568,1.8221464,0.20445435,0.11021348,0.0811035,0.09742468
0.67423254,3613.517,3.4682522,7.365005,0.14312446,0.11780517,0.077813126,0.07058662
0.6022192,3536.8433,0.82191944,2.205099,0.13111971,0.09038247,0.057489004,0.06451839
0.61443746,3450.9365,0.66732705,2.492932,0.13743043,0.09207229,0.055785984,0.062448718
0.6144474,3036.656,0.4915719,1.7690293,0.13480836,0.105682835,0.05906342,0.059530716
0.68684393,3759.087,2.0666635,10.512836,0.09680526,0.0970106,0.10403279,0.071140796
0.65863436,4368.954,1.2814004,10.308295,0.083445504,0.09134726,0.11806571,0.08273642
0.6643286,4475.847,1.8340034,11.302291,0.08967079,0.099641465,0.07581642,0.044434026
0.6431872,4545.409,2.247074,8.991066,0.12831523,0.09450343,0.09701596,0.13349141
0.6200701,3636.588,0.8623711,2.9805846,0.1228562,0.097451836,0.11242701,0.10779834
0.597876,4172.721,1.1739861,3.2444398,0.078084946,0.09897404,0.07242299,0.10464238
0.5718697,4954.682,0.80854714,3.6970575,0.07231163,0.08935258,0.065981075,0.1260223
0.6592615,2885.117,2.6550827,2.9855475,0.109069735,0.07431362,0.0952652,0.097115494
0.6108037,4325.8027,1.8620166,4.342038,0.09717965,0.10663551,0.09039256,0.053641155
0.68520004,1815.332,3.7628536,0.98572683,0.13458408,0.09304918,0.07667306,0.06932163
0.64588636,2713.3809,1.2088021,2.1145668,0.08059383,0.08024954,0.10703855,0.069529876
0.6279059,2613.209,2.1055462,1.456502,0.08595451,0.094961226,0.11938881,0.057058267
0.6297371,2731.8074,1.7517833,1.6504817,0.08191216,0.092517436,0.12908685,0.05891059
0.6181619,2599.3484,3.5715919,1.3365436,0.11114648,0.10283127,0.09781226,0.08839414
0.5860237,2976.9834,2.3024557,1.2362332,0.14008962,0.10896151,0.09180269,0.05297719
0.6258045,3577.8503,1.7575755,3.1798959,0.1115758,0.2638634,0.12004816,0.11083618
0.7071717,2165.562,1.9184539,2.542534,0.111803986,0.20246194,0.14058067,0.03910034
0.6063066,4501.503,2.2328656,4.8429136,0.11639315,0.059047844,0.09895002,0.121177495
0.6311146,4571.508,0.31622282,6.7013645,0.08702546,0.09905532,0.11554912,0.049997136
0.6728967,4223.5186,2.636259,11.711163,0.110847145,0.09154484,0.1773557,0.07886977
0.55869263,1645.0795,3.1583765,0.24827029,0.11206306,0.10658572,0.05014401,0.10855691
0.4926589,1628.1527,0.4816964,0.16165787,0.1185082,0.07953652,0.084369995,0.057939634
0.5366397,1440.027,4.250775,0.15238246,0.06607164,0.11874181,0.064429164,0.17383556
0.5251662,1393.6758,2.4793782,0.115362234,0.07599988,0.119014494,0.070013136,0.17542042
0.55010116,1519.6255,2.526532,0.17513762,0.09202336,0.13059562,0.06890234,0.14809693
0.5523945,1532.0172,2.6601949,0.18632886,0.08551047,0.107702255,0.067908905,0.13030457
0.57908845,1997.6458,1.6273744,0.41108793,0.09595199,0.14162122,0.11019235,0.15405431
0.6333218,2410.5183,3.340702,1.305443,0.09106119,0.13156334,0.11355752,0.16077572
0.6442829,2606.1067,3.479071,1.8211957,0.092981204,0.12834588,0.1093017,0.16493446
0.64961034,2134.0596,1.6993923,1.0049279,0.076939374,0.14313339,0.09502527,0.1585937
0.64834166,2279.1985,1.5422208,1.3003185,0.082853466,0.12020118,0.087425224,0.14084968
0.67471325,1905.2291,0.2927176,1.0059187,0.112012625,0.1320496,0.087811895,0.13313961
0.7123939,3152.3843,0.17670794,10.515821,0.15338503,0.15100059,0.057472818,0.0737175
0.6805891,3976.22,2.414623,11.67066,0.090895995,0.1466369,0.11206651,0.078176126
0.5960397,3327.921,0.1184544,1.886797,0.14458463,0.07289598,0.055762276,0.056125376
0.7147662,3078.3567,0.0681821,11.347081,0.12834819,0.13748759,0.13666186,0.048448212
0.6956952,3428.4497,0.044980146,10.516634,0.125701,0.14608914,0.13893631,0.05010169
0.67727226,3607.4746,0.05633598,8.080604,0.11356689,0.13274626,0.12636288,0.053216193
0.6958756,2975.0117,1.1323152,6.606759,0.11571477,0.09920272,0.10163351,0.057131164
0.6406724,4129.5537,1.6087508,5.980733,0.115677044,0.08736211,0.08349281,0.07947598
0.67534083,3403.7688,1.379451,6.1871185,0.115525424,0.08431238,0.085792154,0.0742607
0.65701795,4569.108,2.3954809,10.986479,0.08834457,0.09225345,0.07309318,0.052963864
0.66663784,2271.5903,1.3694859,1.5818832,0.14780249,0.09208037,0.07053163,0.079491764
0.60926646,2465.4202,1.1874702,1.0211828,0.12402594,0.08512482,0.07499117,0.050934266
0.6175715,2653.4653,0.89050454,1.3301762,0.13040344,0.07683155,0.06927252,0.04588681
0.6215553,2850.0654,0.8666585,1.6990052,0.12717094,0.09419435,0.06974865,0.04642449
0.6196234,2157.1296,1.3727137,0.7866897,0.11232558,0.09741745,0.07973495,0.06672001
0.62948173,2472.7642,3.2497408,1.306432,0.124616526,0.09957022,0.09368766,0.05963105
0.6651725,2282.649,0.71807885,1.5999585,0.14984226,0.08073122,0.057070404,0.062911354
0.6523159,2047.6656,2.2654407,0.97008467,0.114528686,0.10382641,0.06440784,0.07765812
0.7509246,1709.5813,1.1317555,2.4567862,0.11042058,0.09879119,0.08953762,0.06734127
0.7535419,1752.2933,0.908153,2.3476386,0.115144774,0.11506247,0.09669862,0.056761988
0.68451124,2754.8801,0.050957624,3.7344391,0.08271912,0.08094233,0.08971378,0.06695973
0.6130126,3955.7603,0.061932463,3.720767,0.086112395,0.075709976,0.08155216,0.080743924
0.6719411,3239.0437,3.144211,5.043877,0.13092369,0.11339127,0.093380764,0.055686757
0.6717268,3244.7922,3.284948,4.850404,0.12914091,0.11536672,0.09280777,0.055487208
0.69023174,2877.5234,1.2750907,5.320741,0.17313588,0.08592046,0.088658735,0.051263448
0.64569575,4183.5195,1.0104969,6.863388,0.22546779,0.08871603,0.09660788,0.06777013
0.6703639,4171.9116,2.227666,10.710266,0.10556971,0.07425834,0.08725333,0.08878212
0.61834145,2980.2097,2.8968031,1.9006314,0.12550479,0.119257264,0.07784258,0.07833828
0.66093326,1914.0273,1.0284241,0.8619993,0.12812492,0.16039228,0.07721913,0.06355845
0.6542278,2480.9097,0.5791345,1.8083076,0.10703518,0.087632015,0.121365175,0.07327508
0.6141106,2648.3708,0.98048997,1.2377943,0.11014791,0.123191044,0.0898146,0.0663576
0.6951838,2617.2524,2.7523494,3.9990132,0.091427274,0.16458432,0.09251324,0.060597084
0.63816434,3260.9702,0.31034595,2.9393098,0.078513846,0.11743441,0.07111775,0.048998356
0.65581983,3905.8074,0.89828175,6.3041706,0.11392334,0.11781632,0.08257624,0.09715945
0.60811657,3688.4297,3.3078976,2.8045764,0.08326846,0.097560674,0.08628568,0.046877313
0.64234436,3633.7825,1.5677774,4.183429,0.07925604,0.08397971,0.076432645,0.05658064
0.65208834,4531.408,0.54408294,10.166016,0.11949506,0.07478109,0.062345933,0.095966585
0.65209234,4440.768,3.5286822,8.889463,0.15505686,0.073302045,0.06754458,0.06440895
0.65849644,4055.3167,0.4375688,8.074651,0.105771184,0.098911785,0.06617575,0.10566155
0.59620565,3494.6057,3.5761015,2.1907716,0.081306726,0.12324304,0.06980987,0.07104364
0.60343814,3405.5027,2.526578,2.1324265,0.09105603,0.102773696,0.071784675,0.07333882
0.62806946,2131.8916,2.0332599,0.7968905,0.16191132,0.13628729,0.06843717,0.05741991
0.6235919,2010.4119,1.2298743,0.6509659,0.14399251,0.1673364,0.10220255,0.05516659
0.60083956,1747.7568,3.6412768,0.42010093,0.124284,0.12764359,0.08547819,0.05232226
0.61632967,1670.7852,2.2863026,0.41602018,0.11001036,0.11230887,0.0725234,0.066208355
0.5724392,4274.186,2.1426466,2.4950747,0.12366769,0.12531441,0.070080034,0.08897639
0.71345985,2889.521,1.7342604,8.901355,0.1125188,0.088742495,0.08202472,0.052614782
0.60304475,5794.867,1.8400079,7.781,0.09794374,0.15523104,0.07996763,0.08192064
0.63885677,4644.03,1.5983675,8.311915,0.10452934,0.12266824,0.058655657,0.046768673
0.66852295,4034.3416,2.0962489,8.902397,0.12219381,0.18745038,0.06947517,0.110147595
0.65287274,4644.6885,1.8368971,10.013666,0.1295127,0.17923895,0.063618556,0.1046216
0.64326847,4908.4805,1.1954083,9.840065,0.13014257,0.09157239,0.09455786,0.11307074
0.5925209,2482.4634,1.5128222,0.8566747,0.16810831,0.0876379,0.052158426,0.1028952
0.568265,2424.9214,2.7561738,0.63224185,0.20663619,0.104340985,0.06483468,0.067205064
0.5792356,2761.1838,1.065154,1.0069841,0.24339025,0.09205704,0.08861017,0.05556255
0.5763491,3009.8567,0.6756167,1.1368062,0.2202245,0.09057295,0.1025612,0.070049234
0.5795764,3347.2646,0.319754,1.496501,0.24375942,0.1595484,0.08210559,0.05652948
0.58110535,3415.4038,1.5076663,1.5948012,0.22336462,0.110675916,0.05918267,0.087782174
0.5885345,2283.8967,1.4617257,0.65212125,0.1549545,0.09989055,0.07216696,0.054755736
0.61071163,2153.186,3.0183535,0.7328585,0.15078875,0.07721003,0.077262826,0.058231145
0.7142526,2898.5295,1.0723073,8.11691,0.16738982,0.09233601,0.05759722,0.068347536
0.6267538,4307.002,2.93193,5.4060235,0.07265311,0.09711689,0.07732476,0.068483405
0.6069196,4069.1592,2.744358,3.368855,0.07913145,0.08516666,0.09446612,0.07438344
0.6389713,3437.7266,3.6183658,3.9736362,0.09241597,0.08747047,0.08992851,0.085077524
0.68696475,3532.3457,0.7563896,9.957984,0.08520033,0.078376375,0.09435261,0.058002755
0.6861408,3814.436,2.129131,10.845771,0.09137955,0.1081529,0.101506546,0.045595795
0.6818967,3879.9949,2.3119085,10.882127,0.08817143,0.105827466,0.10264097,0.046348557
0.6995238,3411.4614,2.4667442,10.565354,0.07820193,0.11671972,0.08835432,0.053484157
0.68523157,3732.049,1.7240995,10.461482,0.07238365,0.12121951,0.08612767,0.04623317
0.69180065,3590.2925,2.2585049,10.068534,0.07617777,0.11926093,0.10953393,0.052000884
0.6195453,3934.3389,0.6911873,3.389606,0.12644626,0.10979183,0.07619615,0.10809706
0.6351158,3615.831,0.5371805,4.1149526,0.11322886,0.11638915,0.07278286,0.08462988
0.66416883,3414.9255,1.0113757,4.994724,0.1390736,0.13642825,0.060302336,0.08558339
0.65736306,3180.9531,0.6686386,3.723693,0.121137545,0.09874742,0.09030017,0.044010427
0.681313,2811.1418,0.7333555,3.8494923,0.1164272,0.07878432,0.0905511,0.048247103
0.6279659,3720.4758,1.9269375,3.845385,0.12893663,0.104096085,0.0783548,0.09700021
0.5757488,4490.2954,2.6272728,2.9300754,0.1163727,0.11696554,0.07176727,0.083792716
0.56237346,4260.289,2.6295314,2.2218118,0.11147003,0.095010094,0.061443098,0.091412276
0.6734403,3793.1362,1.4573019,8.293362,0.11069078,0.116515614,0.06502102,0.048170805
0.59404343,4147.1743,1.3050654,3.070259,0.11668608,0.07345528,0.10268752,0.09421005
0.58664906,4331.4614,3.0543036,3.1402771,0.095651194,0.071542636,0.14002156,0.082780845
0.57195294,4792.8687,1.2241973,3.187763,0.10529846,0.09131933,0.119801976,0.07050185
0.65227044,4777.923,1.1275218,10.889088,0.13106048,0.09014493,0.10808042,0.07065779
0.7278857,2524.894,0.9701379,5.8802676,0.1482809,0.13877638,0.090912744,0.11241077
0.68137026,2470.3064,3.8034322,2.6977315,0.14803629,0.108805224,0.07611637,0.06536482
0.6143307,2642.9514,0.5323687,1.3012822,0.16861667,0.09216006,0.0802863,0.072594084
0.576902,3053.0486,1.8117446,1.1548746,0.19373927,0.099153705,0.06719439,0.06514112
0.68399405,3558.2507,1.7677021,8.6513,0.17905231,0.08948753,0.066295244,0.062837616
0.6385078,3881.7039,1.5312324,4.93976,0.08450326,0.08902787,0.14261147,0.08391321
0.6622397,2964.908,2.350665,3.3835852,0.09159099,0.08768319,0.16834348,0.049383193
0.6323627,4372.927,1.3999555,5.933379,0.13418598,0.12950411,0.044179574,0.085901
0.63281035,3216.0322,1.7336922,2.8633835,0.1477128,0.086740576,0.12137012,0.11667426
0.6837203,2935.209,1.9534441,4.461183,0.092841454,0.086147755,0.23339866,0.043488845
0.6735798,2689.093,2.215408,2.8986092,0.10405725,0.10057566,0.16108362,0.046372343
0.6170109,3222.0444,3.049062,2.315946,0.15734449,0.09585088,0.061568197,0.10160594
0.62852716,2563.2666,1.3452659,1.3714939,0.11462118,0.12100537,0.097639866,0.053722158
0.6267032,2533.477,2.920391,1.2610198,0.1274026,0.16648671,0.06823541,0.05710526
0.64198434,2858.0623,3.0854855,2.1926591,0.1326056,0.17362449,0.061989613,0.051009078
0.6404465,2400.1743,1.4192742,1.344816,0.0926006,0.13437779,0.07020415,0.050984774
0.571787,3122.696,3.0154345,1.2954912,0.08518337,0.10858865,0.11528736,0.07702477
0.61710715,2315.2173,2.3090208,0.9179012,0.11424141,0.13120392,0.09018905,0.07198405
0.58724785,2810.8005,2.8237388,1.1496657,0.124184154,0.11660616,0.08393104,0.07032084
0.60713816,3173.0754,2.2312548,1.7038176,0.11918518,0.117436655,0.07752209,0.06409736
0.64323276,4586.9927,1.2913684,8.722033,0.09370768,0.07279744,0.14249264,0.066911265
0.65832597,3499.05,2.0550976,5.119654,0.0880839,0.07739574,0.13841368,0.04520626
0.641367,4029.007,2.9499123,5.736024,0.111109756,0.07228259,0.11704981,0.056766927
0.6665173,2598.2522,1.3696415,2.341823,0.15838921,0.13352168,0.079634294,0.07277394
0.6399608,2168.667,1.6060522,0.9885548,0.106412545,0.07263948,0.09347704,0.056660555
0.608679,2204.68,1.480389,0.7308061,0.09733543,0.089851886,0.0972149,0.051155187
0.59691256,2519.8728,1.3107665,0.94220036,0.093623,0.08235766,0.118070215,0.05728921
0.62125885,2453.759,2.2928224,1.1118617,0.07581006,0.14956942,0.06232,0.057945933
0.630761,2616.0105,1.6815715,1.4926357,0.07684142,0.16734892,0.0688862,0.06419709
0.7043462,2114.625,2.6095533,2.2151759,0.11552829,0.17312518,0.07340537,0.06220734
0.66089326,3184.7627,1.1522039,4.0281067,0.13435829,0.07587369,0.11642329,0.086593226
0.6650491,3099.964,1.6517196,4.052102,0.09708091,0.09072701,0.12625152,0.07088673
0.65931356,3000.6885,3.3354402,3.2896726,0.10801683,0.09205833,0.1314829,0.039721385
0.6529598,3254.1409,1.3734355,3.723811,0.13537376,0.08152545,0.0902969,0.05531415
0.64794266,4791.0356,0.2828618,10.591869,0.10401131,0.12399764,0.06461988,0.086469814
0.62619555,4906.203,0.15974654,7.127348,0.10792296,0.10512211,0.050739832,0.09666713
0.64098614,3767.1367,0.10932035,4.6173363,0.06814439,0.18399322,0.07806291,0.052170504
0.65444213,4645.4478,1.0574524,10.083572,0.12729421,0.20765933,0.064667374,0.06549324
0.66406,3816.7666,2.1525283,7.1289053,0.1115153,0.078728974,0.07825947,0.07140544
0.63675165,5156.9937,3.6033783,10.44556,0.11592248,0.065201506,0.08216077,0.10288146
0.62309015,4482.2827,0.47343212,5.767148,0.11562264,0.11065946,0.118354164,0.09137687
0.6367788,3509.5698,0.34260252,3.2886217,0.10927004,0.112749316,0.11057095,0.112788975
0.60170406,4249.115,0.3563696,3.8036072,0.14156246,0.10077374,0.1162138,0.0727195
0.62510043,3677.0469,0.6816227,3.4373982,0.12087201,0.09883767,0.114832975,0.064122945
0.6482975,4849.7173,0.8281349,10.425351,0.12925418,0.1250161,0.13489321,0.062094044
0.6485801,4843.575,0.95309657,11.199341,0.1592729,0.101471946,0.09914312,0.04750116
0.6487104,2058.8997,0.66733193,0.84592944,0.17671551,0.089092374,0.06442219,0.09898147
0.64766634,2054.8857,0.6519128,0.9738566,0.17680475,0.0893313,0.06456545,0.0992728
0.6464835,1989.4775,0.8348767,0.8541427,0.16210562,0.11621748,0.06529171,0.0946727
0.6263204,2965.1624,2.4398584,2.1141047,0.123434976,0.10024415,0.10321838,0.08121749
0.74256146,1695.5656,1.0433369,1.9007013,0.085122,0.14279874,0.12079426,0.05053687
0.6435863,3910.4104,1.7313511,5.477754,0.106665336,0.07815369,0.05375674,0.08305061
0.65385437,3494.7883,1.2119719,4.656138,0.081655785,0.0911895,0.04562691,0.04535071
0.63689697,3283.6763,2.5939527,3.1123278,0.11671274,0.08876601,0.13447618,0.1014525
0.68111,2928.3503,2.3890705,4.2826014,0.1157483,0.09762047,0.05173453,0.0692721
0.71217203,2918.8333,1.3718821,8.356486,0.12445954,0.10900916,0.0693629,0.084056936
0.7107046,3020.0688,3.3223536,8.320414,0.12840357,0.07207966,0.048697498,0.082677
0.75226754,2281.2917,1.4948305,7.910897,0.105834804,0.07007421,0.077809066,0.07207029
0.6841836,3503.1377,1.2977543,7.9163833,0.15653828,0.09058449,0.050214496,0.052832536
0.5977311,4153.9087,1.0684558,3.4305587,0.107516,0.100007415,0.13622561,0.093978465
0.6342628,3393.8638,2.7066202,3.2785556,0.13227636,0.11551245,0.05187485,0.08036436
0.6385217,3360.213,1.4031483,3.0594893,0.17380068,0.11158067,0.090528004,0.0639823
0.6346308,4002.8413,1.5556304,4.7294445,0.15470558,0.0968655,0.08248358,0.06855718
0.6258243,4589.893,2.6281009,6.3328543,0.15016572,0.10623226,0.13409312,0.075983845
0.638774,5063.36,0.8862935,10.314913,0.13987817,0.085967876,0.11224748,0.06325989
0.67307657,3855.4124,1.0667256,8.988931,0.1161749,0.10978223,0.13429324,0.06177191
0.59533745,4068.4524,2.4457915,3.0755508,0.11806422,0.15147252,0.068872474,0.06567371
0.7120267,2985.0984,1.3041492,7.8519053,0.09170693,0.22289337,0.06363084,0.06824693
0.7106254,2911.537,1.344991,8.282636,0.09178618,0.22609653,0.06350733,0.067158416
0.6813385,3155.6887,2.8252325,6.1436205,0.09243314,0.23670432,0.060483057,0.0735272
0.6525643,4316.495,0.95877266,9.407655,0.07093354,0.1648244,0.08922468,0.08402099
0.63656294,5252.569,0.7109091,9.853871,0.0704222,0.16535248,0.086680725,0.06795678
0.6259547,5211.0933,0.5654603,9.907956,0.077279314,0.15988919,0.0805033,0.071110666
0.6761664,3481.988,0.43214306,6.612194,0.12250705,0.10974784,0.086114325,0.085504174
0.5678103,4637.385,4.3650174,3.085712,0.1039262,0.092086166,0.09205149,0.07664926
0.61446863,5490.97,0.7553417,9.179201,0.10407534,0.08226397,0.07948083,0.09341332
0.58291227,6409.857,1.3341186,7.4440694,0.1128918,0.11542458,0.109649785,0.100735396
0.6588027,4269.0435,2.9564855,8.647609,0.111618236,0.11485231,0.09636824,0.07700463
0.65559876,4612.5894,1.227513,11.291477,0.08425154,0.15674505,0.0739096,0.054733783
0.6123487,4501.072,1.789137,5.2205276,0.1283991,0.09791415,0.1192352,0.0739845
0.6940584,2426.673,1.6086731,2.8039994,0.096385926,0.098588675,0.051131252,0.055523243
0.6449807,3055.1667,1.3588779,2.6624308,0.11949685,0.12185151,0.07033961,0.06556209
0.6757068,2530.0469,0.7482667,2.3667798,0.11418085,0.13749859,0.06913062,0.073674925
0.68072814,2899.5632,1.0340595,4.177987,0.1223011,0.120058775,0.09009008,0.05623848
0.68954957,2517.4277,0.09832354,3.015539,0.21927589,0.09218377,0.07629377,0.05706986
0.6346397,3870.5596,0.42049944,4.6526127,0.22219771,0.09222147,0.10517436,0.07593726
0.59872544,3678.8606,0.25222948,2.423905,0.18852872,0.11308964,0.08801047,0.0811962
0.6569332,3781.0386,0.0331586,6.154883,0.13098882,0.09479297,0.059977,0.051399577
0.63860506,3311.3728,0.039133735,3.1731517,0.097598016,0.1286034,0.07784512,0.06473817
0.59724957,4769.5854,0.028906168,4.878254,0.092558384,0.06739744,0.07458866,0.12209125
0.6150572,1569.1635,0.271481,0.34181306,0.13640964,0.1639294,0.09532605,0.066803865
0.605086,4307.3374,4.769627,4.3154964,0.08866347,0.05941252,0.11051697,0.112635024
0.62212646,3925.798,3.6090882,4.2481313,0.09136975,0.064291626,0.11306287,0.110147856
0.64885485,3731.803,2.5639017,5.3850055,0.103687264,0.08240619,0.11276131,0.11592279
0.66157603,3460.2659,0.48737264,5.2955365,0.09827702,0.11248506,0.08948588,0.10250835
0.67153484,1840.1168,1.8208295,0.9301363,0.10107521,0.08475083,0.07215643,0.04509925
0.64572614,3836.0254,0.73028487,5.670089,0.13355078,0.124890015,0.06731072,0.11503756
0.6962325,2885.1958,3.4299574,5.1182528,0.10658142,0.10358052,0.07329163,0.06118775
0.62698936,1945.9695,0.7251891,0.5978048,0.13261887,0.081159055,0.0618599,0.07421698
0.5821155,2014.2035,1.5718638,0.5047808,0.10555263,0.08324135,0.10620727,0.12181918
0.56371975,2589.4492,2.586376,0.6990092,0.12735103,0.15883392,0.08922772,0.04682201
0.6123304,2647.5308,0.7135332,1.2151207,0.12245408,0.19827637,0.07500218,0.076451205
0.6229762,2467.7563,0.94106907,1.2311594,0.123522,0.17839321,0.0815729,0.07744142
0.6184364,2257.2366,0.9052723,0.81180847,0.12537888,0.19662187,0.08025802,0.072967
0.63267183,3793.876,1.6762006,4.1837645,0.18028355,0.14547707,0.08342466,0.08364128
0.5751936,2039.7157,2.3063378,0.4453054,0.09742366,0.11920982,0.04590026,0.07298036
0.5584212,1695.2303,2.649802,0.27325413,0.1058656,0.12549564,0.058154006,0.09008516
0.58288777,2432.6892,4.0621176,0.7349961,0.085674666,0.116013065,0.057970088,0.078843996
0.5831437,1978.9938,0.5671699,0.45387632,0.13566783,0.11800523,0.08878505,0.08484844
0.5851679,2129.1692,0.29713273,0.5283303,0.12327478,0.12088141,0.08958468,0.10103977
0.68250465,3405.078,1.3243377,6.668447,0.107469045,0.20869213,0.11076118,0.045870066
0.6219067,5854.2144,1.9414217,11.733837,0.1076754,0.088177085,0.0692911,0.12680918
0.69109434,3112.1167,1.1263976,6.550312,0.10821599,0.10421205,0.10649341,0.040205948
0.64456314,1901.2944,2.6689105,0.7111361,0.12785026,0.07389849,0.05660194,0.13174058
0.6489513,1987.7096,2.217533,0.8243134,0.13058108,0.072845824,0.055730216,0.13679038
0.65144503,2036.79,1.2329146,0.92676866,0.14005542,0.07336287,0.06516916,0.16130646
0.69148576,2645.7087,0.29892713,3.6803231,0.10802954,0.08666409,0.060479783,0.22979885
0.65925723,4165.301,0.07779789,9.233577,0.12708564,0.15503456,0.09755154,0.05161395
0.63246393,5220.6465,1.8935473,9.958542,0.08704781,0.18085085,0.056918513,0.066260494
0.6705751,4158.797,1.4442015,10.249245,0.09123489,0.1736736,0.07370349,0.07533665
0.6722816,4103.5723,2.4287078,9.890351,0.090834945,0.17036009,0.07774153,0.09077877
0.64934456,3267.0774,1.4300141,3.386777,0.10071027,0.10140996,0.100208476,0.05268671
0.6513817,3894.734,2.4260306,5.86552,0.097904675,0.11445957,0.07703809,0.07010052
0.65369827,3362.7998,0.038707722,4.33924,0.09673898,0.09953908,0.08182588,0.08989039
0.64171904,4432.8096,0.03285101,7.353424,0.099922635,0.08597723,0.072353974,0.10426068
0.7041202,1575.3496,0.21025425,0.80784404,0.13431454,0.10967496,0.081950605,0.045176134
0.7493708,2318.141,1.6971188,7.9968305,0.21360868,0.06644113,0.06498062,0.13250001
0.7476992,2207.8337,1.1763415,6.086177,0.18290141,0.07947114,0.06868401,0.13549557
0.7289586,2099.599,1.9363412,3.343933,0.21728034,0.09493546,0.06606006,0.11829837
0.60890293,3296.1323,2.9972389,1.9565959,0.23065005,0.14653628,0.06988392,0.07655838
0.6668903,2310.2927,0.76713705,1.5988028,0.22405611,0.19962066,0.073127694,0.071892664
0.55116683,3549.9087,3.513183,1.4315732,0.12694037,0.06904765,0.08375077,0.065237425
0.56906646,3379.046,1.9497088,1.3607936,0.1444456,0.08853774,0.06951649,0.07904878
0.71709937,2380.5032,0.46126628,4.4718156,0.1424694,0.12709694,0.10189424,0.062354434
0.7393793,1470.725,3.41346,1.1759787,0.09976317,0.08265853,0.06316497,0.07543583
0.689273,2702.627,0.5476657,3.529361,0.09990029,0.10424418,0.073693775,0.063505
0.61578983,4195.886,0.8227117,4.0414224,0.10341805,0.110287264,0.102570415,0.100400075
0.61084574,3670.77,0.3789472,2.792721,0.09815574,0.11271258,0.08357777,0.08336048
0.61857325,3898.2893,1.2775353,3.9496682,0.11412878,0.06791728,0.06436956,0.10800818
0.7067017,2400.52,3.6212418,3.816177,0.12600976,0.05938758,0.060549974,0.06934793
0.6482642,3166.3127,0.6146931,3.1176605,0.11696124,0.18293256,0.10222204,0.06007678
0.6564357,3395.8855,0.33289936,4.356934,0.11351943,0.16788524,0.073076524,0.0711714
0.6381474,3939.2424,1.6091365,5.0854936,0.10106451,0.0786057,0.07583394,0.058755677
0.6308749,4104.812,1.0904905,5.0706415,0.10439754,0.082768455,0.08366872,0.059470966
0.6662071,3182.1238,2.8280435,4.2781115,0.09175211,0.16883086,0.08340375,0.07050693
0.6101823,2256.63,0.12391558,0.8012216,0.12905493,0.06357422,0.08220337,0.05248567
0.58502173,2087.072,0.44452843,0.5471728,0.13102564,0.08262056,0.08437416,0.05328634
0.5884942,2215.4487,1.2285141,0.6390822,0.13665052,0.093385905,0.07105987,0.073942386
0.6391869,2258.126,4.2298408,1.1677672,0.13997684,0.080359116,0.08847544,0.050559454
0.72611314,1996.7119,0.2568344,2.5817597,0.096920475,0.12474608,0.09630106,0.09470223
0.6360165,3727.7844,0.34350967,3.9243107,0.118534386,0.18257943,0.07092223,0.11342196
0.6685362,3945.478,0.52576333,9.367159,0.11689038,0.16697258,0.061978456,0.106334105
0.65597653,4728.633,2.7167645,10.811838,0.22624551,0.15852076,0.12697043,0.09688017
0.641461,3514.537,2.064354,3.6522686,0.07242629,0.0897283,0.099144205,0.056444257
0.6436662,3695.7693,1.5762204,4.9007998,0.07410441,0.09728984,0.1003226,0.057710472
0.6556622,3535.225,2.3376174,4.938986,0.107200116,0.12740208,0.11589256,0.055920735
0.6602028,3498.5347,2.564932,5.1069336,0.10749121,0.12502435,0.11454802,0.056994814
0.650297,3572.455,3.2746131,4.878613,0.096766725,0.11774816,0.07200424,0.105814576
0.6943695,3256.9944,0.1343745,7.779631,0.10195875,0.07592718,0.061598003,0.043392535
0.6352481,3684.6477,1.7740535,4.064029,0.09947929,0.08787919,0.090515375,0.07496508
0.6489809,4049.499,2.9231713,6.445019,0.10085101,0.08982366,0.07146696,0.06926969
0.6539648,2858.0125,1.8667856,2.5165875,0.08505408,0.108215295,0.07028071,0.07630352
0.64680463,4583.5894,1.1929218,8.755339,0.09826448,0.08369466,0.059627537,0.058162604
0.68207604,2396.0742,1.3127042,2.1926222,0.14715403,0.1053637,0.09329671,0.097914085
0.66167605,3865.0955,3.5621135,7.549597,0.11980749,0.12352241,0.06424934,0.06662911
0.6490634,4407.419,2.387508,8.227533,0.15995514,0.14464708,0.057884775,0.059385158
0.60708946,5651.3896,1.4231114,8.326298,0.12374699,0.09455118,0.102633946,0.083967805
0.68899417,2818.7683,2.580581,4.541529,0.07044884,0.11200128,0.076568566,0.05729768
0.6396463,2089.5044,0.9580479,0.87376463,0.09936923,0.10337864,0.059873473,0.06017635
0.57452255,3695.77,0.7589404,1.8101603,0.14554234,0.0766428,0.08946707,0.048924394
0.56150776,3575.3633,0.565232,1.4435167,0.14724721,0.07439514,0.09056921,0.053359885
0.5582869,3343.0847,0.6222156,1.2754999,0.14281172,0.07407668,0.09158899,0.05677115
0.6384918,2964.7808,3.7253687,2.414191,0.12141142,0.16396023,0.06496239,0.07776077
0.64948535,4926.678,2.145001,11.926304,0.1326134,0.07815619,0.09996605,0.06791485
0.6573417,4667.6445,0.7074842,11.506989,0.10847123,0.09611102,0.09985331,0.06498527
0.63035077,4158.265,0.19062985,5.3909273,0.10183005,0.08365536,0.07423198,0.055992547
0.6223976,3909.0417,0.16633958,3.9277155,0.10718087,0.09625703,0.08559948,0.047193203
0.64631385,3306.991,0.5819159,3.3165755,0.100044064,0.09725021,0.08539872,0.05350691
0.68427986,3615.6523,1.2173269,9.029288,0.13922086,0.10953479,0.08856337,0.05072903
0.62693447,5244.645,1.8222214,9.702469,0.10103753,0.11185142,0.1097856,0.09424276
0.65493625,4068.6372,0.68477654,7.6017013,0.0928085,0.09669655,0.08099299,0.06804952
0.64945555,4542.4155,1.1708819,9.142072,0.11074798,0.12540644,0.09642489,0.055587668
0.6375579,3186.2544,1.7704731,2.7764335,0.09629724,0.10690919,0.05176262,0.07185567
0.653113,4122.685,2.6405215,8.038903,0.09434285,0.1238516,0.07406524,0.058412857
0.6563941,3886.5562,2.5932753,7.1749177,0.0948928,0.1147944,0.06589773,0.052710883
0.68079495,2064.9287,0.5116881,1.5612644,0.09992209,0.120287985,0.100120135,0.09257023
0.68424153,2207.4377,1.4965327,2.008475,0.08994699,0.14535317,0.08509791,0.066014886
0.6855254,2221.0999,2.000778,1.8100448,0.09694974,0.15973565,0.08463898,0.0829196
0.65368927,2831.9958,0.6914115,2.417222,0.10457267,0.098000824,0.07421255,0.053204395
0.6464922,3691.6035,3.7846017,5.064923,0.078994535,0.08831993,0.072547555,0.07439981
0.64777225,2359.4233,0.712099,1.3821796,0.15431495,0.11195998,0.13814804,0.05535535
0.59425837,2071.5867,4.1008387,0.54868394,0.11489985,0.10160943,0.06915461,0.06983645
0.53451675,2050.4492,1.7990168,0.362847,0.12569492,0.064282246,0.10087267,0.059614602
0.5288097,1892.525,1.6730613,0.30674076,0.12572244,0.065396376,0.10262881,0.05794393
0.72759414,2667.0781,2.2746983,8.025322,0.09833854,0.15808225,0.058364064,0.07548511
0.6543427,4259.79,2.1264212,8.480072,0.13727155,0.064228274,0.07737138,0.08624533
0.6713739,3861.1492,1.6789782,8.583164,0.09482202,0.11232983,0.06846003,0.055806562
0.6177263,5347.212,0.49255803,8.349001,0.08059727,0.091718584,0.0739749,0.065708354
0.6772804,3625.0164,2.9831643,7.9598236,0.13462818,0.0847807,0.079483405,0.06395968
0.7050122,2941.7346,0.6374385,7.036769,0.12153636,0.10865961,0.056622095,0.06518086
0.68092996,3509.2715,0.30240923,8.004373,0.097171105,0.09955783,0.08742929,0.09178903
0.72770715,2812.2976,0.17398599,8.172827,0.099312246,0.15977244,0.09710635,0.09445394
0.7022705,3010.645,0.29616636,8.053341,0.10552897,0.13470395,0.11853128,0.07764669
0.68824565,3447.2742,0.21473525,9.986237,0.16534713,0.08524591,0.11353806,0.07181977
0.61340034,4763.119,3.9260454,6.1519184,0.08792511,0.12305757,0.060539536,0.062120833
0.6080854,5364.442,4.2945967,6.662498,0.07424768,0.120728955,0.053236358,0.06423753
0.6910537,3005.7737,0.8501919,6.5495343,0.23544604,0.09111261,0.12599438,0.07808236
0.63974583,4141.226,0.8927228,6.029623,0.21193978,0.08542521,0.14026788,0.07024918
0.6565495,3607.7795,2.363104,5.485957,0.13178344,0.11776254,0.046235703,0.070951894
0.6310445,4124.851,2.2061746,4.9072905,0.13172993,0.13476592,0.06154539,0.05311176
0.6546847,3813.9604,3.55158,6.4144096,0.13515513,0.1213459,0.057667643,0.059906628
0.64297944,4659.092,3.810772,8.62123,0.15960221,0.104110606,0.07580841,0.06736686
0.6677517,3775.4644,0.8787857,7.676529,0.11941839,0.118324935,0.09970757,0.058034696
0.6681781,3814.9697,3.2883506,8.534088,0.22555423,0.07729232,0.09044941,0.05921611
0.6789821,3662.5884,2.2089982,8.6928215,0.23247941,0.07648356,0.0853562,0.06667927
0.6481458,4142.031,2.5725307,6.8915315,0.2428526,0.117213435,0.101708315,0.04732821
0.57785356,1748.3118,0.07890407,0.34473297,0.11079311,0.082902774,0.07832545,0.11566985
0.56462985,1889.1405,3.553739,0.35408235,0.106730916,0.12993984,0.082511544,0.045820333
0.5619053,1911.7473,3.4556377,0.3702538,0.09752338,0.14225422,0.08185857,0.04644765
0.5551581,2448.3198,2.3407593,0.57891136,0.099520974,0.11064207,0.07624585,0.091768764
0.5762042,1689.6989,2.3105156,0.28457576,0.09774715,0.1725853,0.08872539,0.098712385
0.59084177,2165.0837,3.319297,0.6068962,0.10603532,0.13048401,0.08915357,0.070881106
0.56076914,1878.6001,1.1942284,0.33738393,0.07977781,0.1143035,0.05812854,0.064469144
0.5508882,1913.6073,1.6569928,0.342094,0.15199211,0.09190829,0.10277203,0.066629626
0.48451075,2030.4663,3.1895096,0.26354685,0.17637514,0.08044833,0.07377736,0.08574997
0.48671693,2006.5146,1.9684916,0.25318718,0.18668619,0.076031104,0.07069188,0.09201923
0.50582755,1353.2886,1.1375575,0.11222915,0.20660998,0.1488801,0.09629364,0.0526021
0.41183072,1398.1442,2.7935684,0.038419604,0.34132993,0.07971522,0.079717785,0.08174068
0.41163498,1336.2468,2.6558657,0.019062046,0.26194715,0.17752355,0.06386019,0.05557104
0.40013444,1279.467,0.931287,0.0216631,0.13028634,0.086028256,0.118134186,0.08969639
0.48388284,1227.1233,4.218785,0.049658384,0.07052426,0.09277353,0.12256495,0.058598433
0.47117254,1320.052,3.9837747,0.06795035,0.0779621,0.10989643,0.10483446,0.07162688
0.4577298,1193.9409,0.8275683,0.031331494,0.05580976,0.057817165,0.07463342,0.04553111
0.45522383,1178.7183,0.9659273,0.030154943,0.058770094,0.059716713,0.0752163,0.047027867
0.4621482,1202.8918,0.4366069,0.04071336,0.09041521,0.0890805,0.1261459,0.050344564
0.48930255,1567.7968,0.0891713,0.14397934,0.08754821,0.10038878,0.063354515,0.08989676
0.48931134,1576.2987,0.056915022,0.13449197,0.09242069,0.095370695,0.07093153,0.0995711
0.49847427,1262.0139,7.049696,0.056048296,0.19583064,0.072066754,0.0755989,0.06760299
0.5313992,1154.8009,2.3254206,0.07396676,0.17996076,0.0824556,0.087243654,0.08583066
0.59663445,2474.5046,0.3557146,0.88762707,0.114510745,0.12877002,0.08000383,0.06471126
0.65265423,2451.45,4.391541,1.6722698,0.085836366,0.18651567,0.059717353,0.072627895
0.67247134,2590.7466,1.7229444,2.452192,0.073788606,0.12553307,0.04354287,0.06632596
0.6887394,2505.7979,3.1463912,2.8398337,0.07662339,0.16313414,0.07697293,0.07854464
0.70703214,2289.73,1.7976685,2.8821034,0.10663124,0.10915753,0.07422669,0.082484245
0.6339674,3381.113,2.1946795,3.2314966,0.1124952,0.113088965,0.056045547,0.047501218
0.6189257,2755.0835,2.3318975,1.5450823,0.14277378,0.105259426,0.06959212,0.08545856
0.47087178,1497.8984,2.4837515,0.11258954,0.09600142,0.080106534,0.096349396,0.09508827
0.48824507,1458.8141,1.4541223,0.103011996,0.10710479,0.085256025,0.10700133,0.09738511
0.51055014,1111.796,3.3702848,0.03687354,0.0960953,0.076484345,0.08071694,0.10170936
0.50944084,1080.4674,1.9642302,0.031912707,0.118396245,0.064420685,0.0687773,0.110904194
0.48010716,1124.6783,1.7313383,0.02747063,0.09386724,0.08275989,0.06960002,0.11926725
0.47566172,1176.5945,1.6718453,0.02659595,0.09315353,0.07301285,0.07272834,0.1069189
0.45421818,1166.0515,2.8433077,0.023916129,0.09686441,0.079504445,0.09285876,0.09991125
0.4435109,1195.8394,0.8523409,0.027456466,0.08969701,0.11551025,0.083076835,0.062410776
0.4528128,1214.3314,1.146287,0.023770964,0.081511796,0.11475062,0.08086348,0.061386798
0.46350974,1144.1504,0.3606854,0.021383464,0.11882425,0.16331115,0.14796719,0.057198383
0.45758238,1390.6708,0.15296261,0.07686412,0.11865388,0.16608223,0.14602053,0.06220982
0.48974404,1436.0079,0.024309058,0.10935855,0.09633911,0.05920154,0.09145668,0.0683755
0.47962514,1420.8298,0.050440554,0.10832929,0.08678571,0.09883793,0.1085248,0.06271323
0.46746117,1537.2487,0.030303193,0.11282125,0.12611818,0.12474257,0.10106931,0.061646324
0.4693134,1229.7584,0.5682788,0.053052038,0.111950636,0.12399111,0.095534824,0.0578021
0.45909557,1240.772,1.0093572,0.03993825,0.105440244,0.11845478,0.08923951,0.066446476
0.44301268,1345.3611,0.72528297,0.046124652,0.099996395,0.124569856,0.1253779,0.085402265
0.513599,1344.9878,3.7063367,0.12368771,0.15688631,0.096265934,0.093446575,0.053304117
0.5111043,1507.3597,1.39481,0.14163871,0.1468743,0.10517278,0.10197351,0.06471906
0.5140613,1585.6154,1.2284821,0.16964492,0.10839587,0.10163887,0.07660335,0.0785092
0.48772573,1411.906,2.299177,0.09930865,0.10344742,0.122377254,0.08946413,0.07439027
0.47032335,1416.0856,1.6224194,0.084438115,0.09108755,0.088530555,0.08907001,0.08425919
0.4910636,1774.5104,2.8818588,0.20712379,0.14116004,0.15415394,0.081231415,0.06884379
0.4717223,1513.2667,1.6318002,0.12395428,0.08729284,0.069719136,0.07678231,0.08443759
0.64486265,4983.0845,1.0952961,11.252598,0.15273888,0.13772728,0.07876504,0.054930806
0.64890295,4793.851,1.4235634,10.90906,0.15450738,0.14359286,0.07695764,0.049859088
0.61906534,5787.4575,2.5307193,11.314075,0.19445024,0.12342659,0.06851708,0.07350153
0.6126562,6061.6826,2.3875196,11.456614,0.19601034,0.12957188,0.06505227,0.06779937
0.6327573,5302.5366,1.8657737,10.80728,0.124145314,0.15102582,0.08846399,0.066943996
0.6940838,3732.9004,1.0658444,11.708754,0.094754286,0.15180063,0.05396863,0.05505111
0.69702196,3626.5293,1.664199,11.602762,0.0908612,0.17007259,0.054791085,0.06621939
0.57778084,3234.7903,0.5379632,1.5394771,0.11619736,0.09344671,0.10804924,0.0769777
0.60443234,2836.608,2.1453996,1.4737934,0.08419963,0.08959651,0.15143014,0.090483725
0.6621369,2261.2058,1.7333779,1.5610512,0.11689699,0.08039664,0.06366764,0.057454996
0.67226744,2154.8362,1.4121917,1.489142,0.114176705,0.08737086,0.061612986,0.056240078
0.6602096,2010.8989,2.297026,0.95144403,0.14549056,0.09205836,0.06602776,0.0682972
0.6061387,3242.4727,1.8510771,2.0239654,0.09447007,0.08994086,0.089885466,0.06578546
0.6401189,1871.4165,0.9454902,0.65930873,0.0801127,0.059335556,0.09276773,0.08934248
0.65095174,2032.0157,0.62288195,0.9406277,0.083610296,0.058811862,0.089243084,0.08888204
0.6774886,3223.741,2.7492821,5.7557855,0.09079554,0.097981855,0.11180774,0.07989093
0.6835184,3219.424,2.2757416,6.002036,0.09709816,0.10025072,0.1160687,0.072564095
0.68154854,3231.2202,1.530116,5.826594,0.101978205,0.10874503,0.13755803,0.07625176
0.6600969,3201.96,1.528302,3.8344965,0.11525689,0.13931236,0.08460529,0.08636544
0.61361617,4015.7153,2.4015913,3.7794366,0.09425514,0.17984246,0.06554915,0.11697368
0.64995545,4648.6143,1.6777849,10.273673,0.11643286,0.12741336,0.09178746,0.048708692
0.6468967,3078.812,1.943298,2.7505958,0.082328156,0.11807528,0.083730586,0.08900811
0.642476,4942.701,2.05184,10.317146,0.18054244,0.08628111,0.08347728,0.046061024
0.65636384,3927.388,0.9795787,7.0816903,0.10073964,0.08966577,0.06916165,0.14263527
0.67359734,2176.2214,2.8020627,1.468574,0.11282531,0.09743355,0.07505284,0.055633955
0.7046248,2347.0276,1.0304834,3.0842206,0.091684565,0.1955083,0.091064945,0.08604949
0.6828029,3157.3467,1.7173893,4.8955874,0.10119293,0.11012827,0.11182523,0.07741513
0.6682444,3744.361,0.95744973,8.354439,0.10084593,0.10620132,0.11707429,0.102220654
0.6340787,5580.998,2.911227,11.160366,0.12478894,0.07559998,0.07295819,0.052273046
0.6259566,5794.985,3.573118,11.396418,0.12153581,0.10459461,0.07894974,0.06675809
0.6752502,3228.5166,0.6109724,5.0290227,0.18374464,0.09712663,0.10534614,0.06487641
0.55793387,2215.9087,3.7352948,0.47654158,0.19218603,0.08904342,0.06686824,0.05891858
0.61992484,3138.1172,0.55686367,2.1804767,0.22239827,0.12986352,0.095523596,0.07652444
0.6638374,4416.9653,0.91493255,10.587022,0.0735843,0.14584188,0.09589767,0.06486532
0.6064265,1821.2488,2.742987,0.4304339,0.19432668,0.07373212,0.073336005,0.08205553
0.6169023,1969.8391,2.234899,0.59395844,0.23536187,0.088115424,0.055857148,0.06363061
0.59884596,2047.8512,1.7640091,0.559217,0.22482125,0.110432714,0.056982357,0.063317455
0.6921643,3563.981,1.7243496,10.167244,0.102049395,0.088195235,0.12600854,0.06679979
0.67313695,3919.0205,2.3822567,10.128236,0.10239982,0.08765008,0.09068933,0.05228582
0.66635185,3147.5903,0.13431509,4.2708955,0.13299726,0.08562506,0.15873526,0.13778861
0.65456647,3503.2842,0.14179519,4.7799854,0.09167144,0.077213675,0.18835136,0.069504455
0.6282049,2464.149,0.35695735,1.1578369,0.13887443,0.14245443,0.0428506,0.07538135
0.6659894,2872.5403,5.2350073,3.1855195,0.113100916,0.17078868,0.12187635,0.04409135
0.65434414,3072.962,2.8248637,3.2792733,0.107855305,0.1767795,0.11741725,0.055335414
0.6178979,3776.8508,1.0883186,3.4353766,0.089471236,0.09936551,0.14946644,0.07373757
0.666405,4142.3594,2.316745,9.926505,0.15651123,0.096805006,0.047216073,0.058467697
0.66752476,4219.456,2.2385807,9.868103,0.15729351,0.09569584,0.045868084,0.058417678
0.61308676,5795.682,0.6230283,9.170935,0.15094492,0.12670785,0.07584759,0.05896338
0.6201451,5335.423,0.78663427,8.284506,0.11998126,0.12696649,0.081447974,0.053562343
0.6721184,3810.9607,0.24743733,9.068339,0.08600816,0.08754192,0.09385312,0.09624129
0.6689081,2435.6455,0.35724053,2.0731719,0.14105457,0.08761022,0.07895439,0.059811354
0.5100324,1573.7233,0.8416572,0.163932,0.12991075,0.12970312,0.08838536,0.06768415
0.4985164,1988.4192,2.351304,0.2607854,0.112189725,0.11885009,0.10772778,0.08376585
0.51571625,1369.3367,2.712674,0.10861273,0.10556949,0.10589877,0.10324851,0.13417558
0.48445398,1437.8491,0.74299246,0.10546682,0.11980232,0.08320996,0.09116234,0.089654446
0.52306217,1559.3655,3.8710034,0.17134894,0.081358016,0.077607475,0.08721982,0.06149674
0.670948,3824.905,2.5020301,7.940015,0.20193921,0.13042977,0.078362904,0.082306266
0.6601928,4209.8955,2.6427183,8.7593355,0.22317421,0.11988752,0.075465545,0.056064416
0.70139253,3413.1125,1.4302158,10.479416,0.10805068,0.07297176,0.058764923,0.06726147
0.6611766,3898.2715,2.6285253,7.8207006,0.10347954,0.08445444,0.07433704,0.10844897
0.6161432,2356.0476,0.44129756,0.89616835,0.12473953,0.12098206,0.119155005,0.06869295
0.66553277,3049.882,4.1036887,3.941473,0.0874628,0.07388328,0.09550363,0.06697131
0.6613147,3054.5674,0.29830566,3.4866734,0.09946841,0.08695847,0.086615406,0.055030957
0.6771474,2771.3484,1.1208496,3.3528652,0.085644275,0.08711431,0.07058448,0.0650431
0.71915674,2184.804,0.8138056,2.8561685,0.16242947,0.1916736,0.082920365,0.08935332
0.74058414,1917.6604,3.5894382,3.1138015,0.16615634,0.16643502,0.105749324,0.0878364
0.7334798,2103.585,2.843043,4.226829,0.16442879,0.15104042,0.10373236,0.086828224
0.7244573,1851.5217,2.181767,1.8853621,0.16862883,0.10712237,0.10531588,0.057486016
0.6669436,2041.3805,1.702802,1.2019385,0.12341247,0.19874898,0.07647935,0.05459895
0.63350046,2938.85,2.7025266,2.0848854,0.12871659,0.20894456,0.070257105,0.072836965
0.60788435,2060.8345,1.267388,0.61075455,0.108380854,0.07789114,0.07968368,0.081526384
0.5993664,2254.2634,0.9815991,0.72822756,0.07739018,0.13837543,0.12274661,0.06216888
0.631563,3270.651,2.9201195,2.9408789,0.099669546,0.0992925,0.15788275,0.093457565
0.61906433,3269.6724,1.5912745,2.5161664,0.10099863,0.08126167,0.15567107,0.102009594
0.5839455,2800.4258,1.4106534,1.1003813,0.10690769,0.11090517,0.12590067,0.09101166
0.5774928,3052.7434,1.1583643,1.2784319,0.10739075,0.11849407,0.13325118,0.0976262
0.609961,2802.853,3.0929034,1.4292397,0.08793257,0.08038479,0.09423278,0.06394937
0.7298713,1788.9231,1.1424016,1.9671386,0.12783103,0.12831593,0.05661088,0.069092296
0.761504,1677.0559,1.0579556,2.4854643,0.13174036,0.16054384,0.05847103,0.065163784
0.7616437,1674.4424,0.98395795,2.4790843,0.13202292,0.16180177,0.058078367,0.066766046
0.66867256,2886.2783,2.7068605,3.4821692,0.07984885,0.13544008,0.08626355,0.07141673
0.6801381,3853.6653,0.4767151,9.799412,0.17931609,0.10648714,0.08527853,0.06346147
0.6187209,4828.605,3.0811648,5.9963727,0.1499878,0.087349966,0.070950225,0.071797155
0.65518415,3784.4702,0.9087406,6.0849247,0.08691351,0.14607954,0.07850145,0.06460193
0.6176832,3532.8904,1.7553396,2.753735,0.12857728,0.14650543,0.09021186,0.06274761
0.6638221,3292.3394,2.6428862,4.618997,0.16916412,0.097044185,0.089958355,0.079175174
0.6446569,4756.809,0.8631704,9.775613,0.10611544,0.08614564,0.065138884,0.066486046
0.6299735,5475.052,3.9988155,10.836652,0.12791872,0.12090095,0.08721404,0.06065055
0.63257605,5433.5127,1.9425743,11.068247,0.1368487,0.12711036,0.10510768,0.042820595
0.6042394,6040.491,1.0074558,8.716696,0.13069163,0.15582146,0.09863379,0.050193265
0.6076957,5731.1665,2.4098294,7.929784,0.1417603,0.15325098,0.07843741,0.077440605
0.7161483,2683.8477,0.337771,6.790377,0.11328974,0.06364512,0.0661006,0.05335243
0.7231574,2748.66,0.647335,7.6962805,0.12242637,0.057417035,0.07873967,0.048566293
0.7222959,2670.8022,0.6665321,7.8678937,0.12086426,0.056707613,0.078566745,0.048609167
0.6426114,4092.4497,0.2382535,6.371992,0.13892747,0.10850909,0.069097556,0.094412625
0.649935,3228.2014,2.453675,3.2824483,0.083869904,0.110257134,0.07448983,0.08170498
0.6708246,3027.4365,3.2726862,3.9809747,0.080542564,0.106161244,0.089135125,0.090281405
0.6626806,2987.6917,1.887994,3.2505002,0.07311852,0.09950577,0.08486606,0.08322603
0.6748601,2824.3064,1.8241807,3.6946878,0.091297776,0.06964306,0.1317583,0.051145494
0.7065241,2331.9597,1.9491082,3.0930586,0.10894041,0.08950584,0.0938507,0.07352054
0.63518286,3517.7747,2.2648814,3.7256856,0.10287869,0.09265599,0.06756498,0.07467925
0.6251442,3033.6907,2.973113,2.1695404,0.105504364,0.08437959,0.087154694,0.06774845
0.63413167,4504.155,1.4645389,6.90404,0.14517684,0.113714926,0.07684956,0.09432292
0.6358294,4049.7627,2.2092838,5.237089,0.13301915,0.10098633,0.070587106,0.098693535
0.60330385,3679.8083,2.582999,2.7484276,0.10547829,0.1142899,0.09684564,0.12286786
